DateTime,hour,BA_total
2018-01-01T00:00:00.0,0,53687.473
2018-01-01T01:00:00.0,1,52889.168
2018-01-01T02:00:00.0,2,52022.8
2018-01-01T03:00:00.0,3,51157.402
2018-01-01T04:00:00.0,4,50745.27
2018-01-01T05:00:00.0,5,50582.97
2018-01-01T06:00:00.0,6,50699.58
2018-01-01T07:00:00.0,7,50811.016
2018-01-01T08:00:00.0,8,51228.934
2018-01-01T09:00:00.0,9,52158.605
2018-01-01T10:00:00.0,10,53510.668
2018-01-01T11:00:00.0,11,54709.176
2018-01-01T12:00:00.0,12,55260.152
2018-01-01T13:00:00.0,13,55814.418
2018-01-01T14:00:00.0,14,56115.23
2018-01-01T15:00:00.0,15,55729.277
2018-01-01T16:00:00.0,16,54888.973
2018-01-01T17:00:00.0,17,53525.36
2018-01-01T18:00:00.0,18,52135.625
2018-01-01T19:00:00.0,19,51089.938
2018-01-01T20:00:00.0,20,50833.254
2018-01-01T21:00:00.0,21,52073.26
2018-01-01T22:00:00.0,22,55731.58
2018-01-01T23:00:00.0,23,57228.027
2018-01-02T00:00:00.0,0,57304.348
2018-01-02T01:00:00.0,1,57080.42
2018-01-02T02:00:00.0,2,55684.324
2018-01-02T03:00:00.0,3,53710.965
2018-01-02T04:00:00.0,4,51985.47
2018-01-02T05:00:00.0,5,50886.566
2018-01-02T06:00:00.0,6,50361.746
2018-01-02T07:00:00.0,7,50245.156
2018-01-02T08:00:00.0,8,50614.285
2018-01-02T09:00:00.0,9,51913.234
2018-01-02T10:00:00.0,10,54458.13
2018-01-02T11:00:00.0,11,57013.906
2018-01-02T12:00:00.0,12,58020.203
2018-01-02T13:00:00.0,13,58612.77
2018-01-02T14:00:00.0,14,59101.23
2018-01-02T15:00:00.0,15,59083.47
2018-01-02T16:00:00.0,16,58413.965
2018-01-02T17:00:00.0,17,57671.387
2018-01-02T18:00:00.0,18,57136.043
2018-01-02T19:00:00.0,19,56931.42
2018-01-02T20:00:00.0,20,57247.88
2018-01-02T21:00:00.0,21,58493.793
2018-01-02T22:00:00.0,22,61227.05
2018-01-02T23:00:00.0,23,62006.426
2018-01-03T00:00:00.0,0,61617.457
2018-01-03T01:00:00.0,1,60635.38
2018-01-03T02:00:00.0,2,58624.113
2018-01-03T03:00:00.0,3,56163.26
2018-01-03T04:00:00.0,4,54507.656
2018-01-03T05:00:00.0,5,53809.484
2018-01-03T06:00:00.0,6,53711.312
2018-01-03T07:00:00.0,7,54147.562
2018-01-03T08:00:00.0,8,55067.707
2018-01-03T09:00:00.0,9,56766.73
2018-01-03T10:00:00.0,10,59794.047
2018-01-03T11:00:00.0,11,62592.457
2018-01-03T12:00:00.0,12,62527.234
2018-01-03T13:00:00.0,13,60341.684
2018-01-03T14:00:00.0,14,57474.746
2018-01-03T15:00:00.0,15,54254.86
2018-01-03T16:00:00.0,16,51127.01
2018-01-03T17:00:00.0,17,48207.92
2018-01-03T18:00:00.0,18,45848.957
2018-01-03T19:00:00.0,19,43885.043
2018-01-03T20:00:00.0,20,42971.09
2018-01-03T21:00:00.0,21,43655.92
2018-01-03T22:00:00.0,22,47538.86
2018-01-03T23:00:00.0,23,50126.844
2018-01-04T00:00:00.0,0,51028.316
2018-01-04T01:00:00.0,1,51428.535
2018-01-04T02:00:00.0,2,50596.004
2018-01-04T03:00:00.0,3,48942.613
2018-01-04T04:00:00.0,4,47708.13
2018-01-04T05:00:00.0,5,47265.277
2018-01-04T06:00:00.0,6,47277.105
2018-01-04T07:00:00.0,7,47762.516
2018-01-04T08:00:00.0,8,48646.785
2018-01-04T09:00:00.0,9,50577.61
2018-01-04T10:00:00.0,10,53716.996
2018-01-04T11:00:00.0,11,56824.42
2018-01-04T12:00:00.0,12,56826.05
2018-01-04T13:00:00.0,13,54353.746
2018-01-04T14:00:00.0,14,51007.082
2018-01-04T15:00:00.0,15,47980.58
2018-01-04T16:00:00.0,16,45368.457
2018-01-04T17:00:00.0,17,43164.473
2018-01-04T18:00:00.0,18,41524.906
2018-01-04T19:00:00.0,19,40474.85
2018-01-04T20:00:00.0,20,40544.082
2018-01-04T21:00:00.0,21,41734.246
2018-01-04T22:00:00.0,22,45006.832
2018-01-04T23:00:00.0,23,46491.465
2018-01-05T00:00:00.0,0,46756.99
2018-01-05T01:00:00.0,1,46429.16
2018-01-05T02:00:00.0,2,44933.59
2018-01-05T03:00:00.0,3,42839.742
2018-01-05T04:00:00.0,4,41237.332
2018-01-05T05:00:00.0,5,40330.77
2018-01-05T06:00:00.0,6,40063.465
2018-01-05T07:00:00.0,7,40207.0
2018-01-05T08:00:00.0,8,40956.887
2018-01-05T09:00:00.0,9,42625.816
2018-01-05T10:00:00.0,10,45544.05
2018-01-05T11:00:00.0,11,48515.2
2018-01-05T12:00:00.0,12,48874.125
2018-01-05T13:00:00.0,13,47589.94
2018-01-05T14:00:00.0,14,45834.77
2018-01-05T15:00:00.0,15,43854.293
2018-01-05T16:00:00.0,16,41678.11
2018-01-05T17:00:00.0,17,39722.88
2018-01-05T18:00:00.0,18,38307.3
2018-01-05T19:00:00.0,19,37184.668
2018-01-05T20:00:00.0,20,36549.797
2018-01-05T21:00:00.0,21,36948.285
2018-01-05T22:00:00.0,22,39443.508
2018-01-05T23:00:00.0,23,40986.188
2018-01-06T00:00:00.0,0,41245.914
2018-01-06T01:00:00.0,1,41339.09
2018-01-06T02:00:00.0,2,40889.664
2018-01-06T03:00:00.0,3,39706.168
2018-01-06T04:00:00.0,4,38454.55
2018-01-06T05:00:00.0,5,37638.785
2018-01-06T06:00:00.0,6,37383.426
2018-01-06T07:00:00.0,7,37552.67
2018-01-06T08:00:00.0,8,38143.316
2018-01-06T09:00:00.0,9,39117.76
2018-01-06T10:00:00.0,10,40601.184
2018-01-06T11:00:00.0,11,42337.043
2018-01-06T12:00:00.0,12,43457.957
2018-01-06T13:00:00.0,13,43207.32
2018-01-06T14:00:00.0,14,42021.34
2018-01-06T15:00:00.0,15,40168.137
2018-01-06T16:00:00.0,16,38269.355
2018-01-06T17:00:00.0,17,36464.902
2018-01-06T18:00:00.0,18,35170.73
2018-01-06T19:00:00.0,19,34276.11
2018-01-06T20:00:00.0,20,34091.555
2018-01-06T21:00:00.0,21,34579.387
2018-01-06T22:00:00.0,22,36761.637
2018-01-06T23:00:00.0,23,37905.355
2018-01-07T00:00:00.0,0,37748.504
2018-01-07T01:00:00.0,1,37402.152
2018-01-07T02:00:00.0,2,36585.027
2018-01-07T03:00:00.0,3,35312.758
2018-01-07T04:00:00.0,4,33833.34
2018-01-07T05:00:00.0,5,32715.523
2018-01-07T06:00:00.0,6,31992.795
2018-01-07T07:00:00.0,7,31591.914
2018-01-07T08:00:00.0,8,31558.428
2018-01-07T09:00:00.0,9,31868.475
2018-01-07T10:00:00.0,10,32695.195
2018-01-07T11:00:00.0,11,33744.484
2018-01-07T12:00:00.0,12,34714.74
2018-01-07T13:00:00.0,13,35895.387
2018-01-07T14:00:00.0,14,36387.863
2018-01-07T15:00:00.0,15,36316.883
2018-01-07T16:00:00.0,16,36102.61
2018-01-07T17:00:00.0,17,35873.902
2018-01-07T18:00:00.0,18,35641.94
2018-01-07T19:00:00.0,19,35308.402
2018-01-07T20:00:00.0,20,35445.043
2018-01-07T21:00:00.0,21,36067.26
2018-01-07T22:00:00.0,22,37690.0
2018-01-07T23:00:00.0,23,38123.574
2018-01-08T00:00:00.0,0,37676.61
2018-01-08T01:00:00.0,1,36769.637
2018-01-08T02:00:00.0,2,35271.977
2018-01-08T03:00:00.0,3,33255.555
2018-01-08T04:00:00.0,4,31508.594
2018-01-08T05:00:00.0,5,30516.234
2018-01-08T06:00:00.0,6,30188.01
2018-01-08T07:00:00.0,7,30350.195
2018-01-08T08:00:00.0,8,31192.936
2018-01-08T09:00:00.0,9,33115.816
2018-01-08T10:00:00.0,10,36629.76
2018-01-08T11:00:00.0,11,40408.01
2018-01-08T12:00:00.0,12,40960.61
2018-01-08T13:00:00.0,13,40255.8
2018-01-08T14:00:00.0,14,39511.543
2018-01-08T15:00:00.0,15,38731.055
2018-01-08T16:00:00.0,16,37866.812
2018-01-08T17:00:00.0,17,37065.562
2018-01-08T18:00:00.0,18,36454.89
2018-01-08T19:00:00.0,19,35835.996
2018-01-08T20:00:00.0,20,35570.95
2018-01-08T21:00:00.0,21,35944.363
2018-01-08T22:00:00.0,22,38258.453
2018-01-08T23:00:00.0,23,39877.51
2018-01-09T00:00:00.0,0,39928.39
2018-01-09T01:00:00.0,1,39510.426
2018-01-09T02:00:00.0,2,38067.26
2018-01-09T03:00:00.0,3,36242.84
2018-01-09T04:00:00.0,4,34781.062
2018-01-09T05:00:00.0,5,33827.02
2018-01-09T06:00:00.0,6,33793.453
2018-01-09T07:00:00.0,7,34388.582
2018-01-09T08:00:00.0,8,35405.19
2018-01-09T09:00:00.0,9,37513.01
2018-01-09T10:00:00.0,10,41345.254
2018-01-09T11:00:00.0,11,45440.13
2018-01-09T12:00:00.0,12,45434.375
2018-01-09T13:00:00.0,13,44191.707
2018-01-09T14:00:00.0,14,42784.402
2018-01-09T15:00:00.0,15,41524.535
2018-01-09T16:00:00.0,16,40177.332
2018-01-09T17:00:00.0,17,39028.15
2018-01-09T18:00:00.0,18,38066.59
2018-01-09T19:00:00.0,19,37456.543
2018-01-09T20:00:00.0,20,37315.316
2018-01-09T21:00:00.0,21,37991.09
2018-01-09T22:00:00.0,22,40344.84
2018-01-09T23:00:00.0,23,41935.098
2018-01-10T00:00:00.0,0,41846.49
2018-01-10T01:00:00.0,1,41141.363
2018-01-10T02:00:00.0,2,39335.094
2018-01-10T03:00:00.0,3,36962.94
2018-01-10T04:00:00.0,4,34987.527
2018-01-10T05:00:00.0,5,33934.023
2018-01-10T06:00:00.0,6,33554.855
2018-01-10T07:00:00.0,7,33483.363
2018-01-10T08:00:00.0,8,33838.113
2018-01-10T09:00:00.0,9,35301.016
2018-01-10T10:00:00.0,10,38568.586
2018-01-10T11:00:00.0,11,42055.535
2018-01-10T12:00:00.0,12,42001.277
2018-01-10T13:00:00.0,13,41458.355
2018-01-10T14:00:00.0,14,41147.527
2018-01-10T15:00:00.0,15,40527.26
2018-01-10T16:00:00.0,16,39834.25
2018-01-10T17:00:00.0,17,39049.77
2018-01-10T18:00:00.0,18,38374.24
2018-01-10T19:00:00.0,19,37599.645
2018-01-10T20:00:00.0,20,37108.004
2018-01-10T21:00:00.0,21,37084.08
2018-01-10T22:00:00.0,22,39186.598
2018-01-10T23:00:00.0,23,40427.89
2018-01-11T00:00:00.0,0,39893.15
2018-01-11T01:00:00.0,1,39096.92
2018-01-11T02:00:00.0,2,37224.88
2018-01-11T03:00:00.0,3,34695.785
2018-01-11T04:00:00.0,4,32516.861
2018-01-11T05:00:00.0,5,31104.979
2018-01-11T06:00:00.0,6,30327.422
2018-01-11T07:00:00.0,7,29997.56
2018-01-11T08:00:00.0,8,30142.758
2018-01-11T09:00:00.0,9,31449.607
2018-01-11T10:00:00.0,10,34496.402
2018-01-11T11:00:00.0,11,37911.668
2018-01-11T12:00:00.0,12,38145.246
2018-01-11T13:00:00.0,13,37805.965
2018-01-11T14:00:00.0,14,37743.215
2018-01-11T15:00:00.0,15,37938.96
2018-01-11T16:00:00.0,16,38084.547
2018-01-11T17:00:00.0,17,38425.875
2018-01-11T18:00:00.0,18,39086.895
2018-01-11T19:00:00.0,19,39671.41
2018-01-11T20:00:00.0,20,40733.38
2018-01-11T21:00:00.0,21,42118.152
2018-01-11T22:00:00.0,22,44585.734
2018-01-11T23:00:00.0,23,46536.45
2018-01-12T00:00:00.0,0,47247.72
2018-01-12T01:00:00.0,1,47482.152
2018-01-12T02:00:00.0,2,46518.797
2018-01-12T03:00:00.0,3,44793.387
2018-01-12T04:00:00.0,4,43562.652
2018-01-12T05:00:00.0,5,43220.95
2018-01-12T06:00:00.0,6,43461.38
2018-01-12T07:00:00.0,7,44069.812
2018-01-12T08:00:00.0,8,45249.33
2018-01-12T09:00:00.0,9,47485.91
2018-01-12T10:00:00.0,10,51559.84
2018-01-12T11:00:00.0,11,55742.645
2018-01-12T12:00:00.0,12,55817.547
2018-01-12T13:00:00.0,13,54240.22
2018-01-12T14:00:00.0,14,52383.266
2018-01-12T15:00:00.0,15,50232.953
2018-01-12T16:00:00.0,16,47886.7
2018-01-12T17:00:00.0,17,45536.004
2018-01-12T18:00:00.0,18,43498.07
2018-01-12T19:00:00.0,19,41801.234
2018-01-12T20:00:00.0,20,41059.195
2018-01-12T21:00:00.0,21,41531.93
2018-01-12T22:00:00.0,22,44293.145
2018-01-12T23:00:00.0,23,46284.3
2018-01-13T00:00:00.0,0,46813.816
2018-01-13T01:00:00.0,1,46925.547
2018-01-13T02:00:00.0,2,46416.574
2018-01-13T03:00:00.0,3,45420.266
2018-01-13T04:00:00.0,4,44427.387
2018-01-13T05:00:00.0,5,43891.094
2018-01-13T06:00:00.0,6,43876.938
2018-01-13T07:00:00.0,7,44269.176
2018-01-13T08:00:00.0,8,44908.02
2018-01-13T09:00:00.0,9,46137.09
2018-01-13T10:00:00.0,10,47920.12
2018-01-13T11:00:00.0,11,50151.88
2018-01-13T12:00:00.0,12,51486.527
2018-01-13T13:00:00.0,13,51330.754
2018-01-13T14:00:00.0,14,49964.926
2018-01-13T15:00:00.0,15,47701.887
2018-01-13T16:00:00.0,16,45178.23
2018-01-13T17:00:00.0,17,42666.617
2018-01-13T18:00:00.0,18,40361.67
2018-01-13T19:00:00.0,19,38780.113
2018-01-13T20:00:00.0,20,37997.76
2018-01-13T21:00:00.0,21,38491.96
2018-01-13T22:00:00.0,22,41411.582
2018-01-13T23:00:00.0,23,43966.387
2018-01-14T00:00:00.0,0,44927.5
2018-01-14T01:00:00.0,1,45495.77
2018-01-14T02:00:00.0,2,45332.453
2018-01-14T03:00:00.0,3,44665.84
2018-01-14T04:00:00.0,4,43884.723
2018-01-14T05:00:00.0,5,43338.305
2018-01-14T06:00:00.0,6,43202.453
2018-01-14T07:00:00.0,7,43427.83
2018-01-14T08:00:00.0,8,43899.062
2018-01-14T09:00:00.0,9,44789.277
2018-01-14T10:00:00.0,10,46235.246
2018-01-14T11:00:00.0,11,47923.22
2018-01-14T12:00:00.0,12,48983.52
2018-01-14T13:00:00.0,13,48297.36
2018-01-14T14:00:00.0,14,46182.848
2018-01-14T15:00:00.0,15,43471.766
2018-01-14T16:00:00.0,16,41046.5
2018-01-14T17:00:00.0,17,38973.473
2018-01-14T18:00:00.0,18,37217.832
2018-01-14T19:00:00.0,19,35970.203
2018-01-14T20:00:00.0,20,35458.723
2018-01-14T21:00:00.0,21,35963.23
2018-01-14T22:00:00.0,22,38602.66
2018-01-14T23:00:00.0,23,40688.035
2018-01-15T00:00:00.0,0,41624.113
2018-01-15T01:00:00.0,1,41732.637
2018-01-15T02:00:00.0,2,41121.457
2018-01-15T03:00:00.0,3,39785.14
2018-01-15T04:00:00.0,4,38541.156
2018-01-15T05:00:00.0,5,38037.516
2018-01-15T06:00:00.0,6,37864.332
2018-01-15T07:00:00.0,7,38146.402
2018-01-15T08:00:00.0,8,38945.387
2018-01-15T09:00:00.0,9,40604.8
2018-01-15T10:00:00.0,10,43245.875
2018-01-15T11:00:00.0,11,45949.688
2018-01-15T12:00:00.0,12,46483.504
2018-01-15T13:00:00.0,13,45210.906
2018-01-15T14:00:00.0,14,43329.316
2018-01-15T15:00:00.0,15,41554.477
2018-01-15T16:00:00.0,16,39891.434
2018-01-15T17:00:00.0,17,38547.44
2018-01-15T18:00:00.0,18,37826.973
2018-01-15T19:00:00.0,19,37559.887
2018-01-15T20:00:00.0,20,37959.17
2018-01-15T21:00:00.0,21,39429.348
2018-01-15T22:00:00.0,22,42165.625
2018-01-15T23:00:00.0,23,43854.098
2018-01-16T00:00:00.0,0,44373.56
2018-01-16T01:00:00.0,1,44315.043
2018-01-16T02:00:00.0,2,43624.297
2018-01-16T03:00:00.0,3,42450.96
2018-01-16T04:00:00.0,4,41667.605
2018-01-16T05:00:00.0,5,41668.074
2018-01-16T06:00:00.0,6,42326.098
2018-01-16T07:00:00.0,7,43461.863
2018-01-16T08:00:00.0,8,45228.5
2018-01-16T09:00:00.0,9,47929.03
2018-01-16T10:00:00.0,10,51916.543
2018-01-16T11:00:00.0,11,56065.375
2018-01-16T12:00:00.0,12,58241.418
2018-01-16T13:00:00.0,13,59718.3
2018-01-16T14:00:00.0,14,60644.777
2018-01-16T15:00:00.0,15,61115.137
2018-01-16T16:00:00.0,16,61033.99
2018-01-16T17:00:00.0,17,60570.137
2018-01-16T18:00:00.0,18,59426.83
2018-01-16T19:00:00.0,19,58571.605
2018-01-16T20:00:00.0,20,58482.973
2018-01-16T21:00:00.0,21,59476.97
2018-01-16T22:00:00.0,22,61879.902
2018-01-16T23:00:00.0,23,63266.81
2018-01-17T00:00:00.0,0,63176.996
2018-01-17T01:00:00.0,1,62345.83
2018-01-17T02:00:00.0,2,60530.84
2018-01-17T03:00:00.0,3,58373.62
2018-01-17T04:00:00.0,4,56934.547
2018-01-17T05:00:00.0,5,56383.484
2018-01-17T06:00:00.0,6,56352.45
2018-01-17T07:00:00.0,7,56772.215
2018-01-17T08:00:00.0,8,57788.688
2018-01-17T09:00:00.0,9,59655.266
2018-01-17T10:00:00.0,10,62717.95
2018-01-17T11:00:00.0,11,65436.637
2018-01-17T12:00:00.0,12,65405.004
2018-01-17T13:00:00.0,13,64005.957
2018-01-17T14:00:00.0,14,61961.0
2018-01-17T15:00:00.0,15,59536.17
2018-01-17T16:00:00.0,16,56945.613
2018-01-17T17:00:00.0,17,54541.453
2018-01-17T18:00:00.0,18,52298.098
2018-01-17T19:00:00.0,19,50549.613
2018-01-17T20:00:00.0,20,50050.473
2018-01-17T21:00:00.0,21,51322.594
2018-01-17T22:00:00.0,22,55009.926
2018-01-17T23:00:00.0,23,57803.63
2018-01-18T00:00:00.0,0,58638.484
2018-01-18T01:00:00.0,1,58432.223
2018-01-18T02:00:00.0,2,56666.465
2018-01-18T03:00:00.0,3,54339.58
2018-01-18T04:00:00.0,4,52803.44
2018-01-18T05:00:00.0,5,52032.562
2018-01-18T06:00:00.0,6,52036.223
2018-01-18T07:00:00.0,7,52334.28
2018-01-18T08:00:00.0,8,53095.72
2018-01-18T09:00:00.0,9,54768.03
2018-01-18T10:00:00.0,10,58110.25
2018-01-18T11:00:00.0,11,61324.594
2018-01-18T12:00:00.0,12,60732.83
2018-01-18T13:00:00.0,13,58859.625
2018-01-18T14:00:00.0,14,56793.08
2018-01-18T15:00:00.0,15,54770.957
2018-01-18T16:00:00.0,16,52496.63
2018-01-18T17:00:00.0,17,50394.51
2018-01-18T18:00:00.0,18,48837.16
2018-01-18T19:00:00.0,19,47951.402
2018-01-18T20:00:00.0,20,48147.63
2018-01-18T21:00:00.0,21,49305.52
2018-01-18T22:00:00.0,22,51824.457
2018-01-18T23:00:00.0,23,53323.48
2018-01-19T00:00:00.0,0,53512.145
2018-01-19T01:00:00.0,1,52993.23
2018-01-19T02:00:00.0,2,50973.453
2018-01-19T03:00:00.0,3,48324.723
2018-01-19T04:00:00.0,4,46211.223
2018-01-19T05:00:00.0,5,44979.42
2018-01-19T06:00:00.0,6,44410.004
2018-01-19T07:00:00.0,7,44224.0
2018-01-19T08:00:00.0,8,44470.88
2018-01-19T09:00:00.0,9,45819.418
2018-01-19T10:00:00.0,10,48932.918
2018-01-19T11:00:00.0,11,52107.05
2018-01-19T12:00:00.0,12,51557.016
2018-01-19T13:00:00.0,13,50355.09
2018-01-19T14:00:00.0,14,49258.996
2018-01-19T15:00:00.0,15,47664.42
2018-01-19T16:00:00.0,16,45907.375
2018-01-19T17:00:00.0,17,44360.098
2018-01-19T18:00:00.0,18,42806.74
2018-01-19T19:00:00.0,19,41682.156
2018-01-19T20:00:00.0,20,41393.754
2018-01-19T21:00:00.0,21,41676.582
2018-01-19T22:00:00.0,22,43106.582
2018-01-19T23:00:00.0,23,43761.316
2018-01-20T00:00:00.0,0,43037.004
2018-01-20T01:00:00.0,1,42137.594
2018-01-20T02:00:00.0,2,40658.633
2018-01-20T03:00:00.0,3,38648.35
2018-01-20T04:00:00.0,4,36628.113
2018-01-20T05:00:00.0,5,35269.574
2018-01-20T06:00:00.0,6,34264.61
2018-01-20T07:00:00.0,7,33739.113
2018-01-20T08:00:00.0,8,33549.527
2018-01-20T09:00:00.0,9,33990.383
2018-01-20T10:00:00.0,10,35039.85
2018-01-20T11:00:00.0,11,36522.56
2018-01-20T12:00:00.0,12,37553.17
2018-01-20T13:00:00.0,13,38189.453
2018-01-20T14:00:00.0,14,38170.75
2018-01-20T15:00:00.0,15,37323.664
2018-01-20T16:00:00.0,16,36260.332
2018-01-20T17:00:00.0,17,35163.77
2018-01-20T18:00:00.0,18,34383.64
2018-01-20T19:00:00.0,19,33751.945
2018-01-20T20:00:00.0,20,33498.68
2018-01-20T21:00:00.0,21,33595.87
2018-01-20T22:00:00.0,22,34814.066
2018-01-20T23:00:00.0,23,36082.855
2018-01-21T00:00:00.0,0,35742.965
2018-01-21T01:00:00.0,1,35143.23
2018-01-21T02:00:00.0,2,34186.414
2018-01-21T03:00:00.0,3,32698.994
2018-01-21T04:00:00.0,4,31124.564
2018-01-21T05:00:00.0,5,29760.865
2018-01-21T06:00:00.0,6,28852.283
2018-01-21T07:00:00.0,7,28226.393
2018-01-21T08:00:00.0,8,27947.25
2018-01-21T09:00:00.0,9,28018.56
2018-01-21T10:00:00.0,10,28582.828
2018-01-21T11:00:00.0,11,29511.477
2018-01-21T12:00:00.0,12,30435.94
2018-01-21T13:00:00.0,13,31792.545
2018-01-21T14:00:00.0,14,32867.164
2018-01-21T15:00:00.0,15,33583.855
2018-01-21T16:00:00.0,16,34104.125
2018-01-21T17:00:00.0,17,34336.598
2018-01-21T18:00:00.0,18,34330.13
2018-01-21T19:00:00.0,19,34056.74
2018-01-21T20:00:00.0,20,34111.918
2018-01-21T21:00:00.0,21,34416.77
2018-01-21T22:00:00.0,22,36064.35
2018-01-21T23:00:00.0,23,37092.832
2018-01-22T00:00:00.0,0,36916.31
2018-01-22T01:00:00.0,1,36096.69
2018-01-22T02:00:00.0,2,34341.633
2018-01-22T03:00:00.0,3,32243.844
2018-01-22T04:00:00.0,4,30349.75
2018-01-22T05:00:00.0,5,29099.977
2018-01-22T06:00:00.0,6,28617.6
2018-01-22T07:00:00.0,7,28629.945
2018-01-22T08:00:00.0,8,29355.467
2018-01-22T09:00:00.0,9,31085.314
2018-01-22T10:00:00.0,10,34507.99
2018-01-22T11:00:00.0,11,38966.637
2018-01-22T12:00:00.0,12,39409.613
2018-01-22T13:00:00.0,13,38894.84
2018-01-22T14:00:00.0,14,38565.56
2018-01-22T15:00:00.0,15,38230.926
2018-01-22T16:00:00.0,16,37643.145
2018-01-22T17:00:00.0,17,37043.246
2018-01-22T18:00:00.0,18,36463.09
2018-01-22T19:00:00.0,19,35834.574
2018-01-22T20:00:00.0,20,35578.41
2018-01-22T21:00:00.0,21,35892.707
2018-01-22T22:00:00.0,22,37931.41
2018-01-22T23:00:00.0,23,40202.047
2018-01-23T00:00:00.0,0,40602.53
2018-01-23T01:00:00.0,1,40332.81
2018-01-23T02:00:00.0,2,39155.2
2018-01-23T03:00:00.0,3,37183.72
2018-01-23T04:00:00.0,4,35798.348
2018-01-23T05:00:00.0,5,35214.387
2018-01-23T06:00:00.0,6,35347.816
2018-01-23T07:00:00.0,7,35821.74
2018-01-23T08:00:00.0,8,36784.16
2018-01-23T09:00:00.0,9,39054.215
2018-01-23T10:00:00.0,10,43317.14
2018-01-23T11:00:00.0,11,47618.7
2018-01-23T12:00:00.0,12,47828.504
2018-01-23T13:00:00.0,13,45814.105
2018-01-23T14:00:00.0,14,43366.527
2018-01-23T15:00:00.0,15,41084.645
2018-01-23T16:00:00.0,16,39135.168
2018-01-23T17:00:00.0,17,37514.22
2018-01-23T18:00:00.0,18,36499.016
2018-01-23T19:00:00.0,19,35627.03
2018-01-23T20:00:00.0,20,35355.637
2018-01-23T21:00:00.0,21,35864.934
2018-01-23T22:00:00.0,22,38136.043
2018-01-23T23:00:00.0,23,40535.656
2018-01-24T00:00:00.0,0,41140.094
2018-01-24T01:00:00.0,1,41248.97
2018-01-24T02:00:00.0,2,40264.035
2018-01-24T03:00:00.0,3,38437.145
2018-01-24T04:00:00.0,4,37162.676
2018-01-24T05:00:00.0,5,36822.0
2018-01-24T06:00:00.0,6,37042.758
2018-01-24T07:00:00.0,7,37580.7
2018-01-24T08:00:00.0,8,38699.668
2018-01-24T09:00:00.0,9,40935.17
2018-01-24T10:00:00.0,10,45010.637
2018-01-24T11:00:00.0,11,49294.99
2018-01-24T12:00:00.0,12,48945.832
2018-01-24T13:00:00.0,13,46433.332
2018-01-24T14:00:00.0,14,43668.574
2018-01-24T15:00:00.0,15,41312.996
2018-01-24T16:00:00.0,16,39339.92
2018-01-24T17:00:00.0,17,37807.38
2018-01-24T18:00:00.0,18,36655.285
2018-01-24T19:00:00.0,19,35783.707
2018-01-24T20:00:00.0,20,35407.16
2018-01-24T21:00:00.0,21,35665.633
2018-01-24T22:00:00.0,22,37550.215
2018-01-24T23:00:00.0,23,40046.93
2018-01-25T00:00:00.0,0,40759.043
2018-01-25T01:00:00.0,1,40920.402
2018-01-25T02:00:00.0,2,40057.895
2018-01-25T03:00:00.0,3,38401.297
2018-01-25T04:00:00.0,4,37137.008
2018-01-25T05:00:00.0,5,36730.152
2018-01-25T06:00:00.0,6,36856.367
2018-01-25T07:00:00.0,7,37402.31
2018-01-25T08:00:00.0,8,38546.723
2018-01-25T09:00:00.0,9,40835.977
2018-01-25T10:00:00.0,10,45074.13
2018-01-25T11:00:00.0,11,49287.26
2018-01-25T12:00:00.0,12,48783.895
2018-01-25T13:00:00.0,13,46339.715
2018-01-25T14:00:00.0,14,43757.426
2018-01-25T15:00:00.0,15,41631.05
2018-01-25T16:00:00.0,16,39919.883
2018-01-25T17:00:00.0,17,38564.63
2018-01-25T18:00:00.0,18,37601.53
2018-01-25T19:00:00.0,19,36905.715
2018-01-25T20:00:00.0,20,36779.59
2018-01-25T21:00:00.0,21,37315.656
2018-01-25T22:00:00.0,22,39352.64
2018-01-25T23:00:00.0,23,41173.734
2018-01-26T00:00:00.0,0,41333.61
2018-01-26T01:00:00.0,1,40799.34
2018-01-26T02:00:00.0,2,38906.92
2018-01-26T03:00:00.0,3,36432.14
2018-01-26T04:00:00.0,4,34609.387
2018-01-26T05:00:00.0,5,33528.152
2018-01-26T06:00:00.0,6,33011.56
2018-01-26T07:00:00.0,7,32843.008
2018-01-26T08:00:00.0,8,33087.258
2018-01-26T09:00:00.0,9,34402.402
2018-01-26T10:00:00.0,10,37446.582
2018-01-26T11:00:00.0,11,40703.715
2018-01-26T12:00:00.0,12,40653.902
2018-01-26T13:00:00.0,13,40300.785
2018-01-26T14:00:00.0,14,40013.027
2018-01-26T15:00:00.0,15,39382.688
2018-01-26T16:00:00.0,16,38522.508
2018-01-26T17:00:00.0,17,37811.734
2018-01-26T18:00:00.0,18,37107.895
2018-01-26T19:00:00.0,19,36413.098
2018-01-26T20:00:00.0,20,36082.24
2018-01-26T21:00:00.0,21,36165.223
2018-01-26T22:00:00.0,22,37120.67
2018-01-26T23:00:00.0,23,37573.652
2018-01-27T00:00:00.0,0,36930.26
2018-01-27T01:00:00.0,1,36125.58
2018-01-27T02:00:00.0,2,34790.887
2018-01-27T03:00:00.0,3,33019.3
2018-01-27T04:00:00.0,4,31135.748
2018-01-27T05:00:00.0,5,29752.549
2018-01-27T06:00:00.0,6,28851.502
2018-01-27T07:00:00.0,7,28337.469
2018-01-27T08:00:00.0,8,28280.482
2018-01-27T09:00:00.0,9,28582.498
2018-01-27T10:00:00.0,10,29503.367
2018-01-27T11:00:00.0,11,31026.85
2018-01-27T12:00:00.0,12,32509.37
2018-01-27T13:00:00.0,13,33914.02
2018-01-27T14:00:00.0,14,34984.91
2018-01-27T15:00:00.0,15,35473.316
2018-01-27T16:00:00.0,16,35393.777
2018-01-27T17:00:00.0,17,34838.676
2018-01-27T18:00:00.0,18,34114.004
2018-01-27T19:00:00.0,19,33517.152
2018-01-27T20:00:00.0,20,33233.297
2018-01-27T21:00:00.0,21,33333.516
2018-01-27T22:00:00.0,22,34488.586
2018-01-27T23:00:00.0,23,35668.02
2018-01-28T00:00:00.0,0,35511.59
2018-01-28T01:00:00.0,1,35054.895
2018-01-28T02:00:00.0,2,34277.266
2018-01-28T03:00:00.0,3,33169.836
2018-01-28T04:00:00.0,4,31981.04
2018-01-28T05:00:00.0,5,31062.713
2018-01-28T06:00:00.0,6,30568.518
2018-01-28T07:00:00.0,7,30422.404
2018-01-28T08:00:00.0,8,30685.6
2018-01-28T09:00:00.0,9,31298.81
2018-01-28T10:00:00.0,10,32375.057
2018-01-28T11:00:00.0,11,33963.496
2018-01-28T12:00:00.0,12,35307.98
2018-01-28T13:00:00.0,13,36029.55
2018-01-28T14:00:00.0,14,35705.395
2018-01-28T15:00:00.0,15,34961.48
2018-01-28T16:00:00.0,16,34153.465
2018-01-28T17:00:00.0,17,33484.664
2018-01-28T18:00:00.0,18,32984.668
2018-01-28T19:00:00.0,19,32681.623
2018-01-28T20:00:00.0,20,32629.54
2018-01-28T21:00:00.0,21,33002.457
2018-01-28T22:00:00.0,22,34287.01
2018-01-28T23:00:00.0,23,36334.71
2018-01-29T00:00:00.0,0,36528.66
2018-01-29T01:00:00.0,1,36277.78
2018-01-29T02:00:00.0,2,35183.0
2018-01-29T03:00:00.0,3,33566.727
2018-01-29T04:00:00.0,4,32176.547
2018-01-29T05:00:00.0,5,31523.654
2018-01-29T06:00:00.0,6,31423.781
2018-01-29T07:00:00.0,7,31844.367
2018-01-29T08:00:00.0,8,32842.402
2018-01-29T09:00:00.0,9,35106.965
2018-01-29T10:00:00.0,10,39385.06
2018-01-29T11:00:00.0,11,43959.13
2018-01-29T12:00:00.0,12,44133.605
2018-01-29T13:00:00.0,13,42744.176
2018-01-29T14:00:00.0,14,41410.844
2018-01-29T15:00:00.0,15,40135.086
2018-01-29T16:00:00.0,16,38767.16
2018-01-29T17:00:00.0,17,37663.332
2018-01-29T18:00:00.0,18,36741.547
2018-01-29T19:00:00.0,19,35990.027
2018-01-29T20:00:00.0,20,35685.23
2018-01-29T21:00:00.0,21,36087.207
2018-01-29T22:00:00.0,22,37993.12
2018-01-29T23:00:00.0,23,40486.887
2018-01-30T00:00:00.0,0,40938.742
2018-01-30T01:00:00.0,1,40731.707
2018-01-30T02:00:00.0,2,39447.88
2018-01-30T03:00:00.0,3,37468.652
2018-01-30T04:00:00.0,4,36147.043
2018-01-30T05:00:00.0,5,35779.098
2018-01-30T06:00:00.0,6,36027.2
2018-01-30T07:00:00.0,7,36669.707
2018-01-30T08:00:00.0,8,37758.934
2018-01-30T09:00:00.0,9,40017.918
2018-01-30T10:00:00.0,10,44221.906
2018-01-30T11:00:00.0,11,48535.543
2018-01-30T12:00:00.0,12,48095.83
2018-01-30T13:00:00.0,13,45849.8
2018-01-30T14:00:00.0,14,43636.895
2018-01-30T15:00:00.0,15,41635.746
2018-01-30T16:00:00.0,16,39601.168
2018-01-30T17:00:00.0,17,38051.855
2018-01-30T18:00:00.0,18,37054.68
2018-01-30T19:00:00.0,19,36202.086
2018-01-30T20:00:00.0,20,35909.914
2018-01-30T21:00:00.0,21,36253.145
2018-01-30T22:00:00.0,22,38002.074
2018-01-30T23:00:00.0,23,40427.832
2018-01-31T00:00:00.0,0,40786.543
2018-01-31T01:00:00.0,1,40312.684
2018-01-31T02:00:00.0,2,39074.62
2018-01-31T03:00:00.0,3,36873.785
2018-01-31T04:00:00.0,4,35160.305
2018-01-31T05:00:00.0,5,34408.816
2018-01-31T06:00:00.0,6,34201.22
2018-01-31T07:00:00.0,7,34337.418
2018-01-31T08:00:00.0,8,35063.824
2018-01-31T09:00:00.0,9,36891.516
2018-01-31T10:00:00.0,10,40610.168
2018-01-31T11:00:00.0,11,44373.355
2018-01-31T12:00:00.0,12,43610.73
2018-01-31T13:00:00.0,13,41634.598
2018-01-31T14:00:00.0,14,39668.316
2018-01-31T15:00:00.0,15,38034.863
2018-01-31T16:00:00.0,16,36711.363
2018-01-31T17:00:00.0,17,35796.348
2018-01-31T18:00:00.0,18,35412.953
2018-01-31T19:00:00.0,19,34943.836
2018-01-31T20:00:00.0,20,34915.21
2018-01-31T21:00:00.0,21,35068.668
2018-01-31T22:00:00.0,22,36124.55
2018-01-31T23:00:00.0,23,37746.613
2018-02-01T00:00:00.0,0,37587.11
2018-02-01T01:00:00.0,1,36803.188
2018-02-01T02:00:00.0,2,35061.64
2018-02-01T03:00:00.0,3,32709.102
2018-02-01T04:00:00.0,4,30775.354
2018-02-01T05:00:00.0,5,29605.232
2018-02-01T06:00:00.0,6,29218.088
2018-02-01T07:00:00.0,7,29142.008
2018-02-01T08:00:00.0,8,29560.979
2018-02-01T09:00:00.0,9,31001.084
2018-02-01T10:00:00.0,10,34355.562
2018-02-01T11:00:00.0,11,38001.746
2018-02-01T12:00:00.0,12,37737.06
2018-02-01T13:00:00.0,13,37066.66
2018-02-01T14:00:00.0,14,36823.176
2018-02-01T15:00:00.0,15,36636.723
2018-02-01T16:00:00.0,16,36244.83
2018-02-01T17:00:00.0,17,36051.004
2018-02-01T18:00:00.0,18,36023.504
2018-02-01T19:00:00.0,19,35810.473
2018-02-01T20:00:00.0,20,35716.715
2018-02-01T21:00:00.0,21,35798.07
2018-02-01T22:00:00.0,22,37076.73
2018-02-01T23:00:00.0,23,38877.41
2018-02-02T00:00:00.0,0,38886.63
2018-02-02T01:00:00.0,1,38289.77
2018-02-02T02:00:00.0,2,36651.855
2018-02-02T03:00:00.0,3,34472.06
2018-02-02T04:00:00.0,4,32785.65
2018-02-02T05:00:00.0,5,31893.432
2018-02-02T06:00:00.0,6,31753.295
2018-02-02T07:00:00.0,7,32051.85
2018-02-02T08:00:00.0,8,32879.67
2018-02-02T09:00:00.0,9,34817.746
2018-02-02T10:00:00.0,10,38493.785
2018-02-02T11:00:00.0,11,42711.652
2018-02-02T12:00:00.0,12,43033.88
2018-02-02T13:00:00.0,13,42634.207
2018-02-02T14:00:00.0,14,41849.133
2018-02-02T15:00:00.0,15,40591.676
2018-02-02T16:00:00.0,16,39066.594
2018-02-02T17:00:00.0,17,37789.39
2018-02-02T18:00:00.0,18,36804.8
2018-02-02T19:00:00.0,19,36067.8
2018-02-02T20:00:00.0,20,35806.855
2018-02-02T21:00:00.0,21,36322.293
2018-02-02T22:00:00.0,22,38136.3
2018-02-02T23:00:00.0,23,39997.58
2018-02-03T00:00:00.0,0,40102.574
2018-02-03T01:00:00.0,1,39922.91
2018-02-03T02:00:00.0,2,39022.91
2018-02-03T03:00:00.0,3,37415.426
2018-02-03T04:00:00.0,4,35859.766
2018-02-03T05:00:00.0,5,34736.496
2018-02-03T06:00:00.0,6,34121.38
2018-02-03T07:00:00.0,7,33956.473
2018-02-03T08:00:00.0,8,34173.9
2018-02-03T09:00:00.0,9,34845.043
2018-02-03T10:00:00.0,10,36238.605
2018-02-03T11:00:00.0,11,38016.293
2018-02-03T12:00:00.0,12,39501.168
2018-02-03T13:00:00.0,13,40451.3
2018-02-03T14:00:00.0,14,40614.45
2018-02-03T15:00:00.0,15,40084.785
2018-02-03T16:00:00.0,16,39136.56
2018-02-03T17:00:00.0,17,37974.0
2018-02-03T18:00:00.0,18,36981.926
2018-02-03T19:00:00.0,19,36290.965
2018-02-03T20:00:00.0,20,35855.934
2018-02-03T21:00:00.0,21,35838.44
2018-02-03T22:00:00.0,22,36852.918
2018-02-03T23:00:00.0,23,37870.484
2018-02-04T00:00:00.0,0,37394.633
2018-02-04T01:00:00.0,1,36678.47
2018-02-04T02:00:00.0,2,35484.613
2018-02-04T03:00:00.0,3,33890.06
2018-02-04T04:00:00.0,4,32352.734
2018-02-04T05:00:00.0,5,31247.252
2018-02-04T06:00:00.0,6,30510.812
2018-02-04T07:00:00.0,7,30142.092
2018-02-04T08:00:00.0,8,30107.906
2018-02-04T09:00:00.0,9,30536.928
2018-02-04T10:00:00.0,10,31392.844
2018-02-04T11:00:00.0,11,32623.893
2018-02-04T12:00:00.0,12,33751.86
2018-02-04T13:00:00.0,13,34679.2
2018-02-04T14:00:00.0,14,34767.973
2018-02-04T15:00:00.0,15,34252.05
2018-02-04T16:00:00.0,16,33960.137
2018-02-04T17:00:00.0,17,33855.617
2018-02-04T18:00:00.0,18,33829.332
2018-02-04T19:00:00.0,19,33895.355
2018-02-04T20:00:00.0,20,34137.758
2018-02-04T21:00:00.0,21,34571.297
2018-02-04T22:00:00.0,22,35225.668
2018-02-04T23:00:00.0,23,36510.55
2018-02-05T00:00:00.0,0,36747.55
2018-02-05T01:00:00.0,1,36478.62
2018-02-05T02:00:00.0,2,36497.316
2018-02-05T03:00:00.0,3,35110.812
2018-02-05T04:00:00.0,4,33700.215
2018-02-05T05:00:00.0,5,33159.137
2018-02-05T06:00:00.0,6,33252.574
2018-02-05T07:00:00.0,7,33736.98
2018-02-05T08:00:00.0,8,34767.31
2018-02-05T09:00:00.0,9,36907.7
2018-02-05T10:00:00.0,10,40736.133
2018-02-05T11:00:00.0,11,44627.516
2018-02-05T12:00:00.0,12,45074.63
2018-02-05T13:00:00.0,13,44340.13
2018-02-05T14:00:00.0,14,43806.215
2018-02-05T15:00:00.0,15,43340.95
2018-02-05T16:00:00.0,16,42647.78
2018-02-05T17:00:00.0,17,41768.77
2018-02-05T18:00:00.0,18,40895.13
2018-02-05T19:00:00.0,19,39948.152
2018-02-05T20:00:00.0,20,39530.293
2018-02-05T21:00:00.0,21,39735.44
2018-02-05T22:00:00.0,22,41133.45
2018-02-05T23:00:00.0,23,42695.363
2018-02-06T00:00:00.0,0,42498.63
2018-02-06T01:00:00.0,1,41590.062
2018-02-06T02:00:00.0,2,39603.95
2018-02-06T03:00:00.0,3,37021.91
2018-02-06T04:00:00.0,4,34997.688
2018-02-06T05:00:00.0,5,33946.207
2018-02-06T06:00:00.0,6,33532.996
2018-02-06T07:00:00.0,7,33507.12
2018-02-06T08:00:00.0,8,33828.195
2018-02-06T09:00:00.0,9,35243.047
2018-02-06T10:00:00.0,10,38414.82
2018-02-06T11:00:00.0,11,41755.543
2018-02-06T12:00:00.0,12,41736.152
2018-02-06T13:00:00.0,13,41560.957
2018-02-06T14:00:00.0,14,41873.715
2018-02-06T15:00:00.0,15,41932.914
2018-02-06T16:00:00.0,16,41744.906
2018-02-06T17:00:00.0,17,41721.324
2018-02-06T18:00:00.0,18,41772.84
2018-02-06T19:00:00.0,19,41899.098
2018-02-06T20:00:00.0,20,42464.418
2018-02-06T21:00:00.0,21,43603.363
2018-02-06T22:00:00.0,22,45414.535
2018-02-06T23:00:00.0,23,46686.453
2018-02-07T00:00:00.0,0,46552.25
2018-02-07T01:00:00.0,1,45597.668
2018-02-07T02:00:00.0,2,43646.832
2018-02-07T03:00:00.0,3,41096.223
2018-02-07T04:00:00.0,4,39169.22
2018-02-07T05:00:00.0,5,38075.46
2018-02-07T06:00:00.0,6,37701.035
2018-02-07T07:00:00.0,7,37765.586
2018-02-07T08:00:00.0,8,38351.203
2018-02-07T09:00:00.0,9,40269.074
2018-02-07T10:00:00.0,10,44133.582
2018-02-07T11:00:00.0,11,48236.92
2018-02-07T12:00:00.0,12,48837.61
2018-02-07T13:00:00.0,13,48942.965
2018-02-07T14:00:00.0,14,48634.895
2018-02-07T15:00:00.0,15,47892.746
2018-02-07T16:00:00.0,16,46706.594
2018-02-07T17:00:00.0,17,45416.33
2018-02-07T18:00:00.0,18,44301.94
2018-02-07T19:00:00.0,19,43506.793
2018-02-07T20:00:00.0,20,43429.707
2018-02-07T21:00:00.0,21,44104.613
2018-02-07T22:00:00.0,22,46187.94
2018-02-07T23:00:00.0,23,48387.676
2018-02-08T00:00:00.0,0,48610.48
2018-02-08T01:00:00.0,1,48103.53
2018-02-08T02:00:00.0,2,46352.855
2018-02-08T03:00:00.0,3,43952.777
2018-02-08T04:00:00.0,4,42210.527
2018-02-08T05:00:00.0,5,41492.973
2018-02-08T06:00:00.0,6,41451.812
2018-02-08T07:00:00.0,7,41771.152
2018-02-08T08:00:00.0,8,42619.043
2018-02-08T09:00:00.0,9,44657.01
2018-02-08T10:00:00.0,10,48637.0
2018-02-08T11:00:00.0,11,52574.188
2018-02-08T12:00:00.0,12,51736.0
2018-02-08T13:00:00.0,13,49247.31
2018-02-08T14:00:00.0,14,46573.33
2018-02-08T15:00:00.0,15,43970.406
2018-02-08T16:00:00.0,16,41640.117
2018-02-08T17:00:00.0,17,39736.473
2018-02-08T18:00:00.0,18,38299.785
2018-02-08T19:00:00.0,19,37387.97
2018-02-08T20:00:00.0,20,37149.652
2018-02-08T21:00:00.0,21,37607.695
2018-02-08T22:00:00.0,22,39312.176
2018-02-08T23:00:00.0,23,41431.12
2018-02-09T00:00:00.0,0,41865.656
2018-02-09T01:00:00.0,1,41512.63
2018-02-09T02:00:00.0,2,40041.94
2018-02-09T03:00:00.0,3,37747.098
2018-02-09T04:00:00.0,4,35852.426
2018-02-09T05:00:00.0,5,34592.7
2018-02-09T06:00:00.0,6,34061.504
2018-02-09T07:00:00.0,7,33827.54
2018-02-09T08:00:00.0,8,34006.88
2018-02-09T09:00:00.0,9,35253.66
2018-02-09T10:00:00.0,10,38205.457
2018-02-09T11:00:00.0,11,41371.527
2018-02-09T12:00:00.0,12,40959.58
2018-02-09T13:00:00.0,13,40152.13
2018-02-09T14:00:00.0,14,39382.207
2018-02-09T15:00:00.0,15,38690.36
2018-02-09T16:00:00.0,16,37862.348
2018-02-09T17:00:00.0,17,37032.465
2018-02-09T18:00:00.0,18,36322.426
2018-02-09T19:00:00.0,19,35784.49
2018-02-09T20:00:00.0,20,35549.863
2018-02-09T21:00:00.0,21,35664.637
2018-02-09T22:00:00.0,22,36568.09
2018-02-09T23:00:00.0,23,37656.645
2018-02-10T00:00:00.0,0,37210.617
2018-02-10T01:00:00.0,1,36407.73
2018-02-10T02:00:00.0,2,35278.902
2018-02-10T03:00:00.0,3,33413.527
2018-02-10T04:00:00.0,4,31590.314
2018-02-10T05:00:00.0,5,30278.969
2018-02-10T06:00:00.0,6,29473.438
2018-02-10T07:00:00.0,7,29149.025
2018-02-10T08:00:00.0,8,29184.264
2018-02-10T09:00:00.0,9,29581.156
2018-02-10T10:00:00.0,10,30877.562
2018-02-10T11:00:00.0,11,32990.637
2018-02-10T12:00:00.0,12,34914.113
2018-02-10T13:00:00.0,13,37112.383
2018-02-10T14:00:00.0,14,38981.58
2018-02-10T15:00:00.0,15,39965.473
2018-02-10T16:00:00.0,16,40485.715
2018-02-10T17:00:00.0,17,40440.77
2018-02-10T18:00:00.0,18,40395.656
2018-02-10T19:00:00.0,19,40419.184
2018-02-10T20:00:00.0,20,40679.855
2018-02-10T21:00:00.0,21,41198.0
2018-02-10T22:00:00.0,22,42283.555
2018-02-10T23:00:00.0,23,43541.035
2018-02-11T00:00:00.0,0,43419.934
2018-02-11T01:00:00.0,1,42902.434
2018-02-11T02:00:00.0,2,41930.734
2018-02-11T03:00:00.0,3,40665.67
2018-02-11T04:00:00.0,4,39542.52
2018-02-11T05:00:00.0,5,38841.797
2018-02-11T06:00:00.0,6,38484.152
2018-02-11T07:00:00.0,7,38750.03
2018-02-11T08:00:00.0,8,39439.95
2018-02-11T09:00:00.0,9,40412.17
2018-02-11T10:00:00.0,10,41927.793
2018-02-11T11:00:00.0,11,43894.0
2018-02-11T12:00:00.0,12,45740.793
2018-02-11T13:00:00.0,13,47973.637
2018-02-11T14:00:00.0,14,49553.973
2018-02-11T15:00:00.0,15,50215.2
2018-02-11T16:00:00.0,16,49874.637
2018-02-11T17:00:00.0,17,48764.37
2018-02-11T18:00:00.0,18,47512.688
2018-02-11T19:00:00.0,19,46340.223
2018-02-11T20:00:00.0,20,45806.22
2018-02-11T21:00:00.0,21,46219.06
2018-02-11T22:00:00.0,22,47956.184
2018-02-11T23:00:00.0,23,50185.043
2018-02-12T00:00:00.0,0,50661.145
2018-02-12T01:00:00.0,1,50322.69
2018-02-12T02:00:00.0,2,48887.062
2018-02-12T03:00:00.0,3,46578.64
2018-02-12T04:00:00.0,4,44789.31
2018-02-12T05:00:00.0,5,44084.125
2018-02-12T06:00:00.0,6,44011.902
2018-02-12T07:00:00.0,7,44429.66
2018-02-12T08:00:00.0,8,45333.793
2018-02-12T09:00:00.0,9,47386.785
2018-02-12T10:00:00.0,10,51285.066
2018-02-12T11:00:00.0,11,55218.84
2018-02-12T12:00:00.0,12,54755.707
2018-02-12T13:00:00.0,13,53505.777
2018-02-12T14:00:00.0,14,52318.53
2018-02-12T15:00:00.0,15,50868.625
2018-02-12T16:00:00.0,16,48723.875
2018-02-12T17:00:00.0,17,46400.047
2018-02-12T18:00:00.0,18,44551.44
2018-02-12T19:00:00.0,19,43003.887
2018-02-12T20:00:00.0,20,42349.125
2018-02-12T21:00:00.0,21,42947.957
2018-02-12T22:00:00.0,22,45280.26
2018-02-12T23:00:00.0,23,47997.285
2018-02-13T00:00:00.0,0,48389.55
2018-02-13T01:00:00.0,1,47909.906
2018-02-13T02:00:00.0,2,45964.066
2018-02-13T03:00:00.0,3,43180.816
2018-02-13T04:00:00.0,4,40901.887
2018-02-13T05:00:00.0,5,39650.56
2018-02-13T06:00:00.0,6,39052.69
2018-02-13T07:00:00.0,7,38874.32
2018-02-13T08:00:00.0,8,39232.93
2018-02-13T09:00:00.0,9,40751.215
2018-02-13T10:00:00.0,10,44043.547
2018-02-13T11:00:00.0,11,47514.574
2018-02-13T12:00:00.0,12,47203.453
2018-02-13T13:00:00.0,13,46709.652
2018-02-13T14:00:00.0,14,46360.78
2018-02-13T15:00:00.0,15,45888.965
2018-02-13T16:00:00.0,16,45104.28
2018-02-13T17:00:00.0,17,44137.94
2018-02-13T18:00:00.0,18,43216.246
2018-02-13T19:00:00.0,19,42406.527
2018-02-13T20:00:00.0,20,42378.145
2018-02-13T21:00:00.0,21,43013.63
2018-02-13T22:00:00.0,22,44661.98
2018-02-13T23:00:00.0,23,45828.062
2018-02-14T00:00:00.0,0,45585.332
2018-02-14T01:00:00.0,1,44544.33
2018-02-14T02:00:00.0,2,42489.08
2018-02-14T03:00:00.0,3,39625.418
2018-02-14T04:00:00.0,4,37318.504
2018-02-14T05:00:00.0,5,35913.55
2018-02-14T06:00:00.0,6,35122.8
2018-02-14T07:00:00.0,7,34737.855
2018-02-14T08:00:00.0,8,35006.88
2018-02-14T09:00:00.0,9,36328.14
2018-02-14T10:00:00.0,10,39483.41
2018-02-14T11:00:00.0,11,42516.76
2018-02-14T12:00:00.0,12,41757.234
2018-02-14T13:00:00.0,13,40947.582
2018-02-14T14:00:00.0,14,40426.45
2018-02-14T15:00:00.0,15,39695.742
2018-02-14T16:00:00.0,16,38561.742
2018-02-14T17:00:00.0,17,37491.55
2018-02-14T18:00:00.0,18,36966.598
2018-02-14T19:00:00.0,19,36614.406
2018-02-14T20:00:00.0,20,36628.2
2018-02-14T21:00:00.0,21,36773.184
2018-02-14T22:00:00.0,22,37030.473
2018-02-14T23:00:00.0,23,38567.293
2018-02-15T00:00:00.0,0,38365.54
2018-02-15T01:00:00.0,1,37595.887
2018-02-15T02:00:00.0,2,35835.06
2018-02-15T03:00:00.0,3,33447.027
2018-02-15T04:00:00.0,4,31130.68
2018-02-15T05:00:00.0,5,29623.967
2018-02-15T06:00:00.0,6,28786.35
2018-02-15T07:00:00.0,7,28374.805
2018-02-15T08:00:00.0,8,28443.814
2018-02-15T09:00:00.0,9,29403.828
2018-02-15T10:00:00.0,10,32188.643
2018-02-15T11:00:00.0,11,35463.71
2018-02-15T12:00:00.0,12,35702.137
2018-02-15T13:00:00.0,13,36098.99
2018-02-15T14:00:00.0,14,36726.12
2018-02-15T15:00:00.0,15,37254.047
2018-02-15T16:00:00.0,16,37516.934
2018-02-15T17:00:00.0,17,37854.984
2018-02-15T18:00:00.0,18,38103.51
2018-02-15T19:00:00.0,19,38222.367
2018-02-15T20:00:00.0,20,38357.2
2018-02-15T21:00:00.0,21,38343.035
2018-02-15T22:00:00.0,22,38450.7
2018-02-15T23:00:00.0,23,39809.52
2018-02-16T00:00:00.0,0,39602.41
2018-02-16T01:00:00.0,1,38596.895
2018-02-16T02:00:00.0,2,36584.887
2018-02-16T03:00:00.0,3,33982.02
2018-02-16T04:00:00.0,4,31426.018
2018-02-16T05:00:00.0,5,29741.023
2018-02-16T06:00:00.0,6,28675.898
2018-02-16T07:00:00.0,7,28266.13
2018-02-16T08:00:00.0,8,28314.693
2018-02-16T09:00:00.0,9,29155.03
2018-02-16T10:00:00.0,10,31742.494
2018-02-16T11:00:00.0,11,35020.05
2018-02-16T12:00:00.0,12,35603.895
2018-02-16T13:00:00.0,13,36410.418
2018-02-16T14:00:00.0,14,37306.207
2018-02-16T15:00:00.0,15,37848.652
2018-02-16T16:00:00.0,16,38197.152
2018-02-16T17:00:00.0,17,38236.29
2018-02-16T18:00:00.0,18,38424.043
2018-02-16T19:00:00.0,19,38357.09
2018-02-16T20:00:00.0,20,38481.168
2018-02-16T21:00:00.0,21,38293.047
2018-02-16T22:00:00.0,22,38840.74
2018-02-16T23:00:00.0,23,39701.133
2018-02-17T00:00:00.0,0,39183.42
2018-02-17T01:00:00.0,1,38325.957
2018-02-17T02:00:00.0,2,36957.27
2018-02-17T03:00:00.0,3,35117.168
2018-02-17T04:00:00.0,4,33242.92
2018-02-17T05:00:00.0,5,31785.0
2018-02-17T06:00:00.0,6,30956.398
2018-02-17T07:00:00.0,7,30451.377
2018-02-17T08:00:00.0,8,30547.188
2018-02-17T09:00:00.0,9,31090.63
2018-02-17T10:00:00.0,10,32167.955
2018-02-17T11:00:00.0,11,33763.74
2018-02-17T12:00:00.0,12,35358.73
2018-02-17T13:00:00.0,13,37072.37
2018-02-17T14:00:00.0,14,38276.406
2018-02-17T15:00:00.0,15,38297.723
2018-02-17T16:00:00.0,16,37587.395
2018-02-17T17:00:00.0,17,36867.027
2018-02-17T18:00:00.0,18,36123.44
2018-02-17T19:00:00.0,19,35877.816
2018-02-17T20:00:00.0,20,35753.004
2018-02-17T21:00:00.0,21,35626.387
2018-02-17T22:00:00.0,22,35733.76
2018-02-17T23:00:00.0,23,36811.824
2018-02-18T00:00:00.0,0,36348.902
2018-02-18T01:00:00.0,1,35585.77
2018-02-18T02:00:00.0,2,34600.004
2018-02-18T03:00:00.0,3,33208.145
2018-02-18T04:00:00.0,4,31791.791
2018-02-18T05:00:00.0,5,30706.635
2018-02-18T06:00:00.0,6,30014.396
2018-02-18T07:00:00.0,7,29612.58
2018-02-18T08:00:00.0,8,29591.422
2018-02-18T09:00:00.0,9,29924.352
2018-02-18T10:00:00.0,10,30633.607
2018-02-18T11:00:00.0,11,31788.135
2018-02-18T12:00:00.0,12,32958.496
2018-02-18T13:00:00.0,13,34490.04
2018-02-18T14:00:00.0,14,35487.793
2018-02-18T15:00:00.0,15,36009.844
2018-02-18T16:00:00.0,16,36494.527
2018-02-18T17:00:00.0,17,37009.566
2018-02-18T18:00:00.0,18,37162.582
2018-02-18T19:00:00.0,19,37153.566
2018-02-18T20:00:00.0,20,36889.75
2018-02-18T21:00:00.0,21,36913.777
2018-02-18T22:00:00.0,22,37365.77
2018-02-18T23:00:00.0,23,38575.83
2018-02-19T00:00:00.0,0,38181.3
2018-02-19T01:00:00.0,1,37081.81
2018-02-19T02:00:00.0,2,35453.266
2018-02-19T03:00:00.0,3,33309.48
2018-02-19T04:00:00.0,4,31189.648
2018-02-19T05:00:00.0,5,29663.771
2018-02-19T06:00:00.0,6,28749.406
2018-02-19T07:00:00.0,7,28276.812
2018-02-19T08:00:00.0,8,28319.06
2018-02-19T09:00:00.0,9,29348.58
2018-02-19T10:00:00.0,10,31602.045
2018-02-19T11:00:00.0,11,34168.973
2018-02-19T12:00:00.0,12,34853.297
2018-02-19T13:00:00.0,13,35898.93
2018-02-19T14:00:00.0,14,37277.44
2018-02-19T15:00:00.0,15,38333.88
2018-02-19T16:00:00.0,16,39047.98
2018-02-19T17:00:00.0,17,39599.95
2018-02-19T18:00:00.0,18,39869.414
2018-02-19T19:00:00.0,19,39749.723
2018-02-19T20:00:00.0,20,39575.324
2018-02-19T21:00:00.0,21,39502.812
2018-02-19T22:00:00.0,22,40017.53
2018-02-19T23:00:00.0,23,41282.52
2018-02-20T00:00:00.0,0,41073.25
2018-02-20T01:00:00.0,1,39967.855
2018-02-20T02:00:00.0,2,37966.004
2018-02-20T03:00:00.0,3,35312.555
2018-02-20T04:00:00.0,4,32804.28
2018-02-20T05:00:00.0,5,31137.35
2018-02-20T06:00:00.0,6,30100.234
2018-02-20T07:00:00.0,7,29552.041
2018-02-20T08:00:00.0,8,29450.646
2018-02-20T09:00:00.0,9,30258.838
2018-02-20T10:00:00.0,10,32718.912
2018-02-20T11:00:00.0,11,35899.684
2018-02-20T12:00:00.0,12,36231.14
2018-02-20T13:00:00.0,13,36742.906
2018-02-20T14:00:00.0,14,37586.348
2018-02-20T15:00:00.0,15,38298.426
2018-02-20T16:00:00.0,16,38846.465
2018-02-20T17:00:00.0,17,39063.99
2018-02-20T18:00:00.0,18,39197.258
2018-02-20T19:00:00.0,19,39280.668
2018-02-20T20:00:00.0,20,39556.254
2018-02-20T21:00:00.0,21,39835.1
2018-02-20T22:00:00.0,22,40648.125
2018-02-20T23:00:00.0,23,41862.97
2018-02-21T00:00:00.0,0,41847.316
2018-02-21T01:00:00.0,1,41075.312
2018-02-21T02:00:00.0,2,39574.832
2018-02-21T03:00:00.0,3,37379.234
2018-02-21T04:00:00.0,4,35453.89
2018-02-21T05:00:00.0,5,34199.965
2018-02-21T06:00:00.0,6,33706.48
2018-02-21T07:00:00.0,7,33492.44
2018-02-21T08:00:00.0,8,33773.88
2018-02-21T09:00:00.0,9,35364.742
2018-02-21T10:00:00.0,10,38882.426
2018-02-21T11:00:00.0,11,43132.027
2018-02-21T12:00:00.0,12,43864.387
2018-02-21T13:00:00.0,13,44405.75
2018-02-21T14:00:00.0,14,45237.95
2018-02-21T15:00:00.0,15,45651.207
2018-02-21T16:00:00.0,16,46008.594
2018-02-21T17:00:00.0,17,46502.016
2018-02-21T18:00:00.0,18,46950.324
2018-02-21T19:00:00.0,19,46960.605
2018-02-21T20:00:00.0,20,47114.457
2018-02-21T21:00:00.0,21,47407.16
2018-02-21T22:00:00.0,22,48130.63
2018-02-21T23:00:00.0,23,48740.47
2018-02-22T00:00:00.0,0,48546.684
2018-02-22T01:00:00.0,1,47424.105
2018-02-22T02:00:00.0,2,45150.676
2018-02-22T03:00:00.0,3,42384.145
2018-02-22T04:00:00.0,4,40183.055
2018-02-22T05:00:00.0,5,39049.348
2018-02-22T06:00:00.0,6,38613.35
2018-02-22T07:00:00.0,7,38366.496
2018-02-22T08:00:00.0,8,38729.957
2018-02-22T09:00:00.0,9,40190.082
2018-02-22T10:00:00.0,10,43410.63
2018-02-22T11:00:00.0,11,46854.316
2018-02-22T12:00:00.0,12,47076.266
2018-02-22T13:00:00.0,13,47117.58
2018-02-22T14:00:00.0,14,46964.688
2018-02-22T15:00:00.0,15,46636.754
2018-02-22T16:00:00.0,16,46039.03
2018-02-22T17:00:00.0,17,45459.26
2018-02-22T18:00:00.0,18,44896.83
2018-02-22T19:00:00.0,19,44427.41
2018-02-22T20:00:00.0,20,44484.42
2018-02-22T21:00:00.0,21,44867.934
2018-02-22T22:00:00.0,22,45806.285
2018-02-22T23:00:00.0,23,46797.137
2018-02-23T00:00:00.0,0,46408.145
2018-02-23T01:00:00.0,1,45221.434
2018-02-23T02:00:00.0,2,42997.844
2018-02-23T03:00:00.0,3,40303.86
2018-02-23T04:00:00.0,4,38072.008
2018-02-23T05:00:00.0,5,36699.363
2018-02-23T06:00:00.0,6,35931.76
2018-02-23T07:00:00.0,7,35628.703
2018-02-23T08:00:00.0,8,35793.81
2018-02-23T09:00:00.0,9,36958.16
2018-02-23T10:00:00.0,10,39848.23
2018-02-23T11:00:00.0,11,42701.918
2018-02-23T12:00:00.0,12,42720.984
2018-02-23T13:00:00.0,13,42538.918
2018-02-23T14:00:00.0,14,42691.996
2018-02-23T15:00:00.0,15,42547.426
2018-02-23T16:00:00.0,16,42081.723
2018-02-23T17:00:00.0,17,41564.473
2018-02-23T18:00:00.0,18,41195.44
2018-02-23T19:00:00.0,19,40928.484
2018-02-23T20:00:00.0,20,40784.312
2018-02-23T21:00:00.0,21,40806.023
2018-02-23T22:00:00.0,22,40819.87
2018-02-23T23:00:00.0,23,41292.24
2018-02-24T00:00:00.0,0,40710.598
2018-02-24T01:00:00.0,1,39876.535
2018-02-24T02:00:00.0,2,38617.5
2018-02-24T03:00:00.0,3,36779.35
2018-02-24T04:00:00.0,4,34935.902
2018-02-24T05:00:00.0,5,33553.23
2018-02-24T06:00:00.0,6,32608.443
2018-02-24T07:00:00.0,7,32012.963
2018-02-24T08:00:00.0,8,31833.537
2018-02-24T09:00:00.0,9,32115.29
2018-02-24T10:00:00.0,10,33109.395
2018-02-24T11:00:00.0,11,34321.457
2018-02-24T12:00:00.0,12,35445.188
2018-02-24T13:00:00.0,13,36770.977
2018-02-24T14:00:00.0,14,37951.16
2018-02-24T15:00:00.0,15,38836.02
2018-02-24T16:00:00.0,16,39339.17
2018-02-24T17:00:00.0,17,39083.465
2018-02-24T18:00:00.0,18,38249.715
2018-02-24T19:00:00.0,19,37546.887
2018-02-24T20:00:00.0,20,36943.81
2018-02-24T21:00:00.0,21,36645.508
2018-02-24T22:00:00.0,22,36851.48
2018-02-24T23:00:00.0,23,37948.41
2018-02-25T00:00:00.0,0,37892.754
2018-02-25T01:00:00.0,1,37259.1
2018-02-25T02:00:00.0,2,36394.5
2018-02-25T03:00:00.0,3,34932.59
2018-02-25T04:00:00.0,4,33365.426
2018-02-25T05:00:00.0,5,32239.5
2018-02-25T06:00:00.0,6,31532.732
2018-02-25T07:00:00.0,7,31016.889
2018-02-25T08:00:00.0,8,30885.625
2018-02-25T09:00:00.0,9,31007.938
2018-02-25T10:00:00.0,10,31811.627
2018-02-25T11:00:00.0,11,32970.13
2018-02-25T12:00:00.0,12,33939.4
2018-02-25T13:00:00.0,13,34854.766
2018-02-25T14:00:00.0,14,35225.902
2018-02-25T15:00:00.0,15,35130.7
2018-02-25T16:00:00.0,16,34899.406
2018-02-25T17:00:00.0,17,34635.684
2018-02-25T18:00:00.0,18,34283.785
2018-02-25T19:00:00.0,19,34056.7
2018-02-25T20:00:00.0,20,34094.496
2018-02-25T21:00:00.0,21,34459.168
2018-02-25T22:00:00.0,22,35198.516
2018-02-25T23:00:00.0,23,36863.26
2018-02-26T00:00:00.0,0,37231.793
2018-02-26T01:00:00.0,1,36578.22
2018-02-26T02:00:00.0,2,35177.113
2018-02-26T03:00:00.0,3,33013.934
2018-02-26T04:00:00.0,4,31127.443
2018-02-26T05:00:00.0,5,30059.258
2018-02-26T06:00:00.0,6,29607.682
2018-02-26T07:00:00.0,7,29688.57
2018-02-26T08:00:00.0,8,30215.936
2018-02-26T09:00:00.0,9,31899.365
2018-02-26T10:00:00.0,10,35409.496
2018-02-26T11:00:00.0,11,39175.16
2018-02-26T12:00:00.0,12,39086.824
2018-02-26T13:00:00.0,13,38544.67
2018-02-26T14:00:00.0,14,38189.676
2018-02-26T15:00:00.0,15,37622.61
2018-02-26T16:00:00.0,16,36787.027
2018-02-26T17:00:00.0,17,36139.887
2018-02-26T18:00:00.0,18,35897.055
2018-02-26T19:00:00.0,19,35675.98
2018-02-26T20:00:00.0,20,35727.363
2018-02-26T21:00:00.0,21,35860.703
2018-02-26T22:00:00.0,22,36346.84
2018-02-26T23:00:00.0,23,38196.45
2018-02-27T00:00:00.0,0,38458.637
2018-02-27T01:00:00.0,1,37705.293
2018-02-27T02:00:00.0,2,35983.65
2018-02-27T03:00:00.0,3,33549.438
2018-02-27T04:00:00.0,4,31371.729
2018-02-27T05:00:00.0,5,30132.03
2018-02-27T06:00:00.0,6,29481.86
2018-02-27T07:00:00.0,7,29367.955
2018-02-27T08:00:00.0,8,29665.775
2018-02-27T09:00:00.0,9,30853.906
2018-02-27T10:00:00.0,10,33851.453
2018-02-27T11:00:00.0,11,37103.613
2018-02-27T12:00:00.0,12,37116.074
2018-02-27T13:00:00.0,13,37306.777
2018-02-27T14:00:00.0,14,37664.074
2018-02-27T15:00:00.0,15,38026.07
2018-02-27T16:00:00.0,16,38377.785
2018-02-27T17:00:00.0,17,38659.52
2018-02-27T18:00:00.0,18,39025.2
2018-02-27T19:00:00.0,19,39080.355
2018-02-27T20:00:00.0,20,39199.598
2018-02-27T21:00:00.0,21,39315.477
2018-02-27T22:00:00.0,22,39573.06
2018-02-27T23:00:00.0,23,40736.863
2018-02-28T00:00:00.0,0,40616.504
2018-02-28T01:00:00.0,1,39519.02
2018-02-28T02:00:00.0,2,37514.35
2018-02-28T03:00:00.0,3,34850.523
2018-02-28T04:00:00.0,4,32436.436
2018-02-28T05:00:00.0,5,30872.5
2018-02-28T06:00:00.0,6,29985.281
2018-02-28T07:00:00.0,7,29460.85
2018-02-28T08:00:00.0,8,29469.268
2018-02-28T09:00:00.0,9,30357.115
2018-02-28T10:00:00.0,10,33008.84
2018-02-28T11:00:00.0,11,36093.75
2018-02-28T12:00:00.0,12,36326.566
2018-02-28T13:00:00.0,13,37085.12
2018-02-28T14:00:00.0,14,38163.676
2018-02-28T15:00:00.0,15,39088.746
2018-02-28T16:00:00.0,16,39631.684
2018-02-28T17:00:00.0,17,40344.363
2018-02-28T18:00:00.0,18,40830.05
2018-02-28T19:00:00.0,19,40962.934
2018-02-28T20:00:00.0,20,41044.31
2018-02-28T21:00:00.0,21,40825.383
2018-02-28T22:00:00.0,22,40709.473
2018-02-28T23:00:00.0,23,41645.188
2018-03-01T00:00:00.0,0,41481.387
2018-03-01T01:00:00.0,1,40447.324
2018-03-01T02:00:00.0,2,38575.02
2018-03-01T03:00:00.0,3,36091.434
2018-03-01T04:00:00.0,4,33153.44
2018-03-01T05:00:00.0,5,31543.283
2018-03-01T06:00:00.0,6,30348.955
2018-03-01T07:00:00.0,7,29618.602
2018-03-01T08:00:00.0,8,29474.758
2018-03-01T09:00:00.0,9,30364.424
2018-03-01T10:00:00.0,10,33020.734
2018-03-01T11:00:00.0,11,36096.742
2018-03-01T12:00:00.0,12,36179.703
2018-03-01T13:00:00.0,13,36637.652
2018-03-01T14:00:00.0,14,37178.13
2018-03-01T15:00:00.0,15,37605.438
2018-03-01T16:00:00.0,16,37815.02
2018-03-01T17:00:00.0,17,38036.832
2018-03-01T18:00:00.0,18,38220.97
2018-03-01T19:00:00.0,19,38168.168
2018-03-01T20:00:00.0,20,38180.82
2018-03-01T21:00:00.0,21,37894.44
2018-03-01T22:00:00.0,22,37636.13
2018-03-01T23:00:00.0,23,39031.055
2018-03-02T00:00:00.0,0,39251.766
2018-03-02T01:00:00.0,1,38505.777
2018-03-02T02:00:00.0,2,36709.34
2018-03-02T03:00:00.0,3,34284.965
2018-03-02T04:00:00.0,4,32176.857
2018-03-02T05:00:00.0,5,30834.945
2018-03-02T06:00:00.0,6,30231.428
2018-03-02T07:00:00.0,7,30013.922
2018-03-02T08:00:00.0,8,30412.744
2018-03-02T09:00:00.0,9,31831.26
2018-03-02T10:00:00.0,10,35152.773
2018-03-02T11:00:00.0,11,38492.574
2018-03-02T12:00:00.0,12,38229.55
2018-03-02T13:00:00.0,13,37553.58
2018-03-02T14:00:00.0,14,37223.42
2018-03-02T15:00:00.0,15,36864.715
2018-03-02T16:00:00.0,16,36651.15
2018-03-02T17:00:00.0,17,36627.332
2018-03-02T18:00:00.0,18,36926.05
2018-03-02T19:00:00.0,19,36998.48
2018-03-02T20:00:00.0,20,36935.12
2018-03-02T21:00:00.0,21,36788.773
2018-03-02T22:00:00.0,22,36450.535
2018-03-02T23:00:00.0,23,37158.645
2018-03-03T00:00:00.0,0,36969.527
2018-03-03T01:00:00.0,1,36137.875
2018-03-03T02:00:00.0,2,34996.426
2018-03-03T03:00:00.0,3,33282.08
2018-03-03T04:00:00.0,4,31456.537
2018-03-03T05:00:00.0,5,30155.797
2018-03-03T06:00:00.0,6,29288.44
2018-03-03T07:00:00.0,7,28963.459
2018-03-03T08:00:00.0,8,28941.594
2018-03-03T09:00:00.0,9,29400.4
2018-03-03T10:00:00.0,10,30623.791
2018-03-03T11:00:00.0,11,31974.61
2018-03-03T12:00:00.0,12,33121.086
2018-03-03T13:00:00.0,13,34176.625
2018-03-03T14:00:00.0,14,34734.316
2018-03-03T15:00:00.0,15,34908.164
2018-03-03T16:00:00.0,16,34868.684
2018-03-03T17:00:00.0,17,34727.703
2018-03-03T18:00:00.0,18,34574.523
2018-03-03T19:00:00.0,19,34591.934
2018-03-03T20:00:00.0,20,34608.223
2018-03-03T21:00:00.0,21,34678.77
2018-03-03T22:00:00.0,22,35070.75
2018-03-03T23:00:00.0,23,36166.934
2018-03-04T00:00:00.0,0,35963.316
2018-03-04T01:00:00.0,1,35214.293
2018-03-04T02:00:00.0,2,34082.844
2018-03-04T03:00:00.0,3,32601.021
2018-03-04T04:00:00.0,4,30901.37
2018-03-04T05:00:00.0,5,29612.883
2018-03-04T06:00:00.0,6,28663.373
2018-03-04T07:00:00.0,7,27972.076
2018-03-04T08:00:00.0,8,27712.818
2018-03-04T09:00:00.0,9,27762.672
2018-03-04T10:00:00.0,10,28241.299
2018-03-04T11:00:00.0,11,29045.398
2018-03-04T12:00:00.0,12,30076.008
2018-03-04T13:00:00.0,13,31935.24
2018-03-04T14:00:00.0,14,33476.51
2018-03-04T15:00:00.0,15,34546.17
2018-03-04T16:00:00.0,16,35293.418
2018-03-04T17:00:00.0,17,35869.496
2018-03-04T18:00:00.0,18,36194.27
2018-03-04T19:00:00.0,19,36457.36
2018-03-04T20:00:00.0,20,36767.31
2018-03-04T21:00:00.0,21,37123.49
2018-03-04T22:00:00.0,22,37572.184
2018-03-04T23:00:00.0,23,38879.707
2018-03-05T00:00:00.0,0,39141.043
2018-03-05T01:00:00.0,1,38249.133
2018-03-05T02:00:00.0,2,36701.797
2018-03-05T03:00:00.0,3,34293.88
2018-03-05T04:00:00.0,4,31977.701
2018-03-05T05:00:00.0,5,30336.646
2018-03-05T06:00:00.0,6,29446.67
2018-03-05T07:00:00.0,7,28969.432
2018-03-05T08:00:00.0,8,29005.025
2018-03-05T09:00:00.0,9,29980.252
2018-03-05T10:00:00.0,10,32711.344
2018-03-05T11:00:00.0,11,35863.438
2018-03-05T12:00:00.0,12,36215.766
2018-03-05T13:00:00.0,13,36992.97
2018-03-05T14:00:00.0,14,38213.844
2018-03-05T15:00:00.0,15,39153.184
2018-03-05T16:00:00.0,16,39683.38
2018-03-05T17:00:00.0,17,40105.824
2018-03-05T18:00:00.0,18,40449.56
2018-03-05T19:00:00.0,19,40661.098
2018-03-05T20:00:00.0,20,40514.59
2018-03-05T21:00:00.0,21,40091.043
2018-03-05T22:00:00.0,22,39836.07
2018-03-05T23:00:00.0,23,40799.336
2018-03-06T00:00:00.0,0,40516.76
2018-03-06T01:00:00.0,1,38994.598
2018-03-06T02:00:00.0,2,36763.78
2018-03-06T03:00:00.0,3,33905.87
2018-03-06T04:00:00.0,4,31417.17
2018-03-06T05:00:00.0,5,29995.172
2018-03-06T06:00:00.0,6,29292.852
2018-03-06T07:00:00.0,7,29080.328
2018-03-06T08:00:00.0,8,29440.016
2018-03-06T09:00:00.0,9,30871.4
2018-03-06T10:00:00.0,10,34318.19
2018-03-06T11:00:00.0,11,38008.156
2018-03-06T12:00:00.0,12,37794.59
2018-03-06T13:00:00.0,13,37164.28
2018-03-06T14:00:00.0,14,36709.188
2018-03-06T15:00:00.0,15,36318.465
2018-03-06T16:00:00.0,16,36013.88
2018-03-06T17:00:00.0,17,35926.543
2018-03-06T18:00:00.0,18,35930.457
2018-03-06T19:00:00.0,19,35887.207
2018-03-06T20:00:00.0,20,35978.37
2018-03-06T21:00:00.0,21,36053.8
2018-03-06T22:00:00.0,22,36293.812
2018-03-06T23:00:00.0,23,37973.805
2018-03-07T00:00:00.0,0,38303.61
2018-03-07T01:00:00.0,1,37488.293
2018-03-07T02:00:00.0,2,35787.78
2018-03-07T03:00:00.0,3,33404.637
2018-03-07T04:00:00.0,4,31482.771
2018-03-07T05:00:00.0,5,30420.021
2018-03-07T06:00:00.0,6,30052.188
2018-03-07T07:00:00.0,7,30024.479
2018-03-07T08:00:00.0,8,30555.611
2018-03-07T09:00:00.0,9,32463.62
2018-03-07T10:00:00.0,10,36267.16
2018-03-07T11:00:00.0,11,40000.38
2018-03-07T12:00:00.0,12,39642.527
2018-03-07T13:00:00.0,13,38843.832
2018-03-07T14:00:00.0,14,38168.406
2018-03-07T15:00:00.0,15,37464.184
2018-03-07T16:00:00.0,16,36716.19
2018-03-07T17:00:00.0,17,36138.598
2018-03-07T18:00:00.0,18,35832.25
2018-03-07T19:00:00.0,19,35496.844
2018-03-07T20:00:00.0,20,35449.164
2018-03-07T21:00:00.0,21,35521.004
2018-03-07T22:00:00.0,22,36048.64
2018-03-07T23:00:00.0,23,37954.863
2018-03-08T00:00:00.0,0,38665.406
2018-03-08T01:00:00.0,1,38173.082
2018-03-08T02:00:00.0,2,36741.223
2018-03-08T03:00:00.0,3,34530.152
2018-03-08T04:00:00.0,4,32732.615
2018-03-08T05:00:00.0,5,31734.834
2018-03-08T06:00:00.0,6,31369.35
2018-03-08T07:00:00.0,7,31349.854
2018-03-08T08:00:00.0,8,31806.29
2018-03-08T09:00:00.0,9,33423.832
2018-03-08T10:00:00.0,10,36846.71
2018-03-08T11:00:00.0,11,40232.69
2018-03-08T12:00:00.0,12,39991.598
2018-03-08T13:00:00.0,13,39127.137
2018-03-08T14:00:00.0,14,38339.957
2018-03-08T15:00:00.0,15,37494.56
2018-03-08T16:00:00.0,16,36637.594
2018-03-08T17:00:00.0,17,36044.414
2018-03-08T18:00:00.0,18,35792.566
2018-03-08T19:00:00.0,19,35572.25
2018-03-08T20:00:00.0,20,35536.832
2018-03-08T21:00:00.0,21,35513.824
2018-03-08T22:00:00.0,22,35900.934
2018-03-08T23:00:00.0,23,37545.973
2018-03-09T00:00:00.0,0,38024.594
2018-03-09T01:00:00.0,1,37520.598
2018-03-09T02:00:00.0,2,35963.945
2018-03-09T03:00:00.0,3,33694.43
2018-03-09T04:00:00.0,4,31769.404
2018-03-09T05:00:00.0,5,30706.357
2018-03-09T06:00:00.0,6,30156.727
2018-03-09T07:00:00.0,7,30004.115
2018-03-09T08:00:00.0,8,30294.654
2018-03-09T09:00:00.0,9,31599.22
2018-03-09T10:00:00.0,10,34500.617
2018-03-09T11:00:00.0,11,37408.246
2018-03-09T12:00:00.0,12,37253.938
2018-03-09T13:00:00.0,13,36863.938
2018-03-09T14:00:00.0,14,36609.715
2018-03-09T15:00:00.0,15,36438.387
2018-03-09T16:00:00.0,16,36245.48
2018-03-09T17:00:00.0,17,36122.83
2018-03-09T18:00:00.0,18,36163.297
2018-03-09T19:00:00.0,19,35880.312
2018-03-09T20:00:00.0,20,35692.543
2018-03-09T21:00:00.0,21,35597.164
2018-03-09T22:00:00.0,22,35884.047
2018-03-09T23:00:00.0,23,36843.89
2018-03-10T00:00:00.0,0,36692.754
2018-03-10T01:00:00.0,1,35975.383
2018-03-10T02:00:00.0,2,34645.414
2018-03-10T03:00:00.0,3,33066.832
2018-03-10T04:00:00.0,4,31138.516
2018-03-10T05:00:00.0,5,29732.252
2018-03-10T06:00:00.0,6,28840.812
2018-03-10T07:00:00.0,7,28310.19
2018-03-10T08:00:00.0,8,28191.096
2018-03-10T09:00:00.0,9,28476.88
2018-03-10T10:00:00.0,10,29416.182
2018-03-10T11:00:00.0,11,30586.188
2018-03-10T12:00:00.0,12,31898.133
2018-03-10T13:00:00.0,13,33694.63
2018-03-10T14:00:00.0,14,35064.59
2018-03-10T15:00:00.0,15,36326.504
2018-03-10T16:00:00.0,16,37433.16
2018-03-10T17:00:00.0,17,38530.074
2018-03-10T18:00:00.0,18,39634.535
2018-03-10T19:00:00.0,19,40733.766
2018-03-10T20:00:00.0,20,41513.344
2018-03-10T21:00:00.0,21,41599.22
2018-03-10T22:00:00.0,22,40858.582
2018-03-10T23:00:00.0,23,40893.848
2018-03-11T00:00:00.0,0,40245.727
2018-03-11T01:00:00.0,1,38901.875
2018-03-11T02:00:00.0,2,37307.56
2018-03-11T03:00:00.0,3,35327.332
2018-03-11T04:00:00.0,4,33333.152
2018-03-11T05:00:00.0,5,31585.229
2018-03-11T06:00:00.0,6,30501.701
2018-03-11T07:00:00.0,7,29931.865
2018-03-11T08:00:00.0,8,29599.484
2018-03-11T09:00:00.0,9,29743.867
2018-03-11T10:00:00.0,10,30322.6
2018-03-11T11:00:00.0,11,31024.654
2018-03-11T12:00:00.0,12,32012.014
2018-03-11T13:00:00.0,13,33441.6
2018-03-11T14:00:00.0,14,34422.566
2018-03-11T15:00:00.0,15,35326.19
2018-03-11T16:00:00.0,16,36079.24
2018-03-11T17:00:00.0,17,36189.94
2018-03-11T18:00:00.0,18,35860.676
2018-03-11T19:00:00.0,19,35487.824
2018-03-11T20:00:00.0,20,35080.48
2018-03-11T21:00:00.0,21,34748.848
2018-03-11T22:00:00.0,22,34549.38
2018-03-11T23:00:00.0,23,35731.555
2018-03-12T00:00:00.0,0,35886.84
2018-03-12T01:00:00.0,1,34854.004
2018-03-12T02:00:00.0,2,32996.527
2018-03-12T03:00:00.0,3,31040.9
2018-03-12T04:00:00.0,4,29639.9
2018-03-12T05:00:00.0,5,29031.443
2018-03-12T06:00:00.0,6,28832.586
2018-03-12T07:00:00.0,7,29213.117
2018-03-12T08:00:00.0,8,30505.797
2018-03-12T09:00:00.0,9,32999.62
2018-03-12T10:00:00.0,10,36009.38
2018-03-12T11:00:00.0,11,37800.82
2018-03-12T12:00:00.0,12,38166.785
2018-03-12T13:00:00.0,13,38155.426
2018-03-12T14:00:00.0,14,37842.7
2018-03-12T15:00:00.0,15,37205.953
2018-03-12T16:00:00.0,16,36399.13
2018-03-12T17:00:00.0,17,35880.473
2018-03-12T18:00:00.0,18,35441.527
2018-03-12T19:00:00.0,19,35127.48
2018-03-12T20:00:00.0,20,34876.473
2018-03-12T21:00:00.0,21,34860.613
2018-03-12T22:00:00.0,22,35029.76
2018-03-12T23:00:00.0,23,36452.547
2018-03-13T00:00:00.0,0,36820.734
2018-03-13T01:00:00.0,1,35790.645
2018-03-13T02:00:00.0,2,33951.223
2018-03-13T03:00:00.0,3,32098.352
2018-03-13T04:00:00.0,4,31014.664
2018-03-13T05:00:00.0,5,30534.607
2018-03-13T06:00:00.0,6,30494.62
2018-03-13T07:00:00.0,7,30808.977
2018-03-13T08:00:00.0,8,31911.281
2018-03-13T09:00:00.0,9,34254.137
2018-03-13T10:00:00.0,10,36891.25
2018-03-13T11:00:00.0,11,38110.49
2018-03-13T12:00:00.0,12,38051.613
2018-03-13T13:00:00.0,13,37570.52
2018-03-13T14:00:00.0,14,36920.305
2018-03-13T15:00:00.0,15,36287.016
2018-03-13T16:00:00.0,16,35872.81
2018-03-13T17:00:00.0,17,35473.184
2018-03-13T18:00:00.0,18,35240.47
2018-03-13T19:00:00.0,19,35112.195
2018-03-13T20:00:00.0,20,35273.434
2018-03-13T21:00:00.0,21,35086.117
2018-03-13T22:00:00.0,22,35036.23
2018-03-13T23:00:00.0,23,36373.473
2018-03-14T00:00:00.0,0,36745.39
2018-03-14T01:00:00.0,1,35660.96
2018-03-14T02:00:00.0,2,33780.855
2018-03-14T03:00:00.0,3,31960.375
2018-03-14T04:00:00.0,4,30876.969
2018-03-14T05:00:00.0,5,30397.143
2018-03-14T06:00:00.0,6,30381.322
2018-03-14T07:00:00.0,7,30896.6
2018-03-14T08:00:00.0,8,32370.748
2018-03-14T09:00:00.0,9,35018.465
2018-03-14T10:00:00.0,10,38108.105
2018-03-14T11:00:00.0,11,39357.5
2018-03-14T12:00:00.0,12,38976.27
2018-03-14T13:00:00.0,13,38119.074
2018-03-14T14:00:00.0,14,37383.01
2018-03-14T15:00:00.0,15,36577.965
2018-03-14T16:00:00.0,16,36041.332
2018-03-14T17:00:00.0,17,35832.836
2018-03-14T18:00:00.0,18,35740.637
2018-03-14T19:00:00.0,19,35839.977
2018-03-14T20:00:00.0,20,35886.145
2018-03-14T21:00:00.0,21,35780.152
2018-03-14T22:00:00.0,22,35510.062
2018-03-14T23:00:00.0,23,36649.363
2018-03-15T00:00:00.0,0,36775.492
2018-03-15T01:00:00.0,1,35623.53
2018-03-15T02:00:00.0,2,33733.02
2018-03-15T03:00:00.0,3,31703.08
2018-03-15T04:00:00.0,4,30338.396
2018-03-15T05:00:00.0,5,29683.469
2018-03-15T06:00:00.0,6,29482.42
2018-03-15T07:00:00.0,7,29770.53
2018-03-15T08:00:00.0,8,30835.57
2018-03-15T09:00:00.0,9,33090.535
2018-03-15T10:00:00.0,10,35788.254
2018-03-15T11:00:00.0,11,36846.434
2018-03-15T12:00:00.0,12,36820.47
2018-03-15T13:00:00.0,13,36782.344
2018-03-15T14:00:00.0,14,36921.91
2018-03-15T15:00:00.0,15,36885.574
2018-03-15T16:00:00.0,16,36752.61
2018-03-15T17:00:00.0,17,36788.93
2018-03-15T18:00:00.0,18,36667.62
2018-03-15T19:00:00.0,19,36803.016
2018-03-15T20:00:00.0,20,36730.87
2018-03-15T21:00:00.0,21,36689.797
2018-03-15T22:00:00.0,22,36764.5
2018-03-15T23:00:00.0,23,37672.777
2018-03-16T00:00:00.0,0,37622.223
2018-03-16T01:00:00.0,1,36419.523
2018-03-16T02:00:00.0,2,34464.77
2018-03-16T03:00:00.0,3,32298.494
2018-03-16T04:00:00.0,4,30739.5
2018-03-16T05:00:00.0,5,29704.35
2018-03-16T06:00:00.0,6,29095.033
2018-03-16T07:00:00.0,7,29013.89
2018-03-16T08:00:00.0,8,29535.79
2018-03-16T09:00:00.0,9,31183.89
2018-03-16T10:00:00.0,10,33322.996
2018-03-16T11:00:00.0,11,34476.543
2018-03-16T12:00:00.0,12,35345.254
2018-03-16T13:00:00.0,13,36508.53
2018-03-16T14:00:00.0,14,37483.43
2018-03-16T15:00:00.0,15,38449.055
2018-03-16T16:00:00.0,16,39948.125
2018-03-16T17:00:00.0,17,40533.758
2018-03-16T18:00:00.0,18,41540.785
2018-03-16T19:00:00.0,19,42531.047
2018-03-16T20:00:00.0,20,43189.23
2018-03-16T21:00:00.0,21,42972.234
2018-03-16T22:00:00.0,22,41660.098
2018-03-16T23:00:00.0,23,41198.496
2018-03-17T00:00:00.0,0,40461.84
2018-03-17T01:00:00.0,1,38620.195
2018-03-17T02:00:00.0,2,36311.746
2018-03-17T03:00:00.0,3,33834.004
2018-03-17T04:00:00.0,4,31839.63
2018-03-17T05:00:00.0,5,30490.71
2018-03-17T06:00:00.0,6,29677.357
2018-03-17T07:00:00.0,7,29347.193
2018-03-17T08:00:00.0,8,29407.697
2018-03-17T09:00:00.0,9,30068.693
2018-03-17T10:00:00.0,10,31268.768
2018-03-17T11:00:00.0,11,32299.625
2018-03-17T12:00:00.0,12,33622.758
2018-03-17T13:00:00.0,13,35180.17
2018-03-17T14:00:00.0,14,36214.285
2018-03-17T15:00:00.0,15,36951.973
2018-03-17T16:00:00.0,16,37575.16
2018-03-17T17:00:00.0,17,38578.76
2018-03-17T18:00:00.0,18,39573.246
2018-03-17T19:00:00.0,19,40560.926
2018-03-17T20:00:00.0,20,40884.547
2018-03-17T21:00:00.0,21,40675.81
2018-03-17T22:00:00.0,22,39638.62
2018-03-17T23:00:00.0,23,39390.645
2018-03-18T00:00:00.0,0,38857.03
2018-03-18T01:00:00.0,1,37418.285
2018-03-18T02:00:00.0,2,35628.332
2018-03-18T03:00:00.0,3,33485.457
2018-03-18T04:00:00.0,4,31670.928
2018-03-18T05:00:00.0,5,30422.322
2018-03-18T06:00:00.0,6,29503.033
2018-03-18T07:00:00.0,7,28983.85
2018-03-18T08:00:00.0,8,28847.326
2018-03-18T09:00:00.0,9,29173.436
2018-03-18T10:00:00.0,10,30045.299
2018-03-18T11:00:00.0,11,30892.834
2018-03-18T12:00:00.0,12,32303.248
2018-03-18T13:00:00.0,13,34089.227
2018-03-18T14:00:00.0,14,35473.39
2018-03-18T15:00:00.0,15,36671.71
2018-03-18T16:00:00.0,16,37513.188
2018-03-18T17:00:00.0,17,38347.707
2018-03-18T18:00:00.0,18,39660.293
2018-03-18T19:00:00.0,19,41213.652
2018-03-18T20:00:00.0,20,42159.547
2018-03-18T21:00:00.0,21,42413.246
2018-03-18T22:00:00.0,22,41741.137
2018-03-18T23:00:00.0,23,41984.62
2018-03-19T00:00:00.0,0,41825.13
2018-03-19T01:00:00.0,1,39881.98
2018-03-19T02:00:00.0,2,36800.85
2018-03-19T03:00:00.0,3,34008.855
2018-03-19T04:00:00.0,4,31907.994
2018-03-19T05:00:00.0,5,30774.875
2018-03-19T06:00:00.0,6,29924.5
2018-03-19T07:00:00.0,7,29828.186
2018-03-19T08:00:00.0,8,30701.656
2018-03-19T09:00:00.0,9,33220.754
2018-03-19T10:00:00.0,10,36456.043
2018-03-19T11:00:00.0,11,36550.113
2018-03-19T12:00:00.0,12,36946.793
2018-03-19T13:00:00.0,13,37827.07
2018-03-19T14:00:00.0,14,38642.56
2018-03-19T15:00:00.0,15,39299.98
2018-03-19T16:00:00.0,16,39978.164
2018-03-19T17:00:00.0,17,40773.754
2018-03-19T18:00:00.0,18,41375.734
2018-03-19T19:00:00.0,19,41704.703
2018-03-19T20:00:00.0,20,41752.707
2018-03-19T21:00:00.0,21,41458.863
2018-03-19T22:00:00.0,22,40572.496
2018-03-19T23:00:00.0,23,40487.76
2018-03-20T00:00:00.0,0,40289.69
2018-03-20T01:00:00.0,1,37999.53
2018-03-20T02:00:00.0,2,34766.402
2018-03-20T03:00:00.0,3,31916.537
2018-03-20T04:00:00.0,4,30058.633
2018-03-20T05:00:00.0,5,28993.057
2018-03-20T06:00:00.0,6,28482.602
2018-03-20T07:00:00.0,7,28561.924
2018-03-20T08:00:00.0,8,29647.688
2018-03-20T09:00:00.0,9,32650.43
2018-03-20T10:00:00.0,10,36468.7
2018-03-20T11:00:00.0,11,36868.027
2018-03-20T12:00:00.0,12,36551.3
2018-03-20T13:00:00.0,13,36510.74
2018-03-20T14:00:00.0,14,36384.69
2018-03-20T15:00:00.0,15,36159.473
2018-03-20T16:00:00.0,16,36057.05
2018-03-20T17:00:00.0,17,36159.76
2018-03-20T18:00:00.0,18,36172.35
2018-03-20T19:00:00.0,19,36564.875
2018-03-20T20:00:00.0,20,37067.418
2018-03-20T21:00:00.0,21,37241.027
2018-03-20T22:00:00.0,22,37096.01
2018-03-20T23:00:00.0,23,37847.15
2018-03-21T00:00:00.0,0,38144.22
2018-03-21T01:00:00.0,1,36194.535
2018-03-21T02:00:00.0,2,33668.98
2018-03-21T03:00:00.0,3,31218.203
2018-03-21T04:00:00.0,4,29758.795
2018-03-21T05:00:00.0,5,29072.807
2018-03-21T06:00:00.0,6,28818.4
2018-03-21T07:00:00.0,7,29205.203
2018-03-21T08:00:00.0,8,30550.611
2018-03-21T09:00:00.0,9,33794.484
2018-03-21T10:00:00.0,10,37478.605
2018-03-21T11:00:00.0,11,37803.4
2018-03-21T12:00:00.0,12,37105.71
2018-03-21T13:00:00.0,13,36589.15
2018-03-21T14:00:00.0,14,36360.168
2018-03-21T15:00:00.0,15,36092.812
2018-03-21T16:00:00.0,16,36032.957
2018-03-21T17:00:00.0,17,36359.133
2018-03-21T18:00:00.0,18,36701.664
2018-03-21T19:00:00.0,19,37204.082
2018-03-21T20:00:00.0,20,37766.76
2018-03-21T21:00:00.0,21,37852.848
2018-03-21T22:00:00.0,22,37444.152
2018-03-21T23:00:00.0,23,38057.152
2018-03-22T00:00:00.0,0,38397.125
2018-03-22T01:00:00.0,1,36750.04
2018-03-22T02:00:00.0,2,33996.332
2018-03-22T03:00:00.0,3,31344.258
2018-03-22T04:00:00.0,4,29710.51
2018-03-22T05:00:00.0,5,28791.258
2018-03-22T06:00:00.0,6,28367.297
2018-03-22T07:00:00.0,7,28466.83
2018-03-22T08:00:00.0,8,29589.783
2018-03-22T09:00:00.0,9,32599.938
2018-03-22T10:00:00.0,10,36226.43
2018-03-22T11:00:00.0,11,36416.457
2018-03-22T12:00:00.0,12,36183.01
2018-03-22T13:00:00.0,13,36434.582
2018-03-22T14:00:00.0,14,36765.55
2018-03-22T15:00:00.0,15,36918.656
2018-03-22T16:00:00.0,16,37385.246
2018-03-22T17:00:00.0,17,37993.99
2018-03-22T18:00:00.0,18,38606.37
2018-03-22T19:00:00.0,19,39203.46
2018-03-22T20:00:00.0,20,39532.387
2018-03-22T21:00:00.0,21,39323.83
2018-03-22T22:00:00.0,22,38753.676
2018-03-22T23:00:00.0,23,39366.277
2018-03-23T00:00:00.0,0,39473.863
2018-03-23T01:00:00.0,1,37646.688
2018-03-23T02:00:00.0,2,34881.273
2018-03-23T03:00:00.0,3,32133.672
2018-03-23T04:00:00.0,4,30300.22
2018-03-23T05:00:00.0,5,29139.615
2018-03-23T06:00:00.0,6,28559.775
2018-03-23T07:00:00.0,7,28493.82
2018-03-23T08:00:00.0,8,29402.244
2018-03-23T09:00:00.0,9,31941.1
2018-03-23T10:00:00.0,10,35299.926
2018-03-23T11:00:00.0,11,35737.13
2018-03-23T12:00:00.0,12,36175.473
2018-03-23T13:00:00.0,13,37071.723
2018-03-23T14:00:00.0,14,37824.44
2018-03-23T15:00:00.0,15,38295.324
2018-03-23T16:00:00.0,16,38788.55
2018-03-23T17:00:00.0,17,39557.734
2018-03-23T18:00:00.0,18,40093.01
2018-03-23T19:00:00.0,19,40539.074
2018-03-23T20:00:00.0,20,40690.074
2018-03-23T21:00:00.0,21,40158.934
2018-03-23T22:00:00.0,22,39313.438
2018-03-23T23:00:00.0,23,39572.62
2018-03-24T00:00:00.0,0,39583.35
2018-03-24T01:00:00.0,1,38317.23
2018-03-24T02:00:00.0,2,36371.023
2018-03-24T03:00:00.0,3,34067.234
2018-03-24T04:00:00.0,4,32027.451
2018-03-24T05:00:00.0,5,30633.89
2018-03-24T06:00:00.0,6,29879.518
2018-03-24T07:00:00.0,7,29405.525
2018-03-24T08:00:00.0,8,29414.172
2018-03-24T09:00:00.0,9,30148.076
2018-03-24T10:00:00.0,10,31423.818
2018-03-24T11:00:00.0,11,32557.154
2018-03-24T12:00:00.0,12,34157.31
2018-03-24T13:00:00.0,13,35897.098
2018-03-24T14:00:00.0,14,37258.92
2018-03-24T15:00:00.0,15,38228.883
2018-03-24T16:00:00.0,16,39131.934
2018-03-24T17:00:00.0,17,40043.074
2018-03-24T18:00:00.0,18,41229.02
2018-03-24T19:00:00.0,19,42229.215
2018-03-24T20:00:00.0,20,42847.434
2018-03-24T21:00:00.0,21,42674.05
2018-03-24T22:00:00.0,22,41682.28
2018-03-24T23:00:00.0,23,41455.56
2018-03-25T00:00:00.0,0,40962.297
2018-03-25T01:00:00.0,1,39305.19
2018-03-25T02:00:00.0,2,37173.25
2018-03-25T03:00:00.0,3,34796.168
2018-03-25T04:00:00.0,4,32609.906
2018-03-25T05:00:00.0,5,30909.883
2018-03-25T06:00:00.0,6,29835.24
2018-03-25T07:00:00.0,7,29201.193
2018-03-25T08:00:00.0,8,29012.217
2018-03-25T09:00:00.0,9,29238.014
2018-03-25T10:00:00.0,10,30023.58
2018-03-25T11:00:00.0,11,30799.576
2018-03-25T12:00:00.0,12,32486.842
2018-03-25T13:00:00.0,13,34391.91
2018-03-25T14:00:00.0,14,36174.88
2018-03-25T15:00:00.0,15,37680.17
2018-03-25T16:00:00.0,16,38941.0
2018-03-25T17:00:00.0,17,40042.23
2018-03-25T18:00:00.0,18,40874.004
2018-03-25T19:00:00.0,19,41386.062
2018-03-25T20:00:00.0,20,41777.09
2018-03-25T21:00:00.0,21,41949.16
2018-03-25T22:00:00.0,22,41354.105
2018-03-25T23:00:00.0,23,41862.277
2018-03-26T00:00:00.0,0,41995.9
2018-03-26T01:00:00.0,1,40258.965
2018-03-26T02:00:00.0,2,37368.12
2018-03-26T03:00:00.0,3,34470.285
2018-03-26T04:00:00.0,4,32421.703
2018-03-26T05:00:00.0,5,31137.99
2018-03-26T06:00:00.0,6,30381.037
2018-03-26T07:00:00.0,7,30228.455
2018-03-26T08:00:00.0,8,31054.908
2018-03-26T09:00:00.0,9,33584.723
2018-03-26T10:00:00.0,10,36832.027
2018-03-26T11:00:00.0,11,37224.848
2018-03-26T12:00:00.0,12,37653.434
2018-03-26T13:00:00.0,13,38854.316
2018-03-26T14:00:00.0,14,40321.965
2018-03-26T15:00:00.0,15,41765.51
2018-03-26T16:00:00.0,16,43146.94
2018-03-26T17:00:00.0,17,44575.723
2018-03-26T18:00:00.0,18,45784.61
2018-03-26T19:00:00.0,19,46723.598
2018-03-26T20:00:00.0,20,46945.855
2018-03-26T21:00:00.0,21,46451.457
2018-03-26T22:00:00.0,22,45311.004
2018-03-26T23:00:00.0,23,45396.926
2018-03-27T00:00:00.0,0,45021.0
2018-03-27T01:00:00.0,1,42626.16
2018-03-27T02:00:00.0,2,39306.535
2018-03-27T03:00:00.0,3,36156.918
2018-03-27T04:00:00.0,4,33883.516
2018-03-27T05:00:00.0,5,32405.682
2018-03-27T06:00:00.0,6,31588.912
2018-03-27T07:00:00.0,7,31339.795
2018-03-27T08:00:00.0,8,32080.875
2018-03-27T09:00:00.0,9,34576.27
2018-03-27T10:00:00.0,10,37736.223
2018-03-27T11:00:00.0,11,37822.547
2018-03-27T12:00:00.0,12,38305.06
2018-03-27T13:00:00.0,13,39198.504
2018-03-27T14:00:00.0,14,40176.8
2018-03-27T15:00:00.0,15,41083.266
2018-03-27T16:00:00.0,16,41767.73
2018-03-27T17:00:00.0,17,41842.496
2018-03-27T18:00:00.0,18,41513.426
2018-03-27T19:00:00.0,19,41452.684
2018-03-27T20:00:00.0,20,41453.02
2018-03-27T21:00:00.0,21,41214.25
2018-03-27T22:00:00.0,22,40767.754
2018-03-27T23:00:00.0,23,41238.543
2018-03-28T00:00:00.0,0,40866.44
2018-03-28T01:00:00.0,1,38810.89
2018-03-28T02:00:00.0,2,35845.332
2018-03-28T03:00:00.0,3,33258.902
2018-03-28T04:00:00.0,4,31547.568
2018-03-28T05:00:00.0,5,30433.889
2018-03-28T06:00:00.0,6,29746.943
2018-03-28T07:00:00.0,7,29564.188
2018-03-28T08:00:00.0,8,30332.264
2018-03-28T09:00:00.0,9,32651.068
2018-03-28T10:00:00.0,10,35942.684
2018-03-28T11:00:00.0,11,36468.72
2018-03-28T12:00:00.0,12,36666.754
2018-03-28T13:00:00.0,13,37284.547
2018-03-28T14:00:00.0,14,37986.887
2018-03-28T15:00:00.0,15,38446.066
2018-03-28T16:00:00.0,16,38634.13
2018-03-28T17:00:00.0,17,38779.188
2018-03-28T18:00:00.0,18,38791.156
2018-03-28T19:00:00.0,19,38930.293
2018-03-28T20:00:00.0,20,38969.098
2018-03-28T21:00:00.0,21,38750.57
2018-03-28T22:00:00.0,22,38507.03
2018-03-28T23:00:00.0,23,39016.145
2018-03-29T00:00:00.0,0,38989.277
2018-03-29T01:00:00.0,1,37217.586
2018-03-29T02:00:00.0,2,34438.26
2018-03-29T03:00:00.0,3,31815.666
2018-03-29T04:00:00.0,4,30131.822
2018-03-29T05:00:00.0,5,29158.992
2018-03-29T06:00:00.0,6,28436.352
2018-03-29T07:00:00.0,7,28277.107
2018-03-29T08:00:00.0,8,29049.604
2018-03-29T09:00:00.0,9,31436.482
2018-03-29T10:00:00.0,10,34802.676
2018-03-29T11:00:00.0,11,35341.28
2018-03-29T12:00:00.0,12,35485.523
2018-03-29T13:00:00.0,13,36128.47
2018-03-29T14:00:00.0,14,36735.152
2018-03-29T15:00:00.0,15,37230.79
2018-03-29T16:00:00.0,16,38034.76
2018-03-29T17:00:00.0,17,39079.027
2018-03-29T18:00:00.0,18,40047.58
2018-03-29T19:00:00.0,19,40974.09
2018-03-29T20:00:00.0,20,41433.38
2018-03-29T21:00:00.0,21,41152.223
2018-03-29T22:00:00.0,22,40099.754
2018-03-29T23:00:00.0,23,39569.7
2018-03-30T00:00:00.0,0,39344.516
2018-03-30T01:00:00.0,1,37559.465
2018-03-30T02:00:00.0,2,35136.203
2018-03-30T03:00:00.0,3,32459.023
2018-03-30T04:00:00.0,4,30355.604
2018-03-30T05:00:00.0,5,29080.117
2018-03-30T06:00:00.0,6,28356.885
2018-03-30T07:00:00.0,7,28159.916
2018-03-30T08:00:00.0,8,28628.492
2018-03-30T09:00:00.0,9,30152.111
2018-03-30T10:00:00.0,10,31977.195
2018-03-30T11:00:00.0,11,32765.533
2018-03-30T12:00:00.0,12,33777.887
2018-03-30T13:00:00.0,13,34700.383
2018-03-30T14:00:00.0,14,35284.59
2018-03-30T15:00:00.0,15,35678.805
2018-03-30T16:00:00.0,16,36078.586
2018-03-30T17:00:00.0,17,36671.223
2018-03-30T18:00:00.0,18,37329.09
2018-03-30T19:00:00.0,19,38017.79
2018-03-30T20:00:00.0,20,38574.496
2018-03-30T21:00:00.0,21,38608.55
2018-03-30T22:00:00.0,22,37652.76
2018-03-30T23:00:00.0,23,37206.77
2018-03-31T00:00:00.0,0,37127.12
2018-03-31T01:00:00.0,1,35801.66
2018-03-31T02:00:00.0,2,33863.062
2018-03-31T03:00:00.0,3,31661.049
2018-03-31T04:00:00.0,4,29925.607
2018-03-31T05:00:00.0,5,28761.553
2018-03-31T06:00:00.0,6,28072.88
2018-03-31T07:00:00.0,7,27750.139
2018-03-31T08:00:00.0,8,27945.906
2018-03-31T09:00:00.0,9,28660.102
2018-03-31T10:00:00.0,10,29735.236
2018-03-31T11:00:00.0,11,30682.686
2018-03-31T12:00:00.0,12,32451.021
2018-03-31T13:00:00.0,13,33898.402
2018-03-31T14:00:00.0,14,34826.125
2018-03-31T15:00:00.0,15,35531.61
2018-03-31T16:00:00.0,16,36269.81
2018-03-31T17:00:00.0,17,37168.31
2018-03-31T18:00:00.0,18,38121.703
2018-03-31T19:00:00.0,19,39103.473
2018-03-31T20:00:00.0,20,39721.33
2018-03-31T21:00:00.0,21,39672.17
2018-03-31T22:00:00.0,22,38701.176
2018-03-31T23:00:00.0,23,38384.047
2018-04-01T00:00:00.0,0,38398.65
2018-04-01T01:00:00.0,1,36987.91
2018-04-01T02:00:00.0,2,35082.758
2018-04-01T03:00:00.0,3,32806.99
2018-04-01T04:00:00.0,4,30735.154
2018-04-01T05:00:00.0,5,29275.373
2018-04-01T06:00:00.0,6,28272.6
2018-04-01T07:00:00.0,7,27687.693
2018-04-01T08:00:00.0,8,27486.945
2018-04-01T09:00:00.0,9,27813.969
2018-04-01T10:00:00.0,10,28615.44
2018-04-01T11:00:00.0,11,29454.38
2018-04-01T12:00:00.0,12,31335.158
2018-04-01T13:00:00.0,13,33127.145
2018-04-01T14:00:00.0,14,34433.45
2018-04-01T15:00:00.0,15,35541.76
2018-04-01T16:00:00.0,16,36354.477
2018-04-01T17:00:00.0,17,37187.453
2018-04-01T18:00:00.0,18,37814.523
2018-04-01T19:00:00.0,19,38388.754
2018-04-01T20:00:00.0,20,38700.062
2018-04-01T21:00:00.0,21,38637.527
2018-04-01T22:00:00.0,22,38271.902
2018-04-01T23:00:00.0,23,38900.926
2018-04-02T00:00:00.0,0,39171.82
2018-04-02T01:00:00.0,1,37760.1
2018-04-02T02:00:00.0,2,35122.414
2018-04-02T03:00:00.0,3,32461.807
2018-04-02T04:00:00.0,4,30798.508
2018-04-02T05:00:00.0,5,29851.352
2018-04-02T06:00:00.0,6,29381.443
2018-04-02T07:00:00.0,7,29536.38
2018-04-02T08:00:00.0,8,30703.047
2018-04-02T09:00:00.0,9,33414.457
2018-04-02T10:00:00.0,10,36686.414
2018-04-02T11:00:00.0,11,37414.223
2018-04-02T12:00:00.0,12,38149.348
2018-04-02T13:00:00.0,13,39255.66
2018-04-02T14:00:00.0,14,40358.387
2018-04-02T15:00:00.0,15,41353.895
2018-04-02T16:00:00.0,16,42258.52
2018-04-02T17:00:00.0,17,43173.047
2018-04-02T18:00:00.0,18,43813.934
2018-04-02T19:00:00.0,19,44181.87
2018-04-02T20:00:00.0,20,44366.83
2018-04-02T21:00:00.0,21,43883.23
2018-04-02T22:00:00.0,22,43005.383
2018-04-02T23:00:00.0,23,43192.215
2018-04-03T00:00:00.0,0,43113.215
2018-04-03T01:00:00.0,1,40983.82
2018-04-03T02:00:00.0,2,37897.45
2018-04-03T03:00:00.0,3,34989.184
2018-04-03T04:00:00.0,4,33027.793
2018-04-03T05:00:00.0,5,31807.36
2018-04-03T06:00:00.0,6,31039.21
2018-04-03T07:00:00.0,7,30894.537
2018-04-03T08:00:00.0,8,31722.842
2018-04-03T09:00:00.0,9,34244.348
2018-04-03T10:00:00.0,10,37392.81
2018-04-03T11:00:00.0,11,37557.316
2018-04-03T12:00:00.0,12,38259.26
2018-04-03T13:00:00.0,13,39556.703
2018-04-03T14:00:00.0,14,40918.64
2018-04-03T15:00:00.0,15,42030.035
2018-04-03T16:00:00.0,16,42928.926
2018-04-03T17:00:00.0,17,43598.832
2018-04-03T18:00:00.0,18,43760.137
2018-04-03T19:00:00.0,19,43967.75
2018-04-03T20:00:00.0,20,43962.72
2018-04-03T21:00:00.0,21,43329.95
2018-04-03T22:00:00.0,22,42465.59
2018-04-03T23:00:00.0,23,42482.215
2018-04-04T00:00:00.0,0,42205.848
2018-04-04T01:00:00.0,1,39762.79
2018-04-04T02:00:00.0,2,36291.49
2018-04-04T03:00:00.0,3,32911.613
2018-04-04T04:00:00.0,4,30921.666
2018-04-04T05:00:00.0,5,29674.13
2018-04-04T06:00:00.0,6,28999.498
2018-04-04T07:00:00.0,7,28887.846
2018-04-04T08:00:00.0,8,29909.525
2018-04-04T09:00:00.0,9,32831.992
2018-04-04T10:00:00.0,10,36484.62
2018-04-04T11:00:00.0,11,36689.254
2018-04-04T12:00:00.0,12,36529.574
2018-04-04T13:00:00.0,13,36506.594
2018-04-04T14:00:00.0,14,36279.234
2018-04-04T15:00:00.0,15,35964.57
2018-04-04T16:00:00.0,16,35728.605
2018-04-04T17:00:00.0,17,35586.06
2018-04-04T18:00:00.0,18,35571.03
2018-04-04T19:00:00.0,19,35789.59
2018-04-04T20:00:00.0,20,36121.38
2018-04-04T21:00:00.0,21,36243.637
2018-04-04T22:00:00.0,22,36160.49
2018-04-04T23:00:00.0,23,36858.965
2018-04-05T00:00:00.0,0,37615.355
2018-04-05T01:00:00.0,1,36094.207
2018-04-05T02:00:00.0,2,33522.816
2018-04-05T03:00:00.0,3,31107.533
2018-04-05T04:00:00.0,4,29770.297
2018-04-05T05:00:00.0,5,29089.361
2018-04-05T06:00:00.0,6,28784.178
2018-04-05T07:00:00.0,7,29029.549
2018-04-05T08:00:00.0,8,30042.312
2018-04-05T09:00:00.0,9,32806.082
2018-04-05T10:00:00.0,10,36163.52
2018-04-05T11:00:00.0,11,36264.434
2018-04-05T12:00:00.0,12,36310.01
2018-04-05T13:00:00.0,13,36729.043
2018-04-05T14:00:00.0,14,37019.133
2018-04-05T15:00:00.0,15,37038.008
2018-04-05T16:00:00.0,16,37311.312
2018-04-05T17:00:00.0,17,37691.637
2018-04-05T18:00:00.0,18,37885.184
2018-04-05T19:00:00.0,19,38238.54
2018-04-05T20:00:00.0,20,38647.11
2018-04-05T21:00:00.0,21,38665.973
2018-04-05T22:00:00.0,22,38517.113
2018-04-05T23:00:00.0,23,39289.547
2018-04-06T00:00:00.0,0,39813.113
2018-04-06T01:00:00.0,1,38340.87
2018-04-06T02:00:00.0,2,35706.637
2018-04-06T03:00:00.0,3,33069.613
2018-04-06T04:00:00.0,4,31430.104
2018-04-06T05:00:00.0,5,30459.326
2018-04-06T06:00:00.0,6,29882.812
2018-04-06T07:00:00.0,7,29847.26
2018-04-06T08:00:00.0,8,30667.861
2018-04-06T09:00:00.0,9,33102.895
2018-04-06T10:00:00.0,10,36505.09
2018-04-06T11:00:00.0,11,36987.945
2018-04-06T12:00:00.0,12,37737.805
2018-04-06T13:00:00.0,13,38925.152
2018-04-06T14:00:00.0,14,40241.42
2018-04-06T15:00:00.0,15,41393.715
2018-04-06T16:00:00.0,16,42519.848
2018-04-06T17:00:00.0,17,43535.91
2018-04-06T18:00:00.0,18,44280.39
2018-04-06T19:00:00.0,19,44879.598
2018-04-06T20:00:00.0,20,45067.152
2018-04-06T21:00:00.0,21,44392.996
2018-04-06T22:00:00.0,22,43072.51
2018-04-06T23:00:00.0,23,42508.363
2018-04-07T00:00:00.0,0,41976.812
2018-04-07T01:00:00.0,1,40178.984
2018-04-07T02:00:00.0,2,37613.227
2018-04-07T03:00:00.0,3,34913.324
2018-04-07T04:00:00.0,4,32907.332
2018-04-07T05:00:00.0,5,31488.389
2018-04-07T06:00:00.0,6,30664.39
2018-04-07T07:00:00.0,7,30321.037
2018-04-07T08:00:00.0,8,30522.865
2018-04-07T09:00:00.0,9,31396.225
2018-04-07T10:00:00.0,10,33050.426
2018-04-07T11:00:00.0,11,34866.207
2018-04-07T12:00:00.0,12,36898.344
2018-04-07T13:00:00.0,13,38639.617
2018-04-07T14:00:00.0,14,39567.387
2018-04-07T15:00:00.0,15,39708.363
2018-04-07T16:00:00.0,16,39538.09
2018-04-07T17:00:00.0,17,39089.28
2018-04-07T18:00:00.0,18,38397.176
2018-04-07T19:00:00.0,19,37859.645
2018-04-07T20:00:00.0,20,37632.637
2018-04-07T21:00:00.0,21,37644.215
2018-04-07T22:00:00.0,22,37785.176
2018-04-07T23:00:00.0,23,38909.777
2018-04-08T00:00:00.0,0,39301.785
2018-04-08T01:00:00.0,1,38408.91
2018-04-08T02:00:00.0,2,36907.645
2018-04-08T03:00:00.0,3,35300.426
2018-04-08T04:00:00.0,4,34149.105
2018-04-08T05:00:00.0,5,33423.26
2018-04-08T06:00:00.0,6,33019.066
2018-04-08T07:00:00.0,7,32928.707
2018-04-08T08:00:00.0,8,33148.934
2018-04-08T09:00:00.0,9,33931.332
2018-04-08T10:00:00.0,10,34923.62
2018-04-08T11:00:00.0,11,35923.51
2018-04-08T12:00:00.0,12,37286.414
2018-04-08T13:00:00.0,13,37934.594
2018-04-08T14:00:00.0,14,37477.668
2018-04-08T15:00:00.0,15,36754.996
2018-04-08T16:00:00.0,16,35879.44
2018-04-08T17:00:00.0,17,34992.652
2018-04-08T18:00:00.0,18,34337.727
2018-04-08T19:00:00.0,19,33944.895
2018-04-08T20:00:00.0,20,33975.098
2018-04-08T21:00:00.0,21,34400.465
2018-04-08T22:00:00.0,22,34847.57
2018-04-08T23:00:00.0,23,36254.715
2018-04-09T00:00:00.0,0,37234.594
2018-04-09T01:00:00.0,1,35901.16
2018-04-09T02:00:00.0,2,33428.973
2018-04-09T03:00:00.0,3,31180.396
2018-04-09T04:00:00.0,4,29759.729
2018-04-09T05:00:00.0,5,29040.486
2018-04-09T06:00:00.0,6,28933.326
2018-04-09T07:00:00.0,7,29235.338
2018-04-09T08:00:00.0,8,30587.229
2018-04-09T09:00:00.0,9,33592.938
2018-04-09T10:00:00.0,10,37092.89
2018-04-09T11:00:00.0,11,37315.816
2018-04-09T12:00:00.0,12,37126.938
2018-04-09T13:00:00.0,13,37118.594
2018-04-09T14:00:00.0,14,37000.707
2018-04-09T15:00:00.0,15,36791.566
2018-04-09T16:00:00.0,16,36569.504
2018-04-09T17:00:00.0,17,36524.863
2018-04-09T18:00:00.0,18,36349.55
2018-04-09T19:00:00.0,19,36353.84
2018-04-09T20:00:00.0,20,36445.793
2018-04-09T21:00:00.0,21,36494.457
2018-04-09T22:00:00.0,22,36626.63
2018-04-09T23:00:00.0,23,37516.38
2018-04-10T00:00:00.0,0,37749.773
2018-04-10T01:00:00.0,1,35875.6
2018-04-10T02:00:00.0,2,33115.766
2018-04-10T03:00:00.0,3,30799.744
2018-04-10T04:00:00.0,4,29432.889
2018-04-10T05:00:00.0,5,28713.6
2018-04-10T06:00:00.0,6,28398.693
2018-04-10T07:00:00.0,7,28597.078
2018-04-10T08:00:00.0,8,29867.82
2018-04-10T09:00:00.0,9,32880.69
2018-04-10T10:00:00.0,10,36366.816
2018-04-10T11:00:00.0,11,36373.094
2018-04-10T12:00:00.0,12,36063.035
2018-04-10T13:00:00.0,13,35963.496
2018-04-10T14:00:00.0,14,35942.273
2018-04-10T15:00:00.0,15,35820.266
2018-04-10T16:00:00.0,16,35938.625
2018-04-10T17:00:00.0,17,36230.074
2018-04-10T18:00:00.0,18,36611.703
2018-04-10T19:00:00.0,19,37243.3
2018-04-10T20:00:00.0,20,37985.95
2018-04-10T21:00:00.0,21,38251.613
2018-04-10T22:00:00.0,22,37945.355
2018-04-10T23:00:00.0,23,38113.676
2018-04-11T00:00:00.0,0,38551.98
2018-04-11T01:00:00.0,1,36505.504
2018-04-11T02:00:00.0,2,33561.805
2018-04-11T03:00:00.0,3,30930.979
2018-04-11T04:00:00.0,4,29316.959
2018-04-11T05:00:00.0,5,28510.416
2018-04-11T06:00:00.0,6,28220.664
2018-04-11T07:00:00.0,7,28461.932
2018-04-11T08:00:00.0,8,29571.06
2018-04-11T09:00:00.0,9,32601.393
2018-04-11T10:00:00.0,10,35989.773
2018-04-11T11:00:00.0,11,35907.61
2018-04-11T12:00:00.0,12,35839.844
2018-04-11T13:00:00.0,13,36100.188
2018-04-11T14:00:00.0,14,36332.02
2018-04-11T15:00:00.0,15,36768.15
2018-04-11T16:00:00.0,16,37408.438
2018-04-11T17:00:00.0,17,38320.58
2018-04-11T18:00:00.0,18,39185.2
2018-04-11T19:00:00.0,19,40108.06
2018-04-11T20:00:00.0,20,40913.266
2018-04-11T21:00:00.0,21,41121.23
2018-04-11T22:00:00.0,22,40548.598
2018-04-11T23:00:00.0,23,40319.668
2018-04-12T00:00:00.0,0,40623.7
2018-04-12T01:00:00.0,1,38593.46
2018-04-12T02:00:00.0,2,35269.156
2018-04-12T03:00:00.0,3,32347.82
2018-04-12T04:00:00.0,4,30462.188
2018-04-12T05:00:00.0,5,29366.557
2018-04-12T06:00:00.0,6,28774.389
2018-04-12T07:00:00.0,7,28697.49
2018-04-12T08:00:00.0,8,29692.412
2018-04-12T09:00:00.0,9,32260.297
2018-04-12T10:00:00.0,10,35295.758
2018-04-12T11:00:00.0,11,35546.12
2018-04-12T12:00:00.0,12,36399.47
2018-04-12T13:00:00.0,13,37627.773
2018-04-12T14:00:00.0,14,38670.918
2018-04-12T15:00:00.0,15,39693.59
2018-04-12T16:00:00.0,16,40989.367
2018-04-12T17:00:00.0,17,42517.902
2018-04-12T18:00:00.0,18,43819.426
2018-04-12T19:00:00.0,19,45202.03
2018-04-12T20:00:00.0,20,46061.605
2018-04-12T21:00:00.0,21,45812.527
2018-04-12T22:00:00.0,22,44747.676
2018-04-12T23:00:00.0,23,44423.605
2018-04-13T00:00:00.0,0,44505.285
2018-04-13T01:00:00.0,1,42297.508
2018-04-13T02:00:00.0,2,39070.84
2018-04-13T03:00:00.0,3,36017.99
2018-04-13T04:00:00.0,4,33827.863
2018-04-13T05:00:00.0,5,32611.484
2018-04-13T06:00:00.0,6,31950.047
2018-04-13T07:00:00.0,7,31750.742
2018-04-13T08:00:00.0,8,32574.166
2018-04-13T09:00:00.0,9,35084.137
2018-04-13T10:00:00.0,10,38188.836
2018-04-13T11:00:00.0,11,38589.125
2018-04-13T12:00:00.0,12,39483.742
2018-04-13T13:00:00.0,13,40496.105
2018-04-13T14:00:00.0,14,41583.848
2018-04-13T15:00:00.0,15,42445.133
2018-04-13T16:00:00.0,16,43322.957
2018-04-13T17:00:00.0,17,44766.02
2018-04-13T18:00:00.0,18,45911.043
2018-04-13T19:00:00.0,19,46753.41
2018-04-13T20:00:00.0,20,46794.465
2018-04-13T21:00:00.0,21,45952.812
2018-04-13T22:00:00.0,22,44840.094
2018-04-13T23:00:00.0,23,44240.797
2018-04-14T00:00:00.0,0,43804.754
2018-04-14T01:00:00.0,1,41962.895
2018-04-14T02:00:00.0,2,38883.566
2018-04-14T03:00:00.0,3,35683.285
2018-04-14T04:00:00.0,4,32769.11
2018-04-14T05:00:00.0,5,30735.275
2018-04-14T06:00:00.0,6,29259.025
2018-04-14T07:00:00.0,7,28389.54
2018-04-14T08:00:00.0,8,28293.453
2018-04-14T09:00:00.0,9,28909.6
2018-04-14T10:00:00.0,10,30077.877
2018-04-14T11:00:00.0,11,31286.83
2018-04-14T12:00:00.0,12,32950.535
2018-04-14T13:00:00.0,13,34327.883
2018-04-14T14:00:00.0,14,34868.277
2018-04-14T15:00:00.0,15,34759.035
2018-04-14T16:00:00.0,16,34408.855
2018-04-14T17:00:00.0,17,33941.664
2018-04-14T18:00:00.0,18,33624.19
2018-04-14T19:00:00.0,19,33492.676
2018-04-14T20:00:00.0,20,33562.035
2018-04-14T21:00:00.0,21,33630.062
2018-04-14T22:00:00.0,22,33550.45
2018-04-14T23:00:00.0,23,34215.824
2018-04-15T00:00:00.0,0,34885.984
2018-04-15T01:00:00.0,1,34012.3
2018-04-15T02:00:00.0,2,32519.553
2018-04-15T03:00:00.0,3,30896.268
2018-04-15T04:00:00.0,4,29792.883
2018-04-15T05:00:00.0,5,29244.51
2018-04-15T06:00:00.0,6,28971.76
2018-04-15T07:00:00.0,7,29065.236
2018-04-15T08:00:00.0,8,29554.424
2018-04-15T09:00:00.0,9,30537.326
2018-04-15T10:00:00.0,10,31812.924
2018-04-15T11:00:00.0,11,33085.24
2018-04-15T12:00:00.0,12,34440.918
2018-04-15T13:00:00.0,13,34908.434
2018-04-15T14:00:00.0,14,34740.965
2018-04-15T15:00:00.0,15,34434.14
2018-04-15T16:00:00.0,16,34115.582
2018-04-15T17:00:00.0,17,33879.84
2018-04-15T18:00:00.0,18,33702.094
2018-04-15T19:00:00.0,19,33907.91
2018-04-15T20:00:00.0,20,34441.01
2018-04-15T21:00:00.0,21,34944.24
2018-04-15T22:00:00.0,22,35086.84
2018-04-15T23:00:00.0,23,35547.598
2018-04-16T00:00:00.0,0,36406.16
2018-04-16T01:00:00.0,1,35067.438
2018-04-16T02:00:00.0,2,32790.168
2018-04-16T03:00:00.0,3,30439.166
2018-04-16T04:00:00.0,4,29196.771
2018-04-16T05:00:00.0,5,28659.393
2018-04-16T06:00:00.0,6,28525.475
2018-04-16T07:00:00.0,7,28869.062
2018-04-16T08:00:00.0,8,30360.646
2018-04-16T09:00:00.0,9,33617.99
2018-04-16T10:00:00.0,10,37036.4
2018-04-16T11:00:00.0,11,37084.637
2018-04-16T12:00:00.0,12,36690.734
2018-04-16T13:00:00.0,13,36605.445
2018-04-16T14:00:00.0,14,36685.555
2018-04-16T15:00:00.0,15,36802.438
2018-04-16T16:00:00.0,16,37225.89
2018-04-16T17:00:00.0,17,37852.953
2018-04-16T18:00:00.0,18,38554.613
2018-04-16T19:00:00.0,19,39512.09
2018-04-16T20:00:00.0,20,40296.215
2018-04-16T21:00:00.0,21,40688.03
2018-04-16T22:00:00.0,22,40239.305
2018-04-16T23:00:00.0,23,40078.195
2018-04-17T00:00:00.0,0,40315.914
2018-04-17T01:00:00.0,1,38178.617
2018-04-17T02:00:00.0,2,34974.426
2018-04-17T03:00:00.0,3,31970.633
2018-04-17T04:00:00.0,4,30061.9
2018-04-17T05:00:00.0,5,28892.648
2018-04-17T06:00:00.0,6,28301.297
2018-04-17T07:00:00.0,7,28218.475
2018-04-17T08:00:00.0,8,29006.734
2018-04-17T09:00:00.0,9,31558.13
2018-04-17T10:00:00.0,10,34404.24
2018-04-17T11:00:00.0,11,34674.26
2018-04-17T12:00:00.0,12,35365.664
2018-04-17T13:00:00.0,13,36339.91
2018-04-17T14:00:00.0,14,37516.254
2018-04-17T15:00:00.0,15,38596.703
2018-04-17T16:00:00.0,16,39785.473
2018-04-17T17:00:00.0,17,41359.83
2018-04-17T18:00:00.0,18,42848.637
2018-04-17T19:00:00.0,19,44300.566
2018-04-17T20:00:00.0,20,45313.887
2018-04-17T21:00:00.0,21,45296.438
2018-04-17T22:00:00.0,22,44211.938
2018-04-17T23:00:00.0,23,43441.527
2018-04-18T00:00:00.0,0,43427.668
2018-04-18T01:00:00.0,1,41268.906
2018-04-18T02:00:00.0,2,37823.957
2018-04-18T03:00:00.0,3,34559.24
2018-04-18T04:00:00.0,4,32411.38
2018-04-18T05:00:00.0,5,30993.088
2018-04-18T06:00:00.0,6,30168.166
2018-04-18T07:00:00.0,7,29917.17
2018-04-18T08:00:00.0,8,30608.568
2018-04-18T09:00:00.0,9,32973.67
2018-04-18T10:00:00.0,10,35879.438
2018-04-18T11:00:00.0,11,36047.88
2018-04-18T12:00:00.0,12,36948.31
2018-04-18T13:00:00.0,13,38005.19
2018-04-18T14:00:00.0,14,39050.633
2018-04-18T15:00:00.0,15,40030.426
2018-04-18T16:00:00.0,16,41072.33
2018-04-18T17:00:00.0,17,42049.77
2018-04-18T18:00:00.0,18,42627.89
2018-04-18T19:00:00.0,19,42945.2
2018-04-18T20:00:00.0,20,43318.465
2018-04-18T21:00:00.0,21,43160.06
2018-04-18T22:00:00.0,22,42137.168
2018-04-18T23:00:00.0,23,41644.0
2018-04-19T00:00:00.0,0,41572.816
2018-04-19T01:00:00.0,1,39254.26
2018-04-19T02:00:00.0,2,35865.01
2018-04-19T03:00:00.0,3,32784.434
2018-04-19T04:00:00.0,4,30741.875
2018-04-19T05:00:00.0,5,29459.47
2018-04-19T06:00:00.0,6,28688.57
2018-04-19T07:00:00.0,7,28536.299
2018-04-19T08:00:00.0,8,29301.588
2018-04-19T09:00:00.0,9,31807.14
2018-04-19T10:00:00.0,10,34792.547
2018-04-19T11:00:00.0,11,34883.883
2018-04-19T12:00:00.0,12,35296.19
2018-04-19T13:00:00.0,13,35817.324
2018-04-19T14:00:00.0,14,36340.324
2018-04-19T15:00:00.0,15,36683.773
2018-04-19T16:00:00.0,16,37135.145
2018-04-19T17:00:00.0,17,37941.06
2018-04-19T18:00:00.0,18,38578.01
2018-04-19T19:00:00.0,19,39255.52
2018-04-19T20:00:00.0,20,39847.293
2018-04-19T21:00:00.0,21,39700.918
2018-04-19T22:00:00.0,22,38979.176
2018-04-19T23:00:00.0,23,38662.18
2018-04-20T00:00:00.0,0,38890.457
2018-04-20T01:00:00.0,1,36927.06
2018-04-20T02:00:00.0,2,33943.723
2018-04-20T03:00:00.0,3,31161.38
2018-04-20T04:00:00.0,4,29435.072
2018-04-20T05:00:00.0,5,28463.713
2018-04-20T06:00:00.0,6,28019.445
2018-04-20T07:00:00.0,7,28025.459
2018-04-20T08:00:00.0,8,29024.182
2018-04-20T09:00:00.0,9,31624.623
2018-04-20T10:00:00.0,10,34590.082
2018-04-20T11:00:00.0,11,34963.062
2018-04-20T12:00:00.0,12,35421.324
2018-04-20T13:00:00.0,13,35901.043
2018-04-20T14:00:00.0,14,36218.355
2018-04-20T15:00:00.0,15,36154.13
2018-04-20T16:00:00.0,16,36149.277
2018-04-20T17:00:00.0,17,36282.273
2018-04-20T18:00:00.0,18,36368.2
2018-04-20T19:00:00.0,19,36406.61
2018-04-20T20:00:00.0,20,36381.96
2018-04-20T21:00:00.0,21,36020.92
2018-04-20T22:00:00.0,22,35496.36
2018-04-20T23:00:00.0,23,35697.89
2018-04-21T00:00:00.0,0,36127.94
2018-04-21T01:00:00.0,1,35013.098
2018-04-21T02:00:00.0,2,33215.85
2018-04-21T03:00:00.0,3,31084.47
2018-04-21T04:00:00.0,4,29470.844
2018-04-21T05:00:00.0,5,28528.656
2018-04-21T06:00:00.0,6,28025.74
2018-04-21T07:00:00.0,7,27939.709
2018-04-21T08:00:00.0,8,28106.197
2018-04-21T09:00:00.0,9,28907.844
2018-04-21T10:00:00.0,10,29981.86
2018-04-21T11:00:00.0,11,31393.992
2018-04-21T12:00:00.0,12,33023.598
2018-04-21T13:00:00.0,13,34595.4
2018-04-21T14:00:00.0,14,35643.844
2018-04-21T15:00:00.0,15,36176.98
2018-04-21T16:00:00.0,16,36381.977
2018-04-21T17:00:00.0,17,36331.652
2018-04-21T18:00:00.0,18,36288.137
2018-04-21T19:00:00.0,19,36337.207
2018-04-21T20:00:00.0,20,36261.715
2018-04-21T21:00:00.0,21,36034.33
2018-04-21T22:00:00.0,22,36085.83
2018-04-21T23:00:00.0,23,36310.156
2018-04-22T00:00:00.0,0,36565.418
2018-04-22T01:00:00.0,1,35509.06
2018-04-22T02:00:00.0,2,33734.434
2018-04-22T03:00:00.0,3,31858.26
2018-04-22T04:00:00.0,4,30256.572
2018-04-22T05:00:00.0,5,29056.836
2018-04-22T06:00:00.0,6,28401.838
2018-04-22T07:00:00.0,7,28129.83
2018-04-22T08:00:00.0,8,28167.14
2018-04-22T09:00:00.0,9,28546.475
2018-04-22T10:00:00.0,10,29168.451
2018-04-22T11:00:00.0,11,30020.709
2018-04-22T12:00:00.0,12,31521.373
2018-04-22T13:00:00.0,13,32677.541
2018-04-22T14:00:00.0,14,33119.117
2018-04-22T15:00:00.0,15,33504.984
2018-04-22T16:00:00.0,16,33858.543
2018-04-22T17:00:00.0,17,34274.465
2018-04-22T18:00:00.0,18,34747.195
2018-04-22T19:00:00.0,19,35526.395
2018-04-22T20:00:00.0,20,36340.312
2018-04-22T21:00:00.0,21,36835.67
2018-04-22T22:00:00.0,22,36694.15
2018-04-22T23:00:00.0,23,36828.312
2018-04-23T00:00:00.0,0,37495.496
2018-04-23T01:00:00.0,1,35903.418
2018-04-23T02:00:00.0,2,33175.152
2018-04-23T03:00:00.0,3,30509.531
2018-04-23T04:00:00.0,4,28732.195
2018-04-23T05:00:00.0,5,27768.186
2018-04-23T06:00:00.0,6,27345.383
2018-04-23T07:00:00.0,7,27478.65
2018-04-23T08:00:00.0,8,28576.928
2018-04-23T09:00:00.0,9,31390.729
2018-04-23T10:00:00.0,10,34403.535
2018-04-23T11:00:00.0,11,34692.598
2018-04-23T12:00:00.0,12,35095.098
2018-04-23T13:00:00.0,13,35789.184
2018-04-23T14:00:00.0,14,36425.3
2018-04-23T15:00:00.0,15,37040.54
2018-04-23T16:00:00.0,16,37747.566
2018-04-23T17:00:00.0,17,38804.438
2018-04-23T18:00:00.0,18,39829.594
2018-04-23T19:00:00.0,19,40908.984
2018-04-23T20:00:00.0,20,41803.723
2018-04-23T21:00:00.0,21,42229.78
2018-04-23T22:00:00.0,22,41785.547
2018-04-23T23:00:00.0,23,41230.37
2018-04-24T00:00:00.0,0,41137.45
2018-04-24T01:00:00.0,1,38728.164
2018-04-24T02:00:00.0,2,35200.926
2018-04-24T03:00:00.0,3,32129.22
2018-04-24T04:00:00.0,4,30122.682
2018-04-24T05:00:00.0,5,28987.0
2018-04-24T06:00:00.0,6,28273.959
2018-04-24T07:00:00.0,7,28193.021
2018-04-24T08:00:00.0,8,28985.182
2018-04-24T09:00:00.0,9,31523.713
2018-04-24T10:00:00.0,10,34271.652
2018-04-24T11:00:00.0,11,34562.65
2018-04-24T12:00:00.0,12,35507.92
2018-04-24T13:00:00.0,13,36911.266
2018-04-24T14:00:00.0,14,38388.4
2018-04-24T15:00:00.0,15,39937.31
2018-04-24T16:00:00.0,16,41555.043
2018-04-24T17:00:00.0,17,43344.168
2018-04-24T18:00:00.0,18,44952.484
2018-04-24T19:00:00.0,19,46655.86
2018-04-24T20:00:00.0,20,47912.13
2018-04-24T21:00:00.0,21,47810.887
2018-04-24T22:00:00.0,22,46565.168
2018-04-24T23:00:00.0,23,45414.875
2018-04-25T00:00:00.0,0,44867.855
2018-04-25T01:00:00.0,1,42055.81
2018-04-25T02:00:00.0,2,38188.02
2018-04-25T03:00:00.0,3,34735.004
2018-04-25T04:00:00.0,4,32378.281
2018-04-25T05:00:00.0,5,30572.275
2018-04-25T06:00:00.0,6,29745.53
2018-04-25T07:00:00.0,7,29492.898
2018-04-25T08:00:00.0,8,30208.812
2018-04-25T09:00:00.0,9,32579.936
2018-04-25T10:00:00.0,10,35419.17
2018-04-25T11:00:00.0,11,35727.293
2018-04-25T12:00:00.0,12,36458.176
2018-04-25T13:00:00.0,13,37765.965
2018-04-25T14:00:00.0,14,39066.137
2018-04-25T15:00:00.0,15,40297.566
2018-04-25T16:00:00.0,16,41546.824
2018-04-25T17:00:00.0,17,42560.062
2018-04-25T18:00:00.0,18,42948.086
2018-04-25T19:00:00.0,19,43017.168
2018-04-25T20:00:00.0,20,42507.504
2018-04-25T21:00:00.0,21,41613.87
2018-04-25T22:00:00.0,22,40439.293
2018-04-25T23:00:00.0,23,40163.113
2018-04-26T00:00:00.0,0,40007.8
2018-04-26T01:00:00.0,1,37915.176
2018-04-26T02:00:00.0,2,34758.098
2018-04-26T03:00:00.0,3,31979.992
2018-04-26T04:00:00.0,4,30287.748
2018-04-26T05:00:00.0,5,29268.146
2018-04-26T06:00:00.0,6,28857.844
2018-04-26T07:00:00.0,7,28924.367
2018-04-26T08:00:00.0,8,29917.334
2018-04-26T09:00:00.0,9,32652.203
2018-04-26T10:00:00.0,10,35586.66
2018-04-26T11:00:00.0,11,35591.86
2018-04-26T12:00:00.0,12,35715.203
2018-04-26T13:00:00.0,13,35966.254
2018-04-26T14:00:00.0,14,36289.58
2018-04-26T15:00:00.0,15,36609.684
2018-04-26T16:00:00.0,16,37216.99
2018-04-26T17:00:00.0,17,37978.28
2018-04-26T18:00:00.0,18,38775.684
2018-04-26T19:00:00.0,19,39777.094
2018-04-26T20:00:00.0,20,40721.402
2018-04-26T21:00:00.0,21,40856.8
2018-04-26T22:00:00.0,22,40159.387
2018-04-26T23:00:00.0,23,39600.78
2018-04-27T00:00:00.0,0,39719.426
2018-04-27T01:00:00.0,1,37688.57
2018-04-27T02:00:00.0,2,34607.734
2018-04-27T03:00:00.0,3,31702.979
2018-04-27T04:00:00.0,4,29711.115
2018-04-27T05:00:00.0,5,28742.43
2018-04-27T06:00:00.0,6,28158.008
2018-04-27T07:00:00.0,7,28019.914
2018-04-27T08:00:00.0,8,28831.688
2018-04-27T09:00:00.0,9,31178.373
2018-04-27T10:00:00.0,10,33771.93
2018-04-27T11:00:00.0,11,34327.562
2018-04-27T12:00:00.0,12,35106.832
2018-04-27T13:00:00.0,13,36144.465
2018-04-27T14:00:00.0,14,37192.94
2018-04-27T15:00:00.0,15,37969.547
2018-04-27T16:00:00.0,16,38904.406
2018-04-27T17:00:00.0,17,40073.305
2018-04-27T18:00:00.0,18,41165.246
2018-04-27T19:00:00.0,19,42208.863
2018-04-27T20:00:00.0,20,42855.484
2018-04-27T21:00:00.0,21,42430.38
2018-04-27T22:00:00.0,22,41005.98
2018-04-27T23:00:00.0,23,39911.48
2018-04-28T00:00:00.0,0,39626.49
2018-04-28T01:00:00.0,1,37711.688
2018-04-28T02:00:00.0,2,35200.996
2018-04-28T03:00:00.0,3,32619.4
2018-04-28T04:00:00.0,4,30583.607
2018-04-28T05:00:00.0,5,29214.158
2018-04-28T06:00:00.0,6,28425.6
2018-04-28T07:00:00.0,7,28043.85
2018-04-28T08:00:00.0,8,28035.842
2018-04-28T09:00:00.0,9,28914.795
2018-04-28T10:00:00.0,10,29781.14
2018-04-28T11:00:00.0,11,31143.344
2018-04-28T12:00:00.0,12,32777.39
2018-04-28T13:00:00.0,13,34485.832
2018-04-28T14:00:00.0,14,35986.336
2018-04-28T15:00:00.0,15,37377.234
2018-04-28T16:00:00.0,16,38701.13
2018-04-28T17:00:00.0,17,40178.918
2018-04-28T18:00:00.0,18,41718.598
2018-04-28T19:00:00.0,19,42971.92
2018-04-28T20:00:00.0,20,43829.28
2018-04-28T21:00:00.0,21,43887.734
2018-04-28T22:00:00.0,22,42698.473
2018-04-28T23:00:00.0,23,41159.117
2018-04-29T00:00:00.0,0,40502.113
2018-04-29T01:00:00.0,1,38641.234
2018-04-29T02:00:00.0,2,36186.496
2018-04-29T03:00:00.0,3,33583.473
2018-04-29T04:00:00.0,4,31410.057
2018-04-29T05:00:00.0,5,29873.014
2018-04-29T06:00:00.0,6,28796.17
2018-04-29T07:00:00.0,7,28194.375
2018-04-29T08:00:00.0,8,27961.506
2018-04-29T09:00:00.0,9,28153.271
2018-04-29T10:00:00.0,10,28442.377
2018-04-29T11:00:00.0,11,29586.703
2018-04-29T12:00:00.0,12,31871.373
2018-04-29T13:00:00.0,13,34110.59
2018-04-29T14:00:00.0,14,36144.863
2018-04-29T15:00:00.0,15,37921.246
2018-04-29T16:00:00.0,16,39534.75
2018-04-29T17:00:00.0,17,40874.316
2018-04-29T18:00:00.0,18,42137.145
2018-04-29T19:00:00.0,19,43158.562
2018-04-29T20:00:00.0,20,43789.23
2018-04-29T21:00:00.0,21,43599.633
2018-04-29T22:00:00.0,22,42583.88
2018-04-29T23:00:00.0,23,41808.43
2018-04-30T00:00:00.0,0,41936.516
2018-04-30T01:00:00.0,1,39911.88
2018-04-30T02:00:00.0,2,36478.875
2018-04-30T03:00:00.0,3,33334.824
2018-04-30T04:00:00.0,4,31170.584
2018-04-30T05:00:00.0,5,29818.678
2018-04-30T06:00:00.0,6,29052.469
2018-04-30T07:00:00.0,7,28889.451
2018-04-30T08:00:00.0,8,29770.959
2018-04-30T09:00:00.0,9,32328.32
2018-04-30T10:00:00.0,10,34948.676
2018-04-30T11:00:00.0,11,35575.3
2018-04-30T12:00:00.0,12,36784.527
2018-04-30T13:00:00.0,13,38305.547
2018-04-30T14:00:00.0,14,39773.996
2018-04-30T15:00:00.0,15,40988.37
2018-04-30T16:00:00.0,16,41868.066
2018-04-30T17:00:00.0,17,42695.207
2018-04-30T18:00:00.0,18,43211.36
2018-04-30T19:00:00.0,19,43605.64
2018-04-30T20:00:00.0,20,43676.484
2018-04-30T21:00:00.0,21,43296.2
2018-04-30T22:00:00.0,22,42625.34
2018-04-30T23:00:00.0,23,42889.816
2018-05-01T00:00:00.0,0,43107.207
2018-05-01T01:00:00.0,1,41238.965
2018-05-01T02:00:00.0,2,38117.36
2018-05-01T03:00:00.0,3,35182.26
2018-05-01T04:00:00.0,4,33105.664
2018-05-01T05:00:00.0,5,31911.982
2018-05-01T06:00:00.0,6,31179.44
2018-05-01T07:00:00.0,7,31032.494
2018-05-01T08:00:00.0,8,31833.37
2018-05-01T09:00:00.0,9,34268.152
2018-05-01T10:00:00.0,10,37197.824
2018-05-01T11:00:00.0,11,37812.816
2018-05-01T12:00:00.0,12,38908.02
2018-05-01T13:00:00.0,13,40145.8
2018-05-01T14:00:00.0,14,41449.12
2018-05-01T15:00:00.0,15,42371.652
2018-05-01T16:00:00.0,16,43044.254
2018-05-01T17:00:00.0,17,43935.887
2018-05-01T18:00:00.0,18,44426.01
2018-05-01T19:00:00.0,19,44680.715
2018-05-01T20:00:00.0,20,44889.2
2018-05-01T21:00:00.0,21,44796.848
2018-05-01T22:00:00.0,22,44397.516
2018-05-01T23:00:00.0,23,44493.418
2018-05-02T00:00:00.0,0,44791.99
2018-05-02T01:00:00.0,1,43059.84
2018-05-02T02:00:00.0,2,40049.02
2018-05-02T03:00:00.0,3,37075.566
2018-05-02T04:00:00.0,4,35086.95
2018-05-02T05:00:00.0,5,33815.23
2018-05-02T06:00:00.0,6,33085.61
2018-05-02T07:00:00.0,7,32983.785
2018-05-02T08:00:00.0,8,33869.297
2018-05-02T09:00:00.0,9,36405.996
2018-05-02T10:00:00.0,10,39406.133
2018-05-02T11:00:00.0,11,39797.184
2018-05-02T12:00:00.0,12,40665.863
2018-05-02T13:00:00.0,13,42312.715
2018-05-02T14:00:00.0,14,44259.99
2018-05-02T15:00:00.0,15,46046.08
2018-05-02T16:00:00.0,16,47769.203
2018-05-02T17:00:00.0,17,49564.36
2018-05-02T18:00:00.0,18,50716.88
2018-05-02T19:00:00.0,19,51604.94
2018-05-02T20:00:00.0,20,51981.266
2018-05-02T21:00:00.0,21,51168.51
2018-05-02T22:00:00.0,22,49908.266
2018-05-02T23:00:00.0,23,49087.793
2018-05-03T00:00:00.0,0,48831.363
2018-05-03T01:00:00.0,1,46680.03
2018-05-03T02:00:00.0,2,43148.203
2018-05-03T03:00:00.0,3,39749.184
2018-05-03T04:00:00.0,4,37355.94
2018-05-03T05:00:00.0,5,35728.145
2018-05-03T06:00:00.0,6,34706.527
2018-05-03T07:00:00.0,7,34231.74
2018-05-03T08:00:00.0,8,34756.56
2018-05-03T09:00:00.0,9,37139.195
2018-05-03T10:00:00.0,10,40122.895
2018-05-03T11:00:00.0,11,40490.94
2018-05-03T12:00:00.0,12,41536.215
2018-05-03T13:00:00.0,13,42969.42
2018-05-03T14:00:00.0,14,44034.637
2018-05-03T15:00:00.0,15,44921.918
2018-05-03T16:00:00.0,16,45770.625
2018-05-03T17:00:00.0,17,46817.074
2018-05-03T18:00:00.0,18,47765.297
2018-05-03T19:00:00.0,19,48900.754
2018-05-03T20:00:00.0,20,49808.062
2018-05-03T21:00:00.0,21,49590.59
2018-05-03T22:00:00.0,22,48307.066
2018-05-03T23:00:00.0,23,47317.637
2018-05-04T00:00:00.0,0,47277.062
2018-05-04T01:00:00.0,1,45098.543
2018-05-04T02:00:00.0,2,41654.51
2018-05-04T03:00:00.0,3,38302.215
2018-05-04T04:00:00.0,4,35996.152
2018-05-04T05:00:00.0,5,34531.254
2018-05-04T06:00:00.0,6,33584.07
2018-05-04T07:00:00.0,7,33237.867
2018-05-04T08:00:00.0,8,33962.582
2018-05-04T09:00:00.0,9,36253.723
2018-05-04T10:00:00.0,10,39113.69
2018-05-04T11:00:00.0,11,39542.977
2018-05-04T12:00:00.0,12,40254.395
2018-05-04T13:00:00.0,13,41081.355
2018-05-04T14:00:00.0,14,41349.688
2018-05-04T15:00:00.0,15,41437.434
2018-05-04T16:00:00.0,16,41449.508
2018-05-04T17:00:00.0,17,41493.746
2018-05-04T18:00:00.0,18,41599.434
2018-05-04T19:00:00.0,19,41587.047
2018-05-04T20:00:00.0,20,41060.594
2018-05-04T21:00:00.0,21,40182.27
2018-05-04T22:00:00.0,22,39211.098
2018-05-04T23:00:00.0,23,38995.957
2018-05-05T00:00:00.0,0,39107.152
2018-05-05T01:00:00.0,1,37916.418
2018-05-05T02:00:00.0,2,35917.094
2018-05-05T03:00:00.0,3,33565.297
2018-05-05T04:00:00.0,4,31640.266
2018-05-05T05:00:00.0,5,30341.498
2018-05-05T06:00:00.0,6,29503.133
2018-05-05T07:00:00.0,7,29053.53
2018-05-05T08:00:00.0,8,29007.375
2018-05-05T09:00:00.0,9,29689.709
2018-05-05T10:00:00.0,10,30491.307
2018-05-05T11:00:00.0,11,31775.635
2018-05-05T12:00:00.0,12,33786.23
2018-05-05T13:00:00.0,13,35861.676
2018-05-05T14:00:00.0,14,37860.402
2018-05-05T15:00:00.0,15,39533.977
2018-05-05T16:00:00.0,16,40914.168
2018-05-05T17:00:00.0,17,42138.08
2018-05-05T18:00:00.0,18,43369.316
2018-05-05T19:00:00.0,19,44530.688
2018-05-05T20:00:00.0,20,45217.26
2018-05-05T21:00:00.0,21,45164.594
2018-05-05T22:00:00.0,22,44092.965
2018-05-05T23:00:00.0,23,42227.56
2018-05-06T00:00:00.0,0,41319.543
2018-05-06T01:00:00.0,1,39247.582
2018-05-06T02:00:00.0,2,36763.18
2018-05-06T03:00:00.0,3,34280.297
2018-05-06T04:00:00.0,4,32032.014
2018-05-06T05:00:00.0,5,30377.625
2018-05-06T06:00:00.0,6,29241.037
2018-05-06T07:00:00.0,7,28579.947
2018-05-06T08:00:00.0,8,28318.305
2018-05-06T09:00:00.0,9,28513.057
2018-05-06T10:00:00.0,10,28501.393
2018-05-06T11:00:00.0,11,29752.479
2018-05-06T12:00:00.0,12,32161.955
2018-05-06T13:00:00.0,13,34826.62
2018-05-06T14:00:00.0,14,37319.617
2018-05-06T15:00:00.0,15,39623.47
2018-05-06T16:00:00.0,16,41999.99
2018-05-06T17:00:00.0,17,44313.92
2018-05-06T18:00:00.0,18,46378.645
2018-05-06T19:00:00.0,19,48217.8
2018-05-06T20:00:00.0,20,49509.875
2018-05-06T21:00:00.0,21,49919.004
2018-05-06T22:00:00.0,22,48840.684
2018-05-06T23:00:00.0,23,46857.645
2018-05-07T00:00:00.0,0,45809.13
2018-05-07T01:00:00.0,1,43162.87
2018-05-07T02:00:00.0,2,39279.95
2018-05-07T03:00:00.0,3,35524.83
2018-05-07T04:00:00.0,4,32699.627
2018-05-07T05:00:00.0,5,30954.291
2018-05-07T06:00:00.0,6,29945.492
2018-05-07T07:00:00.0,7,29642.057
2018-05-07T08:00:00.0,8,30256.479
2018-05-07T09:00:00.0,9,32595.709
2018-05-07T10:00:00.0,10,35034.24
2018-05-07T11:00:00.0,11,35840.824
2018-05-07T12:00:00.0,12,37624.37
2018-05-07T13:00:00.0,13,39997.73
2018-05-07T14:00:00.0,14,42681.73
2018-05-07T15:00:00.0,15,45450.52
2018-05-07T16:00:00.0,16,48283.75
2018-05-07T17:00:00.0,17,51022.496
2018-05-07T18:00:00.0,18,53371.453
2018-05-07T19:00:00.0,19,55332.39
2018-05-07T20:00:00.0,20,56504.73
2018-05-07T21:00:00.0,21,56306.0
2018-05-07T22:00:00.0,22,54552.113
2018-05-07T23:00:00.0,23,52006.797
2018-05-08T00:00:00.0,0,50422.28
2018-05-08T01:00:00.0,1,46993.51
2018-05-08T02:00:00.0,2,42451.684
2018-05-08T03:00:00.0,3,38332.69
2018-05-08T04:00:00.0,4,35394.598
2018-05-08T05:00:00.0,5,33335.336
2018-05-08T06:00:00.0,6,32061.693
2018-05-08T07:00:00.0,7,31423.541
2018-05-08T08:00:00.0,8,31842.764
2018-05-08T09:00:00.0,9,33968.363
2018-05-08T10:00:00.0,10,36316.965
2018-05-08T11:00:00.0,11,37215.37
2018-05-08T12:00:00.0,12,39100.363
2018-05-08T13:00:00.0,13,41452.656
2018-05-08T14:00:00.0,14,43965.027
2018-05-08T15:00:00.0,15,46406.957
2018-05-08T16:00:00.0,16,48894.645
2018-05-08T17:00:00.0,17,51279.973
2018-05-08T18:00:00.0,18,53078.83
2018-05-08T19:00:00.0,19,54442.33
2018-05-08T20:00:00.0,20,54828.184
2018-05-08T21:00:00.0,21,54127.95
2018-05-08T22:00:00.0,22,52334.27
2018-05-08T23:00:00.0,23,50235.45
2018-05-09T00:00:00.0,0,49195.125
2018-05-09T01:00:00.0,1,46210.902
2018-05-09T02:00:00.0,2,41926.01
2018-05-09T03:00:00.0,3,37881.465
2018-05-09T04:00:00.0,4,35000.137
2018-05-09T05:00:00.0,5,33179.496
2018-05-09T06:00:00.0,6,32051.467
2018-05-09T07:00:00.0,7,31455.773
2018-05-09T08:00:00.0,8,31850.617
2018-05-09T09:00:00.0,9,33931.207
2018-05-09T10:00:00.0,10,36164.758
2018-05-09T11:00:00.0,11,37126.75
2018-05-09T12:00:00.0,12,38863.684
2018-05-09T13:00:00.0,13,41094.23
2018-05-09T14:00:00.0,14,43498.125
2018-05-09T15:00:00.0,15,45870.547
2018-05-09T16:00:00.0,16,48204.043
2018-05-09T17:00:00.0,17,50447.33
2018-05-09T18:00:00.0,18,52122.547
2018-05-09T19:00:00.0,19,53737.094
2018-05-09T20:00:00.0,20,54636.527
2018-05-09T21:00:00.0,21,54269.348
2018-05-09T22:00:00.0,22,52551.324
2018-05-09T23:00:00.0,23,50253.75
2018-05-10T00:00:00.0,0,49159.62
2018-05-10T01:00:00.0,1,46270.426
2018-05-10T02:00:00.0,2,41996.418
2018-05-10T03:00:00.0,3,38106.812
2018-05-10T04:00:00.0,4,35303.414
2018-05-10T05:00:00.0,5,33402.06
2018-05-10T06:00:00.0,6,32235.385
2018-05-10T07:00:00.0,7,31643.883
2018-05-10T08:00:00.0,8,32165.885
2018-05-10T09:00:00.0,9,34326.184
2018-05-10T10:00:00.0,10,36562.38
2018-05-10T11:00:00.0,11,37638.95
2018-05-10T12:00:00.0,12,39584.168
2018-05-10T13:00:00.0,13,41818.004
2018-05-10T14:00:00.0,14,44109.973
2018-05-10T15:00:00.0,15,46172.5
2018-05-10T16:00:00.0,16,48379.535
2018-05-10T17:00:00.0,17,50492.13
2018-05-10T18:00:00.0,18,52232.14
2018-05-10T19:00:00.0,19,53691.723
2018-05-10T20:00:00.0,20,54324.043
2018-05-10T21:00:00.0,21,53679.168
2018-05-10T22:00:00.0,22,51905.266
2018-05-10T23:00:00.0,23,49803.387
2018-05-11T00:00:00.0,0,49052.965
2018-05-11T01:00:00.0,1,46544.19
2018-05-11T02:00:00.0,2,42738.176
2018-05-11T03:00:00.0,3,39040.715
2018-05-11T04:00:00.0,4,36449.215
2018-05-11T05:00:00.0,5,34693.785
2018-05-11T06:00:00.0,6,33553.56
2018-05-11T07:00:00.0,7,33111.89
2018-05-11T08:00:00.0,8,33663.832
2018-05-11T09:00:00.0,9,35851.41
2018-05-11T10:00:00.0,10,38205.11
2018-05-11T11:00:00.0,11,39359.027
2018-05-11T12:00:00.0,12,41346.793
2018-05-11T13:00:00.0,13,43562.477
2018-05-11T14:00:00.0,14,45926.402
2018-05-11T15:00:00.0,15,48104.156
2018-05-11T16:00:00.0,16,50251.03
2018-05-11T17:00:00.0,17,52262.13
2018-05-11T18:00:00.0,18,53795.17
2018-05-11T19:00:00.0,19,55145.984
2018-05-11T20:00:00.0,20,55741.324
2018-05-11T21:00:00.0,21,54990.7
2018-05-11T22:00:00.0,22,52922.926
2018-05-11T23:00:00.0,23,50637.81
2018-05-12T00:00:00.0,0,49627.324
2018-05-12T01:00:00.0,1,47396.12
2018-05-12T02:00:00.0,2,44432.434
2018-05-12T03:00:00.0,3,41223.92
2018-05-12T04:00:00.0,4,38522.246
2018-05-12T05:00:00.0,5,36561.668
2018-05-12T06:00:00.0,6,35183.01
2018-05-12T07:00:00.0,7,34399.008
2018-05-12T08:00:00.0,8,34221.363
2018-05-12T09:00:00.0,9,34737.46
2018-05-12T10:00:00.0,10,35206.348
2018-05-12T11:00:00.0,11,37054.426
2018-05-12T12:00:00.0,12,39982.77
2018-05-12T13:00:00.0,13,42954.52
2018-05-12T14:00:00.0,14,45813.016
2018-05-12T15:00:00.0,15,48174.81
2018-05-12T16:00:00.0,16,50233.566
2018-05-12T17:00:00.0,17,52003.42
2018-05-12T18:00:00.0,18,53573.168
2018-05-12T19:00:00.0,19,54769.934
2018-05-12T20:00:00.0,20,55254.297
2018-05-12T21:00:00.0,21,54684.777
2018-05-12T22:00:00.0,22,53089.53
2018-05-12T23:00:00.0,23,50881.816
2018-05-13T00:00:00.0,0,50013.24
2018-05-13T01:00:00.0,1,47864.11
2018-05-13T02:00:00.0,2,44955.676
2018-05-13T03:00:00.0,3,41942.01
2018-05-13T04:00:00.0,4,39286.016
2018-05-13T05:00:00.0,5,37353.418
2018-05-13T06:00:00.0,6,35948.574
2018-05-13T07:00:00.0,7,34977.535
2018-05-13T08:00:00.0,8,34457.49
2018-05-13T09:00:00.0,9,34453.785
2018-05-13T10:00:00.0,10,34476.332
2018-05-13T11:00:00.0,11,36185.6
2018-05-13T12:00:00.0,12,39277.676
2018-05-13T13:00:00.0,13,42485.52
2018-05-13T14:00:00.0,14,45179.516
2018-05-13T15:00:00.0,15,47710.66
2018-05-13T16:00:00.0,16,49924.234
2018-05-13T17:00:00.0,17,51899.66
2018-05-13T18:00:00.0,18,53627.73
2018-05-13T19:00:00.0,19,54954.2
2018-05-13T20:00:00.0,20,55529.184
2018-05-13T21:00:00.0,21,55243.863
2018-05-13T22:00:00.0,22,53880.793
2018-05-13T23:00:00.0,23,52162.12
2018-05-14T00:00:00.0,0,51692.875
2018-05-14T01:00:00.0,1,49504.715
2018-05-14T02:00:00.0,2,45736.89
2018-05-14T03:00:00.0,3,41860.11
2018-05-14T04:00:00.0,4,39007.195
2018-05-14T05:00:00.0,5,37252.246
2018-05-14T06:00:00.0,6,36184.914
2018-05-14T07:00:00.0,7,35765.31
2018-05-14T08:00:00.0,8,36430.184
2018-05-14T09:00:00.0,9,38662.676
2018-05-14T10:00:00.0,10,41022.535
2018-05-14T11:00:00.0,11,42099.426
2018-05-14T12:00:00.0,12,43923.594
2018-05-14T13:00:00.0,13,46138.105
2018-05-14T14:00:00.0,14,48710.434
2018-05-14T15:00:00.0,15,51026.25
2018-05-14T16:00:00.0,16,53366.926
2018-05-14T17:00:00.0,17,55635.004
2018-05-14T18:00:00.0,18,57357.473
2018-05-14T19:00:00.0,19,58643.016
2018-05-14T20:00:00.0,20,59099.81
2018-05-14T21:00:00.0,21,58466.285
2018-05-14T22:00:00.0,22,56673.188
2018-05-14T23:00:00.0,23,54470.996
2018-05-15T00:00:00.0,0,53502.83
2018-05-15T01:00:00.0,1,50290.906
2018-05-15T02:00:00.0,2,45875.098
2018-05-15T03:00:00.0,3,41867.266
2018-05-15T04:00:00.0,4,38995.582
2018-05-15T05:00:00.0,5,37057.45
2018-05-15T06:00:00.0,6,35809.363
2018-05-15T07:00:00.0,7,35125.6
2018-05-15T08:00:00.0,8,35583.09
2018-05-15T09:00:00.0,9,37697.203
2018-05-15T10:00:00.0,10,39927.734
2018-05-15T11:00:00.0,11,40781.99
2018-05-15T12:00:00.0,12,42466.2
2018-05-15T13:00:00.0,13,44655.62
2018-05-15T14:00:00.0,14,47203.22
2018-05-15T15:00:00.0,15,49829.074
2018-05-15T16:00:00.0,16,52660.395
2018-05-15T17:00:00.0,17,55240.17
2018-05-15T18:00:00.0,18,57321.082
2018-05-15T19:00:00.0,19,58878.547
2018-05-15T20:00:00.0,20,59085.934
2018-05-15T21:00:00.0,21,57757.957
2018-05-15T22:00:00.0,22,55509.64
2018-05-15T23:00:00.0,23,53352.207
2018-05-16T00:00:00.0,0,52174.797
2018-05-16T01:00:00.0,1,48845.547
2018-05-16T02:00:00.0,2,44423.26
2018-05-16T03:00:00.0,3,40311.96
2018-05-16T04:00:00.0,4,37446.785
2018-05-16T05:00:00.0,5,35423.395
2018-05-16T06:00:00.0,6,34075.902
2018-05-16T07:00:00.0,7,33542.914
2018-05-16T08:00:00.0,8,33970.504
2018-05-16T09:00:00.0,9,36029.035
2018-05-16T10:00:00.0,10,38143.816
2018-05-16T11:00:00.0,11,39194.895
2018-05-16T12:00:00.0,12,41377.934
2018-05-16T13:00:00.0,13,44134.887
2018-05-16T14:00:00.0,14,47021.0
2018-05-16T15:00:00.0,15,50014.473
2018-05-16T16:00:00.0,16,53290.74
2018-05-16T17:00:00.0,17,56419.53
2018-05-16T18:00:00.0,18,58806.688
2018-05-16T19:00:00.0,19,60402.574
2018-05-16T20:00:00.0,20,61426.387
2018-05-16T21:00:00.0,21,61282.652
2018-05-16T22:00:00.0,22,59532.688
2018-05-16T23:00:00.0,23,56738.56
2018-05-17T00:00:00.0,0,54800.27
2018-05-17T01:00:00.0,1,51270.953
2018-05-17T02:00:00.0,2,46463.797
2018-05-17T03:00:00.0,3,42056.48
2018-05-17T04:00:00.0,4,38741.766
2018-05-17T05:00:00.0,5,36528.64
2018-05-17T06:00:00.0,6,35011.863
2018-05-17T07:00:00.0,7,34234.37
2018-05-17T08:00:00.0,8,34668.566
2018-05-17T09:00:00.0,9,36516.316
2018-05-17T10:00:00.0,10,38617.035
2018-05-17T11:00:00.0,11,39941.78
2018-05-17T12:00:00.0,12,42494.793
2018-05-17T13:00:00.0,13,45512.902
2018-05-17T14:00:00.0,14,48801.594
2018-05-17T15:00:00.0,15,52119.78
2018-05-17T16:00:00.0,16,55471.62
2018-05-17T17:00:00.0,17,58492.55
2018-05-17T18:00:00.0,18,60954.574
2018-05-17T19:00:00.0,19,62967.113
2018-05-17T20:00:00.0,20,63781.645
2018-05-17T21:00:00.0,21,63146.605
2018-05-17T22:00:00.0,22,60950.332
2018-05-17T23:00:00.0,23,58192.547
2018-05-18T00:00:00.0,0,56547.785
2018-05-18T01:00:00.0,1,53044.36
2018-05-18T02:00:00.0,2,48347.5
2018-05-18T03:00:00.0,3,43925.184
2018-05-18T04:00:00.0,4,40793.957
2018-05-18T05:00:00.0,5,38426.836
2018-05-18T06:00:00.0,6,36766.875
2018-05-18T07:00:00.0,7,36016.016
2018-05-18T08:00:00.0,8,36268.35
2018-05-18T09:00:00.0,9,38111.074
2018-05-18T10:00:00.0,10,40343.656
2018-05-18T11:00:00.0,11,41633.062
2018-05-18T12:00:00.0,12,44110.223
2018-05-18T13:00:00.0,13,47141.566
2018-05-18T14:00:00.0,14,50413.082
2018-05-18T15:00:00.0,15,53513.344
2018-05-18T16:00:00.0,16,56487.8
2018-05-18T17:00:00.0,17,59286.2
2018-05-18T18:00:00.0,18,61480.168
2018-05-18T19:00:00.0,19,62801.812
2018-05-18T20:00:00.0,20,63057.97
2018-05-18T21:00:00.0,21,61686.777
2018-05-18T22:00:00.0,22,59167.656
2018-05-18T23:00:00.0,23,56165.66
2018-05-19T00:00:00.0,0,54377.5
2018-05-19T01:00:00.0,1,51503.38
2018-05-19T02:00:00.0,2,47886.254
2018-05-19T03:00:00.0,3,44414.5
2018-05-19T04:00:00.0,4,41697.938
2018-05-19T05:00:00.0,5,39430.184
2018-05-19T06:00:00.0,6,37832.684
2018-05-19T07:00:00.0,7,36668.19
2018-05-19T08:00:00.0,8,36251.676
2018-05-19T09:00:00.0,9,36534.723
2018-05-19T10:00:00.0,10,36894.176
2018-05-19T11:00:00.0,11,38958.707
2018-05-19T12:00:00.0,12,41879.98
2018-05-19T13:00:00.0,13,44833.62
2018-05-19T14:00:00.0,14,47745.168
2018-05-19T15:00:00.0,15,50296.89
2018-05-19T16:00:00.0,16,52584.64
2018-05-19T17:00:00.0,17,54602.387
2018-05-19T18:00:00.0,18,56078.754
2018-05-19T19:00:00.0,19,56943.152
2018-05-19T20:00:00.0,20,57132.88
2018-05-19T21:00:00.0,21,56305.87
2018-05-19T22:00:00.0,22,54509.168
2018-05-19T23:00:00.0,23,52306.848
2018-05-20T00:00:00.0,0,51178.902
2018-05-20T01:00:00.0,1,49012.62
2018-05-20T02:00:00.0,2,46114.824
2018-05-20T03:00:00.0,3,43148.105
2018-05-20T04:00:00.0,4,40551.484
2018-05-20T05:00:00.0,5,38520.215
2018-05-20T06:00:00.0,6,37049.45
2018-05-20T07:00:00.0,7,36034.73
2018-05-20T08:00:00.0,8,35442.504
2018-05-20T09:00:00.0,9,35370.473
2018-05-20T10:00:00.0,10,35294.62
2018-05-20T11:00:00.0,11,36543.94
2018-05-20T12:00:00.0,12,38799.723
2018-05-20T13:00:00.0,13,40983.754
2018-05-20T14:00:00.0,14,42774.434
2018-05-20T15:00:00.0,15,44509.0
2018-05-20T16:00:00.0,16,45626.574
2018-05-20T17:00:00.0,17,46238.246
2018-05-20T18:00:00.0,18,46532.05
2018-05-20T19:00:00.0,19,46689.76
2018-05-20T20:00:00.0,20,46878.14
2018-05-20T21:00:00.0,21,46577.484
2018-05-20T22:00:00.0,22,45369.656
2018-05-20T23:00:00.0,23,44209.168
2018-05-21T00:00:00.0,0,43839.355
2018-05-21T01:00:00.0,1,42106.996
2018-05-21T02:00:00.0,2,38918.926
2018-05-21T03:00:00.0,3,35777.99
2018-05-21T04:00:00.0,4,33518.406
2018-05-21T05:00:00.0,5,32057.248
2018-05-21T06:00:00.0,6,31191.201
2018-05-21T07:00:00.0,7,31044.537
2018-05-21T08:00:00.0,8,31921.006
2018-05-21T09:00:00.0,9,34376.69
2018-05-21T10:00:00.0,10,36823.047
2018-05-21T11:00:00.0,11,37962.598
2018-05-21T12:00:00.0,12,39735.895
2018-05-21T13:00:00.0,13,42053.676
2018-05-21T14:00:00.0,14,44520.582
2018-05-21T15:00:00.0,15,46771.504
2018-05-21T16:00:00.0,16,48992.203
2018-05-21T17:00:00.0,17,50837.83
2018-05-21T18:00:00.0,18,52210.184
2018-05-21T19:00:00.0,19,53422.44
2018-05-21T20:00:00.0,20,53692.09
2018-05-21T21:00:00.0,21,53117.95
2018-05-21T22:00:00.0,22,51775.984
2018-05-21T23:00:00.0,23,49893.152
2018-05-22T00:00:00.0,0,48933.938
2018-05-22T01:00:00.0,1,46411.5
2018-05-22T02:00:00.0,2,42577.883
2018-05-22T03:00:00.0,3,38791.316
2018-05-22T04:00:00.0,4,36111.605
2018-05-22T05:00:00.0,5,34347.06
2018-05-22T06:00:00.0,6,33254.387
2018-05-22T07:00:00.0,7,32898.594
2018-05-22T08:00:00.0,8,33546.06
2018-05-22T09:00:00.0,9,35813.14
2018-05-22T10:00:00.0,10,38243.527
2018-05-22T11:00:00.0,11,39572.605
2018-05-22T12:00:00.0,12,41641.074
2018-05-22T13:00:00.0,13,44291.12
2018-05-22T14:00:00.0,14,47150.293
2018-05-22T15:00:00.0,15,50000.406
2018-05-22T16:00:00.0,16,52396.594
2018-05-22T17:00:00.0,17,54560.52
2018-05-22T18:00:00.0,18,56131.74
2018-05-22T19:00:00.0,19,56982.707
2018-05-22T20:00:00.0,20,57113.832
2018-05-22T21:00:00.0,21,56526.465
2018-05-22T22:00:00.0,22,55042.426
2018-05-22T23:00:00.0,23,53131.926
2018-05-23T00:00:00.0,0,52068.387
2018-05-23T01:00:00.0,1,49218.293
2018-05-23T02:00:00.0,2,44995.26
2018-05-23T03:00:00.0,3,40996.223
2018-05-23T04:00:00.0,4,38025.094
2018-05-23T05:00:00.0,5,36102.53
2018-05-23T06:00:00.0,6,34809.27
2018-05-23T07:00:00.0,7,34247.83
2018-05-23T08:00:00.0,8,34748.184
2018-05-23T09:00:00.0,9,36743.848
2018-05-23T10:00:00.0,10,39000.58
2018-05-23T11:00:00.0,11,40598.93
2018-05-23T12:00:00.0,12,43024.37
2018-05-23T13:00:00.0,13,45706.156
2018-05-23T14:00:00.0,14,47992.605
2018-05-23T15:00:00.0,15,50019.688
2018-05-23T16:00:00.0,16,52056.844
2018-05-23T17:00:00.0,17,53972.266
2018-05-23T18:00:00.0,18,55523.254
2018-05-23T19:00:00.0,19,56859.863
2018-05-23T20:00:00.0,20,57563.207
2018-05-23T21:00:00.0,21,57267.473
2018-05-23T22:00:00.0,22,55771.656
2018-05-23T23:00:00.0,23,53519.215
2018-05-24T00:00:00.0,0,52329.62
2018-05-24T01:00:00.0,1,49537.81
2018-05-24T02:00:00.0,2,45272.566
2018-05-24T03:00:00.0,3,41305.008
2018-05-24T04:00:00.0,4,38341.086
2018-05-24T05:00:00.0,5,36442.84
2018-05-24T06:00:00.0,6,35220.137
2018-05-24T07:00:00.0,7,34559.527
2018-05-24T08:00:00.0,8,35024.355
2018-05-24T09:00:00.0,9,37151.83
2018-05-24T10:00:00.0,10,39442.293
2018-05-24T11:00:00.0,11,40763.934
2018-05-24T12:00:00.0,12,42979.742
2018-05-24T13:00:00.0,13,46060.24
2018-05-24T14:00:00.0,14,49277.582
2018-05-24T15:00:00.0,15,52357.816
2018-05-24T16:00:00.0,16,54996.37
2018-05-24T17:00:00.0,17,57167.25
2018-05-24T18:00:00.0,18,58639.03
2018-05-24T19:00:00.0,19,59605.562
2018-05-24T20:00:00.0,20,60040.67
2018-05-24T21:00:00.0,21,59644.016
2018-05-24T22:00:00.0,22,57992.67
2018-05-24T23:00:00.0,23,55693.684
2018-05-25T00:00:00.0,0,54191.746
2018-05-25T01:00:00.0,1,51394.723
2018-05-25T02:00:00.0,2,47402.707
2018-05-25T03:00:00.0,3,43252.8
2018-05-25T04:00:00.0,4,40167.066
2018-05-25T05:00:00.0,5,38016.465
2018-05-25T06:00:00.0,6,36573.28
2018-05-25T07:00:00.0,7,35925.645
2018-05-25T08:00:00.0,8,36172.79
2018-05-25T09:00:00.0,9,38068.742
2018-05-25T10:00:00.0,10,39992.55
2018-05-25T11:00:00.0,11,41803.617
2018-05-25T12:00:00.0,12,44681.887
2018-05-25T13:00:00.0,13,48035.043
2018-05-25T14:00:00.0,14,51613.72
2018-05-25T15:00:00.0,15,54753.66
2018-05-25T16:00:00.0,16,57038.38
2018-05-25T17:00:00.0,17,58039.95
2018-05-25T18:00:00.0,18,58421.453
2018-05-25T19:00:00.0,19,58971.535
2018-05-25T20:00:00.0,20,59157.082
2018-05-25T21:00:00.0,21,58221.76
2018-05-25T22:00:00.0,22,56191.26
2018-05-25T23:00:00.0,23,53674.0
2018-05-26T00:00:00.0,0,52016.688
2018-05-26T01:00:00.0,1,49527.668
2018-05-26T02:00:00.0,2,46302.715
2018-05-26T03:00:00.0,3,42910.48
2018-05-26T04:00:00.0,4,40141.508
2018-05-26T05:00:00.0,5,38006.895
2018-05-26T06:00:00.0,6,36435.26
2018-05-26T07:00:00.0,7,35435.168
2018-05-26T08:00:00.0,8,34973.65
2018-05-26T09:00:00.0,9,35127.88
2018-05-26T10:00:00.0,10,35177.582
2018-05-26T11:00:00.0,11,37327.766
2018-05-26T12:00:00.0,12,40962.938
2018-05-26T13:00:00.0,13,45138.53
2018-05-26T14:00:00.0,14,48947.547
2018-05-26T15:00:00.0,15,52516.797
2018-05-26T16:00:00.0,16,55537.34
2018-05-26T17:00:00.0,17,58305.64
2018-05-26T18:00:00.0,18,60266.64
2018-05-26T19:00:00.0,19,61477.434
2018-05-26T20:00:00.0,20,62292.535
2018-05-26T21:00:00.0,21,62102.875
2018-05-26T22:00:00.0,22,60309.12
2018-05-26T23:00:00.0,23,57134.344
2018-05-27T00:00:00.0,0,54611.33
2018-05-27T01:00:00.0,1,51416.45
2018-05-27T02:00:00.0,2,48007.324
2018-05-27T03:00:00.0,3,44398.426
2018-05-27T04:00:00.0,4,41372.66
2018-05-27T05:00:00.0,5,38966.188
2018-05-27T06:00:00.0,6,37275.13
2018-05-27T07:00:00.0,7,35966.066
2018-05-27T08:00:00.0,8,35158.16
2018-05-27T09:00:00.0,9,34792.48
2018-05-27T10:00:00.0,10,34499.77
2018-05-27T11:00:00.0,11,36659.734
2018-05-27T12:00:00.0,12,40515.76
2018-05-27T13:00:00.0,13,44747.676
2018-05-27T14:00:00.0,14,48976.016
2018-05-27T15:00:00.0,15,52971.703
2018-05-27T16:00:00.0,16,56298.312
2018-05-27T17:00:00.0,17,58858.59
2018-05-27T18:00:00.0,18,60480.277
2018-05-27T19:00:00.0,19,61466.55
2018-05-27T20:00:00.0,20,61524.375
2018-05-27T21:00:00.0,21,60884.203
2018-05-27T22:00:00.0,22,59374.406
2018-05-27T23:00:00.0,23,56883.656
2018-05-28T00:00:00.0,0,55115.004
2018-05-28T01:00:00.0,1,52650.797
2018-05-28T02:00:00.0,2,49126.72
2018-05-28T03:00:00.0,3,45397.203
2018-05-28T04:00:00.0,4,42185.992
2018-05-28T05:00:00.0,5,39713.273
2018-05-28T06:00:00.0,6,37909.777
2018-05-28T07:00:00.0,7,36771.523
2018-05-28T08:00:00.0,8,36335.945
2018-05-28T09:00:00.0,9,36441.742
2018-05-28T10:00:00.0,10,36272.695
2018-05-28T11:00:00.0,11,38230.355
2018-05-28T12:00:00.0,12,42150.84
2018-05-28T13:00:00.0,13,46870.895
2018-05-28T14:00:00.0,14,51298.375
2018-05-28T15:00:00.0,15,55074.293
2018-05-28T16:00:00.0,16,58161.797
2018-05-28T17:00:00.0,17,60338.53
2018-05-28T18:00:00.0,18,61914.8
2018-05-28T19:00:00.0,19,63092.05
2018-05-28T20:00:00.0,20,63576.582
2018-05-28T21:00:00.0,21,63078.19
2018-05-28T22:00:00.0,22,61419.625
2018-05-28T23:00:00.0,23,58963.97
2018-05-29T00:00:00.0,0,57174.277
2018-05-29T01:00:00.0,1,54154.215
2018-05-29T02:00:00.0,2,49778.348
2018-05-29T03:00:00.0,3,45363.06
2018-05-29T04:00:00.0,4,41971.973
2018-05-29T05:00:00.0,5,39544.94
2018-05-29T06:00:00.0,6,37925.84
2018-05-29T07:00:00.0,7,37048.59
2018-05-29T08:00:00.0,8,37364.973
2018-05-29T09:00:00.0,9,39155.0
2018-05-29T10:00:00.0,10,40996.86
2018-05-29T11:00:00.0,11,43250.113
2018-05-29T12:00:00.0,12,46592.332
2018-05-29T13:00:00.0,13,50546.8
2018-05-29T14:00:00.0,14,54675.39
2018-05-29T15:00:00.0,15,58231.453
2018-05-29T16:00:00.0,16,61157.504
2018-05-29T17:00:00.0,17,63678.23
2018-05-29T18:00:00.0,18,65452.688
2018-05-29T19:00:00.0,19,66837.086
2018-05-29T20:00:00.0,20,67290.02
2018-05-29T21:00:00.0,21,66464.086
2018-05-29T22:00:00.0,22,64582.777
2018-05-29T23:00:00.0,23,61788.47
2018-05-30T00:00:00.0,0,59679.16
2018-05-30T01:00:00.0,1,56294.434
2018-05-30T02:00:00.0,2,51524.816
2018-05-30T03:00:00.0,3,47030.812
2018-05-30T04:00:00.0,4,43737.06
2018-05-30T05:00:00.0,5,41312.09
2018-05-30T06:00:00.0,6,39660.742
2018-05-30T07:00:00.0,7,38798.746
2018-05-30T08:00:00.0,8,38863.02
2018-05-30T09:00:00.0,9,40457.438
2018-05-30T10:00:00.0,10,42335.555
2018-05-30T11:00:00.0,11,44130.125
2018-05-30T12:00:00.0,12,46974.676
2018-05-30T13:00:00.0,13,50295.92
2018-05-30T14:00:00.0,14,53720.543
2018-05-30T15:00:00.0,15,56985.688
2018-05-30T16:00:00.0,16,60073.984
2018-05-30T17:00:00.0,17,62833.47
2018-05-30T18:00:00.0,18,64952.0
2018-05-30T19:00:00.0,19,66587.29
2018-05-30T20:00:00.0,20,67226.28
2018-05-30T21:00:00.0,21,66470.46
2018-05-30T22:00:00.0,22,64497.26
2018-05-30T23:00:00.0,23,61653.62
2018-05-31T00:00:00.0,0,59652.188
2018-05-31T01:00:00.0,1,56504.668
2018-05-31T02:00:00.0,2,51947.543
2018-05-31T03:00:00.0,3,47661.547
2018-05-31T04:00:00.0,4,44472.832
2018-05-31T05:00:00.0,5,42158.53
2018-05-31T06:00:00.0,6,40541.293
2018-05-31T07:00:00.0,7,39641.574
2018-05-31T08:00:00.0,8,39862.105
2018-05-31T09:00:00.0,9,41514.387
2018-05-31T10:00:00.0,10,43165.32
2018-05-31T11:00:00.0,11,44906.723
2018-05-31T12:00:00.0,12,47603.89
2018-05-31T13:00:00.0,13,50764.504
2018-05-31T14:00:00.0,14,54090.938
2018-05-31T15:00:00.0,15,57232.504
2018-05-31T16:00:00.0,16,60286.78
2018-05-31T17:00:00.0,17,63023.957
2018-05-31T18:00:00.0,18,65248.996
2018-05-31T19:00:00.0,19,66589.54
2018-05-31T20:00:00.0,20,67109.79
2018-05-31T21:00:00.0,21,66553.65
2018-05-31T22:00:00.0,22,64609.184
2018-05-31T23:00:00.0,23,62046.832
2018-06-01T00:00:00.0,0,60183.53
2018-06-01T01:00:00.0,1,57230.87
2018-06-01T02:00:00.0,2,52971.45
2018-06-01T03:00:00.0,3,48759.332
2018-06-01T04:00:00.0,4,45450.09
2018-06-01T05:00:00.0,5,43155.586
2018-06-01T06:00:00.0,6,41539.035
2018-06-01T07:00:00.0,7,40635.94
2018-06-01T08:00:00.0,8,40675.934
2018-06-01T09:00:00.0,9,42063.41
2018-06-01T10:00:00.0,10,43345.26
2018-06-01T11:00:00.0,11,45072.348
2018-06-01T12:00:00.0,12,47807.016
2018-06-01T13:00:00.0,13,51112.266
2018-06-01T14:00:00.0,14,54772.5
2018-06-01T15:00:00.0,15,58057.14
2018-06-01T16:00:00.0,16,61319.527
2018-06-01T17:00:00.0,17,64476.844
2018-06-01T18:00:00.0,18,66591.85
2018-06-01T19:00:00.0,19,67645.08
2018-06-01T20:00:00.0,20,67843.51
2018-06-01T21:00:00.0,21,67070.27
2018-06-01T22:00:00.0,22,64981.562
2018-06-01T23:00:00.0,23,61989.51
2018-06-02T00:00:00.0,0,59895.844
2018-06-02T01:00:00.0,1,56991.37
2018-06-02T02:00:00.0,2,53790.75
2018-06-02T03:00:00.0,3,49430.125
2018-06-02T04:00:00.0,4,46212.684
2018-06-02T05:00:00.0,5,43929.81
2018-06-02T06:00:00.0,6,42219.676
2018-06-02T07:00:00.0,7,41019.55
2018-06-02T08:00:00.0,8,40373.742
2018-06-02T09:00:00.0,9,40391.293
2018-06-02T10:00:00.0,10,40509.184
2018-06-02T11:00:00.0,11,42523.53
2018-06-02T12:00:00.0,12,45991.89
2018-06-02T13:00:00.0,13,49956.75
2018-06-02T14:00:00.0,14,54019.645
2018-06-02T15:00:00.0,15,57579.98
2018-06-02T16:00:00.0,16,60748.562
2018-06-02T17:00:00.0,17,63295.78
2018-06-02T18:00:00.0,18,65303.676
2018-06-02T19:00:00.0,19,66541.69
2018-06-02T20:00:00.0,20,67080.47
2018-06-02T21:00:00.0,21,66500.336
2018-06-02T22:00:00.0,22,64888.83
2018-06-02T23:00:00.0,23,62335.676
2018-06-03T00:00:00.0,0,60449.074
2018-06-03T01:00:00.0,1,57235.844
2018-06-03T02:00:00.0,2,53657.855
2018-06-03T03:00:00.0,3,49958.465
2018-06-03T04:00:00.0,4,46728.37
2018-06-03T05:00:00.0,5,43981.793
2018-06-03T06:00:00.0,6,41928.293
2018-06-03T07:00:00.0,7,40275.062
2018-06-03T08:00:00.0,8,39175.484
2018-06-03T09:00:00.0,9,38581.426
2018-06-03T10:00:00.0,10,37950.69
2018-06-03T11:00:00.0,11,39241.793
2018-06-03T12:00:00.0,12,42104.543
2018-06-03T13:00:00.0,13,45653.832
2018-06-03T14:00:00.0,14,49280.844
2018-06-03T15:00:00.0,15,52745.027
2018-06-03T16:00:00.0,16,55925.09
2018-06-03T17:00:00.0,17,58692.766
2018-06-03T18:00:00.0,18,60967.906
2018-06-03T19:00:00.0,19,62563.973
2018-06-03T20:00:00.0,20,63361.953
2018-06-03T21:00:00.0,21,63072.566
2018-06-03T22:00:00.0,22,61469.074
2018-06-03T23:00:00.0,23,59085.312
2018-06-04T00:00:00.0,0,57197.23
2018-06-04T01:00:00.0,1,53500.324
2018-06-04T02:00:00.0,2,48932.207
2018-06-04T03:00:00.0,3,44656.535
2018-06-04T04:00:00.0,4,40980.25
2018-06-04T05:00:00.0,5,38599.062
2018-06-04T06:00:00.0,6,37189.266
2018-06-04T07:00:00.0,7,36396.58
2018-06-04T08:00:00.0,8,36672.25
2018-06-04T09:00:00.0,9,38262.37
2018-06-04T10:00:00.0,10,39835.242
2018-06-04T11:00:00.0,11,41205.016
2018-06-04T12:00:00.0,12,42939.684
2018-06-04T13:00:00.0,13,45455.28
2018-06-04T14:00:00.0,14,47931.043
2018-06-04T15:00:00.0,15,49996.996
2018-06-04T16:00:00.0,16,52166.223
2018-06-04T17:00:00.0,17,54361.52
2018-06-04T18:00:00.0,18,56078.094
2018-06-04T19:00:00.0,19,57353.51
2018-06-04T20:00:00.0,20,58158.715
2018-06-04T21:00:00.0,21,58406.293
2018-06-04T22:00:00.0,22,57531.074
2018-06-04T23:00:00.0,23,55732.566
2018-06-05T00:00:00.0,0,54389.89
2018-06-05T01:00:00.0,1,51846.598
2018-06-05T02:00:00.0,2,47819.77
2018-06-05T03:00:00.0,3,43917.254
2018-06-05T04:00:00.0,4,40956.223
2018-06-05T05:00:00.0,5,38957.96
2018-06-05T06:00:00.0,6,37554.695
2018-06-05T07:00:00.0,7,36913.355
2018-06-05T08:00:00.0,8,37260.703
2018-06-05T09:00:00.0,9,38939.434
2018-06-05T10:00:00.0,10,40481.28
2018-06-05T11:00:00.0,11,42216.01
2018-06-05T12:00:00.0,12,44832.266
2018-06-05T13:00:00.0,13,48184.38
2018-06-05T14:00:00.0,14,51989.184
2018-06-05T15:00:00.0,15,55773.73
2018-06-05T16:00:00.0,16,59291.637
2018-06-05T17:00:00.0,17,62678.41
2018-06-05T18:00:00.0,18,65004.496
2018-06-05T19:00:00.0,19,66665.78
2018-06-05T20:00:00.0,20,67413.27
2018-06-05T21:00:00.0,21,67062.305
2018-06-05T22:00:00.0,22,65539.98
2018-06-05T23:00:00.0,23,62821.824
2018-06-06T00:00:00.0,0,60805.684
2018-06-06T01:00:00.0,1,57744.14
2018-06-06T02:00:00.0,2,53281.156
2018-06-06T03:00:00.0,3,48820.902
2018-06-06T04:00:00.0,4,45306.168
2018-06-06T05:00:00.0,5,42702.887
2018-06-06T06:00:00.0,6,40790.965
2018-06-06T07:00:00.0,7,39898.992
2018-06-06T08:00:00.0,8,40046.484
2018-06-06T09:00:00.0,9,41472.676
2018-06-06T10:00:00.0,10,42804.105
2018-06-06T11:00:00.0,11,44540.55
2018-06-06T12:00:00.0,12,47322.76
2018-06-06T13:00:00.0,13,50989.715
2018-06-06T14:00:00.0,14,54996.496
2018-06-06T15:00:00.0,15,58664.47
2018-06-06T16:00:00.0,16,61847.816
2018-06-06T17:00:00.0,17,64730.344
2018-06-06T18:00:00.0,18,66877.87
2018-06-06T19:00:00.0,19,67768.72
2018-06-06T20:00:00.0,20,67841.82
2018-06-06T21:00:00.0,21,67108.23
2018-06-06T22:00:00.0,22,65362.81
2018-06-06T23:00:00.0,23,62810.418
2018-06-07T00:00:00.0,0,60874.402
2018-06-07T01:00:00.0,1,57737.348
2018-06-07T02:00:00.0,2,53324.656
2018-06-07T03:00:00.0,3,49024.332
2018-06-07T04:00:00.0,4,45483.24
2018-06-07T05:00:00.0,5,42852.254
2018-06-07T06:00:00.0,6,41043.082
2018-06-07T07:00:00.0,7,40023.62
2018-06-07T08:00:00.0,8,40070.35
2018-06-07T09:00:00.0,9,41410.953
2018-06-07T10:00:00.0,10,42744.695
2018-06-07T11:00:00.0,11,44743.777
2018-06-07T12:00:00.0,12,47692.51
2018-06-07T13:00:00.0,13,51289.215
2018-06-07T14:00:00.0,14,54950.355
2018-06-07T15:00:00.0,15,58070.332
2018-06-07T16:00:00.0,16,60956.973
2018-06-07T17:00:00.0,17,63520.066
2018-06-07T18:00:00.0,18,65339.824
2018-06-07T19:00:00.0,19,66106.055
2018-06-07T20:00:00.0,20,65634.07
2018-06-07T21:00:00.0,21,63458.215
2018-06-07T22:00:00.0,22,60812.863
2018-06-07T23:00:00.0,23,58157.254
2018-06-08T00:00:00.0,0,56380.16
2018-06-08T01:00:00.0,1,53490.56
2018-06-08T02:00:00.0,2,49461.984
2018-06-08T03:00:00.0,3,45452.766
2018-06-08T04:00:00.0,4,42336.785
2018-06-08T05:00:00.0,5,40147.844
2018-06-08T06:00:00.0,6,38523.21
2018-06-08T07:00:00.0,7,37772.004
2018-06-08T08:00:00.0,8,37879.73
2018-06-08T09:00:00.0,9,39151.355
2018-06-08T10:00:00.0,10,40223.402
2018-06-08T11:00:00.0,11,42306.55
2018-06-08T12:00:00.0,12,45188.004
2018-06-08T13:00:00.0,13,48973.234
2018-06-08T14:00:00.0,14,52908.062
2018-06-08T15:00:00.0,15,56418.26
2018-06-08T16:00:00.0,16,59572.875
2018-06-08T17:00:00.0,17,62025.035
2018-06-08T18:00:00.0,18,63811.645
2018-06-08T19:00:00.0,19,64890.285
2018-06-08T20:00:00.0,20,65040.438
2018-06-08T21:00:00.0,21,63954.715
2018-06-08T22:00:00.0,22,61720.64
2018-06-08T23:00:00.0,23,58800.668
2018-06-09T00:00:00.0,0,56690.984
2018-06-09T01:00:00.0,1,53965.766
2018-06-09T02:00:00.0,2,50370.7
2018-06-09T03:00:00.0,3,46741.938
2018-06-09T04:00:00.0,4,43517.09
2018-06-09T05:00:00.0,5,40995.855
2018-06-09T06:00:00.0,6,39257.066
2018-06-09T07:00:00.0,7,38156.777
2018-06-09T08:00:00.0,8,37713.965
2018-06-09T09:00:00.0,9,37869.453
2018-06-09T10:00:00.0,10,38013.363
2018-06-09T11:00:00.0,11,40286.34
2018-06-09T12:00:00.0,12,44145.926
2018-06-09T13:00:00.0,13,48206.363
2018-06-09T14:00:00.0,14,51941.047
2018-06-09T15:00:00.0,15,55265.03
2018-06-09T16:00:00.0,16,57471.24
2018-06-09T17:00:00.0,17,58765.547
2018-06-09T18:00:00.0,18,59658.152
2018-06-09T19:00:00.0,19,60093.113
2018-06-09T20:00:00.0,20,60033.25
2018-06-09T21:00:00.0,21,59199.2
2018-06-09T22:00:00.0,22,57612.98
2018-06-09T23:00:00.0,23,55192.73
2018-06-10T00:00:00.0,0,53626.594
2018-06-10T01:00:00.0,1,51729.207
2018-06-10T02:00:00.0,2,48875.645
2018-06-10T03:00:00.0,3,45824.848
2018-06-10T04:00:00.0,4,43064.12
2018-06-10T05:00:00.0,5,40994.746
2018-06-10T06:00:00.0,6,39505.246
2018-06-10T07:00:00.0,7,38508.277
2018-06-10T08:00:00.0,8,38121.824
2018-06-10T09:00:00.0,9,38127.87
2018-06-10T10:00:00.0,10,38057.824
2018-06-10T11:00:00.0,11,39810.855
2018-06-10T12:00:00.0,12,43430.625
2018-06-10T13:00:00.0,13,47384.496
2018-06-10T14:00:00.0,14,50947.234
2018-06-10T15:00:00.0,15,54433.848
2018-06-10T16:00:00.0,16,57481.516
2018-06-10T17:00:00.0,17,59839.39
2018-06-10T18:00:00.0,18,61425.098
2018-06-10T19:00:00.0,19,62363.156
2018-06-10T20:00:00.0,20,63053.516
2018-06-10T21:00:00.0,21,62700.73
2018-06-10T22:00:00.0,22,61093.688
2018-06-10T23:00:00.0,23,58850.09
2018-06-11T00:00:00.0,0,57516.44
2018-06-11T01:00:00.0,1,55182.75
2018-06-11T02:00:00.0,2,51435.355
2018-06-11T03:00:00.0,3,47511.004
2018-06-11T04:00:00.0,4,44564.332
2018-06-11T05:00:00.0,5,42631.848
2018-06-11T06:00:00.0,6,41456.12
2018-06-11T07:00:00.0,7,41001.203
2018-06-11T08:00:00.0,8,41498.2
2018-06-11T09:00:00.0,9,43115.22
2018-06-11T10:00:00.0,10,44437.848
2018-06-11T11:00:00.0,11,46296.23
2018-06-11T12:00:00.0,12,48938.047
2018-06-11T13:00:00.0,13,51906.387
2018-06-11T14:00:00.0,14,55027.52
2018-06-11T15:00:00.0,15,57903.11
2018-06-11T16:00:00.0,16,60500.74
2018-06-11T17:00:00.0,17,62827.816
2018-06-11T18:00:00.0,18,64678.125
2018-06-11T19:00:00.0,19,66108.305
2018-06-11T20:00:00.0,20,66648.9
2018-06-11T21:00:00.0,21,66105.74
2018-06-11T22:00:00.0,22,64431.863
2018-06-11T23:00:00.0,23,61747.016
2018-06-12T00:00:00.0,0,59944.676
2018-06-12T01:00:00.0,1,57221.38
2018-06-12T02:00:00.0,2,53051.812
2018-06-12T03:00:00.0,3,48971.38
2018-06-12T04:00:00.0,4,45942.05
2018-06-12T05:00:00.0,5,43823.27
2018-06-12T06:00:00.0,6,42415.555
2018-06-12T07:00:00.0,7,41605.59
2018-06-12T08:00:00.0,8,41789.145
2018-06-12T09:00:00.0,9,43225.973
2018-06-12T10:00:00.0,10,44517.082
2018-06-12T11:00:00.0,11,46266.703
2018-06-12T12:00:00.0,12,48965.0
2018-06-12T13:00:00.0,13,52267.918
2018-06-12T14:00:00.0,14,55616.78
2018-06-12T15:00:00.0,15,58954.67
2018-06-12T16:00:00.0,16,61786.316
2018-06-12T17:00:00.0,17,64234.03
2018-06-12T18:00:00.0,18,65916.586
2018-06-12T19:00:00.0,19,66937.45
2018-06-12T20:00:00.0,20,66989.49
2018-06-12T21:00:00.0,21,66153.375
2018-06-12T22:00:00.0,22,64487.066
2018-06-12T23:00:00.0,23,61654.668
2018-06-13T00:00:00.0,0,59519.344
2018-06-13T01:00:00.0,1,56492.55
2018-06-13T02:00:00.0,2,52340.277
2018-06-13T03:00:00.0,3,48294.63
2018-06-13T04:00:00.0,4,45107.13
2018-06-13T05:00:00.0,5,42820.78
2018-06-13T06:00:00.0,6,41363.74
2018-06-13T07:00:00.0,7,40640.94
2018-06-13T08:00:00.0,8,40883.2
2018-06-13T09:00:00.0,9,42385.004
2018-06-13T10:00:00.0,10,43569.465
2018-06-13T11:00:00.0,11,45289.0
2018-06-13T12:00:00.0,12,48148.004
2018-06-13T13:00:00.0,13,51682.348
2018-06-13T14:00:00.0,14,55298.504
2018-06-13T15:00:00.0,15,58565.043
2018-06-13T16:00:00.0,16,61532.348
2018-06-13T17:00:00.0,17,64310.402
2018-06-13T18:00:00.0,18,66229.484
2018-06-13T19:00:00.0,19,67405.85
2018-06-13T20:00:00.0,20,67614.055
2018-06-13T21:00:00.0,21,67002.76
2018-06-13T22:00:00.0,22,65268.47
2018-06-13T23:00:00.0,23,62368.89
2018-06-14T00:00:00.0,0,60070.27
2018-06-14T01:00:00.0,1,56861.777
2018-06-14T02:00:00.0,2,52622.047
2018-06-14T03:00:00.0,3,48487.266
2018-06-14T04:00:00.0,4,45232.266
2018-06-14T05:00:00.0,5,42733.754
2018-06-14T06:00:00.0,6,41067.312
2018-06-14T07:00:00.0,7,40184.793
2018-06-14T08:00:00.0,8,40243.58
2018-06-14T09:00:00.0,9,41499.01
2018-06-14T10:00:00.0,10,42607.535
2018-06-14T11:00:00.0,11,44897.09
2018-06-14T12:00:00.0,12,48022.19
2018-06-14T13:00:00.0,13,51758.75
2018-06-14T14:00:00.0,14,55495.266
2018-06-14T15:00:00.0,15,58758.016
2018-06-14T16:00:00.0,16,61603.99
2018-06-14T17:00:00.0,17,63440.676
2018-06-14T18:00:00.0,18,63774.406
2018-06-14T19:00:00.0,19,63738.188
2018-06-14T20:00:00.0,20,63692.676
2018-06-14T21:00:00.0,21,63082.03
2018-06-14T22:00:00.0,22,61893.703
2018-06-14T23:00:00.0,23,59666.473
2018-06-15T00:00:00.0,0,57832.723
2018-06-15T01:00:00.0,1,55366.094
2018-06-15T02:00:00.0,2,51528.98
2018-06-15T03:00:00.0,3,47593.45
2018-06-15T04:00:00.0,4,44523.625
2018-06-15T05:00:00.0,5,42300.03
2018-06-15T06:00:00.0,6,40687.707
2018-06-15T07:00:00.0,7,39788.074
2018-06-15T08:00:00.0,8,39868.434
2018-06-15T09:00:00.0,9,40982.957
2018-06-15T10:00:00.0,10,41936.176
2018-06-15T11:00:00.0,11,44385.848
2018-06-15T12:00:00.0,12,47683.496
2018-06-15T13:00:00.0,13,51257.207
2018-06-15T14:00:00.0,14,54791.64
2018-06-15T15:00:00.0,15,57581.234
2018-06-15T16:00:00.0,16,60113.754
2018-06-15T17:00:00.0,17,62518.645
2018-06-15T18:00:00.0,18,64378.707
2018-06-15T19:00:00.0,19,65529.902
2018-06-15T20:00:00.0,20,65463.543
2018-06-15T21:00:00.0,21,64452.145
2018-06-15T22:00:00.0,22,62388.293
2018-06-15T23:00:00.0,23,59605.996
2018-06-16T00:00:00.0,0,57663.465
2018-06-16T01:00:00.0,1,55297.996
2018-06-16T02:00:00.0,2,52018.234
2018-06-16T03:00:00.0,3,48579.105
2018-06-16T04:00:00.0,4,45680.637
2018-06-16T05:00:00.0,5,43415.426
2018-06-16T06:00:00.0,6,41686.793
2018-06-16T07:00:00.0,7,40537.145
2018-06-16T08:00:00.0,8,39895.383
2018-06-16T09:00:00.0,9,39785.184
2018-06-16T10:00:00.0,10,39763.45
2018-06-16T11:00:00.0,11,42041.723
2018-06-16T12:00:00.0,12,45677.047
2018-06-16T13:00:00.0,13,49149.387
2018-06-16T14:00:00.0,14,52440.105
2018-06-16T15:00:00.0,15,55542.17
2018-06-16T16:00:00.0,16,58261.28
2018-06-16T17:00:00.0,17,60134.387
2018-06-16T18:00:00.0,18,61347.344
2018-06-16T19:00:00.0,19,62295.457
2018-06-16T20:00:00.0,20,62288.215
2018-06-16T21:00:00.0,21,61472.73
2018-06-16T22:00:00.0,22,59920.402
2018-06-16T23:00:00.0,23,57405.91
2018-06-17T00:00:00.0,0,55532.637
2018-06-17T01:00:00.0,1,53341.848
2018-06-17T02:00:00.0,2,50269.504
2018-06-17T03:00:00.0,3,47010.76
2018-06-17T04:00:00.0,4,44024.137
2018-06-17T05:00:00.0,5,41617.434
2018-06-17T06:00:00.0,6,39870.996
2018-06-17T07:00:00.0,7,38544.797
2018-06-17T08:00:00.0,8,37723.734
2018-06-17T09:00:00.0,9,37461.402
2018-06-17T10:00:00.0,10,37133.29
2018-06-17T11:00:00.0,11,39384.223
2018-06-17T12:00:00.0,12,43036.06
2018-06-17T13:00:00.0,13,46171.848
2018-06-17T14:00:00.0,14,48660.035
2018-06-17T15:00:00.0,15,51167.082
2018-06-17T16:00:00.0,16,53623.496
2018-06-17T17:00:00.0,17,55368.97
2018-06-17T18:00:00.0,18,56592.03
2018-06-17T19:00:00.0,19,58017.28
2018-06-17T20:00:00.0,20,58391.824
2018-06-17T21:00:00.0,21,57796.78
2018-06-17T22:00:00.0,22,56423.516
2018-06-17T23:00:00.0,23,54508.418
2018-06-18T00:00:00.0,0,53453.438
2018-06-18T01:00:00.0,1,51864.26
2018-06-18T02:00:00.0,2,48816.25
2018-06-18T03:00:00.0,3,45474.438
2018-06-18T04:00:00.0,4,42702.84
2018-06-18T05:00:00.0,5,40719.926
2018-06-18T06:00:00.0,6,39566.996
2018-06-18T07:00:00.0,7,39041.08
2018-06-18T08:00:00.0,8,39442.387
2018-06-18T09:00:00.0,9,41047.3
2018-06-18T10:00:00.0,10,42395.94
2018-06-18T11:00:00.0,11,43843.613
2018-06-18T12:00:00.0,12,45790.637
2018-06-18T13:00:00.0,13,48097.496
2018-06-18T14:00:00.0,14,50659.074
2018-06-18T15:00:00.0,15,52688.652
2018-06-18T16:00:00.0,16,54558.074
2018-06-18T17:00:00.0,17,56538.934
2018-06-18T18:00:00.0,18,58016.816
2018-06-18T19:00:00.0,19,58849.254
2018-06-18T20:00:00.0,20,58865.684
2018-06-18T21:00:00.0,21,57972.61
2018-06-18T22:00:00.0,22,56487.844
2018-06-18T23:00:00.0,23,54207.41
2018-06-19T00:00:00.0,0,52979.44
2018-06-19T01:00:00.0,1,50865.934
2018-06-19T02:00:00.0,2,47316.004
2018-06-19T03:00:00.0,3,43879.98
2018-06-19T04:00:00.0,4,41204.234
2018-06-19T05:00:00.0,5,39329.945
2018-06-19T06:00:00.0,6,38181.125
2018-06-19T07:00:00.0,7,37611.043
2018-06-19T08:00:00.0,8,37968.137
2018-06-19T09:00:00.0,9,39588.914
2018-06-19T10:00:00.0,10,41131.47
2018-06-19T11:00:00.0,11,42283.32
2018-06-19T12:00:00.0,12,43969.47
2018-06-19T13:00:00.0,13,46047.344
2018-06-19T14:00:00.0,14,48065.01
2018-06-19T15:00:00.0,15,49511.137
2018-06-19T16:00:00.0,16,50820.06
2018-06-19T17:00:00.0,17,51539.8
2018-06-19T18:00:00.0,18,51802.785
2018-06-19T19:00:00.0,19,51911.67
2018-06-19T20:00:00.0,20,51853.26
2018-06-19T21:00:00.0,21,51449.16
2018-06-19T22:00:00.0,22,50484.87
2018-06-19T23:00:00.0,23,49490.348
2018-06-20T00:00:00.0,0,49252.652
2018-06-20T01:00:00.0,1,47988.92
2018-06-20T02:00:00.0,2,45163.766
2018-06-20T03:00:00.0,3,42003.94
2018-06-20T04:00:00.0,4,39599.305
2018-06-20T05:00:00.0,5,38016.13
2018-06-20T06:00:00.0,6,37115.996
2018-06-20T07:00:00.0,7,36746.707
2018-06-20T08:00:00.0,8,37462.99
2018-06-20T09:00:00.0,9,39452.582
2018-06-20T10:00:00.0,10,41203.59
2018-06-20T11:00:00.0,11,42515.395
2018-06-20T12:00:00.0,12,43954.457
2018-06-20T13:00:00.0,13,45761.348
2018-06-20T14:00:00.0,14,47981.12
2018-06-20T15:00:00.0,15,50256.535
2018-06-20T16:00:00.0,16,52303.027
2018-06-20T17:00:00.0,17,53893.23
2018-06-20T18:00:00.0,18,54909.613
2018-06-20T19:00:00.0,19,55486.52
2018-06-20T20:00:00.0,20,55300.484
2018-06-20T21:00:00.0,21,54640.168
2018-06-20T22:00:00.0,22,53527.047
2018-06-20T23:00:00.0,23,52003.8
2018-06-21T00:00:00.0,0,50926.61
2018-06-21T01:00:00.0,1,49081.184
2018-06-21T02:00:00.0,2,45698.656
2018-06-21T03:00:00.0,3,42345.453
2018-06-21T04:00:00.0,4,39758.84
2018-06-21T05:00:00.0,5,38005.332
2018-06-21T06:00:00.0,6,36892.605
2018-06-21T07:00:00.0,7,36429.066
2018-06-21T08:00:00.0,8,36913.13
2018-06-21T09:00:00.0,9,38685.734
2018-06-21T10:00:00.0,10,40361.242
2018-06-21T11:00:00.0,11,41968.83
2018-06-21T12:00:00.0,12,44378.95
2018-06-21T13:00:00.0,13,47415.17
2018-06-21T14:00:00.0,14,50501.566
2018-06-21T15:00:00.0,15,53355.312
2018-06-21T16:00:00.0,16,55611.957
2018-06-21T17:00:00.0,17,57705.36
2018-06-21T18:00:00.0,18,59790.707
2018-06-21T19:00:00.0,19,61613.41
2018-06-21T20:00:00.0,20,62697.59
2018-06-21T21:00:00.0,21,62617.266
2018-06-21T22:00:00.0,22,61295.98
2018-06-21T23:00:00.0,23,59028.188
2018-06-22T00:00:00.0,0,57235.59
2018-06-22T01:00:00.0,1,54578.297
2018-06-22T02:00:00.0,2,50670.62
2018-06-22T03:00:00.0,3,46825.996
2018-06-22T04:00:00.0,4,43811.516
2018-06-22T05:00:00.0,5,41731.06
2018-06-22T06:00:00.0,6,40339.84
2018-06-22T07:00:00.0,7,39618.676
2018-06-22T08:00:00.0,8,39816.74
2018-06-22T09:00:00.0,9,41127.035
2018-06-22T10:00:00.0,10,42387.035
2018-06-22T11:00:00.0,11,44392.16
2018-06-22T12:00:00.0,12,47664.203
2018-06-22T13:00:00.0,13,51202.746
2018-06-22T14:00:00.0,14,54683.395
2018-06-22T15:00:00.0,15,58111.55
2018-06-22T16:00:00.0,16,61256.332
2018-06-22T17:00:00.0,17,64333.78
2018-06-22T18:00:00.0,18,66617.71
2018-06-22T19:00:00.0,19,67595.664
2018-06-22T20:00:00.0,20,67772.76
2018-06-22T21:00:00.0,21,67448.24
2018-06-22T22:00:00.0,22,66019.4
2018-06-22T23:00:00.0,23,63287.285
2018-06-23T00:00:00.0,0,61023.25
2018-06-23T01:00:00.0,1,58305.344
2018-06-23T02:00:00.0,2,54709.59
2018-06-23T03:00:00.0,3,51081.746
2018-06-23T04:00:00.0,4,47796.72
2018-06-23T05:00:00.0,5,45034.598
2018-06-23T06:00:00.0,6,42924.434
2018-06-23T07:00:00.0,7,41303.105
2018-06-23T08:00:00.0,8,40236.703
2018-06-23T09:00:00.0,9,40031.613
2018-06-23T10:00:00.0,10,40036.277
2018-06-23T11:00:00.0,11,41710.996
2018-06-23T12:00:00.0,12,44862.824
2018-06-23T13:00:00.0,13,48328.684
2018-06-23T14:00:00.0,14,51997.76
2018-06-23T15:00:00.0,15,55317.855
2018-06-23T16:00:00.0,16,58447.668
2018-06-23T17:00:00.0,17,61119.69
2018-06-23T18:00:00.0,18,63008.668
2018-06-23T19:00:00.0,19,64189.59
2018-06-23T20:00:00.0,20,64685.99
2018-06-23T21:00:00.0,21,64104.145
2018-06-23T22:00:00.0,22,62310.81
2018-06-23T23:00:00.0,23,59767.168
2018-06-24T00:00:00.0,0,58005.312
2018-06-24T01:00:00.0,1,55735.7
2018-06-24T02:00:00.0,2,52651.05
2018-06-24T03:00:00.0,3,49632.08
2018-06-24T04:00:00.0,4,46889.203
2018-06-24T05:00:00.0,5,44709.004
2018-06-24T06:00:00.0,6,42986.414
2018-06-24T07:00:00.0,7,41797.01
2018-06-24T08:00:00.0,8,41057.3
2018-06-24T09:00:00.0,9,40714.598
2018-06-24T10:00:00.0,10,40244.29
2018-06-24T11:00:00.0,11,41707.168
2018-06-24T12:00:00.0,12,44714.293
2018-06-24T13:00:00.0,13,48177.48
2018-06-24T14:00:00.0,14,52151.984
2018-06-24T15:00:00.0,15,55743.465
2018-06-24T16:00:00.0,16,58687.7
2018-06-24T17:00:00.0,17,61194.594
2018-06-24T18:00:00.0,18,62916.26
2018-06-24T19:00:00.0,19,64083.0
2018-06-24T20:00:00.0,20,64676.41
2018-06-24T21:00:00.0,21,64245.11
2018-06-24T22:00:00.0,22,62553.746
2018-06-24T23:00:00.0,23,60160.035
2018-06-25T00:00:00.0,0,58510.832
2018-06-25T01:00:00.0,1,56398.19
2018-06-25T02:00:00.0,2,52724.043
2018-06-25T03:00:00.0,3,48726.3
2018-06-25T04:00:00.0,4,45753.094
2018-06-25T05:00:00.0,5,43682.184
2018-06-25T06:00:00.0,6,42351.652
2018-06-25T07:00:00.0,7,41747.688
2018-06-25T08:00:00.0,8,42093.793
2018-06-25T09:00:00.0,9,43574.63
2018-06-25T10:00:00.0,10,44369.86
2018-06-25T11:00:00.0,11,45543.355
2018-06-25T12:00:00.0,12,47774.45
2018-06-25T13:00:00.0,13,50817.36
2018-06-25T14:00:00.0,14,54347.934
2018-06-25T15:00:00.0,15,57466.55
2018-06-25T16:00:00.0,16,60015.137
2018-06-25T17:00:00.0,17,61786.05
2018-06-25T18:00:00.0,18,62734.746
2018-06-25T19:00:00.0,19,63931.75
2018-06-25T20:00:00.0,20,64560.56
2018-06-25T21:00:00.0,21,64073.81
2018-06-25T22:00:00.0,22,62525.08
2018-06-25T23:00:00.0,23,60140.707
2018-06-26T00:00:00.0,0,58436.91
2018-06-26T01:00:00.0,1,56033.76
2018-06-26T02:00:00.0,2,52224.08
2018-06-26T03:00:00.0,3,48433.625
2018-06-26T04:00:00.0,4,45440.094
2018-06-26T05:00:00.0,5,43324.574
2018-06-26T06:00:00.0,6,41799.402
2018-06-26T07:00:00.0,7,41041.297
2018-06-26T08:00:00.0,8,41279.625
2018-06-26T09:00:00.0,9,42734.55
2018-06-26T10:00:00.0,10,43874.06
2018-06-26T11:00:00.0,11,45796.59
2018-06-26T12:00:00.0,12,48848.656
2018-06-26T13:00:00.0,13,52445.72
2018-06-26T14:00:00.0,14,55892.777
2018-06-26T15:00:00.0,15,59236.2
2018-06-26T16:00:00.0,16,62133.324
2018-06-26T17:00:00.0,17,64575.387
2018-06-26T18:00:00.0,18,66392.71
2018-06-26T19:00:00.0,19,67452.56
2018-06-26T20:00:00.0,20,67630.67
2018-06-26T21:00:00.0,21,67184.93
2018-06-26T22:00:00.0,22,65758.25
2018-06-26T23:00:00.0,23,63118.934
2018-06-27T00:00:00.0,0,60830.12
2018-06-27T01:00:00.0,1,58081.176
2018-06-27T02:00:00.0,2,53836.99
2018-06-27T03:00:00.0,3,49676.543
2018-06-27T04:00:00.0,4,46400.66
2018-06-27T05:00:00.0,5,44045.05
2018-06-27T06:00:00.0,6,42443.37
2018-06-27T07:00:00.0,7,41507.71
2018-06-27T08:00:00.0,8,41656.797
2018-06-27T09:00:00.0,9,42879.26
2018-06-27T10:00:00.0,10,43887.28
2018-06-27T11:00:00.0,11,45987.645
2018-06-27T12:00:00.0,12,49269.793
2018-06-27T13:00:00.0,13,52843.723
2018-06-27T14:00:00.0,14,56527.934
2018-06-27T15:00:00.0,15,60038.254
2018-06-27T16:00:00.0,16,63378.582
2018-06-27T17:00:00.0,17,66196.96
2018-06-27T18:00:00.0,18,68030.62
2018-06-27T19:00:00.0,19,68735.64
2018-06-27T20:00:00.0,20,69075.05
2018-06-27T21:00:00.0,21,68850.9
2018-06-27T22:00:00.0,22,67678.47
2018-06-27T23:00:00.0,23,64876.246
2018-06-28T00:00:00.0,0,62408.766
2018-06-28T01:00:00.0,1,59362.793
2018-06-28T02:00:00.0,2,55099.24
2018-06-28T03:00:00.0,3,50901.668
2018-06-28T04:00:00.0,4,47378.656
2018-06-28T05:00:00.0,5,44824.23
2018-06-28T06:00:00.0,6,43137.668
2018-06-28T07:00:00.0,7,42164.38
2018-06-28T08:00:00.0,8,42124.543
2018-06-28T09:00:00.0,9,43211.492
2018-06-28T10:00:00.0,10,44117.64
2018-06-28T11:00:00.0,11,46165.484
2018-06-28T12:00:00.0,12,49331.8
2018-06-28T13:00:00.0,13,52841.88
2018-06-28T14:00:00.0,14,56566.176
2018-06-28T15:00:00.0,15,60038.887
2018-06-28T16:00:00.0,16,63059.234
2018-06-28T17:00:00.0,17,65637.53
2018-06-28T18:00:00.0,18,67392.57
2018-06-28T19:00:00.0,19,68278.305
2018-06-28T20:00:00.0,20,68559.4
2018-06-28T21:00:00.0,21,67902.29
2018-06-28T22:00:00.0,22,66392.54
2018-06-28T23:00:00.0,23,63729.098
2018-06-29T00:00:00.0,0,61640.715
2018-06-29T01:00:00.0,1,58972.52
2018-06-29T02:00:00.0,2,54791.11
2018-06-29T03:00:00.0,3,50643.582
2018-06-29T04:00:00.0,4,47371.824
2018-06-29T05:00:00.0,5,45091.01
2018-06-29T06:00:00.0,6,43483.05
2018-06-29T07:00:00.0,7,42510.613
2018-06-29T08:00:00.0,8,42522.23
2018-06-29T09:00:00.0,9,43513.06
2018-06-29T10:00:00.0,10,44294.66
2018-06-29T11:00:00.0,11,46200.34
2018-06-29T12:00:00.0,12,49394.625
2018-06-29T13:00:00.0,13,52935.785
2018-06-29T14:00:00.0,14,56509.766
2018-06-29T15:00:00.0,15,59684.953
2018-06-29T16:00:00.0,16,62740.77
2018-06-29T17:00:00.0,17,65227.8
2018-06-29T18:00:00.0,18,66984.68
2018-06-29T19:00:00.0,19,68094.68
2018-06-29T20:00:00.0,20,68371.82
2018-06-29T21:00:00.0,21,67344.07
2018-06-29T22:00:00.0,22,65197.656
2018-06-29T23:00:00.0,23,62181.785
2018-06-30T00:00:00.0,0,60243.2
2018-06-30T01:00:00.0,1,57768.56
2018-06-30T02:00:00.0,2,54405.906
2018-06-30T03:00:00.0,3,50870.12
2018-06-30T04:00:00.0,4,47780.535
2018-06-30T05:00:00.0,5,45416.707
2018-06-30T06:00:00.0,6,43552.293
2018-06-30T07:00:00.0,7,42164.277
2018-06-30T08:00:00.0,8,41462.793
2018-06-30T09:00:00.0,9,41418.254
2018-06-30T10:00:00.0,10,41345.52
2018-06-30T11:00:00.0,11,42973.523
2018-06-30T12:00:00.0,12,46420.406
2018-06-30T13:00:00.0,13,50360.973
2018-06-30T14:00:00.0,14,54088.516
2018-06-30T15:00:00.0,15,57235.44
2018-06-30T16:00:00.0,16,59996.09
2018-06-30T17:00:00.0,17,62387.395
2018-06-30T18:00:00.0,18,64081.375
2018-06-30T19:00:00.0,19,65277.84
2018-06-30T20:00:00.0,20,65712.76
2018-06-30T21:00:00.0,21,65027.2
2018-06-30T22:00:00.0,22,63185.098
2018-06-30T23:00:00.0,23,60398.855
2018-07-01T00:00:00.0,0,58362.51
2018-07-01T01:00:00.0,1,55867.31
2018-07-01T02:00:00.0,2,52517.215
2018-07-01T03:00:00.0,3,49222.543
2018-07-01T04:00:00.0,4,46330.45
2018-07-01T05:00:00.0,5,43929.87
2018-07-01T06:00:00.0,6,42046.566
2018-07-01T07:00:00.0,7,40666.668
2018-07-01T08:00:00.0,8,39787.137
2018-07-01T09:00:00.0,9,39399.64
2018-07-01T10:00:00.0,10,38913.668
2018-07-01T11:00:00.0,11,40321.99
2018-07-01T12:00:00.0,12,43750.58
2018-07-01T13:00:00.0,13,47748.156
2018-07-01T14:00:00.0,14,51592.637
2018-07-01T15:00:00.0,15,55543.31
2018-07-01T16:00:00.0,16,59145.8
2018-07-01T17:00:00.0,17,62289.574
2018-07-01T18:00:00.0,18,64743.97
2018-07-01T19:00:00.0,19,66366.02
2018-07-01T20:00:00.0,20,67042.51
2018-07-01T21:00:00.0,21,66502.945
2018-07-01T22:00:00.0,22,64492.645
2018-07-01T23:00:00.0,23,61500.582
2018-07-02T00:00:00.0,0,59436.52
2018-07-02T01:00:00.0,1,56706.94
2018-07-02T02:00:00.0,2,52769.582
2018-07-02T03:00:00.0,3,48787.016
2018-07-02T04:00:00.0,4,45768.61
2018-07-02T05:00:00.0,5,43535.023
2018-07-02T06:00:00.0,6,42024.926
2018-07-02T07:00:00.0,7,41178.438
2018-07-02T08:00:00.0,8,41254.098
2018-07-02T09:00:00.0,9,42195.574
2018-07-02T10:00:00.0,10,42982.957
2018-07-02T11:00:00.0,11,44959.316
2018-07-02T12:00:00.0,12,48050.28
2018-07-02T13:00:00.0,13,51728.34
2018-07-02T14:00:00.0,14,55642.844
2018-07-02T15:00:00.0,15,59358.168
2018-07-02T16:00:00.0,16,62983.52
2018-07-02T17:00:00.0,17,66099.375
2018-07-02T18:00:00.0,18,68327.77
2018-07-02T19:00:00.0,19,69132.445
2018-07-02T20:00:00.0,20,69320.4
2018-07-02T21:00:00.0,21,69179.18
2018-07-02T22:00:00.0,22,68050.54
2018-07-02T23:00:00.0,23,65256.207
2018-07-03T00:00:00.0,0,62608.5
2018-07-03T01:00:00.0,1,59500.832
2018-07-03T02:00:00.0,2,55010.816
2018-07-03T03:00:00.0,3,50625.2
2018-07-03T04:00:00.0,4,46965.316
2018-07-03T05:00:00.0,5,44402.047
2018-07-03T06:00:00.0,6,42569.867
2018-07-03T07:00:00.0,7,41449.75
2018-07-03T08:00:00.0,8,41324.766
2018-07-03T09:00:00.0,9,42289.32
2018-07-03T10:00:00.0,10,43036.645
2018-07-03T11:00:00.0,11,44919.53
2018-07-03T12:00:00.0,12,48027.11
2018-07-03T13:00:00.0,13,51987.324
2018-07-03T14:00:00.0,14,56326.207
2018-07-03T15:00:00.0,15,60260.094
2018-07-03T16:00:00.0,16,63790.543
2018-07-03T17:00:00.0,17,66830.76
2018-07-03T18:00:00.0,18,68819.945
2018-07-03T19:00:00.0,19,69557.664
2018-07-03T20:00:00.0,20,69608.65
2018-07-03T21:00:00.0,21,69333.19
2018-07-03T22:00:00.0,22,67860.88
2018-07-03T23:00:00.0,23,64981.91
2018-07-04T00:00:00.0,0,61678.76
2018-07-04T01:00:00.0,1,57965.297
2018-07-04T02:00:00.0,2,53539.895
2018-07-04T03:00:00.0,3,49515.2
2018-07-04T04:00:00.0,4,46145.344
2018-07-04T05:00:00.0,5,43441.36
2018-07-04T06:00:00.0,6,41357.7
2018-07-04T07:00:00.0,7,40125.965
2018-07-04T08:00:00.0,8,39656.324
2018-07-04T09:00:00.0,9,39711.95
2018-07-04T10:00:00.0,10,39297.562
2018-07-04T11:00:00.0,11,40278.37
2018-07-04T12:00:00.0,12,42881.145
2018-07-04T13:00:00.0,13,46117.3
2018-07-04T14:00:00.0,14,49513.91
2018-07-04T15:00:00.0,15,52497.62
2018-07-04T16:00:00.0,16,54681.746
2018-07-04T17:00:00.0,17,55657.72
2018-07-04T18:00:00.0,18,55784.016
2018-07-04T19:00:00.0,19,55732.39
2018-07-04T20:00:00.0,20,54931.145
2018-07-04T21:00:00.0,21,53859.848
2018-07-04T22:00:00.0,22,52222.434
2018-07-04T23:00:00.0,23,50298.043
2018-07-05T00:00:00.0,0,49052.457
2018-07-05T01:00:00.0,1,47174.69
2018-07-05T02:00:00.0,2,45210.875
2018-07-05T03:00:00.0,3,42260.324
2018-07-05T04:00:00.0,4,39674.793
2018-07-05T05:00:00.0,5,37774.473
2018-07-05T06:00:00.0,6,36468.793
2018-07-05T07:00:00.0,7,35741.48
2018-07-05T08:00:00.0,8,36090.65
2018-07-05T09:00:00.0,9,37421.758
2018-07-05T10:00:00.0,10,38587.77
2018-07-05T11:00:00.0,11,40548.777
2018-07-05T12:00:00.0,12,43504.77
2018-07-05T13:00:00.0,13,47001.957
2018-07-05T14:00:00.0,14,50730.293
2018-07-05T15:00:00.0,15,54347.965
2018-07-05T16:00:00.0,16,57409.188
2018-07-05T17:00:00.0,17,59985.11
2018-07-05T18:00:00.0,18,61418.06
2018-07-05T19:00:00.0,19,62497.73
2018-07-05T20:00:00.0,20,63292.574
2018-07-05T21:00:00.0,21,63155.293
2018-07-05T22:00:00.0,22,61473.434
2018-07-05T23:00:00.0,23,58970.89
2018-07-06T00:00:00.0,0,57140.035
2018-07-06T01:00:00.0,1,54296.316
2018-07-06T02:00:00.0,2,50291.895
2018-07-06T03:00:00.0,3,46542.95
2018-07-06T04:00:00.0,4,43408.816
2018-07-06T05:00:00.0,5,41153.73
2018-07-06T06:00:00.0,6,39510.594
2018-07-06T07:00:00.0,7,38644.594
2018-07-06T08:00:00.0,8,38688.016
2018-07-06T09:00:00.0,9,39909.29
2018-07-06T10:00:00.0,10,40968.73
2018-07-06T11:00:00.0,11,42872.055
2018-07-06T12:00:00.0,12,46109.14
2018-07-06T13:00:00.0,13,49819.066
2018-07-06T14:00:00.0,14,53753.97
2018-07-06T15:00:00.0,15,57220.62
2018-07-06T16:00:00.0,16,60120.684
2018-07-06T17:00:00.0,17,62130.47
2018-07-06T18:00:00.0,18,62839.59
2018-07-06T19:00:00.0,19,61985.7
2018-07-06T20:00:00.0,20,60521.473
2018-07-06T21:00:00.0,21,58580.688
2018-07-06T22:00:00.0,22,56403.53
2018-07-06T23:00:00.0,23,53697.895
2018-07-07T00:00:00.0,0,52459.53
2018-07-07T01:00:00.0,1,50426.39
2018-07-07T02:00:00.0,2,47406.56
2018-07-07T03:00:00.0,3,44101.574
2018-07-07T04:00:00.0,4,41292.4
2018-07-07T05:00:00.0,5,39230.41
2018-07-07T06:00:00.0,6,37665.133
2018-07-07T07:00:00.0,7,36606.957
2018-07-07T08:00:00.0,8,36235.434
2018-07-07T09:00:00.0,9,36415.664
2018-07-07T10:00:00.0,10,36479.535
2018-07-07T11:00:00.0,11,38389.03
2018-07-07T12:00:00.0,12,41875.676
2018-07-07T13:00:00.0,13,45810.062
2018-07-07T14:00:00.0,14,49656.973
2018-07-07T15:00:00.0,15,52939.168
2018-07-07T16:00:00.0,16,55575.426
2018-07-07T17:00:00.0,17,57248.62
2018-07-07T18:00:00.0,18,58289.95
2018-07-07T19:00:00.0,19,58593.72
2018-07-07T20:00:00.0,20,58121.457
2018-07-07T21:00:00.0,21,56635.5
2018-07-07T22:00:00.0,22,54636.035
2018-07-07T23:00:00.0,23,52408.137
2018-07-08T00:00:00.0,0,51160.098
2018-07-08T01:00:00.0,1,49270.105
2018-07-08T02:00:00.0,2,46490.812
2018-07-08T03:00:00.0,3,43635.797
2018-07-08T04:00:00.0,4,41036.9
2018-07-08T05:00:00.0,5,38950.723
2018-07-08T06:00:00.0,6,37339.402
2018-07-08T07:00:00.0,7,36245.86
2018-07-08T08:00:00.0,8,35660.24
2018-07-08T09:00:00.0,9,35639.754
2018-07-08T10:00:00.0,10,35413.504
2018-07-08T11:00:00.0,11,37061.117
2018-07-08T12:00:00.0,12,40582.426
2018-07-08T13:00:00.0,13,44379.965
2018-07-08T14:00:00.0,14,47741.53
2018-07-08T15:00:00.0,15,50418.324
2018-07-08T16:00:00.0,16,52153.453
2018-07-08T17:00:00.0,17,53283.902
2018-07-08T18:00:00.0,18,54189.625
2018-07-08T19:00:00.0,19,54818.652
2018-07-08T20:00:00.0,20,55015.297
2018-07-08T21:00:00.0,21,54535.312
2018-07-08T22:00:00.0,22,53254.355
2018-07-08T23:00:00.0,23,51470.582
2018-07-09T00:00:00.0,0,50626.656
2018-07-09T01:00:00.0,1,49012.613
2018-07-09T02:00:00.0,2,45860.434
2018-07-09T03:00:00.0,3,42426.953
2018-07-09T04:00:00.0,4,39869.2
2018-07-09T05:00:00.0,5,38145.15
2018-07-09T06:00:00.0,6,37105.81
2018-07-09T07:00:00.0,7,36750.746
2018-07-09T08:00:00.0,8,37319.492
2018-07-09T09:00:00.0,9,39105.52
2018-07-09T10:00:00.0,10,40497.113
2018-07-09T11:00:00.0,11,42147.137
2018-07-09T12:00:00.0,12,44679.605
2018-07-09T13:00:00.0,13,47748.582
2018-07-09T14:00:00.0,14,50659.766
2018-07-09T15:00:00.0,15,53029.426
2018-07-09T16:00:00.0,16,54303.734
2018-07-09T17:00:00.0,17,54639.074
2018-07-09T18:00:00.0,18,54476.293
2018-07-09T19:00:00.0,19,54251.78
2018-07-09T20:00:00.0,20,54527.297
2018-07-09T21:00:00.0,21,54460.355
2018-07-09T22:00:00.0,22,53361.043
2018-07-09T23:00:00.0,23,51526.47
2018-07-10T00:00:00.0,0,50833.953
2018-07-10T01:00:00.0,1,49084.234
2018-07-10T02:00:00.0,2,45622.344
2018-07-10T03:00:00.0,3,42081.465
2018-07-10T04:00:00.0,4,39643.793
2018-07-10T05:00:00.0,5,37830.793
2018-07-10T06:00:00.0,6,36601.15
2018-07-10T07:00:00.0,7,36085.855
2018-07-10T08:00:00.0,8,36566.43
2018-07-10T09:00:00.0,9,38150.19
2018-07-10T10:00:00.0,10,39545.324
2018-07-10T11:00:00.0,11,41348.004
2018-07-10T12:00:00.0,12,44289.03
2018-07-10T13:00:00.0,13,47776.156
2018-07-10T14:00:00.0,14,51774.562
2018-07-10T15:00:00.0,15,55439.113
2018-07-10T16:00:00.0,16,58606.81
2018-07-10T17:00:00.0,17,60745.156
2018-07-10T18:00:00.0,18,61785.938
2018-07-10T19:00:00.0,19,61484.613
2018-07-10T20:00:00.0,20,60387.25
2018-07-10T21:00:00.0,21,59191.184
2018-07-10T22:00:00.0,22,57696.41
2018-07-10T23:00:00.0,23,55762.86
2018-07-11T00:00:00.0,0,54618.176
2018-07-11T01:00:00.0,1,52374.41
2018-07-11T02:00:00.0,2,48644.438
2018-07-11T03:00:00.0,3,44768.324
2018-07-11T04:00:00.0,4,41816.504
2018-07-11T05:00:00.0,5,39829.082
2018-07-11T06:00:00.0,6,38485.785
2018-07-11T07:00:00.0,7,37681.766
2018-07-11T08:00:00.0,8,37935.742
2018-07-11T09:00:00.0,9,39404.277
2018-07-11T10:00:00.0,10,40778.17
2018-07-11T11:00:00.0,11,42327.48
2018-07-11T12:00:00.0,12,45011.395
2018-07-11T13:00:00.0,13,48663.098
2018-07-11T14:00:00.0,14,52620.855
2018-07-11T15:00:00.0,15,56393.06
2018-07-11T16:00:00.0,16,59831.375
2018-07-11T17:00:00.0,17,62790.14
2018-07-11T18:00:00.0,18,64675.793
2018-07-11T19:00:00.0,19,65889.91
2018-07-11T20:00:00.0,20,66574.42
2018-07-11T21:00:00.0,21,65914.586
2018-07-11T22:00:00.0,22,63992.043
2018-07-11T23:00:00.0,23,61168.24
2018-07-12T00:00:00.0,0,59076.656
2018-07-12T01:00:00.0,1,56238.332
2018-07-12T02:00:00.0,2,52108.66
2018-07-12T03:00:00.0,3,47926.406
2018-07-12T04:00:00.0,4,44584.316
2018-07-12T05:00:00.0,5,42201.164
2018-07-12T06:00:00.0,6,40470.47
2018-07-12T07:00:00.0,7,39529.062
2018-07-12T08:00:00.0,8,39653.863
2018-07-12T09:00:00.0,9,40957.684
2018-07-12T10:00:00.0,10,42080.254
2018-07-12T11:00:00.0,11,43734.41
2018-07-12T12:00:00.0,12,46796.746
2018-07-12T13:00:00.0,13,50492.316
2018-07-12T14:00:00.0,14,54596.688
2018-07-12T15:00:00.0,15,58322.984
2018-07-12T16:00:00.0,16,61575.156
2018-07-12T17:00:00.0,17,64066.316
2018-07-12T18:00:00.0,18,65460.05
2018-07-12T19:00:00.0,19,65556.89
2018-07-12T20:00:00.0,20,64130.926
2018-07-12T21:00:00.0,21,61900.348
2018-07-12T22:00:00.0,22,59168.28
2018-07-12T23:00:00.0,23,56429.168
2018-07-13T00:00:00.0,0,54690.668
2018-07-13T01:00:00.0,1,52342.496
2018-07-13T02:00:00.0,2,48702.0
2018-07-13T03:00:00.0,3,45056.36
2018-07-13T04:00:00.0,4,42196.3
2018-07-13T05:00:00.0,5,40176.176
2018-07-13T06:00:00.0,6,38770.31
2018-07-13T07:00:00.0,7,38083.996
2018-07-13T08:00:00.0,8,38210.406
2018-07-13T09:00:00.0,9,39607.867
2018-07-13T10:00:00.0,10,40770.51
2018-07-13T11:00:00.0,11,42558.613
2018-07-13T12:00:00.0,12,45579.62
2018-07-13T13:00:00.0,13,49456.707
2018-07-13T14:00:00.0,14,53505.066
2018-07-13T15:00:00.0,15,57079.984
2018-07-13T16:00:00.0,16,60225.434
2018-07-13T17:00:00.0,17,62932.28
2018-07-13T18:00:00.0,18,64497.406
2018-07-13T19:00:00.0,19,65475.082
2018-07-13T20:00:00.0,20,65956.35
2018-07-13T21:00:00.0,21,65306.504
2018-07-13T22:00:00.0,22,63435.2
2018-07-13T23:00:00.0,23,60648.848
2018-07-14T00:00:00.0,0,58575.402
2018-07-14T01:00:00.0,1,56032.08
2018-07-14T02:00:00.0,2,52537.926
2018-07-14T03:00:00.0,3,48915.44
2018-07-14T04:00:00.0,4,45782.72
2018-07-14T05:00:00.0,5,43322.02
2018-07-14T06:00:00.0,6,41554.05
2018-07-14T07:00:00.0,7,40423.38
2018-07-14T08:00:00.0,8,39853.562
2018-07-14T09:00:00.0,9,39920.137
2018-07-14T10:00:00.0,10,39807.254
2018-07-14T11:00:00.0,11,41805.176
2018-07-14T12:00:00.0,12,45750.496
2018-07-14T13:00:00.0,13,50000.504
2018-07-14T14:00:00.0,14,54027.23
2018-07-14T15:00:00.0,15,57620.254
2018-07-14T16:00:00.0,16,60537.145
2018-07-14T17:00:00.0,17,62818.105
2018-07-14T18:00:00.0,18,64413.98
2018-07-14T19:00:00.0,19,65415.22
2018-07-14T20:00:00.0,20,65381.707
2018-07-14T21:00:00.0,21,64619.504
2018-07-14T22:00:00.0,22,62861.906
2018-07-14T23:00:00.0,23,60322.31
2018-07-15T00:00:00.0,0,58395.625
2018-07-15T01:00:00.0,1,55979.64
2018-07-15T02:00:00.0,2,52586.11
2018-07-15T03:00:00.0,3,49119.688
2018-07-15T04:00:00.0,4,46096.44
2018-07-15T05:00:00.0,5,43881.094
2018-07-15T06:00:00.0,6,42174.418
2018-07-15T07:00:00.0,7,41016.73
2018-07-15T08:00:00.0,8,40335.164
2018-07-15T09:00:00.0,9,40064.76
2018-07-15T10:00:00.0,10,39688.375
2018-07-15T11:00:00.0,11,41269.14
2018-07-15T12:00:00.0,12,44943.01
2018-07-15T13:00:00.0,13,49204.77
2018-07-15T14:00:00.0,14,53120.438
2018-07-15T15:00:00.0,15,56895.574
2018-07-15T16:00:00.0,16,60195.0
2018-07-15T17:00:00.0,17,62644.562
2018-07-15T18:00:00.0,18,64133.766
2018-07-15T19:00:00.0,19,65169.047
2018-07-15T20:00:00.0,20,65870.305
2018-07-15T21:00:00.0,21,65547.8
2018-07-15T22:00:00.0,22,63959.23
2018-07-15T23:00:00.0,23,61287.44
2018-07-16T00:00:00.0,0,59494.613
2018-07-16T01:00:00.0,1,57013.832
2018-07-16T02:00:00.0,2,53185.76
2018-07-16T03:00:00.0,3,49170.5
2018-07-16T04:00:00.0,4,46086.59
2018-07-16T05:00:00.0,5,43830.297
2018-07-16T06:00:00.0,6,42286.848
2018-07-16T07:00:00.0,7,41406.066
2018-07-16T08:00:00.0,8,41513.715
2018-07-16T09:00:00.0,9,42785.285
2018-07-16T10:00:00.0,10,43726.76
2018-07-16T11:00:00.0,11,45382.473
2018-07-16T12:00:00.0,12,48391.938
2018-07-16T13:00:00.0,13,52543.19
2018-07-16T14:00:00.0,14,56786.03
2018-07-16T15:00:00.0,15,60775.984
2018-07-16T16:00:00.0,16,64253.496
2018-07-16T17:00:00.0,17,67263.19
2018-07-16T18:00:00.0,18,69235.164
2018-07-16T19:00:00.0,19,70292.45
2018-07-16T20:00:00.0,20,70559.68
2018-07-16T21:00:00.0,21,69903.26
2018-07-16T22:00:00.0,22,67911.51
2018-07-16T23:00:00.0,23,64981.793
2018-07-17T00:00:00.0,0,62712.387
2018-07-17T01:00:00.0,1,59395.86
2018-07-17T02:00:00.0,2,54696.066
2018-07-17T03:00:00.0,3,50305.473
2018-07-17T04:00:00.0,4,46727.01
2018-07-17T05:00:00.0,5,44233.566
2018-07-17T06:00:00.0,6,42488.73
2018-07-17T07:00:00.0,7,41550.883
2018-07-17T08:00:00.0,8,41545.918
2018-07-17T09:00:00.0,9,42680.926
2018-07-17T10:00:00.0,10,43632.027
2018-07-17T11:00:00.0,11,44900.098
2018-07-17T12:00:00.0,12,47624.074
2018-07-17T13:00:00.0,13,51441.74
2018-07-17T14:00:00.0,14,55806.547
2018-07-17T15:00:00.0,15,59907.434
2018-07-17T16:00:00.0,16,63769.53
2018-07-17T17:00:00.0,17,67123.86
2018-07-17T18:00:00.0,18,69513.79
2018-07-17T19:00:00.0,19,70639.07
2018-07-17T20:00:00.0,20,71024.38
2018-07-17T21:00:00.0,21,70647.414
2018-07-17T22:00:00.0,22,69043.46
2018-07-17T23:00:00.0,23,66157.62
2018-07-18T00:00:00.0,0,63691.203
2018-07-18T01:00:00.0,1,60211.01
2018-07-18T02:00:00.0,2,55620.266
2018-07-18T03:00:00.0,3,51161.01
2018-07-18T04:00:00.0,4,47823.01
2018-07-18T05:00:00.0,5,45289.152
2018-07-18T06:00:00.0,6,43473.0
2018-07-18T07:00:00.0,7,42577.19
2018-07-18T08:00:00.0,8,42658.332
2018-07-18T09:00:00.0,9,43850.09
2018-07-18T10:00:00.0,10,44713.434
2018-07-18T11:00:00.0,11,45893.34
2018-07-18T12:00:00.0,12,48717.55
2018-07-18T13:00:00.0,13,52567.51
2018-07-18T14:00:00.0,14,56920.547
2018-07-18T15:00:00.0,15,61005.594
2018-07-18T16:00:00.0,16,64938.562
2018-07-18T17:00:00.0,17,68364.414
2018-07-18T18:00:00.0,18,70686.51
2018-07-18T19:00:00.0,19,71831.0
2018-07-18T20:00:00.0,20,72240.9
2018-07-18T21:00:00.0,21,71901.98
2018-07-18T22:00:00.0,22,70476.37
2018-07-18T23:00:00.0,23,67654.87
2018-07-19T00:00:00.0,0,65242.45
2018-07-19T01:00:00.0,1,61876.69
2018-07-19T02:00:00.0,2,57548.17
2018-07-19T03:00:00.0,3,53225.234
2018-07-19T04:00:00.0,4,49950.453
2018-07-19T05:00:00.0,5,47425.293
2018-07-19T06:00:00.0,6,45459.59
2018-07-19T07:00:00.0,7,44261.543
2018-07-19T08:00:00.0,8,44168.19
2018-07-19T09:00:00.0,9,45214.848
2018-07-19T10:00:00.0,10,45907.863
2018-07-19T11:00:00.0,11,47393.496
2018-07-19T12:00:00.0,12,50318.316
2018-07-19T13:00:00.0,13,54285.527
2018-07-19T14:00:00.0,14,58791.074
2018-07-19T15:00:00.0,15,62837.137
2018-07-19T16:00:00.0,16,66768.71
2018-07-19T17:00:00.0,17,70105.35
2018-07-19T18:00:00.0,18,72146.664
2018-07-19T19:00:00.0,19,72997.43
2018-07-19T20:00:00.0,20,73262.19
2018-07-19T21:00:00.0,21,72880.09
2018-07-19T22:00:00.0,22,71586.73
2018-07-19T23:00:00.0,23,68837.35
2018-07-20T00:00:00.0,0,66446.25
2018-07-20T01:00:00.0,1,63196.703
2018-07-20T02:00:00.0,2,58750.22
2018-07-20T03:00:00.0,3,54390.062
2018-07-20T04:00:00.0,4,50856.004
2018-07-20T05:00:00.0,5,48074.098
2018-07-20T06:00:00.0,6,45948.81
2018-07-20T07:00:00.0,7,44617.527
2018-07-20T08:00:00.0,8,44317.363
2018-07-20T09:00:00.0,9,45088.49
2018-07-20T10:00:00.0,10,45690.69
2018-07-20T11:00:00.0,11,46975.22
2018-07-20T12:00:00.0,12,50052.312
2018-07-20T13:00:00.0,13,54102.48
2018-07-20T14:00:00.0,14,58440.395
2018-07-20T15:00:00.0,15,62569.285
2018-07-20T16:00:00.0,16,66331.836
2018-07-20T17:00:00.0,17,69549.76
2018-07-20T18:00:00.0,18,71684.72
2018-07-20T19:00:00.0,19,72623.234
2018-07-20T20:00:00.0,20,72949.21
2018-07-20T21:00:00.0,21,72236.23
2018-07-20T22:00:00.0,22,70284.02
2018-07-20T23:00:00.0,23,67304.41
2018-07-21T00:00:00.0,0,64730.105
2018-07-21T01:00:00.0,1,61609.61
2018-07-21T02:00:00.0,2,57580.637
2018-07-21T03:00:00.0,3,53490.938
2018-07-21T04:00:00.0,4,49973.703
2018-07-21T05:00:00.0,5,47102.7
2018-07-21T06:00:00.0,6,44825.062
2018-07-21T07:00:00.0,7,43216.855
2018-07-21T08:00:00.0,8,42280.652
2018-07-21T09:00:00.0,9,42051.965
2018-07-21T10:00:00.0,10,41742.0
2018-07-21T11:00:00.0,11,42902.652
2018-07-21T12:00:00.0,12,46341.438
2018-07-21T13:00:00.0,13,50939.86
2018-07-21T14:00:00.0,14,55665.88
2018-07-21T15:00:00.0,15,59943.574
2018-07-21T16:00:00.0,16,63541.684
2018-07-21T17:00:00.0,17,66506.33
2018-07-21T18:00:00.0,18,68796.07
2018-07-21T19:00:00.0,19,70429.61
2018-07-21T20:00:00.0,20,71169.9
2018-07-21T21:00:00.0,21,70689.76
2018-07-21T22:00:00.0,22,68901.12
2018-07-21T23:00:00.0,23,66072.32
2018-07-22T00:00:00.0,0,63697.56
2018-07-22T01:00:00.0,1,60587.47
2018-07-22T02:00:00.0,2,56836.863
2018-07-22T03:00:00.0,3,53023.855
2018-07-22T04:00:00.0,4,49749.285
2018-07-22T05:00:00.0,5,47076.965
2018-07-22T06:00:00.0,6,44909.52
2018-07-22T07:00:00.0,7,43243.29
2018-07-22T08:00:00.0,8,42219.086
2018-07-22T09:00:00.0,9,41574.535
2018-07-22T10:00:00.0,10,40862.723
2018-07-22T11:00:00.0,11,41977.215
2018-07-22T12:00:00.0,12,45435.16
2018-07-22T13:00:00.0,13,49968.91
2018-07-22T14:00:00.0,14,54736.848
2018-07-22T15:00:00.0,15,59352.387
2018-07-22T16:00:00.0,16,63196.312
2018-07-22T17:00:00.0,17,66498.35
2018-07-22T18:00:00.0,18,68877.95
2018-07-22T19:00:00.0,19,70425.555
2018-07-22T20:00:00.0,20,71359.47
2018-07-22T21:00:00.0,21,71336.85
2018-07-22T22:00:00.0,22,70149.27
2018-07-22T23:00:00.0,23,67554.88
2018-07-23T00:00:00.0,0,65339.348
2018-07-23T01:00:00.0,1,62210.0
2018-07-23T02:00:00.0,2,57850.02
2018-07-23T03:00:00.0,3,53402.875
2018-07-23T04:00:00.0,4,49824.5
2018-07-23T05:00:00.0,5,47298.418
2018-07-23T06:00:00.0,6,45501.77
2018-07-23T07:00:00.0,7,44476.855
2018-07-23T08:00:00.0,8,44425.062
2018-07-23T09:00:00.0,9,45487.67
2018-07-23T10:00:00.0,10,46226.418
2018-07-23T11:00:00.0,11,47377.11
2018-07-23T12:00:00.0,12,50390.203
2018-07-23T13:00:00.0,13,54570.074
2018-07-23T14:00:00.0,14,59159.926
2018-07-23T15:00:00.0,15,63611.363
2018-07-23T16:00:00.0,16,67515.336
2018-07-23T17:00:00.0,17,70774.01
2018-07-23T18:00:00.0,18,72637.92
2018-07-23T19:00:00.0,19,73111.19
2018-07-23T20:00:00.0,20,72887.61
2018-07-23T21:00:00.0,21,72265.44
2018-07-23T22:00:00.0,22,70391.195
2018-07-23T23:00:00.0,23,67625.44
2018-07-24T00:00:00.0,0,65648.8
2018-07-24T01:00:00.0,1,62456.605
2018-07-24T02:00:00.0,2,57977.84
2018-07-24T03:00:00.0,3,53711.895
2018-07-24T04:00:00.0,4,50245.824
2018-07-24T05:00:00.0,5,47645.77
2018-07-24T06:00:00.0,6,45737.95
2018-07-24T07:00:00.0,7,44670.777
2018-07-24T08:00:00.0,8,44522.906
2018-07-24T09:00:00.0,9,45591.64
2018-07-24T10:00:00.0,10,46619.98
2018-07-24T11:00:00.0,11,47619.53
2018-07-24T12:00:00.0,12,50101.902
2018-07-24T13:00:00.0,13,53590.39
2018-07-24T14:00:00.0,14,57302.76
2018-07-24T15:00:00.0,15,60467.36
2018-07-24T16:00:00.0,16,63517.465
2018-07-24T17:00:00.0,17,66374.6
2018-07-24T18:00:00.0,18,68552.38
2018-07-24T19:00:00.0,19,69864.04
2018-07-24T20:00:00.0,20,70169.22
2018-07-24T21:00:00.0,21,69429.13
2018-07-24T22:00:00.0,22,67569.57
2018-07-24T23:00:00.0,23,64650.61
2018-07-25T00:00:00.0,0,62579.99
2018-07-25T01:00:00.0,1,59193.027
2018-07-25T02:00:00.0,2,54523.215
2018-07-25T03:00:00.0,3,50263.23
2018-07-25T04:00:00.0,4,46910.98
2018-07-25T05:00:00.0,5,44288.125
2018-07-25T06:00:00.0,6,42374.26
2018-07-25T07:00:00.0,7,41323.65
2018-07-25T08:00:00.0,8,41294.926
2018-07-25T09:00:00.0,9,42459.55
2018-07-25T10:00:00.0,10,43344.4
2018-07-25T11:00:00.0,11,44967.746
2018-07-25T12:00:00.0,12,48359.582
2018-07-25T13:00:00.0,13,52566.2
2018-07-25T14:00:00.0,14,56932.12
2018-07-25T15:00:00.0,15,60650.973
2018-07-25T16:00:00.0,16,63877.582
2018-07-25T17:00:00.0,17,66768.805
2018-07-25T18:00:00.0,18,68766.85
2018-07-25T19:00:00.0,19,70108.88
2018-07-25T20:00:00.0,20,70561.62
2018-07-25T21:00:00.0,21,69861.664
2018-07-25T22:00:00.0,22,68007.37
2018-07-25T23:00:00.0,23,65142.902
2018-07-26T00:00:00.0,0,62657.215
2018-07-26T01:00:00.0,1,58996.84
2018-07-26T02:00:00.0,2,54242.074
2018-07-26T03:00:00.0,3,49781.832
2018-07-26T04:00:00.0,4,46256.625
2018-07-26T05:00:00.0,5,43531.88
2018-07-26T06:00:00.0,6,41645.133
2018-07-26T07:00:00.0,7,40461.41
2018-07-26T08:00:00.0,8,40387.723
2018-07-26T09:00:00.0,9,41443.176
2018-07-26T10:00:00.0,10,42353.98
2018-07-26T11:00:00.0,11,43782.125
2018-07-26T12:00:00.0,12,46982.484
2018-07-26T13:00:00.0,13,51265.17
2018-07-26T14:00:00.0,14,55781.668
2018-07-26T15:00:00.0,15,60069.05
2018-07-26T16:00:00.0,16,63800.76
2018-07-26T17:00:00.0,17,66846.055
2018-07-26T18:00:00.0,18,69048.59
2018-07-26T19:00:00.0,19,70326.12
2018-07-26T20:00:00.0,20,70657.62
2018-07-26T21:00:00.0,21,69770.51
2018-07-26T22:00:00.0,22,67671.99
2018-07-26T23:00:00.0,23,64758.5
2018-07-27T00:00:00.0,0,62576.656
2018-07-27T01:00:00.0,1,59183.2
2018-07-27T02:00:00.0,2,54790.043
2018-07-27T03:00:00.0,3,50654.38
2018-07-27T04:00:00.0,4,47289.8
2018-07-27T05:00:00.0,5,44724.63
2018-07-27T06:00:00.0,6,42926.293
2018-07-27T07:00:00.0,7,41842.8
2018-07-27T08:00:00.0,8,41701.098
2018-07-27T09:00:00.0,9,42579.92
2018-07-27T10:00:00.0,10,43401.047
2018-07-27T11:00:00.0,11,44561.234
2018-07-27T12:00:00.0,12,47542.11
2018-07-27T13:00:00.0,13,51297.234
2018-07-27T14:00:00.0,14,55140.082
2018-07-27T15:00:00.0,15,58668.402
2018-07-27T16:00:00.0,16,61901.67
2018-07-27T17:00:00.0,17,64648.63
2018-07-27T18:00:00.0,18,66447.17
2018-07-27T19:00:00.0,19,67280.04
2018-07-27T20:00:00.0,20,67085.77
2018-07-27T21:00:00.0,21,65780.305
2018-07-27T22:00:00.0,22,63721.598
2018-07-27T23:00:00.0,23,61246.83
2018-07-28T00:00:00.0,0,59611.91
2018-07-28T01:00:00.0,1,56782.285
2018-07-28T02:00:00.0,2,53295.33
2018-07-28T03:00:00.0,3,49796.176
2018-07-28T04:00:00.0,4,46990.86
2018-07-28T05:00:00.0,5,44807.01
2018-07-28T06:00:00.0,6,43089.125
2018-07-28T07:00:00.0,7,41849.824
2018-07-28T08:00:00.0,8,41200.617
2018-07-28T09:00:00.0,9,41248.68
2018-07-28T10:00:00.0,10,41159.49
2018-07-28T11:00:00.0,11,42324.492
2018-07-28T12:00:00.0,12,45601.074
2018-07-28T13:00:00.0,13,49515.02
2018-07-28T14:00:00.0,14,53607.09
2018-07-28T15:00:00.0,15,57681.01
2018-07-28T16:00:00.0,16,61258.19
2018-07-28T17:00:00.0,17,64006.63
2018-07-28T18:00:00.0,18,65970.02
2018-07-28T19:00:00.0,19,67193.38
2018-07-28T20:00:00.0,20,67757.51
2018-07-28T21:00:00.0,21,67336.27
2018-07-28T22:00:00.0,22,65665.75
2018-07-28T23:00:00.0,23,62924.14
2018-07-29T00:00:00.0,0,60903.145
2018-07-29T01:00:00.0,1,58103.2
2018-07-29T02:00:00.0,2,54748.723
2018-07-29T03:00:00.0,3,51374.81
2018-07-29T04:00:00.0,4,48413.99
2018-07-29T05:00:00.0,5,45934.434
2018-07-29T06:00:00.0,6,44026.62
2018-07-29T07:00:00.0,7,42581.387
2018-07-29T08:00:00.0,8,41613.375
2018-07-29T09:00:00.0,9,41231.176
2018-07-29T10:00:00.0,10,40783.312
2018-07-29T11:00:00.0,11,41828.75
2018-07-29T12:00:00.0,12,45272.27
2018-07-29T13:00:00.0,13,49804.785
2018-07-29T14:00:00.0,14,54160.402
2018-07-29T15:00:00.0,15,57598.98
2018-07-29T16:00:00.0,16,60466.99
2018-07-29T17:00:00.0,17,63381.734
2018-07-29T18:00:00.0,18,66072.17
2018-07-29T19:00:00.0,19,67883.88
2018-07-29T20:00:00.0,20,68767.69
2018-07-29T21:00:00.0,21,68779.71
2018-07-29T22:00:00.0,22,67757.98
2018-07-29T23:00:00.0,23,65400.656
2018-07-30T00:00:00.0,0,63709.715
2018-07-30T01:00:00.0,1,60823.094
2018-07-30T02:00:00.0,2,56699.2
2018-07-30T03:00:00.0,3,52655.27
2018-07-30T04:00:00.0,4,49204.637
2018-07-30T05:00:00.0,5,46669.473
2018-07-30T06:00:00.0,6,44905.402
2018-07-30T07:00:00.0,7,43930.766
2018-07-30T08:00:00.0,8,43890.656
2018-07-30T09:00:00.0,9,45108.2
2018-07-30T10:00:00.0,10,46202.535
2018-07-30T11:00:00.0,11,46924.895
2018-07-30T12:00:00.0,12,48839.27
2018-07-30T13:00:00.0,13,51266.543
2018-07-30T14:00:00.0,14,53941.402
2018-07-30T15:00:00.0,15,56339.566
2018-07-30T16:00:00.0,16,58345.7
2018-07-30T17:00:00.0,17,60654.75
2018-07-30T18:00:00.0,18,62962.44
2018-07-30T19:00:00.0,19,65082.934
2018-07-30T20:00:00.0,20,66222.836
2018-07-30T21:00:00.0,21,65867.02
2018-07-30T22:00:00.0,22,64159.516
2018-07-30T23:00:00.0,23,61639.27
2018-07-31T00:00:00.0,0,60078.375
2018-07-31T01:00:00.0,1,57108.125
2018-07-31T02:00:00.0,2,52982.645
2018-07-31T03:00:00.0,3,49052.48
2018-07-31T04:00:00.0,4,46014.145
2018-07-31T05:00:00.0,5,43710.938
2018-07-31T06:00:00.0,6,42218.707
2018-07-31T07:00:00.0,7,41393.723
2018-07-31T08:00:00.0,8,41505.746
2018-07-31T09:00:00.0,9,42664.69
2018-07-31T10:00:00.0,10,43741.832
2018-07-31T11:00:00.0,11,44909.395
2018-07-31T12:00:00.0,12,47220.2
2018-07-31T13:00:00.0,13,49778.027
2018-07-31T14:00:00.0,14,52712.645
2018-07-31T15:00:00.0,15,55070.8
2018-07-31T16:00:00.0,16,55942.2
2018-07-31T17:00:00.0,17,57290.863
2018-07-31T18:00:00.0,18,58550.613
2018-07-31T19:00:00.0,19,59543.266
2018-07-31T20:00:00.0,20,59956.56
2018-07-31T21:00:00.0,21,59390.14
2018-07-31T22:00:00.0,22,57912.297
2018-07-31T23:00:00.0,23,55531.613
2018-08-01T00:00:00.0,0,54011.312
2018-08-01T01:00:00.0,1,51413.906
2018-08-01T02:00:00.0,2,47398.562
2018-08-01T03:00:00.0,3,43575.793
2018-08-01T04:00:00.0,4,40567.28
2018-08-01T05:00:00.0,5,38406.223
2018-08-01T06:00:00.0,6,37002.836
2018-08-01T07:00:00.0,7,36253.043
2018-08-01T08:00:00.0,8,36470.164
2018-08-01T09:00:00.0,9,37889.55
2018-08-01T10:00:00.0,10,39022.92
2018-08-01T11:00:00.0,11,40505.0
2018-08-01T12:00:00.0,12,43536.47
2018-08-01T13:00:00.0,13,47274.863
2018-08-01T14:00:00.0,14,51275.48
2018-08-01T15:00:00.0,15,54973.24
2018-08-01T16:00:00.0,16,58015.8
2018-08-01T17:00:00.0,17,60865.406
2018-08-01T18:00:00.0,18,63242.902
2018-08-01T19:00:00.0,19,64990.473
2018-08-01T20:00:00.0,20,65659.52
2018-08-01T21:00:00.0,21,65074.453
2018-08-01T22:00:00.0,22,63214.293
2018-08-01T23:00:00.0,23,60156.812
2018-08-02T00:00:00.0,0,57618.594
2018-08-02T01:00:00.0,1,53974.363
2018-08-02T02:00:00.0,2,49478.332
2018-08-02T03:00:00.0,3,45204.92
2018-08-02T04:00:00.0,4,41824.043
2018-08-02T05:00:00.0,5,39561.457
2018-08-02T06:00:00.0,6,37984.45
2018-08-02T07:00:00.0,7,37157.004
2018-08-02T08:00:00.0,8,37294.41
2018-08-02T09:00:00.0,9,38632.348
2018-08-02T10:00:00.0,10,39808.75
2018-08-02T11:00:00.0,11,41204.715
2018-08-02T12:00:00.0,12,44170.39
2018-08-02T13:00:00.0,13,48013.44
2018-08-02T14:00:00.0,14,52103.484
2018-08-02T15:00:00.0,15,55864.38
2018-08-02T16:00:00.0,16,59251.562
2018-08-02T17:00:00.0,17,62170.074
2018-08-02T18:00:00.0,18,64407.31
2018-08-02T19:00:00.0,19,65808.09
2018-08-02T20:00:00.0,20,66054.37
2018-08-02T21:00:00.0,21,65259.113
2018-08-02T22:00:00.0,22,63274.184
2018-08-02T23:00:00.0,23,60346.812
2018-08-03T00:00:00.0,0,58379.938
2018-08-03T01:00:00.0,1,55389.19
2018-08-03T02:00:00.0,2,51190.38
2018-08-03T03:00:00.0,3,47051.61
2018-08-03T04:00:00.0,4,43783.875
2018-08-03T05:00:00.0,5,41351.984
2018-08-03T06:00:00.0,6,39596.504
2018-08-03T07:00:00.0,7,38486.49
2018-08-03T08:00:00.0,8,38383.33
2018-08-03T09:00:00.0,9,39536.48
2018-08-03T10:00:00.0,10,40532.414
2018-08-03T11:00:00.0,11,41907.46
2018-08-03T12:00:00.0,12,45085.344
2018-08-03T13:00:00.0,13,49375.39
2018-08-03T14:00:00.0,14,53727.652
2018-08-03T15:00:00.0,15,57474.848
2018-08-03T16:00:00.0,16,60686.64
2018-08-03T17:00:00.0,17,63555.434
2018-08-03T18:00:00.0,18,65556.06
2018-08-03T19:00:00.0,19,66598.71
2018-08-03T20:00:00.0,20,66786.15
2018-08-03T21:00:00.0,21,65740.86
2018-08-03T22:00:00.0,22,63510.91
2018-08-03T23:00:00.0,23,60362.77
2018-08-04T00:00:00.0,0,58254.797
2018-08-04T01:00:00.0,1,55235.688
2018-08-04T02:00:00.0,2,51458.973
2018-08-04T03:00:00.0,3,47733.582
2018-08-04T04:00:00.0,4,44636.168
2018-08-04T05:00:00.0,5,42134.25
2018-08-04T06:00:00.0,6,40095.715
2018-08-04T07:00:00.0,7,38758.59
2018-08-04T08:00:00.0,8,38070.617
2018-08-04T09:00:00.0,9,38214.375
2018-08-04T10:00:00.0,10,38378.09
2018-08-04T11:00:00.0,11,39797.824
2018-08-04T12:00:00.0,12,43380.637
2018-08-04T13:00:00.0,13,47572.812
2018-08-04T14:00:00.0,14,51668.234
2018-08-04T15:00:00.0,15,55090.67
2018-08-04T16:00:00.0,16,57802.83
2018-08-04T17:00:00.0,17,59771.113
2018-08-04T18:00:00.0,18,61360.387
2018-08-04T19:00:00.0,19,62719.125
2018-08-04T20:00:00.0,20,62504.953
2018-08-04T21:00:00.0,21,61218.973
2018-08-04T22:00:00.0,22,59496.562
2018-08-04T23:00:00.0,23,57229.816
2018-08-05T00:00:00.0,0,55822.035
2018-08-05T01:00:00.0,1,53492.26
2018-08-05T02:00:00.0,2,50464.34
2018-08-05T03:00:00.0,3,47210.22
2018-08-05T04:00:00.0,4,44451.113
2018-08-05T05:00:00.0,5,42174.19
2018-08-05T06:00:00.0,6,40401.637
2018-08-05T07:00:00.0,7,39232.254
2018-08-05T08:00:00.0,8,38555.023
2018-08-05T09:00:00.0,9,38397.645
2018-08-05T10:00:00.0,10,38254.816
2018-08-05T11:00:00.0,11,39486.312
2018-08-05T12:00:00.0,12,42985.266
2018-08-05T13:00:00.0,13,47202.152
2018-08-05T14:00:00.0,14,51120.574
2018-08-05T15:00:00.0,15,54556.59
2018-08-05T16:00:00.0,16,57597.27
2018-08-05T17:00:00.0,17,59777.5
2018-08-05T18:00:00.0,18,61340.99
2018-08-05T19:00:00.0,19,62525.254
2018-08-05T20:00:00.0,20,63194.188
2018-08-05T21:00:00.0,21,62899.266
2018-08-05T22:00:00.0,22,61480.484
2018-08-05T23:00:00.0,23,59244.562
2018-08-06T00:00:00.0,0,58042.83
2018-08-06T01:00:00.0,1,55557.234
2018-08-06T02:00:00.0,2,51742.33
2018-08-06T03:00:00.0,3,47972.496
2018-08-06T04:00:00.0,4,44929.793
2018-08-06T05:00:00.0,5,42828.953
2018-08-06T06:00:00.0,6,41416.91
2018-08-06T07:00:00.0,7,40666.676
2018-08-06T08:00:00.0,8,40972.16
2018-08-06T09:00:00.0,9,42345.453
2018-08-06T10:00:00.0,10,43630.45
2018-08-06T11:00:00.0,11,45060.58
2018-08-06T12:00:00.0,12,48149.625
2018-08-06T13:00:00.0,13,52198.465
2018-08-06T14:00:00.0,14,56021.754
2018-08-06T15:00:00.0,15,59132.953
2018-08-06T16:00:00.0,16,61777.277
2018-08-06T17:00:00.0,17,64203.516
2018-08-06T18:00:00.0,18,66045.945
2018-08-06T19:00:00.0,19,66807.305
2018-08-06T20:00:00.0,20,66768.96
2018-08-06T21:00:00.0,21,66303.24
2018-08-06T22:00:00.0,22,64839.332
2018-08-06T23:00:00.0,23,62468.7
2018-08-07T00:00:00.0,0,60694.39
2018-08-07T01:00:00.0,1,57668.074
2018-08-07T02:00:00.0,2,53651.49
2018-08-07T03:00:00.0,3,49677.004
2018-08-07T04:00:00.0,4,46446.72
2018-08-07T05:00:00.0,5,44026.2
2018-08-07T06:00:00.0,6,42369.53
2018-08-07T07:00:00.0,7,41366.176
2018-08-07T08:00:00.0,8,41424.062
2018-08-07T09:00:00.0,9,42882.844
2018-08-07T10:00:00.0,10,44211.797
2018-08-07T11:00:00.0,11,45524.11
2018-08-07T12:00:00.0,12,48475.44
2018-08-07T13:00:00.0,13,52189.297
2018-08-07T14:00:00.0,14,56144.88
2018-08-07T15:00:00.0,15,59802.06
2018-08-07T16:00:00.0,16,63100.043
2018-08-07T17:00:00.0,17,65613.24
2018-08-07T18:00:00.0,18,67037.74
2018-08-07T19:00:00.0,19,67109.49
2018-08-07T20:00:00.0,20,66846.99
2018-08-07T21:00:00.0,21,66296.836
2018-08-07T22:00:00.0,22,64787.656
2018-08-07T23:00:00.0,23,62675.582
2018-08-08T00:00:00.0,0,61013.168
2018-08-08T01:00:00.0,1,57826.312
2018-08-08T02:00:00.0,2,53587.69
2018-08-08T03:00:00.0,3,49652.48
2018-08-08T04:00:00.0,4,46628.938
2018-08-08T05:00:00.0,5,44575.918
2018-08-08T06:00:00.0,6,43087.25
2018-08-08T07:00:00.0,7,42400.184
2018-08-08T08:00:00.0,8,42710.64
2018-08-08T09:00:00.0,9,44123.87
2018-08-08T10:00:00.0,10,45267.316
2018-08-08T11:00:00.0,11,46432.934
2018-08-08T12:00:00.0,12,49293.062
2018-08-08T13:00:00.0,13,52933.387
2018-08-08T14:00:00.0,14,56690.793
2018-08-08T15:00:00.0,15,59664.438
2018-08-08T16:00:00.0,16,61888.535
2018-08-08T17:00:00.0,17,63532.02
2018-08-08T18:00:00.0,18,63726.668
2018-08-08T19:00:00.0,19,63268.395
2018-08-08T20:00:00.0,20,63438.94
2018-08-08T21:00:00.0,21,63185.918
2018-08-08T22:00:00.0,22,61828.77
2018-08-08T23:00:00.0,23,59696.125
2018-08-09T00:00:00.0,0,58568.55
2018-08-09T01:00:00.0,1,55725.285
2018-08-09T02:00:00.0,2,51710.418
2018-08-09T03:00:00.0,3,47738.42
2018-08-09T04:00:00.0,4,44623.598
2018-08-09T05:00:00.0,5,42361.996
2018-08-09T06:00:00.0,6,40804.8
2018-08-09T07:00:00.0,7,39978.02
2018-08-09T08:00:00.0,8,40229.64
2018-08-09T09:00:00.0,9,41755.598
2018-08-09T10:00:00.0,10,43257.69
2018-08-09T11:00:00.0,11,44382.496
2018-08-09T12:00:00.0,12,46898.137
2018-08-09T13:00:00.0,13,50106.113
2018-08-09T14:00:00.0,14,53499.965
2018-08-09T15:00:00.0,15,56923.246
2018-08-09T16:00:00.0,16,60459.24
2018-08-09T17:00:00.0,17,63616.99
2018-08-09T18:00:00.0,18,65690.45
2018-08-09T19:00:00.0,19,66555.68
2018-08-09T20:00:00.0,20,65840.695
2018-08-09T21:00:00.0,21,64012.895
2018-08-09T22:00:00.0,22,61717.473
2018-08-09T23:00:00.0,23,59376.473
2018-08-10T00:00:00.0,0,57937.88
2018-08-10T01:00:00.0,1,54787.438
2018-08-10T02:00:00.0,2,50673.723
2018-08-10T03:00:00.0,3,47148.562
2018-08-10T04:00:00.0,4,44369.49
2018-08-10T05:00:00.0,5,42263.87
2018-08-10T06:00:00.0,6,40967.28
2018-08-10T07:00:00.0,7,40270.582
2018-08-10T08:00:00.0,8,40553.824
2018-08-10T09:00:00.0,9,42111.508
2018-08-10T10:00:00.0,10,43603.977
2018-08-10T11:00:00.0,11,44790.14
2018-08-10T12:00:00.0,12,47058.36
2018-08-10T13:00:00.0,13,49410.7
2018-08-10T14:00:00.0,14,51695.844
2018-08-10T15:00:00.0,15,53558.297
2018-08-10T16:00:00.0,16,55196.95
2018-08-10T17:00:00.0,17,56892.89
2018-08-10T18:00:00.0,18,57983.285
2018-08-10T19:00:00.0,19,58904.527
2018-08-10T20:00:00.0,20,59070.62
2018-08-10T21:00:00.0,21,57828.37
2018-08-10T22:00:00.0,22,55450.957
2018-08-10T23:00:00.0,23,53514.78
2018-08-11T00:00:00.0,0,52602.016
2018-08-11T01:00:00.0,1,50361.938
2018-08-11T02:00:00.0,2,47361.52
2018-08-11T03:00:00.0,3,44436.074
2018-08-11T04:00:00.0,4,41919.16
2018-08-11T05:00:00.0,5,39958.688
2018-08-11T06:00:00.0,6,38590.145
2018-08-11T07:00:00.0,7,37756.34
2018-08-11T08:00:00.0,8,37441.56
2018-08-11T09:00:00.0,9,37790.164
2018-08-11T10:00:00.0,10,38334.27
2018-08-11T11:00:00.0,11,39236.63
2018-08-11T12:00:00.0,12,41512.535
2018-08-11T13:00:00.0,13,43946.395
2018-08-11T14:00:00.0,14,46731.223
2018-08-11T15:00:00.0,15,48764.88
2018-08-11T16:00:00.0,16,50073.703
2018-08-11T17:00:00.0,17,50851.824
2018-08-11T18:00:00.0,18,51437.49
2018-08-11T19:00:00.0,19,51794.973
2018-08-11T20:00:00.0,20,51504.734
2018-08-11T21:00:00.0,21,50683.934
2018-08-11T22:00:00.0,22,49190.08
2018-08-11T23:00:00.0,23,48087.99
2018-08-12T00:00:00.0,0,47685.14
2018-08-12T01:00:00.0,1,45984.95
2018-08-12T02:00:00.0,2,43625.324
2018-08-12T03:00:00.0,3,41254.01
2018-08-12T04:00:00.0,4,39215.63
2018-08-12T05:00:00.0,5,37684.953
2018-08-12T06:00:00.0,6,36576.48
2018-08-12T07:00:00.0,7,36019.37
2018-08-12T08:00:00.0,8,35943.812
2018-08-12T09:00:00.0,9,36321.516
2018-08-12T10:00:00.0,10,36704.344
2018-08-12T11:00:00.0,11,37651.94
2018-08-12T12:00:00.0,12,40357.97
2018-08-12T13:00:00.0,13,43540.68
2018-08-12T14:00:00.0,14,46360.082
2018-08-12T15:00:00.0,15,48839.67
2018-08-12T16:00:00.0,16,49959.953
2018-08-12T17:00:00.0,17,50686.2
2018-08-12T18:00:00.0,18,51462.688
2018-08-12T19:00:00.0,19,51720.94
2018-08-12T20:00:00.0,20,52261.89
2018-08-12T21:00:00.0,21,52469.887
2018-08-12T22:00:00.0,22,51490.625
2018-08-12T23:00:00.0,23,50252.63
2018-08-13T00:00:00.0,0,49813.637
2018-08-13T01:00:00.0,1,47909.223
2018-08-13T02:00:00.0,2,44928.906
2018-08-13T03:00:00.0,3,41951.324
2018-08-13T04:00:00.0,4,39845.008
2018-08-13T05:00:00.0,5,38385.066
2018-08-13T06:00:00.0,6,37556.79
2018-08-13T07:00:00.0,7,37486.99
2018-08-13T08:00:00.0,8,38359.684
2018-08-13T09:00:00.0,9,40415.504
2018-08-13T10:00:00.0,10,42425.004
2018-08-13T11:00:00.0,11,43508.25
2018-08-13T12:00:00.0,12,45640.355
2018-08-13T13:00:00.0,13,48534.86
2018-08-13T14:00:00.0,14,51722.66
2018-08-13T15:00:00.0,15,54809.36
2018-08-13T16:00:00.0,16,57587.723
2018-08-13T17:00:00.0,17,59262.812
2018-08-13T18:00:00.0,18,60033.082
2018-08-13T19:00:00.0,19,60140.61
2018-08-13T20:00:00.0,20,59680.785
2018-08-13T21:00:00.0,21,58475.625
2018-08-13T22:00:00.0,22,56578.074
2018-08-13T23:00:00.0,23,54771.953
2018-08-14T00:00:00.0,0,53932.645
2018-08-14T01:00:00.0,1,51304.207
2018-08-14T02:00:00.0,2,47609.668
2018-08-14T03:00:00.0,3,44049.625
2018-08-14T04:00:00.0,4,41505.88
2018-08-14T05:00:00.0,5,39719.32
2018-08-14T06:00:00.0,6,38687.496
2018-08-14T07:00:00.0,7,38239.137
2018-08-14T08:00:00.0,8,38744.047
2018-08-14T09:00:00.0,9,40498.324
2018-08-14T10:00:00.0,10,42241.508
2018-08-14T11:00:00.0,11,43116.95
2018-08-14T12:00:00.0,12,45374.5
2018-08-14T13:00:00.0,13,48435.547
2018-08-14T14:00:00.0,14,51565.62
2018-08-14T15:00:00.0,15,54457.324
2018-08-14T16:00:00.0,16,57436.812
2018-08-14T17:00:00.0,17,59901.855
2018-08-14T18:00:00.0,18,61479.355
2018-08-14T19:00:00.0,19,62653.566
2018-08-14T20:00:00.0,20,62882.73
2018-08-14T21:00:00.0,21,62255.64
2018-08-14T22:00:00.0,22,60754.254
2018-08-14T23:00:00.0,23,58523.31
2018-08-15T00:00:00.0,0,57432.418
2018-08-15T01:00:00.0,1,54646.56
2018-08-15T02:00:00.0,2,50586.55
2018-08-15T03:00:00.0,3,46746.56
2018-08-15T04:00:00.0,4,43967.535
2018-08-15T05:00:00.0,5,42028.855
2018-08-15T06:00:00.0,6,40791.754
2018-08-15T07:00:00.0,7,40266.88
2018-08-15T08:00:00.0,8,40864.832
2018-08-15T09:00:00.0,9,42678.934
2018-08-15T10:00:00.0,10,44320.246
2018-08-15T11:00:00.0,11,44989.016
2018-08-15T12:00:00.0,12,47714.395
2018-08-15T13:00:00.0,13,51275.203
2018-08-15T14:00:00.0,14,55077.465
2018-08-15T15:00:00.0,15,58495.297
2018-08-15T16:00:00.0,16,61853.47
2018-08-15T17:00:00.0,17,64715.418
2018-08-15T18:00:00.0,18,66493.766
2018-08-15T19:00:00.0,19,67336.805
2018-08-15T20:00:00.0,20,67650.055
2018-08-15T21:00:00.0,21,67270.37
2018-08-15T22:00:00.0,22,65723.766
2018-08-15T23:00:00.0,23,63200.17
2018-08-16T00:00:00.0,0,61351.047
2018-08-16T01:00:00.0,1,57769.75
2018-08-16T02:00:00.0,2,53469.246
2018-08-16T03:00:00.0,3,49304.684
2018-08-16T04:00:00.0,4,46062.844
2018-08-16T05:00:00.0,5,43883.582
2018-08-16T06:00:00.0,6,42380.555
2018-08-16T07:00:00.0,7,41601.21
2018-08-16T08:00:00.0,8,41887.734
2018-08-16T09:00:00.0,9,43627.45
2018-08-16T10:00:00.0,10,45277.348
2018-08-16T11:00:00.0,11,45884.703
2018-08-16T12:00:00.0,12,48738.582
2018-08-16T13:00:00.0,13,52597.953
2018-08-16T14:00:00.0,14,56559.05
2018-08-16T15:00:00.0,15,60365.74
2018-08-16T16:00:00.0,16,63863.13
2018-08-16T17:00:00.0,17,66832.766
2018-08-16T18:00:00.0,18,68486.68
2018-08-16T19:00:00.0,19,69229.6
2018-08-16T20:00:00.0,20,68854.63
2018-08-16T21:00:00.0,21,67911.77
2018-08-16T22:00:00.0,22,66029.34
2018-08-16T23:00:00.0,23,63569.72
2018-08-17T00:00:00.0,0,61965.5
2018-08-17T01:00:00.0,1,58447.938
2018-08-17T02:00:00.0,2,53973.746
2018-08-17T03:00:00.0,3,49920.176
2018-08-17T04:00:00.0,4,46765.38
2018-08-17T05:00:00.0,5,44595.33
2018-08-17T06:00:00.0,6,43073.63
2018-08-17T07:00:00.0,7,42190.316
2018-08-17T08:00:00.0,8,42220.45
2018-08-17T09:00:00.0,9,43748.145
2018-08-17T10:00:00.0,10,45265.76
2018-08-17T11:00:00.0,11,46021.918
2018-08-17T12:00:00.0,12,48764.51
2018-08-17T13:00:00.0,13,52459.66
2018-08-17T14:00:00.0,14,56013.168
2018-08-17T15:00:00.0,15,59400.03
2018-08-17T16:00:00.0,16,62980.09
2018-08-17T17:00:00.0,17,66486.15
2018-08-17T18:00:00.0,18,68634.73
2018-08-17T19:00:00.0,19,69245.34
2018-08-17T20:00:00.0,20,69420.4
2018-08-17T21:00:00.0,21,68942.11
2018-08-17T22:00:00.0,22,66725.82
2018-08-17T23:00:00.0,23,63724.48
2018-08-18T00:00:00.0,0,61577.582
2018-08-18T01:00:00.0,1,58129.605
2018-08-18T02:00:00.0,2,54278.55
2018-08-18T03:00:00.0,3,50584.957
2018-08-18T04:00:00.0,4,47561.34
2018-08-18T05:00:00.0,5,45080.53
2018-08-18T06:00:00.0,6,43236.066
2018-08-18T07:00:00.0,7,41966.066
2018-08-18T08:00:00.0,8,41337.66
2018-08-18T09:00:00.0,9,41408.547
2018-08-18T10:00:00.0,10,41701.28
2018-08-18T11:00:00.0,11,42774.21
2018-08-18T12:00:00.0,12,46324.605
2018-08-18T13:00:00.0,13,50466.125
2018-08-18T14:00:00.0,14,54810.58
2018-08-18T15:00:00.0,15,58790.3
2018-08-18T16:00:00.0,16,62347.25
2018-08-18T17:00:00.0,17,65037.45
2018-08-18T18:00:00.0,18,66826.97
2018-08-18T19:00:00.0,19,68172.73
2018-08-18T20:00:00.0,20,68363.37
2018-08-18T21:00:00.0,21,67368.57
2018-08-18T22:00:00.0,22,63959.94
2018-08-18T23:00:00.0,23,60382.918
2018-08-19T00:00:00.0,0,58108.676
2018-08-19T01:00:00.0,1,55106.832
2018-08-19T02:00:00.0,2,51722.168
2018-08-19T03:00:00.0,3,48312.344
2018-08-19T04:00:00.0,4,45500.84
2018-08-19T05:00:00.0,5,43257.12
2018-08-19T06:00:00.0,6,41579.97
2018-08-19T07:00:00.0,7,40480.082
2018-08-19T08:00:00.0,8,39869.363
2018-08-19T09:00:00.0,9,39782.914
2018-08-19T10:00:00.0,10,39913.34
2018-08-19T11:00:00.0,11,40806.37
2018-08-19T12:00:00.0,12,44008.59
2018-08-19T13:00:00.0,13,47858.91
2018-08-19T14:00:00.0,14,51715.098
2018-08-19T15:00:00.0,15,55478.74
2018-08-19T16:00:00.0,16,58823.215
2018-08-19T17:00:00.0,17,61621.395
2018-08-19T18:00:00.0,18,63710.855
2018-08-19T19:00:00.0,19,64991.094
2018-08-19T20:00:00.0,20,65323.973
2018-08-19T21:00:00.0,21,64996.28
2018-08-19T22:00:00.0,22,63701.78
2018-08-19T23:00:00.0,23,61590.574
2018-08-20T00:00:00.0,0,60153.31
2018-08-20T01:00:00.0,1,56934.043
2018-08-20T02:00:00.0,2,52663.684
2018-08-20T03:00:00.0,3,48696.594
2018-08-20T04:00:00.0,4,45763.062
2018-08-20T05:00:00.0,5,43602.63
2018-08-20T06:00:00.0,6,42295.145
2018-08-20T07:00:00.0,7,41725.05
2018-08-20T08:00:00.0,8,42301.566
2018-08-20T09:00:00.0,9,44297.355
2018-08-20T10:00:00.0,10,46160.24
2018-08-20T11:00:00.0,11,46624.01
2018-08-20T12:00:00.0,12,48959.97
2018-08-20T13:00:00.0,13,52028.465
2018-08-20T14:00:00.0,14,55282.473
2018-08-20T15:00:00.0,15,58577.996
2018-08-20T16:00:00.0,16,61888.496
2018-08-20T17:00:00.0,17,64810.062
2018-08-20T18:00:00.0,18,66852.38
2018-08-20T19:00:00.0,19,67807.29
2018-08-20T20:00:00.0,20,67509.164
2018-08-20T21:00:00.0,21,66276.62
2018-08-20T22:00:00.0,22,64357.688
2018-08-20T23:00:00.0,23,62058.234
2018-08-21T00:00:00.0,0,60283.363
2018-08-21T01:00:00.0,1,56498.395
2018-08-21T02:00:00.0,2,51884.918
2018-08-21T03:00:00.0,3,47811.875
2018-08-21T04:00:00.0,4,44721.45
2018-08-21T05:00:00.0,5,42584.44
2018-08-21T06:00:00.0,6,41125.387
2018-08-21T07:00:00.0,7,40413.16
2018-08-21T08:00:00.0,8,40809.11
2018-08-21T09:00:00.0,9,42721.9
2018-08-21T10:00:00.0,10,44589.723
2018-08-21T11:00:00.0,11,44789.418
2018-08-21T12:00:00.0,12,47266.06
2018-08-21T13:00:00.0,13,50777.02
2018-08-21T14:00:00.0,14,54654.438
2018-08-21T15:00:00.0,15,58397.78
2018-08-21T16:00:00.0,16,62042.99
2018-08-21T17:00:00.0,17,65177.42
2018-08-21T18:00:00.0,18,67510.65
2018-08-21T19:00:00.0,19,68898.04
2018-08-21T20:00:00.0,20,69154.1
2018-08-21T21:00:00.0,21,68340.12
2018-08-21T22:00:00.0,22,66231.086
2018-08-21T23:00:00.0,23,63313.562
2018-08-22T00:00:00.0,0,61108.984
2018-08-22T01:00:00.0,1,57153.074
2018-08-22T02:00:00.0,2,52453.86
2018-08-22T03:00:00.0,3,48259.63
2018-08-22T04:00:00.0,4,45007.97
2018-08-22T05:00:00.0,5,42769.81
2018-08-22T06:00:00.0,6,41200.66
2018-08-22T07:00:00.0,7,40298.836
2018-08-22T08:00:00.0,8,40586.05
2018-08-22T09:00:00.0,9,42524.266
2018-08-22T10:00:00.0,10,44387.574
2018-08-22T11:00:00.0,11,44751.527
2018-08-22T12:00:00.0,12,47106.996
2018-08-22T13:00:00.0,13,50473.02
2018-08-22T14:00:00.0,14,54282.86
2018-08-22T15:00:00.0,15,57998.434
2018-08-22T16:00:00.0,16,61733.56
2018-08-22T17:00:00.0,17,65169.746
2018-08-22T18:00:00.0,18,67590.48
2018-08-22T19:00:00.0,19,68920.71
2018-08-22T20:00:00.0,20,69380.02
2018-08-22T21:00:00.0,21,68795.05
2018-08-22T22:00:00.0,22,66842.1
2018-08-22T23:00:00.0,23,64273.355
2018-08-23T00:00:00.0,0,62272.67
2018-08-23T01:00:00.0,1,58444.277
2018-08-23T02:00:00.0,2,53769.39
2018-08-23T03:00:00.0,3,49312.16
2018-08-23T04:00:00.0,4,45896.355
2018-08-23T05:00:00.0,5,43525.88
2018-08-23T06:00:00.0,6,41863.266
2018-08-23T07:00:00.0,7,40962.594
2018-08-23T08:00:00.0,8,41246.95
2018-08-23T09:00:00.0,9,43016.004
2018-08-23T10:00:00.0,10,44855.453
2018-08-23T11:00:00.0,11,45147.426
2018-08-23T12:00:00.0,12,47598.016
2018-08-23T13:00:00.0,13,51315.84
2018-08-23T14:00:00.0,14,55562.84
2018-08-23T15:00:00.0,15,59753.746
2018-08-23T16:00:00.0,16,63787.457
2018-08-23T17:00:00.0,17,67051.54
2018-08-23T18:00:00.0,18,69013.805
2018-08-23T19:00:00.0,19,69660.11
2018-08-23T20:00:00.0,20,69793.19
2018-08-23T21:00:00.0,21,69338.375
2018-08-23T22:00:00.0,22,67325.65
2018-08-23T23:00:00.0,23,64964.06
2018-08-24T00:00:00.0,0,63117.23
2018-08-24T01:00:00.0,1,59517.176
2018-08-24T02:00:00.0,2,55068.504
2018-08-24T03:00:00.0,3,50869.324
2018-08-24T04:00:00.0,4,47544.41
2018-08-24T05:00:00.0,5,45122.723
2018-08-24T06:00:00.0,6,43490.637
2018-08-24T07:00:00.0,7,42536.13
2018-08-24T08:00:00.0,8,42656.7
2018-08-24T09:00:00.0,9,44258.41
2018-08-24T10:00:00.0,10,45920.625
2018-08-24T11:00:00.0,11,46253.52
2018-08-24T12:00:00.0,12,48926.656
2018-08-24T13:00:00.0,13,52646.24
2018-08-24T14:00:00.0,14,56390.105
2018-08-24T15:00:00.0,15,60006.188
2018-08-24T16:00:00.0,16,63324.285
2018-08-24T17:00:00.0,17,66409.35
2018-08-24T18:00:00.0,18,68551.57
2018-08-24T19:00:00.0,19,69479.375
2018-08-24T20:00:00.0,20,69582.51
2018-08-24T21:00:00.0,21,68712.87
2018-08-24T22:00:00.0,22,66327.26
2018-08-24T23:00:00.0,23,63500.52
2018-08-25T00:00:00.0,0,61243.062
2018-08-25T01:00:00.0,1,58046.48
2018-08-25T02:00:00.0,2,54241.28
2018-08-25T03:00:00.0,3,50548.05
2018-08-25T04:00:00.0,4,47407.918
2018-08-25T05:00:00.0,5,44912.574
2018-08-25T06:00:00.0,6,43189.008
2018-08-25T07:00:00.0,7,42070.887
2018-08-25T08:00:00.0,8,41427.395
2018-08-25T09:00:00.0,9,41449.688
2018-08-25T10:00:00.0,10,41648.535
2018-08-25T11:00:00.0,11,42631.316
2018-08-25T12:00:00.0,12,46202.332
2018-08-25T13:00:00.0,13,50563.473
2018-08-25T14:00:00.0,14,54810.03
2018-08-25T15:00:00.0,15,58471.88
2018-08-25T16:00:00.0,16,61581.734
2018-08-25T17:00:00.0,17,64113.66
2018-08-25T18:00:00.0,18,66063.96
2018-08-25T19:00:00.0,19,67293.82
2018-08-25T20:00:00.0,20,67488.79
2018-08-25T21:00:00.0,21,66611.54
2018-08-25T22:00:00.0,22,64426.938
2018-08-25T23:00:00.0,23,61848.02
2018-08-26T00:00:00.0,0,60016.77
2018-08-26T01:00:00.0,1,56945.895
2018-08-26T02:00:00.0,2,53367.285
2018-08-26T03:00:00.0,3,49885.473
2018-08-26T04:00:00.0,4,46988.62
2018-08-26T05:00:00.0,5,44608.55
2018-08-26T06:00:00.0,6,42859.496
2018-08-26T07:00:00.0,7,41603.074
2018-08-26T08:00:00.0,8,40836.676
2018-08-26T09:00:00.0,9,40643.418
2018-08-26T10:00:00.0,10,40518.23
2018-08-26T11:00:00.0,11,41377.16
2018-08-26T12:00:00.0,12,45066.402
2018-08-26T13:00:00.0,13,49521.062
2018-08-26T14:00:00.0,14,53579.184
2018-08-26T15:00:00.0,15,57338.766
2018-08-26T16:00:00.0,16,60673.48
2018-08-26T17:00:00.0,17,63270.223
2018-08-26T18:00:00.0,18,64973.95
2018-08-26T19:00:00.0,19,65841.27
2018-08-26T20:00:00.0,20,66019.555
2018-08-26T21:00:00.0,21,65495.277
2018-08-26T22:00:00.0,22,64028.594
2018-08-26T23:00:00.0,23,61998.562
2018-08-27T00:00:00.0,0,60634.887
2018-08-27T01:00:00.0,1,57315.543
2018-08-27T02:00:00.0,2,53047.293
2018-08-27T03:00:00.0,3,49146.645
2018-08-27T04:00:00.0,4,46440.004
2018-08-27T05:00:00.0,5,44497.23
2018-08-27T06:00:00.0,6,43265.406
2018-08-27T07:00:00.0,7,42666.816
2018-08-27T08:00:00.0,8,43092.527
2018-08-27T09:00:00.0,9,45024.91
2018-08-27T10:00:00.0,10,46999.812
2018-08-27T11:00:00.0,11,47205.957
2018-08-27T12:00:00.0,12,49828.906
2018-08-27T13:00:00.0,13,53461.17
2018-08-27T14:00:00.0,14,56999.88
2018-08-27T15:00:00.0,15,60335.645
2018-08-27T16:00:00.0,16,63235.434
2018-08-27T17:00:00.0,17,65714.625
2018-08-27T18:00:00.0,18,67441.82
2018-08-27T19:00:00.0,19,68759.195
2018-08-27T20:00:00.0,20,68962.484
2018-08-27T21:00:00.0,21,67940.24
2018-08-27T22:00:00.0,22,65935.6
2018-08-27T23:00:00.0,23,63655.066
2018-08-28T00:00:00.0,0,61724.74
2018-08-28T01:00:00.0,1,58036.73
2018-08-28T02:00:00.0,2,53477.223
2018-08-28T03:00:00.0,3,49679.438
2018-08-28T04:00:00.0,4,46923.03
2018-08-28T05:00:00.0,5,44952.75
2018-08-28T06:00:00.0,6,43667.863
2018-08-28T07:00:00.0,7,43067.082
2018-08-28T08:00:00.0,8,43486.41
2018-08-28T09:00:00.0,9,45391.125
2018-08-28T10:00:00.0,10,47392.535
2018-08-28T11:00:00.0,11,47538.285
2018-08-28T12:00:00.0,12,50075.402
2018-08-28T13:00:00.0,13,53500.63
2018-08-28T14:00:00.0,14,56982.418
2018-08-28T15:00:00.0,15,60349.035
2018-08-28T16:00:00.0,16,63687.566
2018-08-28T17:00:00.0,17,66350.12
2018-08-28T18:00:00.0,18,67608.46
2018-08-28T19:00:00.0,19,68218.484
2018-08-28T20:00:00.0,20,68302.32
2018-08-28T21:00:00.0,21,67566.74
2018-08-28T22:00:00.0,22,65733.336
2018-08-28T23:00:00.0,23,63866.06
2018-08-29T00:00:00.0,0,62289.72
2018-08-29T01:00:00.0,1,58642.28
2018-08-29T02:00:00.0,2,54140.13
2018-08-29T03:00:00.0,3,50052.645
2018-08-29T04:00:00.0,4,46988.035
2018-08-29T05:00:00.0,5,44850.27
2018-08-29T06:00:00.0,6,43353.676
2018-08-29T07:00:00.0,7,42550.652
2018-08-29T08:00:00.0,8,42826.78
2018-08-29T09:00:00.0,9,44684.137
2018-08-29T10:00:00.0,10,46565.355
2018-08-29T11:00:00.0,11,46693.594
2018-08-29T12:00:00.0,12,49293.684
2018-08-29T13:00:00.0,13,52741.5
2018-08-29T14:00:00.0,14,55950.234
2018-08-29T15:00:00.0,15,58195.984
2018-08-29T16:00:00.0,16,60279.355
2018-08-29T17:00:00.0,17,62395.234
2018-08-29T18:00:00.0,18,63841.3
2018-08-29T19:00:00.0,19,65025.22
2018-08-29T20:00:00.0,20,65489.05
2018-08-29T21:00:00.0,21,64792.09
2018-08-29T22:00:00.0,22,62998.176
2018-08-29T23:00:00.0,23,61045.7
2018-08-30T00:00:00.0,0,59422.92
2018-08-30T01:00:00.0,1,55896.145
2018-08-30T02:00:00.0,2,51533.97
2018-08-30T03:00:00.0,3,47477.203
2018-08-30T04:00:00.0,4,44557.09
2018-08-30T05:00:00.0,5,42454.51
2018-08-30T06:00:00.0,6,40902.516
2018-08-30T07:00:00.0,7,40006.0
2018-08-30T08:00:00.0,8,40266.113
2018-08-30T09:00:00.0,9,42263.348
2018-08-30T10:00:00.0,10,44470.902
2018-08-30T11:00:00.0,11,44769.74
2018-08-30T12:00:00.0,12,47249.113
2018-08-30T13:00:00.0,13,50787.69
2018-08-30T14:00:00.0,14,54412.25
2018-08-30T15:00:00.0,15,57798.38
2018-08-30T16:00:00.0,16,60830.676
2018-08-30T17:00:00.0,17,63610.207
2018-08-30T18:00:00.0,18,65878.516
2018-08-30T19:00:00.0,19,67425.81
2018-08-30T20:00:00.0,20,67965.47
2018-08-30T21:00:00.0,21,67032.58
2018-08-30T22:00:00.0,22,64876.223
2018-08-30T23:00:00.0,23,62585.074
2018-08-31T00:00:00.0,0,60752.688
2018-08-31T01:00:00.0,1,57062.277
2018-08-31T02:00:00.0,2,52484.074
2018-08-31T03:00:00.0,3,48265.066
2018-08-31T04:00:00.0,4,45138.457
2018-08-31T05:00:00.0,5,42864.395
2018-08-31T06:00:00.0,6,41403.176
2018-08-31T07:00:00.0,7,40680.61
2018-08-31T08:00:00.0,8,40795.37
2018-08-31T09:00:00.0,9,42683.734
2018-08-31T10:00:00.0,10,44622.016
2018-08-31T11:00:00.0,11,44984.684
2018-08-31T12:00:00.0,12,47899.387
2018-08-31T13:00:00.0,13,51670.504
2018-08-31T14:00:00.0,14,55411.938
2018-08-31T15:00:00.0,15,58897.89
2018-08-31T16:00:00.0,16,62320.426
2018-08-31T17:00:00.0,17,65254.99
2018-08-31T18:00:00.0,18,67140.97
2018-08-31T19:00:00.0,19,68167.47
2018-08-31T20:00:00.0,20,68283.84
2018-08-31T21:00:00.0,21,66947.33
2018-08-31T22:00:00.0,22,64148.035
2018-08-31T23:00:00.0,23,61380.41
2018-09-01T00:00:00.0,0,59415.45
2018-09-01T01:00:00.0,1,56330.316
2018-09-01T02:00:00.0,2,52779.27
2018-09-01T03:00:00.0,3,49175.19
2018-09-01T04:00:00.0,4,46173.715
2018-09-01T05:00:00.0,5,43746.09
2018-09-01T06:00:00.0,6,41916.586
2018-09-01T07:00:00.0,7,40681.48
2018-09-01T08:00:00.0,8,39852.816
2018-09-01T09:00:00.0,9,39805.617
2018-09-01T10:00:00.0,10,39917.098
2018-09-01T11:00:00.0,11,40812.66
2018-09-01T12:00:00.0,12,44134.285
2018-09-01T13:00:00.0,13,48133.7
2018-09-01T14:00:00.0,14,52205.812
2018-09-01T15:00:00.0,15,55842.64
2018-09-01T16:00:00.0,16,59013.47
2018-09-01T17:00:00.0,17,61283.082
2018-09-01T18:00:00.0,18,62671.652
2018-09-01T19:00:00.0,19,63060.484
2018-09-01T20:00:00.0,20,63267.7
2018-09-01T21:00:00.0,21,62506.277
2018-09-01T22:00:00.0,22,60534.36
2018-09-01T23:00:00.0,23,58209.473
2018-09-02T00:00:00.0,0,56374.684
2018-09-02T01:00:00.0,1,53727.938
2018-09-02T02:00:00.0,2,50546.953
2018-09-02T03:00:00.0,3,47325.45
2018-09-02T04:00:00.0,4,44531.02
2018-09-02T05:00:00.0,5,42344.26
2018-09-02T06:00:00.0,6,40774.703
2018-09-02T07:00:00.0,7,39470.58
2018-09-02T08:00:00.0,8,38800.582
2018-09-02T09:00:00.0,9,38606.723
2018-09-02T10:00:00.0,10,38641.47
2018-09-02T11:00:00.0,11,39322.668
2018-09-02T12:00:00.0,12,42306.508
2018-09-02T13:00:00.0,13,45554.34
2018-09-02T14:00:00.0,14,48663.09
2018-09-02T15:00:00.0,15,51469.387
2018-09-02T16:00:00.0,16,53829.36
2018-09-02T17:00:00.0,17,55748.23
2018-09-02T18:00:00.0,18,57160.58
2018-09-02T19:00:00.0,19,58085.547
2018-09-02T20:00:00.0,20,58199.74
2018-09-02T21:00:00.0,21,57414.125
2018-09-02T22:00:00.0,22,55626.22
2018-09-02T23:00:00.0,23,54097.793
2018-09-03T00:00:00.0,0,52849.906
2018-09-03T01:00:00.0,1,50342.645
2018-09-03T02:00:00.0,2,47409.01
2018-09-03T03:00:00.0,3,44387.62
2018-09-03T04:00:00.0,4,41995.95
2018-09-03T05:00:00.0,5,40217.54
2018-09-03T06:00:00.0,6,39096.52
2018-09-03T07:00:00.0,7,38291.2
2018-09-03T08:00:00.0,8,38246.258
2018-09-03T09:00:00.0,9,38726.44
2018-09-03T10:00:00.0,10,39214.543
2018-09-03T11:00:00.0,11,39416.01
2018-09-03T12:00:00.0,12,41172.363
2018-09-03T13:00:00.0,13,43589.19
2018-09-03T14:00:00.0,14,45841.14
2018-09-03T15:00:00.0,15,47518.562
2018-09-03T16:00:00.0,16,48844.906
2018-09-03T17:00:00.0,17,49883.355
2018-09-03T18:00:00.0,18,50442.156
2018-09-03T19:00:00.0,19,50897.53
2018-09-03T20:00:00.0,20,51273.73
2018-09-03T21:00:00.0,21,51073.13
2018-09-03T22:00:00.0,22,50159.11
2018-09-03T23:00:00.0,23,49801.64
2018-09-04T00:00:00.0,0,49125.676
2018-09-04T01:00:00.0,1,46710.375
2018-09-04T02:00:00.0,2,43441.652
2018-09-04T03:00:00.0,3,40665.418
2018-09-04T04:00:00.0,4,38753.176
2018-09-04T05:00:00.0,5,37568.008
2018-09-04T06:00:00.0,6,36843.188
2018-09-04T07:00:00.0,7,36812.004
2018-09-04T08:00:00.0,8,37710.984
2018-09-04T09:00:00.0,9,40169.383
2018-09-04T10:00:00.0,10,42754.266
2018-09-04T11:00:00.0,11,43016.312
2018-09-04T12:00:00.0,12,44401.855
2018-09-04T13:00:00.0,13,46894.45
2018-09-04T14:00:00.0,14,49418.22
2018-09-04T15:00:00.0,15,51857.906
2018-09-04T16:00:00.0,16,54240.8
2018-09-04T17:00:00.0,17,56342.25
2018-09-04T18:00:00.0,18,57739.375
2018-09-04T19:00:00.0,19,58863.324
2018-09-04T20:00:00.0,20,59120.754
2018-09-04T21:00:00.0,21,58278.06
2018-09-04T22:00:00.0,22,56176.58
2018-09-04T23:00:00.0,23,54807.277
2018-09-05T00:00:00.0,0,53569.23
2018-09-05T01:00:00.0,1,50550.99
2018-09-05T02:00:00.0,2,46758.11
2018-09-05T03:00:00.0,3,43276.043
2018-09-05T04:00:00.0,4,40737.426
2018-09-05T05:00:00.0,5,39033.457
2018-09-05T06:00:00.0,6,38025.88
2018-09-05T07:00:00.0,7,37761.48
2018-09-05T08:00:00.0,8,38523.434
2018-09-05T09:00:00.0,9,40911.176
2018-09-05T10:00:00.0,10,43487.76
2018-09-05T11:00:00.0,11,43854.28
2018-09-05T12:00:00.0,12,45453.74
2018-09-05T13:00:00.0,13,48284.676
2018-09-05T14:00:00.0,14,51400.812
2018-09-05T15:00:00.0,15,54048.39
2018-09-05T16:00:00.0,16,56431.844
2018-09-05T17:00:00.0,17,58133.918
2018-09-05T18:00:00.0,18,59003.582
2018-09-05T19:00:00.0,19,59594.543
2018-09-05T20:00:00.0,20,59176.95
2018-09-05T21:00:00.0,21,57978.844
2018-09-05T22:00:00.0,22,55988.723
2018-09-05T23:00:00.0,23,55037.863
2018-09-06T00:00:00.0,0,53712.293
2018-09-06T01:00:00.0,1,50622.61
2018-09-06T02:00:00.0,2,46815.74
2018-09-06T03:00:00.0,3,43426.168
2018-09-06T04:00:00.0,4,40882.09
2018-09-06T05:00:00.0,5,39219.7
2018-09-06T06:00:00.0,6,38083.613
2018-09-06T07:00:00.0,7,37634.633
2018-09-06T08:00:00.0,8,38277.355
2018-09-06T09:00:00.0,9,40632.277
2018-09-06T10:00:00.0,10,43212.105
2018-09-06T11:00:00.0,11,43462.39
2018-09-06T12:00:00.0,12,45273.203
2018-09-06T13:00:00.0,13,48012.895
2018-09-06T14:00:00.0,14,51064.465
2018-09-06T15:00:00.0,15,53895.14
2018-09-06T16:00:00.0,16,56375.11
2018-09-06T17:00:00.0,17,58230.145
2018-09-06T18:00:00.0,18,58682.926
2018-09-06T19:00:00.0,19,57982.05
2018-09-06T20:00:00.0,20,56516.098
2018-09-06T21:00:00.0,21,54709.33
2018-09-06T22:00:00.0,22,53061.082
2018-09-06T23:00:00.0,23,52396.246
2018-09-07T00:00:00.0,0,51270.254
2018-09-07T01:00:00.0,1,48565.51
2018-09-07T02:00:00.0,2,45130.105
2018-09-07T03:00:00.0,3,41984.027
2018-09-07T04:00:00.0,4,39598.293
2018-09-07T05:00:00.0,5,37980.785
2018-09-07T06:00:00.0,6,37045.652
2018-09-07T07:00:00.0,7,36789.85
2018-09-07T08:00:00.0,8,37474.55
2018-09-07T09:00:00.0,9,39813.793
2018-09-07T10:00:00.0,10,42290.016
2018-09-07T11:00:00.0,11,42685.652
2018-09-07T12:00:00.0,12,44406.99
2018-09-07T13:00:00.0,13,47150.652
2018-09-07T14:00:00.0,14,50088.613
2018-09-07T15:00:00.0,15,52839.016
2018-09-07T16:00:00.0,16,55463.145
2018-09-07T17:00:00.0,17,57714.098
2018-09-07T18:00:00.0,18,59310.168
2018-09-07T19:00:00.0,19,60311.453
2018-09-07T20:00:00.0,20,59935.535
2018-09-07T21:00:00.0,21,57627.64
2018-09-07T22:00:00.0,22,54758.7
2018-09-07T23:00:00.0,23,52970.16
2018-09-08T00:00:00.0,0,51356.59
2018-09-08T01:00:00.0,1,48954.953
2018-09-08T02:00:00.0,2,46128.066
2018-09-08T03:00:00.0,3,43059.92
2018-09-08T04:00:00.0,4,40630.125
2018-09-08T05:00:00.0,5,38739.965
2018-09-08T06:00:00.0,6,37364.418
2018-09-08T07:00:00.0,7,36601.285
2018-09-08T08:00:00.0,8,36403.457
2018-09-08T09:00:00.0,9,36891.418
2018-09-08T10:00:00.0,10,37610.434
2018-09-08T11:00:00.0,11,38622.316
2018-09-08T12:00:00.0,12,41451.66
2018-09-08T13:00:00.0,13,44402.406
2018-09-08T14:00:00.0,14,47028.207
2018-09-08T15:00:00.0,15,49095.707
2018-09-08T16:00:00.0,16,50649.473
2018-09-08T17:00:00.0,17,51480.37
2018-09-08T18:00:00.0,18,52021.016
2018-09-08T19:00:00.0,19,52198.47
2018-09-08T20:00:00.0,20,51901.566
2018-09-08T21:00:00.0,21,50939.27
2018-09-08T22:00:00.0,22,49341.09
2018-09-08T23:00:00.0,23,48603.99
2018-09-09T00:00:00.0,0,47541.22
2018-09-09T01:00:00.0,1,45599.797
2018-09-09T02:00:00.0,2,43369.277
2018-09-09T03:00:00.0,3,40799.81
2018-09-09T04:00:00.0,4,38602.832
2018-09-09T05:00:00.0,5,36963.957
2018-09-09T06:00:00.0,6,35748.996
2018-09-09T07:00:00.0,7,35016.14
2018-09-09T08:00:00.0,8,34620.816
2018-09-09T09:00:00.0,9,34732.31
2018-09-09T10:00:00.0,10,35098.906
2018-09-09T11:00:00.0,11,35772.617
2018-09-09T12:00:00.0,12,37921.16
2018-09-09T13:00:00.0,13,40386.15
2018-09-09T14:00:00.0,14,42633.03
2018-09-09T15:00:00.0,15,44435.566
2018-09-09T16:00:00.0,16,45522.31
2018-09-09T17:00:00.0,17,45412.016
2018-09-09T18:00:00.0,18,45181.816
2018-09-09T19:00:00.0,19,45237.51
2018-09-09T20:00:00.0,20,45320.99
2018-09-09T21:00:00.0,21,45185.535
2018-09-09T22:00:00.0,22,44875.793
2018-09-09T23:00:00.0,23,45338.457
2018-09-10T00:00:00.0,0,44990.996
2018-09-10T01:00:00.0,1,42981.082
2018-09-10T02:00:00.0,2,39968.496
2018-09-10T03:00:00.0,3,37280.836
2018-09-10T04:00:00.0,4,35271.3
2018-09-10T05:00:00.0,5,33989.81
2018-09-10T06:00:00.0,6,33382.785
2018-09-10T07:00:00.0,7,33416.117
2018-09-10T08:00:00.0,8,34250.215
2018-09-10T09:00:00.0,9,36746.535
2018-09-10T10:00:00.0,10,39584.4
2018-09-10T11:00:00.0,11,39984.785
2018-09-10T12:00:00.0,12,40694.37
2018-09-10T13:00:00.0,13,41896.277
2018-09-10T14:00:00.0,14,43122.15
2018-09-10T15:00:00.0,15,43900.23
2018-09-10T16:00:00.0,16,44286.74
2018-09-10T17:00:00.0,17,44756.145
2018-09-10T18:00:00.0,18,44984.613
2018-09-10T19:00:00.0,19,45365.42
2018-09-10T20:00:00.0,20,45699.285
2018-09-10T21:00:00.0,21,45686.19
2018-09-10T22:00:00.0,22,45313.137
2018-09-10T23:00:00.0,23,45776.75
2018-09-11T00:00:00.0,0,45361.39
2018-09-11T01:00:00.0,1,43246.008
2018-09-11T02:00:00.0,2,40190.83
2018-09-11T03:00:00.0,3,37366.56
2018-09-11T04:00:00.0,4,35470.777
2018-09-11T05:00:00.0,5,34169.43
2018-09-11T06:00:00.0,6,33483.348
2018-09-11T07:00:00.0,7,33382.957
2018-09-11T08:00:00.0,8,34196.055
2018-09-11T09:00:00.0,9,36687.52
2018-09-11T10:00:00.0,10,39704.465
2018-09-11T11:00:00.0,11,39969.836
2018-09-11T12:00:00.0,12,40594.87
2018-09-11T13:00:00.0,13,41624.71
2018-09-11T14:00:00.0,14,42886.52
2018-09-11T15:00:00.0,15,44018.98
2018-09-11T16:00:00.0,16,45095.926
2018-09-11T17:00:00.0,17,46162.26
2018-09-11T18:00:00.0,18,47029.184
2018-09-11T19:00:00.0,19,47798.06
2018-09-11T20:00:00.0,20,48263.215
2018-09-11T21:00:00.0,21,47990.8
2018-09-11T22:00:00.0,22,47218.598
2018-09-11T23:00:00.0,23,47456.438
2018-09-12T00:00:00.0,0,46899.082
2018-09-12T01:00:00.0,1,44785.125
2018-09-12T02:00:00.0,2,41546.805
2018-09-12T03:00:00.0,3,38503.41
2018-09-12T04:00:00.0,4,36405.67
2018-09-12T05:00:00.0,5,35227.254
2018-09-12T06:00:00.0,6,34602.906
2018-09-12T07:00:00.0,7,34511.777
2018-09-12T08:00:00.0,8,35333.98
2018-09-12T09:00:00.0,9,37898.594
2018-09-12T10:00:00.0,10,40761.28
2018-09-12T11:00:00.0,11,40989.113
2018-09-12T12:00:00.0,12,41776.004
2018-09-12T13:00:00.0,13,43262.957
2018-09-12T14:00:00.0,14,45002.3
2018-09-12T15:00:00.0,15,47058.42
2018-09-12T16:00:00.0,16,49268.594
2018-09-12T17:00:00.0,17,51465.152
2018-09-12T18:00:00.0,18,53152.543
2018-09-12T19:00:00.0,19,54510.613
2018-09-12T20:00:00.0,20,55421.31
2018-09-12T21:00:00.0,21,55007.547
2018-09-12T22:00:00.0,22,53214.34
2018-09-12T23:00:00.0,23,52285.656
2018-09-13T00:00:00.0,0,51025.473
2018-09-13T01:00:00.0,1,48023.324
2018-09-13T02:00:00.0,2,44270.938
2018-09-13T03:00:00.0,3,40785.066
2018-09-13T04:00:00.0,4,38427.215
2018-09-13T05:00:00.0,5,36803.062
2018-09-13T06:00:00.0,6,35900.78
2018-09-13T07:00:00.0,7,35577.555
2018-09-13T08:00:00.0,8,36274.95
2018-09-13T09:00:00.0,9,38623.05
2018-09-13T10:00:00.0,10,41404.453
2018-09-13T11:00:00.0,11,41533.418
2018-09-13T12:00:00.0,12,42696.715
2018-09-13T13:00:00.0,13,44790.98
2018-09-13T14:00:00.0,14,47124.19
2018-09-13T15:00:00.0,15,49302.22
2018-09-13T16:00:00.0,16,51618.61
2018-09-13T17:00:00.0,17,53719.027
2018-09-13T18:00:00.0,18,54885.816
2018-09-13T19:00:00.0,19,55568.207
2018-09-13T20:00:00.0,20,56012.027
2018-09-13T21:00:00.0,21,55381.934
2018-09-13T22:00:00.0,22,53764.027
2018-09-13T23:00:00.0,23,52836.137
2018-09-14T00:00:00.0,0,51664.418
2018-09-14T01:00:00.0,1,48763.11
2018-09-14T02:00:00.0,2,45097.895
2018-09-14T03:00:00.0,3,41641.062
2018-09-14T04:00:00.0,4,39168.88
2018-09-14T05:00:00.0,5,37462.61
2018-09-14T06:00:00.0,6,36251.785
2018-09-14T07:00:00.0,7,35852.426
2018-09-14T08:00:00.0,8,36350.53
2018-09-14T09:00:00.0,9,38547.402
2018-09-14T10:00:00.0,10,41221.69
2018-09-14T11:00:00.0,11,41487.465
2018-09-14T12:00:00.0,12,42626.246
2018-09-14T13:00:00.0,13,44438.754
2018-09-14T14:00:00.0,14,46291.574
2018-09-14T15:00:00.0,15,47756.926
2018-09-14T16:00:00.0,16,49137.11
2018-09-14T17:00:00.0,17,50252.75
2018-09-14T18:00:00.0,18,51099.97
2018-09-14T19:00:00.0,19,51490.2
2018-09-14T20:00:00.0,20,51146.145
2018-09-14T21:00:00.0,21,49896.676
2018-09-14T22:00:00.0,22,48166.16
2018-09-14T23:00:00.0,23,47722.11
2018-09-15T00:00:00.0,0,46731.125
2018-09-15T01:00:00.0,1,44885.77
2018-09-15T02:00:00.0,2,42470.035
2018-09-15T03:00:00.0,3,39940.254
2018-09-15T04:00:00.0,4,37883.184
2018-09-15T05:00:00.0,5,36339.87
2018-09-15T06:00:00.0,6,35324.344
2018-09-15T07:00:00.0,7,34759.656
2018-09-15T08:00:00.0,8,34748.234
2018-09-15T09:00:00.0,9,35481.598
2018-09-15T10:00:00.0,10,36420.504
2018-09-15T11:00:00.0,11,37477.79
2018-09-15T12:00:00.0,12,40114.992
2018-09-15T13:00:00.0,13,43219.58
2018-09-15T14:00:00.0,14,46392.355
2018-09-15T15:00:00.0,15,49333.0
2018-09-15T16:00:00.0,16,51798.938
2018-09-15T17:00:00.0,17,53674.406
2018-09-15T18:00:00.0,18,54823.844
2018-09-15T19:00:00.0,19,55310.78
2018-09-15T20:00:00.0,20,54682.484
2018-09-15T21:00:00.0,21,52712.2
2018-09-15T22:00:00.0,22,50469.043
2018-09-15T23:00:00.0,23,49557.938
2018-09-16T00:00:00.0,0,47817.734
2018-09-16T01:00:00.0,1,45567.17
2018-09-16T02:00:00.0,2,42866.098
2018-09-16T03:00:00.0,3,40415.26
2018-09-16T04:00:00.0,4,38263.41
2018-09-16T05:00:00.0,5,36687.645
2018-09-16T06:00:00.0,6,35478.555
2018-09-16T07:00:00.0,7,34768.49
2018-09-16T08:00:00.0,8,34412.926
2018-09-16T09:00:00.0,9,34558.74
2018-09-16T10:00:00.0,10,34906.54
2018-09-16T11:00:00.0,11,35759.645
2018-09-16T12:00:00.0,12,38602.785
2018-09-16T13:00:00.0,13,42334.645
2018-09-16T14:00:00.0,14,46125.41
2018-09-16T15:00:00.0,15,49884.426
2018-09-16T16:00:00.0,16,53101.547
2018-09-16T17:00:00.0,17,55398.074
2018-09-16T18:00:00.0,18,56727.13
2018-09-16T19:00:00.0,19,57598.64
2018-09-16T20:00:00.0,20,57888.58
2018-09-16T21:00:00.0,21,57057.34
2018-09-16T22:00:00.0,22,55251.17
2018-09-16T23:00:00.0,23,54117.76
2018-09-17T00:00:00.0,0,52310.58
2018-09-17T01:00:00.0,1,49142.74
2018-09-17T02:00:00.0,2,45444.74
2018-09-17T03:00:00.0,3,41845.832
2018-09-17T04:00:00.0,4,39190.195
2018-09-17T05:00:00.0,5,37441.285
2018-09-17T06:00:00.0,6,36443.79
2018-09-17T07:00:00.0,7,36024.688
2018-09-17T08:00:00.0,8,36725.63
2018-09-17T09:00:00.0,9,39120.953
2018-09-17T10:00:00.0,10,41760.75
2018-09-17T11:00:00.0,11,42044.66
2018-09-17T12:00:00.0,12,44019.684
2018-09-17T13:00:00.0,13,47268.95
2018-09-17T14:00:00.0,14,50902.426
2018-09-17T15:00:00.0,15,54598.293
2018-09-17T16:00:00.0,16,57807.277
2018-09-17T17:00:00.0,17,60584.105
2018-09-17T18:00:00.0,18,62383.77
2018-09-17T19:00:00.0,19,63150.637
2018-09-17T20:00:00.0,20,63284.98
2018-09-17T21:00:00.0,21,62665.453
2018-09-17T22:00:00.0,22,60530.223
2018-09-17T23:00:00.0,23,58903.715
2018-09-18T00:00:00.0,0,56609.562
2018-09-18T01:00:00.0,1,52685.266
2018-09-18T02:00:00.0,2,48404.97
2018-09-18T03:00:00.0,3,44616.03
2018-09-18T04:00:00.0,4,41750.457
2018-09-18T05:00:00.0,5,39850.52
2018-09-18T06:00:00.0,6,38609.004
2018-09-18T07:00:00.0,7,38038.168
2018-09-18T08:00:00.0,8,38520.973
2018-09-18T09:00:00.0,9,40706.3
2018-09-18T10:00:00.0,10,43239.414
2018-09-18T11:00:00.0,11,43351.234
2018-09-18T12:00:00.0,12,45247.33
2018-09-18T13:00:00.0,13,48651.13
2018-09-18T14:00:00.0,14,52516.73
2018-09-18T15:00:00.0,15,56120.824
2018-09-18T16:00:00.0,16,59534.81
2018-09-18T17:00:00.0,17,62385.7
2018-09-18T18:00:00.0,18,63890.03
2018-09-18T19:00:00.0,19,64481.156
2018-09-18T20:00:00.0,20,64536.355
2018-09-18T21:00:00.0,21,63954.465
2018-09-18T22:00:00.0,22,61792.87
2018-09-18T23:00:00.0,23,60230.14
2018-09-19T00:00:00.0,0,57865.047
2018-09-19T01:00:00.0,1,54004.934
2018-09-19T02:00:00.0,2,49455.906
2018-09-19T03:00:00.0,3,45543.676
2018-09-19T04:00:00.0,4,42607.613
2018-09-19T05:00:00.0,5,40452.504
2018-09-19T06:00:00.0,6,39000.098
2018-09-19T07:00:00.0,7,38338.273
2018-09-19T08:00:00.0,8,38666.348
2018-09-19T09:00:00.0,9,40768.125
2018-09-19T10:00:00.0,10,43202.34
2018-09-19T11:00:00.0,11,43320.348
2018-09-19T12:00:00.0,12,45560.05
2018-09-19T13:00:00.0,13,49091.28
2018-09-19T14:00:00.0,14,52946.625
2018-09-19T15:00:00.0,15,56494.152
2018-09-19T16:00:00.0,16,59856.934
2018-09-19T17:00:00.0,17,62513.895
2018-09-19T18:00:00.0,18,64173.33
2018-09-19T19:00:00.0,19,64635.684
2018-09-19T20:00:00.0,20,64518.145
2018-09-19T21:00:00.0,21,63779.78
2018-09-19T22:00:00.0,22,61228.78
2018-09-19T23:00:00.0,23,59665.05
2018-09-20T00:00:00.0,0,57371.402
2018-09-20T01:00:00.0,1,53886.156
2018-09-20T02:00:00.0,2,49644.41
2018-09-20T03:00:00.0,3,45592.98
2018-09-20T04:00:00.0,4,42629.7
2018-09-20T05:00:00.0,5,40752.434
2018-09-20T06:00:00.0,6,39513.793
2018-09-20T07:00:00.0,7,38943.258
2018-09-20T08:00:00.0,8,39459.188
2018-09-20T09:00:00.0,9,41665.45
2018-09-20T10:00:00.0,10,44159.598
2018-09-20T11:00:00.0,11,44193.863
2018-09-20T12:00:00.0,12,46014.94
2018-09-20T13:00:00.0,13,48850.766
2018-09-20T14:00:00.0,14,52033.465
2018-09-20T15:00:00.0,15,54419.72
2018-09-20T16:00:00.0,16,56266.906
2018-09-20T17:00:00.0,17,57575.375
2018-09-20T18:00:00.0,18,58127.97
2018-09-20T19:00:00.0,19,58794.676
2018-09-20T20:00:00.0,20,58184.55
2018-09-20T21:00:00.0,21,55848.72
2018-09-20T22:00:00.0,22,53428.16
2018-09-20T23:00:00.0,23,52571.906
2018-09-21T00:00:00.0,0,51154.715
2018-09-21T01:00:00.0,1,48569.246
2018-09-21T02:00:00.0,2,45307.246
2018-09-21T03:00:00.0,3,42244.973
2018-09-21T04:00:00.0,4,40063.082
2018-09-21T05:00:00.0,5,38856.1
2018-09-21T06:00:00.0,6,38140.637
2018-09-21T07:00:00.0,7,38069.613
2018-09-21T08:00:00.0,8,38946.67
2018-09-21T09:00:00.0,9,41423.35
2018-09-21T10:00:00.0,10,44265.082
2018-09-21T11:00:00.0,11,44667.004
2018-09-21T12:00:00.0,12,46005.24
2018-09-21T13:00:00.0,13,48265.78
2018-09-21T14:00:00.0,14,50515.203
2018-09-21T15:00:00.0,15,52395.76
2018-09-21T16:00:00.0,16,54236.45
2018-09-21T17:00:00.0,17,55622.88
2018-09-21T18:00:00.0,18,55910.863
2018-09-21T19:00:00.0,19,55148.67
2018-09-21T20:00:00.0,20,54133.38
2018-09-21T21:00:00.0,21,52550.324
2018-09-21T22:00:00.0,22,50967.113
2018-09-21T23:00:00.0,23,50235.48
2018-09-22T00:00:00.0,0,48795.027
2018-09-22T01:00:00.0,1,46875.254
2018-09-22T02:00:00.0,2,44373.47
2018-09-22T03:00:00.0,3,41924.41
2018-09-22T04:00:00.0,4,39987.65
2018-09-22T05:00:00.0,5,38541.723
2018-09-22T06:00:00.0,6,37624.73
2018-09-22T07:00:00.0,7,37029.0
2018-09-22T08:00:00.0,8,36844.99
2018-09-22T09:00:00.0,9,37200.883
2018-09-22T10:00:00.0,10,37899.137
2018-09-22T11:00:00.0,11,38665.406
2018-09-22T12:00:00.0,12,40140.367
2018-09-22T13:00:00.0,13,41698.543
2018-09-22T14:00:00.0,14,43235.895
2018-09-22T15:00:00.0,15,44599.934
2018-09-22T16:00:00.0,16,45801.55
2018-09-22T17:00:00.0,17,46145.094
2018-09-22T18:00:00.0,18,45720.996
2018-09-22T19:00:00.0,19,44774.92
2018-09-22T20:00:00.0,20,43847.785
2018-09-22T21:00:00.0,21,42923.695
2018-09-22T22:00:00.0,22,42194.043
2018-09-22T23:00:00.0,23,42456.652
2018-09-23T00:00:00.0,0,41591.895
2018-09-23T01:00:00.0,1,40227.066
2018-09-23T02:00:00.0,2,38456.965
2018-09-23T03:00:00.0,3,36394.098
2018-09-23T04:00:00.0,4,34548.145
2018-09-23T05:00:00.0,5,33059.832
2018-09-23T06:00:00.0,6,31954.834
2018-09-23T07:00:00.0,7,31257.812
2018-09-23T08:00:00.0,8,30993.484
2018-09-23T09:00:00.0,9,31234.447
2018-09-23T10:00:00.0,10,31827.773
2018-09-23T11:00:00.0,11,32577.13
2018-09-23T12:00:00.0,12,34478.51
2018-09-23T13:00:00.0,13,36759.277
2018-09-23T14:00:00.0,14,38688.04
2018-09-23T15:00:00.0,15,40398.9
2018-09-23T16:00:00.0,16,41886.906
2018-09-23T17:00:00.0,17,43240.684
2018-09-23T18:00:00.0,18,44241.887
2018-09-23T19:00:00.0,19,44935.645
2018-09-23T20:00:00.0,20,45215.125
2018-09-23T21:00:00.0,21,44791.156
2018-09-23T22:00:00.0,22,44293.484
2018-09-23T23:00:00.0,23,44754.582
2018-09-24T00:00:00.0,0,43887.703
2018-09-24T01:00:00.0,1,41777.27
2018-09-24T02:00:00.0,2,38982.22
2018-09-24T03:00:00.0,3,36138.55
2018-09-24T04:00:00.0,4,34206.89
2018-09-24T05:00:00.0,5,32996.863
2018-09-24T06:00:00.0,6,32467.377
2018-09-24T07:00:00.0,7,32471.01
2018-09-24T08:00:00.0,8,33381.47
2018-09-24T09:00:00.0,9,35865.17
2018-09-24T10:00:00.0,10,38789.453
2018-09-24T11:00:00.0,11,39009.76
2018-09-24T12:00:00.0,12,40275.125
2018-09-24T13:00:00.0,13,42425.676
2018-09-24T14:00:00.0,14,44845.11
2018-09-24T15:00:00.0,15,47167.418
2018-09-24T16:00:00.0,16,49288.043
2018-09-24T17:00:00.0,17,51238.395
2018-09-24T18:00:00.0,18,52863.293
2018-09-24T19:00:00.0,19,54093.293
2018-09-24T20:00:00.0,20,54668.625
2018-09-24T21:00:00.0,21,54133.766
2018-09-24T22:00:00.0,22,52585.723
2018-09-24T23:00:00.0,23,51842.074
2018-09-25T00:00:00.0,0,50084.77
2018-09-25T01:00:00.0,1,46861.754
2018-09-25T02:00:00.0,2,43066.348
2018-09-25T03:00:00.0,3,39697.402
2018-09-25T04:00:00.0,4,37372.38
2018-09-25T05:00:00.0,5,35884.586
2018-09-25T06:00:00.0,6,35085.76
2018-09-25T07:00:00.0,7,34854.1
2018-09-25T08:00:00.0,8,35692.207
2018-09-25T09:00:00.0,9,38041.84
2018-09-25T10:00:00.0,10,40887.613
2018-09-25T11:00:00.0,11,41184.676
2018-09-25T12:00:00.0,12,42343.84
2018-09-25T13:00:00.0,13,44373.887
2018-09-25T14:00:00.0,14,47072.062
2018-09-25T15:00:00.0,15,49996.406
2018-09-25T16:00:00.0,16,53257.24
2018-09-25T17:00:00.0,17,56174.375
2018-09-25T18:00:00.0,18,58407.78
2018-09-25T19:00:00.0,19,59797.375
2018-09-25T20:00:00.0,20,59938.52
2018-09-25T21:00:00.0,21,58919.094
2018-09-25T22:00:00.0,22,56826.03
2018-09-25T23:00:00.0,23,55508.406
2018-09-26T00:00:00.0,0,53446.33
2018-09-26T01:00:00.0,1,50195.574
2018-09-26T02:00:00.0,2,46358.418
2018-09-26T03:00:00.0,3,42828.168
2018-09-26T04:00:00.0,4,40191.03
2018-09-26T05:00:00.0,5,38469.613
2018-09-26T06:00:00.0,6,37455.28
2018-09-26T07:00:00.0,7,37050.875
2018-09-26T08:00:00.0,8,37793.473
2018-09-26T09:00:00.0,9,40106.746
2018-09-26T10:00:00.0,10,42554.11
2018-09-26T11:00:00.0,11,42384.688
2018-09-26T12:00:00.0,12,43217.973
2018-09-26T13:00:00.0,13,44811.613
2018-09-26T14:00:00.0,14,46567.324
2018-09-26T15:00:00.0,15,48017.72
2018-09-26T16:00:00.0,16,48928.3
2018-09-26T17:00:00.0,17,48761.504
2018-09-26T18:00:00.0,18,48337.035
2018-09-26T19:00:00.0,19,48265.684
2018-09-26T20:00:00.0,20,48089.824
2018-09-26T21:00:00.0,21,47248.496
2018-09-26T22:00:00.0,22,45974.45
2018-09-26T23:00:00.0,23,45653.953
2018-09-27T00:00:00.0,0,44445.36
2018-09-27T01:00:00.0,1,41861.465
2018-09-27T02:00:00.0,2,38752.09
2018-09-27T03:00:00.0,3,35838.883
2018-09-27T04:00:00.0,4,33828.55
2018-09-27T05:00:00.0,5,32582.584
2018-09-27T06:00:00.0,6,31804.932
2018-09-27T07:00:00.0,7,31442.244
2018-09-27T08:00:00.0,8,32007.51
2018-09-27T09:00:00.0,9,34188.44
2018-09-27T10:00:00.0,10,36889.98
2018-09-27T11:00:00.0,11,36830.395
2018-09-27T12:00:00.0,12,37189.207
2018-09-27T13:00:00.0,13,38105.516
2018-09-27T14:00:00.0,14,39235.35
2018-09-27T15:00:00.0,15,40379.742
2018-09-27T16:00:00.0,16,41997.465
2018-09-27T17:00:00.0,17,43902.125
2018-09-27T18:00:00.0,18,45145.723
2018-09-27T19:00:00.0,19,46340.63
2018-09-27T20:00:00.0,20,47087.72
2018-09-27T21:00:00.0,21,46650.137
2018-09-27T22:00:00.0,22,45495.99
2018-09-27T23:00:00.0,23,45293.94
2018-09-28T00:00:00.0,0,44055.86
2018-09-28T01:00:00.0,1,41736.38
2018-09-28T02:00:00.0,2,38404.0
2018-09-28T03:00:00.0,3,35408.566
2018-09-28T04:00:00.0,4,33295.26
2018-09-28T05:00:00.0,5,31931.344
2018-09-28T06:00:00.0,6,31109.299
2018-09-28T07:00:00.0,7,30904.477
2018-09-28T08:00:00.0,8,31606.729
2018-09-28T09:00:00.0,9,33977.6
2018-09-28T10:00:00.0,10,36816.996
2018-09-28T11:00:00.0,11,37085.26
2018-09-28T12:00:00.0,12,37902.215
2018-09-28T13:00:00.0,13,39363.164
2018-09-28T14:00:00.0,14,41078.188
2018-09-28T15:00:00.0,15,42657.895
2018-09-28T16:00:00.0,16,44425.855
2018-09-28T17:00:00.0,17,46041.824
2018-09-28T18:00:00.0,18,47106.64
2018-09-28T19:00:00.0,19,48266.2
2018-09-28T20:00:00.0,20,48673.156
2018-09-28T21:00:00.0,21,47972.793
2018-09-28T22:00:00.0,22,46522.438
2018-09-28T23:00:00.0,23,46200.965
2018-09-29T00:00:00.0,0,45143.77
2018-09-29T01:00:00.0,1,43432.44
2018-09-29T02:00:00.0,2,41026.914
2018-09-29T03:00:00.0,3,38408.38
2018-09-29T04:00:00.0,4,36307.668
2018-09-29T05:00:00.0,5,34781.438
2018-09-29T06:00:00.0,6,33834.957
2018-09-29T07:00:00.0,7,33331.91
2018-09-29T08:00:00.0,8,33378.426
2018-09-29T09:00:00.0,9,34007.285
2018-09-29T10:00:00.0,10,35180.973
2018-09-29T11:00:00.0,11,36126.535
2018-09-29T12:00:00.0,12,37470.723
2018-09-29T13:00:00.0,13,38979.12
2018-09-29T14:00:00.0,14,40185.285
2018-09-29T15:00:00.0,15,41069.92
2018-09-29T16:00:00.0,16,41798.12
2018-09-29T17:00:00.0,17,42489.566
2018-09-29T18:00:00.0,18,42966.668
2018-09-29T19:00:00.0,19,43599.434
2018-09-29T20:00:00.0,20,44017.613
2018-09-29T21:00:00.0,21,43914.324
2018-09-29T22:00:00.0,22,43366.074
2018-09-29T23:00:00.0,23,43653.97
2018-09-30T00:00:00.0,0,42789.64
2018-09-30T01:00:00.0,1,41421.113
2018-09-30T02:00:00.0,2,39550.87
2018-09-30T03:00:00.0,3,37323.07
2018-09-30T04:00:00.0,4,35310.527
2018-09-30T05:00:00.0,5,33982.258
2018-09-30T06:00:00.0,6,33040.55
2018-09-30T07:00:00.0,7,32513.797
2018-09-30T08:00:00.0,8,32321.615
2018-09-30T09:00:00.0,9,32691.307
2018-09-30T10:00:00.0,10,33492.16
2018-09-30T11:00:00.0,11,34268.1
2018-09-30T12:00:00.0,12,36549.582
2018-09-30T13:00:00.0,13,39191.45
2018-09-30T14:00:00.0,14,41561.65
2018-09-30T15:00:00.0,15,43725.13
2018-09-30T16:00:00.0,16,45699.434
2018-09-30T17:00:00.0,17,47404.824
2018-09-30T18:00:00.0,18,48692.38
2018-09-30T19:00:00.0,19,49484.145
2018-09-30T20:00:00.0,20,49698.996
2018-09-30T21:00:00.0,21,49189.723
2018-09-30T22:00:00.0,22,47958.01
2018-09-30T23:00:00.0,23,47759.062
2018-10-01T00:00:00.0,0,46314.09
2018-10-01T01:00:00.0,1,43942.176
2018-10-01T02:00:00.0,2,40629.707
2018-10-01T03:00:00.0,3,37635.51
2018-10-01T04:00:00.0,4,35558.992
2018-10-01T05:00:00.0,5,34343.355
2018-10-01T06:00:00.0,6,33718.582
2018-10-01T07:00:00.0,7,33621.55
2018-10-01T08:00:00.0,8,34587.008
2018-10-01T09:00:00.0,9,37243.797
2018-10-01T10:00:00.0,10,40209.758
2018-10-01T11:00:00.0,11,40524.418
2018-10-01T12:00:00.0,12,41501.043
2018-10-01T13:00:00.0,13,43148.715
2018-10-01T14:00:00.0,14,44747.02
2018-10-01T15:00:00.0,15,46595.38
2018-10-01T16:00:00.0,16,48806.332
2018-10-01T17:00:00.0,17,50999.98
2018-10-01T18:00:00.0,18,52699.547
2018-10-01T19:00:00.0,19,54051.766
2018-10-01T20:00:00.0,20,54671.887
2018-10-01T21:00:00.0,21,53812.28
2018-10-01T22:00:00.0,22,51944.332
2018-10-01T23:00:00.0,23,51296.13
2018-10-02T00:00:00.0,0,49443.547
2018-10-02T01:00:00.0,1,46392.176
2018-10-02T02:00:00.0,2,42772.95
2018-10-02T03:00:00.0,3,39409.176
2018-10-02T04:00:00.0,4,37003.98
2018-10-02T05:00:00.0,5,35345.457
2018-10-02T06:00:00.0,6,34382.254
2018-10-02T07:00:00.0,7,34065.137
2018-10-02T08:00:00.0,8,34908.23
2018-10-02T09:00:00.0,9,37457.707
2018-10-02T10:00:00.0,10,40395.758
2018-10-02T11:00:00.0,11,40750.87
2018-10-02T12:00:00.0,12,41859.91
2018-10-02T13:00:00.0,13,43970.03
2018-10-02T14:00:00.0,14,46699.395
2018-10-02T15:00:00.0,15,49560.312
2018-10-02T16:00:00.0,16,52370.19
2018-10-02T17:00:00.0,17,54593.332
2018-10-02T18:00:00.0,18,55914.707
2018-10-02T19:00:00.0,19,56537.582
2018-10-02T20:00:00.0,20,56415.22
2018-10-02T21:00:00.0,21,55396.484
2018-10-02T22:00:00.0,22,53725.47
2018-10-02T23:00:00.0,23,53324.16
2018-10-03T00:00:00.0,0,51624.234
2018-10-03T01:00:00.0,1,48852.406
2018-10-03T02:00:00.0,2,44988.53
2018-10-03T03:00:00.0,3,41531.832
2018-10-03T04:00:00.0,4,39089.934
2018-10-03T05:00:00.0,5,37532.426
2018-10-03T06:00:00.0,6,36590.27
2018-10-03T07:00:00.0,7,36369.676
2018-10-03T08:00:00.0,8,37109.824
2018-10-03T09:00:00.0,9,39506.06
2018-10-03T10:00:00.0,10,42355.992
2018-10-03T11:00:00.0,11,42542.75
2018-10-03T12:00:00.0,12,43893.51
2018-10-03T13:00:00.0,13,46778.61
2018-10-03T14:00:00.0,14,49710.39
2018-10-03T15:00:00.0,15,52564.49
2018-10-03T16:00:00.0,16,55428.094
2018-10-03T17:00:00.0,17,57746.637
2018-10-03T18:00:00.0,18,59268.64
2018-10-03T19:00:00.0,19,59986.562
2018-10-03T20:00:00.0,20,60161.066
2018-10-03T21:00:00.0,21,58899.344
2018-10-03T22:00:00.0,22,56542.77
2018-10-03T23:00:00.0,23,55630.895
2018-10-04T00:00:00.0,0,53481.566
2018-10-04T01:00:00.0,1,50374.246
2018-10-04T02:00:00.0,2,46502.45
2018-10-04T03:00:00.0,3,42886.484
2018-10-04T04:00:00.0,4,40301.3
2018-10-04T05:00:00.0,5,38521.316
2018-10-04T06:00:00.0,6,37391.508
2018-10-04T07:00:00.0,7,36768.293
2018-10-04T08:00:00.0,8,37336.715
2018-10-04T09:00:00.0,9,39625.973
2018-10-04T10:00:00.0,10,42154.84
2018-10-04T11:00:00.0,11,42409.504
2018-10-04T12:00:00.0,12,44159.953
2018-10-04T13:00:00.0,13,47119.58
2018-10-04T14:00:00.0,14,50130.418
2018-10-04T15:00:00.0,15,52981.94
2018-10-04T16:00:00.0,16,55858.39
2018-10-04T17:00:00.0,17,58107.316
2018-10-04T18:00:00.0,18,59538.08
2018-10-04T19:00:00.0,19,60407.7
2018-10-04T20:00:00.0,20,60541.812
2018-10-04T21:00:00.0,21,59079.99
2018-10-04T22:00:00.0,22,56601.285
2018-10-04T23:00:00.0,23,55486.84
2018-10-05T00:00:00.0,0,53199.52
2018-10-05T01:00:00.0,1,50075.89
2018-10-05T02:00:00.0,2,46323.656
2018-10-05T03:00:00.0,3,42590.02
2018-10-05T04:00:00.0,4,40054.492
2018-10-05T05:00:00.0,5,38409.95
2018-10-05T06:00:00.0,6,37285.105
2018-10-05T07:00:00.0,7,36896.492
2018-10-05T08:00:00.0,8,37450.652
2018-10-05T09:00:00.0,9,39711.19
2018-10-05T10:00:00.0,10,42486.91
2018-10-05T11:00:00.0,11,42787.684
2018-10-05T12:00:00.0,12,44618.45
2018-10-05T13:00:00.0,13,47621.58
2018-10-05T14:00:00.0,14,50640.355
2018-10-05T15:00:00.0,15,53476.734
2018-10-05T16:00:00.0,16,56162.26
2018-10-05T17:00:00.0,17,58408.746
2018-10-05T18:00:00.0,18,59755.105
2018-10-05T19:00:00.0,19,60396.996
2018-10-05T20:00:00.0,20,60106.406
2018-10-05T21:00:00.0,21,58444.297
2018-10-05T22:00:00.0,22,55644.99
2018-10-05T23:00:00.0,23,54368.332
2018-10-06T00:00:00.0,0,52327.504
2018-10-06T01:00:00.0,1,49810.28
2018-10-06T02:00:00.0,2,46699.402
2018-10-06T03:00:00.0,3,43393.18
2018-10-06T04:00:00.0,4,40929.258
2018-10-06T05:00:00.0,5,38826.207
2018-10-06T06:00:00.0,6,37764.45
2018-10-06T07:00:00.0,7,37051.08
2018-10-06T08:00:00.0,8,36801.008
2018-10-06T09:00:00.0,9,37295.188
2018-10-06T10:00:00.0,10,38110.656
2018-10-06T11:00:00.0,11,38829.246
2018-10-06T12:00:00.0,12,41468.9
2018-10-06T13:00:00.0,13,44696.168
2018-10-06T14:00:00.0,14,47913.418
2018-10-06T15:00:00.0,15,50449.31
2018-10-06T16:00:00.0,16,52732.63
2018-10-06T17:00:00.0,17,54783.887
2018-10-06T18:00:00.0,18,56015.016
2018-10-06T19:00:00.0,19,56926.625
2018-10-06T20:00:00.0,20,56800.63
2018-10-06T21:00:00.0,21,55260.938
2018-10-06T22:00:00.0,22,52879.31
2018-10-06T23:00:00.0,23,51685.965
2018-10-07T00:00:00.0,0,49196.145
2018-10-07T01:00:00.0,1,46792.125
2018-10-07T02:00:00.0,2,44196.598
2018-10-07T03:00:00.0,3,41643.37
2018-10-07T04:00:00.0,4,39665.688
2018-10-07T05:00:00.0,5,38093.812
2018-10-07T06:00:00.0,6,36989.133
2018-10-07T07:00:00.0,7,36232.56
2018-10-07T08:00:00.0,8,35883.617
2018-10-07T09:00:00.0,9,36127.35
2018-10-07T10:00:00.0,10,36783.215
2018-10-07T11:00:00.0,11,37595.33
2018-10-07T12:00:00.0,12,40113.62
2018-10-07T13:00:00.0,13,43526.816
2018-10-07T14:00:00.0,14,46719.42
2018-10-07T15:00:00.0,15,49641.52
2018-10-07T16:00:00.0,16,51790.234
2018-10-07T17:00:00.0,17,53520.87
2018-10-07T18:00:00.0,18,54293.0
2018-10-07T19:00:00.0,19,54316.156
2018-10-07T20:00:00.0,20,53131.3
2018-10-07T21:00:00.0,21,52035.22
2018-10-07T22:00:00.0,22,50683.223
2018-10-07T23:00:00.0,23,50132.574
2018-10-08T00:00:00.0,0,48569.582
2018-10-08T01:00:00.0,1,46547.95
2018-10-08T02:00:00.0,2,43923.863
2018-10-08T03:00:00.0,3,41200.69
2018-10-08T04:00:00.0,4,38947.58
2018-10-08T05:00:00.0,5,37628.688
2018-10-08T06:00:00.0,6,36862.926
2018-10-08T07:00:00.0,7,36752.613
2018-10-08T08:00:00.0,8,37672.19
2018-10-08T09:00:00.0,9,39528.3
2018-10-08T10:00:00.0,10,41781.41
2018-10-08T11:00:00.0,11,42355.36
2018-10-08T12:00:00.0,12,43989.484
2018-10-08T13:00:00.0,13,46412.703
2018-10-08T14:00:00.0,14,48922.125
2018-10-08T15:00:00.0,15,50909.582
2018-10-08T16:00:00.0,16,52230.05
2018-10-08T17:00:00.0,17,53034.184
2018-10-08T18:00:00.0,18,53145.137
2018-10-08T19:00:00.0,19,52731.13
2018-10-08T20:00:00.0,20,51566.13
2018-10-08T21:00:00.0,21,50179.33
2018-10-08T22:00:00.0,22,49242.426
2018-10-08T23:00:00.0,23,48972.11
2018-10-09T00:00:00.0,0,47370.934
2018-10-09T01:00:00.0,1,44816.562
2018-10-09T02:00:00.0,2,41664.547
2018-10-09T03:00:00.0,3,38879.66
2018-10-09T04:00:00.0,4,36803.02
2018-10-09T05:00:00.0,5,35478.074
2018-10-09T06:00:00.0,6,34942.023
2018-10-09T07:00:00.0,7,34903.55
2018-10-09T08:00:00.0,8,35856.816
2018-10-09T09:00:00.0,9,38428.832
2018-10-09T10:00:00.0,10,41343.152
2018-10-09T11:00:00.0,11,41743.414
2018-10-09T12:00:00.0,12,42504.113
2018-10-09T13:00:00.0,13,43841.082
2018-10-09T14:00:00.0,14,45458.406
2018-10-09T15:00:00.0,15,46925.44
2018-10-09T16:00:00.0,16,47681.223
2018-10-09T17:00:00.0,17,47925.67
2018-10-09T18:00:00.0,18,47961.332
2018-10-09T19:00:00.0,19,48167.84
2018-10-09T20:00:00.0,20,48246.62
2018-10-09T21:00:00.0,21,47674.754
2018-10-09T22:00:00.0,22,46895.215
2018-10-09T23:00:00.0,23,46730.39
2018-10-10T00:00:00.0,0,45045.26
2018-10-10T01:00:00.0,1,42304.9
2018-10-10T02:00:00.0,2,39027.914
2018-10-10T03:00:00.0,3,36172.824
2018-10-10T04:00:00.0,4,33987.344
2018-10-10T05:00:00.0,5,32707.447
2018-10-10T06:00:00.0,6,31968.195
2018-10-10T07:00:00.0,7,31817.99
2018-10-10T08:00:00.0,8,32562.752
2018-10-10T09:00:00.0,9,34811.535
2018-10-10T10:00:00.0,10,37614.848
2018-10-10T11:00:00.0,11,37589.242
2018-10-10T12:00:00.0,12,38384.07
2018-10-10T13:00:00.0,13,40030.81
2018-10-10T14:00:00.0,14,41651.53
2018-10-10T15:00:00.0,15,42989.445
2018-10-10T16:00:00.0,16,44428.516
2018-10-10T17:00:00.0,17,45859.69
2018-10-10T18:00:00.0,18,47106.613
2018-10-10T19:00:00.0,19,48157.55
2018-10-10T20:00:00.0,20,48359.527
2018-10-10T21:00:00.0,21,47320.58
2018-10-10T22:00:00.0,22,45625.902
2018-10-10T23:00:00.0,23,45133.363
2018-10-11T00:00:00.0,0,43355.95
2018-10-11T01:00:00.0,1,40557.49
2018-10-11T02:00:00.0,2,37256.027
2018-10-11T03:00:00.0,3,34196.125
2018-10-11T04:00:00.0,4,32061.428
2018-10-11T05:00:00.0,5,30702.07
2018-10-11T06:00:00.0,6,29857.154
2018-10-11T07:00:00.0,7,29687.303
2018-10-11T08:00:00.0,8,30337.264
2018-10-11T09:00:00.0,9,32574.252
2018-10-11T10:00:00.0,10,35331.03
2018-10-11T11:00:00.0,11,35355.652
2018-10-11T12:00:00.0,12,35884.26
2018-10-11T13:00:00.0,13,36905.76
2018-10-11T14:00:00.0,14,37912.773
2018-10-11T15:00:00.0,15,39063.62
2018-10-11T16:00:00.0,16,40108.062
2018-10-11T17:00:00.0,17,41239.797
2018-10-11T18:00:00.0,18,42260.445
2018-10-11T19:00:00.0,19,43293.58
2018-10-11T20:00:00.0,20,43567.824
2018-10-11T21:00:00.0,21,42804.8
2018-10-11T22:00:00.0,22,42120.066
2018-10-11T23:00:00.0,23,42487.133
2018-10-12T00:00:00.0,0,41305.11
2018-10-12T01:00:00.0,1,39161.543
2018-10-12T02:00:00.0,2,36260.96
2018-10-12T03:00:00.0,3,33479.504
2018-10-12T04:00:00.0,4,31535.283
2018-10-12T05:00:00.0,5,30275.627
2018-10-12T06:00:00.0,6,29715.086
2018-10-12T07:00:00.0,7,29577.64
2018-10-12T08:00:00.0,8,30332.127
2018-10-12T09:00:00.0,9,32585.305
2018-10-12T10:00:00.0,10,35396.53
2018-10-12T11:00:00.0,11,35825.84
2018-10-12T12:00:00.0,12,36781.027
2018-10-12T13:00:00.0,13,38287.176
2018-10-12T14:00:00.0,14,40019.84
2018-10-12T15:00:00.0,15,41611.176
2018-10-12T16:00:00.0,16,43251.164
2018-10-12T17:00:00.0,17,44809.75
2018-10-12T18:00:00.0,18,45836.74
2018-10-12T19:00:00.0,19,46368.92
2018-10-12T20:00:00.0,20,46464.156
2018-10-12T21:00:00.0,21,45592.848
2018-10-12T22:00:00.0,22,44469.58
2018-10-12T23:00:00.0,23,44027.25
2018-10-13T00:00:00.0,0,42566.734
2018-10-13T01:00:00.0,1,40900.973
2018-10-13T02:00:00.0,2,38756.29
2018-10-13T03:00:00.0,3,36468.098
2018-10-13T04:00:00.0,4,34640.68
2018-10-13T05:00:00.0,5,33104.812
2018-10-13T06:00:00.0,6,32345.797
2018-10-13T07:00:00.0,7,31937.65
2018-10-13T08:00:00.0,8,31992.912
2018-10-13T09:00:00.0,9,32696.936
2018-10-13T10:00:00.0,10,34001.4
2018-10-13T11:00:00.0,11,35321.73
2018-10-13T12:00:00.0,12,37371.21
2018-10-13T13:00:00.0,13,39810.86
2018-10-13T14:00:00.0,14,41971.008
2018-10-13T15:00:00.0,15,43774.285
2018-10-13T16:00:00.0,16,45098.355
2018-10-13T17:00:00.0,17,45496.887
2018-10-13T18:00:00.0,18,46041.957
2018-10-13T19:00:00.0,19,46348.824
2018-10-13T20:00:00.0,20,46472.355
2018-10-13T21:00:00.0,21,45912.844
2018-10-13T22:00:00.0,22,44982.547
2018-10-13T23:00:00.0,23,44629.78
2018-10-14T00:00:00.0,0,43297.027
2018-10-14T01:00:00.0,1,41564.277
2018-10-14T02:00:00.0,2,39502.438
2018-10-14T03:00:00.0,3,37371.207
2018-10-14T04:00:00.0,4,35524.875
2018-10-14T05:00:00.0,5,34055.832
2018-10-14T06:00:00.0,6,33179.375
2018-10-14T07:00:00.0,7,32604.29
2018-10-14T08:00:00.0,8,32297.201
2018-10-14T09:00:00.0,9,32508.18
2018-10-14T10:00:00.0,10,33144.332
2018-10-14T11:00:00.0,11,33898.51
2018-10-14T12:00:00.0,12,36190.855
2018-10-14T13:00:00.0,13,38928.92
2018-10-14T14:00:00.0,14,41246.668
2018-10-14T15:00:00.0,15,43722.19
2018-10-14T16:00:00.0,16,46002.625
2018-10-14T17:00:00.0,17,48059.19
2018-10-14T18:00:00.0,18,49920.566
2018-10-14T19:00:00.0,19,51080.688
2018-10-14T20:00:00.0,20,51217.777
2018-10-14T21:00:00.0,21,50059.887
2018-10-14T22:00:00.0,22,48790.52
2018-10-14T23:00:00.0,23,48351.887
2018-10-15T00:00:00.0,0,46498.0
2018-10-15T01:00:00.0,1,43806.09
2018-10-15T02:00:00.0,2,40465.855
2018-10-15T03:00:00.0,3,37368.74
2018-10-15T04:00:00.0,4,35217.74
2018-10-15T05:00:00.0,5,33848.56
2018-10-15T06:00:00.0,6,32963.902
2018-10-15T07:00:00.0,7,32621.709
2018-10-15T08:00:00.0,8,33447.234
2018-10-15T09:00:00.0,9,35749.684
2018-10-15T10:00:00.0,10,38742.23
2018-10-15T11:00:00.0,11,39347.902
2018-10-15T12:00:00.0,12,40003.242
2018-10-15T13:00:00.0,13,40640.34
2018-10-15T14:00:00.0,14,40906.277
2018-10-15T15:00:00.0,15,40734.65
2018-10-15T16:00:00.0,16,40382.957
2018-10-15T17:00:00.0,17,39883.734
2018-10-15T18:00:00.0,18,39439.4
2018-10-15T19:00:00.0,19,39610.824
2018-10-15T20:00:00.0,20,40082.0
2018-10-15T21:00:00.0,21,40689.535
2018-10-15T22:00:00.0,22,41528.6
2018-10-15T23:00:00.0,23,41733.45
2018-10-16T00:00:00.0,0,40711.598
2018-10-16T01:00:00.0,1,38489.605
2018-10-16T02:00:00.0,2,35851.45
2018-10-16T03:00:00.0,3,33696.785
2018-10-16T04:00:00.0,4,32365.467
2018-10-16T05:00:00.0,5,31623.244
2018-10-16T06:00:00.0,6,31346.229
2018-10-16T07:00:00.0,7,31621.502
2018-10-16T08:00:00.0,8,32753.693
2018-10-16T09:00:00.0,9,35590.215
2018-10-16T10:00:00.0,10,38774.57
2018-10-16T11:00:00.0,11,39435.81
2018-10-16T12:00:00.0,12,39668.785
2018-10-16T13:00:00.0,13,40119.996
2018-10-16T14:00:00.0,14,40321.566
2018-10-16T15:00:00.0,15,40131.676
2018-10-16T16:00:00.0,16,39898.625
2018-10-16T17:00:00.0,17,39650.414
2018-10-16T18:00:00.0,18,39197.617
2018-10-16T19:00:00.0,19,39298.113
2018-10-16T20:00:00.0,20,39614.69
2018-10-16T21:00:00.0,21,39811.9
2018-10-16T22:00:00.0,22,40587.105
2018-10-16T23:00:00.0,23,40789.816
2018-10-17T00:00:00.0,0,39703.926
2018-10-17T01:00:00.0,1,37676.79
2018-10-17T02:00:00.0,2,34982.477
2018-10-17T03:00:00.0,3,32867.426
2018-10-17T04:00:00.0,4,31578.232
2018-10-17T05:00:00.0,5,30750.318
2018-10-17T06:00:00.0,6,30488.947
2018-10-17T07:00:00.0,7,30612.666
2018-10-17T08:00:00.0,8,31700.662
2018-10-17T09:00:00.0,9,34438.355
2018-10-17T10:00:00.0,10,37585.26
2018-10-17T11:00:00.0,11,37934.41
2018-10-17T12:00:00.0,12,37952.434
2018-10-17T13:00:00.0,13,38183.13
2018-10-17T14:00:00.0,14,38197.207
2018-10-17T15:00:00.0,15,37994.027
2018-10-17T16:00:00.0,16,37803.71
2018-10-17T17:00:00.0,17,37619.21
2018-10-17T18:00:00.0,18,37454.668
2018-10-17T19:00:00.0,19,37537.855
2018-10-17T20:00:00.0,20,37947.312
2018-10-17T21:00:00.0,21,38526.07
2018-10-17T22:00:00.0,22,39323.5
2018-10-17T23:00:00.0,23,39656.574
2018-10-18T00:00:00.0,0,38731.008
2018-10-18T01:00:00.0,1,36812.285
2018-10-18T02:00:00.0,2,34353.473
2018-10-18T03:00:00.0,3,32215.19
2018-10-18T04:00:00.0,4,30856.797
2018-10-18T05:00:00.0,5,30085.049
2018-10-18T06:00:00.0,6,29751.14
2018-10-18T07:00:00.0,7,29845.357
2018-10-18T08:00:00.0,8,30869.705
2018-10-18T09:00:00.0,9,33570.863
2018-10-18T10:00:00.0,10,36696.848
2018-10-18T11:00:00.0,11,37053.24
2018-10-18T12:00:00.0,12,37093.48
2018-10-18T13:00:00.0,13,37345.11
2018-10-18T14:00:00.0,14,37415.203
2018-10-18T15:00:00.0,15,37224.656
2018-10-18T16:00:00.0,16,37015.723
2018-10-18T17:00:00.0,17,36841.355
2018-10-18T18:00:00.0,18,36616.637
2018-10-18T19:00:00.0,19,36628.043
2018-10-18T20:00:00.0,20,36669.324
2018-10-18T21:00:00.0,21,36836.83
2018-10-18T22:00:00.0,22,37763.55
2018-10-18T23:00:00.0,23,38225.78
2018-10-19T00:00:00.0,0,37488.387
2018-10-19T01:00:00.0,1,35833.543
2018-10-19T02:00:00.0,2,33647.695
2018-10-19T03:00:00.0,3,31515.416
2018-10-19T04:00:00.0,4,30065.984
2018-10-19T05:00:00.0,5,29220.125
2018-10-19T06:00:00.0,6,28772.32
2018-10-19T07:00:00.0,7,28862.436
2018-10-19T08:00:00.0,8,29759.953
2018-10-19T09:00:00.0,9,32173.264
2018-10-19T10:00:00.0,10,35062.645
2018-10-19T11:00:00.0,11,35679.637
2018-10-19T12:00:00.0,12,36129.03
2018-10-19T13:00:00.0,13,36849.64
2018-10-19T14:00:00.0,14,37473.69
2018-10-19T15:00:00.0,15,37771.105
2018-10-19T16:00:00.0,16,38084.05
2018-10-19T17:00:00.0,17,38428.258
2018-10-19T18:00:00.0,18,38445.824
2018-10-19T19:00:00.0,19,38727.562
2018-10-19T20:00:00.0,20,38273.918
2018-10-19T21:00:00.0,21,38102.47
2018-10-19T22:00:00.0,22,38367.2
2018-10-19T23:00:00.0,23,38403.594
2018-10-20T00:00:00.0,0,37592.035
2018-10-20T01:00:00.0,1,36164.637
2018-10-20T02:00:00.0,2,34340.01
2018-10-20T03:00:00.0,3,32577.717
2018-10-20T04:00:00.0,4,31040.584
2018-10-20T05:00:00.0,5,29896.447
2018-10-20T06:00:00.0,6,29098.639
2018-10-20T07:00:00.0,7,28813.15
2018-10-20T08:00:00.0,8,28951.861
2018-10-20T09:00:00.0,9,29756.36
2018-10-20T10:00:00.0,10,31071.805
2018-10-20T11:00:00.0,11,32279.11
2018-10-20T12:00:00.0,12,33644.918
2018-10-20T13:00:00.0,13,34968.04
2018-10-20T14:00:00.0,14,35631.51
2018-10-20T15:00:00.0,15,35742.1
2018-10-20T16:00:00.0,16,35720.875
2018-10-20T17:00:00.0,17,35653.324
2018-10-20T18:00:00.0,18,35485.613
2018-10-20T19:00:00.0,19,35329.43
2018-10-20T20:00:00.0,20,35233.332
2018-10-20T21:00:00.0,21,35042.516
2018-10-20T22:00:00.0,22,35527.684
2018-10-20T23:00:00.0,23,35761.45
2018-10-21T00:00:00.0,0,35109.613
2018-10-21T01:00:00.0,1,34086.58
2018-10-21T02:00:00.0,2,32632.42
2018-10-21T03:00:00.0,3,30928.873
2018-10-21T04:00:00.0,4,29581.443
2018-10-21T05:00:00.0,5,28650.502
2018-10-21T06:00:00.0,6,28078.107
2018-10-21T07:00:00.0,7,27881.322
2018-10-21T08:00:00.0,8,27944.234
2018-10-21T09:00:00.0,9,28520.76
2018-10-21T10:00:00.0,10,29503.854
2018-10-21T11:00:00.0,11,30438.24
2018-10-21T12:00:00.0,12,31655.5
2018-10-21T13:00:00.0,13,32716.729
2018-10-21T14:00:00.0,14,33263.816
2018-10-21T15:00:00.0,15,33577.074
2018-10-21T16:00:00.0,16,33753.746
2018-10-21T17:00:00.0,17,33954.574
2018-10-21T18:00:00.0,18,34189.78
2018-10-21T19:00:00.0,19,34488.473
2018-10-21T20:00:00.0,20,34731.38
2018-10-21T21:00:00.0,21,34757.125
2018-10-21T22:00:00.0,22,35633.918
2018-10-21T23:00:00.0,23,36551.77
2018-10-22T00:00:00.0,0,35862.465
2018-10-22T01:00:00.0,1,34322.594
2018-10-22T02:00:00.0,2,32017.4
2018-10-22T03:00:00.0,3,29965.662
2018-10-22T04:00:00.0,4,28629.4
2018-10-22T05:00:00.0,5,27925.63
2018-10-22T06:00:00.0,6,27716.494
2018-10-22T07:00:00.0,7,27986.37
2018-10-22T08:00:00.0,8,29134.867
2018-10-22T09:00:00.0,9,31879.117
2018-10-22T10:00:00.0,10,35252.8
2018-10-22T11:00:00.0,11,35906.41
2018-10-22T12:00:00.0,12,35974.777
2018-10-22T13:00:00.0,13,36213.363
2018-10-22T14:00:00.0,14,36239.29
2018-10-22T15:00:00.0,15,36172.87
2018-10-22T16:00:00.0,16,36076.055
2018-10-22T17:00:00.0,17,36038.566
2018-10-22T18:00:00.0,18,35819.31
2018-10-22T19:00:00.0,19,35774.918
2018-10-22T20:00:00.0,20,35665.164
2018-10-22T21:00:00.0,21,35875.676
2018-10-22T22:00:00.0,22,37079.418
2018-10-22T23:00:00.0,23,37580.02
2018-10-23T00:00:00.0,0,36702.805
2018-10-23T01:00:00.0,1,34788.24
2018-10-23T02:00:00.0,2,32303.71
2018-10-23T03:00:00.0,3,30173.21
2018-10-23T04:00:00.0,4,28906.78
2018-10-23T05:00:00.0,5,28244.498
2018-10-23T06:00:00.0,6,27990.87
2018-10-23T07:00:00.0,7,28221.424
2018-10-23T08:00:00.0,8,29332.781
2018-10-23T09:00:00.0,9,32103.5
2018-10-23T10:00:00.0,10,35346.8
2018-10-23T11:00:00.0,11,35916.098
2018-10-23T12:00:00.0,12,35956.473
2018-10-23T13:00:00.0,13,36238.207
2018-10-23T14:00:00.0,14,36370.633
2018-10-23T15:00:00.0,15,36178.9
2018-10-23T16:00:00.0,16,36049.773
2018-10-23T17:00:00.0,17,35997.547
2018-10-23T18:00:00.0,18,35915.88
2018-10-23T19:00:00.0,19,35965.277
2018-10-23T20:00:00.0,20,36002.12
2018-10-23T21:00:00.0,21,36121.105
2018-10-23T22:00:00.0,22,37204.973
2018-10-23T23:00:00.0,23,37686.277
2018-10-24T00:00:00.0,0,36770.777
2018-10-24T01:00:00.0,1,34899.91
2018-10-24T02:00:00.0,2,32472.057
2018-10-24T03:00:00.0,3,30389.088
2018-10-24T04:00:00.0,4,29072.688
2018-10-24T05:00:00.0,5,28376.033
2018-10-24T06:00:00.0,6,28073.39
2018-10-24T07:00:00.0,7,28229.424
2018-10-24T08:00:00.0,8,29264.975
2018-10-24T09:00:00.0,9,31900.943
2018-10-24T10:00:00.0,10,35059.95
2018-10-24T11:00:00.0,11,35717.918
2018-10-24T12:00:00.0,12,35930.465
2018-10-24T13:00:00.0,13,36569.715
2018-10-24T14:00:00.0,14,37051.496
2018-10-24T15:00:00.0,15,37217.555
2018-10-24T16:00:00.0,16,37263.434
2018-10-24T17:00:00.0,17,37281.64
2018-10-24T18:00:00.0,18,37069.508
2018-10-24T19:00:00.0,19,37190.84
2018-10-24T20:00:00.0,20,37516.16
2018-10-24T21:00:00.0,21,37855.895
2018-10-24T22:00:00.0,22,38577.082
2018-10-24T23:00:00.0,23,38550.94
2018-10-25T00:00:00.0,0,37722.01
2018-10-25T01:00:00.0,1,35857.848
2018-10-25T02:00:00.0,2,33416.16
2018-10-25T03:00:00.0,3,31322.63
2018-10-25T04:00:00.0,4,29944.314
2018-10-25T05:00:00.0,5,29102.045
2018-10-25T06:00:00.0,6,28721.156
2018-10-25T07:00:00.0,7,28795.07
2018-10-25T08:00:00.0,8,29793.578
2018-10-25T09:00:00.0,9,32402.36
2018-10-25T10:00:00.0,10,35478.223
2018-10-25T11:00:00.0,11,36024.758
2018-10-25T12:00:00.0,12,36146.316
2018-10-25T13:00:00.0,13,36561.95
2018-10-25T14:00:00.0,14,36749.5
2018-10-25T15:00:00.0,15,36586.844
2018-10-25T16:00:00.0,16,36394.34
2018-10-25T17:00:00.0,17,36257.62
2018-10-25T18:00:00.0,18,36065.504
2018-10-25T19:00:00.0,19,36113.617
2018-10-25T20:00:00.0,20,36157.426
2018-10-25T21:00:00.0,21,36187.934
2018-10-25T22:00:00.0,22,37068.105
2018-10-25T23:00:00.0,23,37726.11
2018-10-26T00:00:00.0,0,37000.996
2018-10-26T01:00:00.0,1,35275.137
2018-10-26T02:00:00.0,2,32963.36
2018-10-26T03:00:00.0,3,30804.344
2018-10-26T04:00:00.0,4,29449.018
2018-10-26T05:00:00.0,5,28717.33
2018-10-26T06:00:00.0,6,28440.635
2018-10-26T07:00:00.0,7,28614.537
2018-10-26T08:00:00.0,8,29724.22
2018-10-26T09:00:00.0,9,32545.133
2018-10-26T10:00:00.0,10,35784.754
2018-10-26T11:00:00.0,11,36225.152
2018-10-26T12:00:00.0,12,36094.96
2018-10-26T13:00:00.0,13,36260.277
2018-10-26T14:00:00.0,14,36362.105
2018-10-26T15:00:00.0,15,36389.71
2018-10-26T16:00:00.0,16,36630.074
2018-10-26T17:00:00.0,17,37150.42
2018-10-26T18:00:00.0,18,37502.223
2018-10-26T19:00:00.0,19,37823.066
2018-10-26T20:00:00.0,20,37905.754
2018-10-26T21:00:00.0,21,37540.96
2018-10-26T22:00:00.0,22,37320.074
2018-10-26T23:00:00.0,23,37180.426
2018-10-27T00:00:00.0,0,36183.45
2018-10-27T01:00:00.0,1,34746.99
2018-10-27T02:00:00.0,2,32924.215
2018-10-27T03:00:00.0,3,31006.662
2018-10-27T04:00:00.0,4,29553.99
2018-10-27T05:00:00.0,5,28550.162
2018-10-27T06:00:00.0,6,27999.65
2018-10-27T07:00:00.0,7,27776.078
2018-10-27T08:00:00.0,8,28069.13
2018-10-27T09:00:00.0,9,28974.523
2018-10-27T10:00:00.0,10,30435.408
2018-10-27T11:00:00.0,11,31610.06
2018-10-27T12:00:00.0,12,32830.438
2018-10-27T13:00:00.0,13,33947.25
2018-10-27T14:00:00.0,14,34890.53
2018-10-27T15:00:00.0,15,35689.57
2018-10-27T16:00:00.0,16,36541.98
2018-10-27T17:00:00.0,17,37511.707
2018-10-27T18:00:00.0,18,38609.38
2018-10-27T19:00:00.0,19,39653.43
2018-10-27T20:00:00.0,20,40157.117
2018-10-27T21:00:00.0,21,39679.145
2018-10-27T22:00:00.0,22,38993.355
2018-10-27T23:00:00.0,23,38486.637
2018-10-28T00:00:00.0,0,37161.117
2018-10-28T01:00:00.0,1,35643.242
2018-10-28T02:00:00.0,2,33737.848
2018-10-28T03:00:00.0,3,31928.992
2018-10-28T04:00:00.0,4,30244.764
2018-10-28T05:00:00.0,5,29044.53
2018-10-28T06:00:00.0,6,28272.912
2018-10-28T07:00:00.0,7,27764.342
2018-10-28T08:00:00.0,8,27690.979
2018-10-28T09:00:00.0,9,28078.248
2018-10-28T10:00:00.0,10,28888.445
2018-10-28T11:00:00.0,11,29602.041
2018-10-28T12:00:00.0,12,31207.143
2018-10-28T13:00:00.0,13,32992.805
2018-10-28T14:00:00.0,14,34657.668
2018-10-28T15:00:00.0,15,36335.82
2018-10-28T16:00:00.0,16,38082.113
2018-10-28T17:00:00.0,17,39807.293
2018-10-28T18:00:00.0,18,41307.12
2018-10-28T19:00:00.0,19,42411.75
2018-10-28T20:00:00.0,20,42955.793
2018-10-28T21:00:00.0,21,42543.645
2018-10-28T22:00:00.0,22,42135.47
2018-10-28T23:00:00.0,23,41787.52
2018-10-29T00:00:00.0,0,40036.484
2018-10-29T01:00:00.0,1,37630.633
2018-10-29T02:00:00.0,2,34751.773
2018-10-29T03:00:00.0,3,31975.086
2018-10-29T04:00:00.0,4,30061.984
2018-10-29T05:00:00.0,5,28889.033
2018-10-29T06:00:00.0,6,28212.812
2018-10-29T07:00:00.0,7,28240.484
2018-10-29T08:00:00.0,8,29201.377
2018-10-29T09:00:00.0,9,31724.615
2018-10-29T10:00:00.0,10,34894.24
2018-10-29T11:00:00.0,11,35494.914
2018-10-29T12:00:00.0,12,36232.727
2018-10-29T13:00:00.0,13,37643.918
2018-10-29T14:00:00.0,14,39315.73
2018-10-29T15:00:00.0,15,41004.395
2018-10-29T16:00:00.0,16,42608.42
2018-10-29T17:00:00.0,17,44226.25
2018-10-29T18:00:00.0,18,45428.027
2018-10-29T19:00:00.0,19,46306.55
2018-10-29T20:00:00.0,20,46600.08
2018-10-29T21:00:00.0,21,45623.418
2018-10-29T22:00:00.0,22,44853.406
2018-10-29T23:00:00.0,23,44666.47
2018-10-30T00:00:00.0,0,43093.27
2018-10-30T01:00:00.0,1,40597.527
2018-10-30T02:00:00.0,2,37478.605
2018-10-30T03:00:00.0,3,34533.543
2018-10-30T04:00:00.0,4,32471.602
2018-10-30T05:00:00.0,5,31214.664
2018-10-30T06:00:00.0,6,30528.533
2018-10-30T07:00:00.0,7,30326.06
2018-10-30T08:00:00.0,8,31147.291
2018-10-30T09:00:00.0,9,33730.44
2018-10-30T10:00:00.0,10,36962.633
2018-10-30T11:00:00.0,11,37390.566
2018-10-30T12:00:00.0,12,37954.69
2018-10-30T13:00:00.0,13,39356.535
2018-10-30T14:00:00.0,14,40892.63
2018-10-30T15:00:00.0,15,42154.637
2018-10-30T16:00:00.0,16,43412.98
2018-10-30T17:00:00.0,17,44718.734
2018-10-30T18:00:00.0,18,45555.31
2018-10-30T19:00:00.0,19,46058.152
2018-10-30T20:00:00.0,20,46241.703
2018-10-30T21:00:00.0,21,45407.965
2018-10-30T22:00:00.0,22,45274.918
2018-10-30T23:00:00.0,23,45162.98
2018-10-31T00:00:00.0,0,43736.7
2018-10-31T01:00:00.0,1,41359.836
2018-10-31T02:00:00.0,2,38116.586
2018-10-31T03:00:00.0,3,35232.41
2018-10-31T04:00:00.0,4,33242.81
2018-10-31T05:00:00.0,5,31929.197
2018-10-31T06:00:00.0,6,31161.678
2018-10-31T07:00:00.0,7,30980.586
2018-10-31T08:00:00.0,8,31898.828
2018-10-31T09:00:00.0,9,34406.84
2018-10-31T10:00:00.0,10,37583.832
2018-10-31T11:00:00.0,11,38265.19
2018-10-31T12:00:00.0,12,38644.09
2018-10-31T13:00:00.0,13,39605.637
2018-10-31T14:00:00.0,14,40312.62
2018-10-31T15:00:00.0,15,40944.316
2018-10-31T16:00:00.0,16,41317.984
2018-10-31T17:00:00.0,17,41500.3
2018-10-31T18:00:00.0,18,41394.8
2018-10-31T19:00:00.0,19,41375.223
2018-10-31T20:00:00.0,20,41076.56
2018-10-31T21:00:00.0,21,40330.816
2018-10-31T22:00:00.0,22,39948.168
2018-10-31T23:00:00.0,23,39593.004
2018-11-01T00:00:00.0,0,38992.793
2018-11-01T01:00:00.0,1,37039.266
2018-11-01T02:00:00.0,2,34184.5
2018-11-01T03:00:00.0,3,31770.86
2018-11-01T04:00:00.0,4,30257.166
2018-11-01T05:00:00.0,5,29285.697
2018-11-01T06:00:00.0,6,28823.656
2018-11-01T07:00:00.0,7,28881.615
2018-11-01T08:00:00.0,8,29798.523
2018-11-01T09:00:00.0,9,32195.578
2018-11-01T10:00:00.0,10,35434.066
2018-11-01T11:00:00.0,11,36275.582
2018-11-01T12:00:00.0,12,36113.56
2018-11-01T13:00:00.0,13,36286.543
2018-11-01T14:00:00.0,14,36404.324
2018-11-01T15:00:00.0,15,36247.504
2018-11-01T16:00:00.0,16,36174.96
2018-11-01T17:00:00.0,17,36176.582
2018-11-01T18:00:00.0,18,36268.05
2018-11-01T19:00:00.0,19,36365.695
2018-11-01T20:00:00.0,20,36464.625
2018-11-01T21:00:00.0,21,36391.387
2018-11-01T22:00:00.0,22,37332.895
2018-11-01T23:00:00.0,23,37885.21
2018-11-02T00:00:00.0,0,37324.934
2018-11-02T01:00:00.0,1,35576.74
2018-11-02T02:00:00.0,2,33160.438
2018-11-02T03:00:00.0,3,31107.6
2018-11-02T04:00:00.0,4,29842.25
2018-11-02T05:00:00.0,5,29221.912
2018-11-02T06:00:00.0,6,29029.844
2018-11-02T07:00:00.0,7,29367.023
2018-11-02T08:00:00.0,8,30610.648
2018-11-02T09:00:00.0,9,33574.82
2018-11-02T10:00:00.0,10,37071.39
2018-11-02T11:00:00.0,11,37616.25
2018-11-02T12:00:00.0,12,37237.93
2018-11-02T13:00:00.0,13,36802.11
2018-11-02T14:00:00.0,14,36388.355
2018-11-02T15:00:00.0,15,35959.668
2018-11-02T16:00:00.0,16,35838.15
2018-11-02T17:00:00.0,17,35926.906
2018-11-02T18:00:00.0,18,36037.918
2018-11-02T19:00:00.0,19,36274.406
2018-11-02T20:00:00.0,20,36390.504
2018-11-02T21:00:00.0,21,36053.613
2018-11-02T22:00:00.0,22,36203.254
2018-11-02T23:00:00.0,23,36243.945
2018-11-03T00:00:00.0,0,35433.05
2018-11-03T01:00:00.0,1,34229.81
2018-11-03T02:00:00.0,2,32683.271
2018-11-03T03:00:00.0,3,30991.404
2018-11-03T04:00:00.0,4,29624.625
2018-11-03T05:00:00.0,5,28867.373
2018-11-03T06:00:00.0,6,28477.053
2018-11-03T07:00:00.0,7,28448.416
2018-11-03T08:00:00.0,8,28819.662
2018-11-03T09:00:00.0,9,29824.361
2018-11-03T10:00:00.0,10,31391.775
2018-11-03T11:00:00.0,11,32683.125
2018-11-03T12:00:00.0,12,33704.215
2018-11-03T13:00:00.0,13,34489.293
2018-11-03T14:00:00.0,14,34902.957
2018-11-03T15:00:00.0,15,35053.98
2018-11-03T16:00:00.0,16,35112.38
2018-11-03T17:00:00.0,17,35146.977
2018-11-03T18:00:00.0,18,35293.13
2018-11-03T19:00:00.0,19,35589.324
2018-11-03T20:00:00.0,20,35728.633
2018-11-03T21:00:00.0,21,35610.676
2018-11-03T22:00:00.0,22,36312.66
2018-11-03T23:00:00.0,23,36714.44
2018-11-04T00:00:00.0,0,36100.004
2018-11-04T01:00:00.0,1,34781.24
2018-11-04T02:00:00.0,2,33205.96
2018-11-04T03:00:00.0,3,31495.92
2018-11-04T04:00:00.0,4,29878.604
2018-11-04T05:00:00.0,5,29047.22
2018-11-04T06:00:00.0,6,28497.533
2018-11-04T07:00:00.0,7,28030.125
2018-11-04T08:00:00.0,8,27987.193
2018-11-04T09:00:00.0,9,28222.479
2018-11-04T10:00:00.0,10,28953.414
2018-11-04T11:00:00.0,11,30052.734
2018-11-04T12:00:00.0,12,31510.217
2018-11-04T13:00:00.0,13,32924.504
2018-11-04T14:00:00.0,14,33829.957
2018-11-04T15:00:00.0,15,34084.414
2018-11-04T16:00:00.0,16,34498.082
2018-11-04T17:00:00.0,17,34893.168
2018-11-04T18:00:00.0,18,35348.31
2018-11-04T19:00:00.0,19,35634.867
2018-11-04T20:00:00.0,20,35739.477
2018-11-04T21:00:00.0,21,35896.113
2018-11-04T22:00:00.0,22,37241.55
2018-11-04T23:00:00.0,23,37909.332
2018-11-05T00:00:00.0,0,37452.516
2018-11-05T01:00:00.0,1,36384.938
2018-11-05T02:00:00.0,2,34643.184
2018-11-05T03:00:00.0,3,32432.537
2018-11-05T04:00:00.0,4,30516.791
2018-11-05T05:00:00.0,5,29360.33
2018-11-05T06:00:00.0,6,28824.61
2018-11-05T07:00:00.0,7,28683.182
2018-11-05T08:00:00.0,8,28972.0
2018-11-05T09:00:00.0,9,30252.002
2018-11-05T10:00:00.0,10,33124.223
2018-11-05T11:00:00.0,11,36085.473
2018-11-05T12:00:00.0,12,36543.582
2018-11-05T13:00:00.0,13,37336.06
2018-11-05T14:00:00.0,14,38393.31
2018-11-05T15:00:00.0,15,39493.47
2018-11-05T16:00:00.0,16,40446.05
2018-11-05T17:00:00.0,17,41424.64
2018-11-05T18:00:00.0,18,42127.78
2018-11-05T19:00:00.0,19,42842.652
2018-11-05T20:00:00.0,20,43278.85
2018-11-05T21:00:00.0,21,43110.277
2018-11-05T22:00:00.0,22,43398.93
2018-11-05T23:00:00.0,23,43506.39
2018-11-06T00:00:00.0,0,42406.95
2018-11-06T01:00:00.0,1,40838.61
2018-11-06T02:00:00.0,2,38427.387
2018-11-06T03:00:00.0,3,35547.543
2018-11-06T04:00:00.0,4,33131.242
2018-11-06T05:00:00.0,5,31567.697
2018-11-06T06:00:00.0,6,30596.854
2018-11-06T07:00:00.0,7,30071.256
2018-11-06T08:00:00.0,8,30213.193
2018-11-06T09:00:00.0,9,31409.432
2018-11-06T10:00:00.0,10,34339.06
2018-11-06T11:00:00.0,11,37171.535
2018-11-06T12:00:00.0,12,37494.395
2018-11-06T13:00:00.0,13,38502.66
2018-11-06T14:00:00.0,14,39946.56
2018-11-06T15:00:00.0,15,41381.89
2018-11-06T16:00:00.0,16,42766.227
2018-11-06T17:00:00.0,17,43842.297
2018-11-06T18:00:00.0,18,44701.64
2018-11-06T19:00:00.0,19,45216.03
2018-11-06T20:00:00.0,20,45414.92
2018-11-06T21:00:00.0,21,45160.047
2018-11-06T22:00:00.0,22,45478.87
2018-11-06T23:00:00.0,23,45188.418
2018-11-07T00:00:00.0,0,43998.09
2018-11-07T01:00:00.0,1,42456.953
2018-11-07T02:00:00.0,2,39949.45
2018-11-07T03:00:00.0,3,36945.863
2018-11-07T04:00:00.0,4,34686.17
2018-11-07T05:00:00.0,5,33218.84
2018-11-07T06:00:00.0,6,32301.662
2018-11-07T07:00:00.0,7,31741.14
2018-11-07T08:00:00.0,8,31757.29
2018-11-07T09:00:00.0,9,32730.799
2018-11-07T10:00:00.0,10,35462.043
2018-11-07T11:00:00.0,11,38370.41
2018-11-07T12:00:00.0,12,38891.746
2018-11-07T13:00:00.0,13,40171.684
2018-11-07T14:00:00.0,14,41629.2
2018-11-07T15:00:00.0,15,42943.816
2018-11-07T16:00:00.0,16,44035.73
2018-11-07T17:00:00.0,17,44919.168
2018-11-07T18:00:00.0,18,45721.66
2018-11-07T19:00:00.0,19,45929.234
2018-11-07T20:00:00.0,20,45609.176
2018-11-07T21:00:00.0,21,45084.66
2018-11-07T22:00:00.0,22,45402.875
2018-11-07T23:00:00.0,23,44821.31
2018-11-08T00:00:00.0,0,43420.88
2018-11-08T01:00:00.0,1,41777.93
2018-11-08T02:00:00.0,2,39377.9
2018-11-08T03:00:00.0,3,36492.254
2018-11-08T04:00:00.0,4,33986.105
2018-11-08T05:00:00.0,5,32313.303
2018-11-08T06:00:00.0,6,31202.11
2018-11-08T07:00:00.0,7,30593.889
2018-11-08T08:00:00.0,8,30497.795
2018-11-08T09:00:00.0,9,31410.553
2018-11-08T10:00:00.0,10,34090.45
2018-11-08T11:00:00.0,11,36919.184
2018-11-08T12:00:00.0,12,37194.863
2018-11-08T13:00:00.0,13,37754.266
2018-11-08T14:00:00.0,14,38360.76
2018-11-08T15:00:00.0,15,38786.363
2018-11-08T16:00:00.0,16,38922.41
2018-11-08T17:00:00.0,17,39117.168
2018-11-08T18:00:00.0,18,39241.26
2018-11-08T19:00:00.0,19,39116.098
2018-11-08T20:00:00.0,20,39077.73
2018-11-08T21:00:00.0,21,39571.49
2018-11-08T22:00:00.0,22,40828.39
2018-11-08T23:00:00.0,23,40880.297
2018-11-09T00:00:00.0,0,40229.582
2018-11-09T01:00:00.0,1,39411.305
2018-11-09T02:00:00.0,2,37545.562
2018-11-09T03:00:00.0,3,35050.46
2018-11-09T04:00:00.0,4,32934.035
2018-11-09T05:00:00.0,5,31695.467
2018-11-09T06:00:00.0,6,30946.912
2018-11-09T07:00:00.0,7,30584.818
2018-11-09T08:00:00.0,8,30631.85
2018-11-09T09:00:00.0,9,31683.104
2018-11-09T10:00:00.0,10,34408.52
2018-11-09T11:00:00.0,11,37635.81
2018-11-09T12:00:00.0,12,38238.66
2018-11-09T13:00:00.0,13,38723.547
2018-11-09T14:00:00.0,14,38957.53
2018-11-09T15:00:00.0,15,38709.98
2018-11-09T16:00:00.0,16,38045.69
2018-11-09T17:00:00.0,17,37457.652
2018-11-09T18:00:00.0,18,37055.34
2018-11-09T19:00:00.0,19,36611.223
2018-11-09T20:00:00.0,20,36446.52
2018-11-09T21:00:00.0,21,36917.746
2018-11-09T22:00:00.0,22,38972.67
2018-11-09T23:00:00.0,23,39346.582
2018-11-10T00:00:00.0,0,38878.516
2018-11-10T01:00:00.0,1,38362.34
2018-11-10T02:00:00.0,2,37327.23
2018-11-10T03:00:00.0,3,35908.47
2018-11-10T04:00:00.0,4,34520.754
2018-11-10T05:00:00.0,5,33479.195
2018-11-10T06:00:00.0,6,32956.316
2018-11-10T07:00:00.0,7,32818.047
2018-11-10T08:00:00.0,8,33007.473
2018-11-10T09:00:00.0,9,33843.07
2018-11-10T10:00:00.0,10,35384.344
2018-11-10T11:00:00.0,11,37187.96
2018-11-10T12:00:00.0,12,38755.39
2018-11-10T13:00:00.0,13,39733.16
2018-11-10T14:00:00.0,14,39884.754
2018-11-10T15:00:00.0,15,39326.145
2018-11-10T16:00:00.0,16,38440.19
2018-11-10T17:00:00.0,17,37439.01
2018-11-10T18:00:00.0,18,36646.996
2018-11-10T19:00:00.0,19,36058.918
2018-11-10T20:00:00.0,20,35985.363
2018-11-10T21:00:00.0,21,36664.496
2018-11-10T22:00:00.0,22,38619.777
2018-11-10T23:00:00.0,23,39008.63
2018-11-11T00:00:00.0,0,38750.395
2018-11-11T01:00:00.0,1,38311.043
2018-11-11T02:00:00.0,2,37241.84
2018-11-11T03:00:00.0,3,35787.24
2018-11-11T04:00:00.0,4,34357.37
2018-11-11T05:00:00.0,5,33169.332
2018-11-11T06:00:00.0,6,32483.822
2018-11-11T07:00:00.0,7,32101.648
2018-11-11T08:00:00.0,8,31937.61
2018-11-11T09:00:00.0,9,32165.26
2018-11-11T10:00:00.0,10,32897.2
2018-11-11T11:00:00.0,11,33980.4
2018-11-11T12:00:00.0,12,35280.797
2018-11-11T13:00:00.0,13,36597.66
2018-11-11T14:00:00.0,14,37118.137
2018-11-11T15:00:00.0,15,36978.41
2018-11-11T16:00:00.0,16,36568.63
2018-11-11T17:00:00.0,17,36263.652
2018-11-11T18:00:00.0,18,35796.348
2018-11-11T19:00:00.0,19,35741.613
2018-11-11T20:00:00.0,20,36059.48
2018-11-11T21:00:00.0,21,37016.64
2018-11-11T22:00:00.0,22,38946.99
2018-11-11T23:00:00.0,23,39418.566
2018-11-12T00:00:00.0,0,38905.145
2018-11-12T01:00:00.0,1,38056.324
2018-11-12T02:00:00.0,2,36471.367
2018-11-12T03:00:00.0,3,34483.918
2018-11-12T04:00:00.0,4,32583.58
2018-11-12T05:00:00.0,5,31519.807
2018-11-12T06:00:00.0,6,31115.85
2018-11-12T07:00:00.0,7,31142.201
2018-11-12T08:00:00.0,8,31646.998
2018-11-12T09:00:00.0,9,33317.02
2018-11-12T10:00:00.0,10,36419.652
2018-11-12T11:00:00.0,11,39786.19
2018-11-12T12:00:00.0,12,40288.848
2018-11-12T13:00:00.0,13,40989.41
2018-11-12T14:00:00.0,14,41787.53
2018-11-12T15:00:00.0,15,42366.914
2018-11-12T16:00:00.0,16,42854.28
2018-11-12T17:00:00.0,17,43163.3
2018-11-12T18:00:00.0,18,43606.285
2018-11-12T19:00:00.0,19,43887.62
2018-11-12T20:00:00.0,20,44782.5
2018-11-12T21:00:00.0,21,46517.2
2018-11-12T22:00:00.0,22,49096.895
2018-11-12T23:00:00.0,23,49674.887
2018-11-13T00:00:00.0,0,49558.52
2018-11-13T01:00:00.0,1,48779.03
2018-11-13T02:00:00.0,2,46835.38
2018-11-13T03:00:00.0,3,44457.11
2018-11-13T04:00:00.0,4,42774.105
2018-11-13T05:00:00.0,5,41940.12
2018-11-13T06:00:00.0,6,41744.63
2018-11-13T07:00:00.0,7,41920.04
2018-11-13T08:00:00.0,8,42725.586
2018-11-13T09:00:00.0,9,44693.76
2018-11-13T10:00:00.0,10,48353.62
2018-11-13T11:00:00.0,11,52008.426
2018-11-13T12:00:00.0,12,51953.7
2018-11-13T13:00:00.0,13,51830.66
2018-11-13T14:00:00.0,14,51357.504
2018-11-13T15:00:00.0,15,50584.84
2018-11-13T16:00:00.0,16,49317.27
2018-11-13T17:00:00.0,17,47870.42
2018-11-13T18:00:00.0,18,46552.656
2018-11-13T19:00:00.0,19,45586.215
2018-11-13T20:00:00.0,20,45730.73
2018-11-13T21:00:00.0,21,47202.465
2018-11-13T22:00:00.0,22,50553.266
2018-11-13T23:00:00.0,23,52148.348
2018-11-14T00:00:00.0,0,52460.344
2018-11-14T01:00:00.0,1,52069.316
2018-11-14T02:00:00.0,2,50512.77
2018-11-14T03:00:00.0,3,48376.73
2018-11-14T04:00:00.0,4,46935.188
2018-11-14T05:00:00.0,5,46413.824
2018-11-14T06:00:00.0,6,46511.562
2018-11-14T07:00:00.0,7,46935.47
2018-11-14T08:00:00.0,8,47809.207
2018-11-14T09:00:00.0,9,49885.73
2018-11-14T10:00:00.0,10,53636.41
2018-11-14T11:00:00.0,11,56641.17
2018-11-14T12:00:00.0,12,55320.145
2018-11-14T13:00:00.0,13,52406.062
2018-11-14T14:00:00.0,14,49646.812
2018-11-14T15:00:00.0,15,47001.676
2018-11-14T16:00:00.0,16,44492.44
2018-11-14T17:00:00.0,17,42550.27
2018-11-14T18:00:00.0,18,41070.58
2018-11-14T19:00:00.0,19,39922.19
2018-11-14T20:00:00.0,20,39845.676
2018-11-14T21:00:00.0,21,41156.957
2018-11-14T22:00:00.0,22,44699.426
2018-11-14T23:00:00.0,23,46710.566
2018-11-15T00:00:00.0,0,47438.707
2018-11-15T01:00:00.0,1,47489.87
2018-11-15T02:00:00.0,2,46236.63
2018-11-15T03:00:00.0,3,44413.863
2018-11-15T04:00:00.0,4,43075.145
2018-11-15T05:00:00.0,5,42569.137
2018-11-15T06:00:00.0,6,42624.55
2018-11-15T07:00:00.0,7,43075.93
2018-11-15T08:00:00.0,8,44007.28
2018-11-15T09:00:00.0,9,46149.145
2018-11-15T10:00:00.0,10,49979.81
2018-11-15T11:00:00.0,11,53125.285
2018-11-15T12:00:00.0,12,51042.598
2018-11-15T13:00:00.0,13,47611.215
2018-11-15T14:00:00.0,14,44594.77
2018-11-15T15:00:00.0,15,42019.98
2018-11-15T16:00:00.0,16,39762.504
2018-11-15T17:00:00.0,17,38190.113
2018-11-15T18:00:00.0,18,37143.88
2018-11-15T19:00:00.0,19,36392.105
2018-11-15T20:00:00.0,20,36368.34
2018-11-15T21:00:00.0,21,36977.84
2018-11-15T22:00:00.0,22,39504.215
2018-11-15T23:00:00.0,23,40624.027
2018-11-16T00:00:00.0,0,40856.24
2018-11-16T01:00:00.0,1,40754.996
2018-11-16T02:00:00.0,2,39484.99
2018-11-16T03:00:00.0,3,37701.926
2018-11-16T04:00:00.0,4,36240.492
2018-11-16T05:00:00.0,5,35590.69
2018-11-16T06:00:00.0,6,35450.688
2018-11-16T07:00:00.0,7,35857.63
2018-11-16T08:00:00.0,8,36793.12
2018-11-16T09:00:00.0,9,38857.04
2018-11-16T10:00:00.0,10,42496.414
2018-11-16T11:00:00.0,11,45564.363
2018-11-16T12:00:00.0,12,44740.49
2018-11-16T13:00:00.0,13,42441.324
2018-11-16T14:00:00.0,14,40345.76
2018-11-16T15:00:00.0,15,38541.926
2018-11-16T16:00:00.0,16,37088.035
2018-11-16T17:00:00.0,17,36250.63
2018-11-16T18:00:00.0,18,35800.02
2018-11-16T19:00:00.0,19,35496.754
2018-11-16T20:00:00.0,20,35397.613
2018-11-16T21:00:00.0,21,35466.152
2018-11-16T22:00:00.0,22,37072.836
2018-11-16T23:00:00.0,23,37422.387
2018-11-17T00:00:00.0,0,37181.46
2018-11-17T01:00:00.0,1,36968.594
2018-11-17T02:00:00.0,2,36246.38
2018-11-17T03:00:00.0,3,35008.934
2018-11-17T04:00:00.0,4,33762.926
2018-11-17T05:00:00.0,5,32806.926
2018-11-17T06:00:00.0,6,32319.104
2018-11-17T07:00:00.0,7,32264.596
2018-11-17T08:00:00.0,8,32612.705
2018-11-17T09:00:00.0,9,33441.816
2018-11-17T10:00:00.0,10,34983.77
2018-11-17T11:00:00.0,11,36650.6
2018-11-17T12:00:00.0,12,37772.19
2018-11-17T13:00:00.0,13,37828.406
2018-11-17T14:00:00.0,14,37083.184
2018-11-17T15:00:00.0,15,36193.504
2018-11-17T16:00:00.0,16,35433.465
2018-11-17T17:00:00.0,17,34916.6
2018-11-17T18:00:00.0,18,34513.113
2018-11-17T19:00:00.0,19,34211.676
2018-11-17T20:00:00.0,20,34080.65
2018-11-17T21:00:00.0,21,34346.26
2018-11-17T22:00:00.0,22,35909.863
2018-11-17T23:00:00.0,23,36126.49
2018-11-18T00:00:00.0,0,35754.926
2018-11-18T01:00:00.0,1,35126.844
2018-11-18T02:00:00.0,2,34121.348
2018-11-18T03:00:00.0,3,32750.021
2018-11-18T04:00:00.0,4,31357.584
2018-11-18T05:00:00.0,5,30277.703
2018-11-18T06:00:00.0,6,29659.975
2018-11-18T07:00:00.0,7,29424.36
2018-11-18T08:00:00.0,8,29523.76
2018-11-18T09:00:00.0,9,29980.844
2018-11-18T10:00:00.0,10,31049.43
2018-11-18T11:00:00.0,11,32459.99
2018-11-18T12:00:00.0,12,34151.69
2018-11-18T13:00:00.0,13,36314.816
2018-11-18T14:00:00.0,14,37707.492
2018-11-18T15:00:00.0,15,38269.4
2018-11-18T16:00:00.0,16,38467.277
2018-11-18T17:00:00.0,17,38310.84
2018-11-18T18:00:00.0,18,38149.637
2018-11-18T19:00:00.0,19,38032.363
2018-11-18T20:00:00.0,20,38570.145
2018-11-18T21:00:00.0,21,39582.19
2018-11-18T22:00:00.0,22,41382.547
2018-11-18T23:00:00.0,23,41795.375
2018-11-19T00:00:00.0,0,41486.695
2018-11-19T01:00:00.0,1,40845.965
2018-11-19T02:00:00.0,2,39525.59
2018-11-19T03:00:00.0,3,37759.715
2018-11-19T04:00:00.0,4,36227.164
2018-11-19T05:00:00.0,5,35207.863
2018-11-19T06:00:00.0,6,34674.83
2018-11-19T07:00:00.0,7,34801.887
2018-11-19T08:00:00.0,8,35414.734
2018-11-19T09:00:00.0,9,36975.098
2018-11-19T10:00:00.0,10,39487.645
2018-11-19T11:00:00.0,11,42121.24
2018-11-19T12:00:00.0,12,43118.3
2018-11-19T13:00:00.0,13,43493.44
2018-11-19T14:00:00.0,14,43332.043
2018-11-19T15:00:00.0,15,42720.633
2018-11-19T16:00:00.0,16,41884.9
2018-11-19T17:00:00.0,17,40994.73
2018-11-19T18:00:00.0,18,40365.414
2018-11-19T19:00:00.0,19,39769.8
2018-11-19T20:00:00.0,20,39678.51
2018-11-19T21:00:00.0,21,40428.938
2018-11-19T22:00:00.0,22,42717.02
2018-11-19T23:00:00.0,23,43183.89
2018-11-20T00:00:00.0,0,42883.387
2018-11-20T01:00:00.0,1,42279.76
2018-11-20T02:00:00.0,2,40878.1
2018-11-20T03:00:00.0,3,38943.426
2018-11-20T04:00:00.0,4,37201.293
2018-11-20T05:00:00.0,5,36241.43
2018-11-20T06:00:00.0,6,35846.785
2018-11-20T07:00:00.0,7,35834.76
2018-11-20T08:00:00.0,8,36495.54
2018-11-20T09:00:00.0,9,38252.137
2018-11-20T10:00:00.0,10,41065.867
2018-11-20T11:00:00.0,11,43705.51
2018-11-20T12:00:00.0,12,43999.48
2018-11-20T13:00:00.0,13,42863.81
2018-11-20T14:00:00.0,14,41589.17
2018-11-20T15:00:00.0,15,40268.95
2018-11-20T16:00:00.0,16,39012.652
2018-11-20T17:00:00.0,17,37969.824
2018-11-20T18:00:00.0,18,37295.51
2018-11-20T19:00:00.0,19,36770.21
2018-11-20T20:00:00.0,20,36622.48
2018-11-20T21:00:00.0,21,37261.72
2018-11-20T22:00:00.0,22,39795.473
2018-11-20T23:00:00.0,23,40692.457
2018-11-21T00:00:00.0,0,40872.51
2018-11-21T01:00:00.0,1,40831.76
2018-11-21T02:00:00.0,2,39926.74
2018-11-21T03:00:00.0,3,38433.656
2018-11-21T04:00:00.0,4,37048.035
2018-11-21T05:00:00.0,5,36278.89
2018-11-21T06:00:00.0,6,36065.035
2018-11-21T07:00:00.0,7,36214.824
2018-11-21T08:00:00.0,8,36941.285
2018-11-21T09:00:00.0,9,38646.09
2018-11-21T10:00:00.0,10,41377.797
2018-11-21T11:00:00.0,11,43881.33
2018-11-21T12:00:00.0,12,44334.215
2018-11-21T13:00:00.0,13,43234.504
2018-11-21T14:00:00.0,14,42114.207
2018-11-21T15:00:00.0,15,40989.047
2018-11-21T16:00:00.0,16,39713.34
2018-11-21T17:00:00.0,17,38772.574
2018-11-21T18:00:00.0,18,38232.832
2018-11-21T19:00:00.0,19,37823.6
2018-11-21T20:00:00.0,20,37753.664
2018-11-21T21:00:00.0,21,38480.83
2018-11-21T22:00:00.0,22,40271.44
2018-11-21T23:00:00.0,23,40376.152
2018-11-22T00:00:00.0,0,39998.293
2018-11-22T01:00:00.0,1,39517.49
2018-11-22T02:00:00.0,2,38377.285
2018-11-22T03:00:00.0,3,36821.01
2018-11-22T04:00:00.0,4,35206.62
2018-11-22T05:00:00.0,5,33984.855
2018-11-22T06:00:00.0,6,33339.395
2018-11-22T07:00:00.0,7,33098.145
2018-11-22T08:00:00.0,8,33239.555
2018-11-22T09:00:00.0,9,33954.01
2018-11-22T10:00:00.0,10,35222.438
2018-11-22T11:00:00.0,11,36595.242
2018-11-22T12:00:00.0,12,37685.527
2018-11-22T13:00:00.0,13,38439.41
2018-11-22T14:00:00.0,14,38569.914
2018-11-22T15:00:00.0,15,38193.125
2018-11-22T16:00:00.0,16,37091.355
2018-11-22T17:00:00.0,17,35531.316
2018-11-22T18:00:00.0,18,34075.78
2018-11-22T19:00:00.0,19,32987.01
2018-11-22T20:00:00.0,20,32379.686
2018-11-22T21:00:00.0,21,32304.18
2018-11-22T22:00:00.0,22,33650.316
2018-11-22T23:00:00.0,23,33822.543
2018-11-23T00:00:00.0,0,33915.055
2018-11-23T01:00:00.0,1,33892.03
2018-11-23T02:00:00.0,2,33513.047
2018-11-23T03:00:00.0,3,32660.92
2018-11-23T04:00:00.0,4,31594.928
2018-11-23T05:00:00.0,5,30729.68
2018-11-23T06:00:00.0,6,30140.0
2018-11-23T07:00:00.0,7,29832.102
2018-11-23T08:00:00.0,8,29958.932
2018-11-23T09:00:00.0,9,30630.71
2018-11-23T10:00:00.0,10,31751.986
2018-11-23T11:00:00.0,11,32890.715
2018-11-23T12:00:00.0,12,33677.926
2018-11-23T13:00:00.0,13,34597.625
2018-11-23T14:00:00.0,14,35019.652
2018-11-23T15:00:00.0,15,34952.582
2018-11-23T16:00:00.0,16,34552.06
2018-11-23T17:00:00.0,17,34133.6
2018-11-23T18:00:00.0,18,33858.63
2018-11-23T19:00:00.0,19,33706.066
2018-11-23T20:00:00.0,20,33694.49
2018-11-23T21:00:00.0,21,33984.836
2018-11-23T22:00:00.0,22,35425.074
2018-11-23T23:00:00.0,23,35441.348
2018-11-24T00:00:00.0,0,34923.797
2018-11-24T01:00:00.0,1,34385.77
2018-11-24T02:00:00.0,2,33577.14
2018-11-24T03:00:00.0,3,32340.615
2018-11-24T04:00:00.0,4,31079.135
2018-11-24T05:00:00.0,5,30102.076
2018-11-24T06:00:00.0,6,29538.365
2018-11-24T07:00:00.0,7,29396.791
2018-11-24T08:00:00.0,8,29560.959
2018-11-24T09:00:00.0,9,30296.037
2018-11-24T10:00:00.0,10,31459.795
2018-11-24T11:00:00.0,11,32835.117
2018-11-24T12:00:00.0,12,33988.547
2018-11-24T13:00:00.0,13,34868.29
2018-11-24T14:00:00.0,14,35032.176
2018-11-24T15:00:00.0,15,34906.715
2018-11-24T16:00:00.0,16,34706.215
2018-11-24T17:00:00.0,17,34541.383
2018-11-24T18:00:00.0,18,34308.914
2018-11-24T19:00:00.0,19,33987.133
2018-11-24T20:00:00.0,20,33851.29
2018-11-24T21:00:00.0,21,34205.516
2018-11-24T22:00:00.0,22,35982.918
2018-11-24T23:00:00.0,23,36165.92
2018-11-25T00:00:00.0,0,35706.88
2018-11-25T01:00:00.0,1,35075.293
2018-11-25T02:00:00.0,2,34081.87
2018-11-25T03:00:00.0,3,32716.799
2018-11-25T04:00:00.0,4,31141.998
2018-11-25T05:00:00.0,5,29867.299
2018-11-25T06:00:00.0,6,28975.867
2018-11-25T07:00:00.0,7,28470.32
2018-11-25T08:00:00.0,8,28231.162
2018-11-25T09:00:00.0,9,28482.273
2018-11-25T10:00:00.0,10,29089.283
2018-11-25T11:00:00.0,11,30006.555
2018-11-25T12:00:00.0,12,31077.82
2018-11-25T13:00:00.0,13,32717.016
2018-11-25T14:00:00.0,14,34157.91
2018-11-25T15:00:00.0,15,34991.254
2018-11-25T16:00:00.0,16,35538.09
2018-11-25T17:00:00.0,17,35754.02
2018-11-25T18:00:00.0,18,35901.363
2018-11-25T19:00:00.0,19,35797.85
2018-11-25T20:00:00.0,20,35816.254
2018-11-25T21:00:00.0,21,36594.426
2018-11-25T22:00:00.0,22,39173.977
2018-11-25T23:00:00.0,23,40276.293
2018-11-26T00:00:00.0,0,40247.695
2018-11-26T01:00:00.0,1,39748.332
2018-11-26T02:00:00.0,2,38515.62
2018-11-26T03:00:00.0,3,36633.88
2018-11-26T04:00:00.0,4,35102.156
2018-11-26T05:00:00.0,5,34326.74
2018-11-26T06:00:00.0,6,34179.56
2018-11-26T07:00:00.0,7,34611.05
2018-11-26T08:00:00.0,8,35536.74
2018-11-26T09:00:00.0,9,37722.754
2018-11-26T10:00:00.0,10,41747.496
2018-11-26T11:00:00.0,11,45943.94
2018-11-26T12:00:00.0,12,46047.332
2018-11-26T13:00:00.0,13,44956.637
2018-11-26T14:00:00.0,14,43802.863
2018-11-26T15:00:00.0,15,42479.645
2018-11-26T16:00:00.0,16,41087.492
2018-11-26T17:00:00.0,17,39782.832
2018-11-26T18:00:00.0,18,38797.938
2018-11-26T19:00:00.0,19,38006.832
2018-11-26T20:00:00.0,20,37936.43
2018-11-26T21:00:00.0,21,39055.836
2018-11-26T22:00:00.0,22,42302.062
2018-11-26T23:00:00.0,23,44104.832
2018-11-27T00:00:00.0,0,44431.637
2018-11-27T01:00:00.0,1,44299.33
2018-11-27T02:00:00.0,2,42966.746
2018-11-27T03:00:00.0,3,41121.53
2018-11-27T04:00:00.0,4,39510.234
2018-11-27T05:00:00.0,5,38685.043
2018-11-27T06:00:00.0,6,38656.605
2018-11-27T07:00:00.0,7,39040.867
2018-11-27T08:00:00.0,8,39919.715
2018-11-27T09:00:00.0,9,42010.18
2018-11-27T10:00:00.0,10,45841.105
2018-11-27T11:00:00.0,11,49428.574
2018-11-27T12:00:00.0,12,48247.004
2018-11-27T13:00:00.0,13,45625.156
2018-11-27T14:00:00.0,14,43134.207
2018-11-27T15:00:00.0,15,40994.586
2018-11-27T16:00:00.0,16,39153.504
2018-11-27T17:00:00.0,17,37852.293
2018-11-27T18:00:00.0,18,36958.215
2018-11-27T19:00:00.0,19,36270.457
2018-11-27T20:00:00.0,20,36153.176
2018-11-27T21:00:00.0,21,37142.406
2018-11-27T22:00:00.0,22,40234.242
2018-11-27T23:00:00.0,23,41383.387
2018-11-28T00:00:00.0,0,41621.574
2018-11-28T01:00:00.0,1,41277.97
2018-11-28T02:00:00.0,2,39751.73
2018-11-28T03:00:00.0,3,37502.754
2018-11-28T04:00:00.0,4,35654.39
2018-11-28T05:00:00.0,5,34704.176
2018-11-28T06:00:00.0,6,34335.43
2018-11-28T07:00:00.0,7,34383.195
2018-11-28T08:00:00.0,8,35070.98
2018-11-28T09:00:00.0,9,36807.355
2018-11-28T10:00:00.0,10,40176.484
2018-11-28T11:00:00.0,11,43545.55
2018-11-28T12:00:00.0,12,42867.613
2018-11-28T13:00:00.0,13,41420.656
2018-11-28T14:00:00.0,14,39903.32
2018-11-28T15:00:00.0,15,38576.67
2018-11-28T16:00:00.0,16,37445.91
2018-11-28T17:00:00.0,17,36625.793
2018-11-28T18:00:00.0,18,36175.56
2018-11-28T19:00:00.0,19,35837.316
2018-11-28T20:00:00.0,20,35892.13
2018-11-28T21:00:00.0,21,36426.184
2018-11-28T22:00:00.0,22,38680.49
2018-11-28T23:00:00.0,23,39339.168
2018-11-29T00:00:00.0,0,39153.145
2018-11-29T01:00:00.0,1,38364.832
2018-11-29T02:00:00.0,2,36575.004
2018-11-29T03:00:00.0,3,34096.535
2018-11-29T04:00:00.0,4,31934.002
2018-11-29T05:00:00.0,5,30662.875
2018-11-29T06:00:00.0,6,30098.18
2018-11-29T07:00:00.0,7,29897.97
2018-11-29T08:00:00.0,8,30187.352
2018-11-29T09:00:00.0,9,31496.37
2018-11-29T10:00:00.0,10,34533.926
2018-11-29T11:00:00.0,11,37805.984
2018-11-29T12:00:00.0,12,37688.7
2018-11-29T13:00:00.0,13,37498.797
2018-11-29T14:00:00.0,14,37271.375
2018-11-29T15:00:00.0,15,37142.81
2018-11-29T16:00:00.0,16,37048.938
2018-11-29T17:00:00.0,17,37031.656
2018-11-29T18:00:00.0,18,37131.61
2018-11-29T19:00:00.0,19,37111.887
2018-11-29T20:00:00.0,20,37269.066
2018-11-29T21:00:00.0,21,37477.504
2018-11-29T22:00:00.0,22,38865.332
2018-11-29T23:00:00.0,23,39528.246
2018-11-30T00:00:00.0,0,39070.918
2018-11-30T01:00:00.0,1,38222.98
2018-11-30T02:00:00.0,2,36491.23
2018-11-30T03:00:00.0,3,34220.074
2018-11-30T04:00:00.0,4,31908.541
2018-11-30T05:00:00.0,5,30413.092
2018-11-30T06:00:00.0,6,29531.533
2018-11-30T07:00:00.0,7,29101.828
2018-11-30T08:00:00.0,8,29086.523
2018-11-30T09:00:00.0,9,30118.037
2018-11-30T10:00:00.0,10,32594.756
2018-11-30T11:00:00.0,11,35742.043
2018-11-30T12:00:00.0,12,36228.387
2018-11-30T13:00:00.0,13,36833.566
2018-11-30T14:00:00.0,14,37688.875
2018-11-30T15:00:00.0,15,38470.305
2018-11-30T16:00:00.0,16,38783.95
2018-11-30T17:00:00.0,17,39023.996
2018-11-30T18:00:00.0,18,39212.72
2018-11-30T19:00:00.0,19,39256.69
2018-11-30T20:00:00.0,20,39105.715
2018-11-30T21:00:00.0,21,39283.43
2018-11-30T22:00:00.0,22,40509.715
2018-11-30T23:00:00.0,23,40278.418
2018-12-01T00:00:00.0,0,39608.973
2018-12-01T01:00:00.0,1,38781.766
2018-12-01T02:00:00.0,2,37179.59
2018-12-01T03:00:00.0,3,35187.26
2018-12-01T04:00:00.0,4,33093.375
2018-12-01T05:00:00.0,5,31316.87
2018-12-01T06:00:00.0,6,30179.562
2018-12-01T07:00:00.0,7,29415.516
2018-12-01T08:00:00.0,8,29087.94
2018-12-01T09:00:00.0,9,29278.822
2018-12-01T10:00:00.0,10,30090.291
2018-12-01T11:00:00.0,11,31412.854
2018-12-01T12:00:00.0,12,32551.406
2018-12-01T13:00:00.0,13,34148.95
2018-12-01T14:00:00.0,14,35153.156
2018-12-01T15:00:00.0,15,35854.77
2018-12-01T16:00:00.0,16,36293.844
2018-12-01T17:00:00.0,17,36613.766
2018-12-01T18:00:00.0,18,36804.332
2018-12-01T19:00:00.0,19,36804.27
2018-12-01T20:00:00.0,20,36680.227
2018-12-01T21:00:00.0,21,36446.535
2018-12-01T22:00:00.0,22,37400.74
2018-12-01T23:00:00.0,23,37192.53
2018-12-02T00:00:00.0,0,36484.555
2018-12-02T01:00:00.0,1,35731.098
2018-12-02T02:00:00.0,2,34628.16
2018-12-02T03:00:00.0,3,32979.14
2018-12-02T04:00:00.0,4,31332.232
2018-12-02T05:00:00.0,5,29916.334
2018-12-02T06:00:00.0,6,29148.475
2018-12-02T07:00:00.0,7,28793.97
2018-12-02T08:00:00.0,8,28767.094
2018-12-02T09:00:00.0,9,29275.615
2018-12-02T10:00:00.0,10,30270.104
2018-12-02T11:00:00.0,11,31605.078
2018-12-02T12:00:00.0,12,32978.824
2018-12-02T13:00:00.0,13,33985.945
2018-12-02T14:00:00.0,14,34277.934
2018-12-02T15:00:00.0,15,34228.56
2018-12-02T16:00:00.0,16,34315.95
2018-12-02T17:00:00.0,17,34522.875
2018-12-02T18:00:00.0,18,34675.184
2018-12-02T19:00:00.0,19,34822.938
2018-12-02T20:00:00.0,20,35101.918
2018-12-02T21:00:00.0,21,35520.406
2018-12-02T22:00:00.0,22,37831.574
2018-12-02T23:00:00.0,23,38563.266
2018-12-03T00:00:00.0,0,38359.348
2018-12-03T01:00:00.0,1,37770.996
2018-12-03T02:00:00.0,2,36155.76
2018-12-03T03:00:00.0,3,33862.348
2018-12-03T04:00:00.0,4,31849.857
2018-12-03T05:00:00.0,5,30728.955
2018-12-03T06:00:00.0,6,30085.354
2018-12-03T07:00:00.0,7,30047.576
2018-12-03T08:00:00.0,8,30563.578
2018-12-03T09:00:00.0,9,32105.545
2018-12-03T10:00:00.0,10,35562.918
2018-12-03T11:00:00.0,11,39301.004
2018-12-03T12:00:00.0,12,39384.887
2018-12-03T13:00:00.0,13,39054.668
2018-12-03T14:00:00.0,14,38713.523
2018-12-03T15:00:00.0,15,38275.17
2018-12-03T16:00:00.0,16,37728.105
2018-12-03T17:00:00.0,17,37257.773
2018-12-03T18:00:00.0,18,36952.42
2018-12-03T19:00:00.0,19,36762.03
2018-12-03T20:00:00.0,20,36809.156
2018-12-03T21:00:00.0,21,37782.97
2018-12-03T22:00:00.0,22,40757.01
2018-12-03T23:00:00.0,23,41859.22
2018-12-04T00:00:00.0,0,41947.22
2018-12-04T01:00:00.0,1,41336.35
2018-12-04T02:00:00.0,2,39739.16
2018-12-04T03:00:00.0,3,37547.457
2018-12-04T04:00:00.0,4,35717.57
2018-12-04T05:00:00.0,5,34914.176
2018-12-04T06:00:00.0,6,34834.44
2018-12-04T07:00:00.0,7,35144.38
2018-12-04T08:00:00.0,8,35962.8
2018-12-04T09:00:00.0,9,38062.746
2018-12-04T10:00:00.0,10,42103.523
2018-12-04T11:00:00.0,11,46014.355
2018-12-04T12:00:00.0,12,45681.062
2018-12-04T13:00:00.0,13,44337.848
2018-12-04T14:00:00.0,14,43069.45
2018-12-04T15:00:00.0,15,41565.74
2018-12-04T16:00:00.0,16,40070.004
2018-12-04T17:00:00.0,17,38949.754
2018-12-04T18:00:00.0,18,38119.53
2018-12-04T19:00:00.0,19,37618.465
2018-12-04T20:00:00.0,20,37933.062
2018-12-04T21:00:00.0,21,39365.02
2018-12-04T22:00:00.0,22,42440.754
2018-12-04T23:00:00.0,23,43587.86
2018-12-05T00:00:00.0,0,43731.582
2018-12-05T01:00:00.0,1,43185.63
2018-12-05T02:00:00.0,2,41488.125
2018-12-05T03:00:00.0,3,39156.316
2018-12-05T04:00:00.0,4,37353.746
2018-12-05T05:00:00.0,5,36548.66
2018-12-05T06:00:00.0,6,36355.785
2018-12-05T07:00:00.0,7,36689.06
2018-12-05T08:00:00.0,8,37579.066
2018-12-05T09:00:00.0,9,39711.69
2018-12-05T10:00:00.0,10,43582.504
2018-12-05T11:00:00.0,11,47354.746
2018-12-05T12:00:00.0,12,46787.902
2018-12-05T13:00:00.0,13,45139.426
2018-12-05T14:00:00.0,14,43554.6
2018-12-05T15:00:00.0,15,42104.816
2018-12-05T16:00:00.0,16,40645.96
2018-12-05T17:00:00.0,17,39511.54
2018-12-05T18:00:00.0,18,38664.28
2018-12-05T19:00:00.0,19,38093.65
2018-12-05T20:00:00.0,20,38309.832
2018-12-05T21:00:00.0,21,39769.76
2018-12-05T22:00:00.0,22,43019.664
2018-12-05T23:00:00.0,23,43944.375
2018-12-06T00:00:00.0,0,43891.184
2018-12-06T01:00:00.0,1,43353.19
2018-12-06T02:00:00.0,2,41441.27
2018-12-06T03:00:00.0,3,38791.906
2018-12-06T04:00:00.0,4,36489.582
2018-12-06T05:00:00.0,5,35177.035
2018-12-06T06:00:00.0,6,34383.895
2018-12-06T07:00:00.0,7,33963.926
2018-12-06T08:00:00.0,8,34125.676
2018-12-06T09:00:00.0,9,35278.918
2018-12-06T10:00:00.0,10,38084.434
2018-12-06T11:00:00.0,11,41215.37
2018-12-06T12:00:00.0,12,40949.426
2018-12-06T13:00:00.0,13,40640.324
2018-12-06T14:00:00.0,14,40587.176
2018-12-06T15:00:00.0,15,40462.66
2018-12-06T16:00:00.0,16,40229.77
2018-12-06T17:00:00.0,17,39943.75
2018-12-06T18:00:00.0,18,39816.91
2018-12-06T19:00:00.0,19,39573.3
2018-12-06T20:00:00.0,20,39694.812
2018-12-06T21:00:00.0,21,40650.297
2018-12-06T22:00:00.0,22,42372.215
2018-12-06T23:00:00.0,23,42416.836
2018-12-07T00:00:00.0,0,41975.344
2018-12-07T01:00:00.0,1,41089.645
2018-12-07T02:00:00.0,2,39189.16
2018-12-07T03:00:00.0,3,36608.19
2018-12-07T04:00:00.0,4,34405.582
2018-12-07T05:00:00.0,5,33025.133
2018-12-07T06:00:00.0,6,32292.072
2018-12-07T07:00:00.0,7,32019.64
2018-12-07T08:00:00.0,8,32367.24
2018-12-07T09:00:00.0,9,33620.59
2018-12-07T10:00:00.0,10,36569.98
2018-12-07T11:00:00.0,11,39948.22
2018-12-07T12:00:00.0,12,40601.973
2018-12-07T13:00:00.0,13,41036.09
2018-12-07T14:00:00.0,14,41827.3
2018-12-07T15:00:00.0,15,42184.01
2018-12-07T16:00:00.0,16,42389.367
2018-12-07T17:00:00.0,17,42567.67
2018-12-07T18:00:00.0,18,42667.754
2018-12-07T19:00:00.0,19,42695.88
2018-12-07T20:00:00.0,20,43065.516
2018-12-07T21:00:00.0,21,44173.625
2018-12-07T22:00:00.0,22,45422.895
2018-12-07T23:00:00.0,23,44965.332
2018-12-08T00:00:00.0,0,44075.188
2018-12-08T01:00:00.0,1,43201.69
2018-12-08T02:00:00.0,2,41708.074
2018-12-08T03:00:00.0,3,39616.887
2018-12-08T04:00:00.0,4,37702.26
2018-12-08T05:00:00.0,5,36349.848
2018-12-08T06:00:00.0,6,35637.598
2018-12-08T07:00:00.0,7,35371.363
2018-12-08T08:00:00.0,8,35481.066
2018-12-08T09:00:00.0,9,36201.293
2018-12-08T10:00:00.0,10,37653.14
2018-12-08T11:00:00.0,11,39439.137
2018-12-08T12:00:00.0,12,41382.43
2018-12-08T13:00:00.0,13,43221.336
2018-12-08T14:00:00.0,14,44424.17
2018-12-08T15:00:00.0,15,44833.855
2018-12-08T16:00:00.0,16,44607.863
2018-12-08T17:00:00.0,17,44178.58
2018-12-08T18:00:00.0,18,43722.31
2018-12-08T19:00:00.0,19,43586.457
2018-12-08T20:00:00.0,20,43836.47
2018-12-08T21:00:00.0,21,44844.223
2018-12-08T22:00:00.0,22,46762.23
2018-12-08T23:00:00.0,23,46918.363
2018-12-09T00:00:00.0,0,46553.45
2018-12-09T01:00:00.0,1,45944.51
2018-12-09T02:00:00.0,2,44910.605
2018-12-09T03:00:00.0,3,43319.535
2018-12-09T04:00:00.0,4,41703.332
2018-12-09T05:00:00.0,5,40631.605
2018-12-09T06:00:00.0,6,39995.035
2018-12-09T07:00:00.0,7,39762.42
2018-12-09T08:00:00.0,8,39968.367
2018-12-09T09:00:00.0,9,40584.426
2018-12-09T10:00:00.0,10,41644.137
2018-12-09T11:00:00.0,11,43090.773
2018-12-09T12:00:00.0,12,44344.434
2018-12-09T13:00:00.0,13,45124.906
2018-12-09T14:00:00.0,14,44780.984
2018-12-09T15:00:00.0,15,43268.105
2018-12-09T16:00:00.0,16,41724.945
2018-12-09T17:00:00.0,17,40355.05
2018-12-09T18:00:00.0,18,39261.785
2018-12-09T19:00:00.0,19,38682.652
2018-12-09T20:00:00.0,20,38700.832
2018-12-09T21:00:00.0,21,39986.547
2018-12-09T22:00:00.0,22,43200.074
2018-12-09T23:00:00.0,23,44708.934
2018-12-10T00:00:00.0,0,45557.31
2018-12-10T01:00:00.0,1,45415.816
2018-12-10T02:00:00.0,2,44129.49
2018-12-10T03:00:00.0,3,42207.496
2018-12-10T04:00:00.0,4,40601.348
2018-12-10T05:00:00.0,5,39888.605
2018-12-10T06:00:00.0,6,39865.906
2018-12-10T07:00:00.0,7,40276.996
2018-12-10T08:00:00.0,8,41454.363
2018-12-10T09:00:00.0,9,43815.723
2018-12-10T10:00:00.0,10,48016.53
2018-12-10T11:00:00.0,11,51831.74
2018-12-10T12:00:00.0,12,51268.395
2018-12-10T13:00:00.0,13,48705.062
2018-12-10T14:00:00.0,14,46093.844
2018-12-10T15:00:00.0,15,43758.168
2018-12-10T16:00:00.0,16,41626.934
2018-12-10T17:00:00.0,17,39933.74
2018-12-10T18:00:00.0,18,38788.87
2018-12-10T19:00:00.0,19,37994.863
2018-12-10T20:00:00.0,20,37872.613
2018-12-10T21:00:00.0,21,38926.49
2018-12-10T22:00:00.0,22,42697.44
2018-12-10T23:00:00.0,23,44502.918
2018-12-11T00:00:00.0,0,45125.074
2018-12-11T01:00:00.0,1,45167.207
2018-12-11T02:00:00.0,2,43969.348
2018-12-11T03:00:00.0,3,41878.746
2018-12-11T04:00:00.0,4,40325.312
2018-12-11T05:00:00.0,5,39785.59
2018-12-11T06:00:00.0,6,39826.83
2018-12-11T07:00:00.0,7,40357.79
2018-12-11T08:00:00.0,8,41376.535
2018-12-11T09:00:00.0,9,43641.953
2018-12-11T10:00:00.0,10,47696.5
2018-12-11T11:00:00.0,11,51484.375
2018-12-11T12:00:00.0,12,50433.973
2018-12-11T13:00:00.0,13,47772.81
2018-12-11T14:00:00.0,14,45091.26
2018-12-11T15:00:00.0,15,42792.91
2018-12-11T16:00:00.0,16,41069.48
2018-12-11T17:00:00.0,17,39957.06
2018-12-11T18:00:00.0,18,39168.73
2018-12-11T19:00:00.0,19,38623.53
2018-12-11T20:00:00.0,20,38744.926
2018-12-11T21:00:00.0,21,40038.203
2018-12-11T22:00:00.0,22,43160.637
2018-12-11T23:00:00.0,23,43880.363
2018-12-12T00:00:00.0,0,43875.754
2018-12-12T01:00:00.0,1,43298.375
2018-12-12T02:00:00.0,2,41431.895
2018-12-12T03:00:00.0,3,38787.11
2018-12-12T04:00:00.0,4,36475.965
2018-12-12T05:00:00.0,5,35130.816
2018-12-12T06:00:00.0,6,34440.418
2018-12-12T07:00:00.0,7,34024.004
2018-12-12T08:00:00.0,8,34252.586
2018-12-12T09:00:00.0,9,35607.863
2018-12-12T10:00:00.0,10,38582.81
2018-12-12T11:00:00.0,11,41688.113
2018-12-12T12:00:00.0,12,41385.035
2018-12-12T13:00:00.0,13,40838.59
2018-12-12T14:00:00.0,14,40357.32
2018-12-12T15:00:00.0,15,39724.81
2018-12-12T16:00:00.0,16,38934.906
2018-12-12T17:00:00.0,17,38366.01
2018-12-12T18:00:00.0,18,37947.23
2018-12-12T19:00:00.0,19,37556.043
2018-12-12T20:00:00.0,20,37548.977
2018-12-12T21:00:00.0,21,38488.035
2018-12-12T22:00:00.0,22,40906.082
2018-12-12T23:00:00.0,23,41294.863
2018-12-13T00:00:00.0,0,40850.44
2018-12-13T01:00:00.0,1,40078.71
2018-12-13T02:00:00.0,2,38205.074
2018-12-13T03:00:00.0,3,35620.453
2018-12-13T04:00:00.0,4,33263.383
2018-12-13T05:00:00.0,5,31729.83
2018-12-13T06:00:00.0,6,30957.078
2018-12-13T07:00:00.0,7,30542.44
2018-12-13T08:00:00.0,8,30626.443
2018-12-13T09:00:00.0,9,31813.604
2018-12-13T10:00:00.0,10,34602.418
2018-12-13T11:00:00.0,11,37909.93
2018-12-13T12:00:00.0,12,38034.316
2018-12-13T13:00:00.0,13,37925.42
2018-12-13T14:00:00.0,14,38160.977
2018-12-13T15:00:00.0,15,38277.035
2018-12-13T16:00:00.0,16,38282.035
2018-12-13T17:00:00.0,17,38241.066
2018-12-13T18:00:00.0,18,38339.14
2018-12-13T19:00:00.0,19,38229.668
2018-12-13T20:00:00.0,20,38481.082
2018-12-13T21:00:00.0,21,39469.04
2018-12-13T22:00:00.0,22,42010.883
2018-12-13T23:00:00.0,23,42872.33
2018-12-14T00:00:00.0,0,43057.652
2018-12-14T01:00:00.0,1,42718.215
2018-12-14T02:00:00.0,2,41455.85
2018-12-14T03:00:00.0,3,39318.277
2018-12-14T04:00:00.0,4,37469.895
2018-12-14T05:00:00.0,5,36493.86
2018-12-14T06:00:00.0,6,36100.88
2018-12-14T07:00:00.0,7,36187.93
2018-12-14T08:00:00.0,8,36886.035
2018-12-14T09:00:00.0,9,38742.207
2018-12-14T10:00:00.0,10,42401.26
2018-12-14T11:00:00.0,11,46251.453
2018-12-14T12:00:00.0,12,46745.496
2018-12-14T13:00:00.0,13,46601.453
2018-12-14T14:00:00.0,14,46616.754
2018-12-14T15:00:00.0,15,46436.67
2018-12-14T16:00:00.0,16,45765.02
2018-12-14T17:00:00.0,17,45165.63
2018-12-14T18:00:00.0,18,44607.734
2018-12-14T19:00:00.0,19,44091.348
2018-12-14T20:00:00.0,20,44065.812
2018-12-14T21:00:00.0,21,44654.344
2018-12-14T22:00:00.0,22,46299.785
2018-12-14T23:00:00.0,23,45969.797
2018-12-15T00:00:00.0,0,45155.91
2018-12-15T01:00:00.0,1,44399.074
2018-12-15T02:00:00.0,2,42964.785
2018-12-15T03:00:00.0,3,41071.13
2018-12-15T04:00:00.0,4,39412.613
2018-12-15T05:00:00.0,5,38247.22
2018-12-15T06:00:00.0,6,37688.89
2018-12-15T07:00:00.0,7,37565.426
2018-12-15T08:00:00.0,8,37923.562
2018-12-15T09:00:00.0,9,38923.754
2018-12-15T10:00:00.0,10,40818.703
2018-12-15T11:00:00.0,11,43100.164
2018-12-15T12:00:00.0,12,44535.59
2018-12-15T13:00:00.0,13,44074.996
2018-12-15T14:00:00.0,14,42588.246
2018-12-15T15:00:00.0,15,40819.973
2018-12-15T16:00:00.0,16,38968.535
2018-12-15T17:00:00.0,17,37256.44
2018-12-15T18:00:00.0,18,35878.715
2018-12-15T19:00:00.0,19,35134.9
2018-12-15T20:00:00.0,20,34852.625
2018-12-15T21:00:00.0,21,35575.68
2018-12-15T22:00:00.0,22,38234.3
2018-12-15T23:00:00.0,23,39375.082
2018-12-16T00:00:00.0,0,39702.027
2018-12-16T01:00:00.0,1,39946.652
2018-12-16T02:00:00.0,2,39935.355
2018-12-16T03:00:00.0,3,39302.56
2018-12-16T04:00:00.0,4,38416.453
2018-12-16T05:00:00.0,5,37810.176
2018-12-16T06:00:00.0,6,37620.848
2018-12-16T07:00:00.0,7,37657.414
2018-12-16T08:00:00.0,8,37812.3
2018-12-16T09:00:00.0,9,38502.812
2018-12-16T10:00:00.0,10,39654.734
2018-12-16T11:00:00.0,11,41273.06
2018-12-16T12:00:00.0,12,42504.84
2018-12-16T13:00:00.0,13,42398.133
2018-12-16T14:00:00.0,14,41358.06
2018-12-16T15:00:00.0,15,39661.06
2018-12-16T16:00:00.0,16,37894.152
2018-12-16T17:00:00.0,17,36584.695
2018-12-16T18:00:00.0,18,35860.84
2018-12-16T19:00:00.0,19,35368.344
2018-12-16T20:00:00.0,20,35488.324
2018-12-16T21:00:00.0,21,36442.973
2018-12-16T22:00:00.0,22,39199.715
2018-12-16T23:00:00.0,23,40161.812
2018-12-17T00:00:00.0,0,40247.277
2018-12-17T01:00:00.0,1,39812.19
2018-12-17T02:00:00.0,2,38501.16
2018-12-17T03:00:00.0,3,36342.52
2018-12-17T04:00:00.0,4,34344.973
2018-12-17T05:00:00.0,5,33338.26
2018-12-17T06:00:00.0,6,32944.293
2018-12-17T07:00:00.0,7,33129.7
2018-12-17T08:00:00.0,8,33873.22
2018-12-17T09:00:00.0,9,35666.234
2018-12-17T10:00:00.0,10,39186.207
2018-12-17T11:00:00.0,11,42767.69
2018-12-17T12:00:00.0,12,42901.812
2018-12-17T13:00:00.0,13,42507.777
2018-12-17T14:00:00.0,14,41760.035
2018-12-17T15:00:00.0,15,40728.66
2018-12-17T16:00:00.0,16,39676.77
2018-12-17T17:00:00.0,17,38805.63
2018-12-17T18:00:00.0,18,38305.824
2018-12-17T19:00:00.0,19,37863.19
2018-12-17T20:00:00.0,20,37667.94
2018-12-17T21:00:00.0,21,38364.36
2018-12-17T22:00:00.0,22,41057.754
2018-12-17T23:00:00.0,23,42050.77
2018-12-18T00:00:00.0,0,42048.227
2018-12-18T01:00:00.0,1,41600.32
2018-12-18T02:00:00.0,2,40105.68
2018-12-18T03:00:00.0,3,37915.902
2018-12-18T04:00:00.0,4,36039.41
2018-12-18T05:00:00.0,5,35125.31
2018-12-18T06:00:00.0,6,34971.44
2018-12-18T07:00:00.0,7,35269.25
2018-12-18T08:00:00.0,8,36004.11
2018-12-18T09:00:00.0,9,37783.38
2018-12-18T10:00:00.0,10,41300.316
2018-12-18T11:00:00.0,11,44879.793
2018-12-18T12:00:00.0,12,44619.855
2018-12-18T13:00:00.0,13,43547.707
2018-12-18T14:00:00.0,14,42255.598
2018-12-18T15:00:00.0,15,40895.24
2018-12-18T16:00:00.0,16,39402.543
2018-12-18T17:00:00.0,17,38250.63
2018-12-18T18:00:00.0,18,37451.3
2018-12-18T19:00:00.0,19,36759.902
2018-12-18T20:00:00.0,20,36654.668
2018-12-18T21:00:00.0,21,37610.3
2018-12-18T22:00:00.0,22,40362.844
2018-12-18T23:00:00.0,23,41183.96
2018-12-19T00:00:00.0,0,41095.473
2018-12-19T01:00:00.0,1,40515.246
2018-12-19T02:00:00.0,2,38770.004
2018-12-19T03:00:00.0,3,36271.06
2018-12-19T04:00:00.0,4,33872.004
2018-12-19T05:00:00.0,5,32443.438
2018-12-19T06:00:00.0,6,31724.625
2018-12-19T07:00:00.0,7,31378.125
2018-12-19T08:00:00.0,8,31597.393
2018-12-19T09:00:00.0,9,32935.21
2018-12-19T10:00:00.0,10,35802.44
2018-12-19T11:00:00.0,11,39016.61
2018-12-19T12:00:00.0,12,39242.27
2018-12-19T13:00:00.0,13,39037.277
2018-12-19T14:00:00.0,14,39149.996
2018-12-19T15:00:00.0,15,38917.773
2018-12-19T16:00:00.0,16,38279.305
2018-12-19T17:00:00.0,17,37739.65
2018-12-19T18:00:00.0,18,37494.81
2018-12-19T19:00:00.0,19,37239.87
2018-12-19T20:00:00.0,20,37354.73
2018-12-19T21:00:00.0,21,37961.57
2018-12-19T22:00:00.0,22,40113.566
2018-12-19T23:00:00.0,23,40900.04
2018-12-20T00:00:00.0,0,40582.8
2018-12-20T01:00:00.0,1,39915.035
2018-12-20T02:00:00.0,2,38482.56
2018-12-20T03:00:00.0,3,36262.18
2018-12-20T04:00:00.0,4,34280.176
2018-12-20T05:00:00.0,5,32999.277
2018-12-20T06:00:00.0,6,32282.162
2018-12-20T07:00:00.0,7,32242.057
2018-12-20T08:00:00.0,8,32800.387
2018-12-20T09:00:00.0,9,34530.473
2018-12-20T10:00:00.0,10,37858.78
2018-12-20T11:00:00.0,11,41523.76
2018-12-20T12:00:00.0,12,41781.395
2018-12-20T13:00:00.0,13,41087.957
2018-12-20T14:00:00.0,14,40523.57
2018-12-20T15:00:00.0,15,39896.434
2018-12-20T16:00:00.0,16,39104.125
2018-12-20T17:00:00.0,17,38465.824
2018-12-20T18:00:00.0,18,38054.504
2018-12-20T19:00:00.0,19,37492.99
2018-12-20T20:00:00.0,20,37430.676
2018-12-20T21:00:00.0,21,38182.84
2018-12-20T22:00:00.0,22,41055.95
2018-12-20T23:00:00.0,23,42300.5
2018-12-21T00:00:00.0,0,42375.277
2018-12-21T01:00:00.0,1,42150.426
2018-12-21T02:00:00.0,2,41043.973
2018-12-21T03:00:00.0,3,39108.883
2018-12-21T04:00:00.0,4,37337.78
2018-12-21T05:00:00.0,5,36395.96
2018-12-21T06:00:00.0,6,36044.848
2018-12-21T07:00:00.0,7,36174.46
2018-12-21T08:00:00.0,8,36898.25
2018-12-21T09:00:00.0,9,38750.99
2018-12-21T10:00:00.0,10,42099.133
2018-12-21T11:00:00.0,11,45526.39
2018-12-21T12:00:00.0,12,45856.76
2018-12-21T13:00:00.0,13,44364.098
2018-12-21T14:00:00.0,14,42611.88
2018-12-21T15:00:00.0,15,40825.16
2018-12-21T16:00:00.0,16,39160.066
2018-12-21T17:00:00.0,17,37903.24
2018-12-21T18:00:00.0,18,37040.52
2018-12-21T19:00:00.0,19,36412.66
2018-12-21T20:00:00.0,20,36147.87
2018-12-21T21:00:00.0,21,36518.605
2018-12-21T22:00:00.0,22,39160.438
2018-12-21T23:00:00.0,23,40178.34
2018-12-22T00:00:00.0,0,40143.668
2018-12-22T01:00:00.0,1,40097.38
2018-12-22T02:00:00.0,2,39560.867
2018-12-22T03:00:00.0,3,38294.15
2018-12-22T04:00:00.0,4,36822.957
2018-12-22T05:00:00.0,5,35700.836
2018-12-22T06:00:00.0,6,35009.098
2018-12-22T07:00:00.0,7,34766.52
2018-12-22T08:00:00.0,8,34860.05
2018-12-22T09:00:00.0,9,35437.418
2018-12-22T10:00:00.0,10,36625.82
2018-12-22T11:00:00.0,11,38276.12
2018-12-22T12:00:00.0,12,39365.457
2018-12-22T13:00:00.0,13,39344.492
2018-12-22T14:00:00.0,14,38282.195
2018-12-22T15:00:00.0,15,36916.387
2018-12-22T16:00:00.0,16,35740.527
2018-12-22T17:00:00.0,17,34861.176
2018-12-22T18:00:00.0,18,34312.957
2018-12-22T19:00:00.0,19,33952.066
2018-12-22T20:00:00.0,20,33979.246
2018-12-22T21:00:00.0,21,34377.723
2018-12-22T22:00:00.0,22,36470.22
2018-12-22T23:00:00.0,23,37217.277
2018-12-23T00:00:00.0,0,36984.58
2018-12-23T01:00:00.0,1,36652.605
2018-12-23T02:00:00.0,2,36066.48
2018-12-23T03:00:00.0,3,34903.66
2018-12-23T04:00:00.0,4,33751.277
2018-12-23T05:00:00.0,5,32792.86
2018-12-23T06:00:00.0,6,32154.719
2018-12-23T07:00:00.0,7,31874.826
2018-12-23T08:00:00.0,8,32069.422
2018-12-23T09:00:00.0,9,32569.049
2018-12-23T10:00:00.0,10,33755.84
2018-12-23T11:00:00.0,11,35184.266
2018-12-23T12:00:00.0,12,36456.324
2018-12-23T13:00:00.0,13,37210.547
2018-12-23T14:00:00.0,14,37001.957
2018-12-23T15:00:00.0,15,36282.707
2018-12-23T16:00:00.0,16,35599.69
2018-12-23T17:00:00.0,17,34914.95
2018-12-23T18:00:00.0,18,34332.77
2018-12-23T19:00:00.0,19,33834.23
2018-12-23T20:00:00.0,20,33856.473
2018-12-23T21:00:00.0,21,34333.38
2018-12-23T22:00:00.0,22,36813.49
2018-12-23T23:00:00.0,23,38041.81
2018-12-24T00:00:00.0,0,38401.7
2018-12-24T01:00:00.0,1,38427.305
2018-12-24T02:00:00.0,2,37965.477
2018-12-24T03:00:00.0,3,37030.02
2018-12-24T04:00:00.0,4,35783.5
2018-12-24T05:00:00.0,5,34913.832
2018-12-24T06:00:00.0,6,34568.676
2018-12-24T07:00:00.0,7,34679.215
2018-12-24T08:00:00.0,8,35288.133
2018-12-24T09:00:00.0,9,36470.73
2018-12-24T10:00:00.0,10,38064.137
2018-12-24T11:00:00.0,11,39832.246
2018-12-24T12:00:00.0,12,40816.383
2018-12-24T13:00:00.0,13,40987.57
2018-12-24T14:00:00.0,14,40457.87
2018-12-24T15:00:00.0,15,39372.785
2018-12-24T16:00:00.0,16,38078.98
2018-12-24T17:00:00.0,17,36937.0
2018-12-24T18:00:00.0,18,36155.88
2018-12-24T19:00:00.0,19,35578.94
2018-12-24T20:00:00.0,20,35323.86
2018-12-24T21:00:00.0,21,35631.527
2018-12-24T22:00:00.0,22,37255.387
2018-12-24T23:00:00.0,23,37092.207
2018-12-25T00:00:00.0,0,36288.36
2018-12-25T01:00:00.0,1,35620.5
2018-12-25T02:00:00.0,2,34852.918
2018-12-25T03:00:00.0,3,33691.9
2018-12-25T04:00:00.0,4,32190.877
2018-12-25T05:00:00.0,5,30982.742
2018-12-25T06:00:00.0,6,30087.295
2018-12-25T07:00:00.0,7,29451.102
2018-12-25T08:00:00.0,8,29189.236
2018-12-25T09:00:00.0,9,29380.643
2018-12-25T10:00:00.0,10,30030.158
2018-12-25T11:00:00.0,11,30894.775
2018-12-25T12:00:00.0,12,31705.828
2018-12-25T13:00:00.0,13,32880.316
2018-12-25T14:00:00.0,14,33849.926
2018-12-25T15:00:00.0,15,34387.41
2018-12-25T16:00:00.0,16,34426.742
2018-12-25T17:00:00.0,17,34023.44
2018-12-25T18:00:00.0,18,33561.805
2018-12-25T19:00:00.0,19,33111.137
2018-12-25T20:00:00.0,20,32803.78
2018-12-25T21:00:00.0,21,32892.414
2018-12-25T22:00:00.0,22,34530.215
2018-12-25T23:00:00.0,23,34910.156
2018-12-26T00:00:00.0,0,34613.63
2018-12-26T01:00:00.0,1,34177.055
2018-12-26T02:00:00.0,2,33309.723
2018-12-26T03:00:00.0,3,31864.604
2018-12-26T04:00:00.0,4,30260.008
2018-12-26T05:00:00.0,5,28999.686
2018-12-26T06:00:00.0,6,28205.893
2018-12-26T07:00:00.0,7,27880.35
2018-12-26T08:00:00.0,8,28020.688
2018-12-26T09:00:00.0,9,28861.703
2018-12-26T10:00:00.0,10,30489.898
2018-12-26T11:00:00.0,11,32473.826
2018-12-26T12:00:00.0,12,33784.68
2018-12-26T13:00:00.0,13,35009.73
2018-12-26T14:00:00.0,14,36227.508
2018-12-26T15:00:00.0,15,37127.484
2018-12-26T16:00:00.0,16,37495.965
2018-12-26T17:00:00.0,17,37552.746
2018-12-26T18:00:00.0,18,37464.895
2018-12-26T19:00:00.0,19,37412.902
2018-12-26T20:00:00.0,20,37572.887
2018-12-26T21:00:00.0,21,38151.805
2018-12-26T22:00:00.0,22,39361.293
2018-12-26T23:00:00.0,23,39232.45
2018-12-27T00:00:00.0,0,38634.812
2018-12-27T01:00:00.0,1,37859.99
2018-12-27T02:00:00.0,2,36544.062
2018-12-27T03:00:00.0,3,34632.902
2018-12-27T04:00:00.0,4,32711.938
2018-12-27T05:00:00.0,5,31374.203
2018-12-27T06:00:00.0,6,30544.354
2018-12-27T07:00:00.0,7,30245.682
2018-12-27T08:00:00.0,8,30208.709
2018-12-27T09:00:00.0,9,30896.412
2018-12-27T10:00:00.0,10,32475.047
2018-12-27T11:00:00.0,11,34628.363
2018-12-27T12:00:00.0,12,35682.438
2018-12-27T13:00:00.0,13,36137.223
2018-12-27T14:00:00.0,14,36787.484
2018-12-27T15:00:00.0,15,37000.656
2018-12-27T16:00:00.0,16,36927.27
2018-12-27T17:00:00.0,17,36693.52
2018-12-27T18:00:00.0,18,36556.12
2018-12-27T19:00:00.0,19,36347.582
2018-12-27T20:00:00.0,20,36175.715
2018-12-27T21:00:00.0,21,36411.24
2018-12-27T22:00:00.0,22,38483.973
2018-12-27T23:00:00.0,23,39380.188
2018-12-28T00:00:00.0,0,39154.348
2018-12-28T01:00:00.0,1,38748.293
2018-12-28T02:00:00.0,2,37705.758
2018-12-28T03:00:00.0,3,36194.473
2018-12-28T04:00:00.0,4,34733.55
2018-12-28T05:00:00.0,5,33944.695
2018-12-28T06:00:00.0,6,33667.316
2018-12-28T07:00:00.0,7,33795.336
2018-12-28T08:00:00.0,8,34536.613
2018-12-28T09:00:00.0,9,36162.52
2018-12-28T10:00:00.0,10,38867.496
2018-12-28T11:00:00.0,11,41708.44
2018-12-28T12:00:00.0,12,43086.09
2018-12-28T13:00:00.0,13,43321.8
2018-12-28T14:00:00.0,14,43188.69
2018-12-28T15:00:00.0,15,42388.734
2018-12-28T16:00:00.0,16,40954.617
2018-12-28T17:00:00.0,17,39633.613
2018-12-28T18:00:00.0,18,38705.543
2018-12-28T19:00:00.0,19,38068.332
2018-12-28T20:00:00.0,20,37870.316
2018-12-28T21:00:00.0,21,38877.7
2018-12-28T22:00:00.0,22,41740.332
2018-12-28T23:00:00.0,23,42738.11
2018-12-29T00:00:00.0,0,42630.88
2018-12-29T01:00:00.0,1,42266.242
2018-12-29T02:00:00.0,2,41353.098
2018-12-29T03:00:00.0,3,39790.16
2018-12-29T04:00:00.0,4,38345.94
2018-12-29T05:00:00.0,5,37307.336
2018-12-29T06:00:00.0,6,36793.54
2018-12-29T07:00:00.0,7,36619.76
2018-12-29T08:00:00.0,8,36851.105
2018-12-29T09:00:00.0,9,37475.145
2018-12-29T10:00:00.0,10,38625.203
2018-12-29T11:00:00.0,11,40222.863
2018-12-29T12:00:00.0,12,41782.348
2018-12-29T13:00:00.0,13,43289.598
2018-12-29T14:00:00.0,14,44349.625
2018-12-29T15:00:00.0,15,44645.363
2018-12-29T16:00:00.0,16,44413.59
2018-12-29T17:00:00.0,17,43784.918
2018-12-29T18:00:00.0,18,42885.61
2018-12-29T19:00:00.0,19,42334.844
2018-12-29T20:00:00.0,20,42309.45
2018-12-29T21:00:00.0,21,43000.637
2018-12-29T22:00:00.0,22,45170.99
2018-12-29T23:00:00.0,23,45742.418
2018-12-30T00:00:00.0,0,45411.27
2018-12-30T01:00:00.0,1,45005.49
2018-12-30T02:00:00.0,2,43874.668
2018-12-30T03:00:00.0,3,42303.92
2018-12-30T04:00:00.0,4,40675.51
2018-12-30T05:00:00.0,5,39490.516
2018-12-30T06:00:00.0,6,38762.652
2018-12-30T07:00:00.0,7,38416.723
2018-12-30T08:00:00.0,8,38421.457
2018-12-30T09:00:00.0,9,38875.637
2018-12-30T10:00:00.0,10,39693.81
2018-12-30T11:00:00.0,11,40776.8
2018-12-30T12:00:00.0,12,41868.824
2018-12-30T13:00:00.0,13,43232.85
2018-12-30T14:00:00.0,14,44210.24
2018-12-30T15:00:00.0,15,44575.723
2018-12-30T16:00:00.0,16,44555.387
2018-12-30T17:00:00.0,17,44056.0
2018-12-30T18:00:00.0,18,43495.8
2018-12-30T19:00:00.0,19,42784.633
2018-12-30T20:00:00.0,20,42867.61
2018-12-30T21:00:00.0,21,43399.15
2018-12-30T22:00:00.0,22,45153.676
2018-12-30T23:00:00.0,23,45384.69
2018-12-31T00:00:00.0,0,44992.832
2018-12-31T01:00:00.0,1,44267.574
2018-12-31T02:00:00.0,2,42895.91
2018-12-31T03:00:00.0,3,41037.05
2018-12-31T04:00:00.0,4,39103.62
2018-12-31T05:00:00.0,5,37757.637
2018-12-31T06:00:00.0,6,37082.12
2018-12-31T07:00:00.0,7,36861.45
2018-12-31T08:00:00.0,8,37236.24
2018-12-31T09:00:00.0,9,38389.035
2018-12-31T10:00:00.0,10,40132.996
2018-12-31T11:00:00.0,11,41908.652
2018-12-31T12:00:00.0,12,42942.81
2018-12-31T13:00:00.0,13,43501.918
2018-12-31T14:00:00.0,14,43453.387
2018-12-31T15:00:00.0,15,42461.254
2018-12-31T16:00:00.0,16,41115.684
2018-12-31T17:00:00.0,17,39436.766
2018-12-31T18:00:00.0,18,37964.594
2018-12-31T19:00:00.0,19,36831.87
2018-12-31T20:00:00.0,20,36322.574
2018-12-31T21:00:00.0,21,36943.06
2018-12-31T22:00:00.0,22,39545.38
2018-12-31T23:00:00.0,23,40235.363
