DateTime,hour,BA_total
2018-01-01T00:00:00.0,0,0.0011250000000000001
2018-01-01T01:00:00.0,1,0.0
2018-01-01T02:00:00.0,2,0.0
2018-01-01T03:00:00.0,3,0.0
2018-01-01T04:00:00.0,4,0.0
2018-01-01T05:00:00.0,5,0.0
2018-01-01T06:00:00.0,6,0.0
2018-01-01T07:00:00.0,7,0.0
2018-01-01T08:00:00.0,8,0.0
2018-01-01T09:00:00.0,9,0.0
2018-01-01T10:00:00.0,10,0.0
2018-01-01T11:00:00.0,11,0.0
2018-01-01T12:00:00.0,12,0.0
2018-01-01T13:00:00.0,13,6.916941916666667
2018-01-01T14:00:00.0,14,135.23035908333335
2018-01-01T15:00:00.0,15,345.78694816666666
2018-01-01T16:00:00.0,16,372.167962
2018-01-01T17:00:00.0,17,385.1170640416667
2018-01-01T18:00:00.0,18,429.0009835416667
2018-01-01T19:00:00.0,19,459.20847558333327
2018-01-01T20:00:00.0,20,429.1285791666666
2018-01-01T21:00:00.0,21,453.4773783333333
2018-01-01T22:00:00.0,22,312.1685460416667
2018-01-01T23:00:00.0,23,54.33028737500001
2018-01-02T00:00:00.0,0,0.014625
2018-01-02T01:00:00.0,1,0.0
2018-01-02T02:00:00.0,2,0.0
2018-01-02T03:00:00.0,3,0.0
2018-01-02T04:00:00.0,4,0.0
2018-01-02T05:00:00.0,5,0.0
2018-01-02T06:00:00.0,6,0.0
2018-01-02T07:00:00.0,7,0.0
2018-01-02T08:00:00.0,8,0.0
2018-01-02T09:00:00.0,9,0.0
2018-01-02T10:00:00.0,10,0.0
2018-01-02T11:00:00.0,11,0.0
2018-01-02T12:00:00.0,12,0.0
2018-01-02T13:00:00.0,13,7.526717875
2018-01-02T14:00:00.0,14,132.92856770833333
2018-01-02T15:00:00.0,15,73.52611025
2018-01-02T16:00:00.0,16,102.11893516666667
2018-01-02T17:00:00.0,17,131.65997579166665
2018-01-02T18:00:00.0,18,161.94206425000002
2018-01-02T19:00:00.0,19,171.12433504166668
2018-01-02T20:00:00.0,20,244.54597004166666
2018-01-02T21:00:00.0,21,236.39560562500003
2018-01-02T22:00:00.0,22,182.75305479166664
2018-01-02T23:00:00.0,23,42.97187433333334
2018-01-03T00:00:00.0,0,0.018000000000000002
2018-01-03T01:00:00.0,1,0.0
2018-01-03T02:00:00.0,2,0.0
2018-01-03T03:00:00.0,3,0.0
2018-01-03T04:00:00.0,4,0.0
2018-01-03T05:00:00.0,5,0.0
2018-01-03T06:00:00.0,6,0.0
2018-01-03T07:00:00.0,7,0.0
2018-01-03T08:00:00.0,8,0.0
2018-01-03T09:00:00.0,9,0.0
2018-01-03T10:00:00.0,10,0.0
2018-01-03T11:00:00.0,11,0.0
2018-01-03T12:00:00.0,12,0.0
2018-01-03T13:00:00.0,13,11.644120125
2018-01-03T14:00:00.0,14,204.79118975000003
2018-01-03T15:00:00.0,15,480.4485926250001
2018-01-03T16:00:00.0,16,548.4148717500001
2018-01-03T17:00:00.0,17,521.7160721666665
2018-01-03T18:00:00.0,18,502.7925662916667
2018-01-03T19:00:00.0,19,514.0171970833334
2018-01-03T20:00:00.0,20,539.8879225
2018-01-03T21:00:00.0,21,539.2878409583333
2018-01-03T22:00:00.0,22,376.52131066666675
2018-01-03T23:00:00.0,23,73.41089541666666
2018-01-04T00:00:00.0,0,0.0011250000000000001
2018-01-04T01:00:00.0,1,0.0
2018-01-04T02:00:00.0,2,0.0
2018-01-04T03:00:00.0,3,0.0
2018-01-04T04:00:00.0,4,0.0
2018-01-04T05:00:00.0,5,0.0
2018-01-04T06:00:00.0,6,0.0
2018-01-04T07:00:00.0,7,0.0
2018-01-04T08:00:00.0,8,0.0
2018-01-04T09:00:00.0,9,0.0
2018-01-04T10:00:00.0,10,0.0
2018-01-04T11:00:00.0,11,0.0
2018-01-04T12:00:00.0,12,0.0
2018-01-04T13:00:00.0,13,19.243166666666667
2018-01-04T14:00:00.0,14,221.79281358333336
2018-01-04T15:00:00.0,15,468.6225339166667
2018-01-04T16:00:00.0,16,500.7198978333333
2018-01-04T17:00:00.0,17,427.2693972916666
2018-01-04T18:00:00.0,18,353.32830004166675
2018-01-04T19:00:00.0,19,362.2201
2018-01-04T20:00:00.0,20,380.7638952500001
2018-01-04T21:00:00.0,21,323.0103447083334
2018-01-04T22:00:00.0,22,150.25501504166667
2018-01-04T23:00:00.0,23,14.739352625000002
2018-01-05T00:00:00.0,0,0.0045000000000000005
2018-01-05T01:00:00.0,1,0.0
2018-01-05T02:00:00.0,2,0.0
2018-01-05T03:00:00.0,3,0.0
2018-01-05T04:00:00.0,4,0.0
2018-01-05T05:00:00.0,5,0.0
2018-01-05T06:00:00.0,6,0.0
2018-01-05T07:00:00.0,7,0.0
2018-01-05T08:00:00.0,8,0.0
2018-01-05T09:00:00.0,9,0.0
2018-01-05T10:00:00.0,10,0.0
2018-01-05T11:00:00.0,11,0.0
2018-01-05T12:00:00.0,12,0.0
2018-01-05T13:00:00.0,13,4.599194708333333
2018-01-05T14:00:00.0,14,154.79532770833336
2018-01-05T15:00:00.0,15,380.2297929583333
2018-01-05T16:00:00.0,16,408.285703875
2018-01-05T17:00:00.0,17,426.99858233333333
2018-01-05T18:00:00.0,18,404.024474375
2018-01-05T19:00:00.0,19,423.16008358333335
2018-01-05T20:00:00.0,20,390.79454891666666
2018-01-05T21:00:00.0,21,434.29310079166675
2018-01-05T22:00:00.0,22,340.1263039166667
2018-01-05T23:00:00.0,23,66.97291174999997
2018-01-06T00:00:00.0,0,0.028125
2018-01-06T01:00:00.0,1,0.0
2018-01-06T02:00:00.0,2,0.0
2018-01-06T03:00:00.0,3,0.0
2018-01-06T04:00:00.0,4,0.0
2018-01-06T05:00:00.0,5,0.0
2018-01-06T06:00:00.0,6,0.0
2018-01-06T07:00:00.0,7,0.0
2018-01-06T08:00:00.0,8,0.0
2018-01-06T09:00:00.0,9,0.0
2018-01-06T10:00:00.0,10,0.0
2018-01-06T11:00:00.0,11,0.0
2018-01-06T12:00:00.0,12,0.0
2018-01-06T13:00:00.0,13,19.488939041666665
2018-01-06T14:00:00.0,14,200.7951403333333
2018-01-06T15:00:00.0,15,349.6064777083334
2018-01-06T16:00:00.0,16,404.7806537083334
2018-01-06T17:00:00.0,17,447.6344208333334
2018-01-06T18:00:00.0,18,465.37257029166676
2018-01-06T19:00:00.0,19,443.78318825
2018-01-06T20:00:00.0,20,415.1594715416666
2018-01-06T21:00:00.0,21,434.1056207916667
2018-01-06T22:00:00.0,22,278.5335538333333
2018-01-06T23:00:00.0,23,55.59392008333334
2018-01-07T00:00:00.0,0,0.041625
2018-01-07T01:00:00.0,1,0.0
2018-01-07T02:00:00.0,2,0.0
2018-01-07T03:00:00.0,3,0.0
2018-01-07T04:00:00.0,4,0.0
2018-01-07T05:00:00.0,5,0.0
2018-01-07T06:00:00.0,6,0.0
2018-01-07T07:00:00.0,7,0.0
2018-01-07T08:00:00.0,8,0.0
2018-01-07T09:00:00.0,9,0.0
2018-01-07T10:00:00.0,10,0.0
2018-01-07T11:00:00.0,11,0.0
2018-01-07T12:00:00.0,12,0.0
2018-01-07T13:00:00.0,13,1.1799097916666668
2018-01-07T14:00:00.0,14,14.333997541666669
2018-01-07T15:00:00.0,15,52.699331916666665
2018-01-07T16:00:00.0,16,96.04697254166666
2018-01-07T17:00:00.0,17,141.26662754166665
2018-01-07T18:00:00.0,18,182.71102116666665
2018-01-07T19:00:00.0,19,235.48887820833332
2018-01-07T20:00:00.0,20,225.94201166666667
2018-01-07T21:00:00.0,21,219.878965375
2018-01-07T22:00:00.0,22,164.40142483333332
2018-01-07T23:00:00.0,23,43.84042929166667
2018-01-08T00:00:00.0,0,0.04950000000000001
2018-01-08T01:00:00.0,1,0.0
2018-01-08T02:00:00.0,2,0.0
2018-01-08T03:00:00.0,3,0.0
2018-01-08T04:00:00.0,4,0.0
2018-01-08T05:00:00.0,5,0.0
2018-01-08T06:00:00.0,6,0.0
2018-01-08T07:00:00.0,7,0.0
2018-01-08T08:00:00.0,8,0.0
2018-01-08T09:00:00.0,9,0.0
2018-01-08T10:00:00.0,10,0.0
2018-01-08T11:00:00.0,11,0.0
2018-01-08T12:00:00.0,12,0.0
2018-01-08T13:00:00.0,13,9.104363916666667
2018-01-08T14:00:00.0,14,147.56214895833332
2018-01-08T15:00:00.0,15,321.96774420833333
2018-01-08T16:00:00.0,16,435.75884295833333
2018-01-08T17:00:00.0,17,496.6022418749999
2018-01-08T18:00:00.0,18,485.6574274166666
2018-01-08T19:00:00.0,19,496.18756712500004
2018-01-08T20:00:00.0,20,520.9060320833333
2018-01-08T21:00:00.0,21,492.84977458333327
2018-01-08T22:00:00.0,22,320.16603579166673
2018-01-08T23:00:00.0,23,72.20562858333334
2018-01-09T00:00:00.0,0,0.03262500000000001
2018-01-09T01:00:00.0,1,0.0
2018-01-09T02:00:00.0,2,0.0
2018-01-09T03:00:00.0,3,0.0
2018-01-09T04:00:00.0,4,0.0
2018-01-09T05:00:00.0,5,0.0
2018-01-09T06:00:00.0,6,0.0
2018-01-09T07:00:00.0,7,0.0
2018-01-09T08:00:00.0,8,0.0
2018-01-09T09:00:00.0,9,0.0
2018-01-09T10:00:00.0,10,0.0
2018-01-09T11:00:00.0,11,0.0
2018-01-09T12:00:00.0,12,0.0
2018-01-09T13:00:00.0,13,3.0949015416666668
2018-01-09T14:00:00.0,14,97.8713579166667
2018-01-09T15:00:00.0,15,229.35405500000002
2018-01-09T16:00:00.0,16,299.22491399999996
2018-01-09T17:00:00.0,17,322.4039877083333
2018-01-09T18:00:00.0,18,325.20752104166667
2018-01-09T19:00:00.0,19,339.62639741666663
2018-01-09T20:00:00.0,20,335.32275599999997
2018-01-09T21:00:00.0,21,331.1404562916667
2018-01-09T22:00:00.0,22,253.65176433333338
2018-01-09T23:00:00.0,23,67.559613375
2018-01-10T00:00:00.0,0,0.068625
2018-01-10T01:00:00.0,1,0.0
2018-01-10T02:00:00.0,2,0.0
2018-01-10T03:00:00.0,3,0.0
2018-01-10T04:00:00.0,4,0.0
2018-01-10T05:00:00.0,5,0.0
2018-01-10T06:00:00.0,6,0.0
2018-01-10T07:00:00.0,7,0.0
2018-01-10T08:00:00.0,8,0.0
2018-01-10T09:00:00.0,9,0.0
2018-01-10T10:00:00.0,10,0.0
2018-01-10T11:00:00.0,11,0.0
2018-01-10T12:00:00.0,12,0.0
2018-01-10T13:00:00.0,13,1.8591587083333334
2018-01-10T14:00:00.0,14,41.96226475
2018-01-10T15:00:00.0,15,147.88620395833334
2018-01-10T16:00:00.0,16,256.14375774999996
2018-01-10T17:00:00.0,17,307.09994520833334
2018-01-10T18:00:00.0,18,304.88413679166666
2018-01-10T19:00:00.0,19,324.0033807916667
2018-01-10T20:00:00.0,20,337.8970579166667
2018-01-10T21:00:00.0,21,267.921800875
2018-01-10T22:00:00.0,22,138.537356125
2018-01-10T23:00:00.0,23,25.342882958333345
2018-01-11T00:00:00.0,0,0.09675
2018-01-11T01:00:00.0,1,0.0
2018-01-11T02:00:00.0,2,0.0
2018-01-11T03:00:00.0,3,0.0
2018-01-11T04:00:00.0,4,0.0
2018-01-11T05:00:00.0,5,0.0
2018-01-11T06:00:00.0,6,0.0
2018-01-11T07:00:00.0,7,0.0
2018-01-11T08:00:00.0,8,0.0
2018-01-11T09:00:00.0,9,0.0
2018-01-11T10:00:00.0,10,0.0
2018-01-11T11:00:00.0,11,0.0
2018-01-11T12:00:00.0,12,0.0
2018-01-11T13:00:00.0,13,1.7098377083333334
2018-01-11T14:00:00.0,14,45.192210499999995
2018-01-11T15:00:00.0,15,120.86796320833334
2018-01-11T16:00:00.0,16,193.20150404166668
2018-01-11T17:00:00.0,17,319.33872254166664
2018-01-11T18:00:00.0,18,323.7489244166666
2018-01-11T19:00:00.0,19,312.47993375
2018-01-11T20:00:00.0,20,325.152384625
2018-01-11T21:00:00.0,21,386.14890929166677
2018-01-11T22:00:00.0,22,295.141960375
2018-01-11T23:00:00.0,23,67.43752775
2018-01-12T00:00:00.0,0,0.10575000000000001
2018-01-12T01:00:00.0,1,0.0
2018-01-12T02:00:00.0,2,0.0
2018-01-12T03:00:00.0,3,0.0
2018-01-12T04:00:00.0,4,0.0
2018-01-12T05:00:00.0,5,0.0
2018-01-12T06:00:00.0,6,0.0
2018-01-12T07:00:00.0,7,0.0
2018-01-12T08:00:00.0,8,0.0
2018-01-12T09:00:00.0,9,0.0
2018-01-12T10:00:00.0,10,0.0
2018-01-12T11:00:00.0,11,0.0
2018-01-12T12:00:00.0,12,0.0
2018-01-12T13:00:00.0,13,24.174146499999996
2018-01-12T14:00:00.0,14,274.2498565833333
2018-01-12T15:00:00.0,15,537.5856680833334
2018-01-12T16:00:00.0,16,567.53243575
2018-01-12T17:00:00.0,17,540.2955484166667
2018-01-12T18:00:00.0,18,520.3575847916667
2018-01-12T19:00:00.0,19,529.1785201250001
2018-01-12T20:00:00.0,20,554.166297875
2018-01-12T21:00:00.0,21,558.2539875833332
2018-01-12T22:00:00.0,22,419.8135114166667
2018-01-12T23:00:00.0,23,103.54695691666667
2018-01-13T00:00:00.0,0,0.12712500000000002
2018-01-13T01:00:00.0,1,0.0
2018-01-13T02:00:00.0,2,0.0
2018-01-13T03:00:00.0,3,0.0
2018-01-13T04:00:00.0,4,0.0
2018-01-13T05:00:00.0,5,0.0
2018-01-13T06:00:00.0,6,0.0
2018-01-13T07:00:00.0,7,0.0
2018-01-13T08:00:00.0,8,0.0
2018-01-13T09:00:00.0,9,0.0
2018-01-13T10:00:00.0,10,0.0
2018-01-13T11:00:00.0,11,0.0
2018-01-13T12:00:00.0,12,0.0
2018-01-13T13:00:00.0,13,22.53384570833333
2018-01-13T14:00:00.0,14,265.724149125
2018-01-13T15:00:00.0,15,524.6892987083334
2018-01-13T16:00:00.0,16,556.2493265
2018-01-13T17:00:00.0,17,532.1306375833334
2018-01-13T18:00:00.0,18,513.29009925
2018-01-13T19:00:00.0,19,522.3591455833333
2018-01-13T20:00:00.0,20,544.975238625
2018-01-13T21:00:00.0,21,545.5553790833334
2018-01-13T22:00:00.0,22,411.50938145833334
2018-01-13T23:00:00.0,23,103.06682099999999
2018-01-14T00:00:00.0,0,0.14175000000000004
2018-01-14T01:00:00.0,1,0.0
2018-01-14T02:00:00.0,2,0.0
2018-01-14T03:00:00.0,3,0.0
2018-01-14T04:00:00.0,4,0.0
2018-01-14T05:00:00.0,5,0.0
2018-01-14T06:00:00.0,6,0.0
2018-01-14T07:00:00.0,7,0.0
2018-01-14T08:00:00.0,8,0.0
2018-01-14T09:00:00.0,9,0.0
2018-01-14T10:00:00.0,10,0.0
2018-01-14T11:00:00.0,11,0.0
2018-01-14T12:00:00.0,12,0.0
2018-01-14T13:00:00.0,13,21.798678041666665
2018-01-14T14:00:00.0,14,257.85456908333333
2018-01-14T15:00:00.0,15,498.06086579166663
2018-01-14T16:00:00.0,16,534.6933033333333
2018-01-14T17:00:00.0,17,520.7355469166667
2018-01-14T18:00:00.0,18,504.03892512499993
2018-01-14T19:00:00.0,19,512.9771026249999
2018-01-14T20:00:00.0,20,536.5188615833333
2018-01-14T21:00:00.0,21,529.5563429166666
2018-01-14T22:00:00.0,22,409.9359994166666
2018-01-14T23:00:00.0,23,106.74804241666668
2018-01-15T00:00:00.0,0,0.142875
2018-01-15T01:00:00.0,1,0.0
2018-01-15T02:00:00.0,2,0.0
2018-01-15T03:00:00.0,3,0.0
2018-01-15T04:00:00.0,4,0.0
2018-01-15T05:00:00.0,5,0.0
2018-01-15T06:00:00.0,6,0.0
2018-01-15T07:00:00.0,7,0.0
2018-01-15T08:00:00.0,8,0.0
2018-01-15T09:00:00.0,9,0.0
2018-01-15T10:00:00.0,10,0.0
2018-01-15T11:00:00.0,11,0.0
2018-01-15T12:00:00.0,12,0.0
2018-01-15T13:00:00.0,13,23.199055333333334
2018-01-15T14:00:00.0,14,245.05886645833334
2018-01-15T15:00:00.0,15,452.06404683333335
2018-01-15T16:00:00.0,16,494.656893
2018-01-15T17:00:00.0,17,449.38315204166673
2018-01-15T18:00:00.0,18,456.19876433333326
2018-01-15T19:00:00.0,19,428.40486341666673
2018-01-15T20:00:00.0,20,401.7621634583333
2018-01-15T21:00:00.0,21,404.95477224999996
2018-01-15T22:00:00.0,22,294.45703933333334
2018-01-15T23:00:00.0,23,80.81850995833334
2018-01-16T00:00:00.0,0,0.18787500000000001
2018-01-16T01:00:00.0,1,0.0
2018-01-16T02:00:00.0,2,0.0
2018-01-16T03:00:00.0,3,0.0
2018-01-16T04:00:00.0,4,0.0
2018-01-16T05:00:00.0,5,0.0
2018-01-16T06:00:00.0,6,0.0
2018-01-16T07:00:00.0,7,0.0
2018-01-16T08:00:00.0,8,0.0
2018-01-16T09:00:00.0,9,0.0
2018-01-16T10:00:00.0,10,0.0
2018-01-16T11:00:00.0,11,0.0
2018-01-16T12:00:00.0,12,0.0
2018-01-16T13:00:00.0,13,1.3421788333333335
2018-01-16T14:00:00.0,14,72.960433875
2018-01-16T15:00:00.0,15,62.113240958333336
2018-01-16T16:00:00.0,16,101.65162687499999
2018-01-16T17:00:00.0,17,191.04626525
2018-01-16T18:00:00.0,18,296.991740875
2018-01-16T19:00:00.0,19,299.09404520833334
2018-01-16T20:00:00.0,20,307.58774700000004
2018-01-16T21:00:00.0,21,294.37668333333335
2018-01-16T22:00:00.0,22,241.68950204166663
2018-01-16T23:00:00.0,23,75.14019883333332
2018-01-17T00:00:00.0,0,0.0022500000000000003
2018-01-17T01:00:00.0,1,0.0
2018-01-17T02:00:00.0,2,0.0
2018-01-17T03:00:00.0,3,0.0
2018-01-17T04:00:00.0,4,0.0
2018-01-17T05:00:00.0,5,0.0
2018-01-17T06:00:00.0,6,0.0
2018-01-17T07:00:00.0,7,0.0
2018-01-17T08:00:00.0,8,0.0
2018-01-17T09:00:00.0,9,0.0
2018-01-17T10:00:00.0,10,0.0
2018-01-17T11:00:00.0,11,0.0
2018-01-17T12:00:00.0,12,0.0
2018-01-17T13:00:00.0,13,25.909208125000003
2018-01-17T14:00:00.0,14,264.4843312916667
2018-01-17T15:00:00.0,15,326.55985333333336
2018-01-17T16:00:00.0,16,390.992024125
2018-01-17T17:00:00.0,17,492.984456875
2018-01-17T18:00:00.0,18,508.42362012500007
2018-01-17T19:00:00.0,19,503.761664875
2018-01-17T20:00:00.0,20,524.3802344583333
2018-01-17T21:00:00.0,21,386.546945625
2018-01-17T22:00:00.0,22,228.644558
2018-01-17T23:00:00.0,23,59.20848508333333
2018-01-18T00:00:00.0,0,0.04585500000000001
2018-01-18T01:00:00.0,1,0.0
2018-01-18T02:00:00.0,2,0.0
2018-01-18T03:00:00.0,3,0.0
2018-01-18T04:00:00.0,4,0.0
2018-01-18T05:00:00.0,5,0.0
2018-01-18T06:00:00.0,6,0.0
2018-01-18T07:00:00.0,7,0.0
2018-01-18T08:00:00.0,8,0.0
2018-01-18T09:00:00.0,9,0.0
2018-01-18T10:00:00.0,10,0.0
2018-01-18T11:00:00.0,11,0.0
2018-01-18T12:00:00.0,12,0.0
2018-01-18T13:00:00.0,13,11.075786583333334
2018-01-18T14:00:00.0,14,164.7561085
2018-01-18T15:00:00.0,15,331.15277687500003
2018-01-18T16:00:00.0,16,372.16056787499997
2018-01-18T17:00:00.0,17,365.668310625
2018-01-18T18:00:00.0,18,367.882496125
2018-01-18T19:00:00.0,19,369.33553408333336
2018-01-18T20:00:00.0,20,371.49000425
2018-01-18T21:00:00.0,21,389.68087187500004
2018-01-18T22:00:00.0,22,291.60608187500003
2018-01-18T23:00:00.0,23,88.02227950000001
2018-01-19T00:00:00.0,0,0.27426375
2018-01-19T01:00:00.0,1,0.0
2018-01-19T02:00:00.0,2,0.0
2018-01-19T03:00:00.0,3,0.0
2018-01-19T04:00:00.0,4,0.0
2018-01-19T05:00:00.0,5,0.0
2018-01-19T06:00:00.0,6,0.0
2018-01-19T07:00:00.0,7,0.0
2018-01-19T08:00:00.0,8,0.0
2018-01-19T09:00:00.0,9,0.0
2018-01-19T10:00:00.0,10,0.0
2018-01-19T11:00:00.0,11,0.0
2018-01-19T12:00:00.0,12,0.0
2018-01-19T13:00:00.0,13,12.687537416666666
2018-01-19T14:00:00.0,14,122.33626258333334
2018-01-19T15:00:00.0,15,244.9128412916667
2018-01-19T16:00:00.0,16,330.95115558333333
2018-01-19T17:00:00.0,17,351.72184525000006
2018-01-19T18:00:00.0,18,305.8331089583334
2018-01-19T19:00:00.0,19,322.118613875
2018-01-19T20:00:00.0,20,354.8436291666667
2018-01-19T21:00:00.0,21,359.76427600000005
2018-01-19T22:00:00.0,22,286.1772597916666
2018-01-19T23:00:00.0,23,66.84030449999999
2018-01-20T00:00:00.0,0,0.3381525
2018-01-20T01:00:00.0,1,0.0
2018-01-20T02:00:00.0,2,0.0
2018-01-20T03:00:00.0,3,0.0
2018-01-20T04:00:00.0,4,0.0
2018-01-20T05:00:00.0,5,0.0
2018-01-20T06:00:00.0,6,0.0
2018-01-20T07:00:00.0,7,0.0
2018-01-20T08:00:00.0,8,0.0
2018-01-20T09:00:00.0,9,0.0
2018-01-20T10:00:00.0,10,0.0
2018-01-20T11:00:00.0,11,0.0
2018-01-20T12:00:00.0,12,0.0
2018-01-20T13:00:00.0,13,18.268036583333334
2018-01-20T14:00:00.0,14,166.84355149999996
2018-01-20T15:00:00.0,15,239.53017541666668
2018-01-20T16:00:00.0,16,288.7610312916667
2018-01-20T17:00:00.0,17,347.069759625
2018-01-20T18:00:00.0,18,359.78741520833336
2018-01-20T19:00:00.0,19,360.38382379166666
2018-01-20T20:00:00.0,20,393.0367851666667
2018-01-20T21:00:00.0,21,411.69159004166664
2018-01-20T22:00:00.0,22,390.10772762500005
2018-01-20T23:00:00.0,23,125.85344800000001
2018-01-21T00:00:00.0,0,0.6473025
2018-01-21T01:00:00.0,1,0.0
2018-01-21T02:00:00.0,2,0.0
2018-01-21T03:00:00.0,3,0.0
2018-01-21T04:00:00.0,4,0.0
2018-01-21T05:00:00.0,5,0.0
2018-01-21T06:00:00.0,6,0.0
2018-01-21T07:00:00.0,7,0.0
2018-01-21T08:00:00.0,8,0.0
2018-01-21T09:00:00.0,9,0.0
2018-01-21T10:00:00.0,10,0.0
2018-01-21T11:00:00.0,11,0.0
2018-01-21T12:00:00.0,12,0.0
2018-01-21T13:00:00.0,13,10.158535833333334
2018-01-21T14:00:00.0,14,127.94397120833334
2018-01-21T15:00:00.0,15,249.87141770833338
2018-01-21T16:00:00.0,16,306.018575375
2018-01-21T17:00:00.0,17,310.71508395833337
2018-01-21T18:00:00.0,18,298.5182158333334
2018-01-21T19:00:00.0,19,346.048903875
2018-01-21T20:00:00.0,20,314.1221664166667
2018-01-21T21:00:00.0,21,280.5830294583333
2018-01-21T22:00:00.0,22,241.61585754166666
2018-01-21T23:00:00.0,23,85.64580620833334
2018-01-22T00:00:00.0,0,0.7176600000000001
2018-01-22T01:00:00.0,1,0.0
2018-01-22T02:00:00.0,2,0.0
2018-01-22T03:00:00.0,3,0.0
2018-01-22T04:00:00.0,4,0.0
2018-01-22T05:00:00.0,5,0.0
2018-01-22T06:00:00.0,6,0.0
2018-01-22T07:00:00.0,7,0.0
2018-01-22T08:00:00.0,8,0.0
2018-01-22T09:00:00.0,9,0.0
2018-01-22T10:00:00.0,10,0.0
2018-01-22T11:00:00.0,11,0.0
2018-01-22T12:00:00.0,12,0.0
2018-01-22T13:00:00.0,13,18.86974925
2018-01-22T14:00:00.0,14,257.3966595416667
2018-01-22T15:00:00.0,15,541.6209977083334
2018-01-22T16:00:00.0,16,571.8309169166666
2018-01-22T17:00:00.0,17,552.00966925
2018-01-22T18:00:00.0,18,535.3767220833332
2018-01-22T19:00:00.0,19,543.7317019166668
2018-01-22T20:00:00.0,20,566.08528775
2018-01-22T21:00:00.0,21,575.1454565416665
2018-01-22T22:00:00.0,22,452.11044475
2018-01-22T23:00:00.0,23,145.06983316666668
2018-01-23T00:00:00.0,0,0.9824400000000001
2018-01-23T01:00:00.0,1,0.0
2018-01-23T02:00:00.0,2,0.0
2018-01-23T03:00:00.0,3,0.0
2018-01-23T04:00:00.0,4,0.0
2018-01-23T05:00:00.0,5,0.0
2018-01-23T06:00:00.0,6,0.0
2018-01-23T07:00:00.0,7,0.0
2018-01-23T08:00:00.0,8,0.0
2018-01-23T09:00:00.0,9,0.0
2018-01-23T10:00:00.0,10,0.0
2018-01-23T11:00:00.0,11,0.0
2018-01-23T12:00:00.0,12,0.0
2018-01-23T13:00:00.0,13,14.410344291666666
2018-01-23T14:00:00.0,14,232.72376108333336
2018-01-23T15:00:00.0,15,504.82510658333337
2018-01-23T16:00:00.0,16,545.0887186250001
2018-01-23T17:00:00.0,17,526.304206
2018-01-23T18:00:00.0,18,519.724299375
2018-01-23T19:00:00.0,19,512.8392745000001
2018-01-23T20:00:00.0,20,523.1236159583334
2018-01-23T21:00:00.0,21,517.662837625
2018-01-23T22:00:00.0,22,398.80950995833336
2018-01-23T23:00:00.0,23,125.67373583333334
2018-01-24T00:00:00.0,0,1.0531125000000003
2018-01-24T01:00:00.0,1,0.0
2018-01-24T02:00:00.0,2,0.0
2018-01-24T03:00:00.0,3,0.0
2018-01-24T04:00:00.0,4,0.0
2018-01-24T05:00:00.0,5,0.0
2018-01-24T06:00:00.0,6,0.0
2018-01-24T07:00:00.0,7,0.0
2018-01-24T08:00:00.0,8,0.0
2018-01-24T09:00:00.0,9,0.0
2018-01-24T10:00:00.0,10,0.0
2018-01-24T11:00:00.0,11,0.0
2018-01-24T12:00:00.0,12,0.0
2018-01-24T13:00:00.0,13,21.54815041666667
2018-01-24T14:00:00.0,14,274.0823345416666
2018-01-24T15:00:00.0,15,530.1658447916667
2018-01-24T16:00:00.0,16,570.7677289583334
2018-01-24T17:00:00.0,17,553.4700475833334
2018-01-24T18:00:00.0,18,538.6047942916667
2018-01-24T19:00:00.0,19,544.5248135833333
2018-01-24T20:00:00.0,20,560.5250328333333
2018-01-24T21:00:00.0,21,568.8758249166668
2018-01-24T22:00:00.0,22,458.688122375
2018-01-24T23:00:00.0,23,153.44850800000003
2018-01-25T00:00:00.0,0,1.2279600000000002
2018-01-25T01:00:00.0,1,0.0
2018-01-25T02:00:00.0,2,0.0
2018-01-25T03:00:00.0,3,0.0
2018-01-25T04:00:00.0,4,0.0
2018-01-25T05:00:00.0,5,0.0
2018-01-25T06:00:00.0,6,0.0
2018-01-25T07:00:00.0,7,0.0
2018-01-25T08:00:00.0,8,0.0
2018-01-25T09:00:00.0,9,0.0
2018-01-25T10:00:00.0,10,0.0
2018-01-25T11:00:00.0,11,0.0
2018-01-25T12:00:00.0,12,0.0
2018-01-25T13:00:00.0,13,21.02576575
2018-01-25T14:00:00.0,14,257.84433166666673
2018-01-25T15:00:00.0,15,494.67738941666676
2018-01-25T16:00:00.0,16,508.563073
2018-01-25T17:00:00.0,17,399.60492979166673
2018-01-25T18:00:00.0,18,346.4513959583334
2018-01-25T19:00:00.0,19,394.0882442083334
2018-01-25T20:00:00.0,20,327.6022915833334
2018-01-25T21:00:00.0,21,280.64326487500006
2018-01-25T22:00:00.0,22,217.8277262083333
2018-01-25T23:00:00.0,23,94.13377862499999
2018-01-26T00:00:00.0,0,1.1834550000000001
2018-01-26T01:00:00.0,1,0.0
2018-01-26T02:00:00.0,2,0.0
2018-01-26T03:00:00.0,3,0.0
2018-01-26T04:00:00.0,4,0.0
2018-01-26T05:00:00.0,5,0.0
2018-01-26T06:00:00.0,6,0.0
2018-01-26T07:00:00.0,7,0.0
2018-01-26T08:00:00.0,8,0.0
2018-01-26T09:00:00.0,9,0.0
2018-01-26T10:00:00.0,10,0.0
2018-01-26T11:00:00.0,11,0.0
2018-01-26T12:00:00.0,12,0.0
2018-01-26T13:00:00.0,13,13.697095416666665
2018-01-26T14:00:00.0,14,152.56620329166668
2018-01-26T15:00:00.0,15,277.82312275000004
2018-01-26T16:00:00.0,16,281.65409308333335
2018-01-26T17:00:00.0,17,263.85005266666667
2018-01-26T18:00:00.0,18,260.1941869166667
2018-01-26T19:00:00.0,19,274.2699450416667
2018-01-26T20:00:00.0,20,293.5106054583334
2018-01-26T21:00:00.0,21,273.4561954166666
2018-01-26T22:00:00.0,22,224.79870837500005
2018-01-26T23:00:00.0,23,76.251739125
2018-01-27T00:00:00.0,0,1.14705
2018-01-27T01:00:00.0,1,0.0
2018-01-27T02:00:00.0,2,0.0
2018-01-27T03:00:00.0,3,0.0
2018-01-27T04:00:00.0,4,0.0
2018-01-27T05:00:00.0,5,0.0
2018-01-27T06:00:00.0,6,0.0
2018-01-27T07:00:00.0,7,0.0
2018-01-27T08:00:00.0,8,0.0
2018-01-27T09:00:00.0,9,0.0
2018-01-27T10:00:00.0,10,0.0
2018-01-27T11:00:00.0,11,0.0
2018-01-27T12:00:00.0,12,0.0
2018-01-27T13:00:00.0,13,3.89801475
2018-01-27T14:00:00.0,14,113.36460333333332
2018-01-27T15:00:00.0,15,237.0106254166667
2018-01-27T16:00:00.0,16,283.87233283333336
2018-01-27T17:00:00.0,17,313.011821375
2018-01-27T18:00:00.0,18,269.73518541666675
2018-01-27T19:00:00.0,19,271.0792665833333
2018-01-27T20:00:00.0,20,322.5335061666667
2018-01-27T21:00:00.0,21,350.45437150000004
2018-01-27T22:00:00.0,22,304.397326625
2018-01-27T23:00:00.0,23,123.40119129166669
2018-01-28T00:00:00.0,0,1.9811700000000003
2018-01-28T01:00:00.0,1,0.0
2018-01-28T02:00:00.0,2,0.0
2018-01-28T03:00:00.0,3,0.0
2018-01-28T04:00:00.0,4,0.0
2018-01-28T05:00:00.0,5,0.0
2018-01-28T06:00:00.0,6,0.0
2018-01-28T07:00:00.0,7,0.0
2018-01-28T08:00:00.0,8,0.0
2018-01-28T09:00:00.0,9,0.0
2018-01-28T10:00:00.0,10,0.0
2018-01-28T11:00:00.0,11,0.0
2018-01-28T12:00:00.0,12,0.0
2018-01-28T13:00:00.0,13,17.677529416666665
2018-01-28T14:00:00.0,14,189.3882685416667
2018-01-28T15:00:00.0,15,366.0516373333334
2018-01-28T16:00:00.0,16,438.0739169583333
2018-01-28T17:00:00.0,17,432.1119349583334
2018-01-28T18:00:00.0,18,423.25477016666656
2018-01-28T19:00:00.0,19,477.42177466666664
2018-01-28T20:00:00.0,20,541.2749307500001
2018-01-28T21:00:00.0,21,537.9153812083334
2018-01-28T22:00:00.0,22,456.7502607083333
2018-01-28T23:00:00.0,23,172.1180474583333
2018-01-29T00:00:00.0,0,2.4384825
2018-01-29T01:00:00.0,1,0.0
2018-01-29T02:00:00.0,2,0.0
2018-01-29T03:00:00.0,3,0.0
2018-01-29T04:00:00.0,4,0.0
2018-01-29T05:00:00.0,5,0.0
2018-01-29T06:00:00.0,6,0.0
2018-01-29T07:00:00.0,7,0.0
2018-01-29T08:00:00.0,8,0.0
2018-01-29T09:00:00.0,9,0.0
2018-01-29T10:00:00.0,10,0.0
2018-01-29T11:00:00.0,11,0.0
2018-01-29T12:00:00.0,12,0.0
2018-01-29T13:00:00.0,13,28.780357499999997
2018-01-29T14:00:00.0,14,308.6648348333334
2018-01-29T15:00:00.0,15,558.1180522083333
2018-01-29T16:00:00.0,16,588.9457384166666
2018-01-29T17:00:00.0,17,566.8302260416666
2018-01-29T18:00:00.0,18,548.0891219583333
2018-01-29T19:00:00.0,19,552.7357777916667
2018-01-29T20:00:00.0,20,573.7474171250001
2018-01-29T21:00:00.0,21,581.8002082916666
2018-01-29T22:00:00.0,22,486.48125125
2018-01-29T23:00:00.0,23,174.6486322083333
2018-01-30T00:00:00.0,0,3.3325762500000002
2018-01-30T01:00:00.0,1,0.0
2018-01-30T02:00:00.0,2,0.0
2018-01-30T03:00:00.0,3,0.0
2018-01-30T04:00:00.0,4,0.0
2018-01-30T05:00:00.0,5,0.0
2018-01-30T06:00:00.0,6,0.0
2018-01-30T07:00:00.0,7,0.0
2018-01-30T08:00:00.0,8,0.0
2018-01-30T09:00:00.0,9,0.0
2018-01-30T10:00:00.0,10,0.0
2018-01-30T11:00:00.0,11,0.0
2018-01-30T12:00:00.0,12,0.0
2018-01-30T13:00:00.0,13,25.82753620833334
2018-01-30T14:00:00.0,14,278.67718312500006
2018-01-30T15:00:00.0,15,519.2072055416667
2018-01-30T16:00:00.0,16,551.1541804166667
2018-01-30T17:00:00.0,17,558.3666962916667
2018-01-30T18:00:00.0,18,540.1000293333333
2018-01-30T19:00:00.0,19,536.4962705833333
2018-01-30T20:00:00.0,20,547.6595593333334
2018-01-30T21:00:00.0,21,555.1964775833334
2018-01-30T22:00:00.0,22,474.50174345833346
2018-01-30T23:00:00.0,23,171.20804945833336
2018-01-31T00:00:00.0,0,3.2006362500000005
2018-01-31T01:00:00.0,1,0.0
2018-01-31T02:00:00.0,2,0.0
2018-01-31T03:00:00.0,3,0.0
2018-01-31T04:00:00.0,4,0.0
2018-01-31T05:00:00.0,5,0.0
2018-01-31T06:00:00.0,6,0.0
2018-01-31T07:00:00.0,7,0.0
2018-01-31T08:00:00.0,8,0.0
2018-01-31T09:00:00.0,9,0.0
2018-01-31T10:00:00.0,10,0.0
2018-01-31T11:00:00.0,11,0.0
2018-01-31T12:00:00.0,12,0.0
2018-01-31T13:00:00.0,13,34.51653770833334
2018-01-31T14:00:00.0,14,270.38675575
2018-01-31T15:00:00.0,15,487.0807734583334
2018-01-31T16:00:00.0,16,532.7423393749999
2018-01-31T17:00:00.0,17,476.20958100000007
2018-01-31T18:00:00.0,18,510.36348387499993
2018-01-31T19:00:00.0,19,531.9811257083334
2018-01-31T20:00:00.0,20,558.756421875
2018-01-31T21:00:00.0,21,550.6469905833334
2018-01-31T22:00:00.0,22,452.88184245833344
2018-01-31T23:00:00.0,23,168.69774249999998
2018-02-01T00:00:00.0,0,3.85815375
2018-02-01T01:00:00.0,1,0.0
2018-02-01T02:00:00.0,2,0.0
2018-02-01T03:00:00.0,3,0.0
2018-02-01T04:00:00.0,4,0.0
2018-02-01T05:00:00.0,5,0.0
2018-02-01T06:00:00.0,6,0.0
2018-02-01T07:00:00.0,7,0.0
2018-02-01T08:00:00.0,8,0.0
2018-02-01T09:00:00.0,9,0.0
2018-02-01T10:00:00.0,10,0.0
2018-02-01T11:00:00.0,11,0.0
2018-02-01T12:00:00.0,12,0.0
2018-02-01T13:00:00.0,13,16.395096416666664
2018-02-01T14:00:00.0,14,151.30276820833333
2018-02-01T15:00:00.0,15,294.75144275
2018-02-01T16:00:00.0,16,394.894710625
2018-02-01T17:00:00.0,17,413.3442268333333
2018-02-01T18:00:00.0,18,460.90289149999995
2018-02-01T19:00:00.0,19,442.7757608333333
2018-02-01T20:00:00.0,20,454.8383113333334
2018-02-01T21:00:00.0,21,390.978501625
2018-02-01T22:00:00.0,22,286.87025462500003
2018-02-01T23:00:00.0,23,94.77482033333332
2018-02-02T00:00:00.0,0,2.2248863750000005
2018-02-02T01:00:00.0,1,0.0
2018-02-02T02:00:00.0,2,0.0
2018-02-02T03:00:00.0,3,0.0
2018-02-02T04:00:00.0,4,0.0
2018-02-02T05:00:00.0,5,0.0
2018-02-02T06:00:00.0,6,0.0
2018-02-02T07:00:00.0,7,0.0
2018-02-02T08:00:00.0,8,0.0
2018-02-02T09:00:00.0,9,0.0
2018-02-02T10:00:00.0,10,0.0
2018-02-02T11:00:00.0,11,0.0
2018-02-02T12:00:00.0,12,0.0
2018-02-02T13:00:00.0,13,11.938242666666667
2018-02-02T14:00:00.0,14,132.95987845833332
2018-02-02T15:00:00.0,15,311.74000400000006
2018-02-02T16:00:00.0,16,398.59543649999995
2018-02-02T17:00:00.0,17,452.8360666666667
2018-02-02T18:00:00.0,18,443.990311125
2018-02-02T19:00:00.0,19,427.41894283333335
2018-02-02T20:00:00.0,20,434.09738604166665
2018-02-02T21:00:00.0,21,421.4820367500001
2018-02-02T22:00:00.0,22,332.3728605416666
2018-02-02T23:00:00.0,23,108.84011145833335
2018-02-03T00:00:00.0,0,1.6918029583333336
2018-02-03T01:00:00.0,1,0.0
2018-02-03T02:00:00.0,2,0.0
2018-02-03T03:00:00.0,3,0.0
2018-02-03T04:00:00.0,4,0.0
2018-02-03T05:00:00.0,5,0.0
2018-02-03T06:00:00.0,6,0.0
2018-02-03T07:00:00.0,7,0.0
2018-02-03T08:00:00.0,8,0.0
2018-02-03T09:00:00.0,9,0.0
2018-02-03T10:00:00.0,10,0.0
2018-02-03T11:00:00.0,11,0.0
2018-02-03T12:00:00.0,12,0.0
2018-02-03T13:00:00.0,13,4.6583665
2018-02-03T14:00:00.0,14,56.28216241666666
2018-02-03T15:00:00.0,15,138.91352633333335
2018-02-03T16:00:00.0,16,201.4361384166667
2018-02-03T17:00:00.0,17,224.35784120833333
2018-02-03T18:00:00.0,18,167.19404979166666
2018-02-03T19:00:00.0,19,197.96286324999997
2018-02-03T20:00:00.0,20,270.383219375
2018-02-03T21:00:00.0,21,296.5548465416667
2018-02-03T22:00:00.0,22,267.63175262500005
2018-02-03T23:00:00.0,23,127.89494395833334
2018-02-04T00:00:00.0,0,4.5717425
2018-02-04T01:00:00.0,1,0.0
2018-02-04T02:00:00.0,2,0.0
2018-02-04T03:00:00.0,3,0.0
2018-02-04T04:00:00.0,4,0.0
2018-02-04T05:00:00.0,5,0.0
2018-02-04T06:00:00.0,6,0.0
2018-02-04T07:00:00.0,7,0.0
2018-02-04T08:00:00.0,8,0.0
2018-02-04T09:00:00.0,9,0.0
2018-02-04T10:00:00.0,10,0.0
2018-02-04T11:00:00.0,11,0.0
2018-02-04T12:00:00.0,12,0.0
2018-02-04T13:00:00.0,13,16.9719145
2018-02-04T14:00:00.0,14,150.84398745833332
2018-02-04T15:00:00.0,15,337.50200804166667
2018-02-04T16:00:00.0,16,378.27192404166664
2018-02-04T17:00:00.0,17,399.0177584166667
2018-02-04T18:00:00.0,18,426.02840741666665
2018-02-04T19:00:00.0,19,427.58055487499996
2018-02-04T20:00:00.0,20,439.57308500000016
2018-02-04T21:00:00.0,21,442.9237544166667
2018-02-04T22:00:00.0,22,415.72847058333326
2018-02-04T23:00:00.0,23,174.978799125
2018-02-05T00:00:00.0,0,5.980513083333335
2018-02-05T01:00:00.0,1,0.0
2018-02-05T02:00:00.0,2,0.0
2018-02-05T03:00:00.0,3,0.0
2018-02-05T04:00:00.0,4,0.0
2018-02-05T05:00:00.0,5,0.0
2018-02-05T06:00:00.0,6,0.0
2018-02-05T07:00:00.0,7,0.0
2018-02-05T08:00:00.0,8,0.0
2018-02-05T09:00:00.0,9,0.0
2018-02-05T10:00:00.0,10,0.0
2018-02-05T11:00:00.0,11,0.0
2018-02-05T12:00:00.0,12,0.0
2018-02-05T13:00:00.0,13,21.567100291666666
2018-02-05T14:00:00.0,14,209.94679841666667
2018-02-05T15:00:00.0,15,178.785798125
2018-02-05T16:00:00.0,16,198.72442775000005
2018-02-05T17:00:00.0,17,286.7666149583334
2018-02-05T18:00:00.0,18,403.67448450000006
2018-02-05T19:00:00.0,19,363.4947710833333
2018-02-05T20:00:00.0,20,295.710281
2018-02-05T21:00:00.0,21,300.25600425
2018-02-05T22:00:00.0,22,353.6936807916666
2018-02-05T23:00:00.0,23,191.93640408333331
2018-02-06T00:00:00.0,0,7.129773625000001
2018-02-06T01:00:00.0,1,0.0
2018-02-06T02:00:00.0,2,0.0
2018-02-06T03:00:00.0,3,0.0
2018-02-06T04:00:00.0,4,0.0
2018-02-06T05:00:00.0,5,0.0
2018-02-06T06:00:00.0,6,0.0
2018-02-06T07:00:00.0,7,0.0
2018-02-06T08:00:00.0,8,0.0
2018-02-06T09:00:00.0,9,0.0
2018-02-06T10:00:00.0,10,0.0
2018-02-06T11:00:00.0,11,0.0
2018-02-06T12:00:00.0,12,0.0
2018-02-06T13:00:00.0,13,15.028342499999999
2018-02-06T14:00:00.0,14,98.73251608333332
2018-02-06T15:00:00.0,15,36.00895604166666
2018-02-06T16:00:00.0,16,74.4396815
2018-02-06T17:00:00.0,17,109.699781375
2018-02-06T18:00:00.0,18,158.35967879166665
2018-02-06T19:00:00.0,19,190.697384625
2018-02-06T20:00:00.0,20,186.48235408333332
2018-02-06T21:00:00.0,21,132.89632050000003
2018-02-06T22:00:00.0,22,83.20319766666667
2018-02-06T23:00:00.0,23,25.556629250000004
2018-02-07T00:00:00.0,0,1.1418637500000002
2018-02-07T01:00:00.0,1,0.0
2018-02-07T02:00:00.0,2,0.0
2018-02-07T03:00:00.0,3,0.0
2018-02-07T04:00:00.0,4,0.0
2018-02-07T05:00:00.0,5,0.0
2018-02-07T06:00:00.0,6,0.0
2018-02-07T07:00:00.0,7,0.0
2018-02-07T08:00:00.0,8,0.0
2018-02-07T09:00:00.0,9,0.0
2018-02-07T10:00:00.0,10,0.0
2018-02-07T11:00:00.0,11,0.0
2018-02-07T12:00:00.0,12,0.0
2018-02-07T13:00:00.0,13,5.7048281250000015
2018-02-07T14:00:00.0,14,113.70505454166668
2018-02-07T15:00:00.0,15,222.58056566666667
2018-02-07T16:00:00.0,16,288.51793795833333
2018-02-07T17:00:00.0,17,294.74179975000004
2018-02-07T18:00:00.0,18,321.77810125
2018-02-07T19:00:00.0,19,305.89682750000003
2018-02-07T20:00:00.0,20,311.41366029166664
2018-02-07T21:00:00.0,21,295.88795345833336
2018-02-07T22:00:00.0,22,268.634824625
2018-02-07T23:00:00.0,23,131.14939975000004
2018-02-08T00:00:00.0,0,8.183627208333332
2018-02-08T01:00:00.0,1,0.0
2018-02-08T02:00:00.0,2,0.0
2018-02-08T03:00:00.0,3,0.0
2018-02-08T04:00:00.0,4,0.0
2018-02-08T05:00:00.0,5,0.0
2018-02-08T06:00:00.0,6,0.0
2018-02-08T07:00:00.0,7,0.0
2018-02-08T08:00:00.0,8,0.0
2018-02-08T09:00:00.0,9,0.0
2018-02-08T10:00:00.0,10,0.0
2018-02-08T11:00:00.0,11,0.0
2018-02-08T12:00:00.0,12,0.0
2018-02-08T13:00:00.0,13,49.65632408333334
2018-02-08T14:00:00.0,14,327.62948087499996
2018-02-08T15:00:00.0,15,527.7989732499999
2018-02-08T16:00:00.0,16,561.6711884583334
2018-02-08T17:00:00.0,17,541.9635791249999
2018-02-08T18:00:00.0,18,524.0305611250001
2018-02-08T19:00:00.0,19,485.91169958333336
2018-02-08T20:00:00.0,20,465.7978687083333
2018-02-08T21:00:00.0,21,453.2940420833334
2018-02-08T22:00:00.0,22,373.07689654166666
2018-02-08T23:00:00.0,23,133.5648399166667
2018-02-09T00:00:00.0,0,7.763319041666666
2018-02-09T01:00:00.0,1,0.0
2018-02-09T02:00:00.0,2,0.0
2018-02-09T03:00:00.0,3,0.0
2018-02-09T04:00:00.0,4,0.0
2018-02-09T05:00:00.0,5,0.0
2018-02-09T06:00:00.0,6,0.0
2018-02-09T07:00:00.0,7,0.0
2018-02-09T08:00:00.0,8,0.0
2018-02-09T09:00:00.0,9,0.0
2018-02-09T10:00:00.0,10,0.0
2018-02-09T11:00:00.0,11,0.0
2018-02-09T12:00:00.0,12,0.0
2018-02-09T13:00:00.0,13,21.891061000000004
2018-02-09T14:00:00.0,14,155.37910116666666
2018-02-09T15:00:00.0,15,268.09225345833335
2018-02-09T16:00:00.0,16,319.4759461666667
2018-02-09T17:00:00.0,17,343.60131837499995
2018-02-09T18:00:00.0,18,337.90432154166666
2018-02-09T19:00:00.0,19,371.80102112500003
2018-02-09T20:00:00.0,20,371.90942875
2018-02-09T21:00:00.0,21,298.2933532916667
2018-02-09T22:00:00.0,22,211.02638704166665
2018-02-09T23:00:00.0,23,112.73229033333332
2018-02-10T00:00:00.0,0,8.349419874999999
2018-02-10T01:00:00.0,1,0.0
2018-02-10T02:00:00.0,2,0.0
2018-02-10T03:00:00.0,3,0.0
2018-02-10T04:00:00.0,4,0.0
2018-02-10T05:00:00.0,5,0.0
2018-02-10T06:00:00.0,6,0.0
2018-02-10T07:00:00.0,7,0.0
2018-02-10T08:00:00.0,8,0.0
2018-02-10T09:00:00.0,9,0.0
2018-02-10T10:00:00.0,10,0.0
2018-02-10T11:00:00.0,11,0.0
2018-02-10T12:00:00.0,12,0.0
2018-02-10T13:00:00.0,13,7.549432583333334
2018-02-10T14:00:00.0,14,73.882463375
2018-02-10T15:00:00.0,15,71.055439375
2018-02-10T16:00:00.0,16,128.76496345833334
2018-02-10T17:00:00.0,17,174.14097787499998
2018-02-10T18:00:00.0,18,213.651161375
2018-02-10T19:00:00.0,19,272.1289407916667
2018-02-10T20:00:00.0,20,306.0593642916667
2018-02-10T21:00:00.0,21,296.837583875
2018-02-10T22:00:00.0,22,250.52779404166665
2018-02-10T23:00:00.0,23,155.59061287499998
2018-02-11T00:00:00.0,0,10.955537541666667
2018-02-11T01:00:00.0,1,0.0
2018-02-11T02:00:00.0,2,0.0
2018-02-11T03:00:00.0,3,0.0
2018-02-11T04:00:00.0,4,0.0
2018-02-11T05:00:00.0,5,0.0
2018-02-11T06:00:00.0,6,0.0
2018-02-11T07:00:00.0,7,0.0
2018-02-11T08:00:00.0,8,0.0
2018-02-11T09:00:00.0,9,0.0
2018-02-11T10:00:00.0,10,0.0
2018-02-11T11:00:00.0,11,0.0
2018-02-11T12:00:00.0,12,0.0
2018-02-11T13:00:00.0,13,45.16436341666667
2018-02-11T14:00:00.0,14,103.93804066666667
2018-02-11T15:00:00.0,15,197.494882375
2018-02-11T16:00:00.0,16,203.514925125
2018-02-11T17:00:00.0,17,236.42530945833334
2018-02-11T18:00:00.0,18,239.5682337916667
2018-02-11T19:00:00.0,19,254.71931704166673
2018-02-11T20:00:00.0,20,304.7526352083334
2018-02-11T21:00:00.0,21,331.68843333333336
2018-02-11T22:00:00.0,22,330.107310375
2018-02-11T23:00:00.0,23,175.039787875
2018-02-12T00:00:00.0,0,7.084771916666664
2018-02-12T01:00:00.0,1,0.0
2018-02-12T02:00:00.0,2,0.0
2018-02-12T03:00:00.0,3,0.0
2018-02-12T04:00:00.0,4,0.0
2018-02-12T05:00:00.0,5,0.0
2018-02-12T06:00:00.0,6,0.0
2018-02-12T07:00:00.0,7,0.0
2018-02-12T08:00:00.0,8,0.0
2018-02-12T09:00:00.0,9,0.0
2018-02-12T10:00:00.0,10,0.0
2018-02-12T11:00:00.0,11,0.0
2018-02-12T12:00:00.0,12,0.0
2018-02-12T13:00:00.0,13,37.78100245833333
2018-02-12T14:00:00.0,14,213.24107595833334
2018-02-12T15:00:00.0,15,344.6216429583333
2018-02-12T16:00:00.0,16,379.0890949166666
2018-02-12T17:00:00.0,17,373.7225535
2018-02-12T18:00:00.0,18,398.54023995833336
2018-02-12T19:00:00.0,19,406.8879193750001
2018-02-12T20:00:00.0,20,449.5296854166667
2018-02-12T21:00:00.0,21,464.91305629166663
2018-02-12T22:00:00.0,22,397.53237341666676
2018-02-12T23:00:00.0,23,217.53093729166667
2018-02-13T00:00:00.0,0,12.916116541666668
2018-02-13T01:00:00.0,1,0.0
2018-02-13T02:00:00.0,2,0.0
2018-02-13T03:00:00.0,3,0.0
2018-02-13T04:00:00.0,4,0.0
2018-02-13T05:00:00.0,5,0.0
2018-02-13T06:00:00.0,6,0.0
2018-02-13T07:00:00.0,7,0.0
2018-02-13T08:00:00.0,8,0.0
2018-02-13T09:00:00.0,9,0.0
2018-02-13T10:00:00.0,10,0.0
2018-02-13T11:00:00.0,11,0.0
2018-02-13T12:00:00.0,12,0.0
2018-02-13T13:00:00.0,13,14.789542125000002
2018-02-13T14:00:00.0,14,121.13263508333335
2018-02-13T15:00:00.0,15,95.63238333333332
2018-02-13T16:00:00.0,16,115.11223395833333
2018-02-13T17:00:00.0,17,173.93351783333333
2018-02-13T18:00:00.0,18,251.13237933333335
2018-02-13T19:00:00.0,19,282.4347672916667
2018-02-13T20:00:00.0,20,277.90822345833334
2018-02-13T21:00:00.0,21,247.2462391666667
2018-02-13T22:00:00.0,22,229.94756708333333
2018-02-13T23:00:00.0,23,115.74634070833334
2018-02-14T00:00:00.0,0,8.628396041666665
2018-02-14T01:00:00.0,1,0.0
2018-02-14T02:00:00.0,2,0.0
2018-02-14T03:00:00.0,3,0.0
2018-02-14T04:00:00.0,4,0.0
2018-02-14T05:00:00.0,5,0.0
2018-02-14T06:00:00.0,6,0.0
2018-02-14T07:00:00.0,7,0.0
2018-02-14T08:00:00.0,8,0.0
2018-02-14T09:00:00.0,9,0.0
2018-02-14T10:00:00.0,10,0.0
2018-02-14T11:00:00.0,11,0.0
2018-02-14T12:00:00.0,12,0.0
2018-02-14T13:00:00.0,13,8.951457875000001
2018-02-14T14:00:00.0,14,94.35799616666667
2018-02-14T15:00:00.0,15,133.08092391666668
2018-02-14T16:00:00.0,16,222.12553741666673
2018-02-14T17:00:00.0,17,272.1670979583334
2018-02-14T18:00:00.0,18,341.792211
2018-02-14T19:00:00.0,19,353.81332341666666
2018-02-14T20:00:00.0,20,442.08953804166663
2018-02-14T21:00:00.0,21,456.70993433333336
2018-02-14T22:00:00.0,22,417.414406625
2018-02-14T23:00:00.0,23,189.65337583333334
2018-02-15T00:00:00.0,0,9.064786624999998
2018-02-15T01:00:00.0,1,0.0
2018-02-15T02:00:00.0,2,0.0
2018-02-15T03:00:00.0,3,0.0
2018-02-15T04:00:00.0,4,0.0
2018-02-15T05:00:00.0,5,0.0
2018-02-15T06:00:00.0,6,0.0
2018-02-15T07:00:00.0,7,0.0
2018-02-15T08:00:00.0,8,0.0
2018-02-15T09:00:00.0,9,0.0
2018-02-15T10:00:00.0,10,0.0
2018-02-15T11:00:00.0,11,0.0
2018-02-15T12:00:00.0,12,0.0
2018-02-15T13:00:00.0,13,49.34686541666667
2018-02-15T14:00:00.0,14,164.83777162500002
2018-02-15T15:00:00.0,15,250.14363416666666
2018-02-15T16:00:00.0,16,210.64923954166667
2018-02-15T17:00:00.0,17,265.7327262083333
2018-02-15T18:00:00.0,18,316.7639804583334
2018-02-15T19:00:00.0,19,323.8738687083333
2018-02-15T20:00:00.0,20,316.69847070833333
2018-02-15T21:00:00.0,21,265.72218187500005
2018-02-15T22:00:00.0,22,257.1998729583334
2018-02-15T23:00:00.0,23,114.77585800000001
2018-02-16T00:00:00.0,0,3.737282083333333
2018-02-16T01:00:00.0,1,0.0
2018-02-16T02:00:00.0,2,0.0
2018-02-16T03:00:00.0,3,0.0
2018-02-16T04:00:00.0,4,0.0
2018-02-16T05:00:00.0,5,0.0
2018-02-16T06:00:00.0,6,0.0
2018-02-16T07:00:00.0,7,0.0
2018-02-16T08:00:00.0,8,0.0
2018-02-16T09:00:00.0,9,0.0
2018-02-16T10:00:00.0,10,0.0
2018-02-16T11:00:00.0,11,0.0
2018-02-16T12:00:00.0,12,0.0
2018-02-16T13:00:00.0,13,37.121116083333334
2018-02-16T14:00:00.0,14,78.63288891666667
2018-02-16T15:00:00.0,15,144.290849
2018-02-16T16:00:00.0,16,203.1536455416667
2018-02-16T17:00:00.0,17,261.8220592083333
2018-02-16T18:00:00.0,18,343.4474607083334
2018-02-16T19:00:00.0,19,320.6491419166667
2018-02-16T20:00:00.0,20,283.1663396666667
2018-02-16T21:00:00.0,21,211.03805787500002
2018-02-16T22:00:00.0,22,141.7095342916667
2018-02-16T23:00:00.0,23,54.75276104166667
2018-02-17T00:00:00.0,0,3.5102264166666672
2018-02-17T01:00:00.0,1,0.0
2018-02-17T02:00:00.0,2,0.0
2018-02-17T03:00:00.0,3,0.0
2018-02-17T04:00:00.0,4,0.0
2018-02-17T05:00:00.0,5,0.0
2018-02-17T06:00:00.0,6,0.0
2018-02-17T07:00:00.0,7,0.0
2018-02-17T08:00:00.0,8,0.0
2018-02-17T09:00:00.0,9,0.0
2018-02-17T10:00:00.0,10,0.0
2018-02-17T11:00:00.0,11,0.0
2018-02-17T12:00:00.0,12,0.0
2018-02-17T13:00:00.0,13,46.156248500000004
2018-02-17T14:00:00.0,14,258.185129
2018-02-17T15:00:00.0,15,414.3735553333333
2018-02-17T16:00:00.0,16,339.43771725
2018-02-17T17:00:00.0,17,355.79724825
2018-02-17T18:00:00.0,18,346.05606566666665
2018-02-17T19:00:00.0,19,352.1489299166667
2018-02-17T20:00:00.0,20,348.82335954166666
2018-02-17T21:00:00.0,21,310.51883754166664
2018-02-17T22:00:00.0,22,222.841098375
2018-02-17T23:00:00.0,23,149.36269825000002
2018-02-18T00:00:00.0,0,14.4427315
2018-02-18T01:00:00.0,1,0.0
2018-02-18T02:00:00.0,2,0.0
2018-02-18T03:00:00.0,3,0.0
2018-02-18T04:00:00.0,4,0.0
2018-02-18T05:00:00.0,5,0.0
2018-02-18T06:00:00.0,6,0.0
2018-02-18T07:00:00.0,7,0.0
2018-02-18T08:00:00.0,8,0.0
2018-02-18T09:00:00.0,9,0.0
2018-02-18T10:00:00.0,10,0.0
2018-02-18T11:00:00.0,11,0.0
2018-02-18T12:00:00.0,12,0.0
2018-02-18T13:00:00.0,13,47.31715520833333
2018-02-18T14:00:00.0,14,40.916128083333334
2018-02-18T15:00:00.0,15,77.88946495833333
2018-02-18T16:00:00.0,16,195.843893125
2018-02-18T17:00:00.0,17,318.67766774999996
2018-02-18T18:00:00.0,18,380.1930920833333
2018-02-18T19:00:00.0,19,386.9711471250001
2018-02-18T20:00:00.0,20,405.2464279583334
2018-02-18T21:00:00.0,21,468.8843385
2018-02-18T22:00:00.0,22,428.79675525
2018-02-18T23:00:00.0,23,200.61923025000002
2018-02-19T00:00:00.0,0,15.139539374999998
2018-02-19T01:00:00.0,1,0.0
2018-02-19T02:00:00.0,2,0.0
2018-02-19T03:00:00.0,3,0.0
2018-02-19T04:00:00.0,4,0.0
2018-02-19T05:00:00.0,5,0.0
2018-02-19T06:00:00.0,6,0.0
2018-02-19T07:00:00.0,7,0.0
2018-02-19T08:00:00.0,8,0.0
2018-02-19T09:00:00.0,9,0.0
2018-02-19T10:00:00.0,10,0.0
2018-02-19T11:00:00.0,11,0.0
2018-02-19T12:00:00.0,12,0.0
2018-02-19T13:00:00.0,13,41.30290620833333
2018-02-19T14:00:00.0,14,162.92683816666667
2018-02-19T15:00:00.0,15,248.30229512499997
2018-02-19T16:00:00.0,16,267.42426325
2018-02-19T17:00:00.0,17,295.2987247916667
2018-02-19T18:00:00.0,18,395.77814879166675
2018-02-19T19:00:00.0,19,358.7569286666667
2018-02-19T20:00:00.0,20,295.4364268333333
2018-02-19T21:00:00.0,21,201.0613104583334
2018-02-19T22:00:00.0,22,115.15143937500001
2018-02-19T23:00:00.0,23,58.40722216666668
2018-02-20T00:00:00.0,0,3.080670583333333
2018-02-20T01:00:00.0,1,0.0
2018-02-20T02:00:00.0,2,0.0
2018-02-20T03:00:00.0,3,0.0
2018-02-20T04:00:00.0,4,0.0
2018-02-20T05:00:00.0,5,0.0
2018-02-20T06:00:00.0,6,0.0
2018-02-20T07:00:00.0,7,0.0
2018-02-20T08:00:00.0,8,0.0
2018-02-20T09:00:00.0,9,0.0
2018-02-20T10:00:00.0,10,0.0
2018-02-20T11:00:00.0,11,0.0
2018-02-20T12:00:00.0,12,0.0
2018-02-20T13:00:00.0,13,8.802029625000001
2018-02-20T14:00:00.0,14,131.61248554166667
2018-02-20T15:00:00.0,15,277.68584741666666
2018-02-20T16:00:00.0,16,334.829668875
2018-02-20T17:00:00.0,17,302.63676195833335
2018-02-20T18:00:00.0,18,318.7303454583334
2018-02-20T19:00:00.0,19,325.452110125
2018-02-20T20:00:00.0,20,339.03113145833333
2018-02-20T21:00:00.0,21,340.830946
2018-02-20T22:00:00.0,22,289.4419762916667
2018-02-20T23:00:00.0,23,161.33542737500002
2018-02-21T00:00:00.0,0,14.964424333333339
2018-02-21T01:00:00.0,1,0.0
2018-02-21T02:00:00.0,2,0.0
2018-02-21T03:00:00.0,3,0.0
2018-02-21T04:00:00.0,4,0.0
2018-02-21T05:00:00.0,5,0.0
2018-02-21T06:00:00.0,6,0.0
2018-02-21T07:00:00.0,7,0.0
2018-02-21T08:00:00.0,8,0.0
2018-02-21T09:00:00.0,9,0.0
2018-02-21T10:00:00.0,10,0.0
2018-02-21T11:00:00.0,11,0.0
2018-02-21T12:00:00.0,12,0.0
2018-02-21T13:00:00.0,13,43.619987875
2018-02-21T14:00:00.0,14,98.34663770833333
2018-02-21T15:00:00.0,15,54.594924791666664
2018-02-21T16:00:00.0,16,79.87966804166668
2018-02-21T17:00:00.0,17,80.91588287500001
2018-02-21T18:00:00.0,18,101.67587312500001
2018-02-21T19:00:00.0,19,124.43916841666667
2018-02-21T20:00:00.0,20,127.40514379166666
2018-02-21T21:00:00.0,21,149.53218583333333
2018-02-21T22:00:00.0,22,169.685837875
2018-02-21T23:00:00.0,23,191.82421204166667
2018-02-22T00:00:00.0,0,24.09297254166667
2018-02-22T01:00:00.0,1,0.0
2018-02-22T02:00:00.0,2,0.0
2018-02-22T03:00:00.0,3,0.0
2018-02-22T04:00:00.0,4,0.0
2018-02-22T05:00:00.0,5,0.0
2018-02-22T06:00:00.0,6,0.0
2018-02-22T07:00:00.0,7,0.0
2018-02-22T08:00:00.0,8,0.0
2018-02-22T09:00:00.0,9,0.0
2018-02-22T10:00:00.0,10,0.0
2018-02-22T11:00:00.0,11,0.0
2018-02-22T12:00:00.0,12,0.0
2018-02-22T13:00:00.0,13,50.644745916666665
2018-02-22T14:00:00.0,14,142.1621542083333
2018-02-22T15:00:00.0,15,92.31791904166666
2018-02-22T16:00:00.0,16,118.906541625
2018-02-22T17:00:00.0,17,154.95091354166667
2018-02-22T18:00:00.0,18,158.175707375
2018-02-22T19:00:00.0,19,176.76568520833334
2018-02-22T20:00:00.0,20,147.5684934583333
2018-02-22T21:00:00.0,21,165.43290333333334
2018-02-22T22:00:00.0,22,179.38588391666667
2018-02-22T23:00:00.0,23,144.04567120833335
2018-02-23T00:00:00.0,0,11.984331249999999
2018-02-23T01:00:00.0,1,0.0
2018-02-23T02:00:00.0,2,0.0
2018-02-23T03:00:00.0,3,0.0
2018-02-23T04:00:00.0,4,0.0
2018-02-23T05:00:00.0,5,0.0
2018-02-23T06:00:00.0,6,0.0
2018-02-23T07:00:00.0,7,0.0
2018-02-23T08:00:00.0,8,0.0
2018-02-23T09:00:00.0,9,0.0
2018-02-23T10:00:00.0,10,0.0
2018-02-23T11:00:00.0,11,0.0
2018-02-23T12:00:00.0,12,0.0
2018-02-23T13:00:00.0,13,41.35534629166667
2018-02-23T14:00:00.0,14,140.69756516666666
2018-02-23T15:00:00.0,15,123.84971675000001
2018-02-23T16:00:00.0,16,166.84899845833334
2018-02-23T17:00:00.0,17,248.84210716666666
2018-02-23T18:00:00.0,18,296.1295848333333
2018-02-23T19:00:00.0,19,417.00653033333333
2018-02-23T20:00:00.0,20,457.3368941250001
2018-02-23T21:00:00.0,21,460.5549251666666
2018-02-23T22:00:00.0,22,417.78284641666664
2018-02-23T23:00:00.0,23,209.8196207916667
2018-02-24T00:00:00.0,0,21.44022658333333
2018-02-24T01:00:00.0,1,0.0
2018-02-24T02:00:00.0,2,0.0
2018-02-24T03:00:00.0,3,0.0
2018-02-24T04:00:00.0,4,0.0
2018-02-24T05:00:00.0,5,0.0
2018-02-24T06:00:00.0,6,0.0
2018-02-24T07:00:00.0,7,0.0
2018-02-24T08:00:00.0,8,0.0
2018-02-24T09:00:00.0,9,0.0
2018-02-24T10:00:00.0,10,0.0
2018-02-24T11:00:00.0,11,0.0
2018-02-24T12:00:00.0,12,0.0
2018-02-24T13:00:00.0,13,24.96034258333334
2018-02-24T14:00:00.0,14,179.04948033333335
2018-02-24T15:00:00.0,15,331.4937452916667
2018-02-24T16:00:00.0,16,363.26895204166675
2018-02-24T17:00:00.0,17,365.6104708333334
2018-02-24T18:00:00.0,18,363.6984745416667
2018-02-24T19:00:00.0,19,399.41934687500003
2018-02-24T20:00:00.0,20,337.01102195833334
2018-02-24T21:00:00.0,21,360.47172779166675
2018-02-24T22:00:00.0,22,330.8746246666667
2018-02-24T23:00:00.0,23,216.87848095833328
2018-02-25T00:00:00.0,0,27.673302625
2018-02-25T01:00:00.0,1,0.0
2018-02-25T02:00:00.0,2,0.0
2018-02-25T03:00:00.0,3,0.0
2018-02-25T04:00:00.0,4,0.0
2018-02-25T05:00:00.0,5,0.0
2018-02-25T06:00:00.0,6,0.0
2018-02-25T07:00:00.0,7,0.0
2018-02-25T08:00:00.0,8,0.0
2018-02-25T09:00:00.0,9,0.0
2018-02-25T10:00:00.0,10,0.0
2018-02-25T11:00:00.0,11,0.0
2018-02-25T12:00:00.0,12,0.0
2018-02-25T13:00:00.0,13,17.722735708333335
2018-02-25T14:00:00.0,14,166.143837875
2018-02-25T15:00:00.0,15,277.3568153333334
2018-02-25T16:00:00.0,16,294.9436838333333
2018-02-25T17:00:00.0,17,338.68874837499993
2018-02-25T18:00:00.0,18,365.5633152083333
2018-02-25T19:00:00.0,19,371.4488949166667
2018-02-25T20:00:00.0,20,391.7033730416667
2018-02-25T21:00:00.0,21,367.41881725
2018-02-25T22:00:00.0,22,348.36719308333335
2018-02-25T23:00:00.0,23,230.80823445833332
2018-02-26T00:00:00.0,0,32.026656541666675
2018-02-26T01:00:00.0,1,0.0
2018-02-26T02:00:00.0,2,0.0
2018-02-26T03:00:00.0,3,0.0
2018-02-26T04:00:00.0,4,0.0
2018-02-26T05:00:00.0,5,0.0
2018-02-26T06:00:00.0,6,0.0
2018-02-26T07:00:00.0,7,0.0
2018-02-26T08:00:00.0,8,0.0
2018-02-26T09:00:00.0,9,0.0
2018-02-26T10:00:00.0,10,0.0
2018-02-26T11:00:00.0,11,0.0
2018-02-26T12:00:00.0,12,0.0
2018-02-26T13:00:00.0,13,46.322819708333334
2018-02-26T14:00:00.0,14,230.93407745833335
2018-02-26T15:00:00.0,15,371.4365900000001
2018-02-26T16:00:00.0,16,432.0884316666666
2018-02-26T17:00:00.0,17,569.183494875
2018-02-26T18:00:00.0,18,576.5276179166668
2018-02-26T19:00:00.0,19,596.704120625
2018-02-26T20:00:00.0,20,585.8722583749999
2018-02-26T21:00:00.0,21,550.2810080416667
2018-02-26T22:00:00.0,22,459.00714975000005
2018-02-26T23:00:00.0,23,222.07048620833336
2018-02-27T00:00:00.0,0,28.073365875000004
2018-02-27T01:00:00.0,1,0.0
2018-02-27T02:00:00.0,2,0.0
2018-02-27T03:00:00.0,3,0.0
2018-02-27T04:00:00.0,4,0.0
2018-02-27T05:00:00.0,5,0.0
2018-02-27T06:00:00.0,6,0.0
2018-02-27T07:00:00.0,7,0.0
2018-02-27T08:00:00.0,8,0.0
2018-02-27T09:00:00.0,9,0.0
2018-02-27T10:00:00.0,10,0.0
2018-02-27T11:00:00.0,11,0.0
2018-02-27T12:00:00.0,12,0.08152
2018-02-27T13:00:00.0,13,34.86167304166667
2018-02-27T14:00:00.0,14,78.79873858333336
2018-02-27T15:00:00.0,15,70.36537075
2018-02-27T16:00:00.0,16,134.41501133333335
2018-02-27T17:00:00.0,17,218.84009712500003
2018-02-27T18:00:00.0,18,328.0758633333333
2018-02-27T19:00:00.0,19,393.41254287500004
2018-02-27T20:00:00.0,20,341.0127913333333
2018-02-27T21:00:00.0,21,329.17309220833334
2018-02-27T22:00:00.0,22,193.15347920833332
2018-02-27T23:00:00.0,23,63.03391204166667
2018-02-28T00:00:00.0,0,4.573706708333334
2018-02-28T01:00:00.0,1,0.0
2018-02-28T02:00:00.0,2,0.0
2018-02-28T03:00:00.0,3,0.0
2018-02-28T04:00:00.0,4,0.0
2018-02-28T05:00:00.0,5,0.0
2018-02-28T06:00:00.0,6,0.0
2018-02-28T07:00:00.0,7,0.0
2018-02-28T08:00:00.0,8,0.0
2018-02-28T09:00:00.0,9,0.0
2018-02-28T10:00:00.0,10,0.0
2018-02-28T11:00:00.0,11,0.0
2018-02-28T12:00:00.0,12,0.19553791666666667
2018-02-28T13:00:00.0,13,49.80141454166667
2018-02-28T14:00:00.0,14,86.03048804166667
2018-02-28T15:00:00.0,15,163.749766625
2018-02-28T16:00:00.0,16,270.06608366666666
2018-02-28T17:00:00.0,17,340.56200462500004
2018-02-28T18:00:00.0,18,363.9271810833333
2018-02-28T19:00:00.0,19,362.11901716666665
2018-02-28T20:00:00.0,20,381.13667291666667
2018-02-28T21:00:00.0,21,376.641609625
2018-02-28T22:00:00.0,22,211.912717125
2018-02-28T23:00:00.0,23,79.66937983333334
2018-03-01T00:00:00.0,0,5.225250458333333
2018-03-01T01:00:00.0,1,0.0
2018-03-01T02:00:00.0,2,0.0
2018-03-01T03:00:00.0,3,0.0
2018-03-01T04:00:00.0,4,0.0
2018-03-01T05:00:00.0,5,0.0
2018-03-01T06:00:00.0,6,0.0
2018-03-01T07:00:00.0,7,0.0
2018-03-01T08:00:00.0,8,0.0
2018-03-01T09:00:00.0,9,0.0
2018-03-01T10:00:00.0,10,0.0
2018-03-01T11:00:00.0,11,0.0
2018-03-01T12:00:00.0,12,0.127155
2018-03-01T13:00:00.0,13,58.77349904166667
2018-03-01T14:00:00.0,14,235.45300437499998
2018-03-01T15:00:00.0,15,363.74692574999995
2018-03-01T16:00:00.0,16,487.8351414166666
2018-03-01T17:00:00.0,17,559.453474625
2018-03-01T18:00:00.0,18,587.6364702083334
2018-03-01T19:00:00.0,19,575.1893532083333
2018-03-01T20:00:00.0,20,564.3358091666668
2018-03-01T21:00:00.0,21,541.1886722083333
2018-03-01T22:00:00.0,22,470.92845558333346
2018-03-01T23:00:00.0,23,258.12445220833337
2018-03-02T00:00:00.0,0,38.588925708333335
2018-03-02T01:00:00.0,1,0.0
2018-03-02T02:00:00.0,2,0.0
2018-03-02T03:00:00.0,3,0.0
2018-03-02T04:00:00.0,4,0.0
2018-03-02T05:00:00.0,5,0.0
2018-03-02T06:00:00.0,6,0.0
2018-03-02T07:00:00.0,7,0.0
2018-03-02T08:00:00.0,8,0.0
2018-03-02T09:00:00.0,9,0.0
2018-03-02T10:00:00.0,10,0.0
2018-03-02T11:00:00.0,11,0.0
2018-03-02T12:00:00.0,12,0.2560729166666667
2018-03-02T13:00:00.0,13,97.963160625
2018-03-02T14:00:00.0,14,382.6080803333334
2018-03-02T15:00:00.0,15,543.3961221666667
2018-03-02T16:00:00.0,16,572.1308740416667
2018-03-02T17:00:00.0,17,604.15447225
2018-03-02T18:00:00.0,18,602.974041625
2018-03-02T19:00:00.0,19,578.3835981666666
2018-03-02T20:00:00.0,20,553.8153236666666
2018-03-02T21:00:00.0,21,523.4100152083333
2018-03-02T22:00:00.0,22,490.6946203333334
2018-03-02T23:00:00.0,23,309.49717870833337
2018-03-03T00:00:00.0,0,42.17115325000001
2018-03-03T01:00:00.0,1,0.0
2018-03-03T02:00:00.0,2,0.0
2018-03-03T03:00:00.0,3,0.0
2018-03-03T04:00:00.0,4,0.0
2018-03-03T05:00:00.0,5,0.0
2018-03-03T06:00:00.0,6,0.0
2018-03-03T07:00:00.0,7,0.0
2018-03-03T08:00:00.0,8,0.0
2018-03-03T09:00:00.0,9,0.0
2018-03-03T10:00:00.0,10,0.0
2018-03-03T11:00:00.0,11,0.0
2018-03-03T12:00:00.0,12,0.5147979166666666
2018-03-03T13:00:00.0,13,129.16872508333336
2018-03-03T14:00:00.0,14,389.04078116666665
2018-03-03T15:00:00.0,15,483.26732895833334
2018-03-03T16:00:00.0,16,454.8705745416667
2018-03-03T17:00:00.0,17,488.18523683333336
2018-03-03T18:00:00.0,18,457.7585052499999
2018-03-03T19:00:00.0,19,453.1882115000001
2018-03-03T20:00:00.0,20,412.10559920833333
2018-03-03T21:00:00.0,21,359.21833662500006
2018-03-03T22:00:00.0,22,251.99827954166665
2018-03-03T23:00:00.0,23,147.95265537500003
2018-03-04T00:00:00.0,0,17.093419875
2018-03-04T01:00:00.0,1,0.0
2018-03-04T02:00:00.0,2,0.0
2018-03-04T03:00:00.0,3,0.0
2018-03-04T04:00:00.0,4,0.0
2018-03-04T05:00:00.0,5,0.0
2018-03-04T06:00:00.0,6,0.0
2018-03-04T07:00:00.0,7,0.0
2018-03-04T08:00:00.0,8,0.0
2018-03-04T09:00:00.0,9,0.0
2018-03-04T10:00:00.0,10,0.0
2018-03-04T11:00:00.0,11,0.0
2018-03-04T12:00:00.0,12,0.295205
2018-03-04T13:00:00.0,13,32.22020554166667
2018-03-04T14:00:00.0,14,115.88830083333335
2018-03-04T15:00:00.0,15,248.340629875
2018-03-04T16:00:00.0,16,367.6433850416667
2018-03-04T17:00:00.0,17,412.56560462499993
2018-03-04T18:00:00.0,18,405.3055091666666
2018-03-04T19:00:00.0,19,416.924419875
2018-03-04T20:00:00.0,20,442.28120737499995
2018-03-04T21:00:00.0,21,424.9051737916666
2018-03-04T22:00:00.0,22,370.07146704166666
2018-03-04T23:00:00.0,23,232.72193658333333
2018-03-05T00:00:00.0,0,39.51085670833334
2018-03-05T01:00:00.0,1,0.0
2018-03-05T02:00:00.0,2,0.0
2018-03-05T03:00:00.0,3,0.0
2018-03-05T04:00:00.0,4,0.0
2018-03-05T05:00:00.0,5,0.0
2018-03-05T06:00:00.0,6,0.0
2018-03-05T07:00:00.0,7,0.0
2018-03-05T08:00:00.0,8,0.0
2018-03-05T09:00:00.0,9,0.0
2018-03-05T10:00:00.0,10,0.0
2018-03-05T11:00:00.0,11,0.0
2018-03-05T12:00:00.0,12,0.6952908333333333
2018-03-05T13:00:00.0,13,90.83629379166666
2018-03-05T14:00:00.0,14,205.39357829166667
2018-03-05T15:00:00.0,15,344.8183267916666
2018-03-05T16:00:00.0,16,381.5093776666667
2018-03-05T17:00:00.0,17,427.6251661666667
2018-03-05T18:00:00.0,18,410.007168375
2018-03-05T19:00:00.0,19,398.8190085416666
2018-03-05T20:00:00.0,20,376.76846950000004
2018-03-05T21:00:00.0,21,365.57160854166676
2018-03-05T22:00:00.0,22,268.9788749166667
2018-03-05T23:00:00.0,23,100.710505625
2018-03-06T00:00:00.0,0,8.445947624999999
2018-03-06T01:00:00.0,1,0.0
2018-03-06T02:00:00.0,2,0.0
2018-03-06T03:00:00.0,3,0.0
2018-03-06T04:00:00.0,4,0.0
2018-03-06T05:00:00.0,5,0.0
2018-03-06T06:00:00.0,6,0.0
2018-03-06T07:00:00.0,7,0.0
2018-03-06T08:00:00.0,8,0.0
2018-03-06T09:00:00.0,9,0.0
2018-03-06T10:00:00.0,10,0.0
2018-03-06T11:00:00.0,11,0.0
2018-03-06T12:00:00.0,12,1.1497104166666665
2018-03-06T13:00:00.0,13,133.80441179166667
2018-03-06T14:00:00.0,14,459.61632624999993
2018-03-06T15:00:00.0,15,579.0292450833333
2018-03-06T16:00:00.0,16,555.649449
2018-03-06T17:00:00.0,17,560.0036458333334
2018-03-06T18:00:00.0,18,618.87280225
2018-03-06T19:00:00.0,19,626.3056674166666
2018-03-06T20:00:00.0,20,620.5204327916667
2018-03-06T21:00:00.0,21,609.0238988750001
2018-03-06T22:00:00.0,22,571.4442076666668
2018-03-06T23:00:00.0,23,330.6364575
2018-03-07T00:00:00.0,0,43.889269500000005
2018-03-07T01:00:00.0,1,0.0
2018-03-07T02:00:00.0,2,0.0
2018-03-07T03:00:00.0,3,0.0
2018-03-07T04:00:00.0,4,0.0
2018-03-07T05:00:00.0,5,0.0
2018-03-07T06:00:00.0,6,0.0
2018-03-07T07:00:00.0,7,0.0
2018-03-07T08:00:00.0,8,0.0
2018-03-07T09:00:00.0,9,0.0
2018-03-07T10:00:00.0,10,0.0
2018-03-07T11:00:00.0,11,0.0
2018-03-07T12:00:00.0,12,2.7027171666666665
2018-03-07T13:00:00.0,13,189.32427695833334
2018-03-07T14:00:00.0,14,554.39716775
2018-03-07T15:00:00.0,15,649.5747935833334
2018-03-07T16:00:00.0,16,649.7304154999999
2018-03-07T17:00:00.0,17,646.6571235
2018-03-07T18:00:00.0,18,643.5518683333333
2018-03-07T19:00:00.0,19,642.7676634999999
2018-03-07T20:00:00.0,20,644.1243475
2018-03-07T21:00:00.0,21,643.3488215000001
2018-03-07T22:00:00.0,22,612.6318601666666
2018-03-07T23:00:00.0,23,356.541831625
2018-03-08T00:00:00.0,0,36.91725412500001
2018-03-08T01:00:00.0,1,0.0
2018-03-08T02:00:00.0,2,0.0
2018-03-08T03:00:00.0,3,0.0
2018-03-08T04:00:00.0,4,0.0
2018-03-08T05:00:00.0,5,0.0
2018-03-08T06:00:00.0,6,0.0
2018-03-08T07:00:00.0,7,0.0
2018-03-08T08:00:00.0,8,0.0
2018-03-08T09:00:00.0,9,0.0
2018-03-08T10:00:00.0,10,0.0
2018-03-08T11:00:00.0,11,0.0
2018-03-08T12:00:00.0,12,1.0186659166666667
2018-03-08T13:00:00.0,13,59.591695875
2018-03-08T14:00:00.0,14,194.38195020833336
2018-03-08T15:00:00.0,15,356.0569911666667
2018-03-08T16:00:00.0,16,509.0848816666666
2018-03-08T17:00:00.0,17,511.2571519583333
2018-03-08T18:00:00.0,18,576.3613842083333
2018-03-08T19:00:00.0,19,566.5301014166666
2018-03-08T20:00:00.0,20,566.1801862916667
2018-03-08T21:00:00.0,21,528.5247189999999
2018-03-08T22:00:00.0,22,473.2302220000001
2018-03-08T23:00:00.0,23,267.88539725000004
2018-03-09T00:00:00.0,0,42.07729295833334
2018-03-09T01:00:00.0,1,0.0
2018-03-09T02:00:00.0,2,0.0
2018-03-09T03:00:00.0,3,0.0
2018-03-09T04:00:00.0,4,0.0
2018-03-09T05:00:00.0,5,0.0
2018-03-09T06:00:00.0,6,0.0
2018-03-09T07:00:00.0,7,0.0
2018-03-09T08:00:00.0,8,0.0
2018-03-09T09:00:00.0,9,0.0
2018-03-09T10:00:00.0,10,0.0
2018-03-09T11:00:00.0,11,0.0
2018-03-09T12:00:00.0,12,2.7878229166666664
2018-03-09T13:00:00.0,13,135.03502829166666
2018-03-09T14:00:00.0,14,329.0904469583334
2018-03-09T15:00:00.0,15,390.97398274999995
2018-03-09T16:00:00.0,16,499.1535877916667
2018-03-09T17:00:00.0,17,500.82448537499994
2018-03-09T18:00:00.0,18,488.1080414166666
2018-03-09T19:00:00.0,19,461.2186820416666
2018-03-09T20:00:00.0,20,441.02071112499993
2018-03-09T21:00:00.0,21,327.048450875
2018-03-09T22:00:00.0,22,239.6426124583334
2018-03-09T23:00:00.0,23,94.01692695833334
2018-03-10T00:00:00.0,0,17.618689208333333
2018-03-10T01:00:00.0,1,0.0
2018-03-10T02:00:00.0,2,0.0
2018-03-10T03:00:00.0,3,0.0
2018-03-10T04:00:00.0,4,0.0
2018-03-10T05:00:00.0,5,0.0
2018-03-10T06:00:00.0,6,0.0
2018-03-10T07:00:00.0,7,0.0
2018-03-10T08:00:00.0,8,0.0
2018-03-10T09:00:00.0,9,0.0
2018-03-10T10:00:00.0,10,0.0
2018-03-10T11:00:00.0,11,0.0
2018-03-10T12:00:00.0,12,3.1770485833333333
2018-03-10T13:00:00.0,13,126.77428900000001
2018-03-10T14:00:00.0,14,320.1699632500001
2018-03-10T15:00:00.0,15,420.93084145833336
2018-03-10T16:00:00.0,16,441.12848016666663
2018-03-10T17:00:00.0,17,515.6681591666667
2018-03-10T18:00:00.0,18,538.104544625
2018-03-10T19:00:00.0,19,604.4365277916667
2018-03-10T20:00:00.0,20,587.6248629583333
2018-03-10T21:00:00.0,21,559.713316625
2018-03-10T22:00:00.0,22,464.52452204166667
2018-03-10T23:00:00.0,23,173.54618987499998
2018-03-11T00:00:00.0,0,17.615529333333335
2018-03-11T01:00:00.0,1,0.0
2018-03-11T02:00:00.0,2,0.0
2018-03-11T03:00:00.0,3,0.0
2018-03-11T04:00:00.0,4,0.0
2018-03-11T05:00:00.0,5,0.0
2018-03-11T06:00:00.0,6,0.0
2018-03-11T07:00:00.0,7,0.0
2018-03-11T08:00:00.0,8,0.0
2018-03-11T09:00:00.0,9,0.0
2018-03-11T10:00:00.0,10,0.0
2018-03-11T11:00:00.0,11,0.0
2018-03-11T12:00:00.0,12,0.10383916666666666
2018-03-11T13:00:00.0,13,11.094049958333335
2018-03-11T14:00:00.0,14,44.22284879166667
2018-03-11T15:00:00.0,15,103.50325216666668
2018-03-11T16:00:00.0,16,159.963015
2018-03-11T17:00:00.0,17,241.87265591666664
2018-03-11T18:00:00.0,18,272.7296730833333
2018-03-11T19:00:00.0,19,249.64706391666664
2018-03-11T20:00:00.0,20,236.46171683333333
2018-03-11T21:00:00.0,21,267.91445533333336
2018-03-11T22:00:00.0,22,139.29882370833334
2018-03-11T23:00:00.0,23,72.46983049999999
2018-03-12T00:00:00.0,0,7.31281275
2018-03-12T01:00:00.0,1,0.0
2018-03-12T02:00:00.0,2,0.0
2018-03-12T03:00:00.0,3,0.0
2018-03-12T04:00:00.0,4,0.0
2018-03-12T05:00:00.0,5,0.0
2018-03-12T06:00:00.0,6,0.0
2018-03-12T07:00:00.0,7,0.0
2018-03-12T08:00:00.0,8,0.0
2018-03-12T09:00:00.0,9,0.0
2018-03-12T10:00:00.0,10,0.0
2018-03-12T11:00:00.0,11,0.0
2018-03-12T12:00:00.0,12,3.1565638750000002
2018-03-12T13:00:00.0,13,146.4870825
2018-03-12T14:00:00.0,14,365.07928491666667
2018-03-12T15:00:00.0,15,431.1422926666667
2018-03-12T16:00:00.0,16,478.0369213750001
2018-03-12T17:00:00.0,17,547.0406015833333
2018-03-12T18:00:00.0,18,555.9084307500001
2018-03-12T19:00:00.0,19,579.6218690833333
2018-03-12T20:00:00.0,20,633.85859275
2018-03-12T21:00:00.0,21,631.4948215833333
2018-03-12T22:00:00.0,22,598.2951485416667
2018-03-12T23:00:00.0,23,364.47638429166665
2018-03-13T00:00:00.0,0,59.44881487500001
2018-03-13T01:00:00.0,1,0.0
2018-03-13T02:00:00.0,2,0.0
2018-03-13T03:00:00.0,3,0.0
2018-03-13T04:00:00.0,4,0.0
2018-03-13T05:00:00.0,5,0.0
2018-03-13T06:00:00.0,6,0.0
2018-03-13T07:00:00.0,7,0.0
2018-03-13T08:00:00.0,8,0.0
2018-03-13T09:00:00.0,9,0.0
2018-03-13T10:00:00.0,10,0.0
2018-03-13T11:00:00.0,11,0.0
2018-03-13T12:00:00.0,12,3.9771573749999996
2018-03-13T13:00:00.0,13,152.25084454166668
2018-03-13T14:00:00.0,14,445.90349108333334
2018-03-13T15:00:00.0,15,535.0396760833333
2018-03-13T16:00:00.0,16,609.6050251666667
2018-03-13T17:00:00.0,17,622.5686829166667
2018-03-13T18:00:00.0,18,618.8458015833334
2018-03-13T19:00:00.0,19,633.1564096666667
2018-03-13T20:00:00.0,20,638.3178787916668
2018-03-13T21:00:00.0,21,633.6898656666667
2018-03-13T22:00:00.0,22,592.317334375
2018-03-13T23:00:00.0,23,361.3198569583333
2018-03-14T00:00:00.0,0,62.01761566666667
2018-03-14T01:00:00.0,1,0.0
2018-03-14T02:00:00.0,2,0.0
2018-03-14T03:00:00.0,3,0.0
2018-03-14T04:00:00.0,4,0.0
2018-03-14T05:00:00.0,5,0.0
2018-03-14T06:00:00.0,6,0.0
2018-03-14T07:00:00.0,7,0.0
2018-03-14T08:00:00.0,8,0.0
2018-03-14T09:00:00.0,9,0.0
2018-03-14T10:00:00.0,10,0.0
2018-03-14T11:00:00.0,11,0.0
2018-03-14T12:00:00.0,12,8.240987416666668
2018-03-14T13:00:00.0,13,212.1557249583333
2018-03-14T14:00:00.0,14,525.4464319583333
2018-03-14T15:00:00.0,15,605.7932631250001
2018-03-14T16:00:00.0,16,596.8472182500001
2018-03-14T17:00:00.0,17,606.5198162083333
2018-03-14T18:00:00.0,18,611.2079906249999
2018-03-14T19:00:00.0,19,605.8981752083333
2018-03-14T20:00:00.0,20,601.7042162500001
2018-03-14T21:00:00.0,21,596.5241320833335
2018-03-14T22:00:00.0,22,535.9743459583334
2018-03-14T23:00:00.0,23,318.42508870833325
2018-03-15T00:00:00.0,0,49.52390416666668
2018-03-15T01:00:00.0,1,0.0
2018-03-15T02:00:00.0,2,0.0
2018-03-15T03:00:00.0,3,0.0
2018-03-15T04:00:00.0,4,0.0
2018-03-15T05:00:00.0,5,0.0
2018-03-15T06:00:00.0,6,0.0
2018-03-15T07:00:00.0,7,0.0
2018-03-15T08:00:00.0,8,0.0
2018-03-15T09:00:00.0,9,0.0
2018-03-15T10:00:00.0,10,0.0
2018-03-15T11:00:00.0,11,0.0
2018-03-15T12:00:00.0,12,8.597598791666668
2018-03-15T13:00:00.0,13,155.58228783333334
2018-03-15T14:00:00.0,14,334.647582125
2018-03-15T15:00:00.0,15,436.92756470833336
2018-03-15T16:00:00.0,16,463.1469430833333
2018-03-15T17:00:00.0,17,437.43892624999995
2018-03-15T18:00:00.0,18,516.4478454583333
2018-03-15T19:00:00.0,19,468.3757661249999
2018-03-15T20:00:00.0,20,410.83698033333343
2018-03-15T21:00:00.0,21,295.5737955833333
2018-03-15T22:00:00.0,22,253.04593825000003
2018-03-15T23:00:00.0,23,149.38531908333331
2018-03-16T00:00:00.0,0,31.085630999999996
2018-03-16T01:00:00.0,1,0.0
2018-03-16T02:00:00.0,2,0.0
2018-03-16T03:00:00.0,3,0.0
2018-03-16T04:00:00.0,4,0.0
2018-03-16T05:00:00.0,5,0.0
2018-03-16T06:00:00.0,6,0.0
2018-03-16T07:00:00.0,7,0.0
2018-03-16T08:00:00.0,8,0.0
2018-03-16T09:00:00.0,9,0.0
2018-03-16T10:00:00.0,10,0.0
2018-03-16T11:00:00.0,11,0.0
2018-03-16T12:00:00.0,12,5.610796041666667
2018-03-16T13:00:00.0,13,149.27332675
2018-03-16T14:00:00.0,14,319.7311057083333
2018-03-16T15:00:00.0,15,378.67586387499995
2018-03-16T16:00:00.0,16,445.9091116666666
2018-03-16T17:00:00.0,17,481.0878158333333
2018-03-16T18:00:00.0,18,540.087023375
2018-03-16T19:00:00.0,19,473.41948883333333
2018-03-16T20:00:00.0,20,523.8731062500001
2018-03-16T21:00:00.0,21,551.650814
2018-03-16T22:00:00.0,22,522.2823951666667
2018-03-16T23:00:00.0,23,355.6949881666667
2018-03-17T00:00:00.0,0,50.29030141666667
2018-03-17T01:00:00.0,1,0.0
2018-03-17T02:00:00.0,2,0.0
2018-03-17T03:00:00.0,3,0.0
2018-03-17T04:00:00.0,4,0.0
2018-03-17T05:00:00.0,5,0.0
2018-03-17T06:00:00.0,6,0.0
2018-03-17T07:00:00.0,7,0.0
2018-03-17T08:00:00.0,8,0.0
2018-03-17T09:00:00.0,9,0.0
2018-03-17T10:00:00.0,10,0.0
2018-03-17T11:00:00.0,11,0.0
2018-03-17T12:00:00.0,12,3.383118166666667
2018-03-17T13:00:00.0,13,19.387394541666662
2018-03-17T14:00:00.0,14,91.65914295833333
2018-03-17T15:00:00.0,15,157.85384075
2018-03-17T16:00:00.0,16,204.10189908333336
2018-03-17T17:00:00.0,17,272.385440625
2018-03-17T18:00:00.0,18,468.1753028333333
2018-03-17T19:00:00.0,19,537.961923875
2018-03-17T20:00:00.0,20,551.3610173333333
2018-03-17T21:00:00.0,21,520.4672222083333
2018-03-17T22:00:00.0,22,481.8882086666667
2018-03-17T23:00:00.0,23,310.9159797083333
2018-03-18T00:00:00.0,0,62.132995333333355
2018-03-18T01:00:00.0,1,0.0
2018-03-18T02:00:00.0,2,0.0
2018-03-18T03:00:00.0,3,0.0
2018-03-18T04:00:00.0,4,0.0
2018-03-18T05:00:00.0,5,0.0
2018-03-18T06:00:00.0,6,0.0
2018-03-18T07:00:00.0,7,0.0
2018-03-18T08:00:00.0,8,0.0
2018-03-18T09:00:00.0,9,0.0
2018-03-18T10:00:00.0,10,0.0
2018-03-18T11:00:00.0,11,0.0
2018-03-18T12:00:00.0,12,0.7674685416666666
2018-03-18T13:00:00.0,13,14.197854625
2018-03-18T14:00:00.0,14,150.60760379166666
2018-03-18T15:00:00.0,15,361.70333275
2018-03-18T16:00:00.0,16,386.1044233333333
2018-03-18T17:00:00.0,17,415.3761967916667
2018-03-18T18:00:00.0,18,465.05196425
2018-03-18T19:00:00.0,19,420.68572820833333
2018-03-18T20:00:00.0,20,483.793891125
2018-03-18T21:00:00.0,21,536.9676442083334
2018-03-18T22:00:00.0,22,444.01595366666675
2018-03-18T23:00:00.0,23,288.664312
2018-03-19T00:00:00.0,0,61.706292958333336
2018-03-19T01:00:00.0,1,0.012374999999999999
2018-03-19T02:00:00.0,2,0.0
2018-03-19T03:00:00.0,3,0.0
2018-03-19T04:00:00.0,4,0.0
2018-03-19T05:00:00.0,5,0.0
2018-03-19T06:00:00.0,6,0.0
2018-03-19T07:00:00.0,7,0.0
2018-03-19T08:00:00.0,8,0.0
2018-03-19T09:00:00.0,9,0.0
2018-03-19T10:00:00.0,10,0.0
2018-03-19T11:00:00.0,11,0.0
2018-03-19T12:00:00.0,12,7.270727958333334
2018-03-19T13:00:00.0,13,173.25500279166667
2018-03-19T14:00:00.0,14,463.5692645
2018-03-19T15:00:00.0,15,520.6296508333334
2018-03-19T16:00:00.0,16,640.3075135
2018-03-19T17:00:00.0,17,642.1205131666667
2018-03-19T18:00:00.0,18,631.3105976666665
2018-03-19T19:00:00.0,19,622.8349211666667
2018-03-19T20:00:00.0,20,600.725198625
2018-03-19T21:00:00.0,21,597.0094358333334
2018-03-19T22:00:00.0,22,543.0236482916667
2018-03-19T23:00:00.0,23,373.8707887916667
2018-03-20T00:00:00.0,0,66.09630370833334
2018-03-20T01:00:00.0,1,0.0135
2018-03-20T02:00:00.0,2,0.0
2018-03-20T03:00:00.0,3,0.0
2018-03-20T04:00:00.0,4,0.0
2018-03-20T05:00:00.0,5,0.0
2018-03-20T06:00:00.0,6,0.0
2018-03-20T07:00:00.0,7,0.0
2018-03-20T08:00:00.0,8,0.0
2018-03-20T09:00:00.0,9,0.0
2018-03-20T10:00:00.0,10,0.0
2018-03-20T11:00:00.0,11,0.0
2018-03-20T12:00:00.0,12,16.943493125
2018-03-20T13:00:00.0,13,276.08348758333335
2018-03-20T14:00:00.0,14,600.8820989583334
2018-03-20T15:00:00.0,15,650.5191719999999
2018-03-20T16:00:00.0,16,650.668806
2018-03-20T17:00:00.0,17,649.7309960000001
2018-03-20T18:00:00.0,18,648.5688915
2018-03-20T19:00:00.0,19,648.4665507500001
2018-03-20T20:00:00.0,20,649.02573
2018-03-20T21:00:00.0,21,647.8478336666667
2018-03-20T22:00:00.0,22,621.7521053749999
2018-03-20T23:00:00.0,23,404.39743179166663
2018-03-21T00:00:00.0,0,85.68917470833333
2018-03-21T01:00:00.0,1,0.015750000000000004
2018-03-21T02:00:00.0,2,0.0
2018-03-21T03:00:00.0,3,0.0
2018-03-21T04:00:00.0,4,0.0
2018-03-21T05:00:00.0,5,0.0
2018-03-21T06:00:00.0,6,0.0
2018-03-21T07:00:00.0,7,0.0
2018-03-21T08:00:00.0,8,0.0
2018-03-21T09:00:00.0,9,0.0
2018-03-21T10:00:00.0,10,0.0
2018-03-21T11:00:00.0,11,0.0
2018-03-21T12:00:00.0,12,16.980507166666666
2018-03-21T13:00:00.0,13,244.59258770833333
2018-03-21T14:00:00.0,14,485.7371884166667
2018-03-21T15:00:00.0,15,550.414724875
2018-03-21T16:00:00.0,16,572.2985842083334
2018-03-21T17:00:00.0,17,621.2367300416668
2018-03-21T18:00:00.0,18,621.885162125
2018-03-21T19:00:00.0,19,623.95008375
2018-03-21T20:00:00.0,20,628.3577546666667
2018-03-21T21:00:00.0,21,617.8299370833333
2018-03-21T22:00:00.0,22,589.7994282083333
2018-03-21T23:00:00.0,23,379.368005375
2018-03-22T00:00:00.0,0,75.14169954166665
2018-03-22T01:00:00.0,1,0.014625
2018-03-22T02:00:00.0,2,0.0
2018-03-22T03:00:00.0,3,0.0
2018-03-22T04:00:00.0,4,0.0
2018-03-22T05:00:00.0,5,0.0
2018-03-22T06:00:00.0,6,0.0
2018-03-22T07:00:00.0,7,0.0
2018-03-22T08:00:00.0,8,0.0
2018-03-22T09:00:00.0,9,0.0
2018-03-22T10:00:00.0,10,0.0
2018-03-22T11:00:00.0,11,0.0
2018-03-22T12:00:00.0,12,16.527325125
2018-03-22T13:00:00.0,13,261.5971596666667
2018-03-22T14:00:00.0,14,560.2557638333334
2018-03-22T15:00:00.0,15,615.3014
2018-03-22T16:00:00.0,16,616.9335490000001
2018-03-22T17:00:00.0,17,618.63260075
2018-03-22T18:00:00.0,18,611.18122525
2018-03-22T19:00:00.0,19,619.9248405
2018-03-22T20:00:00.0,20,635.4819614999999
2018-03-22T21:00:00.0,21,608.9092416666667
2018-03-22T22:00:00.0,22,588.5179326666668
2018-03-22T23:00:00.0,23,398.7925679166667
2018-03-23T00:00:00.0,0,68.85814337499998
2018-03-23T01:00:00.0,1,0.018000000000000002
2018-03-23T02:00:00.0,2,0.0
2018-03-23T03:00:00.0,3,0.0
2018-03-23T04:00:00.0,4,0.0
2018-03-23T05:00:00.0,5,0.0
2018-03-23T06:00:00.0,6,0.0
2018-03-23T07:00:00.0,7,0.0
2018-03-23T08:00:00.0,8,0.0
2018-03-23T09:00:00.0,9,0.0
2018-03-23T10:00:00.0,10,0.0
2018-03-23T11:00:00.0,11,0.0
2018-03-23T12:00:00.0,12,17.67879470833333
2018-03-23T13:00:00.0,13,169.85068620833337
2018-03-23T14:00:00.0,14,334.72506795833334
2018-03-23T15:00:00.0,15,282.10937325
2018-03-23T16:00:00.0,16,339.24808291666665
2018-03-23T17:00:00.0,17,434.2698338333333
2018-03-23T18:00:00.0,18,498.06379975000004
2018-03-23T19:00:00.0,19,497.4605431666667
2018-03-23T20:00:00.0,20,473.2923492083333
2018-03-23T21:00:00.0,21,493.13038033333333
2018-03-23T22:00:00.0,22,383.47370183333334
2018-03-23T23:00:00.0,23,156.93037954166667
2018-03-24T00:00:00.0,0,24.59221533333334
2018-03-24T01:00:00.0,1,0.018000000000000002
2018-03-24T02:00:00.0,2,0.0
2018-03-24T03:00:00.0,3,0.0
2018-03-24T04:00:00.0,4,0.0
2018-03-24T05:00:00.0,5,0.0
2018-03-24T06:00:00.0,6,0.0
2018-03-24T07:00:00.0,7,0.0
2018-03-24T08:00:00.0,8,0.0
2018-03-24T09:00:00.0,9,0.0
2018-03-24T10:00:00.0,10,0.0
2018-03-24T11:00:00.0,11,0.0
2018-03-24T12:00:00.0,12,2.7635868749999997
2018-03-24T13:00:00.0,13,69.40660050000001
2018-03-24T14:00:00.0,14,174.5647570416667
2018-03-24T15:00:00.0,15,288.19541762500006
2018-03-24T16:00:00.0,16,320.7648505833333
2018-03-24T17:00:00.0,17,335.08832412500004
2018-03-24T18:00:00.0,18,383.09829595833344
2018-03-24T19:00:00.0,19,434.9755367916666
2018-03-24T20:00:00.0,20,409.37847629166663
2018-03-24T21:00:00.0,21,392.47710687500006
2018-03-24T22:00:00.0,22,391.10640429166665
2018-03-24T23:00:00.0,23,240.377281125
2018-03-25T00:00:00.0,0,63.30919112499999
2018-03-25T01:00:00.0,1,0.003375
2018-03-25T02:00:00.0,2,0.0
2018-03-25T03:00:00.0,3,0.0
2018-03-25T04:00:00.0,4,0.0
2018-03-25T05:00:00.0,5,0.0
2018-03-25T06:00:00.0,6,0.0
2018-03-25T07:00:00.0,7,0.0
2018-03-25T08:00:00.0,8,0.0
2018-03-25T09:00:00.0,9,0.0
2018-03-25T10:00:00.0,10,0.0
2018-03-25T11:00:00.0,11,0.0
2018-03-25T12:00:00.0,12,11.033149
2018-03-25T13:00:00.0,13,105.80149929166667
2018-03-25T14:00:00.0,14,227.66552987500003
2018-03-25T15:00:00.0,15,358.1624956666667
2018-03-25T16:00:00.0,16,377.36705358333325
2018-03-25T17:00:00.0,17,450.80482858333335
2018-03-25T18:00:00.0,18,477.5800027916667
2018-03-25T19:00:00.0,19,500.4678976666666
2018-03-25T20:00:00.0,20,473.21608720833336
2018-03-25T21:00:00.0,21,429.802459
2018-03-25T22:00:00.0,22,382.15454654166666
2018-03-25T23:00:00.0,23,169.34679570833333
2018-03-26T00:00:00.0,0,19.67009725
2018-03-26T01:00:00.0,1,0.0045000000000000005
2018-03-26T02:00:00.0,2,0.0
2018-03-26T03:00:00.0,3,0.0
2018-03-26T04:00:00.0,4,0.0
2018-03-26T05:00:00.0,5,0.0
2018-03-26T06:00:00.0,6,0.0
2018-03-26T07:00:00.0,7,0.0
2018-03-26T08:00:00.0,8,0.0
2018-03-26T09:00:00.0,9,0.0
2018-03-26T10:00:00.0,10,0.0
2018-03-26T11:00:00.0,11,0.0
2018-03-26T12:00:00.0,12,8.679775041666668
2018-03-26T13:00:00.0,13,81.11902929166668
2018-03-26T14:00:00.0,14,194.63608204166667
2018-03-26T15:00:00.0,15,314.25478525
2018-03-26T16:00:00.0,16,398.0437812083333
2018-03-26T17:00:00.0,17,441.76334950000006
2018-03-26T18:00:00.0,18,492.78105079166676
2018-03-26T19:00:00.0,19,550.8004892499999
2018-03-26T20:00:00.0,20,550.5676544166666
2018-03-26T21:00:00.0,21,445.55530791666666
2018-03-26T22:00:00.0,22,340.3935754166667
2018-03-26T23:00:00.0,23,229.12563687500003
2018-03-27T00:00:00.0,0,39.53364854166667
2018-03-27T01:00:00.0,1,0.010125
2018-03-27T02:00:00.0,2,0.0
2018-03-27T03:00:00.0,3,0.0
2018-03-27T04:00:00.0,4,0.0
2018-03-27T05:00:00.0,5,0.0
2018-03-27T06:00:00.0,6,0.0
2018-03-27T07:00:00.0,7,0.0
2018-03-27T08:00:00.0,8,0.0
2018-03-27T09:00:00.0,9,0.0
2018-03-27T10:00:00.0,10,0.0
2018-03-27T11:00:00.0,11,0.0
2018-03-27T12:00:00.0,12,11.563157666666667
2018-03-27T13:00:00.0,13,72.71744845833335
2018-03-27T14:00:00.0,14,147.33024233333333
2018-03-27T15:00:00.0,15,181.95566975
2018-03-27T16:00:00.0,16,262.77891495833336
2018-03-27T17:00:00.0,17,275.79122116666673
2018-03-27T18:00:00.0,18,187.50323079166665
2018-03-27T19:00:00.0,19,188.92974245833332
2018-03-27T20:00:00.0,20,129.56099266666666
2018-03-27T21:00:00.0,21,127.68301154166666
2018-03-27T22:00:00.0,22,121.71585483333335
2018-03-27T23:00:00.0,23,118.69262404166669
2018-03-28T00:00:00.0,0,14.268421958333333
2018-03-28T01:00:00.0,1,0.034874999999999996
2018-03-28T02:00:00.0,2,0.0
2018-03-28T03:00:00.0,3,0.0
2018-03-28T04:00:00.0,4,0.0
2018-03-28T05:00:00.0,5,0.0
2018-03-28T06:00:00.0,6,0.0
2018-03-28T07:00:00.0,7,0.0
2018-03-28T08:00:00.0,8,0.0
2018-03-28T09:00:00.0,9,0.0
2018-03-28T10:00:00.0,10,0.0
2018-03-28T11:00:00.0,11,0.0
2018-03-28T12:00:00.0,12,2.302653083333334
2018-03-28T13:00:00.0,13,83.127480125
2018-03-28T14:00:00.0,14,76.48757379166668
2018-03-28T15:00:00.0,15,117.938395625
2018-03-28T16:00:00.0,16,231.79098858333336
2018-03-28T17:00:00.0,17,276.0651969583334
2018-03-28T18:00:00.0,18,295.0242646666666
2018-03-28T19:00:00.0,19,275.97113212500005
2018-03-28T20:00:00.0,20,336.66983908333333
2018-03-28T21:00:00.0,21,330.05028987500003
2018-03-28T22:00:00.0,22,322.38251141666666
2018-03-28T23:00:00.0,23,221.75792775000005
2018-03-29T00:00:00.0,0,18.28764441666667
2018-03-29T01:00:00.0,1,0.045000000000000005
2018-03-29T02:00:00.0,2,0.0
2018-03-29T03:00:00.0,3,0.0
2018-03-29T04:00:00.0,4,0.0
2018-03-29T05:00:00.0,5,0.0
2018-03-29T06:00:00.0,6,0.0
2018-03-29T07:00:00.0,7,0.0
2018-03-29T08:00:00.0,8,0.0
2018-03-29T09:00:00.0,9,0.0
2018-03-29T10:00:00.0,10,0.0
2018-03-29T11:00:00.0,11,0.0
2018-03-29T12:00:00.0,12,20.67438829166667
2018-03-29T13:00:00.0,13,249.651048875
2018-03-29T14:00:00.0,14,446.3175625833334
2018-03-29T15:00:00.0,15,534.1142405
2018-03-29T16:00:00.0,16,604.0843228333334
2018-03-29T17:00:00.0,17,626.493076
2018-03-29T18:00:00.0,18,638.0915321666666
2018-03-29T19:00:00.0,19,642.4644730833332
2018-03-29T20:00:00.0,20,637.8371645833333
2018-03-29T21:00:00.0,21,620.2153549999999
2018-03-29T22:00:00.0,22,562.3852827916667
2018-03-29T23:00:00.0,23,351.48047254166664
2018-03-30T00:00:00.0,0,76.17269079166668
2018-03-30T01:00:00.0,1,0.04950000000000001
2018-03-30T02:00:00.0,2,0.0
2018-03-30T03:00:00.0,3,0.0
2018-03-30T04:00:00.0,4,0.0
2018-03-30T05:00:00.0,5,0.0
2018-03-30T06:00:00.0,6,0.0
2018-03-30T07:00:00.0,7,0.0
2018-03-30T08:00:00.0,8,0.0
2018-03-30T09:00:00.0,9,0.0
2018-03-30T10:00:00.0,10,0.0
2018-03-30T11:00:00.0,11,0.0
2018-03-30T12:00:00.0,12,37.855458875000004
2018-03-30T13:00:00.0,13,325.60721166666673
2018-03-30T14:00:00.0,14,594.8222274999999
2018-03-30T15:00:00.0,15,624.957112
2018-03-30T16:00:00.0,16,641.4362335
2018-03-30T17:00:00.0,17,645.2814903333332
2018-03-30T18:00:00.0,18,645.370487
2018-03-30T19:00:00.0,19,645.1952433333333
2018-03-30T20:00:00.0,20,645.5089424166665
2018-03-30T21:00:00.0,21,643.3843491666667
2018-03-30T22:00:00.0,22,621.1473655
2018-03-30T23:00:00.0,23,424.40088120833343
2018-03-31T00:00:00.0,0,97.73368625000002
2018-03-31T01:00:00.0,1,0.08437499999999999
2018-03-31T02:00:00.0,2,0.0
2018-03-31T03:00:00.0,3,0.0
2018-03-31T04:00:00.0,4,0.0
2018-03-31T05:00:00.0,5,0.0
2018-03-31T06:00:00.0,6,0.0
2018-03-31T07:00:00.0,7,0.0
2018-03-31T08:00:00.0,8,0.0
2018-03-31T09:00:00.0,9,0.0
2018-03-31T10:00:00.0,10,0.0
2018-03-31T11:00:00.0,11,0.0
2018-03-31T12:00:00.0,12,42.84110783333333
2018-03-31T13:00:00.0,13,295.75748400000003
2018-03-31T14:00:00.0,14,533.6392195416666
2018-03-31T15:00:00.0,15,590.1411295833334
2018-03-31T16:00:00.0,16,626.8863755416668
2018-03-31T17:00:00.0,17,628.71531475
2018-03-31T18:00:00.0,18,642.3037423333334
2018-03-31T19:00:00.0,19,640.466946625
2018-03-31T20:00:00.0,20,638.373954
2018-03-31T21:00:00.0,21,632.7875905416666
2018-03-31T22:00:00.0,22,606.4607117083333
2018-03-31T23:00:00.0,23,392.2935021666667
2018-04-01T00:00:00.0,0,91.67370462500001
2018-04-01T01:00:00.0,1,0.08775
2018-04-01T02:00:00.0,2,0.0
2018-04-01T03:00:00.0,3,0.0
2018-04-01T04:00:00.0,4,0.0
2018-04-01T05:00:00.0,5,0.0
2018-04-01T06:00:00.0,6,0.0
2018-04-01T07:00:00.0,7,0.0
2018-04-01T08:00:00.0,8,0.0
2018-04-01T09:00:00.0,9,0.0
2018-04-01T10:00:00.0,10,0.0
2018-04-01T11:00:00.0,11,0.0
2018-04-01T12:00:00.0,12,27.059392291666665
2018-04-01T13:00:00.0,13,169.49774479166666
2018-04-01T14:00:00.0,14,370.4516267083333
2018-04-01T15:00:00.0,15,414.78497416666664
2018-04-01T16:00:00.0,16,468.31259525
2018-04-01T17:00:00.0,17,517.3837502083334
2018-04-01T18:00:00.0,18,556.1116255416667
2018-04-01T19:00:00.0,19,563.0438335
2018-04-01T20:00:00.0,20,562.8214465
2018-04-01T21:00:00.0,21,539.7628089166667
2018-04-01T22:00:00.0,22,465.19142975
2018-04-01T23:00:00.0,23,278.056458125
2018-04-02T00:00:00.0,0,46.323361750000004
2018-04-02T01:00:00.0,1,0.0
2018-04-02T02:00:00.0,2,0.0
2018-04-02T03:00:00.0,3,0.0
2018-04-02T04:00:00.0,4,0.0
2018-04-02T05:00:00.0,5,0.0
2018-04-02T06:00:00.0,6,0.0
2018-04-02T07:00:00.0,7,0.0
2018-04-02T08:00:00.0,8,0.0
2018-04-02T09:00:00.0,9,0.0
2018-04-02T10:00:00.0,10,0.0
2018-04-02T11:00:00.0,11,0.0
2018-04-02T12:00:00.0,12,8.572503750000001
2018-04-02T13:00:00.0,13,46.866290541666665
2018-04-02T14:00:00.0,14,141.26243391666665
2018-04-02T15:00:00.0,15,160.17340425
2018-04-02T16:00:00.0,16,260.83630704166666
2018-04-02T17:00:00.0,17,299.12450825
2018-04-02T18:00:00.0,18,416.0398157083334
2018-04-02T19:00:00.0,19,544.6389637916667
2018-04-02T20:00:00.0,20,536.5770458750001
2018-04-02T21:00:00.0,21,500.7832765
2018-04-02T22:00:00.0,22,488.39859162500005
2018-04-02T23:00:00.0,23,375.2334890833333
2018-04-03T00:00:00.0,0,99.56705879166667
2018-04-03T01:00:00.0,1,0.09112500000000001
2018-04-03T02:00:00.0,2,0.0
2018-04-03T03:00:00.0,3,0.0
2018-04-03T04:00:00.0,4,0.0
2018-04-03T05:00:00.0,5,0.0
2018-04-03T06:00:00.0,6,0.0
2018-04-03T07:00:00.0,7,0.0
2018-04-03T08:00:00.0,8,0.0
2018-04-03T09:00:00.0,9,0.0
2018-04-03T10:00:00.0,10,0.0
2018-04-03T11:00:00.0,11,0.0
2018-04-03T12:00:00.0,12,32.11808154166667
2018-04-03T13:00:00.0,13,191.57318087500002
2018-04-03T14:00:00.0,14,368.8305439166667
2018-04-03T15:00:00.0,15,439.2036337500001
2018-04-03T16:00:00.0,16,448.4660397083333
2018-04-03T17:00:00.0,17,438.71350070833324
2018-04-03T18:00:00.0,18,438.285166375
2018-04-03T19:00:00.0,19,414.0556427083332
2018-04-03T20:00:00.0,20,396.86965908333326
2018-04-03T21:00:00.0,21,397.02700208333323
2018-04-03T22:00:00.0,22,395.3134937499999
2018-04-03T23:00:00.0,23,285.5781802916667
2018-04-04T00:00:00.0,0,81.17334695833334
2018-04-04T01:00:00.0,1,0.09900000000000002
2018-04-04T02:00:00.0,2,0.0
2018-04-04T03:00:00.0,3,0.0
2018-04-04T04:00:00.0,4,0.0
2018-04-04T05:00:00.0,5,0.0
2018-04-04T06:00:00.0,6,0.0
2018-04-04T07:00:00.0,7,0.0
2018-04-04T08:00:00.0,8,0.0
2018-04-04T09:00:00.0,9,0.0
2018-04-04T10:00:00.0,10,0.0
2018-04-04T11:00:00.0,11,0.0
2018-04-04T12:00:00.0,12,50.257470041666664
2018-04-04T13:00:00.0,13,339.43453745833335
2018-04-04T14:00:00.0,14,538.5722785416666
2018-04-04T15:00:00.0,15,598.1608806666667
2018-04-04T16:00:00.0,16,627.2094935
2018-04-04T17:00:00.0,17,621.5037242916666
2018-04-04T18:00:00.0,18,633.7437443333332
2018-04-04T19:00:00.0,19,625.8831769583334
2018-04-04T20:00:00.0,20,614.98355975
2018-04-04T21:00:00.0,21,605.0529547083333
2018-04-04T22:00:00.0,22,576.6506314583332
2018-04-04T23:00:00.0,23,408.19564908333336
2018-04-05T00:00:00.0,0,107.24599179166667
2018-04-05T01:00:00.0,1,0.28918125
2018-04-05T02:00:00.0,2,0.0
2018-04-05T03:00:00.0,3,0.0
2018-04-05T04:00:00.0,4,0.0
2018-04-05T05:00:00.0,5,0.0
2018-04-05T06:00:00.0,6,0.0
2018-04-05T07:00:00.0,7,0.0
2018-04-05T08:00:00.0,8,0.0
2018-04-05T09:00:00.0,9,0.0
2018-04-05T10:00:00.0,10,0.0
2018-04-05T11:00:00.0,11,0.0
2018-04-05T12:00:00.0,12,50.877433708333335
2018-04-05T13:00:00.0,13,284.00399954166664
2018-04-05T14:00:00.0,14,482.0679512083332
2018-04-05T15:00:00.0,15,475.1900121666666
2018-04-05T16:00:00.0,16,497.1367745416666
2018-04-05T17:00:00.0,17,531.9657295833333
2018-04-05T18:00:00.0,18,466.82043774999994
2018-04-05T19:00:00.0,19,411.45789520833335
2018-04-05T20:00:00.0,20,378.8025104166666
2018-04-05T21:00:00.0,21,364.4784015
2018-04-05T22:00:00.0,22,348.04390237499996
2018-04-05T23:00:00.0,23,234.16805312500003
2018-04-06T00:00:00.0,0,30.566627208333333
2018-04-06T01:00:00.0,1,0.27793125
2018-04-06T02:00:00.0,2,0.0
2018-04-06T03:00:00.0,3,0.0
2018-04-06T04:00:00.0,4,0.0
2018-04-06T05:00:00.0,5,0.0
2018-04-06T06:00:00.0,6,0.0
2018-04-06T07:00:00.0,7,0.0
2018-04-06T08:00:00.0,8,0.0
2018-04-06T09:00:00.0,9,0.0
2018-04-06T10:00:00.0,10,0.0
2018-04-06T11:00:00.0,11,0.0
2018-04-06T12:00:00.0,12,29.188439625
2018-04-06T13:00:00.0,13,169.70361866666664
2018-04-06T14:00:00.0,14,304.60530666666665
2018-04-06T15:00:00.0,15,380.99788895833336
2018-04-06T16:00:00.0,16,339.04646541666665
2018-04-06T17:00:00.0,17,378.20291341666666
2018-04-06T18:00:00.0,18,391.20819654166667
2018-04-06T19:00:00.0,19,371.21843170833336
2018-04-06T20:00:00.0,20,299.8441795416666
2018-04-06T21:00:00.0,21,313.1959830416667
2018-04-06T22:00:00.0,22,222.17074525
2018-04-06T23:00:00.0,23,89.46235704166668
2018-04-07T00:00:00.0,0,18.218602458333333
2018-04-07T01:00:00.0,1,0.13275
2018-04-07T02:00:00.0,2,0.0
2018-04-07T03:00:00.0,3,0.0
2018-04-07T04:00:00.0,4,0.0
2018-04-07T05:00:00.0,5,0.0
2018-04-07T06:00:00.0,6,0.0
2018-04-07T07:00:00.0,7,0.0
2018-04-07T08:00:00.0,8,0.0
2018-04-07T09:00:00.0,9,0.0
2018-04-07T10:00:00.0,10,0.0
2018-04-07T11:00:00.0,11,0.0
2018-04-07T12:00:00.0,12,2.5983260833333333
2018-04-07T13:00:00.0,13,14.301463125000003
2018-04-07T14:00:00.0,14,41.94754508333334
2018-04-07T15:00:00.0,15,86.336929375
2018-04-07T16:00:00.0,16,152.4647015416667
2018-04-07T17:00:00.0,17,258.767071125
2018-04-07T18:00:00.0,18,304.11998254166673
2018-04-07T19:00:00.0,19,332.0768367916666
2018-04-07T20:00:00.0,20,331.83925337499994
2018-04-07T21:00:00.0,21,325.523011625
2018-04-07T22:00:00.0,22,321.638736
2018-04-07T23:00:00.0,23,273.83672308333337
2018-04-08T00:00:00.0,0,85.20068291666668
2018-04-08T01:00:00.0,1,0.47261250000000005
2018-04-08T02:00:00.0,2,0.0
2018-04-08T03:00:00.0,3,0.0
2018-04-08T04:00:00.0,4,0.0
2018-04-08T05:00:00.0,5,0.0
2018-04-08T06:00:00.0,6,0.0
2018-04-08T07:00:00.0,7,0.0
2018-04-08T08:00:00.0,8,0.0
2018-04-08T09:00:00.0,9,0.0
2018-04-08T10:00:00.0,10,0.0
2018-04-08T11:00:00.0,11,0.0
2018-04-08T12:00:00.0,12,52.25281233333333
2018-04-08T13:00:00.0,13,229.17415229166667
2018-04-08T14:00:00.0,14,393.3574530416667
2018-04-08T15:00:00.0,15,432.14260616666667
2018-04-08T16:00:00.0,16,475.0507060416667
2018-04-08T17:00:00.0,17,473.1009780416668
2018-04-08T18:00:00.0,18,485.92371099999997
2018-04-08T19:00:00.0,19,480.1610173333333
2018-04-08T20:00:00.0,20,470.26518641666667
2018-04-08T21:00:00.0,21,471.6685059166667
2018-04-08T22:00:00.0,22,429.0430406666666
2018-04-08T23:00:00.0,23,315.4191884583334
2018-04-09T00:00:00.0,0,98.88032966666667
2018-04-09T01:00:00.0,1,0.4370625000000001
2018-04-09T02:00:00.0,2,0.0
2018-04-09T03:00:00.0,3,0.0
2018-04-09T04:00:00.0,4,0.0
2018-04-09T05:00:00.0,5,0.0
2018-04-09T06:00:00.0,6,0.0
2018-04-09T07:00:00.0,7,0.0
2018-04-09T08:00:00.0,8,0.0
2018-04-09T09:00:00.0,9,0.0
2018-04-09T10:00:00.0,10,0.0
2018-04-09T11:00:00.0,11,0.0
2018-04-09T12:00:00.0,12,21.876191291666668
2018-04-09T13:00:00.0,13,121.35353762500002
2018-04-09T14:00:00.0,14,87.49977979166668
2018-04-09T15:00:00.0,15,131.298261125
2018-04-09T16:00:00.0,16,198.8875965
2018-04-09T17:00:00.0,17,287.52238395833336
2018-04-09T18:00:00.0,18,358.00065029166666
2018-04-09T19:00:00.0,19,379.90468612499996
2018-04-09T20:00:00.0,20,360.73316745833336
2018-04-09T21:00:00.0,21,304.60555254166667
2018-04-09T22:00:00.0,22,322.86539674999995
2018-04-09T23:00:00.0,23,194.1845536666667
2018-04-10T00:00:00.0,0,69.44791966666668
2018-04-10T01:00:00.0,1,0.29098124999999997
2018-04-10T02:00:00.0,2,0.0
2018-04-10T03:00:00.0,3,0.0
2018-04-10T04:00:00.0,4,0.0
2018-04-10T05:00:00.0,5,0.0
2018-04-10T06:00:00.0,6,0.0
2018-04-10T07:00:00.0,7,0.0
2018-04-10T08:00:00.0,8,0.0
2018-04-10T09:00:00.0,9,0.0
2018-04-10T10:00:00.0,10,0.0
2018-04-10T11:00:00.0,11,0.0
2018-04-10T12:00:00.0,12,64.16626425
2018-04-10T13:00:00.0,13,372.53540174999995
2018-04-10T14:00:00.0,14,609.1125800833333
2018-04-10T15:00:00.0,15,649.2136194166666
2018-04-10T16:00:00.0,16,650.0669529999999
2018-04-10T17:00:00.0,17,648.4527155833333
2018-04-10T18:00:00.0,18,649.051969
2018-04-10T19:00:00.0,19,649.1042830000001
2018-04-10T20:00:00.0,20,649.0118979166666
2018-04-10T21:00:00.0,21,646.6582271666667
2018-04-10T22:00:00.0,22,624.1709852916666
2018-04-10T23:00:00.0,23,460.3685398333334
2018-04-11T00:00:00.0,0,131.56351237500002
2018-04-11T01:00:00.0,1,0.56503125
2018-04-11T02:00:00.0,2,0.0
2018-04-11T03:00:00.0,3,0.0
2018-04-11T04:00:00.0,4,0.0
2018-04-11T05:00:00.0,5,0.0
2018-04-11T06:00:00.0,6,0.0
2018-04-11T07:00:00.0,7,0.0
2018-04-11T08:00:00.0,8,0.0
2018-04-11T09:00:00.0,9,0.0
2018-04-11T10:00:00.0,10,0.0
2018-04-11T11:00:00.0,11,0.0
2018-04-11T12:00:00.0,12,79.03543308333333
2018-04-11T13:00:00.0,13,403.42880970833335
2018-04-11T14:00:00.0,14,626.821538875
2018-04-11T15:00:00.0,15,642.5006615833333
2018-04-11T16:00:00.0,16,637.7110591666666
2018-04-11T17:00:00.0,17,637.1356953333333
2018-04-11T18:00:00.0,18,635.3357082499999
2018-04-11T19:00:00.0,19,631.0589542499999
2018-04-11T20:00:00.0,20,634.8623260833332
2018-04-11T21:00:00.0,21,637.4918446666667
2018-04-11T22:00:00.0,22,613.3976868333332
2018-04-11T23:00:00.0,23,421.75503875
2018-04-12T00:00:00.0,0,126.12912249999998
2018-04-12T01:00:00.0,1,0.712125
2018-04-12T02:00:00.0,2,0.0
2018-04-12T03:00:00.0,3,0.0
2018-04-12T04:00:00.0,4,0.0
2018-04-12T05:00:00.0,5,0.0
2018-04-12T06:00:00.0,6,0.0
2018-04-12T07:00:00.0,7,0.0
2018-04-12T08:00:00.0,8,0.0
2018-04-12T09:00:00.0,9,0.0
2018-04-12T10:00:00.0,10,0.0
2018-04-12T11:00:00.0,11,0.0
2018-04-12T12:00:00.0,12,70.69553745833333
2018-04-12T13:00:00.0,13,252.670722375
2018-04-12T14:00:00.0,14,430.2158663749999
2018-04-12T15:00:00.0,15,494.25638945833333
2018-04-12T16:00:00.0,16,575.369428375
2018-04-12T17:00:00.0,17,629.636667625
2018-04-12T18:00:00.0,18,617.612151875
2018-04-12T19:00:00.0,19,631.1406182083332
2018-04-12T20:00:00.0,20,622.2983001250001
2018-04-12T21:00:00.0,21,603.5406674999999
2018-04-12T22:00:00.0,22,531.6733016249999
2018-04-12T23:00:00.0,23,360.149082875
2018-04-13T00:00:00.0,0,115.21641045833333
2018-04-13T01:00:00.0,1,0.5208750000000001
2018-04-13T02:00:00.0,2,0.0
2018-04-13T03:00:00.0,3,0.0
2018-04-13T04:00:00.0,4,0.0
2018-04-13T05:00:00.0,5,0.0
2018-04-13T06:00:00.0,6,0.0
2018-04-13T07:00:00.0,7,0.0
2018-04-13T08:00:00.0,8,0.0
2018-04-13T09:00:00.0,9,0.0
2018-04-13T10:00:00.0,10,0.0
2018-04-13T11:00:00.0,11,0.0
2018-04-13T12:00:00.0,12,18.37418841666667
2018-04-13T13:00:00.0,13,149.69899170833332
2018-04-13T14:00:00.0,14,271.08529050000004
2018-04-13T15:00:00.0,15,289.22029058333334
2018-04-13T16:00:00.0,16,286.7364725416666
2018-04-13T17:00:00.0,17,393.3613170416666
2018-04-13T18:00:00.0,18,472.3261434166668
2018-04-13T19:00:00.0,19,440.00229975
2018-04-13T20:00:00.0,20,418.22519262500003
2018-04-13T21:00:00.0,21,385.51085450000005
2018-04-13T22:00:00.0,22,422.16244229166665
2018-04-13T23:00:00.0,23,346.61245570833336
2018-04-14T00:00:00.0,0,100.50537387499999
2018-04-14T01:00:00.0,1,1.0324575
2018-04-14T02:00:00.0,2,0.0
2018-04-14T03:00:00.0,3,0.0
2018-04-14T04:00:00.0,4,0.0
2018-04-14T05:00:00.0,5,0.0
2018-04-14T06:00:00.0,6,0.0
2018-04-14T07:00:00.0,7,0.0
2018-04-14T08:00:00.0,8,0.0
2018-04-14T09:00:00.0,9,0.0
2018-04-14T10:00:00.0,10,0.0
2018-04-14T11:00:00.0,11,0.0
2018-04-14T12:00:00.0,12,26.506072500000002
2018-04-14T13:00:00.0,13,201.85318958333335
2018-04-14T14:00:00.0,14,404.59797275
2018-04-14T15:00:00.0,15,410.57584716666673
2018-04-14T16:00:00.0,16,429.9300525833334
2018-04-14T17:00:00.0,17,496.1760515833334
2018-04-14T18:00:00.0,18,531.0117888333334
2018-04-14T19:00:00.0,19,571.6267140000001
2018-04-14T20:00:00.0,20,626.1809177499999
2018-04-14T21:00:00.0,21,631.1948295000001
2018-04-14T22:00:00.0,22,544.3914782916667
2018-04-14T23:00:00.0,23,490.6827436666667
2018-04-15T00:00:00.0,0,149.82651966666666
2018-04-15T01:00:00.0,1,1.2343724999999999
2018-04-15T02:00:00.0,2,0.0
2018-04-15T03:00:00.0,3,0.0
2018-04-15T04:00:00.0,4,0.0
2018-04-15T05:00:00.0,5,0.0
2018-04-15T06:00:00.0,6,0.0
2018-04-15T07:00:00.0,7,0.0
2018-04-15T08:00:00.0,8,0.0
2018-04-15T09:00:00.0,9,0.0
2018-04-15T10:00:00.0,10,0.0
2018-04-15T11:00:00.0,11,0.0
2018-04-15T12:00:00.0,12,104.99507075000001
2018-04-15T13:00:00.0,13,461.69224812499994
2018-04-15T14:00:00.0,14,647.0230209166667
2018-04-15T15:00:00.0,15,650.8761560000002
2018-04-15T16:00:00.0,16,650.8761560000002
2018-04-15T17:00:00.0,17,650.8761560000002
2018-04-15T18:00:00.0,18,650.8761560000002
2018-04-15T19:00:00.0,19,650.863948
2018-04-15T20:00:00.0,20,650.7296600000001
2018-04-15T21:00:00.0,21,649.8066677500001
2018-04-15T22:00:00.0,22,636.7243237916666
2018-04-15T23:00:00.0,23,494.2903070833334
2018-04-16T00:00:00.0,0,156.16963175
2018-04-16T01:00:00.0,1,2.4164325000000004
2018-04-16T02:00:00.0,2,0.0
2018-04-16T03:00:00.0,3,0.0
2018-04-16T04:00:00.0,4,0.0
2018-04-16T05:00:00.0,5,0.0
2018-04-16T06:00:00.0,6,0.0
2018-04-16T07:00:00.0,7,0.0
2018-04-16T08:00:00.0,8,0.0
2018-04-16T09:00:00.0,9,0.0
2018-04-16T10:00:00.0,10,0.0
2018-04-16T11:00:00.0,11,0.0
2018-04-16T12:00:00.0,12,110.88187904166666
2018-04-16T13:00:00.0,13,456.40888308333336
2018-04-16T14:00:00.0,14,640.4379123749999
2018-04-16T15:00:00.0,15,650.4591207499999
2018-04-16T16:00:00.0,16,650.854269
2018-04-16T17:00:00.0,17,650.667753
2018-04-16T18:00:00.0,18,648.7485313333333
2018-04-16T19:00:00.0,19,650.0692300833334
2018-04-16T20:00:00.0,20,650.115878
2018-04-16T21:00:00.0,21,648.1946739166666
2018-04-16T22:00:00.0,22,632.3774587916668
2018-04-16T23:00:00.0,23,476.5191370416667
2018-04-17T00:00:00.0,0,128.73136541666668
2018-04-17T01:00:00.0,1,1.74942
2018-04-17T02:00:00.0,2,0.0
2018-04-17T03:00:00.0,3,0.0
2018-04-17T04:00:00.0,4,0.0
2018-04-17T05:00:00.0,5,0.0
2018-04-17T06:00:00.0,6,0.0
2018-04-17T07:00:00.0,7,0.0
2018-04-17T08:00:00.0,8,0.0
2018-04-17T09:00:00.0,9,0.0
2018-04-17T10:00:00.0,10,0.0
2018-04-17T11:00:00.0,11,0.0
2018-04-17T12:00:00.0,12,85.52923508333333
2018-04-17T13:00:00.0,13,327.83439000000004
2018-04-17T14:00:00.0,14,538.0649459583334
2018-04-17T15:00:00.0,15,549.1994879166666
2018-04-17T16:00:00.0,16,609.9250754999999
2018-04-17T17:00:00.0,17,639.58838625
2018-04-17T18:00:00.0,18,623.3020132500001
2018-04-17T19:00:00.0,19,603.9832299999999
2018-04-17T20:00:00.0,20,634.3742481666668
2018-04-17T21:00:00.0,21,597.8138854166667
2018-04-17T22:00:00.0,22,549.2847702916666
2018-04-17T23:00:00.0,23,408.02999729166663
2018-04-18T00:00:00.0,0,112.13439329166665
2018-04-18T01:00:00.0,1,0.76336875
2018-04-18T02:00:00.0,2,0.0
2018-04-18T03:00:00.0,3,0.0
2018-04-18T04:00:00.0,4,0.0
2018-04-18T05:00:00.0,5,0.0
2018-04-18T06:00:00.0,6,0.0
2018-04-18T07:00:00.0,7,0.0
2018-04-18T08:00:00.0,8,0.0
2018-04-18T09:00:00.0,9,0.0
2018-04-18T10:00:00.0,10,0.0
2018-04-18T11:00:00.0,11,0.012837500000000002
2018-04-18T12:00:00.0,12,87.48823429166667
2018-04-18T13:00:00.0,13,273.8450084166667
2018-04-18T14:00:00.0,14,432.4955391666667
2018-04-18T15:00:00.0,15,415.59486637500004
2018-04-18T16:00:00.0,16,491.96945883333325
2018-04-18T17:00:00.0,17,526.8896689166668
2018-04-18T18:00:00.0,18,572.6471847500001
2018-04-18T19:00:00.0,19,531.1772124166667
2018-04-18T20:00:00.0,20,485.28333525
2018-04-18T21:00:00.0,21,484.38695883333327
2018-04-18T22:00:00.0,22,477.2860610833332
2018-04-18T23:00:00.0,23,397.47834333333327
2018-04-19T00:00:00.0,0,132.20755016666666
2018-04-19T01:00:00.0,1,2.9385674999999996
2018-04-19T02:00:00.0,2,0.0
2018-04-19T03:00:00.0,3,0.0
2018-04-19T04:00:00.0,4,0.0
2018-04-19T05:00:00.0,5,0.0
2018-04-19T06:00:00.0,6,0.0
2018-04-19T07:00:00.0,7,0.0
2018-04-19T08:00:00.0,8,0.0
2018-04-19T09:00:00.0,9,0.0
2018-04-19T10:00:00.0,10,0.0
2018-04-19T11:00:00.0,11,0.10270000000000001
2018-04-19T12:00:00.0,12,64.39712020833333
2018-04-19T13:00:00.0,13,225.37083966666668
2018-04-19T14:00:00.0,14,439.15682366666664
2018-04-19T15:00:00.0,15,618.633989
2018-04-19T16:00:00.0,16,625.0521458333334
2018-04-19T17:00:00.0,17,617.483730625
2018-04-19T18:00:00.0,18,634.1787749166666
2018-04-19T19:00:00.0,19,640.6324302083334
2018-04-19T20:00:00.0,20,622.0760497083332
2018-04-19T21:00:00.0,21,593.9869815833333
2018-04-19T22:00:00.0,22,584.6121504166666
2018-04-19T23:00:00.0,23,413.0077144166667
2018-04-20T00:00:00.0,0,139.83173487499997
2018-04-20T01:00:00.0,1,2.593485
2018-04-20T02:00:00.0,2,0.0
2018-04-20T03:00:00.0,3,0.0
2018-04-20T04:00:00.0,4,0.0
2018-04-20T05:00:00.0,5,0.0
2018-04-20T06:00:00.0,6,0.0
2018-04-20T07:00:00.0,7,0.0
2018-04-20T08:00:00.0,8,0.0
2018-04-20T09:00:00.0,9,0.0
2018-04-20T10:00:00.0,10,0.0
2018-04-20T11:00:00.0,11,0.07394816666666666
2018-04-20T12:00:00.0,12,54.62791441666667
2018-04-20T13:00:00.0,13,181.6495445416667
2018-04-20T14:00:00.0,14,251.46951391666664
2018-04-20T15:00:00.0,15,319.76514770833336
2018-04-20T16:00:00.0,16,382.53150550000004
2018-04-20T17:00:00.0,17,440.89371370833334
2018-04-20T18:00:00.0,18,402.9767891666666
2018-04-20T19:00:00.0,19,418.5792219583332
2018-04-20T20:00:00.0,20,517.6221464166667
2018-04-20T21:00:00.0,21,522.8745475833333
2018-04-20T22:00:00.0,22,443.13468033333334
2018-04-20T23:00:00.0,23,335.54908720833333
2018-04-21T00:00:00.0,0,111.58146908333333
2018-04-21T01:00:00.0,1,0.4810837500000001
2018-04-21T02:00:00.0,2,0.0
2018-04-21T03:00:00.0,3,0.0
2018-04-21T04:00:00.0,4,0.0
2018-04-21T05:00:00.0,5,0.0
2018-04-21T06:00:00.0,6,0.0
2018-04-21T07:00:00.0,7,0.0
2018-04-21T08:00:00.0,8,0.0
2018-04-21T09:00:00.0,9,0.0
2018-04-21T10:00:00.0,10,0.0
2018-04-21T11:00:00.0,11,0.03361
2018-04-21T12:00:00.0,12,30.059336083333335
2018-04-21T13:00:00.0,13,174.56839566666667
2018-04-21T14:00:00.0,14,274.9262797083333
2018-04-21T15:00:00.0,15,333.218928375
2018-04-21T16:00:00.0,16,377.18449991666665
2018-04-21T17:00:00.0,17,417.2441885
2018-04-21T18:00:00.0,18,375.2262613749999
2018-04-21T19:00:00.0,19,360.82116341666665
2018-04-21T20:00:00.0,20,346.4846062916666
2018-04-21T21:00:00.0,21,296.93725774999996
2018-04-21T22:00:00.0,22,336.74294591666666
2018-04-21T23:00:00.0,23,304.703698375
2018-04-22T00:00:00.0,0,117.71444816666667
2018-04-22T01:00:00.0,1,3.1691812500000007
2018-04-22T02:00:00.0,2,0.0
2018-04-22T03:00:00.0,3,0.0
2018-04-22T04:00:00.0,4,0.0
2018-04-22T05:00:00.0,5,0.0
2018-04-22T06:00:00.0,6,0.0
2018-04-22T07:00:00.0,7,0.0
2018-04-22T08:00:00.0,8,0.0
2018-04-22T09:00:00.0,9,0.0
2018-04-22T10:00:00.0,10,0.0
2018-04-22T11:00:00.0,11,0.15426291666666667
2018-04-22T12:00:00.0,12,84.08737895833333
2018-04-22T13:00:00.0,13,260.83998016666663
2018-04-22T14:00:00.0,14,321.38538929166674
2018-04-22T15:00:00.0,15,389.870349125
2018-04-22T16:00:00.0,16,452.28390120833336
2018-04-22T17:00:00.0,17,532.9580965000001
2018-04-22T18:00:00.0,18,639.5215294999999
2018-04-22T19:00:00.0,19,646.702406
2018-04-22T20:00:00.0,20,643.1400895833334
2018-04-22T21:00:00.0,21,632.368717
2018-04-22T22:00:00.0,22,610.5610978333333
2018-04-22T23:00:00.0,23,354.0632690833333
2018-04-23T00:00:00.0,0,88.13108275
2018-04-23T01:00:00.0,1,0.1908675
2018-04-23T02:00:00.0,2,0.0
2018-04-23T03:00:00.0,3,0.0
2018-04-23T04:00:00.0,4,0.0
2018-04-23T05:00:00.0,5,0.0
2018-04-23T06:00:00.0,6,0.0
2018-04-23T07:00:00.0,7,0.0
2018-04-23T08:00:00.0,8,0.0
2018-04-23T09:00:00.0,9,0.0
2018-04-23T10:00:00.0,10,0.0
2018-04-23T11:00:00.0,11,0.41625500000000004
2018-04-23T12:00:00.0,12,133.94475295833334
2018-04-23T13:00:00.0,13,462.0840650833333
2018-04-23T14:00:00.0,14,600.174253875
2018-04-23T15:00:00.0,15,594.5148595000001
2018-04-23T16:00:00.0,16,611.70757775
2018-04-23T17:00:00.0,17,591.7134495833333
2018-04-23T18:00:00.0,18,588.9333376666667
2018-04-23T19:00:00.0,19,595.1919040833333
2018-04-23T20:00:00.0,20,594.0959525833333
2018-04-23T21:00:00.0,21,622.3347098333332
2018-04-23T22:00:00.0,22,606.4422308333334
2018-04-23T23:00:00.0,23,477.9540729166667
2018-04-24T00:00:00.0,0,165.85507108333337
2018-04-24T01:00:00.0,1,4.614142499999999
2018-04-24T02:00:00.0,2,0.0
2018-04-24T03:00:00.0,3,0.0
2018-04-24T04:00:00.0,4,0.0
2018-04-24T05:00:00.0,5,0.0
2018-04-24T06:00:00.0,6,0.0
2018-04-24T07:00:00.0,7,0.0
2018-04-24T08:00:00.0,8,0.0
2018-04-24T09:00:00.0,9,0.0
2018-04-24T10:00:00.0,10,0.0
2018-04-24T11:00:00.0,11,0.48291816666666665
2018-04-24T12:00:00.0,12,134.03102958333332
2018-04-24T13:00:00.0,13,453.96647658333336
2018-04-24T14:00:00.0,14,620.4913728333333
2018-04-24T15:00:00.0,15,617.6769377083334
2018-04-24T16:00:00.0,16,614.4201270416668
2018-04-24T17:00:00.0,17,636.4745997499998
2018-04-24T18:00:00.0,18,630.851969125
2018-04-24T19:00:00.0,19,633.0754377083334
2018-04-24T20:00:00.0,20,595.3749420416667
2018-04-24T21:00:00.0,21,522.5077705
2018-04-24T22:00:00.0,22,429.75628966666665
2018-04-24T23:00:00.0,23,349.3505760833334
2018-04-25T00:00:00.0,0,76.01940729166667
2018-04-25T01:00:00.0,1,0.25691625000000007
2018-04-25T02:00:00.0,2,0.0
2018-04-25T03:00:00.0,3,0.0
2018-04-25T04:00:00.0,4,0.0
2018-04-25T05:00:00.0,5,0.0
2018-04-25T06:00:00.0,6,0.0
2018-04-25T07:00:00.0,7,0.0
2018-04-25T08:00:00.0,8,0.0
2018-04-25T09:00:00.0,9,0.0
2018-04-25T10:00:00.0,10,0.0
2018-04-25T11:00:00.0,11,0.42666541666666663
2018-04-25T12:00:00.0,12,83.68573300000001
2018-04-25T13:00:00.0,13,282.629016125
2018-04-25T14:00:00.0,14,382.20261316666665
2018-04-25T15:00:00.0,15,394.94985049999997
2018-04-25T16:00:00.0,16,400.0175665
2018-04-25T17:00:00.0,17,388.8361106666667
2018-04-25T18:00:00.0,18,362.08808041666674
2018-04-25T19:00:00.0,19,355.2449475833334
2018-04-25T20:00:00.0,20,449.278488875
2018-04-25T21:00:00.0,21,389.23069841666666
2018-04-25T22:00:00.0,22,350.67460766666665
2018-04-25T23:00:00.0,23,273.2278935
2018-04-26T00:00:00.0,0,112.87411954166667
2018-04-26T01:00:00.0,1,5.187273750000001
2018-04-26T02:00:00.0,2,0.0
2018-04-26T03:00:00.0,3,0.0
2018-04-26T04:00:00.0,4,0.0
2018-04-26T05:00:00.0,5,0.0
2018-04-26T06:00:00.0,6,0.0
2018-04-26T07:00:00.0,7,0.0
2018-04-26T08:00:00.0,8,0.0
2018-04-26T09:00:00.0,9,0.0
2018-04-26T10:00:00.0,10,0.0
2018-04-26T11:00:00.0,11,1.0253154166666667
2018-04-26T12:00:00.0,12,134.99261575
2018-04-26T13:00:00.0,13,444.69488466666667
2018-04-26T14:00:00.0,14,597.6250989166667
2018-04-26T15:00:00.0,15,609.0376988333334
2018-04-26T16:00:00.0,16,617.1360589166667
2018-04-26T17:00:00.0,17,621.3613925833332
2018-04-26T18:00:00.0,18,645.8068189166667
2018-04-26T19:00:00.0,19,646.9125248333334
2018-04-26T20:00:00.0,20,645.7917001666666
2018-04-26T21:00:00.0,21,642.6421263333334
2018-04-26T22:00:00.0,22,609.5921150833334
2018-04-26T23:00:00.0,23,447.35484425000004
2018-04-27T00:00:00.0,0,162.70521012500004
2018-04-27T01:00:00.0,1,4.648151250000001
2018-04-27T02:00:00.0,2,0.0
2018-04-27T03:00:00.0,3,0.0
2018-04-27T04:00:00.0,4,0.0
2018-04-27T05:00:00.0,5,0.0
2018-04-27T06:00:00.0,6,0.0
2018-04-27T07:00:00.0,7,0.0
2018-04-27T08:00:00.0,8,0.0
2018-04-27T09:00:00.0,9,0.0
2018-04-27T10:00:00.0,10,0.0
2018-04-27T11:00:00.0,11,1.1746949999999998
2018-04-27T12:00:00.0,12,120.93331945833334
2018-04-27T13:00:00.0,13,381.6041815833333
2018-04-27T14:00:00.0,14,586.4800806666667
2018-04-27T15:00:00.0,15,617.6925120000001
2018-04-27T16:00:00.0,16,623.5591165416666
2018-04-27T17:00:00.0,17,624.629214125
2018-04-27T18:00:00.0,18,621.1621809166667
2018-04-27T19:00:00.0,19,622.1606427083333
2018-04-27T20:00:00.0,20,604.6406346666666
2018-04-27T21:00:00.0,21,554.8286319166666
2018-04-27T22:00:00.0,22,545.253560875
2018-04-27T23:00:00.0,23,413.91695345833335
2018-04-28T00:00:00.0,0,132.64111179166665
2018-04-28T01:00:00.0,1,4.866783750000001
2018-04-28T02:00:00.0,2,0.0
2018-04-28T03:00:00.0,3,0.0
2018-04-28T04:00:00.0,4,0.0
2018-04-28T05:00:00.0,5,0.0
2018-04-28T06:00:00.0,6,0.0
2018-04-28T07:00:00.0,7,0.0
2018-04-28T08:00:00.0,8,0.0
2018-04-28T09:00:00.0,9,0.0
2018-04-28T10:00:00.0,10,0.0
2018-04-28T11:00:00.0,11,1.4401754166666667
2018-04-28T12:00:00.0,12,119.74731812499999
2018-04-28T13:00:00.0,13,415.6019542083334
2018-04-28T14:00:00.0,14,594.8023793750001
2018-04-28T15:00:00.0,15,615.3166338333334
2018-04-28T16:00:00.0,16,634.0767125
2018-04-28T17:00:00.0,17,631.105617
2018-04-28T18:00:00.0,18,636.594647
2018-04-28T19:00:00.0,19,627.9336012499999
2018-04-28T20:00:00.0,20,625.3673503333334
2018-04-28T21:00:00.0,21,639.3104760833334
2018-04-28T22:00:00.0,22,612.656478375
2018-04-28T23:00:00.0,23,479.587160375
2018-04-29T00:00:00.0,0,170.8961094583333
2018-04-29T01:00:00.0,1,5.7905325
2018-04-29T02:00:00.0,2,0.0
2018-04-29T03:00:00.0,3,0.0
2018-04-29T04:00:00.0,4,0.0
2018-04-29T05:00:00.0,5,0.0
2018-04-29T06:00:00.0,6,0.0
2018-04-29T07:00:00.0,7,0.0
2018-04-29T08:00:00.0,8,0.0
2018-04-29T09:00:00.0,9,0.0
2018-04-29T10:00:00.0,10,0.0
2018-04-29T11:00:00.0,11,2.1231381666666667
2018-04-29T12:00:00.0,12,124.61899620833333
2018-04-29T13:00:00.0,13,454.01785054166663
2018-04-29T14:00:00.0,14,604.9578051249999
2018-04-29T15:00:00.0,15,614.746465625
2018-04-29T16:00:00.0,16,626.7478760416667
2018-04-29T17:00:00.0,17,628.2234359583334
2018-04-29T18:00:00.0,18,627.6940760833332
2018-04-29T19:00:00.0,19,629.811208
2018-04-29T20:00:00.0,20,620.0221955416665
2018-04-29T21:00:00.0,21,606.5996862083333
2018-04-29T22:00:00.0,22,544.187218875
2018-04-29T23:00:00.0,23,403.49977795833337
2018-04-30T00:00:00.0,0,151.69940499999998
2018-04-30T01:00:00.0,1,6.526865958333333
2018-04-30T02:00:00.0,2,0.0
2018-04-30T03:00:00.0,3,0.0
2018-04-30T04:00:00.0,4,0.0
2018-04-30T05:00:00.0,5,0.0
2018-04-30T06:00:00.0,6,0.0
2018-04-30T07:00:00.0,7,0.0
2018-04-30T08:00:00.0,8,0.0
2018-04-30T09:00:00.0,9,0.0
2018-04-30T10:00:00.0,10,0.0
2018-04-30T11:00:00.0,11,2.716945416666667
2018-04-30T12:00:00.0,12,127.61642854166668
2018-04-30T13:00:00.0,13,291.9913074583333
2018-04-30T14:00:00.0,14,399.92296583333336
2018-04-30T15:00:00.0,15,448.9913634583333
2018-04-30T16:00:00.0,16,545.4915217916666
2018-04-30T17:00:00.0,17,563.3294274583334
2018-04-30T18:00:00.0,18,539.7781984583335
2018-04-30T19:00:00.0,19,486.34416612499996
2018-04-30T20:00:00.0,20,433.08942599999995
2018-04-30T21:00:00.0,21,439.6898358749999
2018-04-30T22:00:00.0,22,426.5916066666666
2018-04-30T23:00:00.0,23,203.98347920833336
2018-05-01T00:00:00.0,0,75.79978220833333
2018-05-01T01:00:00.0,1,2.3099117500000004
2018-05-01T02:00:00.0,2,0.0
2018-05-01T03:00:00.0,3,0.0
2018-05-01T04:00:00.0,4,0.0
2018-05-01T05:00:00.0,5,0.0
2018-05-01T06:00:00.0,6,0.0
2018-05-01T07:00:00.0,7,0.0
2018-05-01T08:00:00.0,8,0.0
2018-05-01T09:00:00.0,9,0.0
2018-05-01T10:00:00.0,10,0.0
2018-05-01T11:00:00.0,11,1.3874147083333332
2018-05-01T12:00:00.0,12,106.59572683333334
2018-05-01T13:00:00.0,13,246.62186800000003
2018-05-01T14:00:00.0,14,240.660864125
2018-05-01T15:00:00.0,15,313.82259858333333
2018-05-01T16:00:00.0,16,381.7051440833333
2018-05-01T17:00:00.0,17,388.8256248333333
2018-05-01T18:00:00.0,18,314.82423704166666
2018-05-01T19:00:00.0,19,342.16203300000006
2018-05-01T20:00:00.0,20,353.95555279166666
2018-05-01T21:00:00.0,21,270.4651505416667
2018-05-01T22:00:00.0,22,172.64377775
2018-05-01T23:00:00.0,23,99.60781883333334
2018-05-02T00:00:00.0,0,51.61892758333334
2018-05-02T01:00:00.0,1,1.3689528333333334
2018-05-02T02:00:00.0,2,0.0
2018-05-02T03:00:00.0,3,0.0
2018-05-02T04:00:00.0,4,0.0
2018-05-02T05:00:00.0,5,0.0
2018-05-02T06:00:00.0,6,0.0
2018-05-02T07:00:00.0,7,0.0
2018-05-02T08:00:00.0,8,0.0
2018-05-02T09:00:00.0,9,0.0
2018-05-02T10:00:00.0,10,0.0
2018-05-02T11:00:00.0,11,0.19481608333333333
2018-05-02T12:00:00.0,12,66.11657204166666
2018-05-02T13:00:00.0,13,225.2769865416667
2018-05-02T14:00:00.0,14,365.75945583333333
2018-05-02T15:00:00.0,15,407.91204704166665
2018-05-02T16:00:00.0,16,498.7264483333333
2018-05-02T17:00:00.0,17,551.4294912916666
2018-05-02T18:00:00.0,18,548.4474012916668
2018-05-02T19:00:00.0,19,528.8555769583332
2018-05-02T20:00:00.0,20,397.19600675
2018-05-02T21:00:00.0,21,382.6369321666666
2018-05-02T22:00:00.0,22,350.63025175
2018-05-02T23:00:00.0,23,351.119847875
2018-05-03T00:00:00.0,0,129.3595952916667
2018-05-03T01:00:00.0,1,6.005269083333334
2018-05-03T02:00:00.0,2,0.0
2018-05-03T03:00:00.0,3,0.0
2018-05-03T04:00:00.0,4,0.0
2018-05-03T05:00:00.0,5,0.0
2018-05-03T06:00:00.0,6,0.0
2018-05-03T07:00:00.0,7,0.0
2018-05-03T08:00:00.0,8,0.0
2018-05-03T09:00:00.0,9,0.0
2018-05-03T10:00:00.0,10,0.0
2018-05-03T11:00:00.0,11,0.1754125
2018-05-03T12:00:00.0,12,70.42167620833334
2018-05-03T13:00:00.0,13,236.85911783333336
2018-05-03T14:00:00.0,14,360.91473225000004
2018-05-03T15:00:00.0,15,449.6639178333333
2018-05-03T16:00:00.0,16,485.81301175
2018-05-03T17:00:00.0,17,474.9301913333333
2018-05-03T18:00:00.0,18,506.50631425000006
2018-05-03T19:00:00.0,19,547.03417125
2018-05-03T20:00:00.0,20,492.6277272083334
2018-05-03T21:00:00.0,21,406.8121672500001
2018-05-03T22:00:00.0,22,421.0448863333333
2018-05-03T23:00:00.0,23,278.457193125
2018-05-04T00:00:00.0,0,89.75795225000002
2018-05-04T01:00:00.0,1,1.7213737500000004
2018-05-04T02:00:00.0,2,0.0
2018-05-04T03:00:00.0,3,0.0
2018-05-04T04:00:00.0,4,0.0
2018-05-04T05:00:00.0,5,0.0
2018-05-04T06:00:00.0,6,0.0
2018-05-04T07:00:00.0,7,0.0
2018-05-04T08:00:00.0,8,0.0
2018-05-04T09:00:00.0,9,0.0
2018-05-04T10:00:00.0,10,0.0
2018-05-04T11:00:00.0,11,0.109375
2018-05-04T12:00:00.0,12,6.717681166666666
2018-05-04T13:00:00.0,13,45.331228875
2018-05-04T14:00:00.0,14,200.99211304166667
2018-05-04T15:00:00.0,15,304.48139929166666
2018-05-04T16:00:00.0,16,315.6694699166667
2018-05-04T17:00:00.0,17,316.99469933333336
2018-05-04T18:00:00.0,18,333.3986234166667
2018-05-04T19:00:00.0,19,362.474210375
2018-05-04T20:00:00.0,20,354.6788375833333
2018-05-04T21:00:00.0,21,393.1817522083333
2018-05-04T22:00:00.0,22,328.9830527083334
2018-05-04T23:00:00.0,23,259.7192665833333
2018-05-05T00:00:00.0,0,115.26108262499999
2018-05-05T01:00:00.0,1,7.444818541666667
2018-05-05T02:00:00.0,2,0.0
2018-05-05T03:00:00.0,3,0.0
2018-05-05T04:00:00.0,4,0.0
2018-05-05T05:00:00.0,5,0.0
2018-05-05T06:00:00.0,6,0.0
2018-05-05T07:00:00.0,7,0.0
2018-05-05T08:00:00.0,8,0.0
2018-05-05T09:00:00.0,9,0.0
2018-05-05T10:00:00.0,10,0.0
2018-05-05T11:00:00.0,11,2.5447700833333333
2018-05-05T12:00:00.0,12,113.75170316666664
2018-05-05T13:00:00.0,13,339.1996981666666
2018-05-05T14:00:00.0,14,471.81023112500003
2018-05-05T15:00:00.0,15,590.4778985833333
2018-05-05T16:00:00.0,16,622.8026675
2018-05-05T17:00:00.0,17,640.4025345833334
2018-05-05T18:00:00.0,18,638.6390885833333
2018-05-05T19:00:00.0,19,637.5193136666666
2018-05-05T20:00:00.0,20,636.0019253333332
2018-05-05T21:00:00.0,21,629.411768875
2018-05-05T22:00:00.0,22,603.8629068749999
2018-05-05T23:00:00.0,23,498.7532002083333
2018-05-06T00:00:00.0,0,191.24679470833334
2018-05-06T01:00:00.0,1,9.631829958333332
2018-05-06T02:00:00.0,2,0.0
2018-05-06T03:00:00.0,3,0.0
2018-05-06T04:00:00.0,4,0.0
2018-05-06T05:00:00.0,5,0.0
2018-05-06T06:00:00.0,6,0.0
2018-05-06T07:00:00.0,7,0.0
2018-05-06T08:00:00.0,8,0.0
2018-05-06T09:00:00.0,9,0.0
2018-05-06T10:00:00.0,10,0.0
2018-05-06T11:00:00.0,11,5.583255583333333
2018-05-06T12:00:00.0,12,186.93138287499997
2018-05-06T13:00:00.0,13,511.66468475000005
2018-05-06T14:00:00.0,14,634.9813599166667
2018-05-06T15:00:00.0,15,645.5085407500001
2018-05-06T16:00:00.0,16,647.1805368333335
2018-05-06T17:00:00.0,17,646.80916425
2018-05-06T18:00:00.0,18,646.0410456666667
2018-05-06T19:00:00.0,19,645.4858176666667
2018-05-06T20:00:00.0,20,623.83006125
2018-05-06T21:00:00.0,21,630.823129
2018-05-06T22:00:00.0,22,615.5890715000002
2018-05-06T23:00:00.0,23,460.66971112500005
2018-05-07T00:00:00.0,0,196.54716416666668
2018-05-07T01:00:00.0,1,9.76164525
2018-05-07T02:00:00.0,2,0.0
2018-05-07T03:00:00.0,3,0.0
2018-05-07T04:00:00.0,4,0.0
2018-05-07T05:00:00.0,5,0.0
2018-05-07T06:00:00.0,6,0.0
2018-05-07T07:00:00.0,7,0.0
2018-05-07T08:00:00.0,8,0.0
2018-05-07T09:00:00.0,9,0.0
2018-05-07T10:00:00.0,10,0.0
2018-05-07T11:00:00.0,11,5.875557875000001
2018-05-07T12:00:00.0,12,168.67973200000003
2018-05-07T13:00:00.0,13,479.86162045833333
2018-05-07T14:00:00.0,14,603.084694625
2018-05-07T15:00:00.0,15,631.2698631666667
2018-05-07T16:00:00.0,16,634.9031092916667
2018-05-07T17:00:00.0,17,631.0631048749999
2018-05-07T18:00:00.0,18,630.8665170833333
2018-05-07T19:00:00.0,19,637.2665257916668
2018-05-07T20:00:00.0,20,640.088934375
2018-05-07T21:00:00.0,21,637.4047577083332
2018-05-07T22:00:00.0,22,576.0791824166666
2018-05-07T23:00:00.0,23,483.929189625
2018-05-08T00:00:00.0,0,194.89496254166667
2018-05-08T01:00:00.0,1,11.094436583333339
2018-05-08T02:00:00.0,2,0.0
2018-05-08T03:00:00.0,3,0.0
2018-05-08T04:00:00.0,4,0.0
2018-05-08T05:00:00.0,5,0.0
2018-05-08T06:00:00.0,6,0.0
2018-05-08T07:00:00.0,7,0.0
2018-05-08T08:00:00.0,8,0.0
2018-05-08T09:00:00.0,9,0.0
2018-05-08T10:00:00.0,10,0.0
2018-05-08T11:00:00.0,11,6.069577083333333
2018-05-08T12:00:00.0,12,175.46717016666665
2018-05-08T13:00:00.0,13,491.7249966666666
2018-05-08T14:00:00.0,14,628.3403044583332
2018-05-08T15:00:00.0,15,595.5274662916667
2018-05-08T16:00:00.0,16,482.57824525
2018-05-08T17:00:00.0,17,543.7468056666667
2018-05-08T18:00:00.0,18,627.087103125
2018-05-08T19:00:00.0,19,623.5357362083333
2018-05-08T20:00:00.0,20,591.0421729166667
2018-05-08T21:00:00.0,21,500.3779600416667
2018-05-08T22:00:00.0,22,406.2967554166667
2018-05-08T23:00:00.0,23,393.710717625
2018-05-09T00:00:00.0,0,173.96389620833335
2018-05-09T01:00:00.0,1,6.4121120000000005
2018-05-09T02:00:00.0,2,0.0
2018-05-09T03:00:00.0,3,0.0
2018-05-09T04:00:00.0,4,0.0
2018-05-09T05:00:00.0,5,0.0
2018-05-09T06:00:00.0,6,0.0
2018-05-09T07:00:00.0,7,0.0
2018-05-09T08:00:00.0,8,0.0
2018-05-09T09:00:00.0,9,0.0
2018-05-09T10:00:00.0,10,0.0
2018-05-09T11:00:00.0,11,4.28059425
2018-05-09T12:00:00.0,12,173.71320004166668
2018-05-09T13:00:00.0,13,472.4909674583334
2018-05-09T14:00:00.0,14,609.3474320416666
2018-05-09T15:00:00.0,15,642.6471059166666
2018-05-09T16:00:00.0,16,643.5830134166667
2018-05-09T17:00:00.0,17,647.0436941666667
2018-05-09T18:00:00.0,18,646.7064884166667
2018-05-09T19:00:00.0,19,646.3742013333334
2018-05-09T20:00:00.0,20,644.7438189999999
2018-05-09T21:00:00.0,21,641.9266994166668
2018-05-09T22:00:00.0,22,616.4229234583332
2018-05-09T23:00:00.0,23,500.41002324999994
2018-05-10T00:00:00.0,0,204.16485729166672
2018-05-10T01:00:00.0,1,12.238941250000002
2018-05-10T02:00:00.0,2,0.0
2018-05-10T03:00:00.0,3,0.0
2018-05-10T04:00:00.0,4,0.0
2018-05-10T05:00:00.0,5,0.0
2018-05-10T06:00:00.0,6,0.0
2018-05-10T07:00:00.0,7,0.0
2018-05-10T08:00:00.0,8,0.0
2018-05-10T09:00:00.0,9,0.0
2018-05-10T10:00:00.0,10,0.0
2018-05-10T11:00:00.0,11,7.2536832083333325
2018-05-10T12:00:00.0,12,191.76279329166667
2018-05-10T13:00:00.0,13,472.5247827916666
2018-05-10T14:00:00.0,14,608.63353225
2018-05-10T15:00:00.0,15,642.2013225
2018-05-10T16:00:00.0,16,645.0793039999999
2018-05-10T17:00:00.0,17,648.358713
2018-05-10T18:00:00.0,18,648.0274998333334
2018-05-10T19:00:00.0,19,637.2812458333333
2018-05-10T20:00:00.0,20,642.5811505
2018-05-10T21:00:00.0,21,636.7475603333334
2018-05-10T22:00:00.0,22,573.112521875
2018-05-10T23:00:00.0,23,453.8802805416667
2018-05-11T00:00:00.0,0,185.36746437500003
2018-05-11T01:00:00.0,1,11.615146583333333
2018-05-11T02:00:00.0,2,0.0
2018-05-11T03:00:00.0,3,0.0
2018-05-11T04:00:00.0,4,0.0
2018-05-11T05:00:00.0,5,0.0
2018-05-11T06:00:00.0,6,0.0
2018-05-11T07:00:00.0,7,0.0
2018-05-11T08:00:00.0,8,0.0
2018-05-11T09:00:00.0,9,0.0
2018-05-11T10:00:00.0,10,0.0
2018-05-11T11:00:00.0,11,7.4275178749999995
2018-05-11T12:00:00.0,12,148.61257725
2018-05-11T13:00:00.0,13,379.4893683333333
2018-05-11T14:00:00.0,14,506.5203966666667
2018-05-11T15:00:00.0,15,607.8521281666667
2018-05-11T16:00:00.0,16,617.9763675833334
2018-05-11T17:00:00.0,17,628.5541628333333
2018-05-11T18:00:00.0,18,637.6607068750001
2018-05-11T19:00:00.0,19,636.3668654583333
2018-05-11T20:00:00.0,20,638.8822865000001
2018-05-11T21:00:00.0,21,637.2314868333334
2018-05-11T22:00:00.0,22,612.1119861666666
2018-05-11T23:00:00.0,23,460.74837974999997
2018-05-12T00:00:00.0,0,199.06603229166663
2018-05-12T01:00:00.0,1,13.207515749999999
2018-05-12T02:00:00.0,2,0.0
2018-05-12T03:00:00.0,3,0.0
2018-05-12T04:00:00.0,4,0.0
2018-05-12T05:00:00.0,5,0.0
2018-05-12T06:00:00.0,6,0.0
2018-05-12T07:00:00.0,7,0.0
2018-05-12T08:00:00.0,8,0.0
2018-05-12T09:00:00.0,9,0.0
2018-05-12T10:00:00.0,10,0.0
2018-05-12T11:00:00.0,11,6.771989083333334
2018-05-12T12:00:00.0,12,167.893728875
2018-05-12T13:00:00.0,13,358.42464312500005
2018-05-12T14:00:00.0,14,493.941413
2018-05-12T15:00:00.0,15,586.0141572916667
2018-05-12T16:00:00.0,16,613.1799454166667
2018-05-12T17:00:00.0,17,611.0658125416667
2018-05-12T18:00:00.0,18,619.014302125
2018-05-12T19:00:00.0,19,618.7374600833333
2018-05-12T20:00:00.0,20,616.3687390416668
2018-05-12T21:00:00.0,21,597.6042079583334
2018-05-12T22:00:00.0,22,443.5368853333334
2018-05-12T23:00:00.0,23,431.2350825000001
2018-05-13T00:00:00.0,0,166.11945825
2018-05-13T01:00:00.0,1,10.119944875
2018-05-13T02:00:00.0,2,0.0
2018-05-13T03:00:00.0,3,0.0
2018-05-13T04:00:00.0,4,0.0
2018-05-13T05:00:00.0,5,0.0
2018-05-13T06:00:00.0,6,0.0
2018-05-13T07:00:00.0,7,0.0
2018-05-13T08:00:00.0,8,0.0
2018-05-13T09:00:00.0,9,0.0
2018-05-13T10:00:00.0,10,0.0
2018-05-13T11:00:00.0,11,7.276474374999999
2018-05-13T12:00:00.0,12,152.47869595833333
2018-05-13T13:00:00.0,13,234.55560350000005
2018-05-13T14:00:00.0,14,462.28061708333325
2018-05-13T15:00:00.0,15,575.3154294583334
2018-05-13T16:00:00.0,16,619.2963353333333
2018-05-13T17:00:00.0,17,610.209906625
2018-05-13T18:00:00.0,18,624.354579
2018-05-13T19:00:00.0,19,580.9064373333333
2018-05-13T20:00:00.0,20,543.0068893333333
2018-05-13T21:00:00.0,21,559.28495525
2018-05-13T22:00:00.0,22,527.0292552916667
2018-05-13T23:00:00.0,23,356.30936225000005
2018-05-14T00:00:00.0,0,162.70450166666663
2018-05-14T01:00:00.0,1,11.707725791666666
2018-05-14T02:00:00.0,2,0.0
2018-05-14T03:00:00.0,3,0.0
2018-05-14T04:00:00.0,4,0.0
2018-05-14T05:00:00.0,5,0.0
2018-05-14T06:00:00.0,6,0.0
2018-05-14T07:00:00.0,7,0.0
2018-05-14T08:00:00.0,8,0.0
2018-05-14T09:00:00.0,9,0.0
2018-05-14T10:00:00.0,10,0.0
2018-05-14T11:00:00.0,11,6.7490435416666665
2018-05-14T12:00:00.0,12,108.41573158333331
2018-05-14T13:00:00.0,13,255.06347295833334
2018-05-14T14:00:00.0,14,386.9396212083334
2018-05-14T15:00:00.0,15,505.37889650000005
2018-05-14T16:00:00.0,16,523.3763211250001
2018-05-14T17:00:00.0,17,554.3780379166666
2018-05-14T18:00:00.0,18,564.783817125
2018-05-14T19:00:00.0,19,519.0549696666666
2018-05-14T20:00:00.0,20,549.7748565416667
2018-05-14T21:00:00.0,21,542.0854790416666
2018-05-14T22:00:00.0,22,465.03699099999994
2018-05-14T23:00:00.0,23,363.9279037083333
2018-05-15T00:00:00.0,0,166.79149354166668
2018-05-15T01:00:00.0,1,13.506076166666666
2018-05-15T02:00:00.0,2,0.0
2018-05-15T03:00:00.0,3,0.0
2018-05-15T04:00:00.0,4,0.0
2018-05-15T05:00:00.0,5,0.0
2018-05-15T06:00:00.0,6,0.0
2018-05-15T07:00:00.0,7,0.0
2018-05-15T08:00:00.0,8,0.0
2018-05-15T09:00:00.0,9,0.0
2018-05-15T10:00:00.0,10,0.0
2018-05-15T11:00:00.0,11,5.761328208333334
2018-05-15T12:00:00.0,12,163.7190235416667
2018-05-15T13:00:00.0,13,449.27289433333334
2018-05-15T14:00:00.0,14,583.0216774166668
2018-05-15T15:00:00.0,15,599.30481125
2018-05-15T16:00:00.0,16,615.9079191666668
2018-05-15T17:00:00.0,17,628.6882079999999
2018-05-15T18:00:00.0,18,613.3935891666666
2018-05-15T19:00:00.0,19,603.6509500833333
2018-05-15T20:00:00.0,20,553.6384602083333
2018-05-15T21:00:00.0,21,610.2180762083333
2018-05-15T22:00:00.0,22,518.1573924166668
2018-05-15T23:00:00.0,23,390.28094775
2018-05-16T00:00:00.0,0,114.520851875
2018-05-16T01:00:00.0,1,13.767194625000002
2018-05-16T02:00:00.0,2,0.0
2018-05-16T03:00:00.0,3,0.0
2018-05-16T04:00:00.0,4,0.0
2018-05-16T05:00:00.0,5,0.0
2018-05-16T06:00:00.0,6,0.0
2018-05-16T07:00:00.0,7,0.0
2018-05-16T08:00:00.0,8,0.0
2018-05-16T09:00:00.0,9,0.0
2018-05-16T10:00:00.0,10,0.0
2018-05-16T11:00:00.0,11,10.297176625
2018-05-16T12:00:00.0,12,203.7629329166667
2018-05-16T13:00:00.0,13,491.4126332083333
2018-05-16T14:00:00.0,14,448.8760392916667
2018-05-16T15:00:00.0,15,462.67882299999997
2018-05-16T16:00:00.0,16,620.0558822916666
2018-05-16T17:00:00.0,17,634.1187874166666
2018-05-16T18:00:00.0,18,639.2887418333333
2018-05-16T19:00:00.0,19,639.0814763750001
2018-05-16T20:00:00.0,20,637.7749325000001
2018-05-16T21:00:00.0,21,623.7775885000001
2018-05-16T22:00:00.0,22,583.3585434166667
2018-05-16T23:00:00.0,23,438.4583877916668
2018-05-17T00:00:00.0,0,142.4165927916667
2018-05-17T01:00:00.0,1,15.768832916666673
2018-05-17T02:00:00.0,2,0.0
2018-05-17T03:00:00.0,3,0.0
2018-05-17T04:00:00.0,4,0.0
2018-05-17T05:00:00.0,5,0.0
2018-05-17T06:00:00.0,6,0.0
2018-05-17T07:00:00.0,7,0.0
2018-05-17T08:00:00.0,8,0.0
2018-05-17T09:00:00.0,9,0.0
2018-05-17T10:00:00.0,10,0.0
2018-05-17T11:00:00.0,11,10.536174916666667
2018-05-17T12:00:00.0,12,191.56985841666668
2018-05-17T13:00:00.0,13,497.0905499583334
2018-05-17T14:00:00.0,14,621.5286696666666
2018-05-17T15:00:00.0,15,632.0806517916667
2018-05-17T16:00:00.0,16,639.26824225
2018-05-17T17:00:00.0,17,639.8619698333333
2018-05-17T18:00:00.0,18,639.7824149166667
2018-05-17T19:00:00.0,19,638.8185264166666
2018-05-17T20:00:00.0,20,637.3429471666667
2018-05-17T21:00:00.0,21,581.1714649583333
2018-05-17T22:00:00.0,22,472.32161975
2018-05-17T23:00:00.0,23,428.36170762499995
2018-05-18T00:00:00.0,0,154.12605470833333
2018-05-18T01:00:00.0,1,14.442334083333334
2018-05-18T02:00:00.0,2,0.0
2018-05-18T03:00:00.0,3,0.0
2018-05-18T04:00:00.0,4,0.0
2018-05-18T05:00:00.0,5,0.0
2018-05-18T06:00:00.0,6,0.0
2018-05-18T07:00:00.0,7,0.0
2018-05-18T08:00:00.0,8,0.0
2018-05-18T09:00:00.0,9,0.0
2018-05-18T10:00:00.0,10,0.0
2018-05-18T11:00:00.0,11,6.084159541666668
2018-05-18T12:00:00.0,12,192.00122316666668
2018-05-18T13:00:00.0,13,445.5114133749999
2018-05-18T14:00:00.0,14,535.8402676666666
2018-05-18T15:00:00.0,15,582.4683863333333
2018-05-18T16:00:00.0,16,631.1643108333334
2018-05-18T17:00:00.0,17,624.601072
2018-05-18T18:00:00.0,18,621.5401947916665
2018-05-18T19:00:00.0,19,624.1862307500002
2018-05-18T20:00:00.0,20,604.9290849166667
2018-05-18T21:00:00.0,21,577.4218670833333
2018-05-18T22:00:00.0,22,486.37838641666673
2018-05-18T23:00:00.0,23,450.348502375
2018-05-19T00:00:00.0,0,200.89461695833336
2018-05-19T01:00:00.0,1,16.731172708333336
2018-05-19T02:00:00.0,2,0.0
2018-05-19T03:00:00.0,3,0.0
2018-05-19T04:00:00.0,4,0.0
2018-05-19T05:00:00.0,5,0.0
2018-05-19T06:00:00.0,6,0.0
2018-05-19T07:00:00.0,7,0.0
2018-05-19T08:00:00.0,8,0.0
2018-05-19T09:00:00.0,9,0.0
2018-05-19T10:00:00.0,10,0.0
2018-05-19T11:00:00.0,11,5.908126875
2018-05-19T12:00:00.0,12,144.16646633333335
2018-05-19T13:00:00.0,13,282.1605461666666
2018-05-19T14:00:00.0,14,495.397855875
2018-05-19T15:00:00.0,15,563.95759925
2018-05-19T16:00:00.0,16,593.9195477499999
2018-05-19T17:00:00.0,17,614.3446613333334
2018-05-19T18:00:00.0,18,611.1692660833334
2018-05-19T19:00:00.0,19,603.790083125
2018-05-19T20:00:00.0,20,609.3003007916667
2018-05-19T21:00:00.0,21,595.2363950833334
2018-05-19T22:00:00.0,22,549.0036894583333
2018-05-19T23:00:00.0,23,456.52608200000003
2018-05-20T00:00:00.0,0,195.34297458333333
2018-05-20T01:00:00.0,1,15.509015958333336
2018-05-20T02:00:00.0,2,0.0
2018-05-20T03:00:00.0,3,0.0
2018-05-20T04:00:00.0,4,0.0
2018-05-20T05:00:00.0,5,0.0
2018-05-20T06:00:00.0,6,0.0
2018-05-20T07:00:00.0,7,0.0
2018-05-20T08:00:00.0,8,0.0
2018-05-20T09:00:00.0,9,0.0
2018-05-20T10:00:00.0,10,0.0
2018-05-20T11:00:00.0,11,3.616717583333333
2018-05-20T12:00:00.0,12,71.9793075
2018-05-20T13:00:00.0,13,189.96645066666667
2018-05-20T14:00:00.0,14,298.593665
2018-05-20T15:00:00.0,15,460.9830689583334
2018-05-20T16:00:00.0,16,435.8913929166666
2018-05-20T17:00:00.0,17,495.5218112083333
2018-05-20T18:00:00.0,18,529.5350628333334
2018-05-20T19:00:00.0,19,498.1128895416667
2018-05-20T20:00:00.0,20,460.1428577499999
2018-05-20T21:00:00.0,21,375.5163727916667
2018-05-20T22:00:00.0,22,348.46249137499996
2018-05-20T23:00:00.0,23,277.3235675000001
2018-05-21T00:00:00.0,0,134.51833008333332
2018-05-21T01:00:00.0,1,15.585177708333331
2018-05-21T02:00:00.0,2,0.0
2018-05-21T03:00:00.0,3,0.0
2018-05-21T04:00:00.0,4,0.0
2018-05-21T05:00:00.0,5,0.0
2018-05-21T06:00:00.0,6,0.0
2018-05-21T07:00:00.0,7,0.0
2018-05-21T08:00:00.0,8,0.0
2018-05-21T09:00:00.0,9,0.0
2018-05-21T10:00:00.0,10,0.0
2018-05-21T11:00:00.0,11,4.904368166666667
2018-05-21T12:00:00.0,12,112.41708341666667
2018-05-21T13:00:00.0,13,202.39636575000006
2018-05-21T14:00:00.0,14,238.666858875
2018-05-21T15:00:00.0,15,399.11289354166666
2018-05-21T16:00:00.0,16,505.9041605
2018-05-21T17:00:00.0,17,546.8478892499999
2018-05-21T18:00:00.0,18,520.6432317916666
2018-05-21T19:00:00.0,19,480.9531728749999
2018-05-21T20:00:00.0,20,484.0971829166667
2018-05-21T21:00:00.0,21,400.3741806666667
2018-05-21T22:00:00.0,22,385.93522370833335
2018-05-21T23:00:00.0,23,295.15562858333334
2018-05-22T00:00:00.0,0,139.33209025000002
2018-05-22T01:00:00.0,1,17.86790529166667
2018-05-22T02:00:00.0,2,0.0
2018-05-22T03:00:00.0,3,0.0
2018-05-22T04:00:00.0,4,0.0
2018-05-22T05:00:00.0,5,0.0
2018-05-22T06:00:00.0,6,0.0
2018-05-22T07:00:00.0,7,0.0
2018-05-22T08:00:00.0,8,0.0
2018-05-22T09:00:00.0,9,0.0
2018-05-22T10:00:00.0,10,0.0
2018-05-22T11:00:00.0,11,7.425475125000001
2018-05-22T12:00:00.0,12,137.678104875
2018-05-22T13:00:00.0,13,304.21966895833333
2018-05-22T14:00:00.0,14,322.5424910416666
2018-05-22T15:00:00.0,15,374.3401822916667
2018-05-22T16:00:00.0,16,539.2811743333333
2018-05-22T17:00:00.0,17,586.1487184583334
2018-05-22T18:00:00.0,18,592.2076389583332
2018-05-22T19:00:00.0,19,599.352657625
2018-05-22T20:00:00.0,20,603.2360024166667
2018-05-22T21:00:00.0,21,553.7481103333332
2018-05-22T22:00:00.0,22,492.503203625
2018-05-22T23:00:00.0,23,419.65680566666674
2018-05-23T00:00:00.0,0,196.44592183333336
2018-05-23T01:00:00.0,1,15.940982833333335
2018-05-23T02:00:00.0,2,0.0
2018-05-23T03:00:00.0,3,0.0
2018-05-23T04:00:00.0,4,0.0
2018-05-23T05:00:00.0,5,0.0
2018-05-23T06:00:00.0,6,0.0
2018-05-23T07:00:00.0,7,0.0
2018-05-23T08:00:00.0,8,0.0
2018-05-23T09:00:00.0,9,0.0
2018-05-23T10:00:00.0,10,0.0
2018-05-23T11:00:00.0,11,13.034650958333335
2018-05-23T12:00:00.0,12,205.41022370833335
2018-05-23T13:00:00.0,13,391.7556398333334
2018-05-23T14:00:00.0,14,389.38299225
2018-05-23T15:00:00.0,15,341.5934556666666
2018-05-23T16:00:00.0,16,490.4833983333333
2018-05-23T17:00:00.0,17,523.3913020833335
2018-05-23T18:00:00.0,18,522.0284764166666
2018-05-23T19:00:00.0,19,573.3275490416667
2018-05-23T20:00:00.0,20,496.20136825000003
2018-05-23T21:00:00.0,21,464.76891358333336
2018-05-23T22:00:00.0,22,470.19487725000005
2018-05-23T23:00:00.0,23,330.74457058333337
2018-05-24T00:00:00.0,0,115.47094029166665
2018-05-24T01:00:00.0,1,7.679694875
2018-05-24T02:00:00.0,2,0.0
2018-05-24T03:00:00.0,3,0.0
2018-05-24T04:00:00.0,4,0.0
2018-05-24T05:00:00.0,5,0.0
2018-05-24T06:00:00.0,6,0.0
2018-05-24T07:00:00.0,7,0.0
2018-05-24T08:00:00.0,8,0.0
2018-05-24T09:00:00.0,9,0.0
2018-05-24T10:00:00.0,10,0.0
2018-05-24T11:00:00.0,11,14.446677458333333
2018-05-24T12:00:00.0,12,183.04837362499998
2018-05-24T13:00:00.0,13,421.27125725
2018-05-24T14:00:00.0,14,421.73329229166666
2018-05-24T15:00:00.0,15,514.0010438333334
2018-05-24T16:00:00.0,16,566.5964145416666
2018-05-24T17:00:00.0,17,604.6928650416668
2018-05-24T18:00:00.0,18,532.37404525
2018-05-24T19:00:00.0,19,498.74719487500005
2018-05-24T20:00:00.0,20,537.72457725
2018-05-24T21:00:00.0,21,570.95673
2018-05-24T22:00:00.0,22,563.009379875
2018-05-24T23:00:00.0,23,477.91730291666664
2018-05-25T00:00:00.0,0,217.69945508333333
2018-05-25T01:00:00.0,1,20.94545704166667
2018-05-25T02:00:00.0,2,0.0
2018-05-25T03:00:00.0,3,0.0
2018-05-25T04:00:00.0,4,0.0
2018-05-25T05:00:00.0,5,0.0
2018-05-25T06:00:00.0,6,0.0
2018-05-25T07:00:00.0,7,0.0
2018-05-25T08:00:00.0,8,0.0
2018-05-25T09:00:00.0,9,0.0
2018-05-25T10:00:00.0,10,0.0
2018-05-25T11:00:00.0,11,15.058022458333333
2018-05-25T12:00:00.0,12,196.13274887499998
2018-05-25T13:00:00.0,13,456.0616987083334
2018-05-25T14:00:00.0,14,558.3406394166667
2018-05-25T15:00:00.0,15,571.2024139583333
2018-05-25T16:00:00.0,16,583.9400662916667
2018-05-25T17:00:00.0,17,593.6421591666666
2018-05-25T18:00:00.0,18,588.4514414583333
2018-05-25T19:00:00.0,19,607.7147560833333
2018-05-25T20:00:00.0,20,592.7200967083332
2018-05-25T21:00:00.0,21,535.1747090416667
2018-05-25T22:00:00.0,22,526.8163034583332
2018-05-25T23:00:00.0,23,471.28248512500005
2018-05-26T00:00:00.0,0,224.19194383333328
2018-05-26T01:00:00.0,1,23.399647083333335
2018-05-26T02:00:00.0,2,0.0
2018-05-26T03:00:00.0,3,0.0
2018-05-26T04:00:00.0,4,0.0
2018-05-26T05:00:00.0,5,0.0
2018-05-26T06:00:00.0,6,0.0
2018-05-26T07:00:00.0,7,0.0
2018-05-26T08:00:00.0,8,0.0
2018-05-26T09:00:00.0,9,0.0
2018-05-26T10:00:00.0,10,0.0
2018-05-26T11:00:00.0,11,7.877292958333334
2018-05-26T12:00:00.0,12,192.55409720833336
2018-05-26T13:00:00.0,13,438.76869758333333
2018-05-26T14:00:00.0,14,579.0542141249999
2018-05-26T15:00:00.0,15,592.054472375
2018-05-26T16:00:00.0,16,580.949472875
2018-05-26T17:00:00.0,17,590.669680375
2018-05-26T18:00:00.0,18,620.8499649583333
2018-05-26T19:00:00.0,19,601.8594444166667
2018-05-26T20:00:00.0,20,632.0769594583334
2018-05-26T21:00:00.0,21,588.6937152500001
2018-05-26T22:00:00.0,22,554.2082035416666
2018-05-26T23:00:00.0,23,402.79651870833345
2018-05-27T00:00:00.0,0,187.9334876666667
2018-05-27T01:00:00.0,1,18.15421554166667
2018-05-27T02:00:00.0,2,0.0
2018-05-27T03:00:00.0,3,0.0
2018-05-27T04:00:00.0,4,0.0
2018-05-27T05:00:00.0,5,0.0
2018-05-27T06:00:00.0,6,0.0
2018-05-27T07:00:00.0,7,0.0
2018-05-27T08:00:00.0,8,0.0
2018-05-27T09:00:00.0,9,0.0
2018-05-27T10:00:00.0,10,0.0
2018-05-27T11:00:00.0,11,14.399359166666668
2018-05-27T12:00:00.0,12,183.49657029166667
2018-05-27T13:00:00.0,13,487.5141833750001
2018-05-27T14:00:00.0,14,591.5947020416668
2018-05-27T15:00:00.0,15,633.8692169166666
2018-05-27T16:00:00.0,16,628.3722548333333
2018-05-27T17:00:00.0,17,590.4493423333333
2018-05-27T18:00:00.0,18,578.3855408333334
2018-05-27T19:00:00.0,19,592.175275875
2018-05-27T20:00:00.0,20,550.8940912916667
2018-05-27T21:00:00.0,21,565.0709455833334
2018-05-27T22:00:00.0,22,593.7807624999999
2018-05-27T23:00:00.0,23,489.4269244583333
2018-05-28T00:00:00.0,0,230.57003641666665
2018-05-28T01:00:00.0,1,25.073150083333335
2018-05-28T02:00:00.0,2,0.0
2018-05-28T03:00:00.0,3,0.0
2018-05-28T04:00:00.0,4,0.0
2018-05-28T05:00:00.0,5,0.0
2018-05-28T06:00:00.0,6,0.0
2018-05-28T07:00:00.0,7,0.0
2018-05-28T08:00:00.0,8,0.0
2018-05-28T09:00:00.0,9,0.0
2018-05-28T10:00:00.0,10,0.0
2018-05-28T11:00:00.0,11,15.7378475
2018-05-28T12:00:00.0,12,221.5607864166667
2018-05-28T13:00:00.0,13,500.35176641666675
2018-05-28T14:00:00.0,14,614.2052463333333
2018-05-28T15:00:00.0,15,633.195984375
2018-05-28T16:00:00.0,16,633.2147066666666
2018-05-28T17:00:00.0,17,627.9851988333334
2018-05-28T18:00:00.0,18,603.0364633333332
2018-05-28T19:00:00.0,19,584.6369550833333
2018-05-28T20:00:00.0,20,572.2174827916667
2018-05-28T21:00:00.0,21,600.5952209583334
2018-05-28T22:00:00.0,22,581.6222130416667
2018-05-28T23:00:00.0,23,459.6966945000001
2018-05-29T00:00:00.0,0,227.8378153333333
2018-05-29T01:00:00.0,1,24.62200079166666
2018-05-29T02:00:00.0,2,0.0
2018-05-29T03:00:00.0,3,0.0
2018-05-29T04:00:00.0,4,0.0
2018-05-29T05:00:00.0,5,0.0
2018-05-29T06:00:00.0,6,0.0
2018-05-29T07:00:00.0,7,0.0
2018-05-29T08:00:00.0,8,0.0
2018-05-29T09:00:00.0,9,0.0
2018-05-29T10:00:00.0,10,0.0
2018-05-29T11:00:00.0,11,15.914143583333333
2018-05-29T12:00:00.0,12,220.77317079166664
2018-05-29T13:00:00.0,13,499.2002235416667
2018-05-29T14:00:00.0,14,608.673355625
2018-05-29T15:00:00.0,15,584.3202134583333
2018-05-29T16:00:00.0,16,581.0451199166665
2018-05-29T17:00:00.0,17,595.0015772500001
2018-05-29T18:00:00.0,18,625.3331397500001
2018-05-29T19:00:00.0,19,629.36834575
2018-05-29T20:00:00.0,20,638.4672855833334
2018-05-29T21:00:00.0,21,631.0132473333333
2018-05-29T22:00:00.0,22,605.8937220416666
2018-05-29T23:00:00.0,23,502.57606554166665
2018-05-30T00:00:00.0,0,248.47159491666665
2018-05-30T01:00:00.0,1,27.84659879166667
2018-05-30T02:00:00.0,2,0.0
2018-05-30T03:00:00.0,3,0.0
2018-05-30T04:00:00.0,4,0.0
2018-05-30T05:00:00.0,5,0.0
2018-05-30T06:00:00.0,6,0.0
2018-05-30T07:00:00.0,7,0.0
2018-05-30T08:00:00.0,8,0.0
2018-05-30T09:00:00.0,9,0.0
2018-05-30T10:00:00.0,10,0.0
2018-05-30T11:00:00.0,11,14.586579833333333
2018-05-30T12:00:00.0,12,228.69305433333332
2018-05-30T13:00:00.0,13,506.92785050000003
2018-05-30T14:00:00.0,14,600.6467852500001
2018-05-30T15:00:00.0,15,594.6129991666667
2018-05-30T16:00:00.0,16,633.2402488333333
2018-05-30T17:00:00.0,17,643.2265918333334
2018-05-30T18:00:00.0,18,642.56942375
2018-05-30T19:00:00.0,19,642.4689881666667
2018-05-30T20:00:00.0,20,640.6741018333333
2018-05-30T21:00:00.0,21,636.149173375
2018-05-30T22:00:00.0,22,613.8357330416667
2018-05-30T23:00:00.0,23,511.7747934166666
2018-05-31T00:00:00.0,0,248.50928833333333
2018-05-31T01:00:00.0,1,27.515950791666672
2018-05-31T02:00:00.0,2,0.0
2018-05-31T03:00:00.0,3,0.0
2018-05-31T04:00:00.0,4,0.0
2018-05-31T05:00:00.0,5,0.0
2018-05-31T06:00:00.0,6,0.0
2018-05-31T07:00:00.0,7,0.0
2018-05-31T08:00:00.0,8,0.0
2018-05-31T09:00:00.0,9,0.0
2018-05-31T10:00:00.0,10,0.0
2018-05-31T11:00:00.0,11,14.160860416666667
2018-05-31T12:00:00.0,12,208.6364477916667
2018-05-31T13:00:00.0,13,454.59127995833336
2018-05-31T14:00:00.0,14,531.6191593333333
2018-05-31T15:00:00.0,15,564.0327507916668
2018-05-31T16:00:00.0,16,577.9169959166667
2018-05-31T17:00:00.0,17,562.0245655
2018-05-31T18:00:00.0,18,588.05299275
2018-05-31T19:00:00.0,19,625.43934075
2018-05-31T20:00:00.0,20,633.8569174166668
2018-05-31T21:00:00.0,21,629.2158347916667
2018-05-31T22:00:00.0,22,608.3216794583334
2018-05-31T23:00:00.0,23,506.36422612499996
2018-06-01T00:00:00.0,0,239.45154687500005
2018-06-01T01:00:00.0,1,28.659727583333336
2018-06-01T02:00:00.0,2,0.0
2018-06-01T03:00:00.0,3,0.0
2018-06-01T04:00:00.0,4,0.0
2018-06-01T05:00:00.0,5,0.0
2018-06-01T06:00:00.0,6,0.0
2018-06-01T07:00:00.0,7,0.0
2018-06-01T08:00:00.0,8,0.0
2018-06-01T09:00:00.0,9,0.0
2018-06-01T10:00:00.0,10,0.0
2018-06-01T11:00:00.0,11,11.600436583333334
2018-06-01T12:00:00.0,12,173.169895125
2018-06-01T13:00:00.0,13,387.82691441666674
2018-06-01T14:00:00.0,14,526.9103052083334
2018-06-01T15:00:00.0,15,557.7068767916667
2018-06-01T16:00:00.0,16,599.4122158333333
2018-06-01T17:00:00.0,17,631.8395138333333
2018-06-01T18:00:00.0,18,637.8161130833333
2018-06-01T19:00:00.0,19,638.8205289166666
2018-06-01T20:00:00.0,20,636.6119795000001
2018-06-01T21:00:00.0,21,629.2876269583334
2018-06-01T22:00:00.0,22,552.1042968749999
2018-06-01T23:00:00.0,23,388.9736716666667
2018-06-02T00:00:00.0,0,132.01770170833333
2018-06-02T01:00:00.0,1,6.819822833333336
2018-06-02T02:00:00.0,2,0.0
2018-06-02T03:00:00.0,3,0.0
2018-06-02T04:00:00.0,4,0.0
2018-06-02T05:00:00.0,5,0.0
2018-06-02T06:00:00.0,6,0.0
2018-06-02T07:00:00.0,7,0.0
2018-06-02T08:00:00.0,8,0.0
2018-06-02T09:00:00.0,9,0.0
2018-06-02T10:00:00.0,10,0.0
2018-06-02T11:00:00.0,11,9.163501958333333
2018-06-02T12:00:00.0,12,176.0220845416667
2018-06-02T13:00:00.0,13,412.7113501250001
2018-06-02T14:00:00.0,14,563.3930735416667
2018-06-02T15:00:00.0,15,622.8022832083333
2018-06-02T16:00:00.0,16,635.2548868333332
2018-06-02T17:00:00.0,17,633.0171340833334
2018-06-02T18:00:00.0,18,621.8636022083333
2018-06-02T19:00:00.0,19,631.3104343333333
2018-06-02T20:00:00.0,20,632.096077625
2018-06-02T21:00:00.0,21,627.1227645
2018-06-02T22:00:00.0,22,573.5739476250001
2018-06-02T23:00:00.0,23,488.902384875
2018-06-03T00:00:00.0,0,227.5265355833333
2018-06-03T01:00:00.0,1,26.74276504166667
2018-06-03T02:00:00.0,2,0.0
2018-06-03T03:00:00.0,3,0.0
2018-06-03T04:00:00.0,4,0.0
2018-06-03T05:00:00.0,5,0.0
2018-06-03T06:00:00.0,6,0.0
2018-06-03T07:00:00.0,7,0.0
2018-06-03T08:00:00.0,8,0.0
2018-06-03T09:00:00.0,9,0.0
2018-06-03T10:00:00.0,10,0.0
2018-06-03T11:00:00.0,11,10.704165625
2018-06-03T12:00:00.0,12,142.23812895833333
2018-06-03T13:00:00.0,13,355.6250735416667
2018-06-03T14:00:00.0,14,534.3038354166667
2018-06-03T15:00:00.0,15,575.1784874583333
2018-06-03T16:00:00.0,16,605.1349744166668
2018-06-03T17:00:00.0,17,589.926408875
2018-06-03T18:00:00.0,18,600.1749540833333
2018-06-03T19:00:00.0,19,602.5027683750001
2018-06-03T20:00:00.0,20,577.6618081250001
2018-06-03T21:00:00.0,21,527.2400410833335
2018-06-03T22:00:00.0,22,518.9822949583332
2018-06-03T23:00:00.0,23,409.43422216666664
2018-06-04T00:00:00.0,0,184.1763255
2018-06-04T01:00:00.0,1,20.088198791666667
2018-06-04T02:00:00.0,2,0.0
2018-06-04T03:00:00.0,3,0.0
2018-06-04T04:00:00.0,4,0.0
2018-06-04T05:00:00.0,5,0.0
2018-06-04T06:00:00.0,6,0.0
2018-06-04T07:00:00.0,7,0.0
2018-06-04T08:00:00.0,8,0.0
2018-06-04T09:00:00.0,9,0.0
2018-06-04T10:00:00.0,10,0.0
2018-06-04T11:00:00.0,11,4.573695708333333
2018-06-04T12:00:00.0,12,76.24557166666666
2018-06-04T13:00:00.0,13,289.10215658333334
2018-06-04T14:00:00.0,14,425.43154424999994
2018-06-04T15:00:00.0,15,426.82354354166665
2018-06-04T16:00:00.0,16,492.1833815
2018-06-04T17:00:00.0,17,511.59223712500005
2018-06-04T18:00:00.0,18,564.857117
2018-06-04T19:00:00.0,19,556.5147146666666
2018-06-04T20:00:00.0,20,560.9006894999999
2018-06-04T21:00:00.0,21,537.9116240416666
2018-06-04T22:00:00.0,22,501.5558952083333
2018-06-04T23:00:00.0,23,374.45786870833336
2018-06-05T00:00:00.0,0,207.6359279166667
2018-06-05T01:00:00.0,1,30.051740249999998
2018-06-05T02:00:00.0,2,0.0
2018-06-05T03:00:00.0,3,0.0
2018-06-05T04:00:00.0,4,0.0
2018-06-05T05:00:00.0,5,0.0
2018-06-05T06:00:00.0,6,0.0
2018-06-05T07:00:00.0,7,0.0
2018-06-05T08:00:00.0,8,0.0
2018-06-05T09:00:00.0,9,0.0
2018-06-05T10:00:00.0,10,0.0
2018-06-05T11:00:00.0,11,8.192142791666667
2018-06-05T12:00:00.0,12,152.65157787500002
2018-06-05T13:00:00.0,13,454.2039352499999
2018-06-05T14:00:00.0,14,509.9395545
2018-06-05T15:00:00.0,15,517.1066143333334
2018-06-05T16:00:00.0,16,578.5702080416667
2018-06-05T17:00:00.0,17,609.3015369999999
2018-06-05T18:00:00.0,18,635.64528575
2018-06-05T19:00:00.0,19,637.040987875
2018-06-05T20:00:00.0,20,621.5286965416667
2018-06-05T21:00:00.0,21,604.7265976666666
2018-06-05T22:00:00.0,22,587.7752155000002
2018-06-05T23:00:00.0,23,473.96658383333335
2018-06-06T00:00:00.0,0,242.32263120833332
2018-06-06T01:00:00.0,1,31.607348541666667
2018-06-06T02:00:00.0,2,0.0
2018-06-06T03:00:00.0,3,0.0
2018-06-06T04:00:00.0,4,0.0
2018-06-06T05:00:00.0,5,0.0
2018-06-06T06:00:00.0,6,0.0
2018-06-06T07:00:00.0,7,0.0
2018-06-06T08:00:00.0,8,0.0
2018-06-06T09:00:00.0,9,0.0
2018-06-06T10:00:00.0,10,0.0
2018-06-06T11:00:00.0,11,9.707723083333335
2018-06-06T12:00:00.0,12,158.270589
2018-06-06T13:00:00.0,13,407.7268529583334
2018-06-06T14:00:00.0,14,587.9939437500001
2018-06-06T15:00:00.0,15,604.01933925
2018-06-06T16:00:00.0,16,606.3047399999999
2018-06-06T17:00:00.0,17,592.9694655833333
2018-06-06T18:00:00.0,18,566.5775001666667
2018-06-06T19:00:00.0,19,597.2153938333333
2018-06-06T20:00:00.0,20,617.9640911666667
2018-06-06T21:00:00.0,21,610.4056383333334
2018-06-06T22:00:00.0,22,473.82896512499997
2018-06-06T23:00:00.0,23,345.84052154166665
2018-06-07T00:00:00.0,0,218.663138875
2018-06-07T01:00:00.0,1,28.24345891666667
2018-06-07T02:00:00.0,2,0.0
2018-06-07T03:00:00.0,3,0.0
2018-06-07T04:00:00.0,4,0.0
2018-06-07T05:00:00.0,5,0.0
2018-06-07T06:00:00.0,6,0.0
2018-06-07T07:00:00.0,7,0.0
2018-06-07T08:00:00.0,8,0.0
2018-06-07T09:00:00.0,9,0.0
2018-06-07T10:00:00.0,10,0.0
2018-06-07T11:00:00.0,11,14.040122708333334
2018-06-07T12:00:00.0,12,173.96063800000002
2018-06-07T13:00:00.0,13,370.0810517500001
2018-06-07T14:00:00.0,14,539.1272805833333
2018-06-07T15:00:00.0,15,604.4949175833334
2018-06-07T16:00:00.0,16,596.9845844583333
2018-06-07T17:00:00.0,17,624.14920025
2018-06-07T18:00:00.0,18,614.4581942083333
2018-06-07T19:00:00.0,19,632.7654259999999
2018-06-07T20:00:00.0,20,620.177542375
2018-06-07T21:00:00.0,21,562.5280827083334
2018-06-07T22:00:00.0,22,505.28110808333327
2018-06-07T23:00:00.0,23,389.61750400000005
2018-06-08T00:00:00.0,0,200.50732437500002
2018-06-08T01:00:00.0,1,24.959018458333336
2018-06-08T02:00:00.0,2,0.0
2018-06-08T03:00:00.0,3,0.0
2018-06-08T04:00:00.0,4,0.0
2018-06-08T05:00:00.0,5,0.0
2018-06-08T06:00:00.0,6,0.0
2018-06-08T07:00:00.0,7,0.0
2018-06-08T08:00:00.0,8,0.0
2018-06-08T09:00:00.0,9,0.0
2018-06-08T10:00:00.0,10,0.0
2018-06-08T11:00:00.0,11,12.369078041666667
2018-06-08T12:00:00.0,12,181.898508375
2018-06-08T13:00:00.0,13,408.3685578333334
2018-06-08T14:00:00.0,14,531.836474375
2018-06-08T15:00:00.0,15,581.0067170833335
2018-06-08T16:00:00.0,16,626.0178322083333
2018-06-08T17:00:00.0,17,622.9289911249999
2018-06-08T18:00:00.0,18,627.3239155833334
2018-06-08T19:00:00.0,19,600.9630725833334
2018-06-08T20:00:00.0,20,533.9241085833333
2018-06-08T21:00:00.0,21,486.17311175000003
2018-06-08T22:00:00.0,22,600.7605537916667
2018-06-08T23:00:00.0,23,490.6815769166667
2018-06-09T00:00:00.0,0,192.37084504166663
2018-06-09T01:00:00.0,1,18.067385749999996
2018-06-09T02:00:00.0,2,0.0
2018-06-09T03:00:00.0,3,0.0
2018-06-09T04:00:00.0,4,0.0
2018-06-09T05:00:00.0,5,0.0
2018-06-09T06:00:00.0,6,0.0
2018-06-09T07:00:00.0,7,0.0
2018-06-09T08:00:00.0,8,0.0
2018-06-09T09:00:00.0,9,0.0
2018-06-09T10:00:00.0,10,0.0
2018-06-09T11:00:00.0,11,16.976189958333332
2018-06-09T12:00:00.0,12,204.6025637083333
2018-06-09T13:00:00.0,13,472.9001013750001
2018-06-09T14:00:00.0,14,530.0303198333334
2018-06-09T15:00:00.0,15,587.6115402083334
2018-06-09T16:00:00.0,16,576.9876773749999
2018-06-09T17:00:00.0,17,558.3431187916666
2018-06-09T18:00:00.0,18,479.4337785
2018-06-09T19:00:00.0,19,585.078269125
2018-06-09T20:00:00.0,20,597.3415574166667
2018-06-09T21:00:00.0,21,515.0866764583334
2018-06-09T22:00:00.0,22,451.16647599999993
2018-06-09T23:00:00.0,23,394.52261875000005
2018-06-10T00:00:00.0,0,203.83196158333337
2018-06-10T01:00:00.0,1,26.03504316666667
2018-06-10T02:00:00.0,2,0.0
2018-06-10T03:00:00.0,3,0.0
2018-06-10T04:00:00.0,4,0.0
2018-06-10T05:00:00.0,5,0.0
2018-06-10T06:00:00.0,6,0.0
2018-06-10T07:00:00.0,7,0.0
2018-06-10T08:00:00.0,8,0.0
2018-06-10T09:00:00.0,9,0.0
2018-06-10T10:00:00.0,10,0.0
2018-06-10T11:00:00.0,11,9.031275333333333
2018-06-10T12:00:00.0,12,149.80750620833336
2018-06-10T13:00:00.0,13,396.76424404166664
2018-06-10T14:00:00.0,14,562.8264339166667
2018-06-10T15:00:00.0,15,594.8378952499999
2018-06-10T16:00:00.0,16,612.9107393749999
2018-06-10T17:00:00.0,17,617.4247024166667
2018-06-10T18:00:00.0,18,622.2442814999999
2018-06-10T19:00:00.0,19,562.3672399999999
2018-06-10T20:00:00.0,20,531.6022267916667
2018-06-10T21:00:00.0,21,444.22370733333327
2018-06-10T22:00:00.0,22,319.5524359583333
2018-06-10T23:00:00.0,23,252.92651254166665
2018-06-11T00:00:00.0,0,127.45187733333331
2018-06-11T01:00:00.0,1,6.405715999999999
2018-06-11T02:00:00.0,2,0.0
2018-06-11T03:00:00.0,3,0.0
2018-06-11T04:00:00.0,4,0.0
2018-06-11T05:00:00.0,5,0.0
2018-06-11T06:00:00.0,6,0.0
2018-06-11T07:00:00.0,7,0.0
2018-06-11T08:00:00.0,8,0.0
2018-06-11T09:00:00.0,9,0.0
2018-06-11T10:00:00.0,10,0.0
2018-06-11T11:00:00.0,11,8.905730875000001
2018-06-11T12:00:00.0,12,172.628381125
2018-06-11T13:00:00.0,13,331.63615308333334
2018-06-11T14:00:00.0,14,491.45755620833324
2018-06-11T15:00:00.0,15,506.4073517916666
2018-06-11T16:00:00.0,16,562.2711126666666
2018-06-11T17:00:00.0,17,587.5215678333333
2018-06-11T18:00:00.0,18,600.6936903333333
2018-06-11T19:00:00.0,19,606.2952840833335
2018-06-11T20:00:00.0,20,569.5086057916668
2018-06-11T21:00:00.0,21,549.1403309166667
2018-06-11T22:00:00.0,22,538.6952034166667
2018-06-11T23:00:00.0,23,426.4773582083333
2018-06-12T00:00:00.0,0,234.845014125
2018-06-12T01:00:00.0,1,32.557467791666674
2018-06-12T02:00:00.0,2,0.0
2018-06-12T03:00:00.0,3,0.0
2018-06-12T04:00:00.0,4,0.0
2018-06-12T05:00:00.0,5,0.0
2018-06-12T06:00:00.0,6,0.0
2018-06-12T07:00:00.0,7,0.0
2018-06-12T08:00:00.0,8,0.0
2018-06-12T09:00:00.0,9,0.0
2018-06-12T10:00:00.0,10,0.0
2018-06-12T11:00:00.0,11,12.8219335
2018-06-12T12:00:00.0,12,190.760240125
2018-06-12T13:00:00.0,13,368.03789891666673
2018-06-12T14:00:00.0,14,511.53875029166664
2018-06-12T15:00:00.0,15,577.5588877083334
2018-06-12T16:00:00.0,16,616.4153772499999
2018-06-12T17:00:00.0,17,630.7568649166667
2018-06-12T18:00:00.0,18,611.0381565416667
2018-06-12T19:00:00.0,19,595.4772300416666
2018-06-12T20:00:00.0,20,592.3139300416666
2018-06-12T21:00:00.0,21,602.0701865833333
2018-06-12T22:00:00.0,22,538.0829531666667
2018-06-12T23:00:00.0,23,500.8018237916667
2018-06-13T00:00:00.0,0,254.30759875000004
2018-06-13T01:00:00.0,1,35.04949308333334
2018-06-13T02:00:00.0,2,0.0
2018-06-13T03:00:00.0,3,0.0
2018-06-13T04:00:00.0,4,0.0
2018-06-13T05:00:00.0,5,0.0
2018-06-13T06:00:00.0,6,0.0
2018-06-13T07:00:00.0,7,0.0
2018-06-13T08:00:00.0,8,0.0
2018-06-13T09:00:00.0,9,0.0
2018-06-13T10:00:00.0,10,0.0
2018-06-13T11:00:00.0,11,16.56000675
2018-06-13T12:00:00.0,12,202.59929724999998
2018-06-13T13:00:00.0,13,364.4982417083333
2018-06-13T14:00:00.0,14,522.460880125
2018-06-13T15:00:00.0,15,625.5004027083334
2018-06-13T16:00:00.0,16,637.0115111250001
2018-06-13T17:00:00.0,17,629.5578528333334
2018-06-13T18:00:00.0,18,616.2937892083334
2018-06-13T19:00:00.0,19,627.3696732499999
2018-06-13T20:00:00.0,20,605.2156402083334
2018-06-13T21:00:00.0,21,611.4813339166667
2018-06-13T22:00:00.0,22,560.2467669583333
2018-06-13T23:00:00.0,23,404.95409212499993
2018-06-14T00:00:00.0,0,255.52024924999998
2018-06-14T01:00:00.0,1,36.50172349999999
2018-06-14T02:00:00.0,2,0.0
2018-06-14T03:00:00.0,3,0.0
2018-06-14T04:00:00.0,4,0.0
2018-06-14T05:00:00.0,5,0.0
2018-06-14T06:00:00.0,6,0.0
2018-06-14T07:00:00.0,7,0.0
2018-06-14T08:00:00.0,8,0.0
2018-06-14T09:00:00.0,9,0.0
2018-06-14T10:00:00.0,10,0.0
2018-06-14T11:00:00.0,11,17.048610749999998
2018-06-14T12:00:00.0,12,223.8921867083333
2018-06-14T13:00:00.0,13,498.2002070416666
2018-06-14T14:00:00.0,14,613.9283724166665
2018-06-14T15:00:00.0,15,616.8907878333333
2018-06-14T16:00:00.0,16,578.6857618333335
2018-06-14T17:00:00.0,17,569.3332224166667
2018-06-14T18:00:00.0,18,564.890929875
2018-06-14T19:00:00.0,19,612.9063646666666
2018-06-14T20:00:00.0,20,602.2797970833334
2018-06-14T21:00:00.0,21,618.433845375
2018-06-14T22:00:00.0,22,588.2703885416665
2018-06-14T23:00:00.0,23,519.0292890833333
2018-06-15T00:00:00.0,0,276.1801026666667
2018-06-15T01:00:00.0,1,41.60019858333333
2018-06-15T02:00:00.0,2,0.0
2018-06-15T03:00:00.0,3,0.0
2018-06-15T04:00:00.0,4,0.0
2018-06-15T05:00:00.0,5,0.0
2018-06-15T06:00:00.0,6,0.0
2018-06-15T07:00:00.0,7,0.0
2018-06-15T08:00:00.0,8,0.0
2018-06-15T09:00:00.0,9,0.0
2018-06-15T10:00:00.0,10,0.0
2018-06-15T11:00:00.0,11,16.940782291666665
2018-06-15T12:00:00.0,12,221.45153954166665
2018-06-15T13:00:00.0,13,447.04943199999997
2018-06-15T14:00:00.0,14,600.8503945000001
2018-06-15T15:00:00.0,15,600.1872846666666
2018-06-15T16:00:00.0,16,628.82033225
2018-06-15T17:00:00.0,17,598.700897375
2018-06-15T18:00:00.0,18,608.6827464166666
2018-06-15T19:00:00.0,19,595.4757552083335
2018-06-15T20:00:00.0,20,583.6362103333332
2018-06-15T21:00:00.0,21,606.533851
2018-06-15T22:00:00.0,22,580.1486436666667
2018-06-15T23:00:00.0,23,461.195091625
2018-06-16T00:00:00.0,0,251.56924204166668
2018-06-16T01:00:00.0,1,40.32291695833334
2018-06-16T02:00:00.0,2,0.0
2018-06-16T03:00:00.0,3,0.0
2018-06-16T04:00:00.0,4,0.0
2018-06-16T05:00:00.0,5,0.0
2018-06-16T06:00:00.0,6,0.0
2018-06-16T07:00:00.0,7,0.0
2018-06-16T08:00:00.0,8,0.0
2018-06-16T09:00:00.0,9,0.0
2018-06-16T10:00:00.0,10,0.0
2018-06-16T11:00:00.0,11,15.112073416666666
2018-06-16T12:00:00.0,12,195.48009675
2018-06-16T13:00:00.0,13,281.57319325000003
2018-06-16T14:00:00.0,14,444.85310712499995
2018-06-16T15:00:00.0,15,568.9349529166667
2018-06-16T16:00:00.0,16,602.5827811249998
2018-06-16T17:00:00.0,17,629.4828757083333
2018-06-16T18:00:00.0,18,611.3514472916667
2018-06-16T19:00:00.0,19,605.8213501666665
2018-06-16T20:00:00.0,20,594.95905575
2018-06-16T21:00:00.0,21,562.3262619999999
2018-06-16T22:00:00.0,22,502.3808670416667
2018-06-16T23:00:00.0,23,425.65938866666664
2018-06-17T00:00:00.0,0,237.03521625
2018-06-17T01:00:00.0,1,35.166212791666666
2018-06-17T02:00:00.0,2,0.0
2018-06-17T03:00:00.0,3,0.0
2018-06-17T04:00:00.0,4,0.0
2018-06-17T05:00:00.0,5,0.0
2018-06-17T06:00:00.0,6,0.0
2018-06-17T07:00:00.0,7,0.0
2018-06-17T08:00:00.0,8,0.0
2018-06-17T09:00:00.0,9,0.0
2018-06-17T10:00:00.0,10,0.0
2018-06-17T11:00:00.0,11,12.855268666666667
2018-06-17T12:00:00.0,12,168.46106558333335
2018-06-17T13:00:00.0,13,371.9343675
2018-06-17T14:00:00.0,14,350.61594979166665
2018-06-17T15:00:00.0,15,268.35777945833337
2018-06-17T16:00:00.0,16,404.360554625
2018-06-17T17:00:00.0,17,393.5110091666667
2018-06-17T18:00:00.0,18,361.50947225000004
2018-06-17T19:00:00.0,19,398.3029444583333
2018-06-17T20:00:00.0,20,473.2206036666666
2018-06-17T21:00:00.0,21,512.6409084166665
2018-06-17T22:00:00.0,22,515.0268031249999
2018-06-17T23:00:00.0,23,288.049598
2018-06-18T00:00:00.0,0,109.33784483333335
2018-06-18T01:00:00.0,1,9.918774958333332
2018-06-18T02:00:00.0,2,0.0
2018-06-18T03:00:00.0,3,0.0
2018-06-18T04:00:00.0,4,0.0
2018-06-18T05:00:00.0,5,0.0
2018-06-18T06:00:00.0,6,0.0
2018-06-18T07:00:00.0,7,0.0
2018-06-18T08:00:00.0,8,0.0
2018-06-18T09:00:00.0,9,0.0
2018-06-18T10:00:00.0,10,0.0
2018-06-18T11:00:00.0,11,7.349631250000001
2018-06-18T12:00:00.0,12,137.709555375
2018-06-18T13:00:00.0,13,370.6631030416667
2018-06-18T14:00:00.0,14,449.04661375
2018-06-18T15:00:00.0,15,451.3930188333333
2018-06-18T16:00:00.0,16,404.7186789583333
2018-06-18T17:00:00.0,17,316.0408202916667
2018-06-18T18:00:00.0,18,349.823960875
2018-06-18T19:00:00.0,19,345.83133075
2018-06-18T20:00:00.0,20,435.9651712500001
2018-06-18T21:00:00.0,21,239.30188312500002
2018-06-18T22:00:00.0,22,253.33127354166663
2018-06-18T23:00:00.0,23,202.13715858333333
2018-06-19T00:00:00.0,0,124.004635
2018-06-19T01:00:00.0,1,14.725651458333337
2018-06-19T02:00:00.0,2,0.0
2018-06-19T03:00:00.0,3,0.0
2018-06-19T04:00:00.0,4,0.0
2018-06-19T05:00:00.0,5,0.0
2018-06-19T06:00:00.0,6,0.0
2018-06-19T07:00:00.0,7,0.0
2018-06-19T08:00:00.0,8,0.0
2018-06-19T09:00:00.0,9,0.0
2018-06-19T10:00:00.0,10,0.0
2018-06-19T11:00:00.0,11,0.43138479166666666
2018-06-19T12:00:00.0,12,46.50326770833334
2018-06-19T13:00:00.0,13,230.61515158333336
2018-06-19T14:00:00.0,14,336.2272532916667
2018-06-19T15:00:00.0,15,375.8359209166667
2018-06-19T16:00:00.0,16,358.7917695833333
2018-06-19T17:00:00.0,17,399.064524875
2018-06-19T18:00:00.0,18,484.26568870833336
2018-06-19T19:00:00.0,19,480.033746375
2018-06-19T20:00:00.0,20,414.8231800416666
2018-06-19T21:00:00.0,21,363.94872183333337
2018-06-19T22:00:00.0,22,377.77742041666664
2018-06-19T23:00:00.0,23,315.5723315833333
2018-06-20T00:00:00.0,0,181.73516433333336
2018-06-20T01:00:00.0,1,36.76561158333333
2018-06-20T02:00:00.0,2,0.0
2018-06-20T03:00:00.0,3,0.0
2018-06-20T04:00:00.0,4,0.0
2018-06-20T05:00:00.0,5,0.0
2018-06-20T06:00:00.0,6,0.0
2018-06-20T07:00:00.0,7,0.0
2018-06-20T08:00:00.0,8,0.0
2018-06-20T09:00:00.0,9,0.0
2018-06-20T10:00:00.0,10,0.0
2018-06-20T11:00:00.0,11,2.887492208333333
2018-06-20T12:00:00.0,12,114.78160537500001
2018-06-20T13:00:00.0,13,210.10423375000002
2018-06-20T14:00:00.0,14,125.69465791666669
2018-06-20T15:00:00.0,15,156.35139904166667
2018-06-20T16:00:00.0,16,251.86720754166666
2018-06-20T17:00:00.0,17,337.4043835833333
2018-06-20T18:00:00.0,18,455.53707908333325
2018-06-20T19:00:00.0,19,445.29435341666664
2018-06-20T20:00:00.0,20,425.4466246666666
2018-06-20T21:00:00.0,21,353.1201756666667
2018-06-20T22:00:00.0,22,315.30401370833334
2018-06-20T23:00:00.0,23,282.36541437500006
2018-06-21T00:00:00.0,0,168.71337237500003
2018-06-21T01:00:00.0,1,36.211508875
2018-06-21T02:00:00.0,2,0.0
2018-06-21T03:00:00.0,3,0.0
2018-06-21T04:00:00.0,4,0.0
2018-06-21T05:00:00.0,5,0.0
2018-06-21T06:00:00.0,6,0.0
2018-06-21T07:00:00.0,7,0.0
2018-06-21T08:00:00.0,8,0.0
2018-06-21T09:00:00.0,9,0.0
2018-06-21T10:00:00.0,10,0.0
2018-06-21T11:00:00.0,11,9.169242166666667
2018-06-21T12:00:00.0,12,152.08202583333335
2018-06-21T13:00:00.0,13,283.4361552916667
2018-06-21T14:00:00.0,14,375.431227375
2018-06-21T15:00:00.0,15,422.2080695833333
2018-06-21T16:00:00.0,16,413.81769104166665
2018-06-21T17:00:00.0,17,412.24136770833337
2018-06-21T18:00:00.0,18,465.535580125
2018-06-21T19:00:00.0,19,482.61007645833337
2018-06-21T20:00:00.0,20,528.1135470833334
2018-06-21T21:00:00.0,21,547.7917864583334
2018-06-21T22:00:00.0,22,506.2460747916667
2018-06-21T23:00:00.0,23,439.68295737500006
2018-06-22T00:00:00.0,0,227.57875883333338
2018-06-22T01:00:00.0,1,42.149203375
2018-06-22T02:00:00.0,2,0.0
2018-06-22T03:00:00.0,3,0.0
2018-06-22T04:00:00.0,4,0.0
2018-06-22T05:00:00.0,5,0.0
2018-06-22T06:00:00.0,6,0.0
2018-06-22T07:00:00.0,7,0.0
2018-06-22T08:00:00.0,8,0.0
2018-06-22T09:00:00.0,9,0.0
2018-06-22T10:00:00.0,10,0.0
2018-06-22T11:00:00.0,11,14.932277333333333
2018-06-22T12:00:00.0,12,216.053729625
2018-06-22T13:00:00.0,13,431.1966848333334
2018-06-22T14:00:00.0,14,543.3371187083334
2018-06-22T15:00:00.0,15,597.9935792500002
2018-06-22T16:00:00.0,16,604.9166334166666
2018-06-22T17:00:00.0,17,614.1737535833333
2018-06-22T18:00:00.0,18,610.2087860833332
2018-06-22T19:00:00.0,19,610.8262979166666
2018-06-22T20:00:00.0,20,591.010750625
2018-06-22T21:00:00.0,21,587.8151065000001
2018-06-22T22:00:00.0,22,571.4382529999999
2018-06-22T23:00:00.0,23,520.1981761249999
2018-06-23T00:00:00.0,0,280.0760227916667
2018-06-23T01:00:00.0,1,47.04272600000001
2018-06-23T02:00:00.0,2,0.0
2018-06-23T03:00:00.0,3,0.0
2018-06-23T04:00:00.0,4,0.0
2018-06-23T05:00:00.0,5,0.0
2018-06-23T06:00:00.0,6,0.0
2018-06-23T07:00:00.0,7,0.0
2018-06-23T08:00:00.0,8,0.0
2018-06-23T09:00:00.0,9,0.0
2018-06-23T10:00:00.0,10,0.0
2018-06-23T11:00:00.0,11,14.001019249999999
2018-06-23T12:00:00.0,12,211.90797579166667
2018-06-23T13:00:00.0,13,473.2229899166666
2018-06-23T14:00:00.0,14,615.4772797083333
2018-06-23T15:00:00.0,15,615.7579961666668
2018-06-23T16:00:00.0,16,616.474168
2018-06-23T17:00:00.0,17,601.8583599166666
2018-06-23T18:00:00.0,18,592.207246
2018-06-23T19:00:00.0,19,624.4769644166666
2018-06-23T20:00:00.0,20,635.0724761666667
2018-06-23T21:00:00.0,21,627.9704692500001
2018-06-23T22:00:00.0,22,607.8731655
2018-06-23T23:00:00.0,23,507.55086145833343
2018-06-24T00:00:00.0,0,262.60120433333344
2018-06-24T01:00:00.0,1,39.59580620833332
2018-06-24T02:00:00.0,2,0.0
2018-06-24T03:00:00.0,3,0.0
2018-06-24T04:00:00.0,4,0.0
2018-06-24T05:00:00.0,5,0.0
2018-06-24T06:00:00.0,6,0.0
2018-06-24T07:00:00.0,7,0.0
2018-06-24T08:00:00.0,8,0.0
2018-06-24T09:00:00.0,9,0.0
2018-06-24T10:00:00.0,10,0.0
2018-06-24T11:00:00.0,11,12.08165125
2018-06-24T12:00:00.0,12,193.25465954166668
2018-06-24T13:00:00.0,13,400.94023104166666
2018-06-24T14:00:00.0,14,523.9501798333333
2018-06-24T15:00:00.0,15,568.3539408333332
2018-06-24T16:00:00.0,16,603.8357169999999
2018-06-24T17:00:00.0,17,623.5974290833334
2018-06-24T18:00:00.0,18,627.1535753333332
2018-06-24T19:00:00.0,19,613.3912281666666
2018-06-24T20:00:00.0,20,615.7689075833333
2018-06-24T21:00:00.0,21,594.6786220833334
2018-06-24T22:00:00.0,22,568.6357935
2018-06-24T23:00:00.0,23,465.6179300000001
2018-06-25T00:00:00.0,0,239.17705029166666
2018-06-25T01:00:00.0,1,35.979195791666676
2018-06-25T02:00:00.0,2,0.0
2018-06-25T03:00:00.0,3,0.0
2018-06-25T04:00:00.0,4,0.0
2018-06-25T05:00:00.0,5,0.0
2018-06-25T06:00:00.0,6,0.0
2018-06-25T07:00:00.0,7,0.0
2018-06-25T08:00:00.0,8,0.0
2018-06-25T09:00:00.0,9,0.0
2018-06-25T10:00:00.0,10,0.0
2018-06-25T11:00:00.0,11,6.080612958333334
2018-06-25T12:00:00.0,12,157.07531666666665
2018-06-25T13:00:00.0,13,352.75870433333336
2018-06-25T14:00:00.0,14,499.50887579166675
2018-06-25T15:00:00.0,15,591.1309892083333
2018-06-25T16:00:00.0,16,614.7106607499999
2018-06-25T17:00:00.0,17,574.819047625
2018-06-25T18:00:00.0,18,594.548839375
2018-06-25T19:00:00.0,19,603.1831815416667
2018-06-25T20:00:00.0,20,584.7605502083333
2018-06-25T21:00:00.0,21,571.7564730416667
2018-06-25T22:00:00.0,22,517.119553875
2018-06-25T23:00:00.0,23,415.38082562499994
2018-06-26T00:00:00.0,0,250.65231070833337
2018-06-26T01:00:00.0,1,42.542108375000005
2018-06-26T02:00:00.0,2,0.0
2018-06-26T03:00:00.0,3,0.0
2018-06-26T04:00:00.0,4,0.0
2018-06-26T05:00:00.0,5,0.0
2018-06-26T06:00:00.0,6,0.0
2018-06-26T07:00:00.0,7,0.0
2018-06-26T08:00:00.0,8,0.0
2018-06-26T09:00:00.0,9,0.0
2018-06-26T10:00:00.0,10,0.0
2018-06-26T11:00:00.0,11,13.674554875
2018-06-26T12:00:00.0,12,210.54570787499998
2018-06-26T13:00:00.0,13,484.8354812083333
2018-06-26T14:00:00.0,14,595.1063952916667
2018-06-26T15:00:00.0,15,624.2576880833333
2018-06-26T16:00:00.0,16,635.5338488333332
2018-06-26T17:00:00.0,17,630.8728283333334
2018-06-26T18:00:00.0,18,632.9157952916668
2018-06-26T19:00:00.0,19,626.5473296250001
2018-06-26T20:00:00.0,20,623.87589425
2018-06-26T21:00:00.0,21,615.3855857916666
2018-06-26T22:00:00.0,22,600.6671449583333
2018-06-26T23:00:00.0,23,521.9700689583333
2018-06-27T00:00:00.0,0,290.7740715
2018-06-27T01:00:00.0,1,48.778056875000004
2018-06-27T02:00:00.0,2,0.0
2018-06-27T03:00:00.0,3,0.0
2018-06-27T04:00:00.0,4,0.0
2018-06-27T05:00:00.0,5,0.0
2018-06-27T06:00:00.0,6,0.0
2018-06-27T07:00:00.0,7,0.0
2018-06-27T08:00:00.0,8,0.0
2018-06-27T09:00:00.0,9,0.0
2018-06-27T10:00:00.0,10,0.0
2018-06-27T11:00:00.0,11,15.290593791666668
2018-06-27T12:00:00.0,12,218.52730108333336
2018-06-27T13:00:00.0,13,493.6753543333334
2018-06-27T14:00:00.0,14,603.1884117916667
2018-06-27T15:00:00.0,15,632.7117163333334
2018-06-27T16:00:00.0,16,640.8382935833332
2018-06-27T17:00:00.0,17,631.4671635833333
2018-06-27T18:00:00.0,18,575.7592809166666
2018-06-27T19:00:00.0,19,628.3786875833334
2018-06-27T20:00:00.0,20,637.4707229999999
2018-06-27T21:00:00.0,21,631.3263187916665
2018-06-27T22:00:00.0,22,613.9345262916667
2018-06-27T23:00:00.0,23,538.1653078749999
2018-06-28T00:00:00.0,0,303.15482691666665
2018-06-28T01:00:00.0,1,51.05090808333335
2018-06-28T02:00:00.0,2,0.0
2018-06-28T03:00:00.0,3,0.0
2018-06-28T04:00:00.0,4,0.0
2018-06-28T05:00:00.0,5,0.0
2018-06-28T06:00:00.0,6,0.0
2018-06-28T07:00:00.0,7,0.0
2018-06-28T08:00:00.0,8,0.0
2018-06-28T09:00:00.0,9,0.0
2018-06-28T10:00:00.0,10,0.0
2018-06-28T11:00:00.0,11,14.451541
2018-06-28T12:00:00.0,12,217.29648499999996
2018-06-28T13:00:00.0,13,483.8189978333333
2018-06-28T14:00:00.0,14,568.7772069583333
2018-06-28T15:00:00.0,15,609.9331937500001
2018-06-28T16:00:00.0,16,631.4035563333333
2018-06-28T17:00:00.0,17,592.7542569999999
2018-06-28T18:00:00.0,18,606.591849
2018-06-28T19:00:00.0,19,606.6847959999999
2018-06-28T20:00:00.0,20,589.3741333333332
2018-06-28T21:00:00.0,21,586.4652288333333
2018-06-28T22:00:00.0,22,569.9892504166667
2018-06-28T23:00:00.0,23,513.907612375
2018-06-29T00:00:00.0,0,291.6429095416667
2018-06-29T01:00:00.0,1,38.485754416666666
2018-06-29T02:00:00.0,2,0.0
2018-06-29T03:00:00.0,3,0.0
2018-06-29T04:00:00.0,4,0.0
2018-06-29T05:00:00.0,5,0.0
2018-06-29T06:00:00.0,6,0.0
2018-06-29T07:00:00.0,7,0.0
2018-06-29T08:00:00.0,8,0.0
2018-06-29T09:00:00.0,9,0.0
2018-06-29T10:00:00.0,10,0.0
2018-06-29T11:00:00.0,11,12.319549833333333
2018-06-29T12:00:00.0,12,193.03055933333334
2018-06-29T13:00:00.0,13,444.3108882916667
2018-06-29T14:00:00.0,14,554.6355779166666
2018-06-29T15:00:00.0,15,574.9501887083333
2018-06-29T16:00:00.0,16,620.2486870416667
2018-06-29T17:00:00.0,17,612.5815529583333
2018-06-29T18:00:00.0,18,623.9454851666666
2018-06-29T19:00:00.0,19,614.2038148333332
2018-06-29T20:00:00.0,20,604.341063625
2018-06-29T21:00:00.0,21,609.990939375
2018-06-29T22:00:00.0,22,535.5517657500001
2018-06-29T23:00:00.0,23,380.25205945833324
2018-06-30T00:00:00.0,0,139.31953320833335
2018-06-30T01:00:00.0,1,8.297921541666666
2018-06-30T02:00:00.0,2,0.0
2018-06-30T03:00:00.0,3,0.0
2018-06-30T04:00:00.0,4,0.0
2018-06-30T05:00:00.0,5,0.0
2018-06-30T06:00:00.0,6,0.0
2018-06-30T07:00:00.0,7,0.0
2018-06-30T08:00:00.0,8,0.0
2018-06-30T09:00:00.0,9,0.0
2018-06-30T10:00:00.0,10,0.0
2018-06-30T11:00:00.0,11,6.51981275
2018-06-30T12:00:00.0,12,101.46665304166667
2018-06-30T13:00:00.0,13,247.22779100000002
2018-06-30T14:00:00.0,14,323.2013209583333
2018-06-30T15:00:00.0,15,481.89700379166675
2018-06-30T16:00:00.0,16,551.0461202500001
2018-06-30T17:00:00.0,17,604.8563198749999
2018-06-30T18:00:00.0,18,612.6296865000002
2018-06-30T19:00:00.0,19,619.3771261666667
2018-06-30T20:00:00.0,20,590.100232875
2018-06-30T21:00:00.0,21,545.2495561666666
2018-06-30T22:00:00.0,22,474.05931479166674
2018-06-30T23:00:00.0,23,369.3978687916667
2018-07-01T00:00:00.0,0,214.46329870833335
2018-07-01T01:00:00.0,1,34.38739791666667
2018-07-01T02:00:00.0,2,0.0
2018-07-01T03:00:00.0,3,0.0
2018-07-01T04:00:00.0,4,0.0
2018-07-01T05:00:00.0,5,0.0
2018-07-01T06:00:00.0,6,0.0
2018-07-01T07:00:00.0,7,0.0
2018-07-01T08:00:00.0,8,0.0
2018-07-01T09:00:00.0,9,0.0
2018-07-01T10:00:00.0,10,0.0
2018-07-01T11:00:00.0,11,5.217825958333333
2018-07-01T12:00:00.0,12,151.15191833333333
2018-07-01T13:00:00.0,13,373.0567400416667
2018-07-01T14:00:00.0,14,562.0004824583333
2018-07-01T15:00:00.0,15,626.088915
2018-07-01T16:00:00.0,16,630.3329496666667
2018-07-01T17:00:00.0,17,518.6372525833333
2018-07-01T18:00:00.0,18,630.9103639583333
2018-07-01T19:00:00.0,19,636.0540313749999
2018-07-01T20:00:00.0,20,633.1923225416666
2018-07-01T21:00:00.0,21,619.3740843333334
2018-07-01T22:00:00.0,22,561.55651075
2018-07-01T23:00:00.0,23,356.14166037499996
2018-07-02T00:00:00.0,0,171.802002625
2018-07-02T01:00:00.0,1,31.33170220833333
2018-07-02T02:00:00.0,2,0.0
2018-07-02T03:00:00.0,3,0.0
2018-07-02T04:00:00.0,4,0.0
2018-07-02T05:00:00.0,5,0.0
2018-07-02T06:00:00.0,6,0.0
2018-07-02T07:00:00.0,7,0.0
2018-07-02T08:00:00.0,8,0.0
2018-07-02T09:00:00.0,9,0.0
2018-07-02T10:00:00.0,10,0.0
2018-07-02T11:00:00.0,11,9.075785875
2018-07-02T12:00:00.0,12,155.085767625
2018-07-02T13:00:00.0,13,340.1292569583334
2018-07-02T14:00:00.0,14,522.4933119166667
2018-07-02T15:00:00.0,15,589.5172863333333
2018-07-02T16:00:00.0,16,632.7102931666667
2018-07-02T17:00:00.0,17,627.5132575833334
2018-07-02T18:00:00.0,18,618.96999425
2018-07-02T19:00:00.0,19,573.6115259166667
2018-07-02T20:00:00.0,20,582.88771775
2018-07-02T21:00:00.0,21,628.7893936666666
2018-07-02T22:00:00.0,22,601.3148205833332
2018-07-02T23:00:00.0,23,475.7182251666666
2018-07-03T00:00:00.0,0,226.3022625
2018-07-03T01:00:00.0,1,25.465798291666673
2018-07-03T02:00:00.0,2,0.0
2018-07-03T03:00:00.0,3,0.0
2018-07-03T04:00:00.0,4,0.0
2018-07-03T05:00:00.0,5,0.0
2018-07-03T06:00:00.0,6,0.0
2018-07-03T07:00:00.0,7,0.0
2018-07-03T08:00:00.0,8,0.0
2018-07-03T09:00:00.0,9,0.0
2018-07-03T10:00:00.0,10,0.0
2018-07-03T11:00:00.0,11,7.714964791666667
2018-07-03T12:00:00.0,12,122.23740137499999
2018-07-03T13:00:00.0,13,263.30675629166666
2018-07-03T14:00:00.0,14,378.13845158333334
2018-07-03T15:00:00.0,15,422.482922
2018-07-03T16:00:00.0,16,566.437002
2018-07-03T17:00:00.0,17,628.3351760833333
2018-07-03T18:00:00.0,18,623.988723875
2018-07-03T19:00:00.0,19,612.1328884166667
2018-07-03T20:00:00.0,20,598.7618089583333
2018-07-03T21:00:00.0,21,525.865561375
2018-07-03T22:00:00.0,22,459.77742220833335
2018-07-03T23:00:00.0,23,403.04803675
2018-07-04T00:00:00.0,0,213.63160354166666
2018-07-04T01:00:00.0,1,40.753839750000004
2018-07-04T02:00:00.0,2,0.0
2018-07-04T03:00:00.0,3,0.0
2018-07-04T04:00:00.0,4,0.0
2018-07-04T05:00:00.0,5,0.0
2018-07-04T06:00:00.0,6,0.0
2018-07-04T07:00:00.0,7,0.0
2018-07-04T08:00:00.0,8,0.0
2018-07-04T09:00:00.0,9,0.0
2018-07-04T10:00:00.0,10,0.0
2018-07-04T11:00:00.0,11,1.447062
2018-07-04T12:00:00.0,12,96.432569375
2018-07-04T13:00:00.0,13,265.909360375
2018-07-04T14:00:00.0,14,355.70948175000007
2018-07-04T15:00:00.0,15,392.2234277083334
2018-07-04T16:00:00.0,16,463.0898858333333
2018-07-04T17:00:00.0,17,412.4517345833333
2018-07-04T18:00:00.0,18,400.46285058333336
2018-07-04T19:00:00.0,19,395.9975815416667
2018-07-04T20:00:00.0,20,417.7992532916667
2018-07-04T21:00:00.0,21,421.2068075
2018-07-04T22:00:00.0,22,429.51645120833336
2018-07-04T23:00:00.0,23,233.4961515
2018-07-05T00:00:00.0,0,177.62853287500002
2018-07-05T01:00:00.0,1,37.81764170833334
2018-07-05T02:00:00.0,2,0.0
2018-07-05T03:00:00.0,3,0.0
2018-07-05T04:00:00.0,4,0.0
2018-07-05T05:00:00.0,5,0.0
2018-07-05T06:00:00.0,6,0.0
2018-07-05T07:00:00.0,7,0.0
2018-07-05T08:00:00.0,8,0.0
2018-07-05T09:00:00.0,9,0.0
2018-07-05T10:00:00.0,10,0.0
2018-07-05T11:00:00.0,11,6.1436382499999995
2018-07-05T12:00:00.0,12,163.84993558333335
2018-07-05T13:00:00.0,13,280.1756847916667
2018-07-05T14:00:00.0,14,369.0432055833333
2018-07-05T15:00:00.0,15,446.3740332916666
2018-07-05T16:00:00.0,16,529.7254836666667
2018-07-05T17:00:00.0,17,477.88195308333337
2018-07-05T18:00:00.0,18,493.77938324999997
2018-07-05T19:00:00.0,19,499.11631037499996
2018-07-05T20:00:00.0,20,477.66108675000004
2018-07-05T21:00:00.0,21,475.4947400833334
2018-07-05T22:00:00.0,22,464.02461300000004
2018-07-05T23:00:00.0,23,334.9112057083334
2018-07-06T00:00:00.0,0,231.6485027916667
2018-07-06T01:00:00.0,1,42.02070058333334
2018-07-06T02:00:00.0,2,0.0
2018-07-06T03:00:00.0,3,0.0
2018-07-06T04:00:00.0,4,0.0
2018-07-06T05:00:00.0,5,0.0
2018-07-06T06:00:00.0,6,0.0
2018-07-06T07:00:00.0,7,0.0
2018-07-06T08:00:00.0,8,0.0
2018-07-06T09:00:00.0,9,0.0
2018-07-06T10:00:00.0,10,0.0
2018-07-06T11:00:00.0,11,9.150510291666667
2018-07-06T12:00:00.0,12,176.00048316666667
2018-07-06T13:00:00.0,13,370.3602266666666
2018-07-06T14:00:00.0,14,430.4490738333334
2018-07-06T15:00:00.0,15,544.7423592916666
2018-07-06T16:00:00.0,16,451.3716225
2018-07-06T17:00:00.0,17,446.602517375
2018-07-06T18:00:00.0,18,539.4897970833333
2018-07-06T19:00:00.0,19,524.1401259166668
2018-07-06T20:00:00.0,20,542.9539384583333
2018-07-06T21:00:00.0,21,394.218038625
2018-07-06T22:00:00.0,22,464.5677760833334
2018-07-06T23:00:00.0,23,419.85636070833334
2018-07-07T00:00:00.0,0,128.078628375
2018-07-07T01:00:00.0,1,24.465275291666675
2018-07-07T02:00:00.0,2,0.0
2018-07-07T03:00:00.0,3,0.0
2018-07-07T04:00:00.0,4,0.0
2018-07-07T05:00:00.0,5,0.0
2018-07-07T06:00:00.0,6,0.0
2018-07-07T07:00:00.0,7,0.0
2018-07-07T08:00:00.0,8,0.0
2018-07-07T09:00:00.0,9,0.0
2018-07-07T10:00:00.0,10,0.0
2018-07-07T11:00:00.0,11,6.062033333333333
2018-07-07T12:00:00.0,12,114.68156849999998
2018-07-07T13:00:00.0,13,390.6123336666667
2018-07-07T14:00:00.0,14,481.071698
2018-07-07T15:00:00.0,15,434.41862775
2018-07-07T16:00:00.0,16,475.4871077916667
2018-07-07T17:00:00.0,17,533.5190909999999
2018-07-07T18:00:00.0,18,537.9132149999999
2018-07-07T19:00:00.0,19,595.9688147499999
2018-07-07T20:00:00.0,20,541.2991687083334
2018-07-07T21:00:00.0,21,504.34454149999993
2018-07-07T22:00:00.0,22,273.9549805
2018-07-07T23:00:00.0,23,155.853507
2018-07-08T00:00:00.0,0,42.99929341666667
2018-07-08T01:00:00.0,1,2.87643875
2018-07-08T02:00:00.0,2,0.0
2018-07-08T03:00:00.0,3,0.0
2018-07-08T04:00:00.0,4,0.0
2018-07-08T05:00:00.0,5,0.0
2018-07-08T06:00:00.0,6,0.0
2018-07-08T07:00:00.0,7,0.0
2018-07-08T08:00:00.0,8,0.0
2018-07-08T09:00:00.0,9,0.0
2018-07-08T10:00:00.0,10,0.0
2018-07-08T11:00:00.0,11,4.263698375
2018-07-08T12:00:00.0,12,117.233247875
2018-07-08T13:00:00.0,13,312.2529899166667
2018-07-08T14:00:00.0,14,430.66168279166664
2018-07-08T15:00:00.0,15,424.9692850833333
2018-07-08T16:00:00.0,16,396.8078969166666
2018-07-08T17:00:00.0,17,356.9072400416667
2018-07-08T18:00:00.0,18,237.15714429166667
2018-07-08T19:00:00.0,19,369.6029395
2018-07-08T20:00:00.0,20,206.01184175000006
2018-07-08T21:00:00.0,21,235.21207079166666
2018-07-08T22:00:00.0,22,213.05597170833332
2018-07-08T23:00:00.0,23,171.74368420833332
2018-07-09T00:00:00.0,0,95.44614324999999
2018-07-09T01:00:00.0,1,10.011906375
2018-07-09T02:00:00.0,2,0.0
2018-07-09T03:00:00.0,3,0.0
2018-07-09T04:00:00.0,4,0.0
2018-07-09T05:00:00.0,5,0.0
2018-07-09T06:00:00.0,6,0.0
2018-07-09T07:00:00.0,7,0.0
2018-07-09T08:00:00.0,8,0.0
2018-07-09T09:00:00.0,9,0.0
2018-07-09T10:00:00.0,10,0.0
2018-07-09T11:00:00.0,11,5.054836083333332
2018-07-09T12:00:00.0,12,87.24078333333334
2018-07-09T13:00:00.0,13,257.82741300000004
2018-07-09T14:00:00.0,14,319.21082358333337
2018-07-09T15:00:00.0,15,301.21416462499997
2018-07-09T16:00:00.0,16,426.06915283333336
2018-07-09T17:00:00.0,17,474.9164265
2018-07-09T18:00:00.0,18,454.12287912500005
2018-07-09T19:00:00.0,19,404.96476916666666
2018-07-09T20:00:00.0,20,386.92978674999995
2018-07-09T21:00:00.0,21,309.67073166666665
2018-07-09T22:00:00.0,22,184.29918237500002
2018-07-09T23:00:00.0,23,178.71091370833332
2018-07-10T00:00:00.0,0,105.72824008333332
2018-07-10T01:00:00.0,1,10.074065875
2018-07-10T02:00:00.0,2,0.0
2018-07-10T03:00:00.0,3,0.0
2018-07-10T04:00:00.0,4,0.0
2018-07-10T05:00:00.0,5,0.0
2018-07-10T06:00:00.0,6,0.0
2018-07-10T07:00:00.0,7,0.0
2018-07-10T08:00:00.0,8,0.0
2018-07-10T09:00:00.0,9,0.0
2018-07-10T10:00:00.0,10,0.0
2018-07-10T11:00:00.0,11,5.789938708333334
2018-07-10T12:00:00.0,12,111.22746841666667
2018-07-10T13:00:00.0,13,269.798692
2018-07-10T14:00:00.0,14,340.4373597916667
2018-07-10T15:00:00.0,15,360.70907612499997
2018-07-10T16:00:00.0,16,478.7458680416667
2018-07-10T17:00:00.0,17,553.258818625
2018-07-10T18:00:00.0,18,567.2451685416665
2018-07-10T19:00:00.0,19,548.4871506666667
2018-07-10T20:00:00.0,20,388.20849237499993
2018-07-10T21:00:00.0,21,436.23337504166665
2018-07-10T22:00:00.0,22,450.90371254166666
2018-07-10T23:00:00.0,23,384.3775231666668
2018-07-11T00:00:00.0,0,241.59950529166667
2018-07-11T01:00:00.0,1,23.495508500000003
2018-07-11T02:00:00.0,2,0.0
2018-07-11T03:00:00.0,3,0.0
2018-07-11T04:00:00.0,4,0.0
2018-07-11T05:00:00.0,5,0.0
2018-07-11T06:00:00.0,6,0.0
2018-07-11T07:00:00.0,7,0.0
2018-07-11T08:00:00.0,8,0.0
2018-07-11T09:00:00.0,9,0.0
2018-07-11T10:00:00.0,10,0.0
2018-07-11T11:00:00.0,11,2.2603436250000004
2018-07-11T12:00:00.0,12,102.649536125
2018-07-11T13:00:00.0,13,364.9360984166667
2018-07-11T14:00:00.0,14,491.3428465416667
2018-07-11T15:00:00.0,15,512.009208125
2018-07-11T16:00:00.0,16,592.3417131249998
2018-07-11T17:00:00.0,17,602.8082790416667
2018-07-11T18:00:00.0,18,617.2422131666667
2018-07-11T19:00:00.0,19,610.6195167083332
2018-07-11T20:00:00.0,20,605.9513590833334
2018-07-11T21:00:00.0,21,530.3242699583333
2018-07-11T22:00:00.0,22,390.0581210833334
2018-07-11T23:00:00.0,23,433.7308466250001
2018-07-12T00:00:00.0,0,249.84533429166675
2018-07-12T01:00:00.0,1,41.64312241666667
2018-07-12T02:00:00.0,2,0.0
2018-07-12T03:00:00.0,3,0.0
2018-07-12T04:00:00.0,4,0.0
2018-07-12T05:00:00.0,5,0.0
2018-07-12T06:00:00.0,6,0.0
2018-07-12T07:00:00.0,7,0.0
2018-07-12T08:00:00.0,8,0.0
2018-07-12T09:00:00.0,9,0.0
2018-07-12T10:00:00.0,10,0.0
2018-07-12T11:00:00.0,11,3.0204832916666664
2018-07-12T12:00:00.0,12,109.27605975
2018-07-12T13:00:00.0,13,389.11758525000005
2018-07-12T14:00:00.0,14,541.9287759583334
2018-07-12T15:00:00.0,15,583.2147492083334
2018-07-12T16:00:00.0,16,609.2380137083334
2018-07-12T17:00:00.0,17,602.1052886666666
2018-07-12T18:00:00.0,18,565.8828506666667
2018-07-12T19:00:00.0,19,490.74279095833344
2018-07-12T20:00:00.0,20,485.7121589166666
2018-07-12T21:00:00.0,21,533.2703374166666
2018-07-12T22:00:00.0,22,459.08542162500004
2018-07-12T23:00:00.0,23,379.5099685416667
2018-07-13T00:00:00.0,0,223.15431766666666
2018-07-13T01:00:00.0,1,35.58427395833334
2018-07-13T02:00:00.0,2,0.0
2018-07-13T03:00:00.0,3,0.0
2018-07-13T04:00:00.0,4,0.0
2018-07-13T05:00:00.0,5,0.0
2018-07-13T06:00:00.0,6,0.0
2018-07-13T07:00:00.0,7,0.0
2018-07-13T08:00:00.0,8,0.0
2018-07-13T09:00:00.0,9,0.0
2018-07-13T10:00:00.0,10,0.0
2018-07-13T11:00:00.0,11,7.331311958333333
2018-07-13T12:00:00.0,12,165.15469320833336
2018-07-13T13:00:00.0,13,425.7142944583333
2018-07-13T14:00:00.0,14,594.345588375
2018-07-13T15:00:00.0,15,622.9401677916668
2018-07-13T16:00:00.0,16,630.309363
2018-07-13T17:00:00.0,17,622.7444344166666
2018-07-13T18:00:00.0,18,616.0293635833333
2018-07-13T19:00:00.0,19,603.8378936666667
2018-07-13T20:00:00.0,20,580.057136375
2018-07-13T21:00:00.0,21,561.9936730833333
2018-07-13T22:00:00.0,22,568.8834442916667
2018-07-13T23:00:00.0,23,456.6723279166667
2018-07-14T00:00:00.0,0,248.84111108333335
2018-07-14T01:00:00.0,1,39.023783333333334
2018-07-14T02:00:00.0,2,0.0
2018-07-14T03:00:00.0,3,0.0
2018-07-14T04:00:00.0,4,0.0
2018-07-14T05:00:00.0,5,0.0
2018-07-14T06:00:00.0,6,0.0
2018-07-14T07:00:00.0,7,0.0
2018-07-14T08:00:00.0,8,0.0
2018-07-14T09:00:00.0,9,0.0
2018-07-14T10:00:00.0,10,0.0
2018-07-14T11:00:00.0,11,7.642514000000001
2018-07-14T12:00:00.0,12,159.42675116666666
2018-07-14T13:00:00.0,13,462.56827929166667
2018-07-14T14:00:00.0,14,534.0591542916667
2018-07-14T15:00:00.0,15,612.094892125
2018-07-14T16:00:00.0,16,592.5736213333333
2018-07-14T17:00:00.0,17,597.0881470833334
2018-07-14T18:00:00.0,18,579.5178141666667
2018-07-14T19:00:00.0,19,617.5179818333332
2018-07-14T20:00:00.0,20,515.9684487916666
2018-07-14T21:00:00.0,21,451.66444245833344
2018-07-14T22:00:00.0,22,368.7554477916667
2018-07-14T23:00:00.0,23,339.11845766666664
2018-07-15T00:00:00.0,0,149.9428831666667
2018-07-15T01:00:00.0,1,16.757967333333333
2018-07-15T02:00:00.0,2,0.0
2018-07-15T03:00:00.0,3,0.0
2018-07-15T04:00:00.0,4,0.0
2018-07-15T05:00:00.0,5,0.0
2018-07-15T06:00:00.0,6,0.0
2018-07-15T07:00:00.0,7,0.0
2018-07-15T08:00:00.0,8,0.0
2018-07-15T09:00:00.0,9,0.0
2018-07-15T10:00:00.0,10,0.0
2018-07-15T11:00:00.0,11,5.845733416666666
2018-07-15T12:00:00.0,12,122.05544733333333
2018-07-15T13:00:00.0,13,296.380648375
2018-07-15T14:00:00.0,14,352.5669682083333
2018-07-15T15:00:00.0,15,488.50817829166675
2018-07-15T16:00:00.0,16,596.8983831666668
2018-07-15T17:00:00.0,17,502.1993154583333
2018-07-15T18:00:00.0,18,577.5261343333333
2018-07-15T19:00:00.0,19,521.2618070416667
2018-07-15T20:00:00.0,20,459.49499624999993
2018-07-15T21:00:00.0,21,434.7532752083334
2018-07-15T22:00:00.0,22,441.80053237500005
2018-07-15T23:00:00.0,23,343.70046125
2018-07-16T00:00:00.0,0,151.345209375
2018-07-16T01:00:00.0,1,15.34600908333333
2018-07-16T02:00:00.0,2,0.0
2018-07-16T03:00:00.0,3,0.0
2018-07-16T04:00:00.0,4,0.0
2018-07-16T05:00:00.0,5,0.0
2018-07-16T06:00:00.0,6,0.0
2018-07-16T07:00:00.0,7,0.0
2018-07-16T08:00:00.0,8,0.0
2018-07-16T09:00:00.0,9,0.0
2018-07-16T10:00:00.0,10,0.0
2018-07-16T11:00:00.0,11,0.7858815
2018-07-16T12:00:00.0,12,98.60160754166668
2018-07-16T13:00:00.0,13,332.24106358333336
2018-07-16T14:00:00.0,14,501.7231648333333
2018-07-16T15:00:00.0,15,581.8618195
2018-07-16T16:00:00.0,16,615.141240375
2018-07-16T17:00:00.0,17,624.8355543333333
2018-07-16T18:00:00.0,18,558.7823957083334
2018-07-16T19:00:00.0,19,550.5342605000001
2018-07-16T20:00:00.0,20,511.2906420000001
2018-07-16T21:00:00.0,21,578.5367934166667
2018-07-16T22:00:00.0,22,559.2131369583333
2018-07-16T23:00:00.0,23,439.28760237500006
2018-07-17T00:00:00.0,0,214.98048741666662
2018-07-17T01:00:00.0,1,28.654788625
2018-07-17T02:00:00.0,2,0.0
2018-07-17T03:00:00.0,3,0.0
2018-07-17T04:00:00.0,4,0.0
2018-07-17T05:00:00.0,5,0.0
2018-07-17T06:00:00.0,6,0.0
2018-07-17T07:00:00.0,7,0.0
2018-07-17T08:00:00.0,8,0.0
2018-07-17T09:00:00.0,9,0.0
2018-07-17T10:00:00.0,10,0.0
2018-07-17T11:00:00.0,11,1.1028915833333335
2018-07-17T12:00:00.0,12,118.82551141666666
2018-07-17T13:00:00.0,13,387.86677749999996
2018-07-17T14:00:00.0,14,558.5333557083333
2018-07-17T15:00:00.0,15,614.3014269583333
2018-07-17T16:00:00.0,16,621.29355625
2018-07-17T17:00:00.0,17,624.7799312916667
2018-07-17T18:00:00.0,18,624.680651125
2018-07-17T19:00:00.0,19,619.5956151666666
2018-07-17T20:00:00.0,20,615.4710629166667
2018-07-17T21:00:00.0,21,594.0655409999999
2018-07-17T22:00:00.0,22,538.6770919166667
2018-07-17T23:00:00.0,23,416.5321915833334
2018-07-18T00:00:00.0,0,203.34970454166668
2018-07-18T01:00:00.0,1,23.566299125
2018-07-18T02:00:00.0,2,0.0
2018-07-18T03:00:00.0,3,0.0
2018-07-18T04:00:00.0,4,0.0
2018-07-18T05:00:00.0,5,0.0
2018-07-18T06:00:00.0,6,0.0
2018-07-18T07:00:00.0,7,0.0
2018-07-18T08:00:00.0,8,0.0
2018-07-18T09:00:00.0,9,0.0
2018-07-18T10:00:00.0,10,0.0
2018-07-18T11:00:00.0,11,0.8413897499999999
2018-07-18T12:00:00.0,12,94.66896804166667
2018-07-18T13:00:00.0,13,363.38285729166677
2018-07-18T14:00:00.0,14,544.0511814166666
2018-07-18T15:00:00.0,15,616.626706
2018-07-18T16:00:00.0,16,615.881791875
2018-07-18T17:00:00.0,17,633.6670427916666
2018-07-18T18:00:00.0,18,631.4901375000001
2018-07-18T19:00:00.0,19,629.5791267083333
2018-07-18T20:00:00.0,20,628.823360875
2018-07-18T21:00:00.0,21,612.5471205833334
2018-07-18T22:00:00.0,22,556.2932960416666
2018-07-18T23:00:00.0,23,462.93619241666664
2018-07-19T00:00:00.0,0,244.75054991666664
2018-07-19T01:00:00.0,1,34.093239125000004
2018-07-19T02:00:00.0,2,0.0
2018-07-19T03:00:00.0,3,0.0
2018-07-19T04:00:00.0,4,0.0
2018-07-19T05:00:00.0,5,0.0
2018-07-19T06:00:00.0,6,0.0
2018-07-19T07:00:00.0,7,0.0
2018-07-19T08:00:00.0,8,0.0
2018-07-19T09:00:00.0,9,0.0
2018-07-19T10:00:00.0,10,0.0
2018-07-19T11:00:00.0,11,1.2566411666666666
2018-07-19T12:00:00.0,12,105.16216891666666
2018-07-19T13:00:00.0,13,346.0191105833333
2018-07-19T14:00:00.0,14,540.052276
2018-07-19T15:00:00.0,15,606.0579717916667
2018-07-19T16:00:00.0,16,630.6532297500002
2018-07-19T17:00:00.0,17,631.77192125
2018-07-19T18:00:00.0,18,632.3721010833333
2018-07-19T19:00:00.0,19,632.78238
2018-07-19T20:00:00.0,20,627.7310384583334
2018-07-19T21:00:00.0,21,608.096414125
2018-07-19T22:00:00.0,22,561.124174875
2018-07-19T23:00:00.0,23,469.61903537500007
2018-07-20T00:00:00.0,0,221.56548375
2018-07-20T01:00:00.0,1,28.502719000000003
2018-07-20T02:00:00.0,2,0.0
2018-07-20T03:00:00.0,3,0.0
2018-07-20T04:00:00.0,4,0.0
2018-07-20T05:00:00.0,5,0.0
2018-07-20T06:00:00.0,6,0.0
2018-07-20T07:00:00.0,7,0.0
2018-07-20T08:00:00.0,8,0.0
2018-07-20T09:00:00.0,9,0.0
2018-07-20T10:00:00.0,10,0.0
2018-07-20T11:00:00.0,11,2.8792508333333338
2018-07-20T12:00:00.0,12,146.436332125
2018-07-20T13:00:00.0,13,436.79429116666665
2018-07-20T14:00:00.0,14,595.8285254583333
2018-07-20T15:00:00.0,15,622.6946446666667
2018-07-20T16:00:00.0,16,619.7016635833332
2018-07-20T17:00:00.0,17,627.9648359166666
2018-07-20T18:00:00.0,18,632.0008571249999
2018-07-20T19:00:00.0,19,629.2107805833333
2018-07-20T20:00:00.0,20,626.6285685833333
2018-07-20T21:00:00.0,21,603.1011647916667
2018-07-20T22:00:00.0,22,554.2856190833334
2018-07-20T23:00:00.0,23,479.0673691250001
2018-07-21T00:00:00.0,0,262.9158767916667
2018-07-21T01:00:00.0,1,35.577785125
2018-07-21T02:00:00.0,2,0.0
2018-07-21T03:00:00.0,3,0.0
2018-07-21T04:00:00.0,4,0.0
2018-07-21T05:00:00.0,5,0.0
2018-07-21T06:00:00.0,6,0.0
2018-07-21T07:00:00.0,7,0.0
2018-07-21T08:00:00.0,8,0.0
2018-07-21T09:00:00.0,9,0.0
2018-07-21T10:00:00.0,10,0.0
2018-07-21T11:00:00.0,11,2.0102715416666666
2018-07-21T12:00:00.0,12,133.73078333333333
2018-07-21T13:00:00.0,13,396.3859720416667
2018-07-21T14:00:00.0,14,551.68729025
2018-07-21T15:00:00.0,15,602.3691000833335
2018-07-21T16:00:00.0,16,612.0372686249999
2018-07-21T17:00:00.0,17,613.4954170833333
2018-07-21T18:00:00.0,18,622.3550744166666
2018-07-21T19:00:00.0,19,615.0007388749999
2018-07-21T20:00:00.0,20,596.6097008749999
2018-07-21T21:00:00.0,21,574.376559375
2018-07-21T22:00:00.0,22,521.0819648333332
2018-07-21T23:00:00.0,23,413.71492666666677
2018-07-22T00:00:00.0,0,205.6800228333334
2018-07-22T01:00:00.0,1,27.519961833333337
2018-07-22T02:00:00.0,2,0.0
2018-07-22T03:00:00.0,3,0.0
2018-07-22T04:00:00.0,4,0.0
2018-07-22T05:00:00.0,5,0.0
2018-07-22T06:00:00.0,6,0.0
2018-07-22T07:00:00.0,7,0.0
2018-07-22T08:00:00.0,8,0.0
2018-07-22T09:00:00.0,9,0.0
2018-07-22T10:00:00.0,10,0.0
2018-07-22T11:00:00.0,11,2.6306117500000004
2018-07-22T12:00:00.0,12,119.09432695833334
2018-07-22T13:00:00.0,13,419.0664314999999
2018-07-22T14:00:00.0,14,570.8229907916667
2018-07-22T15:00:00.0,15,625.5969580833333
2018-07-22T16:00:00.0,16,632.51924825
2018-07-22T17:00:00.0,17,627.9707977916668
2018-07-22T18:00:00.0,18,628.916579625
2018-07-22T19:00:00.0,19,625.7889050833334
2018-07-22T20:00:00.0,20,623.73684175
2018-07-22T21:00:00.0,21,613.6416259166667
2018-07-22T22:00:00.0,22,569.7166465833334
2018-07-22T23:00:00.0,23,471.9474110833333
2018-07-23T00:00:00.0,0,226.06408224999998
2018-07-23T01:00:00.0,1,30.553359375
2018-07-23T02:00:00.0,2,0.0
2018-07-23T03:00:00.0,3,0.0
2018-07-23T04:00:00.0,4,0.0
2018-07-23T05:00:00.0,5,0.0
2018-07-23T06:00:00.0,6,0.0
2018-07-23T07:00:00.0,7,0.0
2018-07-23T08:00:00.0,8,0.0
2018-07-23T09:00:00.0,9,0.0
2018-07-23T10:00:00.0,10,0.0
2018-07-23T11:00:00.0,11,0.4012074583333333
2018-07-23T12:00:00.0,12,92.31089370833332
2018-07-23T13:00:00.0,13,348.72972483333336
2018-07-23T14:00:00.0,14,508.4400155000001
2018-07-23T15:00:00.0,15,532.96053875
2018-07-23T16:00:00.0,16,557.1928016666667
2018-07-23T17:00:00.0,17,571.8072735833333
2018-07-23T18:00:00.0,18,608.9117236666666
2018-07-23T19:00:00.0,19,623.1140900416666
2018-07-23T20:00:00.0,20,623.3002200416666
2018-07-23T21:00:00.0,21,616.2241160416667
2018-07-23T22:00:00.0,22,581.9637870833334
2018-07-23T23:00:00.0,23,457.3093034583333
2018-07-24T00:00:00.0,0,218.7359064166667
2018-07-24T01:00:00.0,1,29.342667875
2018-07-24T02:00:00.0,2,0.0
2018-07-24T03:00:00.0,3,0.0
2018-07-24T04:00:00.0,4,0.0
2018-07-24T05:00:00.0,5,0.0
2018-07-24T06:00:00.0,6,0.0
2018-07-24T07:00:00.0,7,0.0
2018-07-24T08:00:00.0,8,0.0
2018-07-24T09:00:00.0,9,0.0
2018-07-24T10:00:00.0,10,0.0
2018-07-24T11:00:00.0,11,0.6567839583333334
2018-07-24T12:00:00.0,12,42.733116083333336
2018-07-24T13:00:00.0,13,174.81252837500003
2018-07-24T14:00:00.0,14,405.8892002500001
2018-07-24T15:00:00.0,15,513.2998472916667
2018-07-24T16:00:00.0,16,527.1985354583334
2018-07-24T17:00:00.0,17,539.298729625
2018-07-24T18:00:00.0,18,574.701637
2018-07-24T19:00:00.0,19,551.9640247916667
2018-07-24T20:00:00.0,20,583.0356558333334
2018-07-24T21:00:00.0,21,436.34788449999996
2018-07-24T22:00:00.0,22,407.61679000000004
2018-07-24T23:00:00.0,23,406.75994245833334
2018-07-25T00:00:00.0,0,229.22544220833333
2018-07-25T01:00:00.0,1,24.87151475
2018-07-25T02:00:00.0,2,0.0
2018-07-25T03:00:00.0,3,0.0
2018-07-25T04:00:00.0,4,0.0
2018-07-25T05:00:00.0,5,0.0
2018-07-25T06:00:00.0,6,0.0
2018-07-25T07:00:00.0,7,0.0
2018-07-25T08:00:00.0,8,0.0
2018-07-25T09:00:00.0,9,0.0
2018-07-25T10:00:00.0,10,0.0
2018-07-25T11:00:00.0,11,3.1981925416666663
2018-07-25T12:00:00.0,12,102.45375345833332
2018-07-25T13:00:00.0,13,376.92126891666663
2018-07-25T14:00:00.0,14,565.5304977916668
2018-07-25T15:00:00.0,15,607.6606233333333
2018-07-25T16:00:00.0,16,605.7204741666666
2018-07-25T17:00:00.0,17,606.8126787916667
2018-07-25T18:00:00.0,18,599.7184973333332
2018-07-25T19:00:00.0,19,601.6182671666667
2018-07-25T20:00:00.0,20,590.2433683333333
2018-07-25T21:00:00.0,21,600.5241919166666
2018-07-25T22:00:00.0,22,576.4454496666666
2018-07-25T23:00:00.0,23,486.7043562916668
2018-07-26T00:00:00.0,0,247.28222062500004
2018-07-26T01:00:00.0,1,29.05051704166667
2018-07-26T02:00:00.0,2,0.0
2018-07-26T03:00:00.0,3,0.0
2018-07-26T04:00:00.0,4,0.0
2018-07-26T05:00:00.0,5,0.0
2018-07-26T06:00:00.0,6,0.0
2018-07-26T07:00:00.0,7,0.0
2018-07-26T08:00:00.0,8,0.0
2018-07-26T09:00:00.0,9,0.0
2018-07-26T10:00:00.0,10,0.0
2018-07-26T11:00:00.0,11,2.9382387083333334
2018-07-26T12:00:00.0,12,122.62973104166667
2018-07-26T13:00:00.0,13,394.5019012916666
2018-07-26T14:00:00.0,14,528.8242370416666
2018-07-26T15:00:00.0,15,471.62339266666663
2018-07-26T16:00:00.0,16,526.2323175416667
2018-07-26T17:00:00.0,17,482.2570039166667
2018-07-26T18:00:00.0,18,485.76317791666673
2018-07-26T19:00:00.0,19,546.1510619583333
2018-07-26T20:00:00.0,20,565.8666769166666
2018-07-26T21:00:00.0,21,547.55450725
2018-07-26T22:00:00.0,22,358.53578799999997
2018-07-26T23:00:00.0,23,361.8754800833333
2018-07-27T00:00:00.0,0,192.50506625
2018-07-27T01:00:00.0,1,5.522907791666667
2018-07-27T02:00:00.0,2,0.0
2018-07-27T03:00:00.0,3,0.0
2018-07-27T04:00:00.0,4,0.0
2018-07-27T05:00:00.0,5,0.0
2018-07-27T06:00:00.0,6,0.0
2018-07-27T07:00:00.0,7,0.0
2018-07-27T08:00:00.0,8,0.0
2018-07-27T09:00:00.0,9,0.0
2018-07-27T10:00:00.0,10,0.0
2018-07-27T11:00:00.0,11,1.8341099166666666
2018-07-27T12:00:00.0,12,96.84578529166667
2018-07-27T13:00:00.0,13,296.4051313333334
2018-07-27T14:00:00.0,14,514.8438845416666
2018-07-27T15:00:00.0,15,592.6309704583333
2018-07-27T16:00:00.0,16,601.0628798333333
2018-07-27T17:00:00.0,17,545.6650747083335
2018-07-27T18:00:00.0,18,532.374451625
2018-07-27T19:00:00.0,19,533.2623595833335
2018-07-27T20:00:00.0,20,528.48619225
2018-07-27T21:00:00.0,21,429.22284233333335
2018-07-27T22:00:00.0,22,425.676445375
2018-07-27T23:00:00.0,23,414.14712387500003
2018-07-28T00:00:00.0,0,198.76902716666666
2018-07-28T01:00:00.0,1,20.405813708333337
2018-07-28T02:00:00.0,2,0.0
2018-07-28T03:00:00.0,3,0.0
2018-07-28T04:00:00.0,4,0.0
2018-07-28T05:00:00.0,5,0.0
2018-07-28T06:00:00.0,6,0.0
2018-07-28T07:00:00.0,7,0.0
2018-07-28T08:00:00.0,8,0.0
2018-07-28T09:00:00.0,9,0.0
2018-07-28T10:00:00.0,10,0.0
2018-07-28T11:00:00.0,11,1.5605807916666665
2018-07-28T12:00:00.0,12,94.37694508333334
2018-07-28T13:00:00.0,13,266.30229379166667
2018-07-28T14:00:00.0,14,452.6969215416666
2018-07-28T15:00:00.0,15,510.8538612499999
2018-07-28T16:00:00.0,16,587.8785507083334
2018-07-28T17:00:00.0,17,609.7098302083334
2018-07-28T18:00:00.0,18,577.0886440416666
2018-07-28T19:00:00.0,19,557.2180837083334
2018-07-28T20:00:00.0,20,594.7971939583333
2018-07-28T21:00:00.0,21,579.6940031666667
2018-07-28T22:00:00.0,22,567.5124463333333
2018-07-28T23:00:00.0,23,453.10888354166667
2018-07-29T00:00:00.0,0,221.84549333333334
2018-07-29T01:00:00.0,1,26.301630000000003
2018-07-29T02:00:00.0,2,0.0
2018-07-29T03:00:00.0,3,0.0
2018-07-29T04:00:00.0,4,0.0
2018-07-29T05:00:00.0,5,0.0
2018-07-29T06:00:00.0,6,0.0
2018-07-29T07:00:00.0,7,0.0
2018-07-29T08:00:00.0,8,0.0
2018-07-29T09:00:00.0,9,0.0
2018-07-29T10:00:00.0,10,0.0
2018-07-29T11:00:00.0,11,1.3318485833333333
2018-07-29T12:00:00.0,12,109.36530933333334
2018-07-29T13:00:00.0,13,377.550203625
2018-07-29T14:00:00.0,14,558.2512172083334
2018-07-29T15:00:00.0,15,613.6763714166667
2018-07-29T16:00:00.0,16,621.023703125
2018-07-29T17:00:00.0,17,622.5400718750001
2018-07-29T18:00:00.0,18,620.7496277083334
2018-07-29T19:00:00.0,19,569.6611104583334
2018-07-29T20:00:00.0,20,582.6141892083333
2018-07-29T21:00:00.0,21,539.6592520416666
2018-07-29T22:00:00.0,22,535.2720035833333
2018-07-29T23:00:00.0,23,415.96134970833333
2018-07-30T00:00:00.0,0,197.62531804166667
2018-07-30T01:00:00.0,1,8.574161333333333
2018-07-30T02:00:00.0,2,0.0
2018-07-30T03:00:00.0,3,0.0
2018-07-30T04:00:00.0,4,0.0
2018-07-30T05:00:00.0,5,0.0
2018-07-30T06:00:00.0,6,0.0
2018-07-30T07:00:00.0,7,0.0
2018-07-30T08:00:00.0,8,0.0
2018-07-30T09:00:00.0,9,0.0
2018-07-30T10:00:00.0,10,0.0
2018-07-30T11:00:00.0,11,0.7531648333333333
2018-07-30T12:00:00.0,12,74.6507835
2018-07-30T13:00:00.0,13,262.6603959166667
2018-07-30T14:00:00.0,14,369.12662662500003
2018-07-30T15:00:00.0,15,381.06416145833344
2018-07-30T16:00:00.0,16,447.23881204166673
2018-07-30T17:00:00.0,17,500.2945504583334
2018-07-30T18:00:00.0,18,422.24575825000005
2018-07-30T19:00:00.0,19,541.0954880416667
2018-07-30T20:00:00.0,20,587.8931312083333
2018-07-30T21:00:00.0,21,523.3144047916667
2018-07-30T22:00:00.0,22,497.11915316666676
2018-07-30T23:00:00.0,23,345.55279670833335
2018-07-31T00:00:00.0,0,158.22971645833334
2018-07-31T01:00:00.0,1,18.44921379166667
2018-07-31T02:00:00.0,2,0.0
2018-07-31T03:00:00.0,3,0.0
2018-07-31T04:00:00.0,4,0.0
2018-07-31T05:00:00.0,5,0.0
2018-07-31T06:00:00.0,6,0.0
2018-07-31T07:00:00.0,7,0.0
2018-07-31T08:00:00.0,8,0.0
2018-07-31T09:00:00.0,9,0.0
2018-07-31T10:00:00.0,10,0.0
2018-07-31T11:00:00.0,11,0.5544104166666667
2018-07-31T12:00:00.0,12,66.16001625
2018-07-31T13:00:00.0,13,278.2930385416667
2018-07-31T14:00:00.0,14,338.46553425
2018-07-31T15:00:00.0,15,375.0301185
2018-07-31T16:00:00.0,16,389.334363125
2018-07-31T17:00:00.0,17,396.7871905416667
2018-07-31T18:00:00.0,18,456.0569538750001
2018-07-31T19:00:00.0,19,499.7992342083333
2018-07-31T20:00:00.0,20,514.1606494166666
2018-07-31T21:00:00.0,21,511.8035215833333
2018-07-31T22:00:00.0,22,485.94324391666663
2018-07-31T23:00:00.0,23,394.5460266666667
2018-08-01T00:00:00.0,0,218.998745
2018-08-01T01:00:00.0,1,22.99350733333334
2018-08-01T02:00:00.0,2,0.0
2018-08-01T03:00:00.0,3,0.0
2018-08-01T04:00:00.0,4,0.0
2018-08-01T05:00:00.0,5,0.0
2018-08-01T06:00:00.0,6,0.0
2018-08-01T07:00:00.0,7,0.0
2018-08-01T08:00:00.0,8,0.0
2018-08-01T09:00:00.0,9,0.0
2018-08-01T10:00:00.0,10,0.0
2018-08-01T11:00:00.0,11,1.9732425000000002
2018-08-01T12:00:00.0,12,143.92895833333333
2018-08-01T13:00:00.0,13,448.3584848333334
2018-08-01T14:00:00.0,14,608.1254894583334
2018-08-01T15:00:00.0,15,635.2274580416666
2018-08-01T16:00:00.0,16,639.2862826666666
2018-08-01T17:00:00.0,17,640.1333249166667
2018-08-01T18:00:00.0,18,633.6482344166667
2018-08-01T19:00:00.0,19,592.8903785
2018-08-01T20:00:00.0,20,608.3063755
2018-08-01T21:00:00.0,21,580.4259379166666
2018-08-01T22:00:00.0,22,608.4092365
2018-08-01T23:00:00.0,23,516.8777314166667
2018-08-02T00:00:00.0,0,244.911496125
2018-08-02T01:00:00.0,1,22.405030999999997
2018-08-02T02:00:00.0,2,0.0
2018-08-02T03:00:00.0,3,0.0
2018-08-02T04:00:00.0,4,0.0
2018-08-02T05:00:00.0,5,0.0
2018-08-02T06:00:00.0,6,0.0
2018-08-02T07:00:00.0,7,0.0
2018-08-02T08:00:00.0,8,0.0
2018-08-02T09:00:00.0,9,0.0
2018-08-02T10:00:00.0,10,0.0
2018-08-02T11:00:00.0,11,1.5387260833333336
2018-08-02T12:00:00.0,12,112.76910354166667
2018-08-02T13:00:00.0,13,315.67146537499997
2018-08-02T14:00:00.0,14,503.9142527083333
2018-08-02T15:00:00.0,15,525.2880412083333
2018-08-02T16:00:00.0,16,571.0666955416667
2018-08-02T17:00:00.0,17,584.0346525416666
2018-08-02T18:00:00.0,18,471.3318596666666
2018-08-02T19:00:00.0,19,519.621508
2018-08-02T20:00:00.0,20,571.2109519583333
2018-08-02T21:00:00.0,21,569.8285819583333
2018-08-02T22:00:00.0,22,511.6292361666667
2018-08-02T23:00:00.0,23,427.2495189166668
2018-08-03T00:00:00.0,0,215.71868637499998
2018-08-03T01:00:00.0,1,19.665011125000003
2018-08-03T02:00:00.0,2,0.0
2018-08-03T03:00:00.0,3,0.0
2018-08-03T04:00:00.0,4,0.0
2018-08-03T05:00:00.0,5,0.0
2018-08-03T06:00:00.0,6,0.0
2018-08-03T07:00:00.0,7,0.0
2018-08-03T08:00:00.0,8,0.0
2018-08-03T09:00:00.0,9,0.0
2018-08-03T10:00:00.0,10,0.0
2018-08-03T11:00:00.0,11,1.2373525
2018-08-03T12:00:00.0,12,101.97225624999999
2018-08-03T13:00:00.0,13,330.38410845833334
2018-08-03T14:00:00.0,14,385.22616604166666
2018-08-03T15:00:00.0,15,536.068255375
2018-08-03T16:00:00.0,16,580.2377149583334
2018-08-03T17:00:00.0,17,593.7212074166667
2018-08-03T18:00:00.0,18,621.8095603333334
2018-08-03T19:00:00.0,19,631.9614763333333
2018-08-03T20:00:00.0,20,638.155419
2018-08-03T21:00:00.0,21,634.8914165
2018-08-03T22:00:00.0,22,592.3668154166667
2018-08-03T23:00:00.0,23,482.20415258333327
2018-08-04T00:00:00.0,0,219.37974766666665
2018-08-04T01:00:00.0,1,17.895948625000003
2018-08-04T02:00:00.0,2,0.0
2018-08-04T03:00:00.0,3,0.0
2018-08-04T04:00:00.0,4,0.0
2018-08-04T05:00:00.0,5,0.0
2018-08-04T06:00:00.0,6,0.0
2018-08-04T07:00:00.0,7,0.0
2018-08-04T08:00:00.0,8,0.0
2018-08-04T09:00:00.0,9,0.0
2018-08-04T10:00:00.0,10,0.0
2018-08-04T11:00:00.0,11,0.9155010833333334
2018-08-04T12:00:00.0,12,76.47720037500001
2018-08-04T13:00:00.0,13,269.3118822083334
2018-08-04T14:00:00.0,14,329.503241875
2018-08-04T15:00:00.0,15,375.5518962916667
2018-08-04T16:00:00.0,16,469.1633721666667
2018-08-04T17:00:00.0,17,573.5706741666667
2018-08-04T18:00:00.0,18,602.0184404166666
2018-08-04T19:00:00.0,19,622.77235775
2018-08-04T20:00:00.0,20,607.8051897083333
2018-08-04T21:00:00.0,21,574.8321186249999
2018-08-04T22:00:00.0,22,488.83948424999994
2018-08-04T23:00:00.0,23,380.8235217083333
2018-08-05T00:00:00.0,0,185.98440250000002
2018-08-05T01:00:00.0,1,19.8949645
2018-08-05T02:00:00.0,2,0.0
2018-08-05T03:00:00.0,3,0.0
2018-08-05T04:00:00.0,4,0.0
2018-08-05T05:00:00.0,5,0.0
2018-08-05T06:00:00.0,6,0.0
2018-08-05T07:00:00.0,7,0.0
2018-08-05T08:00:00.0,8,0.0
2018-08-05T09:00:00.0,9,0.0
2018-08-05T10:00:00.0,10,0.0
2018-08-05T11:00:00.0,11,0.7835549999999999
2018-08-05T12:00:00.0,12,112.08886216666666
2018-08-05T13:00:00.0,13,365.736409875
2018-08-05T14:00:00.0,14,549.5920654999999
2018-08-05T15:00:00.0,15,615.9814765
2018-08-05T16:00:00.0,16,603.9095876666667
2018-08-05T17:00:00.0,17,581.6468615
2018-08-05T18:00:00.0,18,571.0506279583333
2018-08-05T19:00:00.0,19,542.2767294166666
2018-08-05T20:00:00.0,20,528.2124907499999
2018-08-05T21:00:00.0,21,473.51375075000004
2018-08-05T22:00:00.0,22,464.16875312499997
2018-08-05T23:00:00.0,23,414.95668179166665
2018-08-06T00:00:00.0,0,202.76549095833334
2018-08-06T01:00:00.0,1,16.154237125
2018-08-06T02:00:00.0,2,0.0
2018-08-06T03:00:00.0,3,0.0
2018-08-06T04:00:00.0,4,0.0
2018-08-06T05:00:00.0,5,0.0
2018-08-06T06:00:00.0,6,0.0
2018-08-06T07:00:00.0,7,0.0
2018-08-06T08:00:00.0,8,0.0
2018-08-06T09:00:00.0,9,0.0
2018-08-06T10:00:00.0,10,0.0
2018-08-06T11:00:00.0,11,0.9438454166666667
2018-08-06T12:00:00.0,12,126.88252295833333
2018-08-06T13:00:00.0,13,395.75084445833335
2018-08-06T14:00:00.0,14,547.2487745833333
2018-08-06T15:00:00.0,15,568.8633356250001
2018-08-06T16:00:00.0,16,566.7958544166667
2018-08-06T17:00:00.0,17,570.7403397500001
2018-08-06T18:00:00.0,18,583.4457590416667
2018-08-06T19:00:00.0,19,555.249376375
2018-08-06T20:00:00.0,20,508.1523602500001
2018-08-06T21:00:00.0,21,443.05978416666676
2018-08-06T22:00:00.0,22,399.84238995833334
2018-08-06T23:00:00.0,23,352.4962732916667
2018-08-07T00:00:00.0,0,197.7217205416667
2018-08-07T01:00:00.0,1,19.81053783333334
2018-08-07T02:00:00.0,2,0.0
2018-08-07T03:00:00.0,3,0.0
2018-08-07T04:00:00.0,4,0.0
2018-08-07T05:00:00.0,5,0.0
2018-08-07T06:00:00.0,6,0.0
2018-08-07T07:00:00.0,7,0.0
2018-08-07T08:00:00.0,8,0.0
2018-08-07T09:00:00.0,9,0.0
2018-08-07T10:00:00.0,10,0.0
2018-08-07T11:00:00.0,11,0.7303675000000002
2018-08-07T12:00:00.0,12,106.04382649999998
2018-08-07T13:00:00.0,13,408.16230025000004
2018-08-07T14:00:00.0,14,561.3698802499999
2018-08-07T15:00:00.0,15,620.0637785416667
2018-08-07T16:00:00.0,16,531.617572125
2018-08-07T17:00:00.0,17,564.2141424583334
2018-08-07T18:00:00.0,18,519.37837875
2018-08-07T19:00:00.0,19,540.70071625
2018-08-07T20:00:00.0,20,489.784888125
2018-08-07T21:00:00.0,21,473.495920625
2018-08-07T22:00:00.0,22,459.68373037500004
2018-08-07T23:00:00.0,23,387.3711806249999
2018-08-08T00:00:00.0,0,166.1079652916667
2018-08-08T01:00:00.0,1,16.661972208333335
2018-08-08T02:00:00.0,2,0.0
2018-08-08T03:00:00.0,3,0.0
2018-08-08T04:00:00.0,4,0.0
2018-08-08T05:00:00.0,5,0.0
2018-08-08T06:00:00.0,6,0.0
2018-08-08T07:00:00.0,7,0.0
2018-08-08T08:00:00.0,8,0.0
2018-08-08T09:00:00.0,9,0.0
2018-08-08T10:00:00.0,10,0.0
2018-08-08T11:00:00.0,11,0.38670541666666663
2018-08-08T12:00:00.0,12,110.56188270833333
2018-08-08T13:00:00.0,13,407.9842629166667
2018-08-08T14:00:00.0,14,589.279651875
2018-08-08T15:00:00.0,15,600.6601274166667
2018-08-08T16:00:00.0,16,616.3383847499999
2018-08-08T17:00:00.0,17,583.3242262499999
2018-08-08T18:00:00.0,18,583.1793594583334
2018-08-08T19:00:00.0,19,586.3649854166666
2018-08-08T20:00:00.0,20,557.8701369583333
2018-08-08T21:00:00.0,21,497.159394375
2018-08-08T22:00:00.0,22,494.06265837499996
2018-08-08T23:00:00.0,23,415.826171125
2018-08-09T00:00:00.0,0,187.0812100416667
2018-08-09T01:00:00.0,1,15.707500583333335
2018-08-09T02:00:00.0,2,0.0
2018-08-09T03:00:00.0,3,0.0
2018-08-09T04:00:00.0,4,0.0
2018-08-09T05:00:00.0,5,0.0
2018-08-09T06:00:00.0,6,0.0
2018-08-09T07:00:00.0,7,0.0
2018-08-09T08:00:00.0,8,0.0
2018-08-09T09:00:00.0,9,0.0
2018-08-09T10:00:00.0,10,0.0
2018-08-09T11:00:00.0,11,0.3995429166666667
2018-08-09T12:00:00.0,12,90.71793670833334
2018-08-09T13:00:00.0,13,259.6492306666667
2018-08-09T14:00:00.0,14,331.234469625
2018-08-09T15:00:00.0,15,372.40564595833325
2018-08-09T16:00:00.0,16,468.42066758333334
2018-08-09T17:00:00.0,17,415.3774940833334
2018-08-09T18:00:00.0,18,494.6686859166666
2018-08-09T19:00:00.0,19,452.17288916666666
2018-08-09T20:00:00.0,20,407.3038920000001
2018-08-09T21:00:00.0,21,487.0602653333333
2018-08-09T22:00:00.0,22,530.2762253333333
2018-08-09T23:00:00.0,23,381.4234886250001
2018-08-10T00:00:00.0,0,159.87977175
2018-08-10T01:00:00.0,1,13.233691208333335
2018-08-10T02:00:00.0,2,0.0
2018-08-10T03:00:00.0,3,0.0
2018-08-10T04:00:00.0,4,0.0
2018-08-10T05:00:00.0,5,0.0
2018-08-10T06:00:00.0,6,0.0
2018-08-10T07:00:00.0,7,0.0
2018-08-10T08:00:00.0,8,0.0
2018-08-10T09:00:00.0,9,0.0
2018-08-10T10:00:00.0,10,0.0
2018-08-10T11:00:00.0,11,0.08748566666666667
2018-08-10T12:00:00.0,12,47.47046391666666
2018-08-10T13:00:00.0,13,164.28975562499997
2018-08-10T14:00:00.0,14,310.7528902916667
2018-08-10T15:00:00.0,15,399.99960895833334
2018-08-10T16:00:00.0,16,450.98625466666675
2018-08-10T17:00:00.0,17,519.2842737083333
2018-08-10T18:00:00.0,18,493.8427445
2018-08-10T19:00:00.0,19,445.0512255416666
2018-08-10T20:00:00.0,20,294.15706237499995
2018-08-10T21:00:00.0,21,234.82335983333334
2018-08-10T22:00:00.0,22,253.54341999999997
2018-08-10T23:00:00.0,23,276.8951549166667
2018-08-11T00:00:00.0,0,106.20206616666665
2018-08-11T01:00:00.0,1,3.3733285416666665
2018-08-11T02:00:00.0,2,0.0
2018-08-11T03:00:00.0,3,0.0
2018-08-11T04:00:00.0,4,0.0
2018-08-11T05:00:00.0,5,0.0
2018-08-11T06:00:00.0,6,0.0
2018-08-11T07:00:00.0,7,0.0
2018-08-11T08:00:00.0,8,0.0
2018-08-11T09:00:00.0,9,0.0
2018-08-11T10:00:00.0,10,0.0
2018-08-11T11:00:00.0,11,0.06262791666666667
2018-08-11T12:00:00.0,12,24.93674025
2018-08-11T13:00:00.0,13,111.6205231666667
2018-08-11T14:00:00.0,14,195.47358816666667
2018-08-11T15:00:00.0,15,269.704893625
2018-08-11T16:00:00.0,16,463.580985375
2018-08-11T17:00:00.0,17,427.7212139583333
2018-08-11T18:00:00.0,18,344.2709497083333
2018-08-11T19:00:00.0,19,428.84213179166676
2018-08-11T20:00:00.0,20,464.2518956250001
2018-08-11T21:00:00.0,21,365.11580937499997
2018-08-11T22:00:00.0,22,240.94119208333328
2018-08-11T23:00:00.0,23,119.41487629166666
2018-08-12T00:00:00.0,0,32.50374079166666
2018-08-12T01:00:00.0,1,0.7434189583333334
2018-08-12T02:00:00.0,2,0.0
2018-08-12T03:00:00.0,3,0.0
2018-08-12T04:00:00.0,4,0.0
2018-08-12T05:00:00.0,5,0.0
2018-08-12T06:00:00.0,6,0.0
2018-08-12T07:00:00.0,7,0.0
2018-08-12T08:00:00.0,8,0.0
2018-08-12T09:00:00.0,9,0.0
2018-08-12T10:00:00.0,10,0.0
2018-08-12T11:00:00.0,11,0.003575
2018-08-12T12:00:00.0,12,24.262383041666666
2018-08-12T13:00:00.0,13,130.12251908333334
2018-08-12T14:00:00.0,14,204.426619
2018-08-12T15:00:00.0,15,368.60309287499996
2018-08-12T16:00:00.0,16,417.96797329166674
2018-08-12T17:00:00.0,17,376.91787087500006
2018-08-12T18:00:00.0,18,340.0069013333333
2018-08-12T19:00:00.0,19,243.04853441666668
2018-08-12T20:00:00.0,20,258.6657729583333
2018-08-12T21:00:00.0,21,261.1943700416667
2018-08-12T22:00:00.0,22,237.204047875
2018-08-12T23:00:00.0,23,188.5909945
2018-08-13T00:00:00.0,0,77.51851579166669
2018-08-13T01:00:00.0,1,1.033981875
2018-08-13T02:00:00.0,2,0.0
2018-08-13T03:00:00.0,3,0.0
2018-08-13T04:00:00.0,4,0.0
2018-08-13T05:00:00.0,5,0.0
2018-08-13T06:00:00.0,6,0.0
2018-08-13T07:00:00.0,7,0.0
2018-08-13T08:00:00.0,8,0.0
2018-08-13T09:00:00.0,9,0.0
2018-08-13T10:00:00.0,10,0.0
2018-08-13T11:00:00.0,11,0.025675000000000003
2018-08-13T12:00:00.0,12,42.995250999999996
2018-08-13T13:00:00.0,13,191.14640658333334
2018-08-13T14:00:00.0,14,310.10664554166664
2018-08-13T15:00:00.0,15,383.8007746666667
2018-08-13T16:00:00.0,16,489.9035327499999
2018-08-13T17:00:00.0,17,525.930780125
2018-08-13T18:00:00.0,18,560.6022646666667
2018-08-13T19:00:00.0,19,587.4935315833333
2018-08-13T20:00:00.0,20,597.3031704166668
2018-08-13T21:00:00.0,21,568.54510125
2018-08-13T22:00:00.0,22,507.3004987916666
2018-08-13T23:00:00.0,23,399.4139343333334
2018-08-14T00:00:00.0,0,149.76293458333333
2018-08-14T01:00:00.0,1,9.456700125000001
2018-08-14T02:00:00.0,2,0.0
2018-08-14T03:00:00.0,3,0.0
2018-08-14T04:00:00.0,4,0.0
2018-08-14T05:00:00.0,5,0.0
2018-08-14T06:00:00.0,6,0.0
2018-08-14T07:00:00.0,7,0.0
2018-08-14T08:00:00.0,8,0.0
2018-08-14T09:00:00.0,9,0.0
2018-08-14T10:00:00.0,10,0.0
2018-08-14T11:00:00.0,11,0.025675000000000003
2018-08-14T12:00:00.0,12,76.60541991666666
2018-08-14T13:00:00.0,13,341.54569837500003
2018-08-14T14:00:00.0,14,512.659461125
2018-08-14T15:00:00.0,15,572.1272762083332
2018-08-14T16:00:00.0,16,576.0629544583334
2018-08-14T17:00:00.0,17,602.4167330833334
2018-08-14T18:00:00.0,18,609.279717375
2018-08-14T19:00:00.0,19,611.9390708333335
2018-08-14T20:00:00.0,20,607.3466157916667
2018-08-14T21:00:00.0,21,585.9285893333332
2018-08-14T22:00:00.0,22,531.0894452916667
2018-08-14T23:00:00.0,23,396.35126141666666
2018-08-15T00:00:00.0,0,158.845056
2018-08-15T01:00:00.0,1,10.044944958333334
2018-08-15T02:00:00.0,2,0.0
2018-08-15T03:00:00.0,3,0.0
2018-08-15T04:00:00.0,4,0.0
2018-08-15T05:00:00.0,5,0.0
2018-08-15T06:00:00.0,6,0.0
2018-08-15T07:00:00.0,7,0.0
2018-08-15T08:00:00.0,8,0.0
2018-08-15T09:00:00.0,9,0.0
2018-08-15T10:00:00.0,10,0.0
2018-08-15T11:00:00.0,11,0.07114541666666667
2018-08-15T12:00:00.0,12,90.06698245833333
2018-08-15T13:00:00.0,13,358.8865929583333
2018-08-15T14:00:00.0,14,535.3982137500001
2018-08-15T15:00:00.0,15,542.1062875000001
2018-08-15T16:00:00.0,16,554.719310125
2018-08-15T17:00:00.0,17,546.303157875
2018-08-15T18:00:00.0,18,581.5770502500001
2018-08-15T19:00:00.0,19,619.5770560416667
2018-08-15T20:00:00.0,20,575.3762692083333
2018-08-15T21:00:00.0,21,530.4926708333334
2018-08-15T22:00:00.0,22,562.5837944166668
2018-08-15T23:00:00.0,23,446.6470104999999
2018-08-16T00:00:00.0,0,175.62358200000006
2018-08-16T01:00:00.0,1,8.474614
2018-08-16T02:00:00.0,2,0.0
2018-08-16T03:00:00.0,3,0.0
2018-08-16T04:00:00.0,4,0.0
2018-08-16T05:00:00.0,5,0.0
2018-08-16T06:00:00.0,6,0.0
2018-08-16T07:00:00.0,7,0.0
2018-08-16T08:00:00.0,8,0.0
2018-08-16T09:00:00.0,9,0.0
2018-08-16T10:00:00.0,10,0.0
2018-08-16T11:00:00.0,11,0.05135000000000001
2018-08-16T12:00:00.0,12,71.174130625
2018-08-16T13:00:00.0,13,313.6570520416667
2018-08-16T14:00:00.0,14,529.4417234583333
2018-08-16T15:00:00.0,15,591.4305264999999
2018-08-16T16:00:00.0,16,596.7498254166666
2018-08-16T17:00:00.0,17,615.6397147083331
2018-08-16T18:00:00.0,18,612.686345125
2018-08-16T19:00:00.0,19,616.0793720416666
2018-08-16T20:00:00.0,20,626.4542422916667
2018-08-16T21:00:00.0,21,609.4073498333333
2018-08-16T22:00:00.0,22,575.2757574166667
2018-08-16T23:00:00.0,23,450.68963291666677
2018-08-17T00:00:00.0,0,168.42066387500003
2018-08-17T01:00:00.0,1,7.927447166666667
2018-08-17T02:00:00.0,2,0.0
2018-08-17T03:00:00.0,3,0.0
2018-08-17T04:00:00.0,4,0.0
2018-08-17T05:00:00.0,5,0.0
2018-08-17T06:00:00.0,6,0.0
2018-08-17T07:00:00.0,7,0.0
2018-08-17T08:00:00.0,8,0.0
2018-08-17T09:00:00.0,9,0.0
2018-08-17T10:00:00.0,10,0.0
2018-08-17T11:00:00.0,11,0.05135000000000001
2018-08-17T12:00:00.0,12,97.09242245833333
2018-08-17T13:00:00.0,13,385.82080991666663
2018-08-17T14:00:00.0,14,576.9184184166667
2018-08-17T15:00:00.0,15,622.0687527916666
2018-08-17T16:00:00.0,16,622.5286765
2018-08-17T17:00:00.0,17,631.7811376666667
2018-08-17T18:00:00.0,18,618.9696091249999
2018-08-17T19:00:00.0,19,631.5250929166667
2018-08-17T20:00:00.0,20,630.1910289166667
2018-08-17T21:00:00.0,21,621.9014174583334
2018-08-17T22:00:00.0,22,586.7503071666669
2018-08-17T23:00:00.0,23,407.1320505416666
2018-08-18T00:00:00.0,0,133.09215845833333
2018-08-18T01:00:00.0,1,5.035912583333334
2018-08-18T02:00:00.0,2,0.0
2018-08-18T03:00:00.0,3,0.0
2018-08-18T04:00:00.0,4,0.0
2018-08-18T05:00:00.0,5,0.0
2018-08-18T06:00:00.0,6,0.0
2018-08-18T07:00:00.0,7,0.0
2018-08-18T08:00:00.0,8,0.0
2018-08-18T09:00:00.0,9,0.0
2018-08-18T10:00:00.0,10,0.0
2018-08-18T11:00:00.0,11,0.047775000000000005
2018-08-18T12:00:00.0,12,84.34551820833335
2018-08-18T13:00:00.0,13,372.12747179166666
2018-08-18T14:00:00.0,14,563.0446043333334
2018-08-18T15:00:00.0,15,622.1580973333334
2018-08-18T16:00:00.0,16,626.4047863333334
2018-08-18T17:00:00.0,17,609.4782625416667
2018-08-18T18:00:00.0,18,599.2455225416667
2018-08-18T19:00:00.0,19,585.8020039166666
2018-08-18T20:00:00.0,20,577.0622332083334
2018-08-18T21:00:00.0,21,548.819740875
2018-08-18T22:00:00.0,22,573.9821019583334
2018-08-18T23:00:00.0,23,441.6805761666667
2018-08-19T00:00:00.0,0,150.57828520833337
2018-08-19T01:00:00.0,1,5.3996402083333335
2018-08-19T02:00:00.0,2,0.0
2018-08-19T03:00:00.0,3,0.0
2018-08-19T04:00:00.0,4,0.0
2018-08-19T05:00:00.0,5,0.0
2018-08-19T06:00:00.0,6,0.0
2018-08-19T07:00:00.0,7,0.0
2018-08-19T08:00:00.0,8,0.0
2018-08-19T09:00:00.0,9,0.0
2018-08-19T10:00:00.0,10,0.0
2018-08-19T11:00:00.0,11,0.025675000000000003
2018-08-19T12:00:00.0,12,56.679917375
2018-08-19T13:00:00.0,13,229.76370266666672
2018-08-19T14:00:00.0,14,454.661665875
2018-08-19T15:00:00.0,15,512.5926173333332
2018-08-19T16:00:00.0,16,596.2730195
2018-08-19T17:00:00.0,17,594.51730825
2018-08-19T18:00:00.0,18,564.0965915
2018-08-19T19:00:00.0,19,609.9208289166667
2018-08-19T20:00:00.0,20,583.1399720833333
2018-08-19T21:00:00.0,21,603.5487796249998
2018-08-19T22:00:00.0,22,588.6555949583334
2018-08-19T23:00:00.0,23,431.6191100416666
2018-08-20T00:00:00.0,0,145.44733083333333
2018-08-20T01:00:00.0,1,3.982432708333334
2018-08-20T02:00:00.0,2,0.0
2018-08-20T03:00:00.0,3,0.0
2018-08-20T04:00:00.0,4,0.0
2018-08-20T05:00:00.0,5,0.0
2018-08-20T06:00:00.0,6,0.0
2018-08-20T07:00:00.0,7,0.0
2018-08-20T08:00:00.0,8,0.0
2018-08-20T09:00:00.0,9,0.0
2018-08-20T10:00:00.0,10,0.0
2018-08-20T11:00:00.0,11,0.025675000000000003
2018-08-20T12:00:00.0,12,63.54723737500001
2018-08-20T13:00:00.0,13,212.92170516666667
2018-08-20T14:00:00.0,14,387.1097755
2018-08-20T15:00:00.0,15,428.0974836666666
2018-08-20T16:00:00.0,16,534.9913625416666
2018-08-20T17:00:00.0,17,601.2131531666666
2018-08-20T18:00:00.0,18,616.1223184166666
2018-08-20T19:00:00.0,19,584.4468525416665
2018-08-20T20:00:00.0,20,520.5106954166667
2018-08-20T21:00:00.0,21,478.83443850000003
2018-08-20T22:00:00.0,22,323.7476729166667
2018-08-20T23:00:00.0,23,256.57272133333333
2018-08-21T00:00:00.0,0,119.86039516666666
2018-08-21T01:00:00.0,1,5.164279125000001
2018-08-21T02:00:00.0,2,0.0
2018-08-21T03:00:00.0,3,0.0
2018-08-21T04:00:00.0,4,0.0
2018-08-21T05:00:00.0,5,0.0
2018-08-21T06:00:00.0,6,0.0
2018-08-21T07:00:00.0,7,0.0
2018-08-21T08:00:00.0,8,0.0
2018-08-21T09:00:00.0,9,0.0
2018-08-21T10:00:00.0,10,0.0
2018-08-21T11:00:00.0,11,0.0
2018-08-21T12:00:00.0,12,80.21578904166667
2018-08-21T13:00:00.0,13,306.8056437083334
2018-08-21T14:00:00.0,14,560.48691625
2018-08-21T15:00:00.0,15,621.883224875
2018-08-21T16:00:00.0,16,625.0795909583334
2018-08-21T17:00:00.0,17,618.4015587916666
2018-08-21T18:00:00.0,18,610.89616425
2018-08-21T19:00:00.0,19,597.8700185833333
2018-08-21T20:00:00.0,20,527.0119709166667
2018-08-21T21:00:00.0,21,552.3578579166667
2018-08-21T22:00:00.0,22,501.0072696666666
2018-08-21T23:00:00.0,23,410.237246375
2018-08-22T00:00:00.0,0,127.83471129166668
2018-08-22T01:00:00.0,1,4.32748125
2018-08-22T02:00:00.0,2,0.0
2018-08-22T03:00:00.0,3,0.0
2018-08-22T04:00:00.0,4,0.0
2018-08-22T05:00:00.0,5,0.0
2018-08-22T06:00:00.0,6,0.0
2018-08-22T07:00:00.0,7,0.0
2018-08-22T08:00:00.0,8,0.0
2018-08-22T09:00:00.0,9,0.0
2018-08-22T10:00:00.0,10,0.0
2018-08-22T11:00:00.0,11,0.0
2018-08-22T12:00:00.0,12,68.141753875
2018-08-22T13:00:00.0,13,322.3307797083333
2018-08-22T14:00:00.0,14,535.1413097916667
2018-08-22T15:00:00.0,15,607.1248008333333
2018-08-22T16:00:00.0,16,620.6736217916666
2018-08-22T17:00:00.0,17,623.5542292916666
2018-08-22T18:00:00.0,18,623.3144445
2018-08-22T19:00:00.0,19,616.8936048333334
2018-08-22T20:00:00.0,20,602.6414786666667
2018-08-22T21:00:00.0,21,605.0112769166666
2018-08-22T22:00:00.0,22,558.1178428333334
2018-08-22T23:00:00.0,23,413.6190395833333
2018-08-23T00:00:00.0,0,133.09027670833333
2018-08-23T01:00:00.0,1,4.5968175
2018-08-23T02:00:00.0,2,0.0
2018-08-23T03:00:00.0,3,0.0
2018-08-23T04:00:00.0,4,0.0
2018-08-23T05:00:00.0,5,0.0
2018-08-23T06:00:00.0,6,0.0
2018-08-23T07:00:00.0,7,0.0
2018-08-23T08:00:00.0,8,0.0
2018-08-23T09:00:00.0,9,0.0
2018-08-23T10:00:00.0,10,0.0
2018-08-23T11:00:00.0,11,0.0
2018-08-23T12:00:00.0,12,76.43511041666666
2018-08-23T13:00:00.0,13,343.9823759166666
2018-08-23T14:00:00.0,14,530.15605775
2018-08-23T15:00:00.0,15,605.9727112500001
2018-08-23T16:00:00.0,16,595.6402396249999
2018-08-23T17:00:00.0,17,582.3448014166667
2018-08-23T18:00:00.0,18,594.942598875
2018-08-23T19:00:00.0,19,582.0291712500001
2018-08-23T20:00:00.0,20,576.0544880000001
2018-08-23T21:00:00.0,21,559.2312504583333
2018-08-23T22:00:00.0,22,561.0962792500001
2018-08-23T23:00:00.0,23,421.992722125
2018-08-24T00:00:00.0,0,144.52758575000001
2018-08-24T01:00:00.0,1,4.2418575
2018-08-24T02:00:00.0,2,0.0
2018-08-24T03:00:00.0,3,0.0
2018-08-24T04:00:00.0,4,0.0
2018-08-24T05:00:00.0,5,0.0
2018-08-24T06:00:00.0,6,0.0
2018-08-24T07:00:00.0,7,0.0
2018-08-24T08:00:00.0,8,0.0
2018-08-24T09:00:00.0,9,0.0
2018-08-24T10:00:00.0,10,0.0
2018-08-24T11:00:00.0,11,0.0
2018-08-24T12:00:00.0,12,75.642194875
2018-08-24T13:00:00.0,13,357.56625808333337
2018-08-24T14:00:00.0,14,560.6938767916666
2018-08-24T15:00:00.0,15,605.2643198750001
2018-08-24T16:00:00.0,16,623.2223076666666
2018-08-24T17:00:00.0,17,627.087362625
2018-08-24T18:00:00.0,18,612.8813242083334
2018-08-24T19:00:00.0,19,602.9632077083332
2018-08-24T20:00:00.0,20,623.3707454583334
2018-08-24T21:00:00.0,21,592.5598387083334
2018-08-24T22:00:00.0,22,574.0484648750001
2018-08-24T23:00:00.0,23,423.20915879166665
2018-08-25T00:00:00.0,0,108.49809445833334
2018-08-25T01:00:00.0,1,3.01125375
2018-08-25T02:00:00.0,2,0.0
2018-08-25T03:00:00.0,3,0.0
2018-08-25T04:00:00.0,4,0.0
2018-08-25T05:00:00.0,5,0.0
2018-08-25T06:00:00.0,6,0.0
2018-08-25T07:00:00.0,7,0.0
2018-08-25T08:00:00.0,8,0.0
2018-08-25T09:00:00.0,9,0.0
2018-08-25T10:00:00.0,10,0.0
2018-08-25T11:00:00.0,11,0.0
2018-08-25T12:00:00.0,12,78.303039
2018-08-25T13:00:00.0,13,278.5802355
2018-08-25T14:00:00.0,14,481.7221908333334
2018-08-25T15:00:00.0,15,520.0535195833335
2018-08-25T16:00:00.0,16,554.0582953750001
2018-08-25T17:00:00.0,17,620.8968750416667
2018-08-25T18:00:00.0,18,621.0452687083333
2018-08-25T19:00:00.0,19,629.0336977083334
2018-08-25T20:00:00.0,20,616.338588
2018-08-25T21:00:00.0,21,591.5960455
2018-08-25T22:00:00.0,22,554.5024281666667
2018-08-25T23:00:00.0,23,423.85173154166665
2018-08-26T00:00:00.0,0,139.56947066666666
2018-08-26T01:00:00.0,1,2.8247850000000003
2018-08-26T02:00:00.0,2,0.0
2018-08-26T03:00:00.0,3,0.0
2018-08-26T04:00:00.0,4,0.0
2018-08-26T05:00:00.0,5,0.0
2018-08-26T06:00:00.0,6,0.0
2018-08-26T07:00:00.0,7,0.0
2018-08-26T08:00:00.0,8,0.0
2018-08-26T09:00:00.0,9,0.0
2018-08-26T10:00:00.0,10,0.0
2018-08-26T11:00:00.0,11,0.0
2018-08-26T12:00:00.0,12,77.59308658333333
2018-08-26T13:00:00.0,13,322.03169962499993
2018-08-26T14:00:00.0,14,506.59812650000003
2018-08-26T15:00:00.0,15,539.2729329999999
2018-08-26T16:00:00.0,16,570.697237875
2018-08-26T17:00:00.0,17,612.6798815833334
2018-08-26T18:00:00.0,18,621.1219801666666
2018-08-26T19:00:00.0,19,580.3497328333333
2018-08-26T20:00:00.0,20,548.7716095833333
2018-08-26T21:00:00.0,21,577.850796625
2018-08-26T22:00:00.0,22,569.3098154583333
2018-08-26T23:00:00.0,23,415.6401180000001
2018-08-27T00:00:00.0,0,135.50462637500002
2018-08-27T01:00:00.0,1,2.3743350000000003
2018-08-27T02:00:00.0,2,0.0
2018-08-27T03:00:00.0,3,0.0
2018-08-27T04:00:00.0,4,0.0
2018-08-27T05:00:00.0,5,0.0
2018-08-27T06:00:00.0,6,0.0
2018-08-27T07:00:00.0,7,0.0
2018-08-27T08:00:00.0,8,0.0
2018-08-27T09:00:00.0,9,0.0
2018-08-27T10:00:00.0,10,0.0
2018-08-27T11:00:00.0,11,0.0
2018-08-27T12:00:00.0,12,76.195376
2018-08-27T13:00:00.0,13,353.90533075
2018-08-27T14:00:00.0,14,534.2700298750001
2018-08-27T15:00:00.0,15,540.2119312916667
2018-08-27T16:00:00.0,16,529.474873
2018-08-27T17:00:00.0,17,567.2508810416667
2018-08-27T18:00:00.0,18,575.6950279583333
2018-08-27T19:00:00.0,19,550.615358125
2018-08-27T20:00:00.0,20,530.9275244166666
2018-08-27T21:00:00.0,21,583.125957
2018-08-27T22:00:00.0,22,519.6544255416667
2018-08-27T23:00:00.0,23,375.6235579583333
2018-08-28T00:00:00.0,0,100.65267625
2018-08-28T01:00:00.0,1,0.68547375
2018-08-28T02:00:00.0,2,0.0
2018-08-28T03:00:00.0,3,0.0
2018-08-28T04:00:00.0,4,0.0
2018-08-28T05:00:00.0,5,0.0
2018-08-28T06:00:00.0,6,0.0
2018-08-28T07:00:00.0,7,0.0
2018-08-28T08:00:00.0,8,0.0
2018-08-28T09:00:00.0,9,0.0
2018-08-28T10:00:00.0,10,0.0
2018-08-28T11:00:00.0,11,0.0
2018-08-28T12:00:00.0,12,65.55935895833333
2018-08-28T13:00:00.0,13,328.78573229166665
2018-08-28T14:00:00.0,14,431.502368
2018-08-28T15:00:00.0,15,514.7322973749999
2018-08-28T16:00:00.0,16,614.5150644166666
2018-08-28T17:00:00.0,17,588.5890966666667
2018-08-28T18:00:00.0,18,586.2698109166668
2018-08-28T19:00:00.0,19,564.3015449583334
2018-08-28T20:00:00.0,20,529.8022543333333
2018-08-28T21:00:00.0,21,525.7963688749999
2018-08-28T22:00:00.0,22,478.0385415416667
2018-08-28T23:00:00.0,23,347.7020650416667
2018-08-29T00:00:00.0,0,113.37843616666667
2018-08-29T01:00:00.0,1,1.6475850000000003
2018-08-29T02:00:00.0,2,0.0
2018-08-29T03:00:00.0,3,0.0
2018-08-29T04:00:00.0,4,0.0
2018-08-29T05:00:00.0,5,0.0
2018-08-29T06:00:00.0,6,0.0
2018-08-29T07:00:00.0,7,0.0
2018-08-29T08:00:00.0,8,0.0
2018-08-29T09:00:00.0,9,0.0
2018-08-29T10:00:00.0,10,0.0
2018-08-29T11:00:00.0,11,0.0
2018-08-29T12:00:00.0,12,68.00244937500001
2018-08-29T13:00:00.0,13,335.630743875
2018-08-29T14:00:00.0,14,477.203351125
2018-08-29T15:00:00.0,15,500.0505560416666
2018-08-29T16:00:00.0,16,503.0059066249999
2018-08-29T17:00:00.0,17,485.6308439166666
2018-08-29T18:00:00.0,18,477.62042391666665
2018-08-29T19:00:00.0,19,481.7484514583334
2018-08-29T20:00:00.0,20,475.7987912500001
2018-08-29T21:00:00.0,21,468.56049012500006
2018-08-29T22:00:00.0,22,485.2999306666666
2018-08-29T23:00:00.0,23,368.62241424999996
2018-08-30T00:00:00.0,0,113.06887370833334
2018-08-30T01:00:00.0,1,0.8758125
2018-08-30T02:00:00.0,2,0.0
2018-08-30T03:00:00.0,3,0.0
2018-08-30T04:00:00.0,4,0.0
2018-08-30T05:00:00.0,5,0.0
2018-08-30T06:00:00.0,6,0.0
2018-08-30T07:00:00.0,7,0.0
2018-08-30T08:00:00.0,8,0.0
2018-08-30T09:00:00.0,9,0.0
2018-08-30T10:00:00.0,10,0.0
2018-08-30T11:00:00.0,11,0.0
2018-08-30T12:00:00.0,12,76.1586575
2018-08-30T13:00:00.0,13,349.77566683333333
2018-08-30T14:00:00.0,14,574.5325990833334
2018-08-30T15:00:00.0,15,613.9442728749998
2018-08-30T16:00:00.0,16,589.063052125
2018-08-30T17:00:00.0,17,531.05649475
2018-08-30T18:00:00.0,18,578.53213875
2018-08-30T19:00:00.0,19,575.7610606666667
2018-08-30T20:00:00.0,20,553.0747970833335
2018-08-30T21:00:00.0,21,567.9899341666667
2018-08-30T22:00:00.0,22,539.6362883333334
2018-08-30T23:00:00.0,23,395.05240929166666
2018-08-31T00:00:00.0,0,115.99961445833333
2018-08-31T01:00:00.0,1,0.6852937499999999
2018-08-31T02:00:00.0,2,0.0
2018-08-31T03:00:00.0,3,0.0
2018-08-31T04:00:00.0,4,0.0
2018-08-31T05:00:00.0,5,0.0
2018-08-31T06:00:00.0,6,0.0
2018-08-31T07:00:00.0,7,0.0
2018-08-31T08:00:00.0,8,0.0
2018-08-31T09:00:00.0,9,0.0
2018-08-31T10:00:00.0,10,0.0
2018-08-31T11:00:00.0,11,0.0
2018-08-31T12:00:00.0,12,77.51656754166667
2018-08-31T13:00:00.0,13,373.45489933333334
2018-08-31T14:00:00.0,14,577.4968616666666
2018-08-31T15:00:00.0,15,615.8880862083333
2018-08-31T16:00:00.0,16,618.9925505
2018-08-31T17:00:00.0,17,597.9603274166666
2018-08-31T18:00:00.0,18,585.9339364583334
2018-08-31T19:00:00.0,19,564.0738027916667
2018-08-31T20:00:00.0,20,602.3886154166667
2018-08-31T21:00:00.0,21,586.5028159583334
2018-08-31T22:00:00.0,22,566.7943001666666
2018-08-31T23:00:00.0,23,408.9678107083333
2018-09-01T00:00:00.0,0,118.53626366666664
2018-09-01T01:00:00.0,1,0.5697
2018-09-01T02:00:00.0,2,0.0
2018-09-01T03:00:00.0,3,0.0
2018-09-01T04:00:00.0,4,0.0
2018-09-01T05:00:00.0,5,0.0
2018-09-01T06:00:00.0,6,0.0
2018-09-01T07:00:00.0,7,0.0
2018-09-01T08:00:00.0,8,0.0
2018-09-01T09:00:00.0,9,0.0
2018-09-01T10:00:00.0,10,0.0
2018-09-01T11:00:00.0,11,0.0
2018-09-01T12:00:00.0,12,53.1956195
2018-09-01T13:00:00.0,13,295.30818025
2018-09-01T14:00:00.0,14,449.59735225000003
2018-09-01T15:00:00.0,15,520.4369531250001
2018-09-01T16:00:00.0,16,513.7144458333335
2018-09-01T17:00:00.0,17,538.2036539166666
2018-09-01T18:00:00.0,18,524.9613698333334
2018-09-01T19:00:00.0,19,586.0698899583334
2018-09-01T20:00:00.0,20,580.2702912916666
2018-09-01T21:00:00.0,21,565.8012212083332
2018-09-01T22:00:00.0,22,503.34454454166666
2018-09-01T23:00:00.0,23,310.2802205
2018-09-02T00:00:00.0,0,88.57681183333335
2018-09-02T01:00:00.0,1,0.1773
2018-09-02T02:00:00.0,2,0.0
2018-09-02T03:00:00.0,3,0.0
2018-09-02T04:00:00.0,4,0.0
2018-09-02T05:00:00.0,5,0.0
2018-09-02T06:00:00.0,6,0.0
2018-09-02T07:00:00.0,7,0.0
2018-09-02T08:00:00.0,8,0.0
2018-09-02T09:00:00.0,9,0.0
2018-09-02T10:00:00.0,10,0.0
2018-09-02T11:00:00.0,11,0.0
2018-09-02T12:00:00.0,12,61.45506179166667
2018-09-02T13:00:00.0,13,227.555431625
2018-09-02T14:00:00.0,14,345.08416525
2018-09-02T15:00:00.0,15,318.881405875
2018-09-02T16:00:00.0,16,355.437753
2018-09-02T17:00:00.0,17,349.94847116666665
2018-09-02T18:00:00.0,18,381.7069791250001
2018-09-02T19:00:00.0,19,478.37062141666667
2018-09-02T20:00:00.0,20,384.8829101666667
2018-09-02T21:00:00.0,21,355.006963
2018-09-02T22:00:00.0,22,175.02006183333333
2018-09-02T23:00:00.0,23,79.92517662499998
2018-09-03T00:00:00.0,0,16.977684500000002
2018-09-03T01:00:00.0,1,0.09337499999999999
2018-09-03T02:00:00.0,2,0.0
2018-09-03T03:00:00.0,3,0.0
2018-09-03T04:00:00.0,4,0.0
2018-09-03T05:00:00.0,5,0.0
2018-09-03T06:00:00.0,6,0.0
2018-09-03T07:00:00.0,7,0.0
2018-09-03T08:00:00.0,8,0.0
2018-09-03T09:00:00.0,9,0.0
2018-09-03T10:00:00.0,10,0.0
2018-09-03T11:00:00.0,11,0.0
2018-09-03T12:00:00.0,12,19.473012416666666
2018-09-03T13:00:00.0,13,115.81790220833335
2018-09-03T14:00:00.0,14,107.51982549999998
2018-09-03T15:00:00.0,15,99.08347316666665
2018-09-03T16:00:00.0,16,141.01011791666664
2018-09-03T17:00:00.0,17,294.70458091666666
2018-09-03T18:00:00.0,18,335.4148849583334
2018-09-03T19:00:00.0,19,372.0786044583333
2018-09-03T20:00:00.0,20,391.67390116666667
2018-09-03T21:00:00.0,21,402.247741375
2018-09-03T22:00:00.0,22,278.71120112499995
2018-09-03T23:00:00.0,23,166.97840412500003
2018-09-04T00:00:00.0,0,30.09233800000001
2018-09-04T01:00:00.0,1,0.23163750000000002
2018-09-04T02:00:00.0,2,0.0
2018-09-04T03:00:00.0,3,0.0
2018-09-04T04:00:00.0,4,0.0
2018-09-04T05:00:00.0,5,0.0
2018-09-04T06:00:00.0,6,0.0
2018-09-04T07:00:00.0,7,0.0
2018-09-04T08:00:00.0,8,0.0
2018-09-04T09:00:00.0,9,0.0
2018-09-04T10:00:00.0,10,0.0
2018-09-04T11:00:00.0,11,0.0
2018-09-04T12:00:00.0,12,15.544471583333333
2018-09-04T13:00:00.0,13,97.475249125
2018-09-04T14:00:00.0,14,167.40555925000004
2018-09-04T15:00:00.0,15,308.1928989166666
2018-09-04T16:00:00.0,16,399.91243216666663
2018-09-04T17:00:00.0,17,407.4820503333333
2018-09-04T18:00:00.0,18,364.19387458333335
2018-09-04T19:00:00.0,19,482.08675266666665
2018-09-04T20:00:00.0,20,447.4224596666666
2018-09-04T21:00:00.0,21,386.49271437500005
2018-09-04T22:00:00.0,22,260.1549400833333
2018-09-04T23:00:00.0,23,149.5591246666667
2018-09-05T00:00:00.0,0,29.95651883333333
2018-09-05T01:00:00.0,1,0.07200000000000001
2018-09-05T02:00:00.0,2,0.0
2018-09-05T03:00:00.0,3,0.0
2018-09-05T04:00:00.0,4,0.0
2018-09-05T05:00:00.0,5,0.0
2018-09-05T06:00:00.0,6,0.0
2018-09-05T07:00:00.0,7,0.0
2018-09-05T08:00:00.0,8,0.0
2018-09-05T09:00:00.0,9,0.0
2018-09-05T10:00:00.0,10,0.0
2018-09-05T11:00:00.0,11,0.0
2018-09-05T12:00:00.0,12,36.31738320833333
2018-09-05T13:00:00.0,13,187.20445866666668
2018-09-05T14:00:00.0,14,372.6713730833333
2018-09-05T15:00:00.0,15,438.4165662499999
2018-09-05T16:00:00.0,16,454.5128054166668
2018-09-05T17:00:00.0,17,494.7336182083333
2018-09-05T18:00:00.0,18,382.19926833333335
2018-09-05T19:00:00.0,19,438.144043625
2018-09-05T20:00:00.0,20,528.4057145833334
2018-09-05T21:00:00.0,21,511.7315663333334
2018-09-05T22:00:00.0,22,496.6246792083334
2018-09-05T23:00:00.0,23,332.48951845833335
2018-09-06T00:00:00.0,0,73.454668625
2018-09-06T01:00:00.0,1,0.043875
2018-09-06T02:00:00.0,2,0.0
2018-09-06T03:00:00.0,3,0.0
2018-09-06T04:00:00.0,4,0.0
2018-09-06T05:00:00.0,5,0.0
2018-09-06T06:00:00.0,6,0.0
2018-09-06T07:00:00.0,7,0.0
2018-09-06T08:00:00.0,8,0.0
2018-09-06T09:00:00.0,9,0.0
2018-09-06T10:00:00.0,10,0.0
2018-09-06T11:00:00.0,11,0.0
2018-09-06T12:00:00.0,12,55.207193958333335
2018-09-06T13:00:00.0,13,201.06602645833334
2018-09-06T14:00:00.0,14,316.6802451666667
2018-09-06T15:00:00.0,15,358.20354370833337
2018-09-06T16:00:00.0,16,354.3984326666667
2018-09-06T17:00:00.0,17,330.2146027916667
2018-09-06T18:00:00.0,18,373.6141860416667
2018-09-06T19:00:00.0,19,430.34064383333333
2018-09-06T20:00:00.0,20,408.2347055833333
2018-09-06T21:00:00.0,21,343.113970375
2018-09-06T22:00:00.0,22,192.12068658333337
2018-09-06T23:00:00.0,23,116.09324575
2018-09-07T00:00:00.0,0,16.078325500000002
2018-09-07T01:00:00.0,1,0.0
2018-09-07T02:00:00.0,2,0.0
2018-09-07T03:00:00.0,3,0.0
2018-09-07T04:00:00.0,4,0.0
2018-09-07T05:00:00.0,5,0.0
2018-09-07T06:00:00.0,6,0.0
2018-09-07T07:00:00.0,7,0.0
2018-09-07T08:00:00.0,8,0.0
2018-09-07T09:00:00.0,9,0.0
2018-09-07T10:00:00.0,10,0.0
2018-09-07T11:00:00.0,11,0.0
2018-09-07T12:00:00.0,12,27.166682708333337
2018-09-07T13:00:00.0,13,140.15652975
2018-09-07T14:00:00.0,14,190.352645625
2018-09-07T15:00:00.0,15,189.550914
2018-09-07T16:00:00.0,16,244.93423612499998
2018-09-07T17:00:00.0,17,251.21345304166664
2018-09-07T18:00:00.0,18,332.18552241666674
2018-09-07T19:00:00.0,19,358.96624829166666
2018-09-07T20:00:00.0,20,352.5357014583333
2018-09-07T21:00:00.0,21,390.46840483333335
2018-09-07T22:00:00.0,22,380.35805791666667
2018-09-07T23:00:00.0,23,181.020648125
2018-09-08T00:00:00.0,0,31.710903791666677
2018-09-08T01:00:00.0,1,0.023625000000000004
2018-09-08T02:00:00.0,2,0.0
2018-09-08T03:00:00.0,3,0.0
2018-09-08T04:00:00.0,4,0.0
2018-09-08T05:00:00.0,5,0.0
2018-09-08T06:00:00.0,6,0.0
2018-09-08T07:00:00.0,7,0.0
2018-09-08T08:00:00.0,8,0.0
2018-09-08T09:00:00.0,9,0.0
2018-09-08T10:00:00.0,10,0.0
2018-09-08T11:00:00.0,11,0.0
2018-09-08T12:00:00.0,12,38.688077916666664
2018-09-08T13:00:00.0,13,160.45344179166668
2018-09-08T14:00:00.0,14,232.76106845833337
2018-09-08T15:00:00.0,15,252.2570685833333
2018-09-08T16:00:00.0,16,238.5033566666667
2018-09-08T17:00:00.0,17,307.91418375000006
2018-09-08T18:00:00.0,18,376.4911507083334
2018-09-08T19:00:00.0,19,389.62632304166664
2018-09-08T20:00:00.0,20,350.8386921666666
2018-09-08T21:00:00.0,21,359.04086233333334
2018-09-08T22:00:00.0,22,247.5500746666667
2018-09-08T23:00:00.0,23,190.22983
2018-09-09T00:00:00.0,0,20.36022791666667
2018-09-09T01:00:00.0,1,0.0022500000000000003
2018-09-09T02:00:00.0,2,0.0
2018-09-09T03:00:00.0,3,0.0
2018-09-09T04:00:00.0,4,0.0
2018-09-09T05:00:00.0,5,0.0
2018-09-09T06:00:00.0,6,0.0
2018-09-09T07:00:00.0,7,0.0
2018-09-09T08:00:00.0,8,0.0
2018-09-09T09:00:00.0,9,0.0
2018-09-09T10:00:00.0,10,0.0
2018-09-09T11:00:00.0,11,0.0
2018-09-09T12:00:00.0,12,33.369369625
2018-09-09T13:00:00.0,13,199.26515295833335
2018-09-09T14:00:00.0,14,323.89927754166666
2018-09-09T15:00:00.0,15,250.5145557083333
2018-09-09T16:00:00.0,16,250.61561833333337
2018-09-09T17:00:00.0,17,235.44472008333335
2018-09-09T18:00:00.0,18,274.2315679583333
2018-09-09T19:00:00.0,19,353.2118760416667
2018-09-09T20:00:00.0,20,335.79502429166666
2018-09-09T21:00:00.0,21,289.6873014166666
2018-09-09T22:00:00.0,22,303.13099116666666
2018-09-09T23:00:00.0,23,205.15166045833334
2018-09-10T00:00:00.0,0,56.2240515
2018-09-10T01:00:00.0,1,0.016875
2018-09-10T02:00:00.0,2,0.0
2018-09-10T03:00:00.0,3,0.0
2018-09-10T04:00:00.0,4,0.0
2018-09-10T05:00:00.0,5,0.0
2018-09-10T06:00:00.0,6,0.0
2018-09-10T07:00:00.0,7,0.0
2018-09-10T08:00:00.0,8,0.0
2018-09-10T09:00:00.0,9,0.0
2018-09-10T10:00:00.0,10,0.0
2018-09-10T11:00:00.0,11,0.0
2018-09-10T12:00:00.0,12,5.925489208333333
2018-09-10T13:00:00.0,13,131.42765433333335
2018-09-10T14:00:00.0,14,306.06439033333334
2018-09-10T15:00:00.0,15,325.15126625
2018-09-10T16:00:00.0,16,293.468652375
2018-09-10T17:00:00.0,17,328.250629125
2018-09-10T18:00:00.0,18,347.634662375
2018-09-10T19:00:00.0,19,338.1986930416667
2018-09-10T20:00:00.0,20,328.5911439166666
2018-09-10T21:00:00.0,21,318.3191769583334
2018-09-10T22:00:00.0,22,329.346273125
2018-09-10T23:00:00.0,23,207.30985837499998
2018-09-11T00:00:00.0,0,53.32727820833333
2018-09-11T01:00:00.0,1,0.010125
2018-09-11T02:00:00.0,2,0.0
2018-09-11T03:00:00.0,3,0.0
2018-09-11T04:00:00.0,4,0.0
2018-09-11T05:00:00.0,5,0.0
2018-09-11T06:00:00.0,6,0.0
2018-09-11T07:00:00.0,7,0.0
2018-09-11T08:00:00.0,8,0.0
2018-09-11T09:00:00.0,9,0.0
2018-09-11T10:00:00.0,10,0.0
2018-09-11T11:00:00.0,11,0.0
2018-09-11T12:00:00.0,12,11.144530750000001
2018-09-11T13:00:00.0,13,138.78075675
2018-09-11T14:00:00.0,14,273.238201375
2018-09-11T15:00:00.0,15,328.48344279166673
2018-09-11T16:00:00.0,16,363.3188524166667
2018-09-11T17:00:00.0,17,366.49713341666666
2018-09-11T18:00:00.0,18,375.96992208333336
2018-09-11T19:00:00.0,19,374.48170762499996
2018-09-11T20:00:00.0,20,358.88425183333334
2018-09-11T21:00:00.0,21,324.1337717083333
2018-09-11T22:00:00.0,22,330.69364225
2018-09-11T23:00:00.0,23,231.18922208333336
2018-09-12T00:00:00.0,0,55.90437274999999
2018-09-12T01:00:00.0,1,0.007875000000000002
2018-09-12T02:00:00.0,2,0.0
2018-09-12T03:00:00.0,3,0.0
2018-09-12T04:00:00.0,4,0.0
2018-09-12T05:00:00.0,5,0.0
2018-09-12T06:00:00.0,6,0.0
2018-09-12T07:00:00.0,7,0.0
2018-09-12T08:00:00.0,8,0.0
2018-09-12T09:00:00.0,9,0.0
2018-09-12T10:00:00.0,10,0.0
2018-09-12T11:00:00.0,11,0.0
2018-09-12T12:00:00.0,12,22.562122208333335
2018-09-12T13:00:00.0,13,182.11464487499998
2018-09-12T14:00:00.0,14,93.57178449999999
2018-09-12T15:00:00.0,15,140.84580275000002
2018-09-12T16:00:00.0,16,266.63664287499995
2018-09-12T17:00:00.0,17,465.55389708333337
2018-09-12T18:00:00.0,18,502.29029549999996
2018-09-12T19:00:00.0,19,501.84892804166674
2018-09-12T20:00:00.0,20,464.624664875
2018-09-12T21:00:00.0,21,430.6769023333334
2018-09-12T22:00:00.0,22,431.5728980000001
2018-09-12T23:00:00.0,23,248.9626474583334
2018-09-13T00:00:00.0,0,57.144733
2018-09-13T01:00:00.0,1,0.0
2018-09-13T02:00:00.0,2,0.0
2018-09-13T03:00:00.0,3,0.0
2018-09-13T04:00:00.0,4,0.0
2018-09-13T05:00:00.0,5,0.0
2018-09-13T06:00:00.0,6,0.0
2018-09-13T07:00:00.0,7,0.0
2018-09-13T08:00:00.0,8,0.0
2018-09-13T09:00:00.0,9,0.0
2018-09-13T10:00:00.0,10,0.0
2018-09-13T11:00:00.0,11,0.0
2018-09-13T12:00:00.0,12,30.961712208333335
2018-09-13T13:00:00.0,13,179.136069625
2018-09-13T14:00:00.0,14,261.16057233333333
2018-09-13T15:00:00.0,15,302.8993075
2018-09-13T16:00:00.0,16,323.4267550833333
2018-09-13T17:00:00.0,17,376.78993875
2018-09-13T18:00:00.0,18,442.86221833333326
2018-09-13T19:00:00.0,19,468.70145087500003
2018-09-13T20:00:00.0,20,487.22137808333326
2018-09-13T21:00:00.0,21,425.38027416666665
2018-09-13T22:00:00.0,22,433.110604625
2018-09-13T23:00:00.0,23,291.57195529166665
2018-09-14T00:00:00.0,0,57.751278750000004
2018-09-14T01:00:00.0,1,0.0
2018-09-14T02:00:00.0,2,0.0
2018-09-14T03:00:00.0,3,0.0
2018-09-14T04:00:00.0,4,0.0
2018-09-14T05:00:00.0,5,0.0
2018-09-14T06:00:00.0,6,0.0
2018-09-14T07:00:00.0,7,0.0
2018-09-14T08:00:00.0,8,0.0
2018-09-14T09:00:00.0,9,0.0
2018-09-14T10:00:00.0,10,0.0
2018-09-14T11:00:00.0,11,0.0
2018-09-14T12:00:00.0,12,15.437902458333335
2018-09-14T13:00:00.0,13,139.88292733333333
2018-09-14T14:00:00.0,14,270.9315867916667
2018-09-14T15:00:00.0,15,325.414422625
2018-09-14T16:00:00.0,16,387.9306564583333
2018-09-14T17:00:00.0,17,396.65129004166664
2018-09-14T18:00:00.0,18,395.2923874166667
2018-09-14T19:00:00.0,19,383.86114999999995
2018-09-14T20:00:00.0,20,424.83509508333344
2018-09-14T21:00:00.0,21,388.42817441666665
2018-09-14T22:00:00.0,22,321.8850875
2018-09-14T23:00:00.0,23,199.08838591666665
2018-09-15T00:00:00.0,0,42.008118625
2018-09-15T01:00:00.0,1,0.0
2018-09-15T02:00:00.0,2,0.0
2018-09-15T03:00:00.0,3,0.0
2018-09-15T04:00:00.0,4,0.0
2018-09-15T05:00:00.0,5,0.0
2018-09-15T06:00:00.0,6,0.0
2018-09-15T07:00:00.0,7,0.0
2018-09-15T08:00:00.0,8,0.0
2018-09-15T09:00:00.0,9,0.0
2018-09-15T10:00:00.0,10,0.0
2018-09-15T11:00:00.0,11,0.0
2018-09-15T12:00:00.0,12,38.08853358333333
2018-09-15T13:00:00.0,13,217.52905104166666
2018-09-15T14:00:00.0,14,261.67298
2018-09-15T15:00:00.0,15,312.773519
2018-09-15T16:00:00.0,16,443.12412825
2018-09-15T17:00:00.0,17,490.33613762500005
2018-09-15T18:00:00.0,18,415.34030433333334
2018-09-15T19:00:00.0,19,416.69065341666663
2018-09-15T20:00:00.0,20,376.5200655416667
2018-09-15T21:00:00.0,21,271.60659116666665
2018-09-15T22:00:00.0,22,231.74329962500005
2018-09-15T23:00:00.0,23,170.00264087499997
2018-09-16T00:00:00.0,0,28.65063683333334
2018-09-16T01:00:00.0,1,0.0
2018-09-16T02:00:00.0,2,0.0
2018-09-16T03:00:00.0,3,0.0
2018-09-16T04:00:00.0,4,0.0
2018-09-16T05:00:00.0,5,0.0
2018-09-16T06:00:00.0,6,0.0
2018-09-16T07:00:00.0,7,0.0
2018-09-16T08:00:00.0,8,0.0
2018-09-16T09:00:00.0,9,0.0
2018-09-16T10:00:00.0,10,0.0
2018-09-16T11:00:00.0,11,0.0
2018-09-16T12:00:00.0,12,34.508398916666664
2018-09-16T13:00:00.0,13,204.26228833333334
2018-09-16T14:00:00.0,14,389.9789767083334
2018-09-16T15:00:00.0,15,433.65470108333335
2018-09-16T16:00:00.0,16,544.279857625
2018-09-16T17:00:00.0,17,479.40357483333327
2018-09-16T18:00:00.0,18,424.72379745833337
2018-09-16T19:00:00.0,19,465.23966895833337
2018-09-16T20:00:00.0,20,508.4542606666667
2018-09-16T21:00:00.0,21,521.9721460833333
2018-09-16T22:00:00.0,22,493.0112999166667
2018-09-16T23:00:00.0,23,274.16450691666665
2018-09-17T00:00:00.0,0,44.39537629166667
2018-09-17T01:00:00.0,1,0.0
2018-09-17T02:00:00.0,2,0.0
2018-09-17T03:00:00.0,3,0.0
2018-09-17T04:00:00.0,4,0.0
2018-09-17T05:00:00.0,5,0.0
2018-09-17T06:00:00.0,6,0.0
2018-09-17T07:00:00.0,7,0.0
2018-09-17T08:00:00.0,8,0.0
2018-09-17T09:00:00.0,9,0.0
2018-09-17T10:00:00.0,10,0.0
2018-09-17T11:00:00.0,11,0.0
2018-09-17T12:00:00.0,12,30.074983541666665
2018-09-17T13:00:00.0,13,244.2792495416667
2018-09-17T14:00:00.0,14,459.355939625
2018-09-17T15:00:00.0,15,560.3208119166666
2018-09-17T16:00:00.0,16,489.8447362083334
2018-09-17T17:00:00.0,17,450.9250849583334
2018-09-17T18:00:00.0,18,532.8081081250001
2018-09-17T19:00:00.0,19,572.5241305833333
2018-09-17T20:00:00.0,20,409.46582375
2018-09-17T21:00:00.0,21,457.0825211666667
2018-09-17T22:00:00.0,22,439.9562869583333
2018-09-17T23:00:00.0,23,230.92438500000003
2018-09-18T00:00:00.0,0,40.124226375
2018-09-18T01:00:00.0,1,0.0
2018-09-18T02:00:00.0,2,0.0
2018-09-18T03:00:00.0,3,0.0
2018-09-18T04:00:00.0,4,0.0
2018-09-18T05:00:00.0,5,0.0
2018-09-18T06:00:00.0,6,0.0
2018-09-18T07:00:00.0,7,0.0
2018-09-18T08:00:00.0,8,0.0
2018-09-18T09:00:00.0,9,0.0
2018-09-18T10:00:00.0,10,0.0
2018-09-18T11:00:00.0,11,0.0
2018-09-18T12:00:00.0,12,43.071537291666665
2018-09-18T13:00:00.0,13,255.7199399166667
2018-09-18T14:00:00.0,14,349.04072287500003
2018-09-18T15:00:00.0,15,380.9173927916666
2018-09-18T16:00:00.0,16,396.917241125
2018-09-18T17:00:00.0,17,538.483942
2018-09-18T18:00:00.0,18,547.9446634999999
2018-09-18T19:00:00.0,19,552.1972565000001
2018-09-18T20:00:00.0,20,494.3702346666667
2018-09-18T21:00:00.0,21,493.73402333333337
2018-09-18T22:00:00.0,22,521.1243922499999
2018-09-18T23:00:00.0,23,283.05640750000003
2018-09-19T00:00:00.0,0,39.27908908333333
2018-09-19T01:00:00.0,1,0.0
2018-09-19T02:00:00.0,2,0.0
2018-09-19T03:00:00.0,3,0.0
2018-09-19T04:00:00.0,4,0.0
2018-09-19T05:00:00.0,5,0.0
2018-09-19T06:00:00.0,6,0.0
2018-09-19T07:00:00.0,7,0.0
2018-09-19T08:00:00.0,8,0.0
2018-09-19T09:00:00.0,9,0.0
2018-09-19T10:00:00.0,10,0.0
2018-09-19T11:00:00.0,11,0.0
2018-09-19T12:00:00.0,12,43.54485758333333
2018-09-19T13:00:00.0,13,307.8019727916666
2018-09-19T14:00:00.0,14,545.8560047083333
2018-09-19T15:00:00.0,15,607.3282185833333
2018-09-19T16:00:00.0,16,518.9207341666666
2018-09-19T17:00:00.0,17,572.3666562083333
2018-09-19T18:00:00.0,18,511.7444682916667
2018-09-19T19:00:00.0,19,577.414647
2018-09-19T20:00:00.0,20,611.2972964166667
2018-09-19T21:00:00.0,21,596.6894460416667
2018-09-19T22:00:00.0,22,501.6537390833333
2018-09-19T23:00:00.0,23,260.82839479166677
2018-09-20T00:00:00.0,0,37.77943283333334
2018-09-20T01:00:00.0,1,0.0
2018-09-20T02:00:00.0,2,0.0
2018-09-20T03:00:00.0,3,0.0
2018-09-20T04:00:00.0,4,0.0
2018-09-20T05:00:00.0,5,0.0
2018-09-20T06:00:00.0,6,0.0
2018-09-20T07:00:00.0,7,0.0
2018-09-20T08:00:00.0,8,0.0
2018-09-20T09:00:00.0,9,0.0
2018-09-20T10:00:00.0,10,0.0
2018-09-20T11:00:00.0,11,0.0
2018-09-20T12:00:00.0,12,32.290371916666665
2018-09-20T13:00:00.0,13,241.7055612083333
2018-09-20T14:00:00.0,14,429.9826552916666
2018-09-20T15:00:00.0,15,462.15779033333337
2018-09-20T16:00:00.0,16,460.3704939583333
2018-09-20T17:00:00.0,17,510.70554066666665
2018-09-20T18:00:00.0,18,425.84992162500004
2018-09-20T19:00:00.0,19,415.6746670833333
2018-09-20T20:00:00.0,20,402.46750908333337
2018-09-20T21:00:00.0,21,359.15609420833334
2018-09-20T22:00:00.0,22,325.00075241666667
2018-09-20T23:00:00.0,23,177.90197750000004
2018-09-21T00:00:00.0,0,21.118552375000004
2018-09-21T01:00:00.0,1,0.0
2018-09-21T02:00:00.0,2,0.0
2018-09-21T03:00:00.0,3,0.0
2018-09-21T04:00:00.0,4,0.0
2018-09-21T05:00:00.0,5,0.0
2018-09-21T06:00:00.0,6,0.0
2018-09-21T07:00:00.0,7,0.0
2018-09-21T08:00:00.0,8,0.0
2018-09-21T09:00:00.0,9,0.0
2018-09-21T10:00:00.0,10,0.0
2018-09-21T11:00:00.0,11,0.0
2018-09-21T12:00:00.0,12,8.0262095
2018-09-21T13:00:00.0,13,124.30059554166667
2018-09-21T14:00:00.0,14,160.43998733333336
2018-09-21T15:00:00.0,15,233.54679308333334
2018-09-21T16:00:00.0,16,292.07183570833337
2018-09-21T17:00:00.0,17,425.5051659166667
2018-09-21T18:00:00.0,18,340.6936625833334
2018-09-21T19:00:00.0,19,346.04680070833336
2018-09-21T20:00:00.0,20,251.0027035416666
2018-09-21T21:00:00.0,21,253.54193887500003
2018-09-21T22:00:00.0,22,251.89706545833334
2018-09-21T23:00:00.0,23,175.61146841666664
2018-09-22T00:00:00.0,0,17.17236925
2018-09-22T01:00:00.0,1,0.0
2018-09-22T02:00:00.0,2,0.0
2018-09-22T03:00:00.0,3,0.0
2018-09-22T04:00:00.0,4,0.0
2018-09-22T05:00:00.0,5,0.0
2018-09-22T06:00:00.0,6,0.0
2018-09-22T07:00:00.0,7,0.0
2018-09-22T08:00:00.0,8,0.0
2018-09-22T09:00:00.0,9,0.0
2018-09-22T10:00:00.0,10,0.0
2018-09-22T11:00:00.0,11,0.0
2018-09-22T12:00:00.0,12,5.872082125000001
2018-09-22T13:00:00.0,13,105.53602783333334
2018-09-22T14:00:00.0,14,111.0834940416667
2018-09-22T15:00:00.0,15,162.16232495833333
2018-09-22T16:00:00.0,16,315.68601100000006
2018-09-22T17:00:00.0,17,347.309091375
2018-09-22T18:00:00.0,18,359.6578156666667
2018-09-22T19:00:00.0,19,289.3698939166667
2018-09-22T20:00:00.0,20,213.03962616666664
2018-09-22T21:00:00.0,21,146.76824529166666
2018-09-22T22:00:00.0,22,195.37992420833334
2018-09-22T23:00:00.0,23,129.2568364166667
2018-09-23T00:00:00.0,0,13.536356083333333
2018-09-23T01:00:00.0,1,0.0
2018-09-23T02:00:00.0,2,0.0
2018-09-23T03:00:00.0,3,0.0
2018-09-23T04:00:00.0,4,0.0
2018-09-23T05:00:00.0,5,0.0
2018-09-23T06:00:00.0,6,0.0
2018-09-23T07:00:00.0,7,0.0
2018-09-23T08:00:00.0,8,0.0
2018-09-23T09:00:00.0,9,0.0
2018-09-23T10:00:00.0,10,0.0
2018-09-23T11:00:00.0,11,0.0
2018-09-23T12:00:00.0,12,18.88683770833333
2018-09-23T13:00:00.0,13,200.84945795833335
2018-09-23T14:00:00.0,14,402.88559104166666
2018-09-23T15:00:00.0,15,412.1679633333333
2018-09-23T16:00:00.0,16,508.68015920833335
2018-09-23T17:00:00.0,17,498.664239625
2018-09-23T18:00:00.0,18,487.1336865833334
2018-09-23T19:00:00.0,19,495.2188864166667
2018-09-23T20:00:00.0,20,480.47878779166666
2018-09-23T21:00:00.0,21,481.0491828333333
2018-09-23T22:00:00.0,22,431.32945366666667
2018-09-23T23:00:00.0,23,240.02880933333333
2018-09-24T00:00:00.0,0,27.525945000000004
2018-09-24T01:00:00.0,1,0.0
2018-09-24T02:00:00.0,2,0.0
2018-09-24T03:00:00.0,3,0.0
2018-09-24T04:00:00.0,4,0.0
2018-09-24T05:00:00.0,5,0.0
2018-09-24T06:00:00.0,6,0.0
2018-09-24T07:00:00.0,7,0.0
2018-09-24T08:00:00.0,8,0.0
2018-09-24T09:00:00.0,9,0.0
2018-09-24T10:00:00.0,10,0.0
2018-09-24T11:00:00.0,11,0.0
2018-09-24T12:00:00.0,12,28.985472833333336
2018-09-24T13:00:00.0,13,245.42789983333333
2018-09-24T14:00:00.0,14,443.01233808333336
2018-09-24T15:00:00.0,15,495.4558323333334
2018-09-24T16:00:00.0,16,487.1625217083333
2018-09-24T17:00:00.0,17,471.18251037500005
2018-09-24T18:00:00.0,18,432.025009
2018-09-24T19:00:00.0,19,491.84735441666663
2018-09-24T20:00:00.0,20,472.691001875
2018-09-24T21:00:00.0,21,510.9544310416666
2018-09-24T22:00:00.0,22,532.6500845416667
2018-09-24T23:00:00.0,23,281.4827485
2018-09-25T00:00:00.0,0,28.485768958333338
2018-09-25T01:00:00.0,1,0.0
2018-09-25T02:00:00.0,2,0.0
2018-09-25T03:00:00.0,3,0.0
2018-09-25T04:00:00.0,4,0.0
2018-09-25T05:00:00.0,5,0.0
2018-09-25T06:00:00.0,6,0.0
2018-09-25T07:00:00.0,7,0.0
2018-09-25T08:00:00.0,8,0.0
2018-09-25T09:00:00.0,9,0.0
2018-09-25T10:00:00.0,10,0.0
2018-09-25T11:00:00.0,11,0.0
2018-09-25T12:00:00.0,12,33.07139029166667
2018-09-25T13:00:00.0,13,283.82444300000003
2018-09-25T14:00:00.0,14,474.600877
2018-09-25T15:00:00.0,15,448.66948283333335
2018-09-25T16:00:00.0,16,465.3284900833334
2018-09-25T17:00:00.0,17,524.9996486666666
2018-09-25T18:00:00.0,18,508.7990045416666
2018-09-25T19:00:00.0,19,514.8297137916667
2018-09-25T20:00:00.0,20,598.124307125
2018-09-25T21:00:00.0,21,589.1904662916667
2018-09-25T22:00:00.0,22,472.22826379166673
2018-09-25T23:00:00.0,23,247.05839120833332
2018-09-26T00:00:00.0,0,23.659712250000002
2018-09-26T01:00:00.0,1,0.0
2018-09-26T02:00:00.0,2,0.0
2018-09-26T03:00:00.0,3,0.0
2018-09-26T04:00:00.0,4,0.0
2018-09-26T05:00:00.0,5,0.0
2018-09-26T06:00:00.0,6,0.0
2018-09-26T07:00:00.0,7,0.0
2018-09-26T08:00:00.0,8,0.0
2018-09-26T09:00:00.0,9,0.0
2018-09-26T10:00:00.0,10,0.0
2018-09-26T11:00:00.0,11,0.0
2018-09-26T12:00:00.0,12,20.03236025
2018-09-26T13:00:00.0,13,178.5869951666667
2018-09-26T14:00:00.0,14,237.773416375
2018-09-26T15:00:00.0,15,294.15550650000006
2018-09-26T16:00:00.0,16,319.6685449166667
2018-09-26T17:00:00.0,17,327.7704533333333
2018-09-26T18:00:00.0,18,218.94408045833333
2018-09-26T19:00:00.0,19,158.6135836666667
2018-09-26T20:00:00.0,20,249.12661479166673
2018-09-26T21:00:00.0,21,277.57546858333336
2018-09-26T22:00:00.0,22,182.95317874999998
2018-09-26T23:00:00.0,23,143.39459033333335
2018-09-27T00:00:00.0,0,6.568117833333333
2018-09-27T01:00:00.0,1,0.0
2018-09-27T02:00:00.0,2,0.0
2018-09-27T03:00:00.0,3,0.0
2018-09-27T04:00:00.0,4,0.0
2018-09-27T05:00:00.0,5,0.0
2018-09-27T06:00:00.0,6,0.0
2018-09-27T07:00:00.0,7,0.0
2018-09-27T08:00:00.0,8,0.0
2018-09-27T09:00:00.0,9,0.0
2018-09-27T10:00:00.0,10,0.0
2018-09-27T11:00:00.0,11,0.0
2018-09-27T12:00:00.0,12,5.7268606250000005
2018-09-27T13:00:00.0,13,143.40729070833336
2018-09-27T14:00:00.0,14,308.6578573333334
2018-09-27T15:00:00.0,15,296.7505725833334
2018-09-27T16:00:00.0,16,222.11842458333334
2018-09-27T17:00:00.0,17,385.7033888333333
2018-09-27T18:00:00.0,18,492.8837682916667
2018-09-27T19:00:00.0,19,430.9892792083333
2018-09-27T20:00:00.0,20,446.2927526666667
2018-09-27T21:00:00.0,21,403.9079820000001
2018-09-27T22:00:00.0,22,343.05772958333336
2018-09-27T23:00:00.0,23,193.45220612500006
2018-09-28T00:00:00.0,0,22.038867041666673
2018-09-28T01:00:00.0,1,0.0
2018-09-28T02:00:00.0,2,0.0
2018-09-28T03:00:00.0,3,0.0
2018-09-28T04:00:00.0,4,0.0
2018-09-28T05:00:00.0,5,0.0
2018-09-28T06:00:00.0,6,0.0
2018-09-28T07:00:00.0,7,0.0
2018-09-28T08:00:00.0,8,0.0
2018-09-28T09:00:00.0,9,0.0
2018-09-28T10:00:00.0,10,0.0
2018-09-28T11:00:00.0,11,0.0
2018-09-28T12:00:00.0,12,21.276688500000002
2018-09-28T13:00:00.0,13,169.62965058333333
2018-09-28T14:00:00.0,14,365.5985635833333
2018-09-28T15:00:00.0,15,383.124361375
2018-09-28T16:00:00.0,16,425.20508691666663
2018-09-28T17:00:00.0,17,453.70686191666664
2018-09-28T18:00:00.0,18,468.22807083333333
2018-09-28T19:00:00.0,19,495.82339225000004
2018-09-28T20:00:00.0,20,450.80610041666665
2018-09-28T21:00:00.0,21,392.3314220416666
2018-09-28T22:00:00.0,22,354.4313307083333
2018-09-28T23:00:00.0,23,167.29506745833336
2018-09-29T00:00:00.0,0,16.727185458333334
2018-09-29T01:00:00.0,1,0.0
2018-09-29T02:00:00.0,2,0.0
2018-09-29T03:00:00.0,3,0.0
2018-09-29T04:00:00.0,4,0.0
2018-09-29T05:00:00.0,5,0.0
2018-09-29T06:00:00.0,6,0.0
2018-09-29T07:00:00.0,7,0.0
2018-09-29T08:00:00.0,8,0.0
2018-09-29T09:00:00.0,9,0.0
2018-09-29T10:00:00.0,10,0.0
2018-09-29T11:00:00.0,11,0.0
2018-09-29T12:00:00.0,12,3.9402182500000005
2018-09-29T13:00:00.0,13,94.25527708333334
2018-09-29T14:00:00.0,14,104.90849650000001
2018-09-29T15:00:00.0,15,155.91601458333335
2018-09-29T16:00:00.0,16,288.5369875833333
2018-09-29T17:00:00.0,17,311.15170241666664
2018-09-29T18:00:00.0,18,342.27670541666674
2018-09-29T19:00:00.0,19,352.2159398333334
2018-09-29T20:00:00.0,20,376.2334062083333
2018-09-29T21:00:00.0,21,350.875652625
2018-09-29T22:00:00.0,22,291.2855308333334
2018-09-29T23:00:00.0,23,147.75795525
2018-09-30T00:00:00.0,0,16.49251475
2018-09-30T01:00:00.0,1,0.0
2018-09-30T02:00:00.0,2,0.0
2018-09-30T03:00:00.0,3,0.0
2018-09-30T04:00:00.0,4,0.0
2018-09-30T05:00:00.0,5,0.0
2018-09-30T06:00:00.0,6,0.0
2018-09-30T07:00:00.0,7,0.0
2018-09-30T08:00:00.0,8,0.0
2018-09-30T09:00:00.0,9,0.0
2018-09-30T10:00:00.0,10,0.0
2018-09-30T11:00:00.0,11,0.0
2018-09-30T12:00:00.0,12,10.654284875
2018-09-30T13:00:00.0,13,202.47129533333336
2018-09-30T14:00:00.0,14,258.0915772916667
2018-09-30T15:00:00.0,15,421.6378805833333
2018-09-30T16:00:00.0,16,378.2687529583333
2018-09-30T17:00:00.0,17,381.54661337499994
2018-09-30T18:00:00.0,18,416.6071911666667
2018-09-30T19:00:00.0,19,429.4070968333333
2018-09-30T20:00:00.0,20,348.54924191666663
2018-09-30T21:00:00.0,21,351.43168804166663
2018-09-30T22:00:00.0,22,319.99098937499997
2018-09-30T23:00:00.0,23,167.390769
2018-10-01T00:00:00.0,0,14.7165325
2018-10-01T01:00:00.0,1,0.0
2018-10-01T02:00:00.0,2,0.0
2018-10-01T03:00:00.0,3,0.0
2018-10-01T04:00:00.0,4,0.0
2018-10-01T05:00:00.0,5,0.0
2018-10-01T06:00:00.0,6,0.0
2018-10-01T07:00:00.0,7,0.0
2018-10-01T08:00:00.0,8,0.0
2018-10-01T09:00:00.0,9,0.0
2018-10-01T10:00:00.0,10,0.0
2018-10-01T11:00:00.0,11,0.0
2018-10-01T12:00:00.0,12,3.5061877083333335
2018-10-01T13:00:00.0,13,40.616751916666665
2018-10-01T14:00:00.0,14,95.567357125
2018-10-01T15:00:00.0,15,139.92500245833335
2018-10-01T16:00:00.0,16,206.48182495833336
2018-10-01T17:00:00.0,17,325.2469956666667
2018-10-01T18:00:00.0,18,370.2984656249999
2018-10-01T19:00:00.0,19,482.1119987916666
2018-10-01T20:00:00.0,20,482.046446375
2018-10-01T21:00:00.0,21,444.62855370833336
2018-10-01T22:00:00.0,22,401.5627340416667
2018-10-01T23:00:00.0,23,177.52412158333334
2018-10-02T00:00:00.0,0,12.875843291666664
2018-10-02T01:00:00.0,1,0.0
2018-10-02T02:00:00.0,2,0.0
2018-10-02T03:00:00.0,3,0.0
2018-10-02T04:00:00.0,4,0.0
2018-10-02T05:00:00.0,5,0.0
2018-10-02T06:00:00.0,6,0.0
2018-10-02T07:00:00.0,7,0.0
2018-10-02T08:00:00.0,8,0.0
2018-10-02T09:00:00.0,9,0.0
2018-10-02T10:00:00.0,10,0.0
2018-10-02T11:00:00.0,11,0.0
2018-10-02T12:00:00.0,12,28.966096124999996
2018-10-02T13:00:00.0,13,257.2140920416667
2018-10-02T14:00:00.0,14,457.00350383333335
2018-10-02T15:00:00.0,15,442.3686774166667
2018-10-02T16:00:00.0,16,445.3126649583333
2018-10-02T17:00:00.0,17,501.23135874999997
2018-10-02T18:00:00.0,18,551.3586649583333
2018-10-02T19:00:00.0,19,586.5884365000001
2018-10-02T20:00:00.0,20,601.0063598333335
2018-10-02T21:00:00.0,21,589.4927467916667
2018-10-02T22:00:00.0,22,498.0594934166667
2018-10-02T23:00:00.0,23,196.71410687500006
2018-10-03T00:00:00.0,0,12.1017455
2018-10-03T01:00:00.0,1,0.0
2018-10-03T02:00:00.0,2,0.0
2018-10-03T03:00:00.0,3,0.0
2018-10-03T04:00:00.0,4,0.0
2018-10-03T05:00:00.0,5,0.0
2018-10-03T06:00:00.0,6,0.0
2018-10-03T07:00:00.0,7,0.0
2018-10-03T08:00:00.0,8,0.0
2018-10-03T09:00:00.0,9,0.0
2018-10-03T10:00:00.0,10,0.0
2018-10-03T11:00:00.0,11,0.0
2018-10-03T12:00:00.0,12,29.162365166666664
2018-10-03T13:00:00.0,13,217.428031625
2018-10-03T14:00:00.0,14,411.68039687500004
2018-10-03T15:00:00.0,15,554.1882092500001
2018-10-03T16:00:00.0,16,585.3471592499999
2018-10-03T17:00:00.0,17,580.5636755416666
2018-10-03T18:00:00.0,18,586.295953875
2018-10-03T19:00:00.0,19,587.7930966249999
2018-10-03T20:00:00.0,20,598.9381475416666
2018-10-03T21:00:00.0,21,587.7580657916667
2018-10-03T22:00:00.0,22,484.18262170833333
2018-10-03T23:00:00.0,23,205.87315024999998
2018-10-04T00:00:00.0,0,10.049224875000002
2018-10-04T01:00:00.0,1,0.0
2018-10-04T02:00:00.0,2,0.0
2018-10-04T03:00:00.0,3,0.0
2018-10-04T04:00:00.0,4,0.0
2018-10-04T05:00:00.0,5,0.0
2018-10-04T06:00:00.0,6,0.0
2018-10-04T07:00:00.0,7,0.0
2018-10-04T08:00:00.0,8,0.0
2018-10-04T09:00:00.0,9,0.0
2018-10-04T10:00:00.0,10,0.0
2018-10-04T11:00:00.0,11,0.0
2018-10-04T12:00:00.0,12,27.459974958333333
2018-10-04T13:00:00.0,13,213.7108652916667
2018-10-04T14:00:00.0,14,382.47530029166666
2018-10-04T15:00:00.0,15,428.82065725
2018-10-04T16:00:00.0,16,497.59472820833344
2018-10-04T17:00:00.0,17,504.9244208333333
2018-10-04T18:00:00.0,18,554.596908125
2018-10-04T19:00:00.0,19,589.3746122916665
2018-10-04T20:00:00.0,20,595.0993529583333
2018-10-04T21:00:00.0,21,581.08989875
2018-10-04T22:00:00.0,22,491.5963806666667
2018-10-04T23:00:00.0,23,204.97593941666665
2018-10-05T00:00:00.0,0,9.364097833333334
2018-10-05T01:00:00.0,1,0.0
2018-10-05T02:00:00.0,2,0.0
2018-10-05T03:00:00.0,3,0.0
2018-10-05T04:00:00.0,4,0.0
2018-10-05T05:00:00.0,5,0.0
2018-10-05T06:00:00.0,6,0.0
2018-10-05T07:00:00.0,7,0.0
2018-10-05T08:00:00.0,8,0.0
2018-10-05T09:00:00.0,9,0.0
2018-10-05T10:00:00.0,10,0.0
2018-10-05T11:00:00.0,11,0.0
2018-10-05T12:00:00.0,12,25.98104375
2018-10-05T13:00:00.0,13,245.77941270833335
2018-10-05T14:00:00.0,14,442.5359025
2018-10-05T15:00:00.0,15,499.31088924999995
2018-10-05T16:00:00.0,16,558.85294725
2018-10-05T17:00:00.0,17,567.476197125
2018-10-05T18:00:00.0,18,568.2733365416667
2018-10-05T19:00:00.0,19,578.769454375
2018-10-05T20:00:00.0,20,597.8025787916667
2018-10-05T21:00:00.0,21,581.5025676250001
2018-10-05T22:00:00.0,22,481.8231254583332
2018-10-05T23:00:00.0,23,165.67705850000002
2018-10-06T00:00:00.0,0,1.641983708333333
2018-10-06T01:00:00.0,1,0.0
2018-10-06T02:00:00.0,2,0.0
2018-10-06T03:00:00.0,3,0.0
2018-10-06T04:00:00.0,4,0.0
2018-10-06T05:00:00.0,5,0.0
2018-10-06T06:00:00.0,6,0.0
2018-10-06T07:00:00.0,7,0.0
2018-10-06T08:00:00.0,8,0.0
2018-10-06T09:00:00.0,9,0.0
2018-10-06T10:00:00.0,10,0.0
2018-10-06T11:00:00.0,11,0.0
2018-10-06T12:00:00.0,12,23.284615375
2018-10-06T13:00:00.0,13,147.96427554166664
2018-10-06T14:00:00.0,14,313.18747725000003
2018-10-06T15:00:00.0,15,341.0182888333334
2018-10-06T16:00:00.0,16,374.4171124583334
2018-10-06T17:00:00.0,17,403.135874
2018-10-06T18:00:00.0,18,420.1701614583333
2018-10-06T19:00:00.0,19,438.2389840833334
2018-10-06T20:00:00.0,20,478.5023454583333
2018-10-06T21:00:00.0,21,411.82568833333335
2018-10-06T22:00:00.0,22,320.47043241666665
2018-10-06T23:00:00.0,23,96.51558475000002
2018-10-07T00:00:00.0,0,1.6768395833333336
2018-10-07T01:00:00.0,1,0.0
2018-10-07T02:00:00.0,2,0.0
2018-10-07T03:00:00.0,3,0.0
2018-10-07T04:00:00.0,4,0.0
2018-10-07T05:00:00.0,5,0.0
2018-10-07T06:00:00.0,6,0.0
2018-10-07T07:00:00.0,7,0.0
2018-10-07T08:00:00.0,8,0.0
2018-10-07T09:00:00.0,9,0.0
2018-10-07T10:00:00.0,10,0.0
2018-10-07T11:00:00.0,11,0.0
2018-10-07T12:00:00.0,12,17.125524375
2018-10-07T13:00:00.0,13,110.68281525000002
2018-10-07T14:00:00.0,14,289.3973228333333
2018-10-07T15:00:00.0,15,315.81593625
2018-10-07T16:00:00.0,16,304.02050595833333
2018-10-07T17:00:00.0,17,292.13327304166665
2018-10-07T18:00:00.0,18,341.6395545833334
2018-10-07T19:00:00.0,19,422.20621941666667
2018-10-07T20:00:00.0,20,379.6133812083333
2018-10-07T21:00:00.0,21,326.56927924999997
2018-10-07T22:00:00.0,22,278.721618875
2018-10-07T23:00:00.0,23,98.94914320833335
2018-10-08T00:00:00.0,0,5.4688856249999995
2018-10-08T01:00:00.0,1,0.0
2018-10-08T02:00:00.0,2,0.0
2018-10-08T03:00:00.0,3,0.0
2018-10-08T04:00:00.0,4,0.0
2018-10-08T05:00:00.0,5,0.0
2018-10-08T06:00:00.0,6,0.0
2018-10-08T07:00:00.0,7,0.0
2018-10-08T08:00:00.0,8,0.0
2018-10-08T09:00:00.0,9,0.0
2018-10-08T10:00:00.0,10,0.0
2018-10-08T11:00:00.0,11,0.0
2018-10-08T12:00:00.0,12,17.478985916666666
2018-10-08T13:00:00.0,13,200.314997375
2018-10-08T14:00:00.0,14,311.0923160416666
2018-10-08T15:00:00.0,15,225.12879475
2018-10-08T16:00:00.0,16,360.35320366666673
2018-10-08T17:00:00.0,17,423.718237375
2018-10-08T18:00:00.0,18,428.1631695833334
2018-10-08T19:00:00.0,19,265.71087320833334
2018-10-08T20:00:00.0,20,275.5993335416667
2018-10-08T21:00:00.0,21,171.78805875
2018-10-08T22:00:00.0,22,196.35136108333333
2018-10-08T23:00:00.0,23,58.61102845833333
2018-10-09T00:00:00.0,0,1.2513715
2018-10-09T01:00:00.0,1,0.0
2018-10-09T02:00:00.0,2,0.0
2018-10-09T03:00:00.0,3,0.0
2018-10-09T04:00:00.0,4,0.0
2018-10-09T05:00:00.0,5,0.0
2018-10-09T06:00:00.0,6,0.0
2018-10-09T07:00:00.0,7,0.0
2018-10-09T08:00:00.0,8,0.0
2018-10-09T09:00:00.0,9,0.0
2018-10-09T10:00:00.0,10,0.0
2018-10-09T11:00:00.0,11,0.0
2018-10-09T12:00:00.0,12,7.976835333333334
2018-10-09T13:00:00.0,13,82.02269108333334
2018-10-09T14:00:00.0,14,166.89238858333331
2018-10-09T15:00:00.0,15,291.37708654166664
2018-10-09T16:00:00.0,16,395.05745283333334
2018-10-09T17:00:00.0,17,399.65695479166675
2018-10-09T18:00:00.0,18,460.27690200000006
2018-10-09T19:00:00.0,19,478.33907145833336
2018-10-09T20:00:00.0,20,508.2043635833333
2018-10-09T21:00:00.0,21,381.5502406666667
2018-10-09T22:00:00.0,22,315.93014808333334
2018-10-09T23:00:00.0,23,148.69616966666666
2018-10-10T00:00:00.0,0,5.32407375
2018-10-10T01:00:00.0,1,0.0
2018-10-10T02:00:00.0,2,0.0
2018-10-10T03:00:00.0,3,0.0
2018-10-10T04:00:00.0,4,0.0
2018-10-10T05:00:00.0,5,0.0
2018-10-10T06:00:00.0,6,0.0
2018-10-10T07:00:00.0,7,0.0
2018-10-10T08:00:00.0,8,0.0
2018-10-10T09:00:00.0,9,0.0
2018-10-10T10:00:00.0,10,0.0
2018-10-10T11:00:00.0,11,0.0
2018-10-10T12:00:00.0,12,19.219120208333333
2018-10-10T13:00:00.0,13,222.35746699999996
2018-10-10T14:00:00.0,14,416.8494394583334
2018-10-10T15:00:00.0,15,449.167013625
2018-10-10T16:00:00.0,16,476.0858082083334
2018-10-10T17:00:00.0,17,545.67702225
2018-10-10T18:00:00.0,18,584.5447214999999
2018-10-10T19:00:00.0,19,606.361028625
2018-10-10T20:00:00.0,20,616.6883457083333
2018-10-10T21:00:00.0,21,602.341138375
2018-10-10T22:00:00.0,22,492.1071982083335
2018-10-10T23:00:00.0,23,180.83315066666668
2018-10-11T00:00:00.0,0,4.10128875
2018-10-11T01:00:00.0,1,0.0
2018-10-11T02:00:00.0,2,0.0
2018-10-11T03:00:00.0,3,0.0
2018-10-11T04:00:00.0,4,0.0
2018-10-11T05:00:00.0,5,0.0
2018-10-11T06:00:00.0,6,0.0
2018-10-11T07:00:00.0,7,0.0
2018-10-11T08:00:00.0,8,0.0
2018-10-11T09:00:00.0,9,0.0
2018-10-11T10:00:00.0,10,0.0
2018-10-11T11:00:00.0,11,0.0
2018-10-11T12:00:00.0,12,21.2093995
2018-10-11T13:00:00.0,13,241.39999270833331
2018-10-11T14:00:00.0,14,413.4998675833333
2018-10-11T15:00:00.0,15,542.8822604999999
2018-10-11T16:00:00.0,16,491.54901591666663
2018-10-11T17:00:00.0,17,478.8949749583333
2018-10-11T18:00:00.0,18,515.5694750000001
2018-10-11T19:00:00.0,19,517.3710803749999
2018-10-11T20:00:00.0,20,471.9501205416666
2018-10-11T21:00:00.0,21,405.7257624166668
2018-10-11T22:00:00.0,22,456.31591533333335
2018-10-11T23:00:00.0,23,92.81175070833335
2018-10-12T00:00:00.0,0,0.5968350000000001
2018-10-12T01:00:00.0,1,0.0
2018-10-12T02:00:00.0,2,0.0
2018-10-12T03:00:00.0,3,0.0
2018-10-12T04:00:00.0,4,0.0
2018-10-12T05:00:00.0,5,0.0
2018-10-12T06:00:00.0,6,0.0
2018-10-12T07:00:00.0,7,0.0
2018-10-12T08:00:00.0,8,0.0
2018-10-12T09:00:00.0,9,0.0
2018-10-12T10:00:00.0,10,0.0
2018-10-12T11:00:00.0,11,0.0
2018-10-12T12:00:00.0,12,20.445057458333334
2018-10-12T13:00:00.0,13,194.784663875
2018-10-12T14:00:00.0,14,331.80332633333336
2018-10-12T15:00:00.0,15,347.6203201666667
2018-10-12T16:00:00.0,16,340.26805529166666
2018-10-12T17:00:00.0,17,390.64159850000004
2018-10-12T18:00:00.0,18,460.9545990416666
2018-10-12T19:00:00.0,19,472.6448583333333
2018-10-12T20:00:00.0,20,461.29590749999994
2018-10-12T21:00:00.0,21,398.4398054583333
2018-10-12T22:00:00.0,22,377.58302458333327
2018-10-12T23:00:00.0,23,134.09995345833332
2018-10-13T00:00:00.0,0,1.9701787499999999
2018-10-13T01:00:00.0,1,0.0
2018-10-13T02:00:00.0,2,0.0
2018-10-13T03:00:00.0,3,0.0
2018-10-13T04:00:00.0,4,0.0
2018-10-13T05:00:00.0,5,0.0
2018-10-13T06:00:00.0,6,0.0
2018-10-13T07:00:00.0,7,0.0
2018-10-13T08:00:00.0,8,0.0
2018-10-13T09:00:00.0,9,0.0
2018-10-13T10:00:00.0,10,0.0
2018-10-13T11:00:00.0,11,0.0
2018-10-13T12:00:00.0,12,9.544507041666668
2018-10-13T13:00:00.0,13,119.27642404166669
2018-10-13T14:00:00.0,14,150.24413320833335
2018-10-13T15:00:00.0,15,250.33957108333334
2018-10-13T16:00:00.0,16,270.87399908333333
2018-10-13T17:00:00.0,17,345.7582480416666
2018-10-13T18:00:00.0,18,360.3403711666667
2018-10-13T19:00:00.0,19,300.96767041666664
2018-10-13T20:00:00.0,20,296.7832010833334
2018-10-13T21:00:00.0,21,285.7072429583334
2018-10-13T22:00:00.0,22,349.9100646250001
2018-10-13T23:00:00.0,23,132.80070079166669
2018-10-14T00:00:00.0,0,2.6191125000000004
2018-10-14T01:00:00.0,1,0.0
2018-10-14T02:00:00.0,2,0.0
2018-10-14T03:00:00.0,3,0.0
2018-10-14T04:00:00.0,4,0.0
2018-10-14T05:00:00.0,5,0.0
2018-10-14T06:00:00.0,6,0.0
2018-10-14T07:00:00.0,7,0.0
2018-10-14T08:00:00.0,8,0.0
2018-10-14T09:00:00.0,9,0.0
2018-10-14T10:00:00.0,10,0.0
2018-10-14T11:00:00.0,11,0.0
2018-10-14T12:00:00.0,12,8.941444541666668
2018-10-14T13:00:00.0,13,174.849863
2018-10-14T14:00:00.0,14,379.41616395833336
2018-10-14T15:00:00.0,15,397.31972575000003
2018-10-14T16:00:00.0,16,335.8383542916667
2018-10-14T17:00:00.0,17,435.5900510833333
2018-10-14T18:00:00.0,18,522.8680824583333
2018-10-14T19:00:00.0,19,459.4919929999999
2018-10-14T20:00:00.0,20,564.5237960833332
2018-10-14T21:00:00.0,21,544.1890369166666
2018-10-14T22:00:00.0,22,432.84496758333336
2018-10-14T23:00:00.0,23,141.10241158333335
2018-10-15T00:00:00.0,0,1.2502012500000002
2018-10-15T01:00:00.0,1,0.0
2018-10-15T02:00:00.0,2,0.0
2018-10-15T03:00:00.0,3,0.0
2018-10-15T04:00:00.0,4,0.0
2018-10-15T05:00:00.0,5,0.0
2018-10-15T06:00:00.0,6,0.0
2018-10-15T07:00:00.0,7,0.0
2018-10-15T08:00:00.0,8,0.0
2018-10-15T09:00:00.0,9,0.0
2018-10-15T10:00:00.0,10,0.0
2018-10-15T11:00:00.0,11,0.0
2018-10-15T12:00:00.0,12,10.981977333333333
2018-10-15T13:00:00.0,13,141.782824
2018-10-15T14:00:00.0,14,136.48497629166667
2018-10-15T15:00:00.0,15,64.57411304166668
2018-10-15T16:00:00.0,16,99.27364895833334
2018-10-15T17:00:00.0,17,141.0198265416667
2018-10-15T18:00:00.0,18,163.2752355
2018-10-15T19:00:00.0,19,164.00094604166668
2018-10-15T20:00:00.0,20,91.653301125
2018-10-15T21:00:00.0,21,102.86517191666667
2018-10-15T22:00:00.0,22,97.44342175000001
2018-10-15T23:00:00.0,23,28.529046499999996
2018-10-16T00:00:00.0,0,1.22506875
2018-10-16T01:00:00.0,1,0.0
2018-10-16T02:00:00.0,2,0.0
2018-10-16T03:00:00.0,3,0.0
2018-10-16T04:00:00.0,4,0.0
2018-10-16T05:00:00.0,5,0.0
2018-10-16T06:00:00.0,6,0.0
2018-10-16T07:00:00.0,7,0.0
2018-10-16T08:00:00.0,8,0.0
2018-10-16T09:00:00.0,9,0.0
2018-10-16T10:00:00.0,10,0.0
2018-10-16T11:00:00.0,11,0.0
2018-10-16T12:00:00.0,12,3.5000832083333333
2018-10-16T13:00:00.0,13,30.294323625
2018-10-16T14:00:00.0,14,45.8035525
2018-10-16T15:00:00.0,15,45.14672845833334
2018-10-16T16:00:00.0,16,73.565532875
2018-10-16T17:00:00.0,17,103.40317683333336
2018-10-16T18:00:00.0,18,118.563147
2018-10-16T19:00:00.0,19,95.643057875
2018-10-16T20:00:00.0,20,68.4360185
2018-10-16T21:00:00.0,21,98.79285533333335
2018-10-16T22:00:00.0,22,210.069916
2018-10-16T23:00:00.0,23,95.10859037499999
2018-10-17T00:00:00.0,0,0.36225
2018-10-17T01:00:00.0,1,0.0
2018-10-17T02:00:00.0,2,0.0
2018-10-17T03:00:00.0,3,0.0
2018-10-17T04:00:00.0,4,0.0
2018-10-17T05:00:00.0,5,0.0
2018-10-17T06:00:00.0,6,0.0
2018-10-17T07:00:00.0,7,0.0
2018-10-17T08:00:00.0,8,0.0
2018-10-17T09:00:00.0,9,0.0
2018-10-17T10:00:00.0,10,0.0
2018-10-17T11:00:00.0,11,0.0
2018-10-17T12:00:00.0,12,7.051143958333333
2018-10-17T13:00:00.0,13,37.74646383333333
2018-10-17T14:00:00.0,14,37.07177041666667
2018-10-17T15:00:00.0,15,64.01134783333335
2018-10-17T16:00:00.0,16,94.14618295833333
2018-10-17T17:00:00.0,17,119.07569079166667
2018-10-17T18:00:00.0,18,150.57500704166665
2018-10-17T19:00:00.0,19,131.13126479166667
2018-10-17T20:00:00.0,20,89.88430204166666
2018-10-17T21:00:00.0,21,87.75708854166668
2018-10-17T22:00:00.0,22,143.82442479166667
2018-10-17T23:00:00.0,23,37.786531833333335
2018-10-18T00:00:00.0,0,0.34623000000000004
2018-10-18T01:00:00.0,1,0.0
2018-10-18T02:00:00.0,2,0.0
2018-10-18T03:00:00.0,3,0.0
2018-10-18T04:00:00.0,4,0.0
2018-10-18T05:00:00.0,5,0.0
2018-10-18T06:00:00.0,6,0.0
2018-10-18T07:00:00.0,7,0.0
2018-10-18T08:00:00.0,8,0.0
2018-10-18T09:00:00.0,9,0.0
2018-10-18T10:00:00.0,10,0.0
2018-10-18T11:00:00.0,11,0.0
2018-10-18T12:00:00.0,12,5.577665124999999
2018-10-18T13:00:00.0,13,70.52386983333334
2018-10-18T14:00:00.0,14,71.306903375
2018-10-18T15:00:00.0,15,99.64634654166666
2018-10-18T16:00:00.0,16,113.04200533333334
2018-10-18T17:00:00.0,17,137.76484016666666
2018-10-18T18:00:00.0,18,157.357288875
2018-10-18T19:00:00.0,19,176.008443625
2018-10-18T20:00:00.0,20,151.26171095833334
2018-10-18T21:00:00.0,21,89.44309408333334
2018-10-18T22:00:00.0,22,186.40653208333333
2018-10-18T23:00:00.0,23,33.22791704166667
2018-10-19T00:00:00.0,0,0.2394225
2018-10-19T01:00:00.0,1,0.0
2018-10-19T02:00:00.0,2,0.0
2018-10-19T03:00:00.0,3,0.0
2018-10-19T04:00:00.0,4,0.0
2018-10-19T05:00:00.0,5,0.0
2018-10-19T06:00:00.0,6,0.0
2018-10-19T07:00:00.0,7,0.0
2018-10-19T08:00:00.0,8,0.0
2018-10-19T09:00:00.0,9,0.0
2018-10-19T10:00:00.0,10,0.0
2018-10-19T11:00:00.0,11,0.0
2018-10-19T12:00:00.0,12,1.7948895833333334
2018-10-19T13:00:00.0,13,54.87434758333333
2018-10-19T14:00:00.0,14,126.41368366666666
2018-10-19T15:00:00.0,15,147.39495225
2018-10-19T16:00:00.0,16,198.65654829166667
2018-10-19T17:00:00.0,17,260.780483125
2018-10-19T18:00:00.0,18,271.913044875
2018-10-19T19:00:00.0,19,225.08733316666667
2018-10-19T20:00:00.0,20,271.48983591666666
2018-10-19T21:00:00.0,21,230.1303275416667
2018-10-19T22:00:00.0,22,111.22489083333333
2018-10-19T23:00:00.0,23,13.100742000000004
2018-10-20T00:00:00.0,0,0.036922500000000004
2018-10-20T01:00:00.0,1,0.0
2018-10-20T02:00:00.0,2,0.0
2018-10-20T03:00:00.0,3,0.0
2018-10-20T04:00:00.0,4,0.0
2018-10-20T05:00:00.0,5,0.0
2018-10-20T06:00:00.0,6,0.0
2018-10-20T07:00:00.0,7,0.0
2018-10-20T08:00:00.0,8,0.0
2018-10-20T09:00:00.0,9,0.0
2018-10-20T10:00:00.0,10,0.0
2018-10-20T11:00:00.0,11,0.0
2018-10-20T12:00:00.0,12,5.622880416666667
2018-10-20T13:00:00.0,13,41.653939916666666
2018-10-20T14:00:00.0,14,58.63822000000001
2018-10-20T15:00:00.0,15,187.84802970833334
2018-10-20T16:00:00.0,16,202.6691963333334
2018-10-20T17:00:00.0,17,207.68727758333333
2018-10-20T18:00:00.0,18,228.83434795833338
2018-10-20T19:00:00.0,19,242.27917141666663
2018-10-20T20:00:00.0,20,194.15139541666667
2018-10-20T21:00:00.0,21,245.43807937500003
2018-10-20T22:00:00.0,22,219.56580700000004
2018-10-20T23:00:00.0,23,54.328755
2018-10-21T00:00:00.0,0,0.27506250000000004
2018-10-21T01:00:00.0,1,0.0
2018-10-21T02:00:00.0,2,0.0
2018-10-21T03:00:00.0,3,0.0
2018-10-21T04:00:00.0,4,0.0
2018-10-21T05:00:00.0,5,0.0
2018-10-21T06:00:00.0,6,0.0
2018-10-21T07:00:00.0,7,0.0
2018-10-21T08:00:00.0,8,0.0
2018-10-21T09:00:00.0,9,0.0
2018-10-21T10:00:00.0,10,0.0
2018-10-21T11:00:00.0,11,0.0
2018-10-21T12:00:00.0,12,11.872988999999999
2018-10-21T13:00:00.0,13,226.11439629166662
2018-10-21T14:00:00.0,14,475.66614112499997
2018-10-21T15:00:00.0,15,514.861651625
2018-10-21T16:00:00.0,16,536.771674125
2018-10-21T17:00:00.0,17,517.9893666666667
2018-10-21T18:00:00.0,18,471.8838124166667
2018-10-21T19:00:00.0,19,488.8087088333334
2018-10-21T20:00:00.0,20,415.757697875
2018-10-21T21:00:00.0,21,356.26004800000004
2018-10-21T22:00:00.0,22,252.9238578333333
2018-10-21T23:00:00.0,23,46.63270441666668
2018-10-22T00:00:00.0,0,0.03487500000000001
2018-10-22T01:00:00.0,1,0.0
2018-10-22T02:00:00.0,2,0.0
2018-10-22T03:00:00.0,3,0.0
2018-10-22T04:00:00.0,4,0.0
2018-10-22T05:00:00.0,5,0.0
2018-10-22T06:00:00.0,6,0.0
2018-10-22T07:00:00.0,7,0.0
2018-10-22T08:00:00.0,8,0.0
2018-10-22T09:00:00.0,9,0.0
2018-10-22T10:00:00.0,10,0.0
2018-10-22T11:00:00.0,11,0.0
2018-10-22T12:00:00.0,12,2.1364945
2018-10-22T13:00:00.0,13,51.485187125
2018-10-22T14:00:00.0,14,107.33388512499998
2018-10-22T15:00:00.0,15,183.40055520833334
2018-10-22T16:00:00.0,16,244.64969854166668
2018-10-22T17:00:00.0,17,301.1722219583333
2018-10-22T18:00:00.0,18,287.90136070833336
2018-10-22T19:00:00.0,19,283.2176916250001
2018-10-22T20:00:00.0,20,261.39803416666666
2018-10-22T21:00:00.0,21,204.04949708333334
2018-10-22T22:00:00.0,22,128.04846416666666
2018-10-22T23:00:00.0,23,28.85456375
2018-10-23T00:00:00.0,0,0.011250000000000001
2018-10-23T01:00:00.0,1,0.0
2018-10-23T02:00:00.0,2,0.0
2018-10-23T03:00:00.0,3,0.0
2018-10-23T04:00:00.0,4,0.0
2018-10-23T05:00:00.0,5,0.0
2018-10-23T06:00:00.0,6,0.0
2018-10-23T07:00:00.0,7,0.0
2018-10-23T08:00:00.0,8,0.0
2018-10-23T09:00:00.0,9,0.0
2018-10-23T10:00:00.0,10,0.0
2018-10-23T11:00:00.0,11,0.0
2018-10-23T12:00:00.0,12,0.31354920833333333
2018-10-23T13:00:00.0,13,34.941156541666665
2018-10-23T14:00:00.0,14,28.237696625
2018-10-23T15:00:00.0,15,63.919673458333335
2018-10-23T16:00:00.0,16,123.22906920833333
2018-10-23T17:00:00.0,17,165.10061720833335
2018-10-23T18:00:00.0,18,279.3152766666667
2018-10-23T19:00:00.0,19,298.0726174999999
2018-10-23T20:00:00.0,20,275.29203575
2018-10-23T21:00:00.0,21,202.12639966666666
2018-10-23T22:00:00.0,22,97.15806845833333
2018-10-23T23:00:00.0,23,24.81691033333334
2018-10-24T00:00:00.0,0,0.012375000000000002
2018-10-24T01:00:00.0,1,0.0
2018-10-24T02:00:00.0,2,0.0
2018-10-24T03:00:00.0,3,0.0
2018-10-24T04:00:00.0,4,0.0
2018-10-24T05:00:00.0,5,0.0
2018-10-24T06:00:00.0,6,0.0
2018-10-24T07:00:00.0,7,0.0
2018-10-24T08:00:00.0,8,0.0
2018-10-24T09:00:00.0,9,0.0
2018-10-24T10:00:00.0,10,0.0
2018-10-24T11:00:00.0,11,0.0
2018-10-24T12:00:00.0,12,0.33135383333333335
2018-10-24T13:00:00.0,13,16.037935375
2018-10-24T14:00:00.0,14,63.36649170833332
2018-10-24T15:00:00.0,15,85.30761708333334
2018-10-24T16:00:00.0,16,81.49220429166667
2018-10-24T17:00:00.0,17,109.18105133333334
2018-10-24T18:00:00.0,18,129.6907997916667
2018-10-24T19:00:00.0,19,80.33393174999999
2018-10-24T20:00:00.0,20,76.71837845833333
2018-10-24T21:00:00.0,21,52.88716887499999
2018-10-24T22:00:00.0,22,161.147189625
2018-10-24T23:00:00.0,23,59.13518691666666
2018-10-25T00:00:00.0,0,0.122625
2018-10-25T01:00:00.0,1,0.0
2018-10-25T02:00:00.0,2,0.0
2018-10-25T03:00:00.0,3,0.0
2018-10-25T04:00:00.0,4,0.0
2018-10-25T05:00:00.0,5,0.0
2018-10-25T06:00:00.0,6,0.0
2018-10-25T07:00:00.0,7,0.0
2018-10-25T08:00:00.0,8,0.0
2018-10-25T09:00:00.0,9,0.0
2018-10-25T10:00:00.0,10,0.0
2018-10-25T11:00:00.0,11,0.0
2018-10-25T12:00:00.0,12,8.477352541666667
2018-10-25T13:00:00.0,13,138.52766329166667
2018-10-25T14:00:00.0,14,123.06607925000002
2018-10-25T15:00:00.0,15,137.74056220833336
2018-10-25T16:00:00.0,16,193.15265258333332
2018-10-25T17:00:00.0,17,248.337196375
2018-10-25T18:00:00.0,18,295.10887420833336
2018-10-25T19:00:00.0,19,375.93368420833343
2018-10-25T20:00:00.0,20,387.297308125
2018-10-25T21:00:00.0,21,345.3728515
2018-10-25T22:00:00.0,22,256.8024855416667
2018-10-25T23:00:00.0,23,71.24193125000001
2018-10-26T00:00:00.0,0,0.09112500000000001
2018-10-26T01:00:00.0,1,0.0
2018-10-26T02:00:00.0,2,0.0
2018-10-26T03:00:00.0,3,0.0
2018-10-26T04:00:00.0,4,0.0
2018-10-26T05:00:00.0,5,0.0
2018-10-26T06:00:00.0,6,0.0
2018-10-26T07:00:00.0,7,0.0
2018-10-26T08:00:00.0,8,0.0
2018-10-26T09:00:00.0,9,0.0
2018-10-26T10:00:00.0,10,0.0
2018-10-26T11:00:00.0,11,0.0
2018-10-26T12:00:00.0,12,6.554290083333334
2018-10-26T13:00:00.0,13,169.18872920833334
2018-10-26T14:00:00.0,14,438.53224637500006
2018-10-26T15:00:00.0,15,545.3775899166667
2018-10-26T16:00:00.0,16,540.9239654583333
2018-10-26T17:00:00.0,17,534.4664376666667
2018-10-26T18:00:00.0,18,539.58414525
2018-10-26T19:00:00.0,19,540.0817484166666
2018-10-26T20:00:00.0,20,536.1434446666666
2018-10-26T21:00:00.0,21,523.872879375
2018-10-26T22:00:00.0,22,360.65837925000005
2018-10-26T23:00:00.0,23,88.07727120833334
2018-10-27T00:00:00.0,0,0.09000000000000001
2018-10-27T01:00:00.0,1,0.0
2018-10-27T02:00:00.0,2,0.0
2018-10-27T03:00:00.0,3,0.0
2018-10-27T04:00:00.0,4,0.0
2018-10-27T05:00:00.0,5,0.0
2018-10-27T06:00:00.0,6,0.0
2018-10-27T07:00:00.0,7,0.0
2018-10-27T08:00:00.0,8,0.0
2018-10-27T09:00:00.0,9,0.0
2018-10-27T10:00:00.0,10,0.0
2018-10-27T11:00:00.0,11,0.0
2018-10-27T12:00:00.0,12,7.492115541666666
2018-10-27T13:00:00.0,13,198.99361712500001
2018-10-27T14:00:00.0,14,488.8280698333333
2018-10-27T15:00:00.0,15,574.9882464166668
2018-10-27T16:00:00.0,16,573.0903644583334
2018-10-27T17:00:00.0,17,556.6418561666667
2018-10-27T18:00:00.0,18,551.9629934166666
2018-10-27T19:00:00.0,19,563.1723199583333
2018-10-27T20:00:00.0,20,577.2794686666667
2018-10-27T21:00:00.0,21,558.386607
2018-10-27T22:00:00.0,22,396.01907454166667
2018-10-27T23:00:00.0,23,92.64954562500002
2018-10-28T00:00:00.0,0,0.08437500000000002
2018-10-28T01:00:00.0,1,0.0
2018-10-28T02:00:00.0,2,0.0
2018-10-28T03:00:00.0,3,0.0
2018-10-28T04:00:00.0,4,0.0
2018-10-28T05:00:00.0,5,0.0
2018-10-28T06:00:00.0,6,0.0
2018-10-28T07:00:00.0,7,0.0
2018-10-28T08:00:00.0,8,0.0
2018-10-28T09:00:00.0,9,0.0
2018-10-28T10:00:00.0,10,0.0
2018-10-28T11:00:00.0,11,0.0
2018-10-28T12:00:00.0,12,7.130098041666667
2018-10-28T13:00:00.0,13,199.43615516666668
2018-10-28T14:00:00.0,14,493.49583200000006
2018-10-28T15:00:00.0,15,579.2874779583334
2018-10-28T16:00:00.0,16,576.2815692083333
2018-10-28T17:00:00.0,17,558.3991365833334
2018-10-28T18:00:00.0,18,552.1314911666667
2018-10-28T19:00:00.0,19,562.5712659583334
2018-10-28T20:00:00.0,20,575.8524116666667
2018-10-28T21:00:00.0,21,557.3399520416667
2018-10-28T22:00:00.0,22,390.320586
2018-10-28T23:00:00.0,23,88.54655216666669
2018-10-29T00:00:00.0,0,0.043875000000000004
2018-10-29T01:00:00.0,1,0.0
2018-10-29T02:00:00.0,2,0.0
2018-10-29T03:00:00.0,3,0.0
2018-10-29T04:00:00.0,4,0.0
2018-10-29T05:00:00.0,5,0.0
2018-10-29T06:00:00.0,6,0.0
2018-10-29T07:00:00.0,7,0.0
2018-10-29T08:00:00.0,8,0.0
2018-10-29T09:00:00.0,9,0.0
2018-10-29T10:00:00.0,10,0.0
2018-10-29T11:00:00.0,11,0.0
2018-10-29T12:00:00.0,12,6.202466833333332
2018-10-29T13:00:00.0,13,185.95213220833332
2018-10-29T14:00:00.0,14,418.8858840416667
2018-10-29T15:00:00.0,15,527.7556943333333
2018-10-29T16:00:00.0,16,531.5306684166666
2018-10-29T17:00:00.0,17,513.6854950416667
2018-10-29T18:00:00.0,18,523.7874085
2018-10-29T19:00:00.0,19,541.5333934166666
2018-10-29T20:00:00.0,20,550.785759125
2018-10-29T21:00:00.0,21,527.855930375
2018-10-29T22:00:00.0,22,378.37516737500005
2018-10-29T23:00:00.0,23,83.48006787500002
2018-10-30T00:00:00.0,0,0.036
2018-10-30T01:00:00.0,1,0.0
2018-10-30T02:00:00.0,2,0.0
2018-10-30T03:00:00.0,3,0.0
2018-10-30T04:00:00.0,4,0.0
2018-10-30T05:00:00.0,5,0.0
2018-10-30T06:00:00.0,6,0.0
2018-10-30T07:00:00.0,7,0.0
2018-10-30T08:00:00.0,8,0.0
2018-10-30T09:00:00.0,9,0.0
2018-10-30T10:00:00.0,10,0.0
2018-10-30T11:00:00.0,11,0.0
2018-10-30T12:00:00.0,12,5.14350575
2018-10-30T13:00:00.0,13,162.42358591666667
2018-10-30T14:00:00.0,14,297.23914237500003
2018-10-30T15:00:00.0,15,380.22605225000007
2018-10-30T16:00:00.0,16,374.77534283333335
2018-10-30T17:00:00.0,17,381.1859251666667
2018-10-30T18:00:00.0,18,404.96420662500003
2018-10-30T19:00:00.0,19,467.9684978333334
2018-10-30T20:00:00.0,20,449.3497346250001
2018-10-30T21:00:00.0,21,367.0765280416667
2018-10-30T22:00:00.0,22,275.3669759166667
2018-10-30T23:00:00.0,23,53.1837815
2018-10-31T00:00:00.0,0,0.012374999999999999
2018-10-31T01:00:00.0,1,0.0
2018-10-31T02:00:00.0,2,0.0
2018-10-31T03:00:00.0,3,0.0
2018-10-31T04:00:00.0,4,0.0
2018-10-31T05:00:00.0,5,0.0
2018-10-31T06:00:00.0,6,0.0
2018-10-31T07:00:00.0,7,0.0
2018-10-31T08:00:00.0,8,0.0
2018-10-31T09:00:00.0,9,0.0
2018-10-31T10:00:00.0,10,0.0
2018-10-31T11:00:00.0,11,0.0
2018-10-31T12:00:00.0,12,0.75143775
2018-10-31T13:00:00.0,13,34.653473416666664
2018-10-31T14:00:00.0,14,74.63386916666667
2018-10-31T15:00:00.0,15,76.38910725000001
2018-10-31T16:00:00.0,16,104.54413766666666
2018-10-31T17:00:00.0,17,134.1944215
2018-10-31T18:00:00.0,18,180.73767566666672
2018-10-31T19:00:00.0,19,148.4449029583333
2018-10-31T20:00:00.0,20,121.90412016666666
2018-10-31T21:00:00.0,21,61.79731954166667
2018-10-31T22:00:00.0,22,40.28347279166667
2018-10-31T23:00:00.0,23,6.492721499999999
2018-11-01T00:00:00.0,0,0.014625
2018-11-01T01:00:00.0,1,0.0
2018-11-01T02:00:00.0,2,0.0
2018-11-01T03:00:00.0,3,0.0
2018-11-01T04:00:00.0,4,0.0
2018-11-01T05:00:00.0,5,0.0
2018-11-01T06:00:00.0,6,0.0
2018-11-01T07:00:00.0,7,0.0
2018-11-01T08:00:00.0,8,0.0
2018-11-01T09:00:00.0,9,0.0
2018-11-01T10:00:00.0,10,0.0
2018-11-01T11:00:00.0,11,0.0
2018-11-01T12:00:00.0,12,0.2531127083333333
2018-11-01T13:00:00.0,13,89.98805529166667
2018-11-01T14:00:00.0,14,300.3509032916667
2018-11-01T15:00:00.0,15,395.38698466666665
2018-11-01T16:00:00.0,16,396.30911979166666
2018-11-01T17:00:00.0,17,368.24786162500004
2018-11-01T18:00:00.0,18,460.7195031666667
2018-11-01T19:00:00.0,19,499.27561775000004
2018-11-01T20:00:00.0,20,515.095000625
2018-11-01T21:00:00.0,21,516.8544764583334
2018-11-01T22:00:00.0,22,295.7846167083333
2018-11-01T23:00:00.0,23,56.332874
2018-11-02T00:00:00.0,0,0.02025
2018-11-02T01:00:00.0,1,0.0
2018-11-02T02:00:00.0,2,0.0
2018-11-02T03:00:00.0,3,0.0
2018-11-02T04:00:00.0,4,0.0
2018-11-02T05:00:00.0,5,0.0
2018-11-02T06:00:00.0,6,0.0
2018-11-02T07:00:00.0,7,0.0
2018-11-02T08:00:00.0,8,0.0
2018-11-02T09:00:00.0,9,0.0
2018-11-02T10:00:00.0,10,0.0
2018-11-02T11:00:00.0,11,0.0
2018-11-02T12:00:00.0,12,4.652068625
2018-11-02T13:00:00.0,13,183.99314016666668
2018-11-02T14:00:00.0,14,494.1274130833333
2018-11-02T15:00:00.0,15,506.5992608750001
2018-11-02T16:00:00.0,16,538.9778665
2018-11-02T17:00:00.0,17,559.6562015000001
2018-11-02T18:00:00.0,18,549.3009030000001
2018-11-02T19:00:00.0,19,562.6534169166667
2018-11-02T20:00:00.0,20,578.8638250833334
2018-11-02T21:00:00.0,21,553.3919265833333
2018-11-02T22:00:00.0,22,375.4191187916667
2018-11-02T23:00:00.0,23,74.80127079166667
2018-11-03T00:00:00.0,0,0.019125000000000003
2018-11-03T01:00:00.0,1,0.0
2018-11-03T02:00:00.0,2,0.0
2018-11-03T03:00:00.0,3,0.0
2018-11-03T04:00:00.0,4,0.0
2018-11-03T05:00:00.0,5,0.0
2018-11-03T06:00:00.0,6,0.0
2018-11-03T07:00:00.0,7,0.0
2018-11-03T08:00:00.0,8,0.0
2018-11-03T09:00:00.0,9,0.0
2018-11-03T10:00:00.0,10,0.0
2018-11-03T11:00:00.0,11,0.0
2018-11-03T12:00:00.0,12,4.240172125
2018-11-03T13:00:00.0,13,149.3433422916667
2018-11-03T14:00:00.0,14,365.280509
2018-11-03T15:00:00.0,15,428.0940646666666
2018-11-03T16:00:00.0,16,423.27181333333334
2018-11-03T17:00:00.0,17,448.7484482083334
2018-11-03T18:00:00.0,18,470.982653625
2018-11-03T19:00:00.0,19,496.99987845833334
2018-11-03T20:00:00.0,20,512.335581125
2018-11-03T21:00:00.0,21,447.4197516250001
2018-11-03T22:00:00.0,22,275.1189452083333
2018-11-03T23:00:00.0,23,44.159487125
2018-11-04T00:00:00.0,0,0.015750000000000004
2018-11-04T01:00:00.0,1,0.0
2018-11-04T02:00:00.0,2,0.0
2018-11-04T03:00:00.0,3,0.0
2018-11-04T04:00:00.0,4,0.0
2018-11-04T05:00:00.0,5,0.0
2018-11-04T06:00:00.0,6,0.0
2018-11-04T07:00:00.0,7,0.0
2018-11-04T08:00:00.0,8,0.0
2018-11-04T09:00:00.0,9,0.0
2018-11-04T10:00:00.0,10,0.0
2018-11-04T11:00:00.0,11,0.0
2018-11-04T12:00:00.0,12,0.330737625
2018-11-04T13:00:00.0,13,64.99291954166667
2018-11-04T14:00:00.0,14,189.4047443333333
2018-11-04T15:00:00.0,15,298.83893395833337
2018-11-04T16:00:00.0,16,339.53382358333334
2018-11-04T17:00:00.0,17,405.28513358333333
2018-11-04T18:00:00.0,18,492.06410962499996
2018-11-04T19:00:00.0,19,505.85187687499996
2018-11-04T20:00:00.0,20,525.33331
2018-11-04T21:00:00.0,21,519.8823868333334
2018-11-04T22:00:00.0,22,326.41029241666666
2018-11-04T23:00:00.0,23,59.84679216666667
2018-11-05T00:00:00.0,0,0.012374999999999999
2018-11-05T01:00:00.0,1,0.0
2018-11-05T02:00:00.0,2,0.0
2018-11-05T03:00:00.0,3,0.0
2018-11-05T04:00:00.0,4,0.0
2018-11-05T05:00:00.0,5,0.0
2018-11-05T06:00:00.0,6,0.0
2018-11-05T07:00:00.0,7,0.0
2018-11-05T08:00:00.0,8,0.0
2018-11-05T09:00:00.0,9,0.0
2018-11-05T10:00:00.0,10,0.0
2018-11-05T11:00:00.0,11,0.0
2018-11-05T12:00:00.0,12,1.302425
2018-11-05T13:00:00.0,13,78.56424095833334
2018-11-05T14:00:00.0,14,276.1229857083333
2018-11-05T15:00:00.0,15,333.78787920833344
2018-11-05T16:00:00.0,16,351.49206762500006
2018-11-05T17:00:00.0,17,362.35615925
2018-11-05T18:00:00.0,18,365.17409487500004
2018-11-05T19:00:00.0,19,403.59970533333336
2018-11-05T20:00:00.0,20,448.80906387500005
2018-11-05T21:00:00.0,21,469.51927495833337
2018-11-05T22:00:00.0,22,318.7934572916667
2018-11-05T23:00:00.0,23,59.453139541666665
2018-11-06T00:00:00.0,0,0.011250000000000001
2018-11-06T01:00:00.0,1,0.0
2018-11-06T02:00:00.0,2,0.0
2018-11-06T03:00:00.0,3,0.0
2018-11-06T04:00:00.0,4,0.0
2018-11-06T05:00:00.0,5,0.0
2018-11-06T06:00:00.0,6,0.0
2018-11-06T07:00:00.0,7,0.0
2018-11-06T08:00:00.0,8,0.0
2018-11-06T09:00:00.0,9,0.0
2018-11-06T10:00:00.0,10,0.0
2018-11-06T11:00:00.0,11,0.0
2018-11-06T12:00:00.0,12,1.922165
2018-11-06T13:00:00.0,13,147.25986941666665
2018-11-06T14:00:00.0,14,377.6454859166667
2018-11-06T15:00:00.0,15,468.83950458333334
2018-11-06T16:00:00.0,16,459.51718983333336
2018-11-06T17:00:00.0,17,431.38459029166665
2018-11-06T18:00:00.0,18,409.35838995833336
2018-11-06T19:00:00.0,19,418.11523770833327
2018-11-06T20:00:00.0,20,458.6001204583334
2018-11-06T21:00:00.0,21,468.35871058333333
2018-11-06T22:00:00.0,22,316.66510979166674
2018-11-06T23:00:00.0,23,56.777371291666675
2018-11-07T00:00:00.0,0,0.0
2018-11-07T01:00:00.0,1,0.0
2018-11-07T02:00:00.0,2,0.0
2018-11-07T03:00:00.0,3,0.0
2018-11-07T04:00:00.0,4,0.0
2018-11-07T05:00:00.0,5,0.0
2018-11-07T06:00:00.0,6,0.0
2018-11-07T07:00:00.0,7,0.0
2018-11-07T08:00:00.0,8,0.0
2018-11-07T09:00:00.0,9,0.0
2018-11-07T10:00:00.0,10,0.0
2018-11-07T11:00:00.0,11,0.0
2018-11-07T12:00:00.0,12,1.2873441666666665
2018-11-07T13:00:00.0,13,125.46790475000002
2018-11-07T14:00:00.0,14,235.9984605
2018-11-07T15:00:00.0,15,212.61688700000002
2018-11-07T16:00:00.0,16,204.2625319583333
2018-11-07T17:00:00.0,17,236.82914316666663
2018-11-07T18:00:00.0,18,244.71789591666672
2018-11-07T19:00:00.0,19,227.621562
2018-11-07T20:00:00.0,20,230.50226366666666
2018-11-07T21:00:00.0,21,287.037453375
2018-11-07T22:00:00.0,22,236.38457016666666
2018-11-07T23:00:00.0,23,44.71480441666666
2018-11-08T00:00:00.0,0,0.0
2018-11-08T01:00:00.0,1,0.0
2018-11-08T02:00:00.0,2,0.0
2018-11-08T03:00:00.0,3,0.0
2018-11-08T04:00:00.0,4,0.0
2018-11-08T05:00:00.0,5,0.0
2018-11-08T06:00:00.0,6,0.0
2018-11-08T07:00:00.0,7,0.0
2018-11-08T08:00:00.0,8,0.0
2018-11-08T09:00:00.0,9,0.0
2018-11-08T10:00:00.0,10,0.0
2018-11-08T11:00:00.0,11,0.0
2018-11-08T12:00:00.0,12,1.0371925
2018-11-08T13:00:00.0,13,115.574458375
2018-11-08T14:00:00.0,14,85.60915949999999
2018-11-08T15:00:00.0,15,54.053183625
2018-11-08T16:00:00.0,16,86.17115204166667
2018-11-08T17:00:00.0,17,107.82308762500001
2018-11-08T18:00:00.0,18,153.78466074999997
2018-11-08T19:00:00.0,19,149.8147867916667
2018-11-08T20:00:00.0,20,86.57269987500001
2018-11-08T21:00:00.0,21,71.62523779166666
2018-11-08T22:00:00.0,22,227.80917295833333
2018-11-08T23:00:00.0,23,46.08560400000001
2018-11-09T00:00:00.0,0,0.0
2018-11-09T01:00:00.0,1,0.0
2018-11-09T02:00:00.0,2,0.0
2018-11-09T03:00:00.0,3,0.0
2018-11-09T04:00:00.0,4,0.0
2018-11-09T05:00:00.0,5,0.0
2018-11-09T06:00:00.0,6,0.0
2018-11-09T07:00:00.0,7,0.0
2018-11-09T08:00:00.0,8,0.0
2018-11-09T09:00:00.0,9,0.0
2018-11-09T10:00:00.0,10,0.0
2018-11-09T11:00:00.0,11,0.0
2018-11-09T12:00:00.0,12,0.0286
2018-11-09T13:00:00.0,13,46.927250375
2018-11-09T14:00:00.0,14,33.04198379166667
2018-11-09T15:00:00.0,15,82.3932155
2018-11-09T16:00:00.0,16,164.287421625
2018-11-09T17:00:00.0,17,287.8798121666667
2018-11-09T18:00:00.0,18,361.83393099999995
2018-11-09T19:00:00.0,19,388.9087303333334
2018-11-09T20:00:00.0,20,411.6885172083334
2018-11-09T21:00:00.0,21,393.7832123333333
2018-11-09T22:00:00.0,22,252.248699375
2018-11-09T23:00:00.0,23,45.45567070833335
2018-11-10T00:00:00.0,0,0.0
2018-11-10T01:00:00.0,1,0.0
2018-11-10T02:00:00.0,2,0.0
2018-11-10T03:00:00.0,3,0.0
2018-11-10T04:00:00.0,4,0.0
2018-11-10T05:00:00.0,5,0.0
2018-11-10T06:00:00.0,6,0.0
2018-11-10T07:00:00.0,7,0.0
2018-11-10T08:00:00.0,8,0.0
2018-11-10T09:00:00.0,9,0.0
2018-11-10T10:00:00.0,10,0.0
2018-11-10T11:00:00.0,11,0.0
2018-11-10T12:00:00.0,12,0.5825833333333333
2018-11-10T13:00:00.0,13,108.54926883333333
2018-11-10T14:00:00.0,14,258.31208375
2018-11-10T15:00:00.0,15,221.79834029166673
2018-11-10T16:00:00.0,16,211.00848895833337
2018-11-10T17:00:00.0,17,264.7424222083334
2018-11-10T18:00:00.0,18,253.771340875
2018-11-10T19:00:00.0,19,219.76383024999998
2018-11-10T20:00:00.0,20,155.50184804166668
2018-11-10T21:00:00.0,21,147.67333066666666
2018-11-10T22:00:00.0,22,198.25307554166668
2018-11-10T23:00:00.0,23,40.684430375000005
2018-11-11T00:00:00.0,0,0.0
2018-11-11T01:00:00.0,1,0.0
2018-11-11T02:00:00.0,2,0.0
2018-11-11T03:00:00.0,3,0.0
2018-11-11T04:00:00.0,4,0.0
2018-11-11T05:00:00.0,5,0.0
2018-11-11T06:00:00.0,6,0.0
2018-11-11T07:00:00.0,7,0.0
2018-11-11T08:00:00.0,8,0.0
2018-11-11T09:00:00.0,9,0.0
2018-11-11T10:00:00.0,10,0.0
2018-11-11T11:00:00.0,11,0.0
2018-11-11T12:00:00.0,12,0.31565458333333335
2018-11-11T13:00:00.0,13,63.09708370833334
2018-11-11T14:00:00.0,14,165.94174775
2018-11-11T15:00:00.0,15,235.34368025
2018-11-11T16:00:00.0,16,289.94059495833335
2018-11-11T17:00:00.0,17,293.31708941666665
2018-11-11T18:00:00.0,18,284.5762794166667
2018-11-11T19:00:00.0,19,277.20257200000003
2018-11-11T20:00:00.0,20,251.12364495833336
2018-11-11T21:00:00.0,21,227.32765945833333
2018-11-11T22:00:00.0,22,175.20100929166668
2018-11-11T23:00:00.0,23,32.62557379166666
2018-11-12T00:00:00.0,0,0.0
2018-11-12T01:00:00.0,1,0.0
2018-11-12T02:00:00.0,2,0.0
2018-11-12T03:00:00.0,3,0.0
2018-11-12T04:00:00.0,4,0.0
2018-11-12T05:00:00.0,5,0.0
2018-11-12T06:00:00.0,6,0.0
2018-11-12T07:00:00.0,7,0.0
2018-11-12T08:00:00.0,8,0.0
2018-11-12T09:00:00.0,9,0.0
2018-11-12T10:00:00.0,10,0.0
2018-11-12T11:00:00.0,11,0.0
2018-11-12T12:00:00.0,12,0.4207235833333333
2018-11-12T13:00:00.0,13,56.04595933333334
2018-11-12T14:00:00.0,14,73.685814625
2018-11-12T15:00:00.0,15,32.263796875
2018-11-12T16:00:00.0,16,48.155212500000005
2018-11-12T17:00:00.0,17,93.79802400000001
2018-11-12T18:00:00.0,18,107.58253716666668
2018-11-12T19:00:00.0,19,107.43256133333334
2018-11-12T20:00:00.0,20,75.41205462499998
2018-11-12T21:00:00.0,21,49.91520591666667
2018-11-12T22:00:00.0,22,28.181465666666668
2018-11-12T23:00:00.0,23,5.539608333333334
2018-11-13T00:00:00.0,0,0.0
2018-11-13T01:00:00.0,1,0.0
2018-11-13T02:00:00.0,2,0.0
2018-11-13T03:00:00.0,3,0.0
2018-11-13T04:00:00.0,4,0.0
2018-11-13T05:00:00.0,5,0.0
2018-11-13T06:00:00.0,6,0.0
2018-11-13T07:00:00.0,7,0.0
2018-11-13T08:00:00.0,8,0.0
2018-11-13T09:00:00.0,9,0.0
2018-11-13T10:00:00.0,10,0.0
2018-11-13T11:00:00.0,11,0.0
2018-11-13T12:00:00.0,12,0.14459816666666667
2018-11-13T13:00:00.0,13,34.81217416666667
2018-11-13T14:00:00.0,14,200.21813833333331
2018-11-13T15:00:00.0,15,299.64884716666666
2018-11-13T16:00:00.0,16,325.85520879166666
2018-11-13T17:00:00.0,17,377.12695754166674
2018-11-13T18:00:00.0,18,391.0632258333333
2018-11-13T19:00:00.0,19,389.48534291666664
2018-11-13T20:00:00.0,20,394.9123514583334
2018-11-13T21:00:00.0,21,372.02182383333337
2018-11-13T22:00:00.0,22,242.32843529166664
2018-11-13T23:00:00.0,23,46.01952445833333
2018-11-14T00:00:00.0,0,0.0
2018-11-14T01:00:00.0,1,0.0
2018-11-14T02:00:00.0,2,0.0
2018-11-14T03:00:00.0,3,0.0
2018-11-14T04:00:00.0,4,0.0
2018-11-14T05:00:00.0,5,0.0
2018-11-14T06:00:00.0,6,0.0
2018-11-14T07:00:00.0,7,0.0
2018-11-14T08:00:00.0,8,0.0
2018-11-14T09:00:00.0,9,0.0
2018-11-14T10:00:00.0,10,0.0
2018-11-14T11:00:00.0,11,0.0
2018-11-14T12:00:00.0,12,0.5049456666666666
2018-11-14T13:00:00.0,13,126.40068329166668
2018-11-14T14:00:00.0,14,465.78403483333335
2018-11-14T15:00:00.0,15,578.3508869166668
2018-11-14T16:00:00.0,16,581.3202872916667
2018-11-14T17:00:00.0,17,557.7218312083334
2018-11-14T18:00:00.0,18,548.9780960416666
2018-11-14T19:00:00.0,19,562.5431922916667
2018-11-14T20:00:00.0,20,581.1309828750001
2018-11-14T21:00:00.0,21,560.0425327916668
2018-11-14T22:00:00.0,22,346.32319904166667
2018-11-14T23:00:00.0,23,49.15961866666668
2018-11-15T00:00:00.0,0,0.0
2018-11-15T01:00:00.0,1,0.0
2018-11-15T02:00:00.0,2,0.0
2018-11-15T03:00:00.0,3,0.0
2018-11-15T04:00:00.0,4,0.0
2018-11-15T05:00:00.0,5,0.0
2018-11-15T06:00:00.0,6,0.0
2018-11-15T07:00:00.0,7,0.0
2018-11-15T08:00:00.0,8,0.0
2018-11-15T09:00:00.0,9,0.0
2018-11-15T10:00:00.0,10,0.0
2018-11-15T11:00:00.0,11,0.0
2018-11-15T12:00:00.0,12,0.34535791666666665
2018-11-15T13:00:00.0,13,133.19137904166666
2018-11-15T14:00:00.0,14,410.81911462499994
2018-11-15T15:00:00.0,15,562.7962507083333
2018-11-15T16:00:00.0,16,525.8951102916666
2018-11-15T17:00:00.0,17,526.3604924583332
2018-11-15T18:00:00.0,18,515.5093266666667
2018-11-15T19:00:00.0,19,501.61800145833337
2018-11-15T20:00:00.0,20,503.8072205416666
2018-11-15T21:00:00.0,21,444.7723693333333
2018-11-15T22:00:00.0,22,253.118412875
2018-11-15T23:00:00.0,23,33.297680250000006
2018-11-16T00:00:00.0,0,0.0
2018-11-16T01:00:00.0,1,0.0
2018-11-16T02:00:00.0,2,0.0
2018-11-16T03:00:00.0,3,0.0
2018-11-16T04:00:00.0,4,0.0
2018-11-16T05:00:00.0,5,0.0
2018-11-16T06:00:00.0,6,0.0
2018-11-16T07:00:00.0,7,0.0
2018-11-16T08:00:00.0,8,0.0
2018-11-16T09:00:00.0,9,0.0
2018-11-16T10:00:00.0,10,0.0
2018-11-16T11:00:00.0,11,0.0
2018-11-16T12:00:00.0,12,0.24590541666666665
2018-11-16T13:00:00.0,13,104.1755415
2018-11-16T14:00:00.0,14,432.92047929166665
2018-11-16T15:00:00.0,15,554.1857225416667
2018-11-16T16:00:00.0,16,548.98275575
2018-11-16T17:00:00.0,17,526.7530442083333
2018-11-16T18:00:00.0,18,520.0813135
2018-11-16T19:00:00.0,19,537.0934014583333
2018-11-16T20:00:00.0,20,557.0078101250001
2018-11-16T21:00:00.0,21,534.1761272499999
2018-11-16T22:00:00.0,22,323.35575504166667
2018-11-16T23:00:00.0,23,43.17201354166667
2018-11-17T00:00:00.0,0,0.0
2018-11-17T01:00:00.0,1,0.0
2018-11-17T02:00:00.0,2,0.0
2018-11-17T03:00:00.0,3,0.0
2018-11-17T04:00:00.0,4,0.0
2018-11-17T05:00:00.0,5,0.0
2018-11-17T06:00:00.0,6,0.0
2018-11-17T07:00:00.0,7,0.0
2018-11-17T08:00:00.0,8,0.0
2018-11-17T09:00:00.0,9,0.0
2018-11-17T10:00:00.0,10,0.0
2018-11-17T11:00:00.0,11,0.0
2018-11-17T12:00:00.0,12,0.16024
2018-11-17T13:00:00.0,13,72.75834125
2018-11-17T14:00:00.0,14,316.8772869166667
2018-11-17T15:00:00.0,15,435.34598687500005
2018-11-17T16:00:00.0,16,465.9339345
2018-11-17T17:00:00.0,17,474.14515145833326
2018-11-17T18:00:00.0,18,464.89421945833345
2018-11-17T19:00:00.0,19,480.0499372083334
2018-11-17T20:00:00.0,20,427.9507812916666
2018-11-17T21:00:00.0,21,408.92267325000006
2018-11-17T22:00:00.0,22,226.39642991666665
2018-11-17T23:00:00.0,23,30.82970716666667
2018-11-18T00:00:00.0,0,0.0
2018-11-18T01:00:00.0,1,0.0
2018-11-18T02:00:00.0,2,0.0
2018-11-18T03:00:00.0,3,0.0
2018-11-18T04:00:00.0,4,0.0
2018-11-18T05:00:00.0,5,0.0
2018-11-18T06:00:00.0,6,0.0
2018-11-18T07:00:00.0,7,0.0
2018-11-18T08:00:00.0,8,0.0
2018-11-18T09:00:00.0,9,0.0
2018-11-18T10:00:00.0,10,0.0
2018-11-18T11:00:00.0,11,0.0
2018-11-18T12:00:00.0,12,0.09258066666666666
2018-11-18T13:00:00.0,13,41.62317075
2018-11-18T14:00:00.0,14,84.90868858333334
2018-11-18T15:00:00.0,15,151.55080758333335
2018-11-18T16:00:00.0,16,174.76936175
2018-11-18T17:00:00.0,17,166.78968008333334
2018-11-18T18:00:00.0,18,236.92079508333333
2018-11-18T19:00:00.0,19,223.49062866666668
2018-11-18T20:00:00.0,20,160.18517879166666
2018-11-18T21:00:00.0,21,155.88909075
2018-11-18T22:00:00.0,22,134.4153395
2018-11-18T23:00:00.0,23,28.41316016666667
2018-11-19T00:00:00.0,0,0.0
2018-11-19T01:00:00.0,1,0.0
2018-11-19T02:00:00.0,2,0.0
2018-11-19T03:00:00.0,3,0.0
2018-11-19T04:00:00.0,4,0.0
2018-11-19T05:00:00.0,5,0.0
2018-11-19T06:00:00.0,6,0.0
2018-11-19T07:00:00.0,7,0.0
2018-11-19T08:00:00.0,8,0.0
2018-11-19T09:00:00.0,9,0.0
2018-11-19T10:00:00.0,10,0.0
2018-11-19T11:00:00.0,11,0.0
2018-11-19T12:00:00.0,12,0.0
2018-11-19T13:00:00.0,13,25.95620033333333
2018-11-19T14:00:00.0,14,142.68425941666666
2018-11-19T15:00:00.0,15,229.25681233333333
2018-11-19T16:00:00.0,16,254.4894914166667
2018-11-19T17:00:00.0,17,284.52332704166673
2018-11-19T18:00:00.0,18,276.54398108333334
2018-11-19T19:00:00.0,19,306.65390841666664
2018-11-19T20:00:00.0,20,283.9550814583334
2018-11-19T21:00:00.0,21,245.58722570833334
2018-11-19T22:00:00.0,22,157.883205625
2018-11-19T23:00:00.0,23,28.989064208333335
2018-11-20T00:00:00.0,0,0.0
2018-11-20T01:00:00.0,1,0.0
2018-11-20T02:00:00.0,2,0.0
2018-11-20T03:00:00.0,3,0.0
2018-11-20T04:00:00.0,4,0.0
2018-11-20T05:00:00.0,5,0.0
2018-11-20T06:00:00.0,6,0.0
2018-11-20T07:00:00.0,7,0.0
2018-11-20T08:00:00.0,8,0.0
2018-11-20T09:00:00.0,9,0.0
2018-11-20T10:00:00.0,10,0.0
2018-11-20T11:00:00.0,11,0.0
2018-11-20T12:00:00.0,12,0.0
2018-11-20T13:00:00.0,13,96.32971741666665
2018-11-20T14:00:00.0,14,384.9282597083333
2018-11-20T15:00:00.0,15,520.9963922083333
2018-11-20T16:00:00.0,16,538.4498517083333
2018-11-20T17:00:00.0,17,517.1406246666667
2018-11-20T18:00:00.0,18,514.2658720833332
2018-11-20T19:00:00.0,19,525.1033154166668
2018-11-20T20:00:00.0,20,524.3276753333333
2018-11-20T21:00:00.0,21,512.946279875
2018-11-20T22:00:00.0,22,291.86457483333334
2018-11-20T23:00:00.0,23,37.88471629166668
2018-11-21T00:00:00.0,0,0.0
2018-11-21T01:00:00.0,1,0.0
2018-11-21T02:00:00.0,2,0.0
2018-11-21T03:00:00.0,3,0.0
2018-11-21T04:00:00.0,4,0.0
2018-11-21T05:00:00.0,5,0.0
2018-11-21T06:00:00.0,6,0.0
2018-11-21T07:00:00.0,7,0.0
2018-11-21T08:00:00.0,8,0.0
2018-11-21T09:00:00.0,9,0.0
2018-11-21T10:00:00.0,10,0.0
2018-11-21T11:00:00.0,11,0.0
2018-11-21T12:00:00.0,12,0.0
2018-11-21T13:00:00.0,13,86.6726685
2018-11-21T14:00:00.0,14,342.73914325000004
2018-11-21T15:00:00.0,15,470.0449592083333
2018-11-21T16:00:00.0,16,459.1609938750001
2018-11-21T17:00:00.0,17,437.74911454166664
2018-11-21T18:00:00.0,18,380.8496934166667
2018-11-21T19:00:00.0,19,308.96871054166667
2018-11-21T20:00:00.0,20,285.7553419583333
2018-11-21T21:00:00.0,21,317.8591417083333
2018-11-21T22:00:00.0,22,166.803426125
2018-11-21T23:00:00.0,23,25.30087366666667
2018-11-22T00:00:00.0,0,0.0
2018-11-22T01:00:00.0,1,0.0
2018-11-22T02:00:00.0,2,0.0
2018-11-22T03:00:00.0,3,0.0
2018-11-22T04:00:00.0,4,0.0
2018-11-22T05:00:00.0,5,0.0
2018-11-22T06:00:00.0,6,0.0
2018-11-22T07:00:00.0,7,0.0
2018-11-22T08:00:00.0,8,0.0
2018-11-22T09:00:00.0,9,0.0
2018-11-22T10:00:00.0,10,0.0
2018-11-22T11:00:00.0,11,0.0
2018-11-22T12:00:00.0,12,0.0
2018-11-22T13:00:00.0,13,76.410481375
2018-11-22T14:00:00.0,14,185.82918504166665
2018-11-22T15:00:00.0,15,244.73260904166668
2018-11-22T16:00:00.0,16,281.0068763333333
2018-11-22T17:00:00.0,17,325.01657679166664
2018-11-22T18:00:00.0,18,391.41954495833335
2018-11-22T19:00:00.0,19,411.9617066666667
2018-11-22T20:00:00.0,20,427.01098516666667
2018-11-22T21:00:00.0,21,325.46021641666664
2018-11-22T22:00:00.0,22,141.78572975
2018-11-22T23:00:00.0,23,8.407251125000002
2018-11-23T00:00:00.0,0,0.0
2018-11-23T01:00:00.0,1,0.0
2018-11-23T02:00:00.0,2,0.0
2018-11-23T03:00:00.0,3,0.0
2018-11-23T04:00:00.0,4,0.0
2018-11-23T05:00:00.0,5,0.0
2018-11-23T06:00:00.0,6,0.0
2018-11-23T07:00:00.0,7,0.0
2018-11-23T08:00:00.0,8,0.0
2018-11-23T09:00:00.0,9,0.0
2018-11-23T10:00:00.0,10,0.0
2018-11-23T11:00:00.0,11,0.0
2018-11-23T12:00:00.0,12,0.0
2018-11-23T13:00:00.0,13,19.653044124999997
2018-11-23T14:00:00.0,14,160.9727275
2018-11-23T15:00:00.0,15,284.57537508333337
2018-11-23T16:00:00.0,16,334.05657770833335
2018-11-23T17:00:00.0,17,367.50109195833335
2018-11-23T18:00:00.0,18,389.9132565
2018-11-23T19:00:00.0,19,392.3031077499999
2018-11-23T20:00:00.0,20,428.32567862499997
2018-11-23T21:00:00.0,21,442.542931125
2018-11-23T22:00:00.0,22,240.11644058333334
2018-11-23T23:00:00.0,23,10.881901624999998
2018-11-24T00:00:00.0,0,0.0
2018-11-24T01:00:00.0,1,0.0
2018-11-24T02:00:00.0,2,0.0
2018-11-24T03:00:00.0,3,0.0
2018-11-24T04:00:00.0,4,0.0
2018-11-24T05:00:00.0,5,0.0
2018-11-24T06:00:00.0,6,0.0
2018-11-24T07:00:00.0,7,0.0
2018-11-24T08:00:00.0,8,0.0
2018-11-24T09:00:00.0,9,0.0
2018-11-24T10:00:00.0,10,0.0
2018-11-24T11:00:00.0,11,0.0
2018-11-24T12:00:00.0,12,0.0
2018-11-24T13:00:00.0,13,51.668391041666666
2018-11-24T14:00:00.0,14,197.11082062499997
2018-11-24T15:00:00.0,15,247.38927262499996
2018-11-24T16:00:00.0,16,294.6200147083333
2018-11-24T17:00:00.0,17,333.81148175
2018-11-24T18:00:00.0,18,329.120803125
2018-11-24T19:00:00.0,19,344.084839375
2018-11-24T20:00:00.0,20,323.86111483333326
2018-11-24T21:00:00.0,21,276.2007750833334
2018-11-24T22:00:00.0,22,88.44765595833333
2018-11-24T23:00:00.0,23,9.370652708333333
2018-11-25T00:00:00.0,0,0.0
2018-11-25T01:00:00.0,1,0.0
2018-11-25T02:00:00.0,2,0.0
2018-11-25T03:00:00.0,3,0.0
2018-11-25T04:00:00.0,4,0.0
2018-11-25T05:00:00.0,5,0.0
2018-11-25T06:00:00.0,6,0.0
2018-11-25T07:00:00.0,7,0.0
2018-11-25T08:00:00.0,8,0.0
2018-11-25T09:00:00.0,9,0.0
2018-11-25T10:00:00.0,10,0.0
2018-11-25T11:00:00.0,11,0.0
2018-11-25T12:00:00.0,12,0.0
2018-11-25T13:00:00.0,13,19.200540041666667
2018-11-25T14:00:00.0,14,107.18227837500001
2018-11-25T15:00:00.0,15,249.16665329166668
2018-11-25T16:00:00.0,16,221.37256720833338
2018-11-25T17:00:00.0,17,385.52567554166666
2018-11-25T18:00:00.0,18,409.5396028333334
2018-11-25T19:00:00.0,19,416.5887996249999
2018-11-25T20:00:00.0,20,415.8662130833333
2018-11-25T21:00:00.0,21,333.77082091666665
2018-11-25T22:00:00.0,22,153.78485679166667
2018-11-25T23:00:00.0,23,28.22352616666667
2018-11-26T00:00:00.0,0,0.0
2018-11-26T01:00:00.0,1,0.0
2018-11-26T02:00:00.0,2,0.0
2018-11-26T03:00:00.0,3,0.0
2018-11-26T04:00:00.0,4,0.0
2018-11-26T05:00:00.0,5,0.0
2018-11-26T06:00:00.0,6,0.0
2018-11-26T07:00:00.0,7,0.0
2018-11-26T08:00:00.0,8,0.0
2018-11-26T09:00:00.0,9,0.0
2018-11-26T10:00:00.0,10,0.0
2018-11-26T11:00:00.0,11,0.0
2018-11-26T12:00:00.0,12,0.0
2018-11-26T13:00:00.0,13,65.34798454166668
2018-11-26T14:00:00.0,14,314.35611816666665
2018-11-26T15:00:00.0,15,509.388847375
2018-11-26T16:00:00.0,16,499.2195256666666
2018-11-26T17:00:00.0,17,519.6173374166667
2018-11-26T18:00:00.0,18,511.1025330416667
2018-11-26T19:00:00.0,19,528.1177660833333
2018-11-26T20:00:00.0,20,544.4013571250001
2018-11-26T21:00:00.0,21,527.313691375
2018-11-26T22:00:00.0,22,307.0864805
2018-11-26T23:00:00.0,23,33.418107625000005
2018-11-27T00:00:00.0,0,0.0
2018-11-27T01:00:00.0,1,0.0
2018-11-27T02:00:00.0,2,0.0
2018-11-27T03:00:00.0,3,0.0
2018-11-27T04:00:00.0,4,0.0
2018-11-27T05:00:00.0,5,0.0
2018-11-27T06:00:00.0,6,0.0
2018-11-27T07:00:00.0,7,0.0
2018-11-27T08:00:00.0,8,0.0
2018-11-27T09:00:00.0,9,0.0
2018-11-27T10:00:00.0,10,0.0
2018-11-27T11:00:00.0,11,0.0
2018-11-27T12:00:00.0,12,0.0
2018-11-27T13:00:00.0,13,60.808107375
2018-11-27T14:00:00.0,14,340.22321437500005
2018-11-27T15:00:00.0,15,509.66540754166664
2018-11-27T16:00:00.0,16,509.20623724999996
2018-11-27T17:00:00.0,17,484.8594661666666
2018-11-27T18:00:00.0,18,472.7778842916667
2018-11-27T19:00:00.0,19,489.88247020833325
2018-11-27T20:00:00.0,20,508.9952702916666
2018-11-27T21:00:00.0,21,472.9359946666668
2018-11-27T22:00:00.0,22,268.029303875
2018-11-27T23:00:00.0,23,31.202787666666676
2018-11-28T00:00:00.0,0,0.0
2018-11-28T01:00:00.0,1,0.0
2018-11-28T02:00:00.0,2,0.0
2018-11-28T03:00:00.0,3,0.0
2018-11-28T04:00:00.0,4,0.0
2018-11-28T05:00:00.0,5,0.0
2018-11-28T06:00:00.0,6,0.0
2018-11-28T07:00:00.0,7,0.0
2018-11-28T08:00:00.0,8,0.0
2018-11-28T09:00:00.0,9,0.0
2018-11-28T10:00:00.0,10,0.0
2018-11-28T11:00:00.0,11,0.0
2018-11-28T12:00:00.0,12,0.0
2018-11-28T13:00:00.0,13,34.348555624999996
2018-11-28T14:00:00.0,14,238.658012375
2018-11-28T15:00:00.0,15,391.1599967083334
2018-11-28T16:00:00.0,16,431.6369776666667
2018-11-28T17:00:00.0,17,415.9507075833333
2018-11-28T18:00:00.0,18,412.98066558333335
2018-11-28T19:00:00.0,19,409.6586945833333
2018-11-28T20:00:00.0,20,385.300067375
2018-11-28T21:00:00.0,21,356.54628508333343
2018-11-28T22:00:00.0,22,218.05716091666667
2018-11-28T23:00:00.0,23,28.281107666666667
2018-11-29T00:00:00.0,0,0.0
2018-11-29T01:00:00.0,1,0.0
2018-11-29T02:00:00.0,2,0.0
2018-11-29T03:00:00.0,3,0.0
2018-11-29T04:00:00.0,4,0.0
2018-11-29T05:00:00.0,5,0.0
2018-11-29T06:00:00.0,6,0.0
2018-11-29T07:00:00.0,7,0.0
2018-11-29T08:00:00.0,8,0.0
2018-11-29T09:00:00.0,9,0.0
2018-11-29T10:00:00.0,10,0.0
2018-11-29T11:00:00.0,11,0.0
2018-11-29T12:00:00.0,12,0.0
2018-11-29T13:00:00.0,13,31.629673666666672
2018-11-29T14:00:00.0,14,195.99792483333331
2018-11-29T15:00:00.0,15,325.8355001666667
2018-11-29T16:00:00.0,16,335.7057288333333
2018-11-29T17:00:00.0,17,328.85158791666663
2018-11-29T18:00:00.0,18,312.7044552916667
2018-11-29T19:00:00.0,19,336.30283579166667
2018-11-29T20:00:00.0,20,319.0711441666667
2018-11-29T21:00:00.0,21,314.762405625
2018-11-29T22:00:00.0,22,187.99692616666664
2018-11-29T23:00:00.0,23,28.172693624999997
2018-11-30T00:00:00.0,0,0.0
2018-11-30T01:00:00.0,1,0.0
2018-11-30T02:00:00.0,2,0.0
2018-11-30T03:00:00.0,3,0.0
2018-11-30T04:00:00.0,4,0.0
2018-11-30T05:00:00.0,5,0.0
2018-11-30T06:00:00.0,6,0.0
2018-11-30T07:00:00.0,7,0.0
2018-11-30T08:00:00.0,8,0.0
2018-11-30T09:00:00.0,9,0.0
2018-11-30T10:00:00.0,10,0.0
2018-11-30T11:00:00.0,11,0.0
2018-11-30T12:00:00.0,12,0.0
2018-11-30T13:00:00.0,13,41.29321833333333
2018-11-30T14:00:00.0,14,141.1648281666667
2018-11-30T15:00:00.0,15,318.7582184166667
2018-11-30T16:00:00.0,16,297.388641125
2018-11-30T17:00:00.0,17,259.68219708333334
2018-11-30T18:00:00.0,18,369.02501375
2018-11-30T19:00:00.0,19,324.21799254166666
2018-11-30T20:00:00.0,20,316.1882140000001
2018-11-30T21:00:00.0,21,262.7479655833334
2018-11-30T22:00:00.0,22,223.15115887500005
2018-11-30T23:00:00.0,23,28.375402583333337
2018-12-01T00:00:00.0,0,0.0
2018-12-01T01:00:00.0,1,0.0
2018-12-01T02:00:00.0,2,0.0
2018-12-01T03:00:00.0,3,0.0
2018-12-01T04:00:00.0,4,0.0
2018-12-01T05:00:00.0,5,0.0
2018-12-01T06:00:00.0,6,0.0
2018-12-01T07:00:00.0,7,0.0
2018-12-01T08:00:00.0,8,0.0
2018-12-01T09:00:00.0,9,0.0
2018-12-01T10:00:00.0,10,0.0
2018-12-01T11:00:00.0,11,0.0
2018-12-01T12:00:00.0,12,0.0
2018-12-01T13:00:00.0,13,54.46504133333334
2018-12-01T14:00:00.0,14,290.618739
2018-12-01T15:00:00.0,15,449.89839495833326
2018-12-01T16:00:00.0,16,491.005384375
2018-12-01T17:00:00.0,17,494.53502175
2018-12-01T18:00:00.0,18,467.09601054166666
2018-12-01T19:00:00.0,19,490.2535517083333
2018-12-01T20:00:00.0,20,523.6401589583334
2018-12-01T21:00:00.0,21,497.8083744583334
2018-12-01T22:00:00.0,22,291.457816625
2018-12-01T23:00:00.0,23,32.68959999999999
2018-12-02T00:00:00.0,0,0.0
2018-12-02T01:00:00.0,1,0.0
2018-12-02T02:00:00.0,2,0.0
2018-12-02T03:00:00.0,3,0.0
2018-12-02T04:00:00.0,4,0.0
2018-12-02T05:00:00.0,5,0.0
2018-12-02T06:00:00.0,6,0.0
2018-12-02T07:00:00.0,7,0.0
2018-12-02T08:00:00.0,8,0.0
2018-12-02T09:00:00.0,9,0.0
2018-12-02T10:00:00.0,10,0.0
2018-12-02T11:00:00.0,11,0.0
2018-12-02T12:00:00.0,12,0.0
2018-12-02T13:00:00.0,13,65.53181175000002
2018-12-02T14:00:00.0,14,347.43384062499996
2018-12-02T15:00:00.0,15,508.119393125
2018-12-02T16:00:00.0,16,510.2578860833334
2018-12-02T17:00:00.0,17,484.95059295833335
2018-12-02T18:00:00.0,18,473.50061429166675
2018-12-02T19:00:00.0,19,489.513604875
2018-12-02T20:00:00.0,20,510.41165616666666
2018-12-02T21:00:00.0,21,482.48845316666666
2018-12-02T22:00:00.0,22,279.299621375
2018-12-02T23:00:00.0,23,31.200140541666666
2018-12-03T00:00:00.0,0,0.0
2018-12-03T01:00:00.0,1,0.0
2018-12-03T02:00:00.0,2,0.0
2018-12-03T03:00:00.0,3,0.0
2018-12-03T04:00:00.0,4,0.0
2018-12-03T05:00:00.0,5,0.0
2018-12-03T06:00:00.0,6,0.0
2018-12-03T07:00:00.0,7,0.0
2018-12-03T08:00:00.0,8,0.0
2018-12-03T09:00:00.0,9,0.0
2018-12-03T10:00:00.0,10,0.0
2018-12-03T11:00:00.0,11,0.0
2018-12-03T12:00:00.0,12,0.0
2018-12-03T13:00:00.0,13,46.789583916666665
2018-12-03T14:00:00.0,14,268.78856724999997
2018-12-03T15:00:00.0,15,430.36507766666665
2018-12-03T16:00:00.0,16,441.46932845833334
2018-12-03T17:00:00.0,17,423.43513666666666
2018-12-03T18:00:00.0,18,439.65515004166673
2018-12-03T19:00:00.0,19,459.26715900000005
2018-12-03T20:00:00.0,20,505.30695770833336
2018-12-03T21:00:00.0,21,450.40781970833336
2018-12-03T22:00:00.0,22,261.6939200416667
2018-12-03T23:00:00.0,23,29.164564999999996
2018-12-04T00:00:00.0,0,0.0
2018-12-04T01:00:00.0,1,0.0
2018-12-04T02:00:00.0,2,0.0
2018-12-04T03:00:00.0,3,0.0
2018-12-04T04:00:00.0,4,0.0
2018-12-04T05:00:00.0,5,0.0
2018-12-04T06:00:00.0,6,0.0
2018-12-04T07:00:00.0,7,0.0
2018-12-04T08:00:00.0,8,0.0
2018-12-04T09:00:00.0,9,0.0
2018-12-04T10:00:00.0,10,0.0
2018-12-04T11:00:00.0,11,0.0
2018-12-04T12:00:00.0,12,0.0
2018-12-04T13:00:00.0,13,55.853830375
2018-12-04T14:00:00.0,14,334.55633325
2018-12-04T15:00:00.0,15,512.5055635416667
2018-12-04T16:00:00.0,16,521.3453257916667
2018-12-04T17:00:00.0,17,495.0567985833333
2018-12-04T18:00:00.0,18,485.2251339166667
2018-12-04T19:00:00.0,19,501.0447419166667
2018-12-04T20:00:00.0,20,522.1761429166667
2018-12-04T21:00:00.0,21,496.04067000000003
2018-12-04T22:00:00.0,22,275.4692341666667
2018-12-04T23:00:00.0,23,22.0528235
2018-12-05T00:00:00.0,0,0.0
2018-12-05T01:00:00.0,1,0.0
2018-12-05T02:00:00.0,2,0.0
2018-12-05T03:00:00.0,3,0.0
2018-12-05T04:00:00.0,4,0.0
2018-12-05T05:00:00.0,5,0.0
2018-12-05T06:00:00.0,6,0.0
2018-12-05T07:00:00.0,7,0.0
2018-12-05T08:00:00.0,8,0.0
2018-12-05T09:00:00.0,9,0.0
2018-12-05T10:00:00.0,10,0.0
2018-12-05T11:00:00.0,11,0.0
2018-12-05T12:00:00.0,12,0.0
2018-12-05T13:00:00.0,13,37.746241500000004
2018-12-05T14:00:00.0,14,241.52791704166665
2018-12-05T15:00:00.0,15,405.21864350000004
2018-12-05T16:00:00.0,16,427.91720300000003
2018-12-05T17:00:00.0,17,359.435400625
2018-12-05T18:00:00.0,18,378.291790875
2018-12-05T19:00:00.0,19,411.74654954166675
2018-12-05T20:00:00.0,20,402.49042412500006
2018-12-05T21:00:00.0,21,332.467198875
2018-12-05T22:00:00.0,22,165.16116300000002
2018-12-05T23:00:00.0,23,14.470672000000006
2018-12-06T00:00:00.0,0,0.0
2018-12-06T01:00:00.0,1,0.0
2018-12-06T02:00:00.0,2,0.0
2018-12-06T03:00:00.0,3,0.0
2018-12-06T04:00:00.0,4,0.0
2018-12-06T05:00:00.0,5,0.0
2018-12-06T06:00:00.0,6,0.0
2018-12-06T07:00:00.0,7,0.0
2018-12-06T08:00:00.0,8,0.0
2018-12-06T09:00:00.0,9,0.0
2018-12-06T10:00:00.0,10,0.0
2018-12-06T11:00:00.0,11,0.0
2018-12-06T12:00:00.0,12,0.0
2018-12-06T13:00:00.0,13,0.799863375
2018-12-06T14:00:00.0,14,5.702184458333334
2018-12-06T15:00:00.0,15,16.343691958333334
2018-12-06T16:00:00.0,16,50.64640570833334
2018-12-06T17:00:00.0,17,102.07548920833335
2018-12-06T18:00:00.0,18,99.08882070833334
2018-12-06T19:00:00.0,19,95.18311091666665
2018-12-06T20:00:00.0,20,89.11297037499999
2018-12-06T21:00:00.0,21,55.5735895
2018-12-06T22:00:00.0,22,30.46642191666666
2018-12-06T23:00:00.0,23,4.079943375
2018-12-07T00:00:00.0,0,0.0
2018-12-07T01:00:00.0,1,0.0
2018-12-07T02:00:00.0,2,0.0
2018-12-07T03:00:00.0,3,0.0
2018-12-07T04:00:00.0,4,0.0
2018-12-07T05:00:00.0,5,0.0
2018-12-07T06:00:00.0,6,0.0
2018-12-07T07:00:00.0,7,0.0
2018-12-07T08:00:00.0,8,0.0
2018-12-07T09:00:00.0,9,0.0
2018-12-07T10:00:00.0,10,0.0
2018-12-07T11:00:00.0,11,0.0
2018-12-07T12:00:00.0,12,0.0
2018-12-07T13:00:00.0,13,2.633155458333334
2018-12-07T14:00:00.0,14,15.507022375
2018-12-07T15:00:00.0,15,20.98284620833333
2018-12-07T16:00:00.0,16,36.965161125
2018-12-07T17:00:00.0,17,69.52821225
2018-12-07T18:00:00.0,18,61.96502070833333
2018-12-07T19:00:00.0,19,56.21439183333334
2018-12-07T20:00:00.0,20,34.88406320833333
2018-12-07T21:00:00.0,21,18.00223325
2018-12-07T22:00:00.0,22,6.451281666666667
2018-12-07T23:00:00.0,23,0.6970254166666668
2018-12-08T00:00:00.0,0,0.0
2018-12-08T01:00:00.0,1,0.0
2018-12-08T02:00:00.0,2,0.0
2018-12-08T03:00:00.0,3,0.0
2018-12-08T04:00:00.0,4,0.0
2018-12-08T05:00:00.0,5,0.0
2018-12-08T06:00:00.0,6,0.0
2018-12-08T07:00:00.0,7,0.0
2018-12-08T08:00:00.0,8,0.0
2018-12-08T09:00:00.0,9,0.0
2018-12-08T10:00:00.0,10,0.0
2018-12-08T11:00:00.0,11,0.0
2018-12-08T12:00:00.0,12,0.0
2018-12-08T13:00:00.0,13,3.2409452500000007
2018-12-08T14:00:00.0,14,39.909932500000004
2018-12-08T15:00:00.0,15,42.225299625
2018-12-08T16:00:00.0,16,57.572391625
2018-12-08T17:00:00.0,17,91.41948183333334
2018-12-08T18:00:00.0,18,129.49581075
2018-12-08T19:00:00.0,19,119.13490195833333
2018-12-08T20:00:00.0,20,105.23756620833335
2018-12-08T21:00:00.0,21,82.67982120833334
2018-12-08T22:00:00.0,22,156.05156629166672
2018-12-08T23:00:00.0,23,23.877055083333342
2018-12-09T00:00:00.0,0,0.0
2018-12-09T01:00:00.0,1,0.0
2018-12-09T02:00:00.0,2,0.0
2018-12-09T03:00:00.0,3,0.0
2018-12-09T04:00:00.0,4,0.0
2018-12-09T05:00:00.0,5,0.0
2018-12-09T06:00:00.0,6,0.0
2018-12-09T07:00:00.0,7,0.0
2018-12-09T08:00:00.0,8,0.0
2018-12-09T09:00:00.0,9,0.0
2018-12-09T10:00:00.0,10,0.0
2018-12-09T11:00:00.0,11,0.0
2018-12-09T12:00:00.0,12,0.0
2018-12-09T13:00:00.0,13,8.123900416666666
2018-12-09T14:00:00.0,14,152.00929829166668
2018-12-09T15:00:00.0,15,306.0323415
2018-12-09T16:00:00.0,16,337.38002425
2018-12-09T17:00:00.0,17,343.2448827083333
2018-12-09T18:00:00.0,18,350.66493891666664
2018-12-09T19:00:00.0,19,338.08294974999995
2018-12-09T20:00:00.0,20,349.680203375
2018-12-09T21:00:00.0,21,290.437834375
2018-12-09T22:00:00.0,22,211.13961495833334
2018-12-09T23:00:00.0,23,30.754297000000008
2018-12-10T00:00:00.0,0,0.0
2018-12-10T01:00:00.0,1,0.0
2018-12-10T02:00:00.0,2,0.0
2018-12-10T03:00:00.0,3,0.0
2018-12-10T04:00:00.0,4,0.0
2018-12-10T05:00:00.0,5,0.0
2018-12-10T06:00:00.0,6,0.0
2018-12-10T07:00:00.0,7,0.0
2018-12-10T08:00:00.0,8,0.0
2018-12-10T09:00:00.0,9,0.0
2018-12-10T10:00:00.0,10,0.0
2018-12-10T11:00:00.0,11,0.0
2018-12-10T12:00:00.0,12,0.0
2018-12-10T13:00:00.0,13,44.450832125
2018-12-10T14:00:00.0,14,317.5286255833333
2018-12-10T15:00:00.0,15,515.7961906249999
2018-12-10T16:00:00.0,16,523.9317289583332
2018-12-10T17:00:00.0,17,497.15926629166665
2018-12-10T18:00:00.0,18,485.0078813333334
2018-12-10T19:00:00.0,19,501.62712104166667
2018-12-10T20:00:00.0,20,524.426017375
2018-12-10T21:00:00.0,21,504.2474052083335
2018-12-10T22:00:00.0,22,274.1912064166667
2018-12-10T23:00:00.0,23,22.28251979166666
2018-12-11T00:00:00.0,0,0.0
2018-12-11T01:00:00.0,1,0.0
2018-12-11T02:00:00.0,2,0.0
2018-12-11T03:00:00.0,3,0.0
2018-12-11T04:00:00.0,4,0.0
2018-12-11T05:00:00.0,5,0.0
2018-12-11T06:00:00.0,6,0.0
2018-12-11T07:00:00.0,7,0.0
2018-12-11T08:00:00.0,8,0.0
2018-12-11T09:00:00.0,9,0.0
2018-12-11T10:00:00.0,10,0.0
2018-12-11T11:00:00.0,11,0.0
2018-12-11T12:00:00.0,12,0.0
2018-12-11T13:00:00.0,13,43.299280583333335
2018-12-11T14:00:00.0,14,220.04045204166664
2018-12-11T15:00:00.0,15,322.1690970833333
2018-12-11T16:00:00.0,16,394.6908695416667
2018-12-11T17:00:00.0,17,421.07240425000003
2018-12-11T18:00:00.0,18,400.1864939166667
2018-12-11T19:00:00.0,19,371.4645158333333
2018-12-11T20:00:00.0,20,397.47600654166666
2018-12-11T21:00:00.0,21,342.1582472916666
2018-12-11T22:00:00.0,22,153.84049275
2018-12-11T23:00:00.0,23,13.994010583333333
2018-12-12T00:00:00.0,0,0.0
2018-12-12T01:00:00.0,1,0.0
2018-12-12T02:00:00.0,2,0.0
2018-12-12T03:00:00.0,3,0.0
2018-12-12T04:00:00.0,4,0.0
2018-12-12T05:00:00.0,5,0.0
2018-12-12T06:00:00.0,6,0.0
2018-12-12T07:00:00.0,7,0.0
2018-12-12T08:00:00.0,8,0.0
2018-12-12T09:00:00.0,9,0.0
2018-12-12T10:00:00.0,10,0.0
2018-12-12T11:00:00.0,11,0.0
2018-12-12T12:00:00.0,12,0.0
2018-12-12T13:00:00.0,13,4.312590791666667
2018-12-12T14:00:00.0,14,76.23632191666667
2018-12-12T15:00:00.0,15,116.484892375
2018-12-12T16:00:00.0,16,157.782384
2018-12-12T17:00:00.0,17,195.21823733333335
2018-12-12T18:00:00.0,18,194.77712758333334
2018-12-12T19:00:00.0,19,150.96642812500002
2018-12-12T20:00:00.0,20,158.3996635
2018-12-12T21:00:00.0,21,140.57904216666668
2018-12-12T22:00:00.0,22,90.48489108333335
2018-12-12T23:00:00.0,23,8.770262666666667
2018-12-13T00:00:00.0,0,0.0
2018-12-13T01:00:00.0,1,0.0
2018-12-13T02:00:00.0,2,0.0
2018-12-13T03:00:00.0,3,0.0
2018-12-13T04:00:00.0,4,0.0
2018-12-13T05:00:00.0,5,0.0
2018-12-13T06:00:00.0,6,0.0
2018-12-13T07:00:00.0,7,0.0
2018-12-13T08:00:00.0,8,0.0
2018-12-13T09:00:00.0,9,0.0
2018-12-13T10:00:00.0,10,0.0
2018-12-13T11:00:00.0,11,0.0
2018-12-13T12:00:00.0,12,0.0
2018-12-13T13:00:00.0,13,5.619372458333333
2018-12-13T14:00:00.0,14,80.809830875
2018-12-13T15:00:00.0,15,145.23488258333333
2018-12-13T16:00:00.0,16,208.7055982916667
2018-12-13T17:00:00.0,17,213.29600008333333
2018-12-13T18:00:00.0,18,226.77557154166666
2018-12-13T19:00:00.0,19,254.9266399583333
2018-12-13T20:00:00.0,20,195.21892595833333
2018-12-13T21:00:00.0,21,179.36255541666665
2018-12-13T22:00:00.0,22,110.74142916666665
2018-12-13T23:00:00.0,23,10.297702916666667
2018-12-14T00:00:00.0,0,0.0
2018-12-14T01:00:00.0,1,0.0
2018-12-14T02:00:00.0,2,0.0
2018-12-14T03:00:00.0,3,0.0
2018-12-14T04:00:00.0,4,0.0
2018-12-14T05:00:00.0,5,0.0
2018-12-14T06:00:00.0,6,0.0
2018-12-14T07:00:00.0,7,0.0
2018-12-14T08:00:00.0,8,0.0
2018-12-14T09:00:00.0,9,0.0
2018-12-14T10:00:00.0,10,0.0
2018-12-14T11:00:00.0,11,0.0
2018-12-14T12:00:00.0,12,0.0
2018-12-14T13:00:00.0,13,4.589813458333334
2018-12-14T14:00:00.0,14,124.315736125
2018-12-14T15:00:00.0,15,277.19635425
2018-12-14T16:00:00.0,16,295.79263399999996
2018-12-14T17:00:00.0,17,285.309076625
2018-12-14T18:00:00.0,18,276.9837502916667
2018-12-14T19:00:00.0,19,297.3111387083333
2018-12-14T20:00:00.0,20,310.8278075
2018-12-14T21:00:00.0,21,279.3973274583334
2018-12-14T22:00:00.0,22,224.43750287499998
2018-12-14T23:00:00.0,23,33.736372333333335
2018-12-15T00:00:00.0,0,0.0
2018-12-15T01:00:00.0,1,0.0
2018-12-15T02:00:00.0,2,0.0
2018-12-15T03:00:00.0,3,0.0
2018-12-15T04:00:00.0,4,0.0
2018-12-15T05:00:00.0,5,0.0
2018-12-15T06:00:00.0,6,0.0
2018-12-15T07:00:00.0,7,0.0
2018-12-15T08:00:00.0,8,0.0
2018-12-15T09:00:00.0,9,0.0
2018-12-15T10:00:00.0,10,0.0
2018-12-15T11:00:00.0,11,0.0
2018-12-15T12:00:00.0,12,0.0
2018-12-15T13:00:00.0,13,41.16928841666667
2018-12-15T14:00:00.0,14,310.93334329166663
2018-12-15T15:00:00.0,15,514.1071737083334
2018-12-15T16:00:00.0,16,524.1080021666667
2018-12-15T17:00:00.0,17,495.63519249999996
2018-12-15T18:00:00.0,18,481.8953160416666
2018-12-15T19:00:00.0,19,496.9297341249999
2018-12-15T20:00:00.0,20,522.6831642916667
2018-12-15T21:00:00.0,21,506.7400125416666
2018-12-15T22:00:00.0,22,305.7122855416667
2018-12-15T23:00:00.0,23,30.271463791666665
2018-12-16T00:00:00.0,0,0.0
2018-12-16T01:00:00.0,1,0.0
2018-12-16T02:00:00.0,2,0.0
2018-12-16T03:00:00.0,3,0.0
2018-12-16T04:00:00.0,4,0.0
2018-12-16T05:00:00.0,5,0.0
2018-12-16T06:00:00.0,6,0.0
2018-12-16T07:00:00.0,7,0.0
2018-12-16T08:00:00.0,8,0.0
2018-12-16T09:00:00.0,9,0.0
2018-12-16T10:00:00.0,10,0.0
2018-12-16T11:00:00.0,11,0.0
2018-12-16T12:00:00.0,12,0.0
2018-12-16T13:00:00.0,13,25.865223208333333
2018-12-16T14:00:00.0,14,147.81267620833336
2018-12-16T15:00:00.0,15,212.83011266666665
2018-12-16T16:00:00.0,16,245.62394166666664
2018-12-16T17:00:00.0,17,283.78892858333336
2018-12-16T18:00:00.0,18,271.9854932916666
2018-12-16T19:00:00.0,19,225.35810487499998
2018-12-16T20:00:00.0,20,202.32553383333334
2018-12-16T21:00:00.0,21,144.70422987499998
2018-12-16T22:00:00.0,22,96.92772354166665
2018-12-16T23:00:00.0,23,9.663661208333332
2018-12-17T00:00:00.0,0,0.0
2018-12-17T01:00:00.0,1,0.0
2018-12-17T02:00:00.0,2,0.0
2018-12-17T03:00:00.0,3,0.0
2018-12-17T04:00:00.0,4,0.0
2018-12-17T05:00:00.0,5,0.0
2018-12-17T06:00:00.0,6,0.0
2018-12-17T07:00:00.0,7,0.0
2018-12-17T08:00:00.0,8,0.0
2018-12-17T09:00:00.0,9,0.0
2018-12-17T10:00:00.0,10,0.0
2018-12-17T11:00:00.0,11,0.0
2018-12-17T12:00:00.0,12,0.0
2018-12-17T13:00:00.0,13,6.39773575
2018-12-17T14:00:00.0,14,87.518680125
2018-12-17T15:00:00.0,15,219.8915207916667
2018-12-17T16:00:00.0,16,199.78672754166666
2018-12-17T17:00:00.0,17,237.70574395833333
2018-12-17T18:00:00.0,18,299.5199567916667
2018-12-17T19:00:00.0,19,293.75900933333327
2018-12-17T20:00:00.0,20,275.31140124999996
2018-12-17T21:00:00.0,21,271.06342137499996
2018-12-17T22:00:00.0,22,153.32273079166666
2018-12-17T23:00:00.0,23,15.308794916666663
2018-12-18T00:00:00.0,0,0.0
2018-12-18T01:00:00.0,1,0.0
2018-12-18T02:00:00.0,2,0.0
2018-12-18T03:00:00.0,3,0.0
2018-12-18T04:00:00.0,4,0.0
2018-12-18T05:00:00.0,5,0.0
2018-12-18T06:00:00.0,6,0.0
2018-12-18T07:00:00.0,7,0.0
2018-12-18T08:00:00.0,8,0.0
2018-12-18T09:00:00.0,9,0.0
2018-12-18T10:00:00.0,10,0.0
2018-12-18T11:00:00.0,11,0.0
2018-12-18T12:00:00.0,12,0.0
2018-12-18T13:00:00.0,13,18.905626875
2018-12-18T14:00:00.0,14,78.64260245833334
2018-12-18T15:00:00.0,15,127.51403645833335
2018-12-18T16:00:00.0,16,157.00041191666665
2018-12-18T17:00:00.0,17,201.058497
2018-12-18T18:00:00.0,18,256.7268715000001
2018-12-18T19:00:00.0,19,242.75995508333335
2018-12-18T20:00:00.0,20,185.02189724999997
2018-12-18T21:00:00.0,21,129.60053254166667
2018-12-18T22:00:00.0,22,110.83168329166666
2018-12-18T23:00:00.0,23,27.587279625000008
2018-12-19T00:00:00.0,0,0.0
2018-12-19T01:00:00.0,1,0.0
2018-12-19T02:00:00.0,2,0.0
2018-12-19T03:00:00.0,3,0.0
2018-12-19T04:00:00.0,4,0.0
2018-12-19T05:00:00.0,5,0.0
2018-12-19T06:00:00.0,6,0.0
2018-12-19T07:00:00.0,7,0.0
2018-12-19T08:00:00.0,8,0.0
2018-12-19T09:00:00.0,9,0.0
2018-12-19T10:00:00.0,10,0.0
2018-12-19T11:00:00.0,11,0.0
2018-12-19T12:00:00.0,12,0.0
2018-12-19T13:00:00.0,13,4.561526333333334
2018-12-19T14:00:00.0,14,100.15348791666663
2018-12-19T15:00:00.0,15,210.67708216666668
2018-12-19T16:00:00.0,16,269.28011920833336
2018-12-19T17:00:00.0,17,285.84525683333334
2018-12-19T18:00:00.0,18,244.68709670833337
2018-12-19T19:00:00.0,19,282.42576049999997
2018-12-19T20:00:00.0,20,321.03082650000005
2018-12-19T21:00:00.0,21,368.23033779166667
2018-12-19T22:00:00.0,22,270.35868966666663
2018-12-19T23:00:00.0,23,30.146737
2018-12-20T00:00:00.0,0,0.0
2018-12-20T01:00:00.0,1,0.0
2018-12-20T02:00:00.0,2,0.0
2018-12-20T03:00:00.0,3,0.0
2018-12-20T04:00:00.0,4,0.0
2018-12-20T05:00:00.0,5,0.0
2018-12-20T06:00:00.0,6,0.0
2018-12-20T07:00:00.0,7,0.0
2018-12-20T08:00:00.0,8,0.0
2018-12-20T09:00:00.0,9,0.0
2018-12-20T10:00:00.0,10,0.0
2018-12-20T11:00:00.0,11,0.0
2018-12-20T12:00:00.0,12,0.0
2018-12-20T13:00:00.0,13,25.921845166666667
2018-12-20T14:00:00.0,14,263.5135994583333
2018-12-20T15:00:00.0,15,476.34331533333335
2018-12-20T16:00:00.0,16,517.9976332500001
2018-12-20T17:00:00.0,17,494.03013170833333
2018-12-20T18:00:00.0,18,481.94490883333333
2018-12-20T19:00:00.0,19,500.33898075
2018-12-20T20:00:00.0,20,529.0944255416667
2018-12-20T21:00:00.0,21,519.0510977916666
2018-12-20T22:00:00.0,22,322.88088854166665
2018-12-20T23:00:00.0,23,44.188396875
2018-12-21T00:00:00.0,0,0.0
2018-12-21T01:00:00.0,1,0.0
2018-12-21T02:00:00.0,2,0.0
2018-12-21T03:00:00.0,3,0.0
2018-12-21T04:00:00.0,4,0.0
2018-12-21T05:00:00.0,5,0.0
2018-12-21T06:00:00.0,6,0.0
2018-12-21T07:00:00.0,7,0.0
2018-12-21T08:00:00.0,8,0.0
2018-12-21T09:00:00.0,9,0.0
2018-12-21T10:00:00.0,10,0.0
2018-12-21T11:00:00.0,11,0.0
2018-12-21T12:00:00.0,12,0.0
2018-12-21T13:00:00.0,13,34.42666775
2018-12-21T14:00:00.0,14,297.38984966666663
2018-12-21T15:00:00.0,15,503.96691125
2018-12-21T16:00:00.0,16,519.9012851666666
2018-12-21T17:00:00.0,17,492.69262704166664
2018-12-21T18:00:00.0,18,477.5626597916667
2018-12-21T19:00:00.0,19,492.7043040416667
2018-12-21T20:00:00.0,20,517.6216710416667
2018-12-21T21:00:00.0,21,508.45424224999994
2018-12-21T22:00:00.0,22,320.146596375
2018-12-21T23:00:00.0,23,44.51532854166666
2018-12-22T00:00:00.0,0,0.0
2018-12-22T01:00:00.0,1,0.0
2018-12-22T02:00:00.0,2,0.0
2018-12-22T03:00:00.0,3,0.0
2018-12-22T04:00:00.0,4,0.0
2018-12-22T05:00:00.0,5,0.0
2018-12-22T06:00:00.0,6,0.0
2018-12-22T07:00:00.0,7,0.0
2018-12-22T08:00:00.0,8,0.0
2018-12-22T09:00:00.0,9,0.0
2018-12-22T10:00:00.0,10,0.0
2018-12-22T11:00:00.0,11,0.0
2018-12-22T12:00:00.0,12,0.0
2018-12-22T13:00:00.0,13,29.381795625
2018-12-22T14:00:00.0,14,203.106536625
2018-12-22T15:00:00.0,15,329.01792558333335
2018-12-22T16:00:00.0,16,364.8068395833333
2018-12-22T17:00:00.0,17,416.867023375
2018-12-22T18:00:00.0,18,431.85409541666667
2018-12-22T19:00:00.0,19,463.8764785000001
2018-12-22T20:00:00.0,20,491.5522779583334
2018-12-22T21:00:00.0,21,473.6151319583333
2018-12-22T22:00:00.0,22,293.0842855
2018-12-22T23:00:00.0,23,40.513778541666674
2018-12-23T00:00:00.0,0,0.0
2018-12-23T01:00:00.0,1,0.0
2018-12-23T02:00:00.0,2,0.0
2018-12-23T03:00:00.0,3,0.0
2018-12-23T04:00:00.0,4,0.0
2018-12-23T05:00:00.0,5,0.0
2018-12-23T06:00:00.0,6,0.0
2018-12-23T07:00:00.0,7,0.0
2018-12-23T08:00:00.0,8,0.0
2018-12-23T09:00:00.0,9,0.0
2018-12-23T10:00:00.0,10,0.0
2018-12-23T11:00:00.0,11,0.0
2018-12-23T12:00:00.0,12,0.0
2018-12-23T13:00:00.0,13,10.354300458333334
2018-12-23T14:00:00.0,14,185.14731579166667
2018-12-23T15:00:00.0,15,424.28027979166677
2018-12-23T16:00:00.0,16,480.19392929166673
2018-12-23T17:00:00.0,17,465.8810956250001
2018-12-23T18:00:00.0,18,463.4579080416667
2018-12-23T19:00:00.0,19,481.104190625
2018-12-23T20:00:00.0,20,504.7481733333332
2018-12-23T21:00:00.0,21,494.99228891666667
2018-12-23T22:00:00.0,22,307.99323441666667
2018-12-23T23:00:00.0,23,45.228975125000005
2018-12-24T00:00:00.0,0,0.0
2018-12-24T01:00:00.0,1,0.0
2018-12-24T02:00:00.0,2,0.0
2018-12-24T03:00:00.0,3,0.0
2018-12-24T04:00:00.0,4,0.0
2018-12-24T05:00:00.0,5,0.0
2018-12-24T06:00:00.0,6,0.0
2018-12-24T07:00:00.0,7,0.0
2018-12-24T08:00:00.0,8,0.0
2018-12-24T09:00:00.0,9,0.0
2018-12-24T10:00:00.0,10,0.0
2018-12-24T11:00:00.0,11,0.0
2018-12-24T12:00:00.0,12,0.0
2018-12-24T13:00:00.0,13,25.389823791666668
2018-12-24T14:00:00.0,14,252.58534695833336
2018-12-24T15:00:00.0,15,463.5238314166667
2018-12-24T16:00:00.0,16,467.312925
2018-12-24T17:00:00.0,17,438.1092660833333
2018-12-24T18:00:00.0,18,419.4693575000001
2018-12-24T19:00:00.0,19,386.5336662083334
2018-12-24T20:00:00.0,20,344.7946663750001
2018-12-24T21:00:00.0,21,311.37285941666664
2018-12-24T22:00:00.0,22,258.15035979166663
2018-12-24T23:00:00.0,23,41.473090750000004
2018-12-25T00:00:00.0,0,0.0
2018-12-25T01:00:00.0,1,0.0
2018-12-25T02:00:00.0,2,0.0
2018-12-25T03:00:00.0,3,0.0
2018-12-25T04:00:00.0,4,0.0
2018-12-25T05:00:00.0,5,0.0
2018-12-25T06:00:00.0,6,0.0
2018-12-25T07:00:00.0,7,0.0
2018-12-25T08:00:00.0,8,0.0
2018-12-25T09:00:00.0,9,0.0
2018-12-25T10:00:00.0,10,0.0
2018-12-25T11:00:00.0,11,0.0
2018-12-25T12:00:00.0,12,0.0
2018-12-25T13:00:00.0,13,3.6615003750000006
2018-12-25T14:00:00.0,14,78.72805699999999
2018-12-25T15:00:00.0,15,100.87212583333333
2018-12-25T16:00:00.0,16,111.62450170833334
2018-12-25T17:00:00.0,17,149.3272652916667
2018-12-25T18:00:00.0,18,196.26018508333334
2018-12-25T19:00:00.0,19,211.58504904166668
2018-12-25T20:00:00.0,20,280.3336649583334
2018-12-25T21:00:00.0,21,254.49936416666674
2018-12-25T22:00:00.0,22,160.797361375
2018-12-25T23:00:00.0,23,30.096450333333337
2018-12-26T00:00:00.0,0,0.0
2018-12-26T01:00:00.0,1,0.0
2018-12-26T02:00:00.0,2,0.0
2018-12-26T03:00:00.0,3,0.0
2018-12-26T04:00:00.0,4,0.0
2018-12-26T05:00:00.0,5,0.0
2018-12-26T06:00:00.0,6,0.0
2018-12-26T07:00:00.0,7,0.0
2018-12-26T08:00:00.0,8,0.0
2018-12-26T09:00:00.0,9,0.0
2018-12-26T10:00:00.0,10,0.0
2018-12-26T11:00:00.0,11,0.0
2018-12-26T12:00:00.0,12,0.0
2018-12-26T13:00:00.0,13,4.454836541666666
2018-12-26T14:00:00.0,14,59.879939750000005
2018-12-26T15:00:00.0,15,173.76269529166666
2018-12-26T16:00:00.0,16,229.15529575000002
2018-12-26T17:00:00.0,17,239.6675385416667
2018-12-26T18:00:00.0,18,218.06422420833334
2018-12-26T19:00:00.0,19,222.4858735416667
2018-12-26T20:00:00.0,20,83.220697875
2018-12-26T21:00:00.0,21,49.11117579166666
2018-12-26T22:00:00.0,22,72.3182095
2018-12-26T23:00:00.0,23,37.81109145833333
2018-12-27T00:00:00.0,0,0.0
2018-12-27T01:00:00.0,1,0.0
2018-12-27T02:00:00.0,2,0.0
2018-12-27T03:00:00.0,3,0.0
2018-12-27T04:00:00.0,4,0.0
2018-12-27T05:00:00.0,5,0.0
2018-12-27T06:00:00.0,6,0.0
2018-12-27T07:00:00.0,7,0.0
2018-12-27T08:00:00.0,8,0.0
2018-12-27T09:00:00.0,9,0.0
2018-12-27T10:00:00.0,10,0.0
2018-12-27T11:00:00.0,11,0.0
2018-12-27T12:00:00.0,12,0.0
2018-12-27T13:00:00.0,13,5.5416039999999995
2018-12-27T14:00:00.0,14,178.3955469166667
2018-12-27T15:00:00.0,15,353.52943683333336
2018-12-27T16:00:00.0,16,437.84584391666675
2018-12-27T17:00:00.0,17,462.1650159166666
2018-12-27T18:00:00.0,18,472.3249087083334
2018-12-27T19:00:00.0,19,487.2399742083334
2018-12-27T20:00:00.0,20,512.0326615833333
2018-12-27T21:00:00.0,21,506.29063037500003
2018-12-27T22:00:00.0,22,308.86538179166666
2018-12-27T23:00:00.0,23,53.752681125
2018-12-28T00:00:00.0,0,0.0
2018-12-28T01:00:00.0,1,0.0
2018-12-28T02:00:00.0,2,0.0
2018-12-28T03:00:00.0,3,0.0
2018-12-28T04:00:00.0,4,0.0
2018-12-28T05:00:00.0,5,0.0
2018-12-28T06:00:00.0,6,0.0
2018-12-28T07:00:00.0,7,0.0
2018-12-28T08:00:00.0,8,0.0
2018-12-28T09:00:00.0,9,0.0
2018-12-28T10:00:00.0,10,0.0
2018-12-28T11:00:00.0,11,0.0
2018-12-28T12:00:00.0,12,0.0
2018-12-28T13:00:00.0,13,24.866857083333333
2018-12-28T14:00:00.0,14,251.4122812916667
2018-12-28T15:00:00.0,15,329.44679479166666
2018-12-28T16:00:00.0,16,326.8995555833333
2018-12-28T17:00:00.0,17,344.95233729166665
2018-12-28T18:00:00.0,18,362.38727025000003
2018-12-28T19:00:00.0,19,343.0212704583333
2018-12-28T20:00:00.0,20,305.394198875
2018-12-28T21:00:00.0,21,244.94394566666665
2018-12-28T22:00:00.0,22,154.68674000000001
2018-12-28T23:00:00.0,23,46.59497829166667
2018-12-29T00:00:00.0,0,0.0
2018-12-29T01:00:00.0,1,0.0
2018-12-29T02:00:00.0,2,0.0
2018-12-29T03:00:00.0,3,0.0
2018-12-29T04:00:00.0,4,0.0
2018-12-29T05:00:00.0,5,0.0
2018-12-29T06:00:00.0,6,0.0
2018-12-29T07:00:00.0,7,0.0
2018-12-29T08:00:00.0,8,0.0
2018-12-29T09:00:00.0,9,0.0
2018-12-29T10:00:00.0,10,0.0
2018-12-29T11:00:00.0,11,0.0
2018-12-29T12:00:00.0,12,0.0
2018-12-29T13:00:00.0,13,2.5142430416666666
2018-12-29T14:00:00.0,14,62.85867291666668
2018-12-29T15:00:00.0,15,71.83726604166668
2018-12-29T16:00:00.0,16,122.4895781666667
2018-12-29T17:00:00.0,17,161.1559612083333
2018-12-29T18:00:00.0,18,187.34828616666667
2018-12-29T19:00:00.0,19,157.70716658333336
2018-12-29T20:00:00.0,20,121.58231041666669
2018-12-29T21:00:00.0,21,103.10410100000001
2018-12-29T22:00:00.0,22,40.695103708333335
2018-12-29T23:00:00.0,23,6.004665249999999
2018-12-30T00:00:00.0,0,0.0
2018-12-30T01:00:00.0,1,0.0
2018-12-30T02:00:00.0,2,0.0
2018-12-30T03:00:00.0,3,0.0
2018-12-30T04:00:00.0,4,0.0
2018-12-30T05:00:00.0,5,0.0
2018-12-30T06:00:00.0,6,0.0
2018-12-30T07:00:00.0,7,0.0
2018-12-30T08:00:00.0,8,0.0
2018-12-30T09:00:00.0,9,0.0
2018-12-30T10:00:00.0,10,0.0
2018-12-30T11:00:00.0,11,0.0
2018-12-30T12:00:00.0,12,0.0
2018-12-30T13:00:00.0,13,1.593552833333333
2018-12-30T14:00:00.0,14,15.724438166666667
2018-12-30T15:00:00.0,15,30.642484791666664
2018-12-30T16:00:00.0,16,74.32945554166666
2018-12-30T17:00:00.0,17,97.97840541666665
2018-12-30T18:00:00.0,18,107.84390583333334
2018-12-30T19:00:00.0,19,119.00516600000002
2018-12-30T20:00:00.0,20,95.89008729166666
2018-12-30T21:00:00.0,21,72.38918704166666
2018-12-30T22:00:00.0,22,55.24584775
2018-12-30T23:00:00.0,23,5.323152916666667
2018-12-31T00:00:00.0,0,0.0011250000000000001
2018-12-31T01:00:00.0,1,0.0
2018-12-31T02:00:00.0,2,0.0
2018-12-31T03:00:00.0,3,0.0
2018-12-31T04:00:00.0,4,0.0
2018-12-31T05:00:00.0,5,0.0
2018-12-31T06:00:00.0,6,0.0
2018-12-31T07:00:00.0,7,0.0
2018-12-31T08:00:00.0,8,0.0
2018-12-31T09:00:00.0,9,0.0
2018-12-31T10:00:00.0,10,0.0
2018-12-31T11:00:00.0,11,0.0
2018-12-31T12:00:00.0,12,0.0
2018-12-31T13:00:00.0,13,6.335111250000001
2018-12-31T14:00:00.0,14,131.47768625
2018-12-31T15:00:00.0,15,263.3011985416667
2018-12-31T16:00:00.0,16,333.68252662500004
2018-12-31T17:00:00.0,17,341.39302775000004
2018-12-31T18:00:00.0,18,359.072708125
2018-12-31T19:00:00.0,19,355.6922680416667
2018-12-31T20:00:00.0,20,346.61349712500004
2018-12-31T21:00:00.0,21,344.24706687500003
2018-12-31T22:00:00.0,22,235.2346090833333
2018-12-31T23:00:00.0,23,47.984822375000014
