DateTime,hour,BA_total
2018-01-01T00:00:00.0,0,8355.930211671921
2018-01-01T01:00:00.0,1,8402.587169904045
2018-01-01T02:00:00.0,2,8375.68692825104
2018-01-01T03:00:00.0,3,8180.009138807545
2018-01-01T04:00:00.0,4,8112.041991431474
2018-01-01T05:00:00.0,5,7773.45267215414
2018-01-01T06:00:00.0,6,7318.177158516842
2018-01-01T07:00:00.0,7,6966.996329079174
2018-01-01T08:00:00.0,8,6665.3527118485545
2018-01-01T09:00:00.0,9,6541.018053787043
2018-01-01T10:00:00.0,10,6344.720188544161
2018-01-01T11:00:00.0,11,6004.186934060883
2018-01-01T12:00:00.0,12,5583.9139943624805
2018-01-01T13:00:00.0,13,5184.414897932539
2018-01-01T14:00:00.0,14,4626.443699823283
2018-01-01T15:00:00.0,15,4054.983109870888
2018-01-01T16:00:00.0,16,3427.282058912972
2018-01-01T17:00:00.0,17,2814.1748265246065
2018-01-01T18:00:00.0,18,2233.7815462733347
2018-01-01T19:00:00.0,19,1977.5616949904395
2018-01-01T20:00:00.0,20,1755.7205292238498
2018-01-01T21:00:00.0,21,1557.3595356904286
2018-01-01T22:00:00.0,22,1382.3442906137525
2018-01-01T23:00:00.0,23,1404.7211694920509
2018-01-02T00:00:00.0,0,1919.4162833500734
2018-01-02T01:00:00.0,1,2568.5395908245055
2018-01-02T02:00:00.0,2,3099.0628882243127
2018-01-02T03:00:00.0,3,3520.576189634387
2018-01-02T04:00:00.0,4,3801.2337746419385
2018-01-02T05:00:00.0,5,4132.548633285518
2018-01-02T06:00:00.0,6,4362.920584868517
2018-01-02T07:00:00.0,7,4375.722108411226
2018-01-02T08:00:00.0,8,4389.414517140169
2018-01-02T09:00:00.0,9,4311.836924302256
2018-01-02T10:00:00.0,10,4019.493420675021
2018-01-02T11:00:00.0,11,3711.5873631807226
2018-01-02T12:00:00.0,12,3437.3086914547603
2018-01-02T13:00:00.0,13,2966.922646746796
2018-01-02T14:00:00.0,14,2377.9074065295767
2018-01-02T15:00:00.0,15,1930.7406085431155
2018-01-02T16:00:00.0,16,1688.8978399264713
2018-01-02T17:00:00.0,17,1590.31529380362
2018-01-02T18:00:00.0,18,1647.0907068978597
2018-01-02T19:00:00.0,19,1894.3904729992817
2018-01-02T20:00:00.0,20,2219.6203844163892
2018-01-02T21:00:00.0,21,2587.386830642749
2018-01-02T22:00:00.0,22,2836.9264476378885
2018-01-02T23:00:00.0,23,3092.2440314239284
2018-01-03T00:00:00.0,0,3415.8595653589123
2018-01-03T01:00:00.0,1,3423.8936660072463
2018-01-03T02:00:00.0,2,3361.9368005795363
2018-01-03T03:00:00.0,3,3869.14668259662
2018-01-03T04:00:00.0,4,5213.489894281235
2018-01-03T05:00:00.0,5,7187.942685951595
2018-01-03T06:00:00.0,6,9317.396041359774
2018-01-03T07:00:00.0,7,10687.817865269042
2018-01-03T08:00:00.0,8,11629.803309001503
2018-01-03T09:00:00.0,9,11954.37752984363
2018-01-03T10:00:00.0,10,11840.21945653268
2018-01-03T11:00:00.0,11,11817.514176852217
2018-01-03T12:00:00.0,12,11883.64391386049
2018-01-03T13:00:00.0,13,11221.236581360708
2018-01-03T14:00:00.0,14,9728.655030936296
2018-01-03T15:00:00.0,15,6177.1922050922185
2018-01-03T16:00:00.0,16,3033.6778934825393
2018-01-03T17:00:00.0,17,2026.533935434958
2018-01-03T18:00:00.0,18,1659.1854099608065
2018-01-03T19:00:00.0,19,1244.842092528851
2018-01-03T20:00:00.0,20,985.398939648755
2018-01-03T21:00:00.0,21,733.0657260680188
2018-01-03T22:00:00.0,22,599.1892955486034
2018-01-03T23:00:00.0,23,545.685942264061
2018-01-04T00:00:00.0,0,558.0919899429132
2018-01-04T01:00:00.0,1,641.8706352205497
2018-01-04T02:00:00.0,2,803.762151794458
2018-01-04T03:00:00.0,3,1007.1105886285342
2018-01-04T04:00:00.0,4,1273.2361940532444
2018-01-04T05:00:00.0,5,1753.415709450311
2018-01-04T06:00:00.0,6,2263.2875830364073
2018-01-04T07:00:00.0,7,2707.294807617703
2018-01-04T08:00:00.0,8,3028.4422758835512
2018-01-04T09:00:00.0,9,3400.206384785675
2018-01-04T10:00:00.0,10,3838.0829734837703
2018-01-04T11:00:00.0,11,4355.447236668812
2018-01-04T12:00:00.0,12,4881.281959278167
2018-01-04T13:00:00.0,13,5436.753811554828
2018-01-04T14:00:00.0,14,6179.148007813167
2018-01-04T15:00:00.0,15,5256.243876517966
2018-01-04T16:00:00.0,16,3612.910821720114
2018-01-04T17:00:00.0,17,3050.94734894284
2018-01-04T18:00:00.0,18,2893.665924618546
2018-01-04T19:00:00.0,19,2697.9913172747515
2018-01-04T20:00:00.0,20,2374.4903948152073
2018-01-04T21:00:00.0,21,2428.5164299411813
2018-01-04T22:00:00.0,22,2917.8719776955877
2018-01-04T23:00:00.0,23,4415.498084303209
2018-01-05T00:00:00.0,0,6414.810171648125
2018-01-05T01:00:00.0,1,7700.991039336754
2018-01-05T02:00:00.0,2,8120.323223011306
2018-01-05T03:00:00.0,3,7922.758027530473
2018-01-05T04:00:00.0,4,7636.216348937117
2018-01-05T05:00:00.0,5,7373.345174652885
2018-01-05T06:00:00.0,6,7197.162750507126
2018-01-05T07:00:00.0,7,6875.573540337767
2018-01-05T08:00:00.0,8,6498.809490323182
2018-01-05T09:00:00.0,9,6174.650713240044
2018-01-05T10:00:00.0,10,5965.257133856677
2018-01-05T11:00:00.0,11,5635.385652576543
2018-01-05T12:00:00.0,12,5341.2612941357675
2018-01-05T13:00:00.0,13,5187.192634205738
2018-01-05T14:00:00.0,14,4802.8736352996875
2018-01-05T15:00:00.0,15,2944.9891045338086
2018-01-05T16:00:00.0,16,1537.6957630876457
2018-01-05T17:00:00.0,17,969.8534813627716
2018-01-05T18:00:00.0,18,693.3021804619556
2018-01-05T19:00:00.0,19,607.2054279681512
2018-01-05T20:00:00.0,20,554.6220433955233
2018-01-05T21:00:00.0,21,585.4317932294517
2018-01-05T22:00:00.0,22,726.7819706377103
2018-01-05T23:00:00.0,23,1230.2007617265747
2018-01-06T00:00:00.0,0,2006.291188792611
2018-01-06T01:00:00.0,1,3151.0452347307073
2018-01-06T02:00:00.0,2,4346.002339899444
2018-01-06T03:00:00.0,3,5503.270030688306
2018-01-06T04:00:00.0,4,6080.379406873507
2018-01-06T05:00:00.0,5,6301.303427791805
2018-01-06T06:00:00.0,6,6506.9008159581435
2018-01-06T07:00:00.0,7,6180.4349988718395
2018-01-06T08:00:00.0,8,5553.187345911923
2018-01-06T09:00:00.0,9,4908.733313324243
2018-01-06T10:00:00.0,10,4260.390833773742
2018-01-06T11:00:00.0,11,3800.116822039335
2018-01-06T12:00:00.0,12,3519.2528731121783
2018-01-06T13:00:00.0,13,3322.588946668358
2018-01-06T14:00:00.0,14,3380.0025552904076
2018-01-06T15:00:00.0,15,2712.638316746838
2018-01-06T16:00:00.0,16,2031.1467593533598
2018-01-06T17:00:00.0,17,2154.173711916
2018-01-06T18:00:00.0,18,2648.864666386628
2018-01-06T19:00:00.0,19,3352.1186837468667
2018-01-06T20:00:00.0,20,4150.8986292897325
2018-01-06T21:00:00.0,21,5220.71653347021
2018-01-06T22:00:00.0,22,6626.618270012056
2018-01-06T23:00:00.0,23,10078.907920669908
2018-01-07T00:00:00.0,0,14190.113580339457
2018-01-07T01:00:00.0,1,16485.045806506212
2018-01-07T02:00:00.0,2,17040.471999086014
2018-01-07T03:00:00.0,3,17224.151132400864
2018-01-07T04:00:00.0,4,17401.157240091317
2018-01-07T05:00:00.0,5,17426.410214203628
2018-01-07T06:00:00.0,6,17360.222780739117
2018-01-07T07:00:00.0,7,17330.375349729708
2018-01-07T08:00:00.0,8,17381.16084071236
2018-01-07T09:00:00.0,9,17328.221273925337
2018-01-07T10:00:00.0,10,16864.601887470923
2018-01-07T11:00:00.0,11,16658.77399083266
2018-01-07T12:00:00.0,12,16573.283131732805
2018-01-07T13:00:00.0,13,16372.012586769788
2018-01-07T14:00:00.0,14,16263.232392104537
2018-01-07T15:00:00.0,15,15976.343768626231
2018-01-07T16:00:00.0,16,15410.55916729181
2018-01-07T17:00:00.0,17,14321.069934259323
2018-01-07T18:00:00.0,18,13778.427058562083
2018-01-07T19:00:00.0,19,13326.659542579533
2018-01-07T20:00:00.0,20,13348.312374570181
2018-01-07T21:00:00.0,21,13528.370694220774
2018-01-07T22:00:00.0,22,13241.478805122531
2018-01-07T23:00:00.0,23,12450.417871052196
2018-01-08T00:00:00.0,0,12506.524022729709
2018-01-08T01:00:00.0,1,11523.035208372656
2018-01-08T02:00:00.0,2,11166.001975627165
2018-01-08T03:00:00.0,3,11458.112862774055
2018-01-08T04:00:00.0,4,10975.441404441508
2018-01-08T05:00:00.0,5,10413.878361309087
2018-01-08T06:00:00.0,6,9390.427416977578
2018-01-08T07:00:00.0,7,8713.931021488404
2018-01-08T08:00:00.0,8,8383.764862794646
2018-01-08T09:00:00.0,9,8539.126266532696
2018-01-08T10:00:00.0,10,8120.240760838005
2018-01-08T11:00:00.0,11,7772.426737224775
2018-01-08T12:00:00.0,12,7143.225931511043
2018-01-08T13:00:00.0,13,6280.150686886006
2018-01-08T14:00:00.0,14,4895.723546784697
2018-01-08T15:00:00.0,15,2819.6323993063234
2018-01-08T16:00:00.0,16,2033.3925147686525
2018-01-08T17:00:00.0,17,1773.551941555276
2018-01-08T18:00:00.0,18,1780.108359324792
2018-01-08T19:00:00.0,19,1887.0029483154592
2018-01-08T20:00:00.0,20,1850.2610555442045
2018-01-08T21:00:00.0,21,1753.4447987363012
2018-01-08T22:00:00.0,22,1815.861380129648
2018-01-08T23:00:00.0,23,2538.1890411016616
2018-01-09T00:00:00.0,0,3746.3175350889537
2018-01-09T01:00:00.0,1,4780.778175621105
2018-01-09T02:00:00.0,2,5599.670447077281
2018-01-09T03:00:00.0,3,6262.07360758855
2018-01-09T04:00:00.0,4,7205.706478343248
2018-01-09T05:00:00.0,5,8112.26838304516
2018-01-09T06:00:00.0,6,9000.883604453122
2018-01-09T07:00:00.0,7,10020.805477530985
2018-01-09T08:00:00.0,8,11017.083106223397
2018-01-09T09:00:00.0,9,11833.031518104011
2018-01-09T10:00:00.0,10,12408.245472599569
2018-01-09T11:00:00.0,11,12575.080232120987
2018-01-09T12:00:00.0,12,12622.532938434751
2018-01-09T13:00:00.0,13,12235.66187612337
2018-01-09T14:00:00.0,14,11824.941479152198
2018-01-09T15:00:00.0,15,10348.22928995207
2018-01-09T16:00:00.0,16,7722.290780287101
2018-01-09T17:00:00.0,17,6746.882406911161
2018-01-09T18:00:00.0,18,6792.496126152423
2018-01-09T19:00:00.0,19,6991.906098459994
2018-01-09T20:00:00.0,20,6742.571218625747
2018-01-09T21:00:00.0,21,6322.310855019819
2018-01-09T22:00:00.0,22,6914.925369929481
2018-01-09T23:00:00.0,23,9342.516612797537
2018-01-10T00:00:00.0,0,12038.44483960403
2018-01-10T01:00:00.0,1,13930.756567244896
2018-01-10T02:00:00.0,2,14603.335296887497
2018-01-10T03:00:00.0,3,14943.200047788938
2018-01-10T04:00:00.0,4,14960.58428860541
2018-01-10T05:00:00.0,5,15030.19896567527
2018-01-10T06:00:00.0,6,15090.633624193935
2018-01-10T07:00:00.0,7,15194.859497150754
2018-01-10T08:00:00.0,8,15115.17903474519
2018-01-10T09:00:00.0,9,15183.249205862245
2018-01-10T10:00:00.0,10,15205.439914549735
2018-01-10T11:00:00.0,11,15077.389722065622
2018-01-10T12:00:00.0,12,14991.458826749273
2018-01-10T13:00:00.0,13,14821.812695021603
2018-01-10T14:00:00.0,14,14408.50235869747
2018-01-10T15:00:00.0,15,13688.397112411803
2018-01-10T16:00:00.0,16,12747.3619970862
2018-01-10T17:00:00.0,17,13436.94958297049
2018-01-10T18:00:00.0,18,14258.50163336714
2018-01-10T19:00:00.0,19,14529.953332050516
2018-01-10T20:00:00.0,20,15100.049336832439
2018-01-10T21:00:00.0,21,15444.68982673737
2018-01-10T22:00:00.0,22,15439.713366663256
2018-01-10T23:00:00.0,23,17246.407678503932
2018-01-11T00:00:00.0,0,17601.267831097397
2018-01-11T01:00:00.0,1,17378.308110273607
2018-01-11T02:00:00.0,2,17216.761141841514
2018-01-11T03:00:00.0,3,17651.518397803415
2018-01-11T04:00:00.0,4,17882.59729187743
2018-01-11T05:00:00.0,5,18417.386803489368
2018-01-11T06:00:00.0,6,18664.212822641228
2018-01-11T07:00:00.0,7,19033.114026931475
2018-01-11T08:00:00.0,8,19251.934873850343
2018-01-11T09:00:00.0,9,18606.055852187343
2018-01-11T10:00:00.0,10,18175.08279457483
2018-01-11T11:00:00.0,11,17529.797904756317
2018-01-11T12:00:00.0,12,17087.916517234335
2018-01-11T13:00:00.0,13,16912.53534736369
2018-01-11T14:00:00.0,14,16693.983315624024
2018-01-11T15:00:00.0,15,16334.14600215997
2018-01-11T16:00:00.0,16,16745.870826893934
2018-01-11T17:00:00.0,17,16885.35345640412
2018-01-11T18:00:00.0,18,17176.53206821152
2018-01-11T19:00:00.0,19,18037.068374319755
2018-01-11T20:00:00.0,20,18570.040331427554
2018-01-11T21:00:00.0,21,17940.933253935647
2018-01-11T22:00:00.0,22,16198.297399439682
2018-01-11T23:00:00.0,23,14612.864038618243
2018-01-12T00:00:00.0,0,14027.294953137813
2018-01-12T01:00:00.0,1,13501.377572043784
2018-01-12T02:00:00.0,2,12801.89322761423
2018-01-12T03:00:00.0,3,12076.410377804074
2018-01-12T04:00:00.0,4,11313.55627344382
2018-01-12T05:00:00.0,5,10281.421389114335
2018-01-12T06:00:00.0,6,8941.6056223233
2018-01-12T07:00:00.0,7,7857.68997456631
2018-01-12T08:00:00.0,8,7033.739658224146
2018-01-12T09:00:00.0,9,6448.82133728109
2018-01-12T10:00:00.0,10,6564.756420465917
2018-01-12T11:00:00.0,11,6552.843663370274
2018-01-12T12:00:00.0,12,6415.345852923198
2018-01-12T13:00:00.0,13,5785.058544551012
2018-01-12T14:00:00.0,14,4887.065757641173
2018-01-12T15:00:00.0,15,3866.3342124887145
2018-01-12T16:00:00.0,16,3426.3564585099216
2018-01-12T17:00:00.0,17,2955.5336954003947
2018-01-12T18:00:00.0,18,2494.669622745683
2018-01-12T19:00:00.0,19,2051.966480634159
2018-01-12T20:00:00.0,20,1544.0799512795118
2018-01-12T21:00:00.0,21,1146.8610228104224
2018-01-12T22:00:00.0,22,1061.9276459745256
2018-01-12T23:00:00.0,23,2010.309518044337
2018-01-13T00:00:00.0,0,4307.239136026165
2018-01-13T01:00:00.0,1,7362.336854744833
2018-01-13T02:00:00.0,2,9130.043103148555
2018-01-13T03:00:00.0,3,9507.21845338832
2018-01-13T04:00:00.0,4,9350.607584706322
2018-01-13T05:00:00.0,5,8904.152565806453
2018-01-13T06:00:00.0,6,8450.813773035594
2018-01-13T07:00:00.0,7,8037.682638135439
2018-01-13T08:00:00.0,8,7673.586236434759
2018-01-13T09:00:00.0,9,7306.970736091395
2018-01-13T10:00:00.0,10,6757.400526574843
2018-01-13T11:00:00.0,11,6101.134641317726
2018-01-13T12:00:00.0,12,5392.839246875925
2018-01-13T13:00:00.0,13,4748.452926710345
2018-01-13T14:00:00.0,14,3472.1779184922307
2018-01-13T15:00:00.0,15,1929.8323767561294
2018-01-13T16:00:00.0,16,1089.9554149329801
2018-01-13T17:00:00.0,17,797.5948446380102
2018-01-13T18:00:00.0,18,758.914663454418
2018-01-13T19:00:00.0,19,949.2931826952349
2018-01-13T20:00:00.0,20,1166.3505071149032
2018-01-13T21:00:00.0,21,1379.118356956011
2018-01-13T22:00:00.0,22,1550.3370707975403
2018-01-13T23:00:00.0,23,2210.5393689271846
2018-01-14T00:00:00.0,0,4198.704741927747
2018-01-14T01:00:00.0,1,6028.452219348342
2018-01-14T02:00:00.0,2,8330.479662454949
2018-01-14T03:00:00.0,3,10438.195368435914
2018-01-14T04:00:00.0,4,11705.359048955435
2018-01-14T05:00:00.0,5,12232.365498862664
2018-01-14T06:00:00.0,6,12200.9277032612
2018-01-14T07:00:00.0,7,11760.062184185459
2018-01-14T08:00:00.0,8,10887.92325005721
2018-01-14T09:00:00.0,9,9809.0787010071
2018-01-14T10:00:00.0,10,8975.142736614862
2018-01-14T11:00:00.0,11,8315.36273197201
2018-01-14T12:00:00.0,12,7585.410139701184
2018-01-14T13:00:00.0,13,6557.470468585376
2018-01-14T14:00:00.0,14,5392.807299178946
2018-01-14T15:00:00.0,15,3287.9396574677844
2018-01-14T16:00:00.0,16,2452.153201078572
2018-01-14T17:00:00.0,17,1813.4685091624149
2018-01-14T18:00:00.0,18,1194.9522974333302
2018-01-14T19:00:00.0,19,842.9202755818609
2018-01-14T20:00:00.0,20,630.1185357402752
2018-01-14T21:00:00.0,21,533.8729201663316
2018-01-14T22:00:00.0,22,582.787592322107
2018-01-14T23:00:00.0,23,807.5663549731497
2018-01-15T00:00:00.0,0,1511.3358261749745
2018-01-15T01:00:00.0,1,2723.781131170688
2018-01-15T02:00:00.0,2,3925.564958638261
2018-01-15T03:00:00.0,3,5495.699027136975
2018-01-15T04:00:00.0,4,7758.448903068528
2018-01-15T05:00:00.0,5,9948.379031518822
2018-01-15T06:00:00.0,6,11928.09153096405
2018-01-15T07:00:00.0,7,12898.324682226523
2018-01-15T08:00:00.0,8,13462.203370078627
2018-01-15T09:00:00.0,9,13613.923838092733
2018-01-15T10:00:00.0,10,13558.043468461825
2018-01-15T11:00:00.0,11,13360.351443894004
2018-01-15T12:00:00.0,12,12927.563493870322
2018-01-15T13:00:00.0,13,13353.877510873912
2018-01-15T14:00:00.0,14,13420.863880145407
2018-01-15T15:00:00.0,15,11354.682561463442
2018-01-15T16:00:00.0,16,9675.945902711981
2018-01-15T17:00:00.0,17,9118.958998491069
2018-01-15T18:00:00.0,18,10021.75095537055
2018-01-15T19:00:00.0,19,11880.800908644569
2018-01-15T20:00:00.0,20,13904.759087423236
2018-01-15T21:00:00.0,21,15125.061771996616
2018-01-15T22:00:00.0,22,15270.25188117715
2018-01-15T23:00:00.0,23,15188.160387977628
2018-01-16T00:00:00.0,0,14976.209287461805
2018-01-16T01:00:00.0,1,14814.481431698725
2018-01-16T02:00:00.0,2,14870.577000885123
2018-01-16T03:00:00.0,3,14514.911611487716
2018-01-16T04:00:00.0,4,13984.887244408776
2018-01-16T05:00:00.0,5,13390.338234392404
2018-01-16T06:00:00.0,6,12982.406497758844
2018-01-16T07:00:00.0,7,12352.193310447168
2018-01-16T08:00:00.0,8,12069.744228251497
2018-01-16T09:00:00.0,9,11588.065547843704
2018-01-16T10:00:00.0,10,11444.935284647427
2018-01-16T11:00:00.0,11,11719.110143373493
2018-01-16T12:00:00.0,12,11097.07975183982
2018-01-16T13:00:00.0,13,10292.653568931273
2018-01-16T14:00:00.0,14,9488.174939350729
2018-01-16T15:00:00.0,15,9403.095608299085
2018-01-16T16:00:00.0,16,8702.37999994131
2018-01-16T17:00:00.0,17,7961.623633497288
2018-01-16T18:00:00.0,18,7093.669453901487
2018-01-16T19:00:00.0,19,6413.060318946223
2018-01-16T20:00:00.0,20,5771.7292099368
2018-01-16T21:00:00.0,21,5071.899990509747
2018-01-16T22:00:00.0,22,4535.727076415662
2018-01-16T23:00:00.0,23,4353.277280731433
2018-01-17T00:00:00.0,0,4270.373858996504
2018-01-17T01:00:00.0,1,3893.979613815099
2018-01-17T02:00:00.0,2,3842.8752182504904
2018-01-17T03:00:00.0,3,3746.660561688846
2018-01-17T04:00:00.0,4,3723.779019853336
2018-01-17T05:00:00.0,5,3494.0602291761593
2018-01-17T06:00:00.0,6,3591.0556111561295
2018-01-17T07:00:00.0,7,3678.445088669661
2018-01-17T08:00:00.0,8,3875.7724912357203
2018-01-17T09:00:00.0,9,4096.248317747615
2018-01-17T10:00:00.0,10,4375.589140625582
2018-01-17T11:00:00.0,11,4425.7374045682345
2018-01-17T12:00:00.0,12,4516.741598622361
2018-01-17T13:00:00.0,13,4555.840648788165
2018-01-17T14:00:00.0,14,4491.3128303440535
2018-01-17T15:00:00.0,15,3658.2690226839245
2018-01-17T16:00:00.0,16,3114.0415030931676
2018-01-17T17:00:00.0,17,2892.339798687271
2018-01-17T18:00:00.0,18,2739.306117853824
2018-01-17T19:00:00.0,19,2519.867089788371
2018-01-17T20:00:00.0,20,2166.4609615663817
2018-01-17T21:00:00.0,21,1911.8313007150255
2018-01-17T22:00:00.0,22,1887.7139340808505
2018-01-17T23:00:00.0,23,2563.775867228246
2018-01-18T00:00:00.0,0,4256.253651547438
2018-01-18T01:00:00.0,1,6219.558632541171
2018-01-18T02:00:00.0,2,7978.276701567925
2018-01-18T03:00:00.0,3,9378.031999682935
2018-01-18T04:00:00.0,4,10256.12520754708
2018-01-18T05:00:00.0,5,10541.55061948978
2018-01-18T06:00:00.0,6,10466.115566010225
2018-01-18T07:00:00.0,7,10227.631230415134
2018-01-18T08:00:00.0,8,9710.279163045801
2018-01-18T09:00:00.0,9,9234.154897409422
2018-01-18T10:00:00.0,10,9086.269639447322
2018-01-18T11:00:00.0,11,8893.08835816213
2018-01-18T12:00:00.0,12,8674.927697909743
2018-01-18T13:00:00.0,13,8271.66269018082
2018-01-18T14:00:00.0,14,7774.443583220175
2018-01-18T15:00:00.0,15,5492.970239725088
2018-01-18T16:00:00.0,16,4253.383754873866
2018-01-18T17:00:00.0,17,3900.546944963275
2018-01-18T18:00:00.0,18,3902.491267735426
2018-01-18T19:00:00.0,19,3870.2002990924216
2018-01-18T20:00:00.0,20,3631.334880823211
2018-01-18T21:00:00.0,21,3461.154736274002
2018-01-18T22:00:00.0,22,3626.8876380642105
2018-01-18T23:00:00.0,23,5316.443765571594
2018-01-19T00:00:00.0,0,8563.311680904486
2018-01-19T01:00:00.0,1,11215.572915334908
2018-01-19T02:00:00.0,2,12738.028444688041
2018-01-19T03:00:00.0,3,13607.654449567131
2018-01-19T04:00:00.0,4,13936.805785450577
2018-01-19T05:00:00.0,5,13946.241342044656
2018-01-19T06:00:00.0,6,13632.622956783916
2018-01-19T07:00:00.0,7,13371.858386747263
2018-01-19T08:00:00.0,8,13029.130021220053
2018-01-19T09:00:00.0,9,12974.857627094738
2018-01-19T10:00:00.0,10,13117.779883390023
2018-01-19T11:00:00.0,11,13205.615473953314
2018-01-19T12:00:00.0,12,13251.47294704085
2018-01-19T13:00:00.0,13,13235.026498893962
2018-01-19T14:00:00.0,14,12938.034750418641
2018-01-19T15:00:00.0,15,11180.253881523784
2018-01-19T16:00:00.0,16,9006.291679657805
2018-01-19T17:00:00.0,17,8534.669165768313
2018-01-19T18:00:00.0,18,8959.01892926141
2018-01-19T19:00:00.0,19,9597.254570769668
2018-01-19T20:00:00.0,20,9759.705180547135
2018-01-19T21:00:00.0,21,9660.315643940477
2018-01-19T22:00:00.0,22,9611.783941727137
2018-01-19T23:00:00.0,23,11876.637059693274
2018-01-20T00:00:00.0,0,13543.671788536756
2018-01-20T01:00:00.0,1,13926.508608803595
2018-01-20T02:00:00.0,2,13783.237002117292
2018-01-20T03:00:00.0,3,13912.110122589367
2018-01-20T04:00:00.0,4,13878.498929437252
2018-01-20T05:00:00.0,5,13822.249628545896
2018-01-20T06:00:00.0,6,13715.107654633981
2018-01-20T07:00:00.0,7,13702.626782497106
2018-01-20T08:00:00.0,8,13687.85929154158
2018-01-20T09:00:00.0,9,13659.85264733821
2018-01-20T10:00:00.0,10,13407.275171763666
2018-01-20T11:00:00.0,11,13123.23091817763
2018-01-20T12:00:00.0,12,12967.690709531676
2018-01-20T13:00:00.0,13,12912.084176307877
2018-01-20T14:00:00.0,14,12666.721969093122
2018-01-20T15:00:00.0,15,11252.005427518883
2018-01-20T16:00:00.0,16,8767.328763641544
2018-01-20T17:00:00.0,17,7230.422067273758
2018-01-20T18:00:00.0,18,7402.492453638787
2018-01-20T19:00:00.0,19,7955.802037140129
2018-01-20T20:00:00.0,20,8217.698236415154
2018-01-20T21:00:00.0,21,8066.951535448085
2018-01-20T22:00:00.0,22,8307.907315932842
2018-01-20T23:00:00.0,23,10745.893306562495
2018-01-21T00:00:00.0,0,13732.904963676572
2018-01-21T01:00:00.0,1,15149.501915921179
2018-01-21T02:00:00.0,2,15597.159595766267
2018-01-21T03:00:00.0,3,15957.348228640707
2018-01-21T04:00:00.0,4,16214.08708293132
2018-01-21T05:00:00.0,5,16371.177719218895
2018-01-21T06:00:00.0,6,16534.164798584185
2018-01-21T07:00:00.0,7,17074.845382476797
2018-01-21T08:00:00.0,8,17250.388045193147
2018-01-21T09:00:00.0,9,16973.661095110347
2018-01-21T10:00:00.0,10,16420.41077999266
2018-01-21T11:00:00.0,11,16359.461613383564
2018-01-21T12:00:00.0,12,16517.34111034498
2018-01-21T13:00:00.0,13,16484.000922636395
2018-01-21T14:00:00.0,14,16352.666473883946
2018-01-21T15:00:00.0,15,15882.371102683077
2018-01-21T16:00:00.0,16,15116.263937591613
2018-01-21T17:00:00.0,17,15458.174832317922
2018-01-21T18:00:00.0,18,16160.408947030532
2018-01-21T19:00:00.0,19,17397.179711074725
2018-01-21T20:00:00.0,20,17743.673825849688
2018-01-21T21:00:00.0,21,17713.52802319797
2018-01-21T22:00:00.0,22,17553.894011068813
2018-01-21T23:00:00.0,23,17555.703436797554
2018-01-22T00:00:00.0,0,17465.196263695794
2018-01-22T01:00:00.0,1,17518.29820766481
2018-01-22T02:00:00.0,2,17783.325824871958
2018-01-22T03:00:00.0,3,17836.570144526868
2018-01-22T04:00:00.0,4,17716.771006300733
2018-01-22T05:00:00.0,5,17344.412911175732
2018-01-22T06:00:00.0,6,16428.08098083002
2018-01-22T07:00:00.0,7,15735.429423981133
2018-01-22T08:00:00.0,8,14848.75525964135
2018-01-22T09:00:00.0,9,14375.166001222513
2018-01-22T10:00:00.0,10,13956.795489882681
2018-01-22T11:00:00.0,11,13674.335380640185
2018-01-22T12:00:00.0,12,13510.571242845976
2018-01-22T13:00:00.0,13,13756.008545728006
2018-01-22T14:00:00.0,14,12580.458767884686
2018-01-22T15:00:00.0,15,10295.388907243017
2018-01-22T16:00:00.0,16,10197.149568565825
2018-01-22T17:00:00.0,17,11468.876342198228
2018-01-22T18:00:00.0,18,12147.521956280792
2018-01-22T19:00:00.0,19,11268.213920092867
2018-01-22T20:00:00.0,20,10501.650026996484
2018-01-22T21:00:00.0,21,9231.54701788517
2018-01-22T22:00:00.0,22,7080.457203293012
2018-01-22T23:00:00.0,23,5464.574678263066
2018-01-23T00:00:00.0,0,4767.827379849067
2018-01-23T01:00:00.0,1,3886.3203971767707
2018-01-23T02:00:00.0,2,3187.2790497321434
2018-01-23T03:00:00.0,3,2767.533731362161
2018-01-23T04:00:00.0,4,2514.567005968443
2018-01-23T05:00:00.0,5,2170.3488111511097
2018-01-23T06:00:00.0,6,1700.8854048853912
2018-01-23T07:00:00.0,7,1517.9856285226833
2018-01-23T08:00:00.0,8,1352.1036588968097
2018-01-23T09:00:00.0,9,1198.7065407272964
2018-01-23T10:00:00.0,10,1075.3939068577815
2018-01-23T11:00:00.0,11,944.2093759981157
2018-01-23T12:00:00.0,12,900.6630287447059
2018-01-23T13:00:00.0,13,897.6641123167374
2018-01-23T14:00:00.0,14,847.3404659274961
2018-01-23T15:00:00.0,15,570.4886877417972
2018-01-23T16:00:00.0,16,317.9648506597174
2018-01-23T17:00:00.0,17,463.0072281617698
2018-01-23T18:00:00.0,18,611.811331635999
2018-01-23T19:00:00.0,19,653.2489870795506
2018-01-23T20:00:00.0,20,730.0995575419506
2018-01-23T21:00:00.0,21,709.4135503016387
2018-01-23T22:00:00.0,22,716.5045768750161
2018-01-23T23:00:00.0,23,949.972568423685
2018-01-24T00:00:00.0,0,1644.959314400915
2018-01-24T01:00:00.0,1,2053.0390314893734
2018-01-24T02:00:00.0,2,2334.961010891102
2018-01-24T03:00:00.0,3,2635.7181613515463
2018-01-24T04:00:00.0,4,3090.029608519717
2018-01-24T05:00:00.0,5,3011.9719288343945
2018-01-24T06:00:00.0,6,2985.67021073021
2018-01-24T07:00:00.0,7,2729.6462289056194
2018-01-24T08:00:00.0,8,2437.8436467797023
2018-01-24T09:00:00.0,9,2189.8092501511524
2018-01-24T10:00:00.0,10,2042.3265928158755
2018-01-24T11:00:00.0,11,2112.340678442888
2018-01-24T12:00:00.0,12,2195.1515551877537
2018-01-24T13:00:00.0,13,2232.702435540141
2018-01-24T14:00:00.0,14,2443.399349251093
2018-01-24T15:00:00.0,15,2138.451427144946
2018-01-24T16:00:00.0,16,1631.236805775208
2018-01-24T17:00:00.0,17,2159.342874829947
2018-01-24T18:00:00.0,18,2864.623163950397
2018-01-24T19:00:00.0,19,3736.0988441046297
2018-01-24T20:00:00.0,20,4229.462631053527
2018-01-24T21:00:00.0,21,4400.46998218982
2018-01-24T22:00:00.0,22,4254.180303038148
2018-01-24T23:00:00.0,23,5010.043411036967
2018-01-25T00:00:00.0,0,6921.1964238035325
2018-01-25T01:00:00.0,1,9388.255305454013
2018-01-25T02:00:00.0,2,11529.973248218173
2018-01-25T03:00:00.0,3,13490.328453047085
2018-01-25T04:00:00.0,4,14159.42247743968
2018-01-25T05:00:00.0,5,14306.461874653158
2018-01-25T06:00:00.0,6,14031.287386202135
2018-01-25T07:00:00.0,7,14223.806025103417
2018-01-25T08:00:00.0,8,14471.050161362224
2018-01-25T09:00:00.0,9,14417.733805281523
2018-01-25T10:00:00.0,10,14176.721642107363
2018-01-25T11:00:00.0,11,14046.649288559487
2018-01-25T12:00:00.0,12,13985.184039712627
2018-01-25T13:00:00.0,13,13891.779020447728
2018-01-25T14:00:00.0,14,13774.903202134616
2018-01-25T15:00:00.0,15,11898.342303613528
2018-01-25T16:00:00.0,16,11242.000557649932
2018-01-25T17:00:00.0,17,11829.552366367485
2018-01-25T18:00:00.0,18,12798.649650009573
2018-01-25T19:00:00.0,19,13353.146391684139
2018-01-25T20:00:00.0,20,13374.291538685646
2018-01-25T21:00:00.0,21,13405.35536830158
2018-01-25T22:00:00.0,22,13128.798039326124
2018-01-25T23:00:00.0,23,13530.026214245023
2018-01-26T00:00:00.0,0,14665.145509107502
2018-01-26T01:00:00.0,1,15709.12321602554
2018-01-26T02:00:00.0,2,16302.991765151919
2018-01-26T03:00:00.0,3,16710.416568577024
2018-01-26T04:00:00.0,4,16677.188739460154
2018-01-26T05:00:00.0,5,16653.686939427946
2018-01-26T06:00:00.0,6,16905.35582822668
2018-01-26T07:00:00.0,7,17258.988717573975
2018-01-26T08:00:00.0,8,17408.945230707905
2018-01-26T09:00:00.0,9,17348.171444548054
2018-01-26T10:00:00.0,10,17252.615965507724
2018-01-26T11:00:00.0,11,17164.777719989128
2018-01-26T12:00:00.0,12,16992.42274855002
2018-01-26T13:00:00.0,13,16699.362661805044
2018-01-26T14:00:00.0,14,16296.704518638093
2018-01-26T15:00:00.0,15,15254.541961850984
2018-01-26T16:00:00.0,16,14701.992439546388
2018-01-26T17:00:00.0,17,14653.834822341627
2018-01-26T18:00:00.0,18,14420.048328419498
2018-01-26T19:00:00.0,19,14072.568588536027
2018-01-26T20:00:00.0,20,13260.002829793753
2018-01-26T21:00:00.0,21,11652.395209860937
2018-01-26T22:00:00.0,22,10044.248539990693
2018-01-26T23:00:00.0,23,9427.709036813589
2018-01-27T00:00:00.0,0,10717.703400301298
2018-01-27T01:00:00.0,1,11747.15180151439
2018-01-27T02:00:00.0,2,12562.928995422766
2018-01-27T03:00:00.0,3,13044.977174962667
2018-01-27T04:00:00.0,4,12661.648152785347
2018-01-27T05:00:00.0,5,12528.371066866932
2018-01-27T06:00:00.0,6,10731.349795033655
2018-01-27T07:00:00.0,7,9897.128087591647
2018-01-27T08:00:00.0,8,8833.873304458435
2018-01-27T09:00:00.0,9,8449.941685831147
2018-01-27T10:00:00.0,10,8880.163192205304
2018-01-27T11:00:00.0,11,9484.512574521577
2018-01-27T12:00:00.0,12,9726.04849130891
2018-01-27T13:00:00.0,13,9519.003398597913
2018-01-27T14:00:00.0,14,8490.503219169064
2018-01-27T15:00:00.0,15,6433.275511191568
2018-01-27T16:00:00.0,16,5371.189802456979
2018-01-27T17:00:00.0,17,4461.490648208374
2018-01-27T18:00:00.0,18,3674.743119579361
2018-01-27T19:00:00.0,19,2993.310589970886
2018-01-27T20:00:00.0,20,2685.1652336044326
2018-01-27T21:00:00.0,21,2599.194724800877
2018-01-27T22:00:00.0,22,2478.14645384242
2018-01-27T23:00:00.0,23,3153.805986774007
2018-01-28T00:00:00.0,0,4518.835134565725
2018-01-28T01:00:00.0,1,4907.4383870275515
2018-01-28T02:00:00.0,2,4914.238652275317
2018-01-28T03:00:00.0,3,5149.068768235668
2018-01-28T04:00:00.0,4,5101.984911749642
2018-01-28T05:00:00.0,5,5195.522562836959
2018-01-28T06:00:00.0,6,5078.645709802561
2018-01-28T07:00:00.0,7,4842.534073029042
2018-01-28T08:00:00.0,8,4454.478007665412
2018-01-28T09:00:00.0,9,4240.605959556659
2018-01-28T10:00:00.0,10,3855.5953527471934
2018-01-28T11:00:00.0,11,3730.566637705311
2018-01-28T12:00:00.0,12,3593.387048657683
2018-01-28T13:00:00.0,13,3610.889882901396
2018-01-28T14:00:00.0,14,3133.94838269864
2018-01-28T15:00:00.0,15,2207.202734659791
2018-01-28T16:00:00.0,16,1486.8339212072717
2018-01-28T17:00:00.0,17,1122.5364328671728
2018-01-28T18:00:00.0,18,864.553418212325
2018-01-28T19:00:00.0,19,635.6339500566056
2018-01-28T20:00:00.0,20,556.039153698913
2018-01-28T21:00:00.0,21,639.5030177713887
2018-01-28T22:00:00.0,22,674.3548623416241
2018-01-28T23:00:00.0,23,866.8574834856796
2018-01-29T00:00:00.0,0,1308.7392719067973
2018-01-29T01:00:00.0,1,2254.2374228514705
2018-01-29T02:00:00.0,2,3047.0487878574054
2018-01-29T03:00:00.0,3,3500.302028439017
2018-01-29T04:00:00.0,4,3816.918337465904
2018-01-29T05:00:00.0,5,3582.7602745590825
2018-01-29T06:00:00.0,6,4183.337033556919
2018-01-29T07:00:00.0,7,4694.534833826732
2018-01-29T08:00:00.0,8,5515.65717365494
2018-01-29T09:00:00.0,9,6529.745249145225
2018-01-29T10:00:00.0,10,8345.766361786975
2018-01-29T11:00:00.0,11,9323.33108029842
2018-01-29T12:00:00.0,12,9115.995424371009
2018-01-29T13:00:00.0,13,8688.672637278314
2018-01-29T14:00:00.0,14,7033.097148508546
2018-01-29T15:00:00.0,15,4058.0995202612
2018-01-29T16:00:00.0,16,2640.379310424692
2018-01-29T17:00:00.0,17,1945.1428826208087
2018-01-29T18:00:00.0,18,1755.7417885752104
2018-01-29T19:00:00.0,19,1720.4108129094059
2018-01-29T20:00:00.0,20,1626.2385809940322
2018-01-29T21:00:00.0,21,1413.5058702067274
2018-01-29T22:00:00.0,22,1233.9908679769567
2018-01-29T23:00:00.0,23,1275.5613156799523
2018-01-30T00:00:00.0,0,1956.4946511125966
2018-01-30T01:00:00.0,1,3007.227288202894
2018-01-30T02:00:00.0,2,4624.637417391476
2018-01-30T03:00:00.0,3,6133.617445828341
2018-01-30T04:00:00.0,4,8034.986742611366
2018-01-30T05:00:00.0,5,10083.585446375166
2018-01-30T06:00:00.0,6,11671.584086768118
2018-01-30T07:00:00.0,7,12617.366415510316
2018-01-30T08:00:00.0,8,13128.323670260754
2018-01-30T09:00:00.0,9,13682.071454353048
2018-01-30T10:00:00.0,10,14377.143223118122
2018-01-30T11:00:00.0,11,14646.550101770226
2018-01-30T12:00:00.0,12,14854.186235558105
2018-01-30T13:00:00.0,13,14770.440346508703
2018-01-30T14:00:00.0,14,14294.614274462603
2018-01-30T15:00:00.0,15,12742.365134523918
2018-01-30T16:00:00.0,16,11989.07821848403
2018-01-30T17:00:00.0,17,12092.843787612388
2018-01-30T18:00:00.0,18,12897.8855335223
2018-01-30T19:00:00.0,19,13709.990644287502
2018-01-30T20:00:00.0,20,14256.515027620904
2018-01-30T21:00:00.0,21,14636.996820857932
2018-01-30T22:00:00.0,22,14402.481255816738
2018-01-30T23:00:00.0,23,15263.628034012074
2018-01-31T00:00:00.0,0,16318.4765647077
2018-01-31T01:00:00.0,1,17054.93665739879
2018-01-31T02:00:00.0,2,17456.67144855857
2018-01-31T03:00:00.0,3,17621.14053316433
2018-01-31T04:00:00.0,4,17656.068959611035
2018-01-31T05:00:00.0,5,17650.94062251256
2018-01-31T06:00:00.0,6,17758.165911442087
2018-01-31T07:00:00.0,7,17704.79152728996
2018-01-31T08:00:00.0,8,17605.56076756905
2018-01-31T09:00:00.0,9,17596.059023865284
2018-01-31T10:00:00.0,10,17486.32405860284
2018-01-31T11:00:00.0,11,17272.730062143422
2018-01-31T12:00:00.0,12,16963.414652628202
2018-01-31T13:00:00.0,13,16751.241428392652
2018-01-31T14:00:00.0,14,16232.250858174337
2018-01-31T15:00:00.0,15,14093.202961369205
2018-01-31T16:00:00.0,16,11812.638754111933
2018-01-31T17:00:00.0,17,11320.94999969915
2018-01-31T18:00:00.0,18,10945.2845347122
2018-01-31T19:00:00.0,19,10744.74267211972
2018-01-31T20:00:00.0,20,10820.339216713613
2018-01-31T21:00:00.0,21,10527.116688699347
2018-01-31T22:00:00.0,22,9969.793489847429
2018-01-31T23:00:00.0,23,10646.629759160473
2018-02-01T00:00:00.0,0,12702.30420480238
2018-02-01T01:00:00.0,1,14173.206958630444
2018-02-01T02:00:00.0,2,14812.301155977186
2018-02-01T03:00:00.0,3,15206.151745670848
2018-02-01T04:00:00.0,4,15236.526505290474
2018-02-01T05:00:00.0,5,15192.487182229745
2018-02-01T06:00:00.0,6,15393.327144892786
2018-02-01T07:00:00.0,7,14548.316489558061
2018-02-01T08:00:00.0,8,13972.478736182478
2018-02-01T09:00:00.0,9,13108.363447530204
2018-02-01T10:00:00.0,10,11895.218726410212
2018-02-01T11:00:00.0,11,12580.354338868192
2018-02-01T12:00:00.0,12,13979.06345602627
2018-02-01T13:00:00.0,13,14514.754676219673
2018-02-01T14:00:00.0,14,13817.42732688931
2018-02-01T15:00:00.0,15,12246.390737515101
2018-02-01T16:00:00.0,16,11934.704319219023
2018-02-01T17:00:00.0,17,10624.560360372505
2018-02-01T18:00:00.0,18,9362.151736150641
2018-02-01T19:00:00.0,19,8181.316474388015
2018-02-01T20:00:00.0,20,7598.957448935885
2018-02-01T21:00:00.0,21,7326.112442408826
2018-02-01T22:00:00.0,22,7169.954715483942
2018-02-01T23:00:00.0,23,7317.1189818662715
2018-02-02T00:00:00.0,0,9767.269259133314
2018-02-02T01:00:00.0,1,11906.849316122576
2018-02-02T02:00:00.0,2,12565.381965472841
2018-02-02T03:00:00.0,3,12478.772791827187
2018-02-02T04:00:00.0,4,12392.65395481883
2018-02-02T05:00:00.0,5,12199.882345583268
2018-02-02T06:00:00.0,6,11949.823877968922
2018-02-02T07:00:00.0,7,11166.90625987359
2018-02-02T08:00:00.0,8,9851.66423618468
2018-02-02T09:00:00.0,9,8786.161402911084
2018-02-02T10:00:00.0,10,7283.344574170628
2018-02-02T11:00:00.0,11,5888.142564081038
2018-02-02T12:00:00.0,12,5068.708470372876
2018-02-02T13:00:00.0,13,4438.6562778696525
2018-02-02T14:00:00.0,14,3544.75890183616
2018-02-02T15:00:00.0,15,2927.863304177514
2018-02-02T16:00:00.0,16,3105.047080215792
2018-02-02T17:00:00.0,17,3441.354069949322
2018-02-02T18:00:00.0,18,3662.1683868270134
2018-02-02T19:00:00.0,19,4128.226476480132
2018-02-02T20:00:00.0,20,4422.364270605635
2018-02-02T21:00:00.0,21,4645.498665887093
2018-02-02T22:00:00.0,22,4849.97755910928
2018-02-02T23:00:00.0,23,5313.305386109073
2018-02-03T00:00:00.0,0,7420.005980476853
2018-02-03T01:00:00.0,1,10370.972856837356
2018-02-03T02:00:00.0,2,12548.246720426374
2018-02-03T03:00:00.0,3,13807.41018732421
2018-02-03T04:00:00.0,4,14567.955017487293
2018-02-03T05:00:00.0,5,14595.872757822282
2018-02-03T06:00:00.0,6,14438.862419541902
2018-02-03T07:00:00.0,7,14339.670412548136
2018-02-03T08:00:00.0,8,13857.647381440847
2018-02-03T09:00:00.0,9,13268.385718657019
2018-02-03T10:00:00.0,10,12935.528486902998
2018-02-03T11:00:00.0,11,12519.657746139143
2018-02-03T12:00:00.0,12,12220.2258331361
2018-02-03T13:00:00.0,13,12065.856892392396
2018-02-03T14:00:00.0,14,11711.169753161179
2018-02-03T15:00:00.0,15,10305.343490359535
2018-02-03T16:00:00.0,16,9056.611620591942
2018-02-03T17:00:00.0,17,8559.73588759452
2018-02-03T18:00:00.0,18,8305.415272613927
2018-02-03T19:00:00.0,19,8206.776342661296
2018-02-03T20:00:00.0,20,8352.456963499359
2018-02-03T21:00:00.0,21,7635.366709508041
2018-02-03T22:00:00.0,22,6349.966231907764
2018-02-03T23:00:00.0,23,5837.356931001835
2018-02-04T00:00:00.0,0,6707.07445741224
2018-02-04T01:00:00.0,1,7902.318824060404
2018-02-04T02:00:00.0,2,8154.654125456597
2018-02-04T03:00:00.0,3,7719.562716668537
2018-02-04T04:00:00.0,4,6810.632337687758
2018-02-04T05:00:00.0,5,5661.512834918638
2018-02-04T06:00:00.0,6,5370.45097440381
2018-02-04T07:00:00.0,7,5109.6202221665835
2018-02-04T08:00:00.0,8,5109.054956476185
2018-02-04T09:00:00.0,9,4803.247179846177
2018-02-04T10:00:00.0,10,4918.374023449398
2018-02-04T11:00:00.0,11,5212.89641493183
2018-02-04T12:00:00.0,12,4835.159623303374
2018-02-04T13:00:00.0,13,4288.336915052573
2018-02-04T14:00:00.0,14,3209.3301513581996
2018-02-04T15:00:00.0,15,2099.976515997529
2018-02-04T16:00:00.0,16,1999.1267336521678
2018-02-04T17:00:00.0,17,2440.8319523418577
2018-02-04T18:00:00.0,18,3214.969565405703
2018-02-04T19:00:00.0,19,4125.640931001927
2018-02-04T20:00:00.0,20,5225.159581575022
2018-02-04T21:00:00.0,21,6852.662323381742
2018-02-04T22:00:00.0,22,8385.584340332
2018-02-04T23:00:00.0,23,9334.287117126747
2018-02-05T00:00:00.0,0,11610.475755054196
2018-02-05T01:00:00.0,1,12707.533021294126
2018-02-05T02:00:00.0,2,12362.929438972797
2018-02-05T03:00:00.0,3,11588.486098292595
2018-02-05T04:00:00.0,4,10396.29436440619
2018-02-05T05:00:00.0,5,8937.338673426697
2018-02-05T06:00:00.0,6,7421.9580593450455
2018-02-05T07:00:00.0,7,5800.14570806352
2018-02-05T08:00:00.0,8,4846.565325885408
2018-02-05T09:00:00.0,9,4633.938206037459
2018-02-05T10:00:00.0,10,4722.420454476886
2018-02-05T11:00:00.0,11,4944.167495928358
2018-02-05T12:00:00.0,12,5542.70183996883
2018-02-05T13:00:00.0,13,6146.061344282502
2018-02-05T14:00:00.0,14,6502.348612819158
2018-02-05T15:00:00.0,15,7156.477436044982
2018-02-05T16:00:00.0,16,7684.4230922712895
2018-02-05T17:00:00.0,17,7969.311930441298
2018-02-05T18:00:00.0,18,8619.969272182296
2018-02-05T19:00:00.0,19,8535.308218388496
2018-02-05T20:00:00.0,20,7276.873239407597
2018-02-05T21:00:00.0,21,6151.640890868701
2018-02-05T22:00:00.0,22,5048.438657970982
2018-02-05T23:00:00.0,23,5194.103251835343
2018-02-06T00:00:00.0,0,6717.062281866755
2018-02-06T01:00:00.0,1,8621.016483215715
2018-02-06T02:00:00.0,2,10285.02389067364
2018-02-06T03:00:00.0,3,11700.87907042579
2018-02-06T04:00:00.0,4,11703.638452087029
2018-02-06T05:00:00.0,5,10872.681862197025
2018-02-06T06:00:00.0,6,9536.068777247188
2018-02-06T07:00:00.0,7,8464.76523291506
2018-02-06T08:00:00.0,8,7539.579214591223
2018-02-06T09:00:00.0,9,7028.588194425402
2018-02-06T10:00:00.0,10,6834.990215067443
2018-02-06T11:00:00.0,11,7148.337792052348
2018-02-06T12:00:00.0,12,7829.839155224122
2018-02-06T13:00:00.0,13,7919.817678445242
2018-02-06T14:00:00.0,14,7050.291239421743
2018-02-06T15:00:00.0,15,6088.531260764416
2018-02-06T16:00:00.0,16,5521.334638811214
2018-02-06T17:00:00.0,17,5189.25423024421
2018-02-06T18:00:00.0,18,4797.600607160658
2018-02-06T19:00:00.0,19,4502.197079423211
2018-02-06T20:00:00.0,20,4429.997760272651
2018-02-06T21:00:00.0,21,4352.964370930936
2018-02-06T22:00:00.0,22,4173.475327029614
2018-02-06T23:00:00.0,23,3887.478126727758
2018-02-07T00:00:00.0,0,4107.462323523013
2018-02-07T01:00:00.0,1,4713.364758430968
2018-02-07T02:00:00.0,2,5026.881703862662
2018-02-07T03:00:00.0,3,5531.383364557671
2018-02-07T04:00:00.0,4,5784.678598085349
2018-02-07T05:00:00.0,5,5736.42486958043
2018-02-07T06:00:00.0,6,5554.969607116902
2018-02-07T07:00:00.0,7,5160.097522597341
2018-02-07T08:00:00.0,8,5248.978524158513
2018-02-07T09:00:00.0,9,5101.213070940331
2018-02-07T10:00:00.0,10,4933.724839993648
2018-02-07T11:00:00.0,11,4902.41191262592
2018-02-07T12:00:00.0,12,5181.757582926091
2018-02-07T13:00:00.0,13,5790.535031305794
2018-02-07T14:00:00.0,14,5157.829979407788
2018-02-07T15:00:00.0,15,5036.256909676184
2018-02-07T16:00:00.0,16,4580.792511885068
2018-02-07T17:00:00.0,17,4636.124609552852
2018-02-07T18:00:00.0,18,4365.6616224200625
2018-02-07T19:00:00.0,19,4085.888340168421
2018-02-07T20:00:00.0,20,3839.7126842813864
2018-02-07T21:00:00.0,21,3653.3678362733117
2018-02-07T22:00:00.0,22,3423.7983250998436
2018-02-07T23:00:00.0,23,3112.4707849676524
2018-02-08T00:00:00.0,0,3540.8284264783706
2018-02-08T01:00:00.0,1,4053.058349782365
2018-02-08T02:00:00.0,2,4645.185228544902
2018-02-08T03:00:00.0,3,4865.982924434086
2018-02-08T04:00:00.0,4,4717.10173167146
2018-02-08T05:00:00.0,5,4692.461856402013
2018-02-08T06:00:00.0,6,4906.667604059178
2018-02-08T07:00:00.0,7,5330.411155482795
2018-02-08T08:00:00.0,8,5637.768591744304
2018-02-08T09:00:00.0,9,5971.333930032033
2018-02-08T10:00:00.0,10,6426.440726486887
2018-02-08T11:00:00.0,11,6481.436826059401
2018-02-08T12:00:00.0,12,6107.196228379831
2018-02-08T13:00:00.0,13,5856.2122773329365
2018-02-08T14:00:00.0,14,5531.766386908217
2018-02-08T15:00:00.0,15,3703.588660654615
2018-02-08T16:00:00.0,16,2784.9813850913156
2018-02-08T17:00:00.0,17,2818.0634121667485
2018-02-08T18:00:00.0,18,3241.8280405723267
2018-02-08T19:00:00.0,19,4040.100117294207
2018-02-08T20:00:00.0,20,4732.348002628481
2018-02-08T21:00:00.0,21,5339.734635610867
2018-02-08T22:00:00.0,22,5532.292783972346
2018-02-08T23:00:00.0,23,6505.103217954263
2018-02-09T00:00:00.0,0,9225.690669172
2018-02-09T01:00:00.0,1,12006.90789457225
2018-02-09T02:00:00.0,2,13975.002392637689
2018-02-09T03:00:00.0,3,14721.930022131302
2018-02-09T04:00:00.0,4,14830.406164706108
2018-02-09T05:00:00.0,5,14963.042623611218
2018-02-09T06:00:00.0,6,14852.573183626451
2018-02-09T07:00:00.0,7,14458.310507443182
2018-02-09T08:00:00.0,8,14014.339746333184
2018-02-09T09:00:00.0,9,13687.174371835565
2018-02-09T10:00:00.0,10,13081.646671544504
2018-02-09T11:00:00.0,11,12483.9160529243
2018-02-09T12:00:00.0,12,11880.129223319514
2018-02-09T13:00:00.0,13,11386.959508725764
2018-02-09T14:00:00.0,14,10746.632233566312
2018-02-09T15:00:00.0,15,8784.356617510522
2018-02-09T16:00:00.0,16,7069.015545511914
2018-02-09T17:00:00.0,17,6262.2125180217545
2018-02-09T18:00:00.0,18,5597.638963023273
2018-02-09T19:00:00.0,19,4948.850184616311
2018-02-09T20:00:00.0,20,4097.415645154341
2018-02-09T21:00:00.0,21,3461.335075705938
2018-02-09T22:00:00.0,22,3271.0316290189476
2018-02-09T23:00:00.0,23,4685.613427909062
2018-02-10T00:00:00.0,0,8221.178540307412
2018-02-10T01:00:00.0,1,11247.331125648254
2018-02-10T02:00:00.0,2,11448.149265861879
2018-02-10T03:00:00.0,3,9569.61757767184
2018-02-10T04:00:00.0,4,7763.003190673102
2018-02-10T05:00:00.0,5,6963.826828409849
2018-02-10T06:00:00.0,6,6826.719231298189
2018-02-10T07:00:00.0,7,7380.701905468331
2018-02-10T08:00:00.0,8,8307.952927728245
2018-02-10T09:00:00.0,9,9142.581916481053
2018-02-10T10:00:00.0,10,9445.496606804943
2018-02-10T11:00:00.0,11,9524.576316373235
2018-02-10T12:00:00.0,12,9278.666820848639
2018-02-10T13:00:00.0,13,8562.160987820625
2018-02-10T14:00:00.0,14,7685.420169267829
2018-02-10T15:00:00.0,15,6796.570353969223
2018-02-10T16:00:00.0,16,6039.556347767523
2018-02-10T17:00:00.0,17,4971.465671184271
2018-02-10T18:00:00.0,18,3811.645544813878
2018-02-10T19:00:00.0,19,2828.5346536693346
2018-02-10T20:00:00.0,20,2092.2881174964373
2018-02-10T21:00:00.0,21,1647.1559422953214
2018-02-10T22:00:00.0,22,1471.0283990279474
2018-02-10T23:00:00.0,23,1804.4637425355188
2018-02-11T00:00:00.0,0,3540.4060993124313
2018-02-11T01:00:00.0,1,5402.637521012803
2018-02-11T02:00:00.0,2,6710.313218973872
2018-02-11T03:00:00.0,3,7382.4055902226455
2018-02-11T04:00:00.0,4,7447.129631323882
2018-02-11T05:00:00.0,5,7614.570438873038
2018-02-11T06:00:00.0,6,7988.368452149862
2018-02-11T07:00:00.0,7,8665.0470418062
2018-02-11T08:00:00.0,8,9206.76329398388
2018-02-11T09:00:00.0,9,9620.934335519001
2018-02-11T10:00:00.0,10,9825.814241592418
2018-02-11T11:00:00.0,11,9867.814305959322
2018-02-11T12:00:00.0,12,9295.835836484488
2018-02-11T13:00:00.0,13,8609.363861762668
2018-02-11T14:00:00.0,14,7256.394139730597
2018-02-11T15:00:00.0,15,6686.164270869677
2018-02-11T16:00:00.0,16,6294.787023706097
2018-02-11T17:00:00.0,17,5607.848740433557
2018-02-11T18:00:00.0,18,5548.707020433154
2018-02-11T19:00:00.0,19,5306.323395409711
2018-02-11T20:00:00.0,20,5016.542968939874
2018-02-11T21:00:00.0,21,4651.035737047462
2018-02-11T22:00:00.0,22,4196.445083007247
2018-02-11T23:00:00.0,23,3650.1130647019963
2018-02-12T00:00:00.0,0,3353.1208629990656
2018-02-12T01:00:00.0,1,3367.1645434557845
2018-02-12T02:00:00.0,2,3483.9639052821335
2018-02-12T03:00:00.0,3,3540.493915701191
2018-02-12T04:00:00.0,4,3581.13801753764
2018-02-12T05:00:00.0,5,3726.2229427614034
2018-02-12T06:00:00.0,6,3804.494444161477
2018-02-12T07:00:00.0,7,3890.2817968302134
2018-02-12T08:00:00.0,8,3817.410365887666
2018-02-12T09:00:00.0,9,4048.02727935547
2018-02-12T10:00:00.0,10,4221.96402088798
2018-02-12T11:00:00.0,11,4240.315804267694
2018-02-12T12:00:00.0,12,4321.618988904257
2018-02-12T13:00:00.0,13,4322.115339605909
2018-02-12T14:00:00.0,14,3795.3395386376246
2018-02-12T15:00:00.0,15,3005.6063131116557
2018-02-12T16:00:00.0,16,3139.9465821472186
2018-02-12T17:00:00.0,17,3138.500557914662
2018-02-12T18:00:00.0,18,3297.6034676350077
2018-02-12T19:00:00.0,19,3523.770320184122
2018-02-12T20:00:00.0,20,3611.270586158634
2018-02-12T21:00:00.0,21,3783.3457059308025
2018-02-12T22:00:00.0,22,3947.429795470847
2018-02-12T23:00:00.0,23,4318.884542429101
2018-02-13T00:00:00.0,0,5932.6544838651635
2018-02-13T01:00:00.0,1,8753.052577840303
2018-02-13T02:00:00.0,2,10365.733276664201
2018-02-13T03:00:00.0,3,11190.93752799665
2018-02-13T04:00:00.0,4,11779.19659123727
2018-02-13T05:00:00.0,5,11783.623216638058
2018-02-13T06:00:00.0,6,11433.724523222756
2018-02-13T07:00:00.0,7,10566.114916046598
2018-02-13T08:00:00.0,8,8843.789329684945
2018-02-13T09:00:00.0,9,7132.796206130432
2018-02-13T10:00:00.0,10,5604.076217333565
2018-02-13T11:00:00.0,11,4458.942758642863
2018-02-13T12:00:00.0,12,3756.236453081769
2018-02-13T13:00:00.0,13,3427.397732238857
2018-02-13T14:00:00.0,14,3427.461293697814
2018-02-13T15:00:00.0,15,3104.494230768088
2018-02-13T16:00:00.0,16,3009.1642690318567
2018-02-13T17:00:00.0,17,2550.962415825246
2018-02-13T18:00:00.0,18,2156.0981874512195
2018-02-13T19:00:00.0,19,2075.1759534494977
2018-02-13T20:00:00.0,20,1959.9213372236234
2018-02-13T21:00:00.0,21,1830.7219632375084
2018-02-13T22:00:00.0,22,1811.4521814470988
2018-02-13T23:00:00.0,23,2248.605385174198
2018-02-14T00:00:00.0,0,3280.691269005139
2018-02-14T01:00:00.0,1,4731.949428571324
2018-02-14T02:00:00.0,2,6221.713806579045
2018-02-14T03:00:00.0,3,7761.848830072554
2018-02-14T04:00:00.0,4,8823.758586888393
2018-02-14T05:00:00.0,5,9851.663872787056
2018-02-14T06:00:00.0,6,10456.98349708093
2018-02-14T07:00:00.0,7,10414.899371015841
2018-02-14T08:00:00.0,8,10254.207001934523
2018-02-14T09:00:00.0,9,10461.072982065363
2018-02-14T10:00:00.0,10,10530.028013131354
2018-02-14T11:00:00.0,11,10705.397846015485
2018-02-14T12:00:00.0,12,10627.948117410675
2018-02-14T13:00:00.0,13,10578.418192752672
2018-02-14T14:00:00.0,14,10545.91598313225
2018-02-14T15:00:00.0,15,9546.947756880832
2018-02-14T16:00:00.0,16,8502.782276709971
2018-02-14T17:00:00.0,17,8701.290321072089
2018-02-14T18:00:00.0,18,9181.623860265005
2018-02-14T19:00:00.0,19,10130.73984487549
2018-02-14T20:00:00.0,20,10848.297663949332
2018-02-14T21:00:00.0,21,11445.118621699527
2018-02-14T22:00:00.0,22,11875.111917405824
2018-02-14T23:00:00.0,23,12245.860802589195
2018-02-15T00:00:00.0,0,14166.315107057004
2018-02-15T01:00:00.0,1,15196.229313474714
2018-02-15T02:00:00.0,2,15812.304774880744
2018-02-15T03:00:00.0,3,15999.656508032553
2018-02-15T04:00:00.0,4,16527.61404537153
2018-02-15T05:00:00.0,5,17182.30089645631
2018-02-15T06:00:00.0,6,17378.700075181754
2018-02-15T07:00:00.0,7,17708.19619194722
2018-02-15T08:00:00.0,8,17810.15587692105
2018-02-15T09:00:00.0,9,17554.47528078946
2018-02-15T10:00:00.0,10,17272.310195539158
2018-02-15T11:00:00.0,11,17091.78147372315
2018-02-15T12:00:00.0,12,16719.00994117121
2018-02-15T13:00:00.0,13,16113.76584212214
2018-02-15T14:00:00.0,14,15715.964598172557
2018-02-15T15:00:00.0,15,14494.615146276397
2018-02-15T16:00:00.0,16,13970.678986417994
2018-02-15T17:00:00.0,17,14188.619801565206
2018-02-15T18:00:00.0,18,14243.398312802177
2018-02-15T19:00:00.0,19,14106.159787133103
2018-02-15T20:00:00.0,20,14149.54461597424
2018-02-15T21:00:00.0,21,14035.824769544068
2018-02-15T22:00:00.0,22,13448.195560443592
2018-02-15T23:00:00.0,23,13041.262815657741
2018-02-16T00:00:00.0,0,13978.767556160406
2018-02-16T01:00:00.0,1,15021.099066662302
2018-02-16T02:00:00.0,2,15504.8379245765
2018-02-16T03:00:00.0,3,15279.628758806195
2018-02-16T04:00:00.0,4,14700.98594786535
2018-02-16T05:00:00.0,5,14477.323059961525
2018-02-16T06:00:00.0,6,14509.176649878724
2018-02-16T07:00:00.0,7,13861.196031150836
2018-02-16T08:00:00.0,8,13278.213144043666
2018-02-16T09:00:00.0,9,12810.244845350215
2018-02-16T10:00:00.0,10,13366.641946024623
2018-02-16T11:00:00.0,11,14884.170547527183
2018-02-16T12:00:00.0,12,15241.96255453149
2018-02-16T13:00:00.0,13,14849.843680926047
2018-02-16T14:00:00.0,14,14325.343507666765
2018-02-16T15:00:00.0,15,13712.28246819412
2018-02-16T16:00:00.0,16,12153.30099464805
2018-02-16T17:00:00.0,17,9956.210998770097
2018-02-16T18:00:00.0,18,7707.353203949569
2018-02-16T19:00:00.0,19,5501.730549756326
2018-02-16T20:00:00.0,20,4076.4158262424967
2018-02-16T21:00:00.0,21,3433.212196600842
2018-02-16T22:00:00.0,22,3221.242235890378
2018-02-16T23:00:00.0,23,3086.5928293025577
2018-02-17T00:00:00.0,0,3425.088533568318
2018-02-17T01:00:00.0,1,4217.10664441527
2018-02-17T02:00:00.0,2,4656.861659255978
2018-02-17T03:00:00.0,3,4880.505399836801
2018-02-17T04:00:00.0,4,4966.209543011607
2018-02-17T05:00:00.0,5,4971.839079029863
2018-02-17T06:00:00.0,6,5486.614736387229
2018-02-17T07:00:00.0,7,5909.687120616923
2018-02-17T08:00:00.0,8,6466.862487806735
2018-02-17T09:00:00.0,9,7206.284152027217
2018-02-17T10:00:00.0,10,8345.860680352267
2018-02-17T11:00:00.0,11,9878.01511042674
2018-02-17T12:00:00.0,12,11275.768986014808
2018-02-17T13:00:00.0,13,11487.496116695684
2018-02-17T14:00:00.0,14,10329.640209293795
2018-02-17T15:00:00.0,15,7704.4797093070965
2018-02-17T16:00:00.0,16,6029.308859564434
2018-02-17T17:00:00.0,17,5361.582084672256
2018-02-17T18:00:00.0,18,4504.355828446495
2018-02-17T19:00:00.0,19,3630.997179575417
2018-02-17T20:00:00.0,20,3042.850627547316
2018-02-17T21:00:00.0,21,2755.6167554464732
2018-02-17T22:00:00.0,22,2821.3098640832773
2018-02-17T23:00:00.0,23,3330.735788321004
2018-02-18T00:00:00.0,0,5702.616297378702
2018-02-18T01:00:00.0,1,7765.009400104113
2018-02-18T02:00:00.0,2,9021.332281659275
2018-02-18T03:00:00.0,3,9238.762452732324
2018-02-18T04:00:00.0,4,8765.17275381019
2018-02-18T05:00:00.0,5,8624.279748579305
2018-02-18T06:00:00.0,6,8820.62056211808
2018-02-18T07:00:00.0,7,9258.385060723735
2018-02-18T08:00:00.0,8,10068.397775888001
2018-02-18T09:00:00.0,9,11136.943414400672
2018-02-18T10:00:00.0,10,11657.075395172162
2018-02-18T11:00:00.0,11,11912.06900059508
2018-02-18T12:00:00.0,12,12864.569091148433
2018-02-18T13:00:00.0,13,13467.389041138806
2018-02-18T14:00:00.0,14,13492.857702327432
2018-02-18T15:00:00.0,15,13781.686692866946
2018-02-18T16:00:00.0,16,14504.862074282335
2018-02-18T17:00:00.0,17,15766.142290559403
2018-02-18T18:00:00.0,18,16882.364727113036
2018-02-18T19:00:00.0,19,18031.505986243512
2018-02-18T20:00:00.0,20,18877.007813441433
2018-02-18T21:00:00.0,21,19318.474583068244
2018-02-18T22:00:00.0,22,19383.315373713136
2018-02-18T23:00:00.0,23,18990.758530184128
2018-02-19T00:00:00.0,0,19075.77372609791
2018-02-19T01:00:00.0,1,18929.472304442785
2018-02-19T02:00:00.0,2,19144.801241211357
2018-02-19T03:00:00.0,3,19393.79074443466
2018-02-19T04:00:00.0,4,19530.013496828728
2018-02-19T05:00:00.0,5,19603.06111484002
2018-02-19T06:00:00.0,6,19590.910492601306
2018-02-19T07:00:00.0,7,19501.997656667176
2018-02-19T08:00:00.0,8,19374.99896243103
2018-02-19T09:00:00.0,9,19302.710378945958
2018-02-19T10:00:00.0,10,19033.987307813968
2018-02-19T11:00:00.0,11,18788.29356134232
2018-02-19T12:00:00.0,12,18245.4384962597
2018-02-19T13:00:00.0,13,17839.180433380374
2018-02-19T14:00:00.0,14,17300.88981034555
2018-02-19T15:00:00.0,15,15662.04193256857
2018-02-19T16:00:00.0,16,15091.939125970055
2018-02-19T17:00:00.0,17,15184.299313278136
2018-02-19T18:00:00.0,18,15385.425731020216
2018-02-19T19:00:00.0,19,15921.004110698303
2018-02-19T20:00:00.0,20,16400.258749302884
2018-02-19T21:00:00.0,21,16668.11963815089
2018-02-19T22:00:00.0,22,16761.27584893383
2018-02-19T23:00:00.0,23,16440.568402255376
2018-02-20T00:00:00.0,0,16802.827657689293
2018-02-20T01:00:00.0,1,17545.869798531377
2018-02-20T02:00:00.0,2,18010.299518436525
2018-02-20T03:00:00.0,3,18315.244439264294
2018-02-20T04:00:00.0,4,18636.932934859084
2018-02-20T05:00:00.0,5,18815.39526211911
2018-02-20T06:00:00.0,6,18870.32562571324
2018-02-20T07:00:00.0,7,18818.24779907936
2018-02-20T08:00:00.0,8,18784.68809597664
2018-02-20T09:00:00.0,9,18630.261415869216
2018-02-20T10:00:00.0,10,17969.43178562353
2018-02-20T11:00:00.0,11,17589.957960710784
2018-02-20T12:00:00.0,12,17285.148630459484
2018-02-20T13:00:00.0,13,16446.37392139226
2018-02-20T14:00:00.0,14,14497.123552678595
2018-02-20T15:00:00.0,15,12035.1308939531
2018-02-20T16:00:00.0,16,10665.669060261518
2018-02-20T17:00:00.0,17,9241.733840087016
2018-02-20T18:00:00.0,18,8268.368422293725
2018-02-20T19:00:00.0,19,7612.553871807003
2018-02-20T20:00:00.0,20,7224.527776627947
2018-02-20T21:00:00.0,21,7287.6922296967705
2018-02-20T22:00:00.0,22,8448.012750828397
2018-02-20T23:00:00.0,23,8829.557370593117
2018-02-21T00:00:00.0,0,9686.364915278182
2018-02-21T01:00:00.0,1,12874.719446874968
2018-02-21T02:00:00.0,2,14266.545154099525
2018-02-21T03:00:00.0,3,15108.318526551942
2018-02-21T04:00:00.0,4,15156.967743454756
2018-02-21T05:00:00.0,5,14984.549386939156
2018-02-21T06:00:00.0,6,14374.861505936404
2018-02-21T07:00:00.0,7,13889.905175786143
2018-02-21T08:00:00.0,8,14217.907024777682
2018-02-21T09:00:00.0,9,14449.847506784026
2018-02-21T10:00:00.0,10,14247.539047557288
2018-02-21T11:00:00.0,11,14064.799261719136
2018-02-21T12:00:00.0,12,13926.176902914689
2018-02-21T13:00:00.0,13,13519.888804823837
2018-02-21T14:00:00.0,14,12851.053202535806
2018-02-21T15:00:00.0,15,11907.198108102864
2018-02-21T16:00:00.0,16,10995.706802809282
2018-02-21T17:00:00.0,17,9874.819685171
2018-02-21T18:00:00.0,18,8098.156621364641
2018-02-21T19:00:00.0,19,6829.423669943094
2018-02-21T20:00:00.0,20,6022.015866649333
2018-02-21T21:00:00.0,21,5648.34678403658
2018-02-21T22:00:00.0,22,5541.681749472744
2018-02-21T23:00:00.0,23,5970.4392303548
2018-02-22T00:00:00.0,0,6439.833937121773
2018-02-22T01:00:00.0,1,6268.3257607137675
2018-02-22T02:00:00.0,2,5316.544822066048
2018-02-22T03:00:00.0,3,3951.8664377837017
2018-02-22T04:00:00.0,4,2720.137719395048
2018-02-22T05:00:00.0,5,1944.6810202193462
2018-02-22T06:00:00.0,6,1625.0506966716357
2018-02-22T07:00:00.0,7,1214.5234678255924
2018-02-22T08:00:00.0,8,1005.2365597139396
2018-02-22T09:00:00.0,9,884.8137281246727
2018-02-22T10:00:00.0,10,955.7839370844387
2018-02-22T11:00:00.0,11,1160.4071362324223
2018-02-22T12:00:00.0,12,1126.6041709332078
2018-02-22T13:00:00.0,13,923.5388899407417
2018-02-22T14:00:00.0,14,740.4615909144469
2018-02-22T15:00:00.0,15,510.7724622556578
2018-02-22T16:00:00.0,16,369.8294117660967
2018-02-22T17:00:00.0,17,400.2391617980067
2018-02-22T18:00:00.0,18,543.592588146249
2018-02-22T19:00:00.0,19,741.3442845300968
2018-02-22T20:00:00.0,20,927.9957432276425
2018-02-22T21:00:00.0,21,1158.9914722017697
2018-02-22T22:00:00.0,22,1435.419474657155
2018-02-22T23:00:00.0,23,1542.0116280904715
2018-02-23T00:00:00.0,0,1627.2442638194277
2018-02-23T01:00:00.0,1,2336.679538706765
2018-02-23T02:00:00.0,2,3357.310665790696
2018-02-23T03:00:00.0,3,3910.9898960580263
2018-02-23T04:00:00.0,4,4763.379361661308
2018-02-23T05:00:00.0,5,5846.31173827525
2018-02-23T06:00:00.0,6,6024.053947020911
2018-02-23T07:00:00.0,7,5855.742012106778
2018-02-23T08:00:00.0,8,5488.541844189119
2018-02-23T09:00:00.0,9,4962.6371468634225
2018-02-23T10:00:00.0,10,4075.1694916606443
2018-02-23T11:00:00.0,11,3190.5299389143543
2018-02-23T12:00:00.0,12,2732.7625095268086
2018-02-23T13:00:00.0,13,2545.033033922328
2018-02-23T14:00:00.0,14,2143.9615680012635
2018-02-23T15:00:00.0,15,2362.2599228103763
2018-02-23T16:00:00.0,16,2813.800188402269
2018-02-23T17:00:00.0,17,3037.2762227843727
2018-02-23T18:00:00.0,18,3266.6962113212053
2018-02-23T19:00:00.0,19,3417.299178133598
2018-02-23T20:00:00.0,20,3436.048719930064
2018-02-23T21:00:00.0,21,3689.3230688778526
2018-02-23T22:00:00.0,22,4006.09570575135
2018-02-23T23:00:00.0,23,4427.61746079031
2018-02-24T00:00:00.0,0,5761.254807006938
2018-02-24T01:00:00.0,1,7210.140737458321
2018-02-24T02:00:00.0,2,7956.779705417485
2018-02-24T03:00:00.0,3,8434.515082963853
2018-02-24T04:00:00.0,4,8845.133913932374
2018-02-24T05:00:00.0,5,9312.645110897378
2018-02-24T06:00:00.0,6,9802.646339761324
2018-02-24T07:00:00.0,7,10247.664670183403
2018-02-24T08:00:00.0,8,11026.012427828131
2018-02-24T09:00:00.0,9,11470.865666794954
2018-02-24T10:00:00.0,10,11476.155168438114
2018-02-24T11:00:00.0,11,11506.60217276003
2018-02-24T12:00:00.0,12,10617.695426746513
2018-02-24T13:00:00.0,13,10665.947000247326
2018-02-24T14:00:00.0,14,10711.87638109551
2018-02-24T15:00:00.0,15,10286.900273129411
2018-02-24T16:00:00.0,16,11833.03985513636
2018-02-24T17:00:00.0,17,12992.273547753372
2018-02-24T18:00:00.0,18,13302.306775737334
2018-02-24T19:00:00.0,19,13514.934096329453
2018-02-24T20:00:00.0,20,13316.483675333708
2018-02-24T21:00:00.0,21,12900.117723465788
2018-02-24T22:00:00.0,22,12298.841416247747
2018-02-24T23:00:00.0,23,11145.779811797518
2018-02-25T00:00:00.0,0,10009.154187568149
2018-02-25T01:00:00.0,1,10270.969980260828
2018-02-25T02:00:00.0,2,10148.669556531922
2018-02-25T03:00:00.0,3,9807.393154403473
2018-02-25T04:00:00.0,4,8546.507750924216
2018-02-25T05:00:00.0,5,6959.178839811083
2018-02-25T06:00:00.0,6,5931.287054679444
2018-02-25T07:00:00.0,7,5805.418302456887
2018-02-25T08:00:00.0,8,5659.34669383014
2018-02-25T09:00:00.0,9,5282.461937842264
2018-02-25T10:00:00.0,10,5156.14086078226
2018-02-25T11:00:00.0,11,4731.721559535888
2018-02-25T12:00:00.0,12,4549.933201298528
2018-02-25T13:00:00.0,13,4792.664736727177
2018-02-25T14:00:00.0,14,5047.086928753925
2018-02-25T15:00:00.0,15,3988.731736137575
2018-02-25T16:00:00.0,16,3817.2644208757574
2018-02-25T17:00:00.0,17,4754.226106686699
2018-02-25T18:00:00.0,18,6049.469594614539
2018-02-25T19:00:00.0,19,7312.389923725995
2018-02-25T20:00:00.0,20,7650.408884666845
2018-02-25T21:00:00.0,21,7954.001479554868
2018-02-25T22:00:00.0,22,7901.006478564021
2018-02-25T23:00:00.0,23,7628.074341941501
2018-02-26T00:00:00.0,0,7972.421767809468
2018-02-26T01:00:00.0,1,9275.696515245843
2018-02-26T02:00:00.0,2,10109.543312965474
2018-02-26T03:00:00.0,3,9979.86363790505
2018-02-26T04:00:00.0,4,8657.896889778485
2018-02-26T05:00:00.0,5,7273.147473069083
2018-02-26T06:00:00.0,6,6316.247835569462
2018-02-26T07:00:00.0,7,5861.57295682923
2018-02-26T08:00:00.0,8,5048.684645575563
2018-02-26T09:00:00.0,9,3371.6087830534584
2018-02-26T10:00:00.0,10,2466.853408335562
2018-02-26T11:00:00.0,11,2065.0253509808404
2018-02-26T12:00:00.0,12,2134.6378792142477
2018-02-26T13:00:00.0,13,2520.340525725115
2018-02-26T14:00:00.0,14,2819.028752193948
2018-02-26T15:00:00.0,15,2606.4167534155117
2018-02-26T16:00:00.0,16,3276.0597627288153
2018-02-26T17:00:00.0,17,4085.487339833733
2018-02-26T18:00:00.0,18,4461.538965178073
2018-02-26T19:00:00.0,19,4591.822661747945
2018-02-26T20:00:00.0,20,4844.754551304092
2018-02-26T21:00:00.0,21,5349.117544923784
2018-02-26T22:00:00.0,22,5807.51664894124
2018-02-26T23:00:00.0,23,6131.7903864108475
2018-02-27T00:00:00.0,0,8027.71735596571
2018-02-27T01:00:00.0,1,11113.517883844392
2018-02-27T02:00:00.0,2,14033.332357496598
2018-02-27T03:00:00.0,3,15167.170748172013
2018-02-27T04:00:00.0,4,15377.37718991684
2018-02-27T05:00:00.0,5,15550.672328954513
2018-02-27T06:00:00.0,6,15297.611240584834
2018-02-27T07:00:00.0,7,15092.014680020991
2018-02-27T08:00:00.0,8,14967.547565666027
2018-02-27T09:00:00.0,9,14673.062031087624
2018-02-27T10:00:00.0,10,14425.920050123359
2018-02-27T11:00:00.0,11,13836.180046214677
2018-02-27T12:00:00.0,12,12854.319361198031
2018-02-27T13:00:00.0,13,11994.51141625594
2018-02-27T14:00:00.0,14,11219.685491352137
2018-02-27T15:00:00.0,15,9960.420483260994
2018-02-27T16:00:00.0,16,9685.943527521877
2018-02-27T17:00:00.0,17,9059.009397197658
2018-02-27T18:00:00.0,18,8369.673070703864
2018-02-27T19:00:00.0,19,7937.893173832889
2018-02-27T20:00:00.0,20,7646.205706365469
2018-02-27T21:00:00.0,21,7239.306954942338
2018-02-27T22:00:00.0,22,6742.76837858184
2018-02-27T23:00:00.0,23,6813.561408177353
2018-02-28T00:00:00.0,0,7800.356705723049
2018-02-28T01:00:00.0,1,9201.466129551065
2018-02-28T02:00:00.0,2,10294.315664831836
2018-02-28T03:00:00.0,3,12225.612697498653
2018-02-28T04:00:00.0,4,13110.8302826235
2018-02-28T05:00:00.0,5,13828.150132238705
2018-02-28T06:00:00.0,6,14530.398135122467
2018-02-28T07:00:00.0,7,15073.141441663685
2018-02-28T08:00:00.0,8,14824.594943099675
2018-02-28T09:00:00.0,9,14586.844185919434
2018-02-28T10:00:00.0,10,14196.972101729623
2018-02-28T11:00:00.0,11,13234.830398946477
2018-02-28T12:00:00.0,12,12403.248331664037
2018-02-28T13:00:00.0,13,11484.765696955472
2018-02-28T14:00:00.0,14,10298.787628282444
2018-02-28T15:00:00.0,15,8567.58859584712
2018-02-28T16:00:00.0,16,8063.07826342968
2018-02-28T17:00:00.0,17,8143.2310214159525
2018-02-28T18:00:00.0,18,8439.309005405245
2018-02-28T19:00:00.0,19,8603.65895861987
2018-02-28T20:00:00.0,20,8434.757181839794
2018-02-28T21:00:00.0,21,8656.311855989852
2018-02-28T22:00:00.0,22,9138.59367998192
2018-02-28T23:00:00.0,23,9467.727454021746
2018-03-01T00:00:00.0,0,10036.246323431425
2018-03-01T01:00:00.0,1,11375.997764386106
2018-03-01T02:00:00.0,2,11036.34496546543
2018-03-01T03:00:00.0,3,12928.339593353137
2018-03-01T04:00:00.0,4,14391.742021591395
2018-03-01T05:00:00.0,5,15229.110030718803
2018-03-01T06:00:00.0,6,16066.477257770142
2018-03-01T07:00:00.0,7,16172.670602208464
2018-03-01T08:00:00.0,8,16104.918898445858
2018-03-01T09:00:00.0,9,14825.162362037054
2018-03-01T10:00:00.0,10,13480.210196109108
2018-03-01T11:00:00.0,11,12483.692734982991
2018-03-01T12:00:00.0,12,12151.810639462092
2018-03-01T13:00:00.0,13,12064.59633404553
2018-03-01T14:00:00.0,14,11697.387549689922
2018-03-01T15:00:00.0,15,11138.909179420261
2018-03-01T16:00:00.0,16,9505.989837924504
2018-03-01T17:00:00.0,17,7866.482044396146
2018-03-01T18:00:00.0,18,6036.173287711826
2018-03-01T19:00:00.0,19,4430.563246476219
2018-03-01T20:00:00.0,20,3534.8380640714618
2018-03-01T21:00:00.0,21,2971.731144279285
2018-03-01T22:00:00.0,22,2647.8897352480926
2018-03-01T23:00:00.0,23,2566.4990616032283
2018-03-02T00:00:00.0,0,3324.083061496736
2018-03-02T01:00:00.0,1,4957.576544287952
2018-03-02T02:00:00.0,2,6165.980759222661
2018-03-02T03:00:00.0,3,6898.876632463255
2018-03-02T04:00:00.0,4,7239.497112163597
2018-03-02T05:00:00.0,5,7493.085920852918
2018-03-02T06:00:00.0,6,7308.737922687359
2018-03-02T07:00:00.0,7,7123.643211266659
2018-03-02T08:00:00.0,8,6917.037119863969
2018-03-02T09:00:00.0,9,6899.850957083621
2018-03-02T10:00:00.0,10,7051.2619718172
2018-03-02T11:00:00.0,11,7446.006282068479
2018-03-02T12:00:00.0,12,7791.144838897468
2018-03-02T13:00:00.0,13,8114.58021952706
2018-03-02T14:00:00.0,14,6914.0838679534745
2018-03-02T15:00:00.0,15,6034.3750439880705
2018-03-02T16:00:00.0,16,6598.962421487978
2018-03-02T17:00:00.0,17,6223.674301904918
2018-03-02T18:00:00.0,18,5803.326461502368
2018-03-02T19:00:00.0,19,5471.39773158393
2018-03-02T20:00:00.0,20,5292.482280405554
2018-03-02T21:00:00.0,21,5267.421548100232
2018-03-02T22:00:00.0,22,5379.2308099258
2018-03-02T23:00:00.0,23,5768.446599500369
2018-03-03T00:00:00.0,0,8040.252873972833
2018-03-03T01:00:00.0,1,11703.394471408514
2018-03-03T02:00:00.0,2,14499.51779406092
2018-03-03T03:00:00.0,3,15434.778268689597
2018-03-03T04:00:00.0,4,15748.358693268892
2018-03-03T05:00:00.0,5,15902.73490095774
2018-03-03T06:00:00.0,6,15748.851893063491
2018-03-03T07:00:00.0,7,15273.770777022948
2018-03-03T08:00:00.0,8,14790.393001311277
2018-03-03T09:00:00.0,9,14437.940073251471
2018-03-03T10:00:00.0,10,14047.873892800968
2018-03-03T11:00:00.0,11,13619.010513249514
2018-03-03T12:00:00.0,12,13292.15461429744
2018-03-03T13:00:00.0,13,12739.039781982216
2018-03-03T14:00:00.0,14,11644.587834080448
2018-03-03T15:00:00.0,15,10456.333963095914
2018-03-03T16:00:00.0,16,9655.240316531934
2018-03-03T17:00:00.0,17,8494.68871081544
2018-03-03T18:00:00.0,18,8006.678084743806
2018-03-03T19:00:00.0,19,8322.22466296044
2018-03-03T20:00:00.0,20,8779.852428665761
2018-03-03T21:00:00.0,21,9626.407670153369
2018-03-03T22:00:00.0,22,10587.331666951344
2018-03-03T23:00:00.0,23,11080.821844413818
2018-03-04T00:00:00.0,0,13133.677122912304
2018-03-04T01:00:00.0,1,14810.38275456331
2018-03-04T02:00:00.0,2,15608.69904292873
2018-03-04T03:00:00.0,3,16096.503530599184
2018-03-04T04:00:00.0,4,16187.925857489769
2018-03-04T05:00:00.0,5,16213.92837124596
2018-03-04T06:00:00.0,6,16390.473625052586
2018-03-04T07:00:00.0,7,15916.285508127106
2018-03-04T08:00:00.0,8,15575.648140491692
2018-03-04T09:00:00.0,9,15004.320663572476
2018-03-04T10:00:00.0,10,14109.863648559767
2018-03-04T11:00:00.0,11,13520.613551004963
2018-03-04T12:00:00.0,12,12936.054353160127
2018-03-04T13:00:00.0,13,12295.82413852653
2018-03-04T14:00:00.0,14,11521.308437887434
2018-03-04T15:00:00.0,15,10588.522844123872
2018-03-04T16:00:00.0,16,10122.599432121073
2018-03-04T17:00:00.0,17,9909.754285117628
2018-03-04T18:00:00.0,18,10315.778649698224
2018-03-04T19:00:00.0,19,10834.464373581768
2018-03-04T20:00:00.0,20,11374.552085122292
2018-03-04T21:00:00.0,21,12145.53334049199
2018-03-04T22:00:00.0,22,12897.11001106543
2018-03-04T23:00:00.0,23,12488.935235960822
2018-03-05T00:00:00.0,0,13267.186955577105
2018-03-05T01:00:00.0,1,15048.8102536032
2018-03-05T02:00:00.0,2,16424.359133990944
2018-03-05T03:00:00.0,3,17347.77772426191
2018-03-05T04:00:00.0,4,18079.579574430525
2018-03-05T05:00:00.0,5,18494.94159591469
2018-03-05T06:00:00.0,6,18905.060157073905
2018-03-05T07:00:00.0,7,18772.935645704787
2018-03-05T08:00:00.0,8,18374.1411606882
2018-03-05T09:00:00.0,9,17821.142726067996
2018-03-05T10:00:00.0,10,16839.788608228508
2018-03-05T11:00:00.0,11,15112.354814655664
2018-03-05T12:00:00.0,12,12996.931510261937
2018-03-05T13:00:00.0,13,11612.297457637133
2018-03-05T14:00:00.0,14,11092.708205798199
2018-03-05T15:00:00.0,15,11659.20113120353
2018-03-05T16:00:00.0,16,11191.68340247277
2018-03-05T17:00:00.0,17,9837.87094808537
2018-03-05T18:00:00.0,18,7301.961259021707
2018-03-05T19:00:00.0,19,5436.555468729012
2018-03-05T20:00:00.0,20,4032.4468355551594
2018-03-05T21:00:00.0,21,3094.1355163683306
2018-03-05T22:00:00.0,22,2504.68527597017
2018-03-05T23:00:00.0,23,2360.797402301479
2018-03-06T00:00:00.0,0,2999.297380069816
2018-03-06T01:00:00.0,1,4202.063630311045
2018-03-06T02:00:00.0,2,5020.721087425991
2018-03-06T03:00:00.0,3,5617.527839120757
2018-03-06T04:00:00.0,4,6077.482711156555
2018-03-06T05:00:00.0,5,6050.486198771777
2018-03-06T06:00:00.0,6,5728.326860880258
2018-03-06T07:00:00.0,7,5987.320325716279
2018-03-06T08:00:00.0,8,5727.027481413846
2018-03-06T09:00:00.0,9,4978.220646785521
2018-03-06T10:00:00.0,10,4033.8171297080794
2018-03-06T11:00:00.0,11,3451.4588014905526
2018-03-06T12:00:00.0,12,3481.9216177982053
2018-03-06T13:00:00.0,13,3686.7585798290643
2018-03-06T14:00:00.0,14,3201.5556139131563
2018-03-06T15:00:00.0,15,2511.508144706886
2018-03-06T16:00:00.0,16,2931.3512928773985
2018-03-06T17:00:00.0,17,3056.4487869283116
2018-03-06T18:00:00.0,18,2678.950444883966
2018-03-06T19:00:00.0,19,2564.661633861685
2018-03-06T20:00:00.0,20,2796.140108729204
2018-03-06T21:00:00.0,21,3101.0226415458105
2018-03-06T22:00:00.0,22,3198.0200488644837
2018-03-06T23:00:00.0,23,3428.9198938656264
2018-03-07T00:00:00.0,0,4435.4929140343265
2018-03-07T01:00:00.0,1,5971.752561212524
2018-03-07T02:00:00.0,2,7098.449352708325
2018-03-07T03:00:00.0,3,7891.912013290308
2018-03-07T04:00:00.0,4,7616.780398348554
2018-03-07T05:00:00.0,5,7735.209666751761
2018-03-07T06:00:00.0,6,8349.74282682628
2018-03-07T07:00:00.0,7,8299.178590539606
2018-03-07T08:00:00.0,8,7736.551093951249
2018-03-07T09:00:00.0,9,7488.0169820024375
2018-03-07T10:00:00.0,10,6931.929386393512
2018-03-07T11:00:00.0,11,5999.794086972567
2018-03-07T12:00:00.0,12,5360.624380118882
2018-03-07T13:00:00.0,13,4654.48083190963
2018-03-07T14:00:00.0,14,3014.0552432022937
2018-03-07T15:00:00.0,15,2204.776364979492
2018-03-07T16:00:00.0,16,2334.472288821517
2018-03-07T17:00:00.0,17,2404.162235581202
2018-03-07T18:00:00.0,18,2359.47909116204
2018-03-07T19:00:00.0,19,2224.262125570451
2018-03-07T20:00:00.0,20,1894.0716312182146
2018-03-07T21:00:00.0,21,1611.4257879955355
2018-03-07T22:00:00.0,22,1324.9785934979511
2018-03-07T23:00:00.0,23,1374.2979248067074
2018-03-08T00:00:00.0,0,2117.379096373728
2018-03-08T01:00:00.0,1,3926.8817725584727
2018-03-08T02:00:00.0,2,5394.521355499827
2018-03-08T03:00:00.0,3,6225.505198910188
2018-03-08T04:00:00.0,4,7096.6693164991075
2018-03-08T05:00:00.0,5,7760.980224284343
2018-03-08T06:00:00.0,6,8275.44423361007
2018-03-08T07:00:00.0,7,8775.879258355255
2018-03-08T08:00:00.0,8,9401.88754909469
2018-03-08T09:00:00.0,9,9786.952912584666
2018-03-08T10:00:00.0,10,10179.017277691215
2018-03-08T11:00:00.0,11,10399.329495712867
2018-03-08T12:00:00.0,12,10728.963097045262
2018-03-08T13:00:00.0,13,11109.664160995426
2018-03-08T14:00:00.0,14,9966.913859538136
2018-03-08T15:00:00.0,15,9117.562662159491
2018-03-08T16:00:00.0,16,9632.446708570375
2018-03-08T17:00:00.0,17,10214.862902888874
2018-03-08T18:00:00.0,18,10862.708320911433
2018-03-08T19:00:00.0,19,11057.428040015193
2018-03-08T20:00:00.0,20,10872.29014692725
2018-03-08T21:00:00.0,21,10769.047230475837
2018-03-08T22:00:00.0,22,10468.394063540474
2018-03-08T23:00:00.0,23,10243.66886972801
2018-03-09T00:00:00.0,0,11669.6306064359
2018-03-09T01:00:00.0,1,13694.944463434937
2018-03-09T02:00:00.0,2,14215.472914395948
2018-03-09T03:00:00.0,3,14271.40615694244
2018-03-09T04:00:00.0,4,14443.97529261311
2018-03-09T05:00:00.0,5,14495.221841901717
2018-03-09T06:00:00.0,6,14656.45454326736
2018-03-09T07:00:00.0,7,14815.326682233985
2018-03-09T08:00:00.0,8,14900.667214246096
2018-03-09T09:00:00.0,9,14648.488033478649
2018-03-09T10:00:00.0,10,14169.407992309638
2018-03-09T11:00:00.0,11,13727.334020381893
2018-03-09T12:00:00.0,12,13142.820286411103
2018-03-09T13:00:00.0,13,12451.04081374829
2018-03-09T14:00:00.0,14,11059.894518590687
2018-03-09T15:00:00.0,15,9414.335524539827
2018-03-09T16:00:00.0,16,8482.52359474615
2018-03-09T17:00:00.0,17,7723.5214653714065
2018-03-09T18:00:00.0,18,6912.14310224933
2018-03-09T19:00:00.0,19,6101.8604339461335
2018-03-09T20:00:00.0,20,5425.069606113649
2018-03-09T21:00:00.0,21,4557.739579150463
2018-03-09T22:00:00.0,22,4351.591920199881
2018-03-09T23:00:00.0,23,4735.911529511427
2018-03-10T00:00:00.0,0,6644.054967737314
2018-03-10T01:00:00.0,1,9893.484614955456
2018-03-10T02:00:00.0,2,11195.643286426091
2018-03-10T03:00:00.0,3,11488.217507207404
2018-03-10T04:00:00.0,4,11391.871985645756
2018-03-10T05:00:00.0,5,11281.690749683017
2018-03-10T06:00:00.0,6,10652.863780096333
2018-03-10T07:00:00.0,7,9765.471199409325
2018-03-10T08:00:00.0,8,8413.099446814032
2018-03-10T09:00:00.0,9,7142.298308906239
2018-03-10T10:00:00.0,10,6466.67152577363
2018-03-10T11:00:00.0,11,6244.227911186438
2018-03-10T12:00:00.0,12,6053.844030265849
2018-03-10T13:00:00.0,13,5743.35443076842
2018-03-10T14:00:00.0,14,4532.628777288108
2018-03-10T15:00:00.0,15,2850.264459227859
2018-03-10T16:00:00.0,16,2482.2050804507985
2018-03-10T17:00:00.0,17,2584.342747858024
2018-03-10T18:00:00.0,18,2458.40572422216
2018-03-10T19:00:00.0,19,2090.8057375082426
2018-03-10T20:00:00.0,20,2195.597912473703
2018-03-10T21:00:00.0,21,2552.5622195642654
2018-03-10T22:00:00.0,22,2861.9131271564347
2018-03-10T23:00:00.0,23,2742.9143443617663
2018-03-11T00:00:00.0,0,3733.732482995913
2018-03-11T01:00:00.0,1,5959.845848565023
2018-03-11T02:00:00.0,2,7429.296558863821
2018-03-11T03:00:00.0,3,8285.922369006525
2018-03-11T04:00:00.0,4,9361.768341138844
2018-03-11T05:00:00.0,5,10821.235301143934
2018-03-11T06:00:00.0,6,12224.82513395461
2018-03-11T07:00:00.0,7,14068.77557823206
2018-03-11T08:00:00.0,8,15779.573224558007
2018-03-11T09:00:00.0,9,16744.18162680091
2018-03-11T10:00:00.0,10,16837.92536842859
2018-03-11T11:00:00.0,11,16587.89322330731
2018-03-11T12:00:00.0,12,16084.767702334728
2018-03-11T13:00:00.0,13,15697.741641477542
2018-03-11T14:00:00.0,14,15081.132020114479
2018-03-11T15:00:00.0,15,15227.570315206285
2018-03-11T16:00:00.0,16,14738.760121493724
2018-03-11T17:00:00.0,17,13662.10489634338
2018-03-11T18:00:00.0,18,12298.426771748462
2018-03-11T19:00:00.0,19,11506.443787621567
2018-03-11T20:00:00.0,20,11372.351802680534
2018-03-11T21:00:00.0,21,10804.861105093447
2018-03-11T22:00:00.0,22,10029.227053827091
2018-03-11T23:00:00.0,23,9069.14898443238
2018-03-12T00:00:00.0,0,8957.575656484298
2018-03-12T01:00:00.0,1,10141.546205458866
2018-03-12T02:00:00.0,2,10530.171705814908
2018-03-12T03:00:00.0,3,10305.011460740778
2018-03-12T04:00:00.0,4,10097.471136299735
2018-03-12T05:00:00.0,5,10016.656453289912
2018-03-12T06:00:00.0,6,9254.114734511035
2018-03-12T07:00:00.0,7,8670.705287339324
2018-03-12T08:00:00.0,8,7889.3571188226715
2018-03-12T09:00:00.0,9,7135.153966205896
2018-03-12T10:00:00.0,10,6331.794379420325
2018-03-12T11:00:00.0,11,5310.990642154376
2018-03-12T12:00:00.0,12,4408.86085746528
2018-03-12T13:00:00.0,13,3450.0009145392874
2018-03-12T14:00:00.0,14,2389.4750887195237
2018-03-12T15:00:00.0,15,2040.5235353055293
2018-03-12T16:00:00.0,16,1621.9854659255163
2018-03-12T17:00:00.0,17,1216.2379634573401
2018-03-12T18:00:00.0,18,840.7396714600118
2018-03-12T19:00:00.0,19,656.9569949605965
2018-03-12T20:00:00.0,20,589.2372267795158
2018-03-12T21:00:00.0,21,505.71477005906496
2018-03-12T22:00:00.0,22,512.3610613950831
2018-03-12T23:00:00.0,23,609.5091296455485
2018-03-13T00:00:00.0,0,1162.5987567662619
2018-03-13T01:00:00.0,1,2288.7377151488804
2018-03-13T02:00:00.0,2,3313.7324426698237
2018-03-13T03:00:00.0,3,3890.1082955800143
2018-03-13T04:00:00.0,4,4319.698058074034
2018-03-13T05:00:00.0,5,4532.584908049804
2018-03-13T06:00:00.0,6,4700.5681935734165
2018-03-13T07:00:00.0,7,4855.174265430452
2018-03-13T08:00:00.0,8,4743.017678318743
2018-03-13T09:00:00.0,9,4424.458721844193
2018-03-13T10:00:00.0,10,4076.704753936962
2018-03-13T11:00:00.0,11,3707.139665102499
2018-03-13T12:00:00.0,12,3514.6337586047216
2018-03-13T13:00:00.0,13,2910.6600209059598
2018-03-13T14:00:00.0,14,1778.6187094608786
2018-03-13T15:00:00.0,15,1136.250811868948
2018-03-13T16:00:00.0,16,1134.0867414690438
2018-03-13T17:00:00.0,17,1140.7383812889304
2018-03-13T18:00:00.0,18,1251.2148396886578
2018-03-13T19:00:00.0,19,1399.621662719822
2018-03-13T20:00:00.0,20,1578.7938495332562
2018-03-13T21:00:00.0,21,1786.655723148632
2018-03-13T22:00:00.0,22,2003.4289946840101
2018-03-13T23:00:00.0,23,2276.199995050601
2018-03-14T00:00:00.0,0,3287.7016154170237
2018-03-14T01:00:00.0,1,5899.558383985124
2018-03-14T02:00:00.0,2,7594.1840065263095
2018-03-14T03:00:00.0,3,8418.774591063462
2018-03-14T04:00:00.0,4,8622.82097517546
2018-03-14T05:00:00.0,5,8751.242201714575
2018-03-14T06:00:00.0,6,8533.937230631278
2018-03-14T07:00:00.0,7,8258.873672310392
2018-03-14T08:00:00.0,8,7793.9942865160665
2018-03-14T09:00:00.0,9,7442.313685243895
2018-03-14T10:00:00.0,10,7579.564542848814
2018-03-14T11:00:00.0,11,8101.309170674246
2018-03-14T12:00:00.0,12,8593.056133265905
2018-03-14T13:00:00.0,13,8912.09753211167
2018-03-14T14:00:00.0,14,7452.782976997343
2018-03-14T15:00:00.0,15,6986.472535374666
2018-03-14T16:00:00.0,16,7358.803791561725
2018-03-14T17:00:00.0,17,7118.363510413815
2018-03-14T18:00:00.0,18,6564.5390098345015
2018-03-14T19:00:00.0,19,6563.277757371489
2018-03-14T20:00:00.0,20,6749.805648594411
2018-03-14T21:00:00.0,21,7098.310094596717
2018-03-14T22:00:00.0,22,7609.344028140525
2018-03-14T23:00:00.0,23,8261.644672878418
2018-03-15T00:00:00.0,0,10201.185717887258
2018-03-15T01:00:00.0,1,13770.471300293071
2018-03-15T02:00:00.0,2,15894.353788813138
2018-03-15T03:00:00.0,3,16596.570243823113
2018-03-15T04:00:00.0,4,16988.560277107965
2018-03-15T05:00:00.0,5,17083.05206952146
2018-03-15T06:00:00.0,6,16907.39850325212
2018-03-15T07:00:00.0,7,16817.010410254115
2018-03-15T08:00:00.0,8,16615.22354792806
2018-03-15T09:00:00.0,9,16351.195489265847
2018-03-15T10:00:00.0,10,16374.326153310723
2018-03-15T11:00:00.0,11,16388.5367319166
2018-03-15T12:00:00.0,12,16229.62818741227
2018-03-15T13:00:00.0,13,16077.449764299017
2018-03-15T14:00:00.0,14,15064.244507897194
2018-03-15T15:00:00.0,15,14291.528671798604
2018-03-15T16:00:00.0,16,13779.217778105542
2018-03-15T17:00:00.0,17,13974.4551612512
2018-03-15T18:00:00.0,18,14113.744628858689
2018-03-15T19:00:00.0,19,14108.554261304947
2018-03-15T20:00:00.0,20,14543.664599606409
2018-03-15T21:00:00.0,21,14771.708374009992
2018-03-15T22:00:00.0,22,15429.27580369135
2018-03-15T23:00:00.0,23,15923.541502576461
2018-03-16T00:00:00.0,0,17090.34926385615
2018-03-16T01:00:00.0,1,17932.563887759523
2018-03-16T02:00:00.0,2,18882.72841395426
2018-03-16T03:00:00.0,3,19319.67585236835
2018-03-16T04:00:00.0,4,19384.33268154174
2018-03-16T05:00:00.0,5,18937.995346662774
2018-03-16T06:00:00.0,6,18847.714957746066
2018-03-16T07:00:00.0,7,18523.628385188105
2018-03-16T08:00:00.0,8,18469.89122186855
2018-03-16T09:00:00.0,9,17759.195421051398
2018-03-16T10:00:00.0,10,17039.46928649727
2018-03-16T11:00:00.0,11,15803.018422284747
2018-03-16T12:00:00.0,12,14195.340265809273
2018-03-16T13:00:00.0,13,12958.921781089497
2018-03-16T14:00:00.0,14,10965.53868157201
2018-03-16T15:00:00.0,15,9862.628257770828
2018-03-16T16:00:00.0,16,9688.74848683874
2018-03-16T17:00:00.0,17,9419.500169564777
2018-03-16T18:00:00.0,18,9108.621545119337
2018-03-16T19:00:00.0,19,8880.552545319379
2018-03-16T20:00:00.0,20,8708.089566968154
2018-03-16T21:00:00.0,21,8283.992824396812
2018-03-16T22:00:00.0,22,7762.129846839803
2018-03-16T23:00:00.0,23,6932.439430514952
2018-03-17T00:00:00.0,0,6395.3978106292025
2018-03-17T01:00:00.0,1,6094.868885367233
2018-03-17T02:00:00.0,2,6242.3645020911545
2018-03-17T03:00:00.0,3,6704.072125590615
2018-03-17T04:00:00.0,4,6603.797345762658
2018-03-17T05:00:00.0,5,7138.771400463672
2018-03-17T06:00:00.0,6,8361.144832956606
2018-03-17T07:00:00.0,7,8710.709404598138
2018-03-17T08:00:00.0,8,8359.783082722082
2018-03-17T09:00:00.0,9,8472.78800278943
2018-03-17T10:00:00.0,10,8207.650877459084
2018-03-17T11:00:00.0,11,7904.927734585235
2018-03-17T12:00:00.0,12,6995.804506771313
2018-03-17T13:00:00.0,13,5037.981223038808
2018-03-17T14:00:00.0,14,3242.592992082468
2018-03-17T15:00:00.0,15,2697.7269335366923
2018-03-17T16:00:00.0,16,2311.1211456443857
2018-03-17T17:00:00.0,17,2011.3246066314723
2018-03-17T18:00:00.0,18,1887.8990235994086
2018-03-17T19:00:00.0,19,2014.5593866060565
2018-03-17T20:00:00.0,20,2271.711734370407
2018-03-17T21:00:00.0,21,2747.1277457080146
2018-03-17T22:00:00.0,22,3343.590013669724
2018-03-17T23:00:00.0,23,3635.757396473977
2018-03-18T00:00:00.0,0,5347.707256824045
2018-03-18T01:00:00.0,1,8867.12876593219
2018-03-18T02:00:00.0,2,11244.996101691257
2018-03-18T03:00:00.0,3,11423.83259292698
2018-03-18T04:00:00.0,4,10707.495087620586
2018-03-18T05:00:00.0,5,9853.620099081207
2018-03-18T06:00:00.0,6,8926.727083952062
2018-03-18T07:00:00.0,7,8150.081282845734
2018-03-18T08:00:00.0,8,6969.42267245136
2018-03-18T09:00:00.0,9,5985.791357427873
2018-03-18T10:00:00.0,10,5640.032749782403
2018-03-18T11:00:00.0,11,5259.139366436178
2018-03-18T12:00:00.0,12,5003.630503329294
2018-03-18T13:00:00.0,13,4374.125857341346
2018-03-18T14:00:00.0,14,3736.2511251413466
2018-03-18T15:00:00.0,15,3098.342718007299
2018-03-18T16:00:00.0,16,3847.577549395073
2018-03-18T17:00:00.0,17,5016.688795617477
2018-03-18T18:00:00.0,18,6223.016053951131
2018-03-18T19:00:00.0,19,8485.208669759784
2018-03-18T20:00:00.0,20,11025.977812979909
2018-03-18T21:00:00.0,21,12460.078574714598
2018-03-18T22:00:00.0,22,13332.246424762334
2018-03-18T23:00:00.0,23,13828.203009594947
2018-03-19T00:00:00.0,0,14261.802355079564
2018-03-19T01:00:00.0,1,15716.779006813236
2018-03-19T02:00:00.0,2,16559.99320333221
2018-03-19T03:00:00.0,3,17303.08121842542
2018-03-19T04:00:00.0,4,17404.72606162478
2018-03-19T05:00:00.0,5,17216.52872915161
2018-03-19T06:00:00.0,6,17183.85328406381
2018-03-19T07:00:00.0,7,16904.79634268617
2018-03-19T08:00:00.0,8,16789.91014454618
2018-03-19T09:00:00.0,9,16584.244569475097
2018-03-19T10:00:00.0,10,16252.522229362532
2018-03-19T11:00:00.0,11,15990.271045257809
2018-03-19T12:00:00.0,12,15873.162626288677
2018-03-19T13:00:00.0,13,15720.714202087069
2018-03-19T14:00:00.0,14,15796.466527377574
2018-03-19T15:00:00.0,15,16048.108202688736
2018-03-19T16:00:00.0,16,16278.294796306664
2018-03-19T17:00:00.0,17,15435.897528622037
2018-03-19T18:00:00.0,18,13547.19486302659
2018-03-19T19:00:00.0,19,11739.065886076807
2018-03-19T20:00:00.0,20,10442.687552100344
2018-03-19T21:00:00.0,21,9394.312178942713
2018-03-19T22:00:00.0,22,8733.753624518195
2018-03-19T23:00:00.0,23,7801.7103131950125
2018-03-20T00:00:00.0,0,7422.818462846378
2018-03-20T01:00:00.0,1,9027.957615515368
2018-03-20T02:00:00.0,2,10377.52119432039
2018-03-20T03:00:00.0,3,11331.557873203883
2018-03-20T04:00:00.0,4,11293.006902399691
2018-03-20T05:00:00.0,5,10594.05116689455
2018-03-20T06:00:00.0,6,9843.147626669279
2018-03-20T07:00:00.0,7,9573.351523251918
2018-03-20T08:00:00.0,8,9262.533409191032
2018-03-20T09:00:00.0,9,9123.84297080674
2018-03-20T10:00:00.0,10,9100.059172060945
2018-03-20T11:00:00.0,11,8328.725423210928
2018-03-20T12:00:00.0,12,7338.667024071744
2018-03-20T13:00:00.0,13,5984.31393015167
2018-03-20T14:00:00.0,14,4243.600966221205
2018-03-20T15:00:00.0,15,3421.4323305231032
2018-03-20T16:00:00.0,16,2105.312004432831
2018-03-20T17:00:00.0,17,1335.541248541547
2018-03-20T18:00:00.0,18,895.6222048945455
2018-03-20T19:00:00.0,19,744.491185942862
2018-03-20T20:00:00.0,20,690.2445736415858
2018-03-20T21:00:00.0,21,625.8482814939063
2018-03-20T22:00:00.0,22,522.9691307592324
2018-03-20T23:00:00.0,23,423.1092629752791
2018-03-21T00:00:00.0,0,584.6178186887508
2018-03-21T01:00:00.0,1,1421.8658243194704
2018-03-21T02:00:00.0,2,2965.180681783993
2018-03-21T03:00:00.0,3,5109.394838829614
2018-03-21T04:00:00.0,4,7572.12052830216
2018-03-21T05:00:00.0,5,9174.347587242142
2018-03-21T06:00:00.0,6,10297.475526185699
2018-03-21T07:00:00.0,7,10554.112781169697
2018-03-21T08:00:00.0,8,10480.158001953763
2018-03-21T09:00:00.0,9,10395.937947948327
2018-03-21T10:00:00.0,10,10302.76434184761
2018-03-21T11:00:00.0,11,10320.976077148927
2018-03-21T12:00:00.0,12,10139.369765464699
2018-03-21T13:00:00.0,13,9883.626949468451
2018-03-21T14:00:00.0,14,8036.330886925444
2018-03-21T15:00:00.0,15,8244.394831142288
2018-03-21T16:00:00.0,16,8789.021213943053
2018-03-21T17:00:00.0,17,8812.397203876426
2018-03-21T18:00:00.0,18,8549.227590828823
2018-03-21T19:00:00.0,19,8007.164572138946
2018-03-21T20:00:00.0,20,7671.1734609404075
2018-03-21T21:00:00.0,21,8031.232307923303
2018-03-21T22:00:00.0,22,8670.96625370297
2018-03-21T23:00:00.0,23,9350.231849811395
2018-03-22T00:00:00.0,0,11506.595630579292
2018-03-22T01:00:00.0,1,15152.485175460946
2018-03-22T02:00:00.0,2,16717.093821901897
2018-03-22T03:00:00.0,3,17312.382738977914
2018-03-22T04:00:00.0,4,17673.278062802874
2018-03-22T05:00:00.0,5,17691.17719194228
2018-03-22T06:00:00.0,6,17622.25582801558
2018-03-22T07:00:00.0,7,17125.279098031246
2018-03-22T08:00:00.0,8,16497.383390529594
2018-03-22T09:00:00.0,9,16124.790137588485
2018-03-22T10:00:00.0,10,15616.847920375165
2018-03-22T11:00:00.0,11,15092.186084996152
2018-03-22T12:00:00.0,12,14586.470607440855
2018-03-22T13:00:00.0,13,13828.361638078568
2018-03-22T14:00:00.0,14,11521.66736452206
2018-03-22T15:00:00.0,15,11055.606528481845
2018-03-22T16:00:00.0,16,10212.136829509438
2018-03-22T17:00:00.0,17,9543.742796866716
2018-03-22T18:00:00.0,18,9178.235198842855
2018-03-22T19:00:00.0,19,9031.717559749106
2018-03-22T20:00:00.0,20,9117.513562269449
2018-03-22T21:00:00.0,21,9676.417751250256
2018-03-22T22:00:00.0,22,10555.448938048585
2018-03-22T23:00:00.0,23,11186.552870246973
2018-03-23T00:00:00.0,0,13088.770805588041
2018-03-23T01:00:00.0,1,15478.896417435639
2018-03-23T02:00:00.0,2,16677.59764990738
2018-03-23T03:00:00.0,3,17026.734656448014
2018-03-23T04:00:00.0,4,16911.337149763676
2018-03-23T05:00:00.0,5,16377.51303529449
2018-03-23T06:00:00.0,6,16262.392922346999
2018-03-23T07:00:00.0,7,16252.641127995666
2018-03-23T08:00:00.0,8,16518.093793547912
2018-03-23T09:00:00.0,9,16828.583387844126
2018-03-23T10:00:00.0,10,16990.615043907866
2018-03-23T11:00:00.0,11,16750.450232773128
2018-03-23T12:00:00.0,12,16519.749498206682
2018-03-23T13:00:00.0,13,16161.992206587305
2018-03-23T14:00:00.0,14,15285.289174326592
2018-03-23T15:00:00.0,15,14589.873309828828
2018-03-23T16:00:00.0,16,14689.96643462518
2018-03-23T17:00:00.0,17,15085.709524125894
2018-03-23T18:00:00.0,18,15783.001462227207
2018-03-23T19:00:00.0,19,16539.83946225314
2018-03-23T20:00:00.0,20,17228.18751338965
2018-03-23T21:00:00.0,21,17854.44509173725
2018-03-23T22:00:00.0,22,18098.597920971242
2018-03-23T23:00:00.0,23,17887.61796195512
2018-03-24T00:00:00.0,0,18035.9267518042
2018-03-24T01:00:00.0,1,18101.247377890497
2018-03-24T02:00:00.0,2,17548.426721117565
2018-03-24T03:00:00.0,3,17223.987891415007
2018-03-24T04:00:00.0,4,17362.774124992047
2018-03-24T05:00:00.0,5,16825.094026501574
2018-03-24T06:00:00.0,6,16504.858505660657
2018-03-24T07:00:00.0,7,16167.900535772023
2018-03-24T08:00:00.0,8,15376.179968814942
2018-03-24T09:00:00.0,9,14182.79731734485
2018-03-24T10:00:00.0,10,12574.32603472697
2018-03-24T11:00:00.0,11,10869.44147952076
2018-03-24T12:00:00.0,12,9082.629788513366
2018-03-24T13:00:00.0,13,7734.515276272148
2018-03-24T14:00:00.0,14,5694.567471258051
2018-03-24T15:00:00.0,15,4990.768315819556
2018-03-24T16:00:00.0,16,4259.674044401989
2018-03-24T17:00:00.0,17,3279.1438393307544
2018-03-24T18:00:00.0,18,2548.262249176558
2018-03-24T19:00:00.0,19,2165.822286275063
2018-03-24T20:00:00.0,20,2132.5150843263414
2018-03-24T21:00:00.0,21,2448.5691428400232
2018-03-24T22:00:00.0,22,2743.507250626732
2018-03-24T23:00:00.0,23,3232.815791975922
2018-03-25T00:00:00.0,0,5039.3904376885
2018-03-25T01:00:00.0,1,9656.480297265955
2018-03-25T02:00:00.0,2,13034.239761186689
2018-03-25T03:00:00.0,3,14881.548333067578
2018-03-25T04:00:00.0,4,15501.52745308855
2018-03-25T05:00:00.0,5,14562.186263847858
2018-03-25T06:00:00.0,6,13430.52075465437
2018-03-25T07:00:00.0,7,11428.475671529151
2018-03-25T08:00:00.0,8,9617.117836627685
2018-03-25T09:00:00.0,9,8894.369397778044
2018-03-25T10:00:00.0,10,8499.366279340016
2018-03-25T11:00:00.0,11,7989.1279384181325
2018-03-25T12:00:00.0,12,8046.793317781984
2018-03-25T13:00:00.0,13,7630.275642039548
2018-03-25T14:00:00.0,14,5524.216477275033
2018-03-25T15:00:00.0,15,4776.96506013351
2018-03-25T16:00:00.0,16,5427.176773579221
2018-03-25T17:00:00.0,17,5927.821831844009
2018-03-25T18:00:00.0,18,6526.02881060104
2018-03-25T19:00:00.0,19,7199.101391952704
2018-03-25T20:00:00.0,20,8165.018014777918
2018-03-25T21:00:00.0,21,9109.216492019963
2018-03-25T22:00:00.0,22,9671.328318119118
2018-03-25T23:00:00.0,23,9860.469487671535
2018-03-26T00:00:00.0,0,9028.07934215419
2018-03-26T01:00:00.0,1,9124.10714939522
2018-03-26T02:00:00.0,2,10945.159433312896
2018-03-26T03:00:00.0,3,13435.843090807313
2018-03-26T04:00:00.0,4,14365.996702166003
2018-03-26T05:00:00.0,5,14914.944571118911
2018-03-26T06:00:00.0,6,15275.251793153633
2018-03-26T07:00:00.0,7,15407.564454571555
2018-03-26T08:00:00.0,8,15514.52934535312
2018-03-26T09:00:00.0,9,15759.882629865597
2018-03-26T10:00:00.0,10,15828.73191399524
2018-03-26T11:00:00.0,11,16017.90445760198
2018-03-26T12:00:00.0,12,16045.58491410893
2018-03-26T13:00:00.0,13,15079.723551792893
2018-03-26T14:00:00.0,14,12790.715717450768
2018-03-26T15:00:00.0,15,11578.971674748553
2018-03-26T16:00:00.0,16,10501.293335811477
2018-03-26T17:00:00.0,17,9475.90642434788
2018-03-26T18:00:00.0,18,8942.902014113626
2018-03-26T19:00:00.0,19,8452.998775090093
2018-03-26T20:00:00.0,20,8123.389841882091
2018-03-26T21:00:00.0,21,8026.550377078492
2018-03-26T22:00:00.0,22,8208.848169556804
2018-03-26T23:00:00.0,23,8620.477444828904
2018-03-27T00:00:00.0,0,10226.40154926385
2018-03-27T01:00:00.0,1,11611.779953890313
2018-03-27T02:00:00.0,2,12149.149173746626
2018-03-27T03:00:00.0,3,10556.115276648368
2018-03-27T04:00:00.0,4,9521.504300696564
2018-03-27T05:00:00.0,5,8416.052201138597
2018-03-27T06:00:00.0,6,8160.190604371685
2018-03-27T07:00:00.0,7,7620.330980039017
2018-03-27T08:00:00.0,8,7352.170188734056
2018-03-27T09:00:00.0,9,7442.545584573624
2018-03-27T10:00:00.0,10,7174.79639144272
2018-03-27T11:00:00.0,11,7502.730330843199
2018-03-27T12:00:00.0,12,7993.309275676325
2018-03-27T13:00:00.0,13,7926.031156595841
2018-03-27T14:00:00.0,14,7373.660970970836
2018-03-27T15:00:00.0,15,7037.616850300884
2018-03-27T16:00:00.0,16,6714.29218250101
2018-03-27T17:00:00.0,17,6711.727179831334
2018-03-27T18:00:00.0,18,7288.104979282661
2018-03-27T19:00:00.0,19,7644.904908768257
2018-03-27T20:00:00.0,20,8325.159461789399
2018-03-27T21:00:00.0,21,9560.691734391581
2018-03-27T22:00:00.0,22,10602.146598511159
2018-03-27T23:00:00.0,23,10840.792878270824
2018-03-28T00:00:00.0,0,10509.064315495067
2018-03-28T01:00:00.0,1,12055.891584670795
2018-03-28T02:00:00.0,2,11590.694182696256
2018-03-28T03:00:00.0,3,9697.11597132061
2018-03-28T04:00:00.0,4,9256.059498603348
2018-03-28T05:00:00.0,5,8738.637953301559
2018-03-28T06:00:00.0,6,7955.991317085364
2018-03-28T07:00:00.0,7,7437.9582794444395
2018-03-28T08:00:00.0,8,7292.320259165106
2018-03-28T09:00:00.0,9,6237.620521686578
2018-03-28T10:00:00.0,10,5008.049660618368
2018-03-28T11:00:00.0,11,3993.7416323834
2018-03-28T12:00:00.0,12,3890.3982126007218
2018-03-28T13:00:00.0,13,3968.913918557222
2018-03-28T14:00:00.0,14,3171.8543471941744
2018-03-28T15:00:00.0,15,2639.833440183592
2018-03-28T16:00:00.0,16,2466.1395615381334
2018-03-28T17:00:00.0,17,2474.155252821946
2018-03-28T18:00:00.0,18,2229.7350349461653
2018-03-28T19:00:00.0,19,2084.1213807725726
2018-03-28T20:00:00.0,20,2114.3396445708167
2018-03-28T21:00:00.0,21,2360.1466517142712
2018-03-28T22:00:00.0,22,3328.6167998771816
2018-03-28T23:00:00.0,23,4786.832153993805
2018-03-29T00:00:00.0,0,5415.4441637998125
2018-03-29T01:00:00.0,1,5479.3762924468865
2018-03-29T02:00:00.0,2,5543.515779775367
2018-03-29T03:00:00.0,3,6023.935185304384
2018-03-29T04:00:00.0,4,6887.081203421454
2018-03-29T05:00:00.0,5,7358.390266564812
2018-03-29T06:00:00.0,6,7556.824201811461
2018-03-29T07:00:00.0,7,8390.039862824035
2018-03-29T08:00:00.0,8,9319.164275090756
2018-03-29T09:00:00.0,9,9723.932719877661
2018-03-29T10:00:00.0,10,11028.47923882841
2018-03-29T11:00:00.0,11,11157.315877694955
2018-03-29T12:00:00.0,12,11326.345077704571
2018-03-29T13:00:00.0,13,10176.187822044585
2018-03-29T14:00:00.0,14,8250.147711832864
2018-03-29T15:00:00.0,15,7336.395864254945
2018-03-29T16:00:00.0,16,6215.966291488326
2018-03-29T17:00:00.0,17,5145.103235098549
2018-03-29T18:00:00.0,18,4093.5842734219937
2018-03-29T19:00:00.0,19,3356.554469917455
2018-03-29T20:00:00.0,20,2915.384996801398
2018-03-29T21:00:00.0,21,2499.590857257472
2018-03-29T22:00:00.0,22,1915.8457878401066
2018-03-29T23:00:00.0,23,1563.6746659107018
2018-03-30T00:00:00.0,0,1780.0279322362132
2018-03-30T01:00:00.0,1,3333.3400450804434
2018-03-30T02:00:00.0,2,5511.513882946415
2018-03-30T03:00:00.0,3,7682.590137407594
2018-03-30T04:00:00.0,4,8629.95112024417
2018-03-30T05:00:00.0,5,8605.891426991238
2018-03-30T06:00:00.0,6,8288.710383536129
2018-03-30T07:00:00.0,7,7917.792034906056
2018-03-30T08:00:00.0,8,7362.827758910099
2018-03-30T09:00:00.0,9,6984.833648608371
2018-03-30T10:00:00.0,10,6618.992149976402
2018-03-30T11:00:00.0,11,6532.374293178104
2018-03-30T12:00:00.0,12,6220.628354303332
2018-03-30T13:00:00.0,13,5192.812748513285
2018-03-30T14:00:00.0,14,3574.780855036957
2018-03-30T15:00:00.0,15,3770.2415459805284
2018-03-30T16:00:00.0,16,4220.7836907884885
2018-03-30T17:00:00.0,17,4890.802478036786
2018-03-30T18:00:00.0,18,5342.198188059496
2018-03-30T19:00:00.0,19,5694.026166549716
2018-03-30T20:00:00.0,20,5956.607146668256
2018-03-30T21:00:00.0,21,6476.848659110547
2018-03-30T22:00:00.0,22,6945.136150289403
2018-03-30T23:00:00.0,23,7559.998029228872
2018-03-31T00:00:00.0,0,9379.03080174088
2018-03-31T01:00:00.0,1,13252.664817646933
2018-03-31T02:00:00.0,2,15946.016413989622
2018-03-31T03:00:00.0,3,16696.940724714797
2018-03-31T04:00:00.0,4,16955.238153086146
2018-03-31T05:00:00.0,5,16915.824247582786
2018-03-31T06:00:00.0,6,16930.749566421287
2018-03-31T07:00:00.0,7,16829.150027563126
2018-03-31T08:00:00.0,8,16828.61542007684
2018-03-31T09:00:00.0,9,16725.36120888097
2018-03-31T10:00:00.0,10,16257.09434212579
2018-03-31T11:00:00.0,11,15665.030423914746
2018-03-31T12:00:00.0,12,14818.354948477645
2018-03-31T13:00:00.0,13,13740.114116388113
2018-03-31T14:00:00.0,14,11949.733530056312
2018-03-31T15:00:00.0,15,11372.059620056933
2018-03-31T16:00:00.0,16,10788.383172431482
2018-03-31T17:00:00.0,17,9501.633709017186
2018-03-31T18:00:00.0,18,8289.338118050111
2018-03-31T19:00:00.0,19,7101.680413679455
2018-03-31T20:00:00.0,20,6135.331402438164
2018-03-31T21:00:00.0,21,5785.513632700463
2018-03-31T22:00:00.0,22,5540.139360175886
2018-03-31T23:00:00.0,23,5856.0148765698805
2018-04-01T00:00:00.0,0,8208.618413194728
2018-04-01T01:00:00.0,1,11489.27619197433
2018-04-01T02:00:00.0,2,13782.05718820304
2018-04-01T03:00:00.0,3,15461.087687255887
2018-04-01T04:00:00.0,4,15187.466335218787
2018-04-01T05:00:00.0,5,13450.578009130397
2018-04-01T06:00:00.0,6,10969.587988421808
2018-04-01T07:00:00.0,7,9705.40494565917
2018-04-01T08:00:00.0,8,8430.060643758357
2018-04-01T09:00:00.0,9,7591.237459447678
2018-04-01T10:00:00.0,10,6828.8426547947065
2018-04-01T11:00:00.0,11,6231.5685935823485
2018-04-01T12:00:00.0,12,5909.260146142823
2018-04-01T13:00:00.0,13,5285.3555967359325
2018-04-01T14:00:00.0,14,4352.9996818642385
2018-04-01T15:00:00.0,15,3916.1128155295023
2018-04-01T16:00:00.0,16,3392.6281521773976
2018-04-01T17:00:00.0,17,3233.314677701505
2018-04-01T18:00:00.0,18,3270.8834181247535
2018-04-01T19:00:00.0,19,3698.7391101428716
2018-04-01T20:00:00.0,20,4629.660855983858
2018-04-01T21:00:00.0,21,5964.889359546968
2018-04-01T22:00:00.0,22,7427.661746906008
2018-04-01T23:00:00.0,23,8707.403117989992
2018-04-02T00:00:00.0,0,9520.902511046603
2018-04-02T01:00:00.0,1,9865.142900784313
2018-04-02T02:00:00.0,2,8991.707086388118
2018-04-02T03:00:00.0,3,7945.801441197195
2018-04-02T04:00:00.0,4,6859.8860378806885
2018-04-02T05:00:00.0,5,5923.7742326857815
2018-04-02T06:00:00.0,6,5220.0650327004105
2018-04-02T07:00:00.0,7,5063.998351064767
2018-04-02T08:00:00.0,8,5078.81376067751
2018-04-02T09:00:00.0,9,5218.253819638971
2018-04-02T10:00:00.0,10,5403.782751122387
2018-04-02T11:00:00.0,11,5511.8924060591535
2018-04-02T12:00:00.0,12,5975.710661810082
2018-04-02T13:00:00.0,13,6430.65720230002
2018-04-02T14:00:00.0,14,6669.490003057891
2018-04-02T15:00:00.0,15,6918.712822173834
2018-04-02T16:00:00.0,16,7177.107436383638
2018-04-02T17:00:00.0,17,7758.128500093768
2018-04-02T18:00:00.0,18,8521.76322355759
2018-04-02T19:00:00.0,19,9442.604095306795
2018-04-02T20:00:00.0,20,10471.369418417185
2018-04-02T21:00:00.0,21,11170.545869191556
2018-04-02T22:00:00.0,22,11841.788070767645
2018-04-02T23:00:00.0,23,12865.345920048649
2018-04-03T00:00:00.0,0,14963.322836578955
2018-04-03T01:00:00.0,1,17706.200800077127
2018-04-03T02:00:00.0,2,18210.883111175317
2018-04-03T03:00:00.0,3,17885.848760262543
2018-04-03T04:00:00.0,4,17414.99645347081
2018-04-03T05:00:00.0,5,17382.48998153084
2018-04-03T06:00:00.0,6,18008.89326405533
2018-04-03T07:00:00.0,7,18602.911933977255
2018-04-03T08:00:00.0,8,18495.421697725666
2018-04-03T09:00:00.0,9,18457.070444059118
2018-04-03T10:00:00.0,10,18242.7285513938
2018-04-03T11:00:00.0,11,17779.21678255066
2018-04-03T12:00:00.0,12,16928.56385228329
2018-04-03T13:00:00.0,13,16468.250178132756
2018-04-03T14:00:00.0,14,14639.62963438649
2018-04-03T15:00:00.0,15,13770.129491423017
2018-04-03T16:00:00.0,16,14338.799328010753
2018-04-03T17:00:00.0,17,15277.409596181411
2018-04-03T18:00:00.0,18,16053.644163328143
2018-04-03T19:00:00.0,19,16071.942698966328
2018-04-03T20:00:00.0,20,15552.679350381864
2018-04-03T21:00:00.0,21,14900.894619979716
2018-04-03T22:00:00.0,22,14368.92138208
2018-04-03T23:00:00.0,23,13967.047499497465
2018-04-04T00:00:00.0,0,13634.68456710446
2018-04-04T01:00:00.0,1,14405.938384579786
2018-04-04T02:00:00.0,2,14499.621532661811
2018-04-04T03:00:00.0,3,14170.050176313105
2018-04-04T04:00:00.0,4,13999.119945907883
2018-04-04T05:00:00.0,5,13444.423506023488
2018-04-04T06:00:00.0,6,12214.46241278958
2018-04-04T07:00:00.0,7,11373.638400924996
2018-04-04T08:00:00.0,8,10192.778110360561
2018-04-04T09:00:00.0,9,9513.45237792971
2018-04-04T10:00:00.0,10,8721.94664364361
2018-04-04T11:00:00.0,11,8657.584954384627
2018-04-04T12:00:00.0,12,7984.8699726344175
2018-04-04T13:00:00.0,13,6798.08926423432
2018-04-04T14:00:00.0,14,6633.724266760295
2018-04-04T15:00:00.0,15,7557.205908837176
2018-04-04T16:00:00.0,16,7963.738070824941
2018-04-04T17:00:00.0,17,8110.441686916644
2018-04-04T18:00:00.0,18,7989.771066436547
2018-04-04T19:00:00.0,19,7515.162023603898
2018-04-04T20:00:00.0,20,7170.984334954389
2018-04-04T21:00:00.0,21,7065.841873183485
2018-04-04T22:00:00.0,22,7016.06249575996
2018-04-04T23:00:00.0,23,6872.057293819555
2018-04-05T00:00:00.0,0,7816.09657620105
2018-04-05T01:00:00.0,1,10874.57455717584
2018-04-05T02:00:00.0,2,13396.735781328227
2018-04-05T03:00:00.0,3,14650.816333842848
2018-04-05T04:00:00.0,4,15180.330132643901
2018-04-05T05:00:00.0,5,15375.865553238507
2018-04-05T06:00:00.0,6,15541.843134057495
2018-04-05T07:00:00.0,7,15388.61471037016
2018-04-05T08:00:00.0,8,14911.560810343704
2018-04-05T09:00:00.0,9,14223.412895470197
2018-04-05T10:00:00.0,10,13645.007658784763
2018-04-05T11:00:00.0,11,12741.332169662142
2018-04-05T12:00:00.0,12,12076.003106061346
2018-04-05T13:00:00.0,13,11052.370922761731
2018-04-05T14:00:00.0,14,8964.29818575073
2018-04-05T15:00:00.0,15,7926.2682567975535
2018-04-05T16:00:00.0,16,7322.642977498844
2018-04-05T17:00:00.0,17,6751.741875460603
2018-04-05T18:00:00.0,18,5799.651702809522
2018-04-05T19:00:00.0,19,4766.169793716831
2018-04-05T20:00:00.0,20,4000.778721145122
2018-04-05T21:00:00.0,21,3963.323916370162
2018-04-05T22:00:00.0,22,4137.499856990863
2018-04-05T23:00:00.0,23,5107.285975565629
2018-04-06T00:00:00.0,0,7814.290442869585
2018-04-06T01:00:00.0,1,10958.117901395834
2018-04-06T02:00:00.0,2,13076.719772476345
2018-04-06T03:00:00.0,3,13876.922481680713
2018-04-06T04:00:00.0,4,14568.200234554153
2018-04-06T05:00:00.0,5,14468.544498428042
2018-04-06T06:00:00.0,6,14312.431907834665
2018-04-06T07:00:00.0,7,13841.746857949072
2018-04-06T08:00:00.0,8,12872.241910049803
2018-04-06T09:00:00.0,9,12058.389535902337
2018-04-06T10:00:00.0,10,11691.132677462767
2018-04-06T11:00:00.0,11,11465.80367027881
2018-04-06T12:00:00.0,12,11079.56705370687
2018-04-06T13:00:00.0,13,10382.281480015134
2018-04-06T14:00:00.0,14,9199.985399397514
2018-04-06T15:00:00.0,15,8138.871101182255
2018-04-06T16:00:00.0,16,6783.741647843559
2018-04-06T17:00:00.0,17,6467.251196798138
2018-04-06T18:00:00.0,18,6721.823019869077
2018-04-06T19:00:00.0,19,7472.065285464218
2018-04-06T20:00:00.0,20,8634.700380028982
2018-04-06T21:00:00.0,21,10149.153629160299
2018-04-06T22:00:00.0,22,13538.456378655115
2018-04-06T23:00:00.0,23,15739.833872102075
2018-04-07T00:00:00.0,0,17092.92906128809
2018-04-07T01:00:00.0,1,17730.617486674873
2018-04-07T02:00:00.0,2,17555.04157205815
2018-04-07T03:00:00.0,3,17492.615774954953
2018-04-07T04:00:00.0,4,17068.668947490336
2018-04-07T05:00:00.0,5,16526.528533270113
2018-04-07T06:00:00.0,6,15581.812988190046
2018-04-07T07:00:00.0,7,14617.2228347036
2018-04-07T08:00:00.0,8,13457.91059188156
2018-04-07T09:00:00.0,9,11781.649229253162
2018-04-07T10:00:00.0,10,10045.357012168346
2018-04-07T11:00:00.0,11,8874.732135753957
2018-04-07T12:00:00.0,12,8143.381014282095
2018-04-07T13:00:00.0,13,7590.984857443996
2018-04-07T14:00:00.0,14,7285.83883138583
2018-04-07T15:00:00.0,15,7256.538903102423
2018-04-07T16:00:00.0,16,7152.440020465929
2018-04-07T17:00:00.0,17,6532.645003335143
2018-04-07T18:00:00.0,18,5620.147999622729
2018-04-07T19:00:00.0,19,4850.6623303091765
2018-04-07T20:00:00.0,20,4341.904844660917
2018-04-07T21:00:00.0,21,3835.653039087072
2018-04-07T22:00:00.0,22,3434.0720256550576
2018-04-07T23:00:00.0,23,2908.311703932315
2018-04-08T00:00:00.0,0,2840.107518403844
2018-04-08T01:00:00.0,1,3598.5819343771523
2018-04-08T02:00:00.0,2,4914.979486449925
2018-04-08T03:00:00.0,3,6326.971643711043
2018-04-08T04:00:00.0,4,7374.345047122217
2018-04-08T05:00:00.0,5,8115.4982440803315
2018-04-08T06:00:00.0,6,8136.598909487618
2018-04-08T07:00:00.0,7,7966.9778490290655
2018-04-08T08:00:00.0,8,7945.381183196496
2018-04-08T09:00:00.0,9,7681.809496926787
2018-04-08T10:00:00.0,10,7316.538837642409
2018-04-08T11:00:00.0,11,7427.56529477009
2018-04-08T12:00:00.0,12,7498.847626354277
2018-04-08T13:00:00.0,13,7071.704554485076
2018-04-08T14:00:00.0,14,7172.882038996276
2018-04-08T15:00:00.0,15,7030.857591134238
2018-04-08T16:00:00.0,16,6322.848543437359
2018-04-08T17:00:00.0,17,5412.472522620213
2018-04-08T18:00:00.0,18,4792.206895911393
2018-04-08T19:00:00.0,19,4417.922098920405
2018-04-08T20:00:00.0,20,4507.303251670938
2018-04-08T21:00:00.0,21,4288.938316852157
2018-04-08T22:00:00.0,22,4058.9178037020806
2018-04-08T23:00:00.0,23,4892.9973307774535
2018-04-09T00:00:00.0,0,7856.947351402436
2018-04-09T01:00:00.0,1,11739.156531936647
2018-04-09T02:00:00.0,2,12112.480342158786
2018-04-09T03:00:00.0,3,11968.197521076872
2018-04-09T04:00:00.0,4,11265.646535036574
2018-04-09T05:00:00.0,5,9951.008795188802
2018-04-09T06:00:00.0,6,8394.714357639843
2018-04-09T07:00:00.0,7,7195.809223054656
2018-04-09T08:00:00.0,8,5704.175844730929
2018-04-09T09:00:00.0,9,4680.626381652124
2018-04-09T10:00:00.0,10,3526.2792357939375
2018-04-09T11:00:00.0,11,2764.793623306914
2018-04-09T12:00:00.0,12,2256.882115164737
2018-04-09T13:00:00.0,13,1522.8237492696337
2018-04-09T14:00:00.0,14,1045.0220557204855
2018-04-09T15:00:00.0,15,1183.0561289681457
2018-04-09T16:00:00.0,16,1359.9744034019525
2018-04-09T17:00:00.0,17,1641.0811372997425
2018-04-09T18:00:00.0,18,1825.3967420440604
2018-04-09T19:00:00.0,19,2226.508134679591
2018-04-09T20:00:00.0,20,2704.9778673404403
2018-04-09T21:00:00.0,21,3380.0362610212237
2018-04-09T22:00:00.0,22,4143.561640993419
2018-04-09T23:00:00.0,23,5008.616622875041
2018-04-10T00:00:00.0,0,6452.750767091787
2018-04-10T01:00:00.0,1,8630.445108405156
2018-04-10T02:00:00.0,2,10463.756851935806
2018-04-10T03:00:00.0,3,10758.380720444784
2018-04-10T04:00:00.0,4,11010.294395719102
2018-04-10T05:00:00.0,5,10164.053641917317
2018-04-10T06:00:00.0,6,8885.523975073129
2018-04-10T07:00:00.0,7,7198.626761613832
2018-04-10T08:00:00.0,8,5742.279479952151
2018-04-10T09:00:00.0,9,4629.815492579085
2018-04-10T10:00:00.0,10,4183.602910307382
2018-04-10T11:00:00.0,11,3897.0268798658103
2018-04-10T12:00:00.0,12,3671.395125366682
2018-04-10T13:00:00.0,13,3191.945310159082
2018-04-10T14:00:00.0,14,2530.202832017531
2018-04-10T15:00:00.0,15,2940.8067398737985
2018-04-10T16:00:00.0,16,3242.804702914688
2018-04-10T17:00:00.0,17,3168.50950903857
2018-04-10T18:00:00.0,18,3207.065354053613
2018-04-10T19:00:00.0,19,3391.5784543848677
2018-04-10T20:00:00.0,20,3410.9488374457383
2018-04-10T21:00:00.0,21,3421.4612383260683
2018-04-10T22:00:00.0,22,3313.8521461334058
2018-04-10T23:00:00.0,23,3205.176985228045
2018-04-11T00:00:00.0,0,3883.040748700428
2018-04-11T01:00:00.0,1,6513.400370585531
2018-04-11T02:00:00.0,2,9977.302076422091
2018-04-11T03:00:00.0,3,12645.256143967925
2018-04-11T04:00:00.0,4,14423.60746176334
2018-04-11T05:00:00.0,5,15033.85932603639
2018-04-11T06:00:00.0,6,15499.178277875499
2018-04-11T07:00:00.0,7,15753.99198113044
2018-04-11T08:00:00.0,8,15747.002916529042
2018-04-11T09:00:00.0,9,15960.33780698406
2018-04-11T10:00:00.0,10,16084.907110652328
2018-04-11T11:00:00.0,11,16011.005554695783
2018-04-11T12:00:00.0,12,15601.783173817372
2018-04-11T13:00:00.0,13,14710.662390249252
2018-04-11T14:00:00.0,14,13108.353503595368
2018-04-11T15:00:00.0,15,13259.968858043974
2018-04-11T16:00:00.0,16,13368.667512385573
2018-04-11T17:00:00.0,17,13530.283723245555
2018-04-11T18:00:00.0,18,13882.589736268286
2018-04-11T19:00:00.0,19,14330.181151382772
2018-04-11T20:00:00.0,20,14568.024977548084
2018-04-11T21:00:00.0,21,14699.703810169905
2018-04-11T22:00:00.0,22,14930.418294328898
2018-04-11T23:00:00.0,23,15030.877411009978
2018-04-12T00:00:00.0,0,15430.173922052063
2018-04-12T01:00:00.0,1,15755.143388745479
2018-04-12T02:00:00.0,2,15919.68282823752
2018-04-12T03:00:00.0,3,15841.995727001893
2018-04-12T04:00:00.0,4,15868.531612822808
2018-04-12T05:00:00.0,5,16339.209982113818
2018-04-12T06:00:00.0,6,17270.96161233026
2018-04-12T07:00:00.0,7,17522.73469638004
2018-04-12T08:00:00.0,8,17565.39956465057
2018-04-12T09:00:00.0,9,17201.5862422627
2018-04-12T10:00:00.0,10,16752.37109991899
2018-04-12T11:00:00.0,11,16344.263973210354
2018-04-12T12:00:00.0,12,16065.61665579075
2018-04-12T13:00:00.0,13,15439.244721081775
2018-04-12T14:00:00.0,14,14255.332327390242
2018-04-12T15:00:00.0,15,13916.403893715664
2018-04-12T16:00:00.0,16,14489.989250658682
2018-04-12T17:00:00.0,17,14703.207854018709
2018-04-12T18:00:00.0,18,15074.04279215426
2018-04-12T19:00:00.0,19,15571.525512917893
2018-04-12T20:00:00.0,20,16270.576952502577
2018-04-12T21:00:00.0,21,16972.675585338548
2018-04-12T22:00:00.0,22,17627.331097917373
2018-04-12T23:00:00.0,23,18052.688545244342
2018-04-13T00:00:00.0,0,19538.889120906115
2018-04-13T01:00:00.0,1,19607.112146012663
2018-04-13T02:00:00.0,2,19874.760708187383
2018-04-13T03:00:00.0,3,19641.373819580655
2018-04-13T04:00:00.0,4,19258.282523847392
2018-04-13T05:00:00.0,5,19485.418038999735
2018-04-13T06:00:00.0,6,19759.21070467989
2018-04-13T07:00:00.0,7,19355.4478613816
2018-04-13T08:00:00.0,8,19040.45231004979
2018-04-13T09:00:00.0,9,18973.591037424576
2018-04-13T10:00:00.0,10,18970.22555033213
2018-04-13T11:00:00.0,11,18921.9403090219
2018-04-13T12:00:00.0,12,18730.06886269782
2018-04-13T13:00:00.0,13,17723.450933388373
2018-04-13T14:00:00.0,14,17099.010853065553
2018-04-13T15:00:00.0,15,18563.51682757128
2018-04-13T16:00:00.0,16,18871.078135480548
2018-04-13T17:00:00.0,17,18443.738759475127
2018-04-13T18:00:00.0,18,18292.095439714547
2018-04-13T19:00:00.0,19,17718.46253183229
2018-04-13T20:00:00.0,20,17129.83057285728
2018-04-13T21:00:00.0,21,17026.313388671406
2018-04-13T22:00:00.0,22,17716.539437855936
2018-04-13T23:00:00.0,23,18594.704975872613
2018-04-14T00:00:00.0,0,18558.69385948909
2018-04-14T01:00:00.0,1,19153.907016075107
2018-04-14T02:00:00.0,2,19585.83063085146
2018-04-14T03:00:00.0,3,19690.644786101922
2018-04-14T04:00:00.0,4,19104.55292470102
2018-04-14T05:00:00.0,5,18609.849952759665
2018-04-14T06:00:00.0,6,18412.527551290957
2018-04-14T07:00:00.0,7,17819.84425014803
2018-04-14T08:00:00.0,8,17097.527086966144
2018-04-14T09:00:00.0,9,17448.41621889829
2018-04-14T10:00:00.0,10,17792.98213677031
2018-04-14T11:00:00.0,11,17464.13806405642
2018-04-14T12:00:00.0,12,16929.896362415206
2018-04-14T13:00:00.0,13,17398.1651217449
2018-04-14T14:00:00.0,14,18092.431707153817
2018-04-14T15:00:00.0,15,18267.061070233514
2018-04-14T16:00:00.0,16,17687.358583318903
2018-04-14T17:00:00.0,17,16747.378684780273
2018-04-14T18:00:00.0,18,15925.692867446478
2018-04-14T19:00:00.0,19,15229.447024938441
2018-04-14T20:00:00.0,20,14826.4885596658
2018-04-14T21:00:00.0,21,14869.66395433736
2018-04-14T22:00:00.0,22,14039.655343260822
2018-04-14T23:00:00.0,23,12351.731611296149
2018-04-15T00:00:00.0,0,9998.674063450479
2018-04-15T01:00:00.0,1,7803.939077517914
2018-04-15T02:00:00.0,2,6805.793030012621
2018-04-15T03:00:00.0,3,6729.226880694053
2018-04-15T04:00:00.0,4,6474.4298635867735
2018-04-15T05:00:00.0,5,5682.793092032717
2018-04-15T06:00:00.0,6,4711.657928052272
2018-04-15T07:00:00.0,7,3701.4642791041774
2018-04-15T08:00:00.0,8,2950.662814602078
2018-04-15T09:00:00.0,9,2601.2399991630796
2018-04-15T10:00:00.0,10,2526.658881400423
2018-04-15T11:00:00.0,11,2540.321891575291
2018-04-15T12:00:00.0,12,2931.466776671285
2018-04-15T13:00:00.0,13,2675.2202616961013
2018-04-15T14:00:00.0,14,1787.4599014906655
2018-04-15T15:00:00.0,15,1534.7859952160152
2018-04-15T16:00:00.0,16,1166.557304487446
2018-04-15T17:00:00.0,17,888.173884832147
2018-04-15T18:00:00.0,18,687.8610129334428
2018-04-15T19:00:00.0,19,577.3975417830419
2018-04-15T20:00:00.0,20,520.3743219975768
2018-04-15T21:00:00.0,21,462.8619424891037
2018-04-15T22:00:00.0,22,431.2958395887778
2018-04-15T23:00:00.0,23,527.2070547707466
2018-04-16T00:00:00.0,0,1354.3260656839407
2018-04-16T01:00:00.0,1,3136.910405731764
2018-04-16T02:00:00.0,2,5316.704040294647
2018-04-16T03:00:00.0,3,8036.702822871154
2018-04-16T04:00:00.0,4,10628.636040902782
2018-04-16T05:00:00.0,5,12881.112345033049
2018-04-16T06:00:00.0,6,14524.435318259804
2018-04-16T07:00:00.0,7,15036.9318854632
2018-04-16T08:00:00.0,8,15174.279207597296
2018-04-16T09:00:00.0,9,15384.139577502909
2018-04-16T10:00:00.0,10,15294.219867416161
2018-04-16T11:00:00.0,11,15037.52217913534
2018-04-16T12:00:00.0,12,14579.209867699277
2018-04-16T13:00:00.0,13,13378.887591707171
2018-04-16T14:00:00.0,14,12571.687973364978
2018-04-16T15:00:00.0,15,13643.77727849679
2018-04-16T16:00:00.0,16,14095.101947056608
2018-04-16T17:00:00.0,17,14494.681593545212
2018-04-16T18:00:00.0,18,14916.488636779772
2018-04-16T19:00:00.0,19,14964.251381975182
2018-04-16T20:00:00.0,20,15038.188682859254
2018-04-16T21:00:00.0,21,15405.598979274304
2018-04-16T22:00:00.0,22,15728.434727560947
2018-04-16T23:00:00.0,23,15598.304250935937
2018-04-17T00:00:00.0,0,16096.72250716444
2018-04-17T01:00:00.0,1,17135.052804336974
2018-04-17T02:00:00.0,2,17161.394088515746
2018-04-17T03:00:00.0,3,17296.071313270604
2018-04-17T04:00:00.0,4,17425.737680725826
2018-04-17T05:00:00.0,5,17884.323458482857
2018-04-17T06:00:00.0,6,18617.097483267797
2018-04-17T07:00:00.0,7,19022.83146550188
2018-04-17T08:00:00.0,8,18887.930992093487
2018-04-17T09:00:00.0,9,18784.340089893514
2018-04-17T10:00:00.0,10,18426.438158897956
2018-04-17T11:00:00.0,11,18014.90787932543
2018-04-17T12:00:00.0,12,17538.242921390043
2018-04-17T13:00:00.0,13,16955.807933014785
2018-04-17T14:00:00.0,14,15485.083645468156
2018-04-17T15:00:00.0,15,14732.3927808268
2018-04-17T16:00:00.0,16,14320.035051610079
2018-04-17T17:00:00.0,17,14154.471034923716
2018-04-17T18:00:00.0,18,14375.705526570273
2018-04-17T19:00:00.0,19,14917.781349899806
2018-04-17T20:00:00.0,20,15517.848123926395
2018-04-17T21:00:00.0,21,15889.324512506357
2018-04-17T22:00:00.0,22,16318.631924343315
2018-04-17T23:00:00.0,23,16421.073297363582
2018-04-18T00:00:00.0,0,17447.611026326867
2018-04-18T01:00:00.0,1,18972.396488910985
2018-04-18T02:00:00.0,2,19348.446098721648
2018-04-18T03:00:00.0,3,18855.99963509043
2018-04-18T04:00:00.0,4,18369.03405633451
2018-04-18T05:00:00.0,5,17920.742781072928
2018-04-18T06:00:00.0,6,17827.613075703655
2018-04-18T07:00:00.0,7,17487.490488607753
2018-04-18T08:00:00.0,8,16564.501817282497
2018-04-18T09:00:00.0,9,15799.511875395592
2018-04-18T10:00:00.0,10,15659.222536539748
2018-04-18T11:00:00.0,11,16445.270614150304
2018-04-18T12:00:00.0,12,16375.166293461822
2018-04-18T13:00:00.0,13,15205.57996883464
2018-04-18T14:00:00.0,14,16353.094449989267
2018-04-18T15:00:00.0,15,15821.000433977977
2018-04-18T16:00:00.0,16,13557.068191297141
2018-04-18T17:00:00.0,17,10967.079982483483
2018-04-18T18:00:00.0,18,8036.643927508606
2018-04-18T19:00:00.0,19,5757.994022341371
2018-04-18T20:00:00.0,20,4381.480556657966
2018-04-18T21:00:00.0,21,3697.5275586019743
2018-04-18T22:00:00.0,22,3272.73599983741
2018-04-18T23:00:00.0,23,3068.3795002582083
2018-04-19T00:00:00.0,0,3783.3865311166155
2018-04-19T01:00:00.0,1,5326.669935827196
2018-04-19T02:00:00.0,2,6168.766005613943
2018-04-19T03:00:00.0,3,6625.46406941212
2018-04-19T04:00:00.0,4,6723.580375715549
2018-04-19T05:00:00.0,5,7115.110731825226
2018-04-19T06:00:00.0,6,7175.432654329594
2018-04-19T07:00:00.0,7,7492.629625065605
2018-04-19T08:00:00.0,8,7803.975785683398
2018-04-19T09:00:00.0,9,8223.199648909378
2018-04-19T10:00:00.0,10,8582.736840105332
2018-04-19T11:00:00.0,11,8733.649043590744
2018-04-19T12:00:00.0,12,8936.913432857096
2018-04-19T13:00:00.0,13,7746.276495927821
2018-04-19T14:00:00.0,14,6141.128762351555
2018-04-19T15:00:00.0,15,6514.262528341511
2018-04-19T16:00:00.0,16,6565.0757655543375
2018-04-19T17:00:00.0,17,6401.86077641803
2018-04-19T18:00:00.0,18,6371.525630954638
2018-04-19T19:00:00.0,19,6401.555365489265
2018-04-19T20:00:00.0,20,6675.13134997348
2018-04-19T21:00:00.0,21,7078.963812074714
2018-04-19T22:00:00.0,22,7768.02493629821
2018-04-19T23:00:00.0,23,8358.548050087707
2018-04-20T00:00:00.0,0,9391.965064317776
2018-04-20T01:00:00.0,1,12158.26453536247
2018-04-20T02:00:00.0,2,14301.892201636145
2018-04-20T03:00:00.0,3,15255.162761354979
2018-04-20T04:00:00.0,4,15727.352956170069
2018-04-20T05:00:00.0,5,16113.44756052995
2018-04-20T06:00:00.0,6,16120.119095207687
2018-04-20T07:00:00.0,7,16032.722156903574
2018-04-20T08:00:00.0,8,16117.460653393171
2018-04-20T09:00:00.0,9,16263.505984025534
2018-04-20T10:00:00.0,10,16474.752203936445
2018-04-20T11:00:00.0,11,16735.749399824002
2018-04-20T12:00:00.0,12,16749.57694994374
2018-04-20T13:00:00.0,13,15784.901153046128
2018-04-20T14:00:00.0,14,16290.901052037283
2018-04-20T15:00:00.0,15,16657.911715963313
2018-04-20T16:00:00.0,16,16784.850533132718
2018-04-20T17:00:00.0,17,16915.747626570712
2018-04-20T18:00:00.0,18,17209.93385369927
2018-04-20T19:00:00.0,19,17472.045886839947
2018-04-20T20:00:00.0,20,17796.855279842417
2018-04-20T21:00:00.0,21,17976.740268935053
2018-04-20T22:00:00.0,22,18318.234601392734
2018-04-20T23:00:00.0,23,18246.381991243226
2018-04-21T00:00:00.0,0,18060.47993372264
2018-04-21T01:00:00.0,1,17774.89884046929
2018-04-21T02:00:00.0,2,16686.543297640572
2018-04-21T03:00:00.0,3,16716.833276262067
2018-04-21T04:00:00.0,4,15381.8431423973
2018-04-21T05:00:00.0,5,14433.199411917281
2018-04-21T06:00:00.0,6,13852.743371884026
2018-04-21T07:00:00.0,7,12923.873768359772
2018-04-21T08:00:00.0,8,12277.507436637592
2018-04-21T09:00:00.0,9,11850.498616645578
2018-04-21T10:00:00.0,10,11063.979795880534
2018-04-21T11:00:00.0,11,10303.08127997999
2018-04-21T12:00:00.0,12,9449.45988107672
2018-04-21T13:00:00.0,13,7986.782095918148
2018-04-21T14:00:00.0,14,7665.450265854209
2018-04-21T15:00:00.0,15,8020.060300357002
2018-04-21T16:00:00.0,16,7724.879991583409
2018-04-21T17:00:00.0,17,7221.872293705749
2018-04-21T18:00:00.0,18,7055.0222483825455
2018-04-21T19:00:00.0,19,7164.985610135525
2018-04-21T20:00:00.0,20,7595.088570733952
2018-04-21T21:00:00.0,21,8342.68126446782
2018-04-21T22:00:00.0,22,9435.415237281537
2018-04-21T23:00:00.0,23,9749.603415850497
2018-04-22T00:00:00.0,0,10245.884375471818
2018-04-22T01:00:00.0,1,11545.492979728902
2018-04-22T02:00:00.0,2,11644.074514099304
2018-04-22T03:00:00.0,3,11405.626490861543
2018-04-22T04:00:00.0,4,10633.284646472826
2018-04-22T05:00:00.0,5,9853.61996279653
2018-04-22T06:00:00.0,6,8644.52138328039
2018-04-22T07:00:00.0,7,7885.925816838978
2018-04-22T08:00:00.0,8,6974.5914870300085
2018-04-22T09:00:00.0,9,5970.73199749471
2018-04-22T10:00:00.0,10,5670.0710738693315
2018-04-22T11:00:00.0,11,5381.072230468507
2018-04-22T12:00:00.0,12,5114.456980661456
2018-04-22T13:00:00.0,13,3944.7772579829325
2018-04-22T14:00:00.0,14,4489.654714952727
2018-04-22T15:00:00.0,15,4770.362909049662
2018-04-22T16:00:00.0,16,3973.5799457862345
2018-04-22T17:00:00.0,17,3299.534981827077
2018-04-22T18:00:00.0,18,2829.7301315644218
2018-04-22T19:00:00.0,19,2454.343454524885
2018-04-22T20:00:00.0,20,2173.380257876782
2018-04-22T21:00:00.0,21,1879.5372170004466
2018-04-22T22:00:00.0,22,1695.0134783869678
2018-04-22T23:00:00.0,23,1705.33912826452
2018-04-23T00:00:00.0,0,2212.8068037831113
2018-04-23T01:00:00.0,1,3756.5053857951702
2018-04-23T02:00:00.0,2,5169.664954861682
2018-04-23T03:00:00.0,3,5304.500711342479
2018-04-23T04:00:00.0,4,5061.14593380029
2018-04-23T05:00:00.0,5,4556.515349110705
2018-04-23T06:00:00.0,6,3832.216262877302
2018-04-23T07:00:00.0,7,3497.766895526935
2018-04-23T08:00:00.0,8,3158.4244356994745
2018-04-23T09:00:00.0,9,2896.5500154508995
2018-04-23T10:00:00.0,10,2846.3053861844546
2018-04-23T11:00:00.0,11,2687.3253783791365
2018-04-23T12:00:00.0,12,2558.9924695577706
2018-04-23T13:00:00.0,13,1668.2478051594107
2018-04-23T14:00:00.0,14,953.2799381865874
2018-04-23T15:00:00.0,15,946.1926828939846
2018-04-23T16:00:00.0,16,867.0000492906343
2018-04-23T17:00:00.0,17,682.285517316157
2018-04-23T18:00:00.0,18,604.594590673768
2018-04-23T19:00:00.0,19,567.106712187814
2018-04-23T20:00:00.0,20,571.7431460571111
2018-04-23T21:00:00.0,21,608.8320450257935
2018-04-23T22:00:00.0,22,655.1021731139277
2018-04-23T23:00:00.0,23,799.7444746875931
2018-04-24T00:00:00.0,0,1424.5172097270222
2018-04-24T01:00:00.0,1,3374.744434902066
2018-04-24T02:00:00.0,2,5778.792156406732
2018-04-24T03:00:00.0,3,7704.94205840982
2018-04-24T04:00:00.0,4,9215.662438516907
2018-04-24T05:00:00.0,5,10566.813463683426
2018-04-24T06:00:00.0,6,11287.755738887312
2018-04-24T07:00:00.0,7,11578.36512293275
2018-04-24T08:00:00.0,8,11321.515654222598
2018-04-24T09:00:00.0,9,10994.009431263576
2018-04-24T10:00:00.0,10,10267.678823225027
2018-04-24T11:00:00.0,11,9610.91025240876
2018-04-24T12:00:00.0,12,8326.340022100985
2018-04-24T13:00:00.0,13,5188.670774567591
2018-04-24T14:00:00.0,14,2839.4254600691615
2018-04-24T15:00:00.0,15,2425.915499786291
2018-04-24T16:00:00.0,16,2565.90503233725
2018-04-24T17:00:00.0,17,2654.873895381619
2018-04-24T18:00:00.0,18,2695.4200965793684
2018-04-24T19:00:00.0,19,3342.8833415564113
2018-04-24T20:00:00.0,20,3936.074518521626
2018-04-24T21:00:00.0,21,5374.582407565676
2018-04-24T22:00:00.0,22,6804.8853264785
2018-04-24T23:00:00.0,23,8541.210775456411
2018-04-25T00:00:00.0,0,11614.599485466395
2018-04-25T01:00:00.0,1,14522.886161391345
2018-04-25T02:00:00.0,2,15041.893554694727
2018-04-25T03:00:00.0,3,13929.14095151359
2018-04-25T04:00:00.0,4,14434.851635185949
2018-04-25T05:00:00.0,5,13845.867923321593
2018-04-25T06:00:00.0,6,12333.055300283864
2018-04-25T07:00:00.0,7,12281.396673570249
2018-04-25T08:00:00.0,8,12681.626597958164
2018-04-25T09:00:00.0,9,12491.315151451292
2018-04-25T10:00:00.0,10,12574.721227359536
2018-04-25T11:00:00.0,11,12926.110021296738
2018-04-25T12:00:00.0,12,12845.254801149074
2018-04-25T13:00:00.0,13,12769.987587758469
2018-04-25T14:00:00.0,14,12373.266000526373
2018-04-25T15:00:00.0,15,11631.505344243697
2018-04-25T16:00:00.0,16,10822.505290562558
2018-04-25T17:00:00.0,17,9723.475619578814
2018-04-25T18:00:00.0,18,8247.15824496477
2018-04-25T19:00:00.0,19,6781.812883674743
2018-04-25T20:00:00.0,20,5500.081185473952
2018-04-25T21:00:00.0,21,4188.770221014939
2018-04-25T22:00:00.0,22,3248.058276141541
2018-04-25T23:00:00.0,23,2702.019298994977
2018-04-26T00:00:00.0,0,2232.055300177033
2018-04-26T01:00:00.0,1,2381.8517089499996
2018-04-26T02:00:00.0,2,2724.743122459621
2018-04-26T03:00:00.0,3,1947.8459376623496
2018-04-26T04:00:00.0,4,1575.9259492484107
2018-04-26T05:00:00.0,5,1446.9559734711893
2018-04-26T06:00:00.0,6,2220.087047661255
2018-04-26T07:00:00.0,7,2979.8008241812063
2018-04-26T08:00:00.0,8,3629.01102621741
2018-04-26T09:00:00.0,9,4390.996853748046
2018-04-26T10:00:00.0,10,4834.379696766569
2018-04-26T11:00:00.0,11,4914.5679969389175
2018-04-26T12:00:00.0,12,4333.396127917141
2018-04-26T13:00:00.0,13,3301.2554152851208
2018-04-26T14:00:00.0,14,1767.4205670375693
2018-04-26T15:00:00.0,15,1564.6112836395525
2018-04-26T16:00:00.0,16,1678.3805736274069
2018-04-26T17:00:00.0,17,2075.4885971435956
2018-04-26T18:00:00.0,18,2494.606580242074
2018-04-26T19:00:00.0,19,2829.3267213146632
2018-04-26T20:00:00.0,20,3257.9586553238405
2018-04-26T21:00:00.0,21,4082.9715686312697
2018-04-26T22:00:00.0,22,4698.4221183666095
2018-04-26T23:00:00.0,23,5063.953213683358
2018-04-27T00:00:00.0,0,5740.025219342605
2018-04-27T01:00:00.0,1,6973.205852005843
2018-04-27T02:00:00.0,2,7558.811310809655
2018-04-27T03:00:00.0,3,8073.207069384542
2018-04-27T04:00:00.0,4,8447.713368620294
2018-04-27T05:00:00.0,5,8427.612189559992
2018-04-27T06:00:00.0,6,7769.827037056628
2018-04-27T07:00:00.0,7,8438.248307421076
2018-04-27T08:00:00.0,8,7793.10440269873
2018-04-27T09:00:00.0,9,6689.952072129105
2018-04-27T10:00:00.0,10,5235.026790148995
2018-04-27T11:00:00.0,11,3967.5804800902138
2018-04-27T12:00:00.0,12,3065.6762558614323
2018-04-27T13:00:00.0,13,1586.1221528314388
2018-04-27T14:00:00.0,14,787.0937927018268
2018-04-27T15:00:00.0,15,619.6699920376932
2018-04-27T16:00:00.0,16,453.08089250164153
2018-04-27T17:00:00.0,17,372.4663646606298
2018-04-27T18:00:00.0,18,350.20877255607303
2018-04-27T19:00:00.0,19,332.60191304193853
2018-04-27T20:00:00.0,20,364.0196205258297
2018-04-27T21:00:00.0,21,419.9900254063485
2018-04-27T22:00:00.0,22,440.86198676310073
2018-04-27T23:00:00.0,23,555.1074467358158
2018-04-28T00:00:00.0,0,925.0928761792233
2018-04-28T01:00:00.0,1,1385.4034270472964
2018-04-28T02:00:00.0,2,1986.2410202779995
2018-04-28T03:00:00.0,3,2942.142994606791
2018-04-28T04:00:00.0,4,3697.629060357281
2018-04-28T05:00:00.0,5,4268.079260648128
2018-04-28T06:00:00.0,6,4846.938313805244
2018-04-28T07:00:00.0,7,5661.493334587333
2018-04-28T08:00:00.0,8,6000.739430032624
2018-04-28T09:00:00.0,9,5853.612083533797
2018-04-28T10:00:00.0,10,5626.598886025876
2018-04-28T11:00:00.0,11,5172.281691021156
2018-04-28T12:00:00.0,12,5045.797790142817
2018-04-28T13:00:00.0,13,4111.473108829109
2018-04-28T14:00:00.0,14,2577.5969430672258
2018-04-28T15:00:00.0,15,2621.5149617426737
2018-04-28T16:00:00.0,16,2351.2309992809364
2018-04-28T17:00:00.0,17,2085.8631657304177
2018-04-28T18:00:00.0,18,2279.2596010401676
2018-04-28T19:00:00.0,19,2649.9980613197336
2018-04-28T20:00:00.0,20,3130.501235932536
2018-04-28T21:00:00.0,21,3706.739694794593
2018-04-28T22:00:00.0,22,4239.8111484628325
2018-04-28T23:00:00.0,23,4908.005280200213
2018-04-29T00:00:00.0,0,6363.350176198284
2018-04-29T01:00:00.0,1,9818.612540674852
2018-04-29T02:00:00.0,2,13228.012253171955
2018-04-29T03:00:00.0,3,14951.068119333739
2018-04-29T04:00:00.0,4,15150.268787325258
2018-04-29T05:00:00.0,5,15254.039664636344
2018-04-29T06:00:00.0,6,15030.284447517433
2018-04-29T07:00:00.0,7,14565.155267807999
2018-04-29T08:00:00.0,8,13833.022736960693
2018-04-29T09:00:00.0,9,13485.429637075036
2018-04-29T10:00:00.0,10,13226.339917612526
2018-04-29T11:00:00.0,11,12956.63526586439
2018-04-29T12:00:00.0,12,12459.51383021955
2018-04-29T13:00:00.0,13,10365.63455445266
2018-04-29T14:00:00.0,14,10019.177399820906
2018-04-29T15:00:00.0,15,11068.41248325112
2018-04-29T16:00:00.0,16,12444.905492958664
2018-04-29T17:00:00.0,17,12754.535773123738
2018-04-29T18:00:00.0,18,12521.935786662487
2018-04-29T19:00:00.0,19,12242.79555503506
2018-04-29T20:00:00.0,20,12054.348867433988
2018-04-29T21:00:00.0,21,12493.637366588062
2018-04-29T22:00:00.0,22,13161.846246363968
2018-04-29T23:00:00.0,23,13883.203021088802
2018-04-30T00:00:00.0,0,14825.811947695509
2018-04-30T01:00:00.0,1,16224.565750211848
2018-04-30T02:00:00.0,2,16994.82377231969
2018-04-30T03:00:00.0,3,17418.908565747905
2018-04-30T04:00:00.0,4,17480.9701594286
2018-04-30T05:00:00.0,5,17540.198074974505
2018-04-30T06:00:00.0,6,17460.827885666626
2018-04-30T07:00:00.0,7,17524.132012766615
2018-04-30T08:00:00.0,8,17435.079888538105
2018-04-30T09:00:00.0,9,17384.514251714292
2018-04-30T10:00:00.0,10,17116.202470560256
2018-04-30T11:00:00.0,11,16822.058035037342
2018-04-30T12:00:00.0,12,16434.569441526404
2018-04-30T13:00:00.0,13,15742.270328549428
2018-04-30T14:00:00.0,14,16415.164264695657
2018-04-30T15:00:00.0,15,16596.637980116946
2018-04-30T16:00:00.0,16,16127.049117126511
2018-04-30T17:00:00.0,17,15791.477455606824
2018-04-30T18:00:00.0,18,16010.779207700994
2018-04-30T19:00:00.0,19,16159.004423862343
2018-04-30T20:00:00.0,20,16362.074955504204
2018-04-30T21:00:00.0,21,16965.09306800549
2018-04-30T22:00:00.0,22,17302.255665505712
2018-04-30T23:00:00.0,23,17431.07477996485
2018-05-01T00:00:00.0,0,17517.576383095235
2018-05-01T01:00:00.0,1,18223.728451708477
2018-05-01T02:00:00.0,2,18272.415776973117
2018-05-01T03:00:00.0,3,18244.947866296803
2018-05-01T04:00:00.0,4,18537.246652011472
2018-05-01T05:00:00.0,5,18832.735646124154
2018-05-01T06:00:00.0,6,18708.87480671125
2018-05-01T07:00:00.0,7,18523.51727984534
2018-05-01T08:00:00.0,8,17997.27023287946
2018-05-01T09:00:00.0,9,17447.284142092907
2018-05-01T10:00:00.0,10,16934.4792588659
2018-05-01T11:00:00.0,11,16377.344065992525
2018-05-01T12:00:00.0,12,16054.198431663908
2018-05-01T13:00:00.0,13,15658.175844324343
2018-05-01T14:00:00.0,14,15482.424406274098
2018-05-01T15:00:00.0,15,15093.43329998546
2018-05-01T16:00:00.0,16,14231.530175498365
2018-05-01T17:00:00.0,17,13360.69633811449
2018-05-01T18:00:00.0,18,13321.298550194313
2018-05-01T19:00:00.0,19,13720.726561447844
2018-05-01T20:00:00.0,20,14414.412526803477
2018-05-01T21:00:00.0,21,14098.698247099099
2018-05-01T22:00:00.0,22,14118.95990054572
2018-05-01T23:00:00.0,23,13876.57206972029
2018-05-02T00:00:00.0,0,14458.5438848672
2018-05-02T01:00:00.0,1,15672.216500337765
2018-05-02T02:00:00.0,2,15832.401938200986
2018-05-02T03:00:00.0,3,16404.770638136604
2018-05-02T04:00:00.0,4,16794.45746263358
2018-05-02T05:00:00.0,5,17087.255261840142
2018-05-02T06:00:00.0,6,17204.86891247575
2018-05-02T07:00:00.0,7,17554.83676124451
2018-05-02T08:00:00.0,8,18227.090763940523
2018-05-02T09:00:00.0,9,18597.293958634535
2018-05-02T10:00:00.0,10,18930.720975790704
2018-05-02T11:00:00.0,11,18478.23607871163
2018-05-02T12:00:00.0,12,17776.584208753437
2018-05-02T13:00:00.0,13,17015.08409089742
2018-05-02T14:00:00.0,14,17024.24793017055
2018-05-02T15:00:00.0,15,16606.311123190026
2018-05-02T16:00:00.0,16,15645.23644252818
2018-05-02T17:00:00.0,17,14527.154389683901
2018-05-02T18:00:00.0,18,13832.372915896747
2018-05-02T19:00:00.0,19,13820.295805142387
2018-05-02T20:00:00.0,20,14459.586452196092
2018-05-02T21:00:00.0,21,15628.144127191628
2018-05-02T22:00:00.0,22,17008.481169543636
2018-05-02T23:00:00.0,23,16990.79709039652
2018-05-03T00:00:00.0,0,15976.606812519807
2018-05-03T01:00:00.0,1,15612.32133305473
2018-05-03T02:00:00.0,2,15359.89198186663
2018-05-03T03:00:00.0,3,15483.961821308694
2018-05-03T04:00:00.0,4,14896.412833499213
2018-05-03T05:00:00.0,5,15125.139734274208
2018-05-03T06:00:00.0,6,16468.597426906003
2018-05-03T07:00:00.0,7,16969.755550584126
2018-05-03T08:00:00.0,8,16238.630867159218
2018-05-03T09:00:00.0,9,16342.114117832505
2018-05-03T10:00:00.0,10,15566.970977694975
2018-05-03T11:00:00.0,11,14423.533105912291
2018-05-03T12:00:00.0,12,13617.009128249105
2018-05-03T13:00:00.0,13,11460.860312508381
2018-05-03T14:00:00.0,14,10257.876520911868
2018-05-03T15:00:00.0,15,10236.389707089867
2018-05-03T16:00:00.0,16,10271.808755339012
2018-05-03T17:00:00.0,17,9984.364121468343
2018-05-03T18:00:00.0,18,9738.273166095058
2018-05-03T19:00:00.0,19,9770.365084949151
2018-05-03T20:00:00.0,20,10241.133545073799
2018-05-03T21:00:00.0,21,10040.347000442584
2018-05-03T22:00:00.0,22,9768.285817134592
2018-05-03T23:00:00.0,23,8993.983500976537
2018-05-04T00:00:00.0,0,8621.989013002722
2018-05-04T01:00:00.0,1,8747.088968493692
2018-05-04T02:00:00.0,2,8251.899140972333
2018-05-04T03:00:00.0,3,8069.812246903676
2018-05-04T04:00:00.0,4,8395.89041570482
2018-05-04T05:00:00.0,5,8239.606721773203
2018-05-04T06:00:00.0,6,9020.305398335388
2018-05-04T07:00:00.0,7,9237.85802051406
2018-05-04T08:00:00.0,8,8476.372777592433
2018-05-04T09:00:00.0,9,8554.81152715552
2018-05-04T10:00:00.0,10,8986.372666977428
2018-05-04T11:00:00.0,11,8779.629902882456
2018-05-04T12:00:00.0,12,8907.768784868977
2018-05-04T13:00:00.0,13,8744.853114725782
2018-05-04T14:00:00.0,14,7787.302280299179
2018-05-04T15:00:00.0,15,6918.448313244148
2018-05-04T16:00:00.0,16,5869.87686887232
2018-05-04T17:00:00.0,17,4536.484796411656
2018-05-04T18:00:00.0,18,3148.9400967922925
2018-05-04T19:00:00.0,19,2288.648468222678
2018-05-04T20:00:00.0,20,1875.2565525548473
2018-05-04T21:00:00.0,21,1898.9782107296894
2018-05-04T22:00:00.0,22,1978.6499503241769
2018-05-04T23:00:00.0,23,2326.2273938164785
2018-05-05T00:00:00.0,0,2571.3067154038677
2018-05-05T01:00:00.0,1,2808.3307815801036
2018-05-05T02:00:00.0,2,2642.4472357835234
2018-05-05T03:00:00.0,3,2406.9176819879594
2018-05-05T04:00:00.0,4,1790.5342932473638
2018-05-05T05:00:00.0,5,1414.3782914869669
2018-05-05T06:00:00.0,6,1278.0611520583964
2018-05-05T07:00:00.0,7,1100.4692852536882
2018-05-05T08:00:00.0,8,911.9135112123014
2018-05-05T09:00:00.0,9,906.8664152800878
2018-05-05T10:00:00.0,10,1000.5165436453444
2018-05-05T11:00:00.0,11,1192.94497790098
2018-05-05T12:00:00.0,12,1295.0081211612019
2018-05-05T13:00:00.0,13,1094.7078770040196
2018-05-05T14:00:00.0,14,599.5239891306684
2018-05-05T15:00:00.0,15,552.0784629622987
2018-05-05T16:00:00.0,16,457.16317664836146
2018-05-05T17:00:00.0,17,441.45129482881265
2018-05-05T18:00:00.0,18,623.0701165108434
2018-05-05T19:00:00.0,19,719.2920783129398
2018-05-05T20:00:00.0,20,663.3123055914954
2018-05-05T21:00:00.0,21,566.3870668986949
2018-05-05T22:00:00.0,22,458.87096718130005
2018-05-05T23:00:00.0,23,488.50550796090187
2018-05-06T00:00:00.0,0,838.1335633877305
2018-05-06T01:00:00.0,1,2326.866594884337
2018-05-06T02:00:00.0,2,4882.63324660709
2018-05-06T03:00:00.0,3,7167.461097253349
2018-05-06T04:00:00.0,4,8448.526843414173
2018-05-06T05:00:00.0,5,9270.746348909941
2018-05-06T06:00:00.0,6,9521.656212235468
2018-05-06T07:00:00.0,7,9356.899843102774
2018-05-06T08:00:00.0,8,8758.88760639527
2018-05-06T09:00:00.0,9,8338.13661380904
2018-05-06T10:00:00.0,10,7579.071282734313
2018-05-06T11:00:00.0,11,7164.2639207787
2018-05-06T12:00:00.0,12,6326.5309693301015
2018-05-06T13:00:00.0,13,4269.102362516253
2018-05-06T14:00:00.0,14,2014.237820420825
2018-05-06T15:00:00.0,15,1611.298590706653
2018-05-06T16:00:00.0,16,1039.8729785773114
2018-05-06T17:00:00.0,17,593.6449901299453
2018-05-06T18:00:00.0,18,498.45803973518156
2018-05-06T19:00:00.0,19,766.8001971975847
2018-05-06T20:00:00.0,20,917.0407675647831
2018-05-06T21:00:00.0,21,1047.290738788118
2018-05-06T22:00:00.0,22,1066.559328666102
2018-05-06T23:00:00.0,23,1511.8278765459918
2018-05-07T00:00:00.0,0,2459.434081652227
2018-05-07T01:00:00.0,1,5527.540262934218
2018-05-07T02:00:00.0,2,8688.24104332048
2018-05-07T03:00:00.0,3,10764.344309631124
2018-05-07T04:00:00.0,4,12391.019875386817
2018-05-07T05:00:00.0,5,13031.480659950934
2018-05-07T06:00:00.0,6,13439.528462843198
2018-05-07T07:00:00.0,7,13454.068052365319
2018-05-07T08:00:00.0,8,13228.748612778169
2018-05-07T09:00:00.0,9,13081.293289730658
2018-05-07T10:00:00.0,10,12811.554753087816
2018-05-07T11:00:00.0,11,12395.984480370736
2018-05-07T12:00:00.0,12,11610.697365158268
2018-05-07T13:00:00.0,13,9229.68964036613
2018-05-07T14:00:00.0,14,6448.741479905816
2018-05-07T15:00:00.0,15,5982.220122570735
2018-05-07T16:00:00.0,16,5431.374144414744
2018-05-07T17:00:00.0,17,5675.702963680451
2018-05-07T18:00:00.0,18,6119.213455718433
2018-05-07T19:00:00.0,19,6543.417138541561
2018-05-07T20:00:00.0,20,6828.980638369034
2018-05-07T21:00:00.0,21,7253.586682343407
2018-05-07T22:00:00.0,22,7665.34362021189
2018-05-07T23:00:00.0,23,8763.806026200165
2018-05-08T00:00:00.0,0,10325.367692711967
2018-05-08T01:00:00.0,1,13451.345478961637
2018-05-08T02:00:00.0,2,15508.66772488475
2018-05-08T03:00:00.0,3,16314.883689594562
2018-05-08T04:00:00.0,4,16866.9024999941
2018-05-08T05:00:00.0,5,17030.81613316538
2018-05-08T06:00:00.0,6,17174.138169469054
2018-05-08T07:00:00.0,7,17021.38826594059
2018-05-08T08:00:00.0,8,16931.746604146894
2018-05-08T09:00:00.0,9,16747.44102307417
2018-05-08T10:00:00.0,10,16385.234272965638
2018-05-08T11:00:00.0,11,15834.567307837342
2018-05-08T12:00:00.0,12,15111.69286843671
2018-05-08T13:00:00.0,13,14096.022575292262
2018-05-08T14:00:00.0,14,12783.58406501439
2018-05-08T15:00:00.0,15,12221.713444520938
2018-05-08T16:00:00.0,16,11693.959812850511
2018-05-08T17:00:00.0,17,11348.442592272733
2018-05-08T18:00:00.0,18,11150.106679702149
2018-05-08T19:00:00.0,19,11013.089280995599
2018-05-08T20:00:00.0,20,11001.764559910682
2018-05-08T21:00:00.0,21,11341.559464841972
2018-05-08T22:00:00.0,22,12167.622387461253
2018-05-08T23:00:00.0,23,12889.66149908131
2018-05-09T00:00:00.0,0,14069.801376948395
2018-05-09T01:00:00.0,1,14692.724708988871
2018-05-09T02:00:00.0,2,15497.43490735114
2018-05-09T03:00:00.0,3,15945.500836551824
2018-05-09T04:00:00.0,4,16053.443947630158
2018-05-09T05:00:00.0,5,16187.572690197883
2018-05-09T06:00:00.0,6,15649.34347720615
2018-05-09T07:00:00.0,7,15271.255459388309
2018-05-09T08:00:00.0,8,14388.510040774294
2018-05-09T09:00:00.0,9,13778.073016864417
2018-05-09T10:00:00.0,10,13015.495337888535
2018-05-09T11:00:00.0,11,12101.251935158349
2018-05-09T12:00:00.0,12,10948.774900707846
2018-05-09T13:00:00.0,13,8925.472020784395
2018-05-09T14:00:00.0,14,8419.25389360379
2018-05-09T15:00:00.0,15,7820.193517342496
2018-05-09T16:00:00.0,16,7064.941459921326
2018-05-09T17:00:00.0,17,6895.153686228325
2018-05-09T18:00:00.0,18,7236.404773699291
2018-05-09T19:00:00.0,19,7864.0162491184055
2018-05-09T20:00:00.0,20,8740.672857729545
2018-05-09T21:00:00.0,21,9806.099307153772
2018-05-09T22:00:00.0,22,11150.308586208737
2018-05-09T23:00:00.0,23,12461.668698042873
2018-05-10T00:00:00.0,0,13796.899937000222
2018-05-10T01:00:00.0,1,16317.724139148106
2018-05-10T02:00:00.0,2,17572.913927883183
2018-05-10T03:00:00.0,3,17823.083618675842
2018-05-10T04:00:00.0,4,17764.341871955003
2018-05-10T05:00:00.0,5,17526.053855010414
2018-05-10T06:00:00.0,6,16959.053829211643
2018-05-10T07:00:00.0,7,16325.820170497653
2018-05-10T08:00:00.0,8,15737.32246424698
2018-05-10T09:00:00.0,9,14929.410242124903
2018-05-10T10:00:00.0,10,14393.28908907611
2018-05-10T11:00:00.0,11,13976.283640297552
2018-05-10T12:00:00.0,12,12743.099447097991
2018-05-10T13:00:00.0,13,11118.215836226083
2018-05-10T14:00:00.0,14,11337.333199026694
2018-05-10T15:00:00.0,15,11060.82209655913
2018-05-10T16:00:00.0,16,11176.815533749372
2018-05-10T17:00:00.0,17,11675.461323733276
2018-05-10T18:00:00.0,18,12865.132912935826
2018-05-10T19:00:00.0,19,13834.757353281851
2018-05-10T20:00:00.0,20,14720.765646623737
2018-05-10T21:00:00.0,21,15398.038193289043
2018-05-10T22:00:00.0,22,16142.837279786947
2018-05-10T23:00:00.0,23,16637.271385383476
2018-05-11T00:00:00.0,0,16851.686794718626
2018-05-11T01:00:00.0,1,17808.68616480529
2018-05-11T02:00:00.0,2,18142.011033630075
2018-05-11T03:00:00.0,3,18229.276090813382
2018-05-11T04:00:00.0,4,18208.656821681743
2018-05-11T05:00:00.0,5,17943.547755474618
2018-05-11T06:00:00.0,6,17937.909678513388
2018-05-11T07:00:00.0,7,18159.033951697045
2018-05-11T08:00:00.0,8,17814.79302471352
2018-05-11T09:00:00.0,9,17601.433591449706
2018-05-11T10:00:00.0,10,17383.179880402873
2018-05-11T11:00:00.0,11,17193.968258030458
2018-05-11T12:00:00.0,12,16589.649367762348
2018-05-11T13:00:00.0,13,15654.068585123949
2018-05-11T14:00:00.0,14,15312.040306025034
2018-05-11T15:00:00.0,15,14404.483965649897
2018-05-11T16:00:00.0,16,13635.061048092779
2018-05-11T17:00:00.0,17,13045.479786145157
2018-05-11T18:00:00.0,18,12871.631104207838
2018-05-11T19:00:00.0,19,13184.171173373526
2018-05-11T20:00:00.0,20,13876.807412117201
2018-05-11T21:00:00.0,21,14758.154561622932
2018-05-11T22:00:00.0,22,15769.91464002335
2018-05-11T23:00:00.0,23,16176.578884268356
2018-05-12T00:00:00.0,0,17178.874871858534
2018-05-12T01:00:00.0,1,17779.052262613306
2018-05-12T02:00:00.0,2,17893.76290788194
2018-05-12T03:00:00.0,3,17704.90741236473
2018-05-12T04:00:00.0,4,17682.264783844414
2018-05-12T05:00:00.0,5,17753.5496682918
2018-05-12T06:00:00.0,6,17866.8550664882
2018-05-12T07:00:00.0,7,18256.187386359703
2018-05-12T08:00:00.0,8,18249.023486136135
2018-05-12T09:00:00.0,9,17461.718317060804
2018-05-12T10:00:00.0,10,16961.797088883843
2018-05-12T11:00:00.0,11,16583.66960821416
2018-05-12T12:00:00.0,12,15598.61052451311
2018-05-12T13:00:00.0,13,13563.124406044235
2018-05-12T14:00:00.0,14,12275.996653277552
2018-05-12T15:00:00.0,15,9721.039283621918
2018-05-12T16:00:00.0,16,7590.7607094966115
2018-05-12T17:00:00.0,17,6056.29050320927
2018-05-12T18:00:00.0,18,5679.692748773791
2018-05-12T19:00:00.0,19,5989.272173960423
2018-05-12T20:00:00.0,20,6838.1412441544535
2018-05-12T21:00:00.0,21,8175.549495642238
2018-05-12T22:00:00.0,22,9929.8570980692
2018-05-12T23:00:00.0,23,11281.84925079543
2018-05-13T00:00:00.0,0,13310.238792219825
2018-05-13T01:00:00.0,1,16501.15219640862
2018-05-13T02:00:00.0,2,17559.66719627143
2018-05-13T03:00:00.0,3,17161.413302724868
2018-05-13T04:00:00.0,4,16582.3127505189
2018-05-13T05:00:00.0,5,16472.473651912984
2018-05-13T06:00:00.0,6,16438.68365326276
2018-05-13T07:00:00.0,7,16251.824805156051
2018-05-13T08:00:00.0,8,15712.773959219301
2018-05-13T09:00:00.0,9,14916.750218228655
2018-05-13T10:00:00.0,10,13813.970271285441
2018-05-13T11:00:00.0,11,12850.34775111197
2018-05-13T12:00:00.0,12,11510.119713841144
2018-05-13T13:00:00.0,13,9924.619383166386
2018-05-13T14:00:00.0,14,8969.365835947123
2018-05-13T15:00:00.0,15,6976.3717726440345
2018-05-13T16:00:00.0,16,5143.341509490047
2018-05-13T17:00:00.0,17,4160.455610747279
2018-05-13T18:00:00.0,18,4080.0402668360293
2018-05-13T19:00:00.0,19,4615.734453185988
2018-05-13T20:00:00.0,20,5476.776237194488
2018-05-13T21:00:00.0,21,6895.796570677733
2018-05-13T22:00:00.0,22,8684.105704499847
2018-05-13T23:00:00.0,23,10980.864674576826
2018-05-14T00:00:00.0,0,12488.82376438578
2018-05-14T01:00:00.0,1,14738.753765941625
2018-05-14T02:00:00.0,2,16670.237256988796
2018-05-14T03:00:00.0,3,16809.79172405093
2018-05-14T04:00:00.0,4,16322.765428255247
2018-05-14T05:00:00.0,5,15445.868224563843
2018-05-14T06:00:00.0,6,15263.648290791753
2018-05-14T07:00:00.0,7,14956.376159786063
2018-05-14T08:00:00.0,8,14240.639582008878
2018-05-14T09:00:00.0,9,14117.70665566212
2018-05-14T10:00:00.0,10,13811.372120792055
2018-05-14T11:00:00.0,11,13462.392385776402
2018-05-14T12:00:00.0,12,12399.450455785767
2018-05-14T13:00:00.0,13,10804.583977176791
2018-05-14T14:00:00.0,14,10007.296415693165
2018-05-14T15:00:00.0,15,8253.70469211236
2018-05-14T16:00:00.0,16,6395.179857309136
2018-05-14T17:00:00.0,17,5042.0229062036115
2018-05-14T18:00:00.0,18,4490.17084467312
2018-05-14T19:00:00.0,19,4381.5673914763765
2018-05-14T20:00:00.0,20,4481.563157787828
2018-05-14T21:00:00.0,21,5050.502820427475
2018-05-14T22:00:00.0,22,6025.747265038338
2018-05-14T23:00:00.0,23,8970.84554868944
2018-05-15T00:00:00.0,0,11716.265568366245
2018-05-15T01:00:00.0,1,11830.468679253281
2018-05-15T02:00:00.0,2,11707.101348272585
2018-05-15T03:00:00.0,3,10597.432313652225
2018-05-15T04:00:00.0,4,11213.841338227112
2018-05-15T05:00:00.0,5,11831.181550102963
2018-05-15T06:00:00.0,6,11775.75860641042
2018-05-15T07:00:00.0,7,12030.418406185147
2018-05-15T08:00:00.0,8,11432.014273282228
2018-05-15T09:00:00.0,9,10709.268279432987
2018-05-15T10:00:00.0,10,10083.690884432937
2018-05-15T11:00:00.0,11,9803.936301039535
2018-05-15T12:00:00.0,12,8451.856800058316
2018-05-15T13:00:00.0,13,5782.051102832392
2018-05-15T14:00:00.0,14,4418.109715095522
2018-05-15T15:00:00.0,15,2824.2013513528345
2018-05-15T16:00:00.0,16,1610.4162578542152
2018-05-15T17:00:00.0,17,955.5112807390832
2018-05-15T18:00:00.0,18,855.5574074706242
2018-05-15T19:00:00.0,19,1148.749170164757
2018-05-15T20:00:00.0,20,1974.1962940208502
2018-05-15T21:00:00.0,21,2703.399614388513
2018-05-15T22:00:00.0,22,4226.953263705703
2018-05-15T23:00:00.0,23,6711.449907900574
2018-05-16T00:00:00.0,0,6880.614423414346
2018-05-16T01:00:00.0,1,7979.14295316844
2018-05-16T02:00:00.0,2,9259.460317939522
2018-05-16T03:00:00.0,3,10850.787591588063
2018-05-16T04:00:00.0,4,10480.700202562746
2018-05-16T05:00:00.0,5,9489.269734959993
2018-05-16T06:00:00.0,6,8167.248899856741
2018-05-16T07:00:00.0,7,7665.067751996433
2018-05-16T08:00:00.0,8,7202.532293840046
2018-05-16T09:00:00.0,9,6216.50894950688
2018-05-16T10:00:00.0,10,5309.859049309987
2018-05-16T11:00:00.0,11,4677.335538115386
2018-05-16T12:00:00.0,12,3631.7290950666406
2018-05-16T13:00:00.0,13,1948.5728829957327
2018-05-16T14:00:00.0,14,1229.89558892449
2018-05-16T15:00:00.0,15,866.8016531611594
2018-05-16T16:00:00.0,16,771.5871550756284
2018-05-16T17:00:00.0,17,869.6462372983547
2018-05-16T18:00:00.0,18,1135.487117207875
2018-05-16T19:00:00.0,19,1463.6218993778136
2018-05-16T20:00:00.0,20,1707.4221804600722
2018-05-16T21:00:00.0,21,1808.908214091967
2018-05-16T22:00:00.0,22,2303.670142208427
2018-05-16T23:00:00.0,23,3803.3093707513094
2018-05-17T00:00:00.0,0,5630.551196056226
2018-05-17T01:00:00.0,1,9457.6264610792
2018-05-17T02:00:00.0,2,10963.967753407982
2018-05-17T03:00:00.0,3,12013.123278865469
2018-05-17T04:00:00.0,4,11930.872630015823
2018-05-17T05:00:00.0,5,11353.250341535291
2018-05-17T06:00:00.0,6,11261.234382589837
2018-05-17T07:00:00.0,7,10799.38066765844
2018-05-17T08:00:00.0,8,10020.724895167172
2018-05-17T09:00:00.0,9,9646.716347853684
2018-05-17T10:00:00.0,10,9339.621863340131
2018-05-17T11:00:00.0,11,9523.17279587345
2018-05-17T12:00:00.0,12,9404.228492878017
2018-05-17T13:00:00.0,13,6652.9908722574
2018-05-17T14:00:00.0,14,5947.974186243672
2018-05-17T15:00:00.0,15,5512.111275977982
2018-05-17T16:00:00.0,16,5143.873349527188
2018-05-17T17:00:00.0,17,5176.275394155172
2018-05-17T18:00:00.0,18,5701.328923964979
2018-05-17T19:00:00.0,19,6540.288628068385
2018-05-17T20:00:00.0,20,7468.399949234202
2018-05-17T21:00:00.0,21,9228.225110607711
2018-05-17T22:00:00.0,22,11168.461097157224
2018-05-17T23:00:00.0,23,12189.776386855558
2018-05-18T00:00:00.0,0,13456.674440519768
2018-05-18T01:00:00.0,1,15644.421304781665
2018-05-18T02:00:00.0,2,17358.458257009057
2018-05-18T03:00:00.0,3,17814.353434777073
2018-05-18T04:00:00.0,4,17406.19981651894
2018-05-18T05:00:00.0,5,17193.876484276974
2018-05-18T06:00:00.0,6,17497.461133413115
2018-05-18T07:00:00.0,7,17106.329770699456
2018-05-18T08:00:00.0,8,16754.342840281013
2018-05-18T09:00:00.0,9,16390.536843412196
2018-05-18T10:00:00.0,10,16340.5568866197
2018-05-18T11:00:00.0,11,16071.017215119411
2018-05-18T12:00:00.0,12,14961.291587640126
2018-05-18T13:00:00.0,13,13074.879493835944
2018-05-18T14:00:00.0,14,12265.867685143623
2018-05-18T15:00:00.0,15,11493.71524081195
2018-05-18T16:00:00.0,16,11161.932325076528
2018-05-18T17:00:00.0,17,11137.57180527544
2018-05-18T18:00:00.0,18,11315.878576296493
2018-05-18T19:00:00.0,19,11558.150596309855
2018-05-18T20:00:00.0,20,12115.178278004729
2018-05-18T21:00:00.0,21,13281.01014756142
2018-05-18T22:00:00.0,22,14307.530500941954
2018-05-18T23:00:00.0,23,14823.336510567418
2018-05-19T00:00:00.0,0,16041.961407825756
2018-05-19T01:00:00.0,1,17277.97342637767
2018-05-19T02:00:00.0,2,17963.158755467706
2018-05-19T03:00:00.0,3,18244.693386420582
2018-05-19T04:00:00.0,4,17786.161964025207
2018-05-19T05:00:00.0,5,17754.711167765963
2018-05-19T06:00:00.0,6,17357.99422180907
2018-05-19T07:00:00.0,7,17081.394758173283
2018-05-19T08:00:00.0,8,16850.81796036207
2018-05-19T09:00:00.0,9,16606.950559630517
2018-05-19T10:00:00.0,10,15869.93320153665
2018-05-19T11:00:00.0,11,15103.83140776096
2018-05-19T12:00:00.0,12,14319.280581770014
2018-05-19T13:00:00.0,13,13281.422541010319
2018-05-19T14:00:00.0,14,13161.337027678957
2018-05-19T15:00:00.0,15,12259.344375587041
2018-05-19T16:00:00.0,16,10773.84184026084
2018-05-19T17:00:00.0,17,9174.396015661603
2018-05-19T18:00:00.0,18,8030.993156212594
2018-05-19T19:00:00.0,19,7433.171279426577
2018-05-19T20:00:00.0,20,7353.441419879223
2018-05-19T21:00:00.0,21,7684.253714730968
2018-05-19T22:00:00.0,22,8366.932602790439
2018-05-19T23:00:00.0,23,9276.80110465468
2018-05-20T00:00:00.0,0,10412.705959209323
2018-05-20T01:00:00.0,1,12899.721530126573
2018-05-20T02:00:00.0,2,15135.826261821703
2018-05-20T03:00:00.0,3,15361.88890471378
2018-05-20T04:00:00.0,4,16099.981447305552
2018-05-20T05:00:00.0,5,16311.473292360259
2018-05-20T06:00:00.0,6,15784.43181240724
2018-05-20T07:00:00.0,7,14837.568147856262
2018-05-20T08:00:00.0,8,13936.737255946251
2018-05-20T09:00:00.0,9,12735.398524373033
2018-05-20T10:00:00.0,10,11316.854563221665
2018-05-20T11:00:00.0,11,9735.834866951194
2018-05-20T12:00:00.0,12,8250.304169438763
2018-05-20T13:00:00.0,13,8095.117135574041
2018-05-20T14:00:00.0,14,7761.472863122337
2018-05-20T15:00:00.0,15,5830.279000310401
2018-05-20T16:00:00.0,16,4524.6465747438515
2018-05-20T17:00:00.0,17,3521.939355240857
2018-05-20T18:00:00.0,18,2706.7572243375075
2018-05-20T19:00:00.0,19,2445.3192614635554
2018-05-20T20:00:00.0,20,2489.915951524669
2018-05-20T21:00:00.0,21,2646.572172623151
2018-05-20T22:00:00.0,22,3078.807818365453
2018-05-20T23:00:00.0,23,3850.572045413896
2018-05-21T00:00:00.0,0,4373.724902258368
2018-05-21T01:00:00.0,1,5944.749036981979
2018-05-21T02:00:00.0,2,7281.821845512287
2018-05-21T03:00:00.0,3,7144.107553369111
2018-05-21T04:00:00.0,4,6188.675184938788
2018-05-21T05:00:00.0,5,4978.740255671014
2018-05-21T06:00:00.0,6,4012.8142196697227
2018-05-21T07:00:00.0,7,4207.968409616427
2018-05-21T08:00:00.0,8,4199.499948240232
2018-05-21T09:00:00.0,9,3865.2807599164557
2018-05-21T10:00:00.0,10,3547.7086335469066
2018-05-21T11:00:00.0,11,3106.6332328339813
2018-05-21T12:00:00.0,12,2263.8311489877137
2018-05-21T13:00:00.0,13,1767.4622465028322
2018-05-21T14:00:00.0,14,1676.945623206263
2018-05-21T15:00:00.0,15,1781.5081859346947
2018-05-21T16:00:00.0,16,2117.4022525615833
2018-05-21T17:00:00.0,17,2300.416384510987
2018-05-21T18:00:00.0,18,2583.702215039105
2018-05-21T19:00:00.0,19,2577.0468764968696
2018-05-21T20:00:00.0,20,2907.0098688816756
2018-05-21T21:00:00.0,21,3467.8633429802026
2018-05-21T22:00:00.0,22,3987.8706966423465
2018-05-21T23:00:00.0,23,4742.270616355146
2018-05-22T00:00:00.0,0,5531.306568384828
2018-05-22T01:00:00.0,1,7428.482029392249
2018-05-22T02:00:00.0,2,9724.248030111476
2018-05-22T03:00:00.0,3,11178.809380844526
2018-05-22T04:00:00.0,4,11530.315520868615
2018-05-22T05:00:00.0,5,11957.21871577842
2018-05-22T06:00:00.0,6,12169.471681212317
2018-05-22T07:00:00.0,7,11264.042020027498
2018-05-22T08:00:00.0,8,9885.148845698854
2018-05-22T09:00:00.0,9,8493.287768424243
2018-05-22T10:00:00.0,10,6595.5035665384685
2018-05-22T11:00:00.0,11,5341.758819205795
2018-05-22T12:00:00.0,12,3816.213640897633
2018-05-22T13:00:00.0,13,2670.7248549583283
2018-05-22T14:00:00.0,14,2522.0673462550526
2018-05-22T15:00:00.0,15,2879.3943390249915
2018-05-22T16:00:00.0,16,3507.696901770493
2018-05-22T17:00:00.0,17,4162.194889398808
2018-05-22T18:00:00.0,18,4663.286216060649
2018-05-22T19:00:00.0,19,5180.386550473685
2018-05-22T20:00:00.0,20,5668.1241853147285
2018-05-22T21:00:00.0,21,6422.241447079566
2018-05-22T22:00:00.0,22,6980.7274614678545
2018-05-22T23:00:00.0,23,7431.666771637488
2018-05-23T00:00:00.0,0,8048.982042560851
2018-05-23T01:00:00.0,1,10484.760821739548
2018-05-23T02:00:00.0,2,13369.321273609225
2018-05-23T03:00:00.0,3,14526.162394223926
2018-05-23T04:00:00.0,4,14656.419797415925
2018-05-23T05:00:00.0,5,13908.965104459066
2018-05-23T06:00:00.0,6,13558.273999406547
2018-05-23T07:00:00.0,7,12986.374263696058
2018-05-23T08:00:00.0,8,12158.428934322621
2018-05-23T09:00:00.0,9,11188.845405346532
2018-05-23T10:00:00.0,10,10347.478852307451
2018-05-23T11:00:00.0,11,9592.510139756587
2018-05-23T12:00:00.0,12,8115.643692813638
2018-05-23T13:00:00.0,13,5867.659240255635
2018-05-23T14:00:00.0,14,5292.255224578734
2018-05-23T15:00:00.0,15,4941.741597293922
2018-05-23T16:00:00.0,16,4540.905110388427
2018-05-23T17:00:00.0,17,4383.348435843303
2018-05-23T18:00:00.0,18,4555.083020853385
2018-05-23T19:00:00.0,19,4642.368442675263
2018-05-23T20:00:00.0,20,5088.408380160142
2018-05-23T21:00:00.0,21,5507.01832184358
2018-05-23T22:00:00.0,22,5973.004666789081
2018-05-23T23:00:00.0,23,6563.840915644774
2018-05-24T00:00:00.0,0,7536.699195375107
2018-05-24T01:00:00.0,1,9762.537975145387
2018-05-24T02:00:00.0,2,12153.275273069989
2018-05-24T03:00:00.0,3,13764.205068082449
2018-05-24T04:00:00.0,4,14291.112502582624
2018-05-24T05:00:00.0,5,13816.57911356832
2018-05-24T06:00:00.0,6,12540.251356242306
2018-05-24T07:00:00.0,7,12024.746886066374
2018-05-24T08:00:00.0,8,11295.126233595525
2018-05-24T09:00:00.0,9,10059.874431923492
2018-05-24T10:00:00.0,10,9407.409381963516
2018-05-24T11:00:00.0,11,8733.498742752136
2018-05-24T12:00:00.0,12,7560.355552582561
2018-05-24T13:00:00.0,13,5356.569299084119
2018-05-24T14:00:00.0,14,5088.482029265805
2018-05-24T15:00:00.0,15,4479.328888818837
2018-05-24T16:00:00.0,16,3602.06035727082
2018-05-24T17:00:00.0,17,2852.769794781276
2018-05-24T18:00:00.0,18,2669.884538874016
2018-05-24T19:00:00.0,19,2646.537091326431
2018-05-24T20:00:00.0,20,2635.3479470680227
2018-05-24T21:00:00.0,21,2613.0338998818274
2018-05-24T22:00:00.0,22,2760.2027230831886
2018-05-24T23:00:00.0,23,3093.4321267227947
2018-05-25T00:00:00.0,0,3925.5344310014902
2018-05-25T01:00:00.0,1,6476.081380583632
2018-05-25T02:00:00.0,2,9953.404434092032
2018-05-25T03:00:00.0,3,11963.274640712856
2018-05-25T04:00:00.0,4,13211.12540773436
2018-05-25T05:00:00.0,5,13768.617128996137
2018-05-25T06:00:00.0,6,13956.781473442219
2018-05-25T07:00:00.0,7,13338.004554098143
2018-05-25T08:00:00.0,8,12664.09054995537
2018-05-25T09:00:00.0,9,12075.169893630327
2018-05-25T10:00:00.0,10,11702.854662081756
2018-05-25T11:00:00.0,11,11430.862101487073
2018-05-25T12:00:00.0,12,10194.80152337771
2018-05-25T13:00:00.0,13,7204.3921764559755
2018-05-25T14:00:00.0,14,6019.97914266618
2018-05-25T15:00:00.0,15,4476.104125389018
2018-05-25T16:00:00.0,16,3040.578576923039
2018-05-25T17:00:00.0,17,2011.6830463978176
2018-05-25T18:00:00.0,18,1568.1284455067705
2018-05-25T19:00:00.0,19,1620.2861732679596
2018-05-25T20:00:00.0,20,1746.9903949291656
2018-05-25T21:00:00.0,21,1971.2221290918642
2018-05-25T22:00:00.0,22,2242.010474530231
2018-05-25T23:00:00.0,23,3235.3630298794783
2018-05-26T00:00:00.0,0,4377.96049957213
2018-05-26T01:00:00.0,1,7940.541290851528
2018-05-26T02:00:00.0,2,11719.144016097822
2018-05-26T03:00:00.0,3,13499.612992884917
2018-05-26T04:00:00.0,4,13762.38820741053
2018-05-26T05:00:00.0,5,13735.828349456971
2018-05-26T06:00:00.0,6,13904.951817518513
2018-05-26T07:00:00.0,7,13338.0488430282
2018-05-26T08:00:00.0,8,12635.397940395225
2018-05-26T09:00:00.0,9,12142.663621743746
2018-05-26T10:00:00.0,10,11251.672442944538
2018-05-26T11:00:00.0,11,10558.329986320017
2018-05-26T12:00:00.0,12,9428.307119308487
2018-05-26T13:00:00.0,13,6352.274133860746
2018-05-26T14:00:00.0,14,4020.809138028666
2018-05-26T15:00:00.0,15,2370.9206269410174
2018-05-26T16:00:00.0,16,1281.444730649929
2018-05-26T17:00:00.0,17,988.6251549731023
2018-05-26T18:00:00.0,18,1015.1835060150571
2018-05-26T19:00:00.0,19,1180.9364854485973
2018-05-26T20:00:00.0,20,1379.0146670595268
2018-05-26T21:00:00.0,21,1420.7907852127582
2018-05-26T22:00:00.0,22,1670.622687655741
2018-05-26T23:00:00.0,23,2543.913999823756
2018-05-27T00:00:00.0,0,4809.639391546619
2018-05-27T01:00:00.0,1,10153.819720181471
2018-05-27T02:00:00.0,2,14567.034248474485
2018-05-27T03:00:00.0,3,16443.496930333713
2018-05-27T04:00:00.0,4,16471.20347845278
2018-05-27T05:00:00.0,5,15917.76971352964
2018-05-27T06:00:00.0,6,15432.77071313109
2018-05-27T07:00:00.0,7,14624.806007455976
2018-05-27T08:00:00.0,8,13692.652785443823
2018-05-27T09:00:00.0,9,12931.034548569163
2018-05-27T10:00:00.0,10,12027.113628086548
2018-05-27T11:00:00.0,11,10826.319569566775
2018-05-27T12:00:00.0,12,9150.175075640864
2018-05-27T13:00:00.0,13,6593.015174707484
2018-05-27T14:00:00.0,14,5021.859029839729
2018-05-27T15:00:00.0,15,4031.5945988883063
2018-05-27T16:00:00.0,16,3908.4240249955815
2018-05-27T17:00:00.0,17,4427.70630980578
2018-05-27T18:00:00.0,18,5243.086925676601
2018-05-27T19:00:00.0,19,5750.401785868383
2018-05-27T20:00:00.0,20,6060.662798761373
2018-05-27T21:00:00.0,21,6321.775917119846
2018-05-27T22:00:00.0,22,7259.36812008523
2018-05-27T23:00:00.0,23,8354.954933588348
2018-05-28T00:00:00.0,0,10202.890072754339
2018-05-28T01:00:00.0,1,13660.507244002896
2018-05-28T02:00:00.0,2,16593.001363393294
2018-05-28T03:00:00.0,3,17103.371779549245
2018-05-28T04:00:00.0,4,17386.794963286327
2018-05-28T05:00:00.0,5,17243.889765817727
2018-05-28T06:00:00.0,6,16696.477657643816
2018-05-28T07:00:00.0,7,15780.062177396603
2018-05-28T08:00:00.0,8,14583.408283714205
2018-05-28T09:00:00.0,9,13551.34700829294
2018-05-28T10:00:00.0,10,12355.724397195017
2018-05-28T11:00:00.0,11,11260.83678927346
2018-05-28T12:00:00.0,12,9680.48189129056
2018-05-28T13:00:00.0,13,7196.05698458484
2018-05-28T14:00:00.0,14,6854.3817903311765
2018-05-28T15:00:00.0,15,6658.991261034625
2018-05-28T16:00:00.0,16,6794.180762974857
2018-05-28T17:00:00.0,17,7041.62784532414
2018-05-28T18:00:00.0,18,7261.305211266933
2018-05-28T19:00:00.0,19,7564.382263016802
2018-05-28T20:00:00.0,20,7805.381388322836
2018-05-28T21:00:00.0,21,8138.900044890536
2018-05-28T22:00:00.0,22,8477.71006929493
2018-05-28T23:00:00.0,23,9064.876855875242
2018-05-29T00:00:00.0,0,9964.95593488583
2018-05-29T01:00:00.0,1,12638.121110499318
2018-05-29T02:00:00.0,2,15200.433728668739
2018-05-29T03:00:00.0,3,16249.054989390299
2018-05-29T04:00:00.0,4,16881.7248546561
2018-05-29T05:00:00.0,5,16998.037895575282
2018-05-29T06:00:00.0,6,16926.403332841317
2018-05-29T07:00:00.0,7,16146.352592041343
2018-05-29T08:00:00.0,8,15258.639847760127
2018-05-29T09:00:00.0,9,14529.82030673521
2018-05-29T10:00:00.0,10,13803.906338272975
2018-05-29T11:00:00.0,11,13090.730848351051
2018-05-29T12:00:00.0,12,12051.073441767716
2018-05-29T13:00:00.0,13,10290.668293897534
2018-05-29T14:00:00.0,14,9607.316939458842
2018-05-29T15:00:00.0,15,8349.54425188501
2018-05-29T16:00:00.0,16,6790.677776761765
2018-05-29T17:00:00.0,17,5279.638111194425
2018-05-29T18:00:00.0,18,4301.774549780065
2018-05-29T19:00:00.0,19,4049.7239196982077
2018-05-29T20:00:00.0,20,4067.3562403615174
2018-05-29T21:00:00.0,21,4151.097073750905
2018-05-29T22:00:00.0,22,4820.997600903409
2018-05-29T23:00:00.0,23,5606.234518684726
2018-05-30T00:00:00.0,0,7443.971597241459
2018-05-30T01:00:00.0,1,10458.18285902912
2018-05-30T02:00:00.0,2,12808.352829009293
2018-05-30T03:00:00.0,3,13266.013882599133
2018-05-30T04:00:00.0,4,13918.050773900597
2018-05-30T05:00:00.0,5,14038.278054298678
2018-05-30T06:00:00.0,6,14033.479261488827
2018-05-30T07:00:00.0,7,13958.286284326607
2018-05-30T08:00:00.0,8,13828.294253624408
2018-05-30T09:00:00.0,9,13365.170995286724
2018-05-30T10:00:00.0,10,13163.961771605069
2018-05-30T11:00:00.0,11,12793.70179824876
2018-05-30T12:00:00.0,12,11625.852081325776
2018-05-30T13:00:00.0,13,9697.847560305405
2018-05-30T14:00:00.0,14,8355.002355282779
2018-05-30T15:00:00.0,15,6632.603339272711
2018-05-30T16:00:00.0,16,5365.165062900865
2018-05-30T17:00:00.0,17,4539.086744086405
2018-05-30T18:00:00.0,18,4196.345640722896
2018-05-30T19:00:00.0,19,4414.014031944734
2018-05-30T20:00:00.0,20,5066.210582763691
2018-05-30T21:00:00.0,21,6051.406010532565
2018-05-30T22:00:00.0,22,7404.806615238726
2018-05-30T23:00:00.0,23,9123.213687177295
2018-05-31T00:00:00.0,0,11135.875916874718
2018-05-31T01:00:00.0,1,13721.847904706892
2018-05-31T02:00:00.0,2,14711.51867475382
2018-05-31T03:00:00.0,3,16027.498076264526
2018-05-31T04:00:00.0,4,16259.18181272059
2018-05-31T05:00:00.0,5,15971.045158116052
2018-05-31T06:00:00.0,6,15458.30775658279
2018-05-31T07:00:00.0,7,14953.628282143087
2018-05-31T08:00:00.0,8,14823.326073885879
2018-05-31T09:00:00.0,9,14238.361985060843
2018-05-31T10:00:00.0,10,13730.594492570826
2018-05-31T11:00:00.0,11,13464.038498568312
2018-05-31T12:00:00.0,12,12370.690853847062
2018-05-31T13:00:00.0,13,10528.222569724223
2018-05-31T14:00:00.0,14,8831.198523075804
2018-05-31T15:00:00.0,15,6604.364123681825
2018-05-31T16:00:00.0,16,4556.346239447797
2018-05-31T17:00:00.0,17,3137.418097006985
2018-05-31T18:00:00.0,18,2463.741446812662
2018-05-31T19:00:00.0,19,2372.1040417882205
2018-05-31T20:00:00.0,20,2687.8025444936443
2018-05-31T21:00:00.0,21,3255.263788490385
2018-05-31T22:00:00.0,22,3912.6383609398576
2018-05-31T23:00:00.0,23,4976.12138882934
2018-06-01T00:00:00.0,0,7101.842042101686
2018-06-01T01:00:00.0,1,11246.521361179528
2018-06-01T02:00:00.0,2,14529.720248596263
2018-06-01T03:00:00.0,3,15910.922122323786
2018-06-01T04:00:00.0,4,16327.393111453212
2018-06-01T05:00:00.0,5,16367.305561050913
2018-06-01T06:00:00.0,6,16196.362976063496
2018-06-01T07:00:00.0,7,15650.536722616807
2018-06-01T08:00:00.0,8,14871.144358227504
2018-06-01T09:00:00.0,9,14300.695288690249
2018-06-01T10:00:00.0,10,13961.385574821405
2018-06-01T11:00:00.0,11,13827.793617224175
2018-06-01T12:00:00.0,12,12988.78346999256
2018-06-01T13:00:00.0,13,11148.269780166784
2018-06-01T14:00:00.0,14,8392.561428794992
2018-06-01T15:00:00.0,15,6143.149068295097
2018-06-01T16:00:00.0,16,5371.510916286942
2018-06-01T17:00:00.0,17,5313.206199147103
2018-06-01T18:00:00.0,18,5934.321315857127
2018-06-01T19:00:00.0,19,6661.586466563415
2018-06-01T20:00:00.0,20,7640.328897766118
2018-06-01T21:00:00.0,21,8674.18451117372
2018-06-01T22:00:00.0,22,9713.249188477383
2018-06-01T23:00:00.0,23,11058.451839447565
2018-06-02T00:00:00.0,0,12814.590314432586
2018-06-02T01:00:00.0,1,15611.174109508787
2018-06-02T02:00:00.0,2,16510.323976261312
2018-06-02T03:00:00.0,3,16543.40923121361
2018-06-02T04:00:00.0,4,16136.664660570043
2018-06-02T05:00:00.0,5,15623.751939337932
2018-06-02T06:00:00.0,6,15079.453152569213
2018-06-02T07:00:00.0,7,14687.737482601298
2018-06-02T08:00:00.0,8,14263.632387622098
2018-06-02T09:00:00.0,9,13598.938288634834
2018-06-02T10:00:00.0,10,13646.422727688163
2018-06-02T11:00:00.0,11,13213.945848310721
2018-06-02T12:00:00.0,12,12521.88895726032
2018-06-02T13:00:00.0,13,11039.316326581968
2018-06-02T14:00:00.0,14,9113.219058936045
2018-06-02T15:00:00.0,15,7596.177443991345
2018-06-02T16:00:00.0,16,7064.043997275505
2018-06-02T17:00:00.0,17,6905.292664720531
2018-06-02T18:00:00.0,18,7016.495724927084
2018-06-02T19:00:00.0,19,7007.1677971974395
2018-06-02T20:00:00.0,20,6986.436075162145
2018-06-02T21:00:00.0,21,7252.67724014599
2018-06-02T22:00:00.0,22,7937.8005849271585
2018-06-02T23:00:00.0,23,8544.220631173834
2018-06-03T00:00:00.0,0,9949.72371745393
2018-06-03T01:00:00.0,1,12575.491471447645
2018-06-03T02:00:00.0,2,13733.770031499504
2018-06-03T03:00:00.0,3,13738.57566842674
2018-06-03T04:00:00.0,4,13402.52961824838
2018-06-03T05:00:00.0,5,13313.134179162342
2018-06-03T06:00:00.0,6,13041.170002066245
2018-06-03T07:00:00.0,7,12732.185658090924
2018-06-03T08:00:00.0,8,12530.574131865456
2018-06-03T09:00:00.0,9,12393.389789781557
2018-06-03T10:00:00.0,10,12021.153678086841
2018-06-03T11:00:00.0,11,11724.18518842342
2018-06-03T12:00:00.0,12,10628.537155870608
2018-06-03T13:00:00.0,13,8617.364129541316
2018-06-03T14:00:00.0,14,7759.751218155848
2018-06-03T15:00:00.0,15,5722.0712308655775
2018-06-03T16:00:00.0,16,3863.297824634152
2018-06-03T17:00:00.0,17,2756.738113771898
2018-06-03T18:00:00.0,18,2169.1393572345874
2018-06-03T19:00:00.0,19,2033.1261354212004
2018-06-03T20:00:00.0,20,2012.7854029158236
2018-06-03T21:00:00.0,21,2063.539112953573
2018-06-03T22:00:00.0,22,2513.023955906057
2018-06-03T23:00:00.0,23,3225.359651245097
2018-06-04T00:00:00.0,0,4686.197598129541
2018-06-04T01:00:00.0,1,7309.199519048983
2018-06-04T02:00:00.0,2,9900.231582375565
2018-06-04T03:00:00.0,3,10272.103650053463
2018-06-04T04:00:00.0,4,9683.97167508052
2018-06-04T05:00:00.0,5,9770.485278657088
2018-06-04T06:00:00.0,6,9177.333843340917
2018-06-04T07:00:00.0,7,8742.564657748982
2018-06-04T08:00:00.0,8,7666.306145142597
2018-06-04T09:00:00.0,9,6404.938208037144
2018-06-04T10:00:00.0,10,5666.241626087085
2018-06-04T11:00:00.0,11,4553.499168094179
2018-06-04T12:00:00.0,12,2982.848242962255
2018-06-04T13:00:00.0,13,2246.183408028341
2018-06-04T14:00:00.0,14,2078.871016408292
2018-06-04T15:00:00.0,15,2057.5974498866003
2018-06-04T16:00:00.0,16,2230.106112778791
2018-06-04T17:00:00.0,17,2369.0444839329334
2018-06-04T18:00:00.0,18,2514.7188464942924
2018-06-04T19:00:00.0,19,2683.215177832721
2018-06-04T20:00:00.0,20,2733.032717552069
2018-06-04T21:00:00.0,21,2883.437492805307
2018-06-04T22:00:00.0,22,3149.822124382235
2018-06-04T23:00:00.0,23,3787.50958029204
2018-06-05T00:00:00.0,0,4975.363767893486
2018-06-05T01:00:00.0,1,7775.071852464021
2018-06-05T02:00:00.0,2,11193.554745607855
2018-06-05T03:00:00.0,3,13011.162722992667
2018-06-05T04:00:00.0,4,14003.062852272464
2018-06-05T05:00:00.0,5,13998.401362036655
2018-06-05T06:00:00.0,6,13843.33968460391
2018-06-05T07:00:00.0,7,13294.609573958298
2018-06-05T08:00:00.0,8,12375.740046295521
2018-06-05T09:00:00.0,9,11749.548366787645
2018-06-05T10:00:00.0,10,11144.183941098187
2018-06-05T11:00:00.0,11,10611.912708456966
2018-06-05T12:00:00.0,12,8895.718502836575
2018-06-05T13:00:00.0,13,6132.520364429886
2018-06-05T14:00:00.0,14,4438.371438448135
2018-06-05T15:00:00.0,15,2685.0273945975277
2018-06-05T16:00:00.0,16,1532.7349218973266
2018-06-05T17:00:00.0,17,950.7142756067254
2018-06-05T18:00:00.0,18,832.6990498196984
2018-06-05T19:00:00.0,19,1009.3037158860708
2018-06-05T20:00:00.0,20,1280.2889075794644
2018-06-05T21:00:00.0,21,1515.3487448534058
2018-06-05T22:00:00.0,22,2086.1848687594925
2018-06-05T23:00:00.0,23,2780.164302701261
2018-06-06T00:00:00.0,0,4367.277049618456
2018-06-06T01:00:00.0,1,8968.70877894724
2018-06-06T02:00:00.0,2,13860.63867406425
2018-06-06T03:00:00.0,3,15702.439107654203
2018-06-06T04:00:00.0,4,16433.37739539778
2018-06-06T05:00:00.0,5,16213.583063947102
2018-06-06T06:00:00.0,6,15325.658742786858
2018-06-06T07:00:00.0,7,14671.21145847461
2018-06-06T08:00:00.0,8,13646.116797863282
2018-06-06T09:00:00.0,9,12974.575515783605
2018-06-06T10:00:00.0,10,12205.99790462409
2018-06-06T11:00:00.0,11,11578.317565155661
2018-06-06T12:00:00.0,12,10609.784819332815
2018-06-06T13:00:00.0,13,8101.535708810498
2018-06-06T14:00:00.0,14,6585.413366663215
2018-06-06T15:00:00.0,15,5109.23268084596
2018-06-06T16:00:00.0,16,4196.196841147014
2018-06-06T17:00:00.0,17,3597.0082576477103
2018-06-06T18:00:00.0,18,3398.6693121303742
2018-06-06T19:00:00.0,19,3492.2505774338024
2018-06-06T20:00:00.0,20,3898.5216244840435
2018-06-06T21:00:00.0,21,4885.889732235198
2018-06-06T22:00:00.0,22,6283.232078069576
2018-06-06T23:00:00.0,23,8403.147283118664
2018-06-07T00:00:00.0,0,11146.178568472506
2018-06-07T01:00:00.0,1,14375.970226450474
2018-06-07T02:00:00.0,2,16646.15475228541
2018-06-07T03:00:00.0,3,17639.535564936512
2018-06-07T04:00:00.0,4,17802.468497543567
2018-06-07T05:00:00.0,5,17418.755908346935
2018-06-07T06:00:00.0,6,16691.610943396157
2018-06-07T07:00:00.0,7,15887.244904173303
2018-06-07T08:00:00.0,8,14967.94115103461
2018-06-07T09:00:00.0,9,14082.05434369551
2018-06-07T10:00:00.0,10,13482.794352743716
2018-06-07T11:00:00.0,11,13061.978800226492
2018-06-07T12:00:00.0,12,11966.929395817851
2018-06-07T13:00:00.0,13,10209.083392314578
2018-06-07T14:00:00.0,14,9159.29608379293
2018-06-07T15:00:00.0,15,8093.253683737758
2018-06-07T16:00:00.0,16,7221.526014615459
2018-06-07T17:00:00.0,17,6702.68942780622
2018-06-07T18:00:00.0,18,6579.42980320197
2018-06-07T19:00:00.0,19,6997.728233505116
2018-06-07T20:00:00.0,20,7683.297031854716
2018-06-07T21:00:00.0,21,8888.76360277574
2018-06-07T22:00:00.0,22,10483.22645527782
2018-06-07T23:00:00.0,23,12339.522817374664
2018-06-08T00:00:00.0,0,14161.425865556814
2018-06-08T01:00:00.0,1,16111.607725872787
2018-06-08T02:00:00.0,2,16915.369262489756
2018-06-08T03:00:00.0,3,17258.331700489485
2018-06-08T04:00:00.0,4,17284.713094388524
2018-06-08T05:00:00.0,5,16858.41179957682
2018-06-08T06:00:00.0,6,16699.972684524928
2018-06-08T07:00:00.0,7,16305.644747359474
2018-06-08T08:00:00.0,8,16091.997056637694
2018-06-08T09:00:00.0,9,15555.637895533973
2018-06-08T10:00:00.0,10,14928.350280009121
2018-06-08T11:00:00.0,11,14297.586222652457
2018-06-08T12:00:00.0,12,12973.781038290028
2018-06-08T13:00:00.0,13,10838.89894555399
2018-06-08T14:00:00.0,14,9543.891363325294
2018-06-08T15:00:00.0,15,7989.907469923465
2018-06-08T16:00:00.0,16,7103.940458576501
2018-06-08T17:00:00.0,17,6313.886782781399
2018-06-08T18:00:00.0,18,5779.3386050678555
2018-06-08T19:00:00.0,19,5551.893443824959
2018-06-08T20:00:00.0,20,5643.796402133669
2018-06-08T21:00:00.0,21,6149.188939142302
2018-06-08T22:00:00.0,22,7269.014164661945
2018-06-08T23:00:00.0,23,8362.427112412119
2018-06-09T00:00:00.0,0,9643.812687951488
2018-06-09T01:00:00.0,1,11626.613337818797
2018-06-09T02:00:00.0,2,14085.035417467925
2018-06-09T03:00:00.0,3,14969.032547480449
2018-06-09T04:00:00.0,4,14947.07509478351
2018-06-09T05:00:00.0,5,14920.695758648011
2018-06-09T06:00:00.0,6,14649.471049148751
2018-06-09T07:00:00.0,7,14489.21683633571
2018-06-09T08:00:00.0,8,13966.283566925493
2018-06-09T09:00:00.0,9,13356.779468244327
2018-06-09T10:00:00.0,10,12839.781905916634
2018-06-09T11:00:00.0,11,12374.174536960207
2018-06-09T12:00:00.0,12,11137.014832197878
2018-06-09T13:00:00.0,13,9808.23075391025
2018-06-09T14:00:00.0,14,8952.547469673922
2018-06-09T15:00:00.0,15,7282.844291199162
2018-06-09T16:00:00.0,16,6072.6785604785
2018-06-09T17:00:00.0,17,5256.685019010757
2018-06-09T18:00:00.0,18,4798.45440016142
2018-06-09T19:00:00.0,19,4737.246414831883
2018-06-09T20:00:00.0,20,4881.455422542408
2018-06-09T21:00:00.0,21,5210.298449497936
2018-06-09T22:00:00.0,22,5812.524663465221
2018-06-09T23:00:00.0,23,6671.440625403156
2018-06-10T00:00:00.0,0,8220.165519529955
2018-06-10T01:00:00.0,1,11258.949955612343
2018-06-10T02:00:00.0,2,14339.658431640242
2018-06-10T03:00:00.0,3,15498.607919537519
2018-06-10T04:00:00.0,4,15863.443887565789
2018-06-10T05:00:00.0,5,16174.055926135865
2018-06-10T06:00:00.0,6,16733.93327762419
2018-06-10T07:00:00.0,7,17092.968506602134
2018-06-10T08:00:00.0,8,16644.473825857982
2018-06-10T09:00:00.0,9,16365.570629334148
2018-06-10T10:00:00.0,10,16143.080116275205
2018-06-10T11:00:00.0,11,16031.436465664148
2018-06-10T12:00:00.0,12,15084.256752350027
2018-06-10T13:00:00.0,13,14101.717090085995
2018-06-10T14:00:00.0,14,13342.611499704397
2018-06-10T15:00:00.0,15,11603.431776987345
2018-06-10T16:00:00.0,16,10418.602678225563
2018-06-10T17:00:00.0,17,9423.380242320576
2018-06-10T18:00:00.0,18,8738.377578618527
2018-06-10T19:00:00.0,19,8032.415437586508
2018-06-10T20:00:00.0,20,7647.242584435237
2018-06-10T21:00:00.0,21,7962.339372843468
2018-06-10T22:00:00.0,22,8793.822751089676
2018-06-10T23:00:00.0,23,10326.914579166552
2018-06-11T00:00:00.0,0,12503.147349102243
2018-06-11T01:00:00.0,1,14921.064868540716
2018-06-11T02:00:00.0,2,16920.40997805067
2018-06-11T03:00:00.0,3,17665.34239221724
2018-06-11T04:00:00.0,4,17700.962851983935
2018-06-11T05:00:00.0,5,17736.192719086775
2018-06-11T06:00:00.0,6,17859.724874707663
2018-06-11T07:00:00.0,7,18375.295735976786
2018-06-11T08:00:00.0,8,18426.4993085442
2018-06-11T09:00:00.0,9,18185.197359614664
2018-06-11T10:00:00.0,10,17455.877488550148
2018-06-11T11:00:00.0,11,16872.65524394475
2018-06-11T12:00:00.0,12,15435.735857026237
2018-06-11T13:00:00.0,13,13961.671313602368
2018-06-11T14:00:00.0,14,12430.397711869142
2018-06-11T15:00:00.0,15,10873.477871208452
2018-06-11T16:00:00.0,16,9631.015114163094
2018-06-11T17:00:00.0,17,8419.975073722055
2018-06-11T18:00:00.0,18,7482.227679557648
2018-06-11T19:00:00.0,19,6783.672994871783
2018-06-11T20:00:00.0,20,6512.253684086688
2018-06-11T21:00:00.0,21,6660.623939261117
2018-06-11T22:00:00.0,22,7417.880028257051
2018-06-11T23:00:00.0,23,8588.87624767578
2018-06-12T00:00:00.0,0,10081.75046696299
2018-06-12T01:00:00.0,1,12724.915235031489
2018-06-12T02:00:00.0,2,14503.06297282804
2018-06-12T03:00:00.0,3,14967.189823680645
2018-06-12T04:00:00.0,4,14913.093105442973
2018-06-12T05:00:00.0,5,14779.838531347052
2018-06-12T06:00:00.0,6,14536.863902070878
2018-06-12T07:00:00.0,7,14471.468295198605
2018-06-12T08:00:00.0,8,13545.637203777149
2018-06-12T09:00:00.0,9,12922.922995027706
2018-06-12T10:00:00.0,10,12430.693779776424
2018-06-12T11:00:00.0,11,11999.574013788564
2018-06-12T12:00:00.0,12,10852.521631641795
2018-06-12T13:00:00.0,13,9810.855093081564
2018-06-12T14:00:00.0,14,8818.788244660174
2018-06-12T15:00:00.0,15,7489.699598884639
2018-06-12T16:00:00.0,16,6577.931016000851
2018-06-12T17:00:00.0,17,6133.332178949941
2018-06-12T18:00:00.0,18,6147.543836868309
2018-06-12T19:00:00.0,19,6305.168271131056
2018-06-12T20:00:00.0,20,6366.150135450957
2018-06-12T21:00:00.0,21,6516.420222971404
2018-06-12T22:00:00.0,22,6906.803207263713
2018-06-12T23:00:00.0,23,7483.525102604758
2018-06-13T00:00:00.0,0,8296.23115502684
2018-06-13T01:00:00.0,1,10325.485350102495
2018-06-13T02:00:00.0,2,13521.573217958261
2018-06-13T03:00:00.0,3,14880.888305021748
2018-06-13T04:00:00.0,4,15356.560206528977
2018-06-13T05:00:00.0,5,15220.157279171486
2018-06-13T06:00:00.0,6,14932.993270290246
2018-06-13T07:00:00.0,7,14649.191423015343
2018-06-13T08:00:00.0,8,13862.238469994567
2018-06-13T09:00:00.0,9,12971.78445986472
2018-06-13T10:00:00.0,10,11840.986487447046
2018-06-13T11:00:00.0,11,10945.27838191596
2018-06-13T12:00:00.0,12,8834.466017878029
2018-06-13T13:00:00.0,13,6838.487051663327
2018-06-13T14:00:00.0,14,5352.543779108631
2018-06-13T15:00:00.0,15,3478.9544281143935
2018-06-13T16:00:00.0,16,2635.7318872991073
2018-06-13T17:00:00.0,17,2499.021021427647
2018-06-13T18:00:00.0,18,2776.6800189357346
2018-06-13T19:00:00.0,19,3287.376363754931
2018-06-13T20:00:00.0,20,3845.34661716032
2018-06-13T21:00:00.0,21,4665.331832142539
2018-06-13T22:00:00.0,22,5030.357280537405
2018-06-13T23:00:00.0,23,5737.416722401996
2018-06-14T00:00:00.0,0,6606.418146347621
2018-06-14T01:00:00.0,1,8244.161298157338
2018-06-14T02:00:00.0,2,11295.296374294157
2018-06-14T03:00:00.0,3,12795.1792564201
2018-06-14T04:00:00.0,4,13234.117308369467
2018-06-14T05:00:00.0,5,13498.71908264664
2018-06-14T06:00:00.0,6,13420.878118008817
2018-06-14T07:00:00.0,7,13115.556884674175
2018-06-14T08:00:00.0,8,13221.794636312814
2018-06-14T09:00:00.0,9,13101.450843014572
2018-06-14T10:00:00.0,10,12922.720234713488
2018-06-14T11:00:00.0,11,12670.180509241829
2018-06-14T12:00:00.0,12,11269.494455368242
2018-06-14T13:00:00.0,13,8820.870574297382
2018-06-14T14:00:00.0,14,7847.756148962802
2018-06-14T15:00:00.0,15,7027.3896042272645
2018-06-14T16:00:00.0,16,6535.613574393824
2018-06-14T17:00:00.0,17,6301.207948529113
2018-06-14T18:00:00.0,18,6454.22435439725
2018-06-14T19:00:00.0,19,6690.839419804273
2018-06-14T20:00:00.0,20,6766.881619467396
2018-06-14T21:00:00.0,21,7082.438523414261
2018-06-14T22:00:00.0,22,7292.767939114584
2018-06-14T23:00:00.0,23,8217.290367667107
2018-06-15T00:00:00.0,0,9394.02153682751
2018-06-15T01:00:00.0,1,11298.62663985922
2018-06-15T02:00:00.0,2,14328.258754334596
2018-06-15T03:00:00.0,3,15925.10540834222
2018-06-15T04:00:00.0,4,16086.926927662616
2018-06-15T05:00:00.0,5,15947.403704270313
2018-06-15T06:00:00.0,6,15902.29056763895
2018-06-15T07:00:00.0,7,16066.25403498517
2018-06-15T08:00:00.0,8,15858.62761446553
2018-06-15T09:00:00.0,9,15602.979270909162
2018-06-15T10:00:00.0,10,14858.76056885795
2018-06-15T11:00:00.0,11,14539.251392337872
2018-06-15T12:00:00.0,12,13605.314841341135
2018-06-15T13:00:00.0,13,12171.258678550354
2018-06-15T14:00:00.0,14,11289.5689017767
2018-06-15T15:00:00.0,15,10148.128528724434
2018-06-15T16:00:00.0,16,9422.754298090802
2018-06-15T17:00:00.0,17,9019.406359897217
2018-06-15T18:00:00.0,18,9038.41168117267
2018-06-15T19:00:00.0,19,9447.130535459151
2018-06-15T20:00:00.0,20,9721.646703725703
2018-06-15T21:00:00.0,21,10268.799703402305
2018-06-15T22:00:00.0,22,10948.986971527971
2018-06-15T23:00:00.0,23,12027.920089712758
2018-06-16T00:00:00.0,0,12433.079891361669
2018-06-16T01:00:00.0,1,13746.671500407787
2018-06-16T02:00:00.0,2,15607.186117383526
2018-06-16T03:00:00.0,3,16671.798486214127
2018-06-16T04:00:00.0,4,16551.18532260496
2018-06-16T05:00:00.0,5,16709.544077589722
2018-06-16T06:00:00.0,6,16671.765105260594
2018-06-16T07:00:00.0,7,16546.6280531654
2018-06-16T08:00:00.0,8,16030.535825968904
2018-06-16T09:00:00.0,9,15411.864979462189
2018-06-16T10:00:00.0,10,14965.866491247498
2018-06-16T11:00:00.0,11,14344.797743025172
2018-06-16T12:00:00.0,12,12890.016026511954
2018-06-16T13:00:00.0,13,12757.888472631983
2018-06-16T14:00:00.0,14,12950.199623266592
2018-06-16T15:00:00.0,15,11801.761491531406
2018-06-16T16:00:00.0,16,11081.891739584864
2018-06-16T17:00:00.0,17,11402.120506844882
2018-06-16T18:00:00.0,18,12272.14528718235
2018-06-16T19:00:00.0,19,13014.81551813255
2018-06-16T20:00:00.0,20,13887.296235047368
2018-06-16T21:00:00.0,21,14966.888849868132
2018-06-16T22:00:00.0,22,16265.689240232061
2018-06-16T23:00:00.0,23,17109.271064670105
2018-06-17T00:00:00.0,0,16995.812281316277
2018-06-17T01:00:00.0,1,16565.976677020404
2018-06-17T02:00:00.0,2,16004.041645335905
2018-06-17T03:00:00.0,3,15374.057530611492
2018-06-17T04:00:00.0,4,14808.173336700245
2018-06-17T05:00:00.0,5,14184.600445854156
2018-06-17T06:00:00.0,6,14119.528101854581
2018-06-17T07:00:00.0,7,13832.191328100036
2018-06-17T08:00:00.0,8,13038.054888207034
2018-06-17T09:00:00.0,9,12340.8015852673
2018-06-17T10:00:00.0,10,11705.044506813567
2018-06-17T11:00:00.0,11,11044.731713882946
2018-06-17T12:00:00.0,12,9413.623650275931
2018-06-17T13:00:00.0,13,8121.820378134383
2018-06-17T14:00:00.0,14,7219.124319027344
2018-06-17T15:00:00.0,15,6049.983498221195
2018-06-17T16:00:00.0,16,5089.981942558211
2018-06-17T17:00:00.0,17,4740.869351101928
2018-06-17T18:00:00.0,18,4710.8868586159915
2018-06-17T19:00:00.0,19,4671.075528507076
2018-06-17T20:00:00.0,20,5098.651687743896
2018-06-17T21:00:00.0,21,5739.31102115593
2018-06-17T22:00:00.0,22,6159.696830297773
2018-06-17T23:00:00.0,23,6561.9785170708965
2018-06-18T00:00:00.0,0,6788.945697610075
2018-06-18T01:00:00.0,1,7179.431415155948
2018-06-18T02:00:00.0,2,8720.93567137364
2018-06-18T03:00:00.0,3,10223.368555491223
2018-06-18T04:00:00.0,4,10575.863476733888
2018-06-18T05:00:00.0,5,10807.552144410018
2018-06-18T06:00:00.0,6,10781.633871873737
2018-06-18T07:00:00.0,7,10107.718995375357
2018-06-18T08:00:00.0,8,8976.767045456772
2018-06-18T09:00:00.0,9,8142.880295666936
2018-06-18T10:00:00.0,10,7256.261688184612
2018-06-18T11:00:00.0,11,6438.561435613934
2018-06-18T12:00:00.0,12,5010.104856355795
2018-06-18T13:00:00.0,13,3268.341807637851
2018-06-18T14:00:00.0,14,2534.63579670232
2018-06-18T15:00:00.0,15,1791.192236167021
2018-06-18T16:00:00.0,16,1141.2490584537807
2018-06-18T17:00:00.0,17,1006.9400648569062
2018-06-18T18:00:00.0,18,1360.5093555659303
2018-06-18T19:00:00.0,19,1872.2700556948287
2018-06-18T20:00:00.0,20,2921.1348118914334
2018-06-18T21:00:00.0,21,3457.591292380901
2018-06-18T22:00:00.0,22,4495.92738214599
2018-06-18T23:00:00.0,23,5571.979616107411
2018-06-19T00:00:00.0,0,5740.079063674566
2018-06-19T01:00:00.0,1,7047.267177312501
2018-06-19T02:00:00.0,2,9880.764191163753
2018-06-19T03:00:00.0,3,11224.92448795356
2018-06-19T04:00:00.0,4,12586.53720189318
2018-06-19T05:00:00.0,5,12571.233294455886
2018-06-19T06:00:00.0,6,11952.886445496331
2018-06-19T07:00:00.0,7,10198.201342262051
2018-06-19T08:00:00.0,8,8684.983306883923
2018-06-19T09:00:00.0,9,7305.450889674027
2018-06-19T10:00:00.0,10,6001.439178938678
2018-06-19T11:00:00.0,11,4768.834989337215
2018-06-19T12:00:00.0,12,3146.064405597799
2018-06-19T13:00:00.0,13,2640.268414178755
2018-06-19T14:00:00.0,14,2118.424553406517
2018-06-19T15:00:00.0,15,1738.9632813556564
2018-06-19T16:00:00.0,16,1358.260829381266
2018-06-19T17:00:00.0,17,1490.0314512408543
2018-06-19T18:00:00.0,18,1610.4767944553332
2018-06-19T19:00:00.0,19,1851.3481399734528
2018-06-19T20:00:00.0,20,2366.9681716518703
2018-06-19T21:00:00.0,21,2901.4586559462573
2018-06-19T22:00:00.0,22,3752.987766756891
2018-06-19T23:00:00.0,23,4689.379270658607
2018-06-20T00:00:00.0,0,5984.730048320213
2018-06-20T01:00:00.0,1,7981.681753034952
2018-06-20T02:00:00.0,2,10581.866575069873
2018-06-20T03:00:00.0,3,12429.06644540396
2018-06-20T04:00:00.0,4,13491.089240381922
2018-06-20T05:00:00.0,5,13440.157154097193
2018-06-20T06:00:00.0,6,12833.748956174166
2018-06-20T07:00:00.0,7,11855.649817454774
2018-06-20T08:00:00.0,8,10172.106494472131
2018-06-20T09:00:00.0,9,8440.936384638555
2018-06-20T10:00:00.0,10,6498.847844754939
2018-06-20T11:00:00.0,11,4492.916961135435
2018-06-20T12:00:00.0,12,2813.125514845782
2018-06-20T13:00:00.0,13,2081.2583735677827
2018-06-20T14:00:00.0,14,1795.0816312026484
2018-06-20T15:00:00.0,15,1184.5812865908827
2018-06-20T16:00:00.0,16,1205.2588111575008
2018-06-20T17:00:00.0,17,1408.0008833298807
2018-06-20T18:00:00.0,18,1085.30187560849
2018-06-20T19:00:00.0,19,1002.1543736900488
2018-06-20T20:00:00.0,20,928.8038251122252
2018-06-20T21:00:00.0,21,658.5799812136894
2018-06-20T22:00:00.0,22,727.2408134480975
2018-06-20T23:00:00.0,23,812.5019330692315
2018-06-21T00:00:00.0,0,991.108809592145
2018-06-21T01:00:00.0,1,1704.4198606545149
2018-06-21T02:00:00.0,2,3363.2674594882387
2018-06-21T03:00:00.0,3,5055.943743901738
2018-06-21T04:00:00.0,4,5872.375632135743
2018-06-21T05:00:00.0,5,6311.75626364664
2018-06-21T06:00:00.0,6,6174.048754486464
2018-06-21T07:00:00.0,7,5384.650502837112
2018-06-21T08:00:00.0,8,4065.995105517745
2018-06-21T09:00:00.0,9,3144.7748934061874
2018-06-21T10:00:00.0,10,2516.8972151262956
2018-06-21T11:00:00.0,11,1880.3838876075577
2018-06-21T12:00:00.0,12,1223.1568277603371
2018-06-21T13:00:00.0,13,813.7240078931219
2018-06-21T14:00:00.0,14,841.4790498036172
2018-06-21T15:00:00.0,15,1008.9356740262455
2018-06-21T16:00:00.0,16,1363.1879214273745
2018-06-21T17:00:00.0,17,1656.7284101709763
2018-06-21T18:00:00.0,18,1893.8834976440055
2018-06-21T19:00:00.0,19,1694.1777535185718
2018-06-21T20:00:00.0,20,1464.4981009654311
2018-06-21T21:00:00.0,21,1293.3102632727139
2018-06-21T22:00:00.0,22,1445.6307194196804
2018-06-21T23:00:00.0,23,1184.8380043370328
2018-06-22T00:00:00.0,0,1824.6218944445027
2018-06-22T01:00:00.0,1,2898.5761636901443
2018-06-22T02:00:00.0,2,5007.851447028695
2018-06-22T03:00:00.0,3,7837.287424023831
2018-06-22T04:00:00.0,4,9912.42212841367
2018-06-22T05:00:00.0,5,11160.78873804723
2018-06-22T06:00:00.0,6,11900.734751445108
2018-06-22T07:00:00.0,7,12473.535658013667
2018-06-22T08:00:00.0,8,13056.333449446502
2018-06-22T09:00:00.0,9,12908.81536632472
2018-06-22T10:00:00.0,10,12617.29198609603
2018-06-22T11:00:00.0,11,12104.099741593878
2018-06-22T12:00:00.0,12,10757.299324166883
2018-06-22T13:00:00.0,13,8542.456498841033
2018-06-22T14:00:00.0,14,7183.5757794526035
2018-06-22T15:00:00.0,15,6164.687555192409
2018-06-22T16:00:00.0,16,5416.48462484833
2018-06-22T17:00:00.0,17,5039.402278903846
2018-06-22T18:00:00.0,18,5383.782255427355
2018-06-22T19:00:00.0,19,6018.1414469935435
2018-06-22T20:00:00.0,20,6660.754246124834
2018-06-22T21:00:00.0,21,7422.518405967331
2018-06-22T22:00:00.0,22,8613.824920132734
2018-06-22T23:00:00.0,23,9915.549628458106
2018-06-23T00:00:00.0,0,11444.128321987082
2018-06-23T01:00:00.0,1,13874.31602529993
2018-06-23T02:00:00.0,2,16475.38763926993
2018-06-23T03:00:00.0,3,16718.56057767867
2018-06-23T04:00:00.0,4,16849.679176699134
2018-06-23T05:00:00.0,5,17248.09598046941
2018-06-23T06:00:00.0,6,17152.130211435997
2018-06-23T07:00:00.0,7,16668.484824254123
2018-06-23T08:00:00.0,8,15147.353343789442
2018-06-23T09:00:00.0,9,14344.128663587835
2018-06-23T10:00:00.0,10,13695.816661147464
2018-06-23T11:00:00.0,11,13190.43680412975
2018-06-23T12:00:00.0,12,12704.673015507236
2018-06-23T13:00:00.0,13,11667.192197544311
2018-06-23T14:00:00.0,14,10094.837447623036
2018-06-23T15:00:00.0,15,8933.681927826861
2018-06-23T16:00:00.0,16,7467.168178793675
2018-06-23T17:00:00.0,17,6158.185612957922
2018-06-23T18:00:00.0,18,5556.948898146729
2018-06-23T19:00:00.0,19,5590.355113223127
2018-06-23T20:00:00.0,20,5748.961359482854
2018-06-23T21:00:00.0,21,6216.216694663587
2018-06-23T22:00:00.0,22,6993.440408161579
2018-06-23T23:00:00.0,23,8013.448141055113
2018-06-24T00:00:00.0,0,9860.294589501353
2018-06-24T01:00:00.0,1,12363.075313588704
2018-06-24T02:00:00.0,2,14781.911315696729
2018-06-24T03:00:00.0,3,16765.616741178867
2018-06-24T04:00:00.0,4,17707.26091079271
2018-06-24T05:00:00.0,5,18428.881773045043
2018-06-24T06:00:00.0,6,18465.286036382317
2018-06-24T07:00:00.0,7,18215.83992236174
2018-06-24T08:00:00.0,8,17876.840111547594
2018-06-24T09:00:00.0,9,17980.564720595063
2018-06-24T10:00:00.0,10,17828.3379178575
2018-06-24T11:00:00.0,11,17009.75955227952
2018-06-24T12:00:00.0,12,15779.02781201367
2018-06-24T13:00:00.0,13,14748.486081255543
2018-06-24T14:00:00.0,14,13842.09383481448
2018-06-24T15:00:00.0,15,12192.14376048143
2018-06-24T16:00:00.0,16,10538.717892481329
2018-06-24T17:00:00.0,17,8926.023834057009
2018-06-24T18:00:00.0,18,7665.846322870078
2018-06-24T19:00:00.0,19,7530.451843498864
2018-06-24T20:00:00.0,20,8131.772711352728
2018-06-24T21:00:00.0,21,9194.570522843644
2018-06-24T22:00:00.0,22,11046.62735565719
2018-06-24T23:00:00.0,23,13514.372201945562
2018-06-25T00:00:00.0,0,14970.672092456349
2018-06-25T01:00:00.0,1,16574.245308749032
2018-06-25T02:00:00.0,2,17082.85524772945
2018-06-25T03:00:00.0,3,16885.590537642278
2018-06-25T04:00:00.0,4,16936.640042810715
2018-06-25T05:00:00.0,5,17699.741142120543
2018-06-25T06:00:00.0,6,17727.469880190038
2018-06-25T07:00:00.0,7,16871.543385290253
2018-06-25T08:00:00.0,8,16151.381455880432
2018-06-25T09:00:00.0,9,14828.173178300955
2018-06-25T10:00:00.0,10,12801.628170831811
2018-06-25T11:00:00.0,11,12227.056249755517
2018-06-25T12:00:00.0,12,10637.43000179258
2018-06-25T13:00:00.0,13,9339.205572779078
2018-06-25T14:00:00.0,14,6915.129797448888
2018-06-25T15:00:00.0,15,6192.017867816277
2018-06-25T16:00:00.0,16,5570.833201586914
2018-06-25T17:00:00.0,17,5221.049589432735
2018-06-25T18:00:00.0,18,5067.605143599342
2018-06-25T19:00:00.0,19,5143.849255249732
2018-06-25T20:00:00.0,20,5171.351383641207
2018-06-25T21:00:00.0,21,5336.672413928143
2018-06-25T22:00:00.0,22,5507.796651849395
2018-06-25T23:00:00.0,23,6042.193147080819
2018-06-26T00:00:00.0,0,6816.879571103276
2018-06-26T01:00:00.0,1,8502.77728863782
2018-06-26T02:00:00.0,2,11649.150962158266
2018-06-26T03:00:00.0,3,13719.553880931542
2018-06-26T04:00:00.0,4,14964.440897689412
2018-06-26T05:00:00.0,5,15513.863355729656
2018-06-26T06:00:00.0,6,15767.836085767594
2018-06-26T07:00:00.0,7,15373.703878768336
2018-06-26T08:00:00.0,8,15063.685461699766
2018-06-26T09:00:00.0,9,14394.572766656574
2018-06-26T10:00:00.0,10,13680.092716977213
2018-06-26T11:00:00.0,11,12982.61046637728
2018-06-26T12:00:00.0,12,11692.94898808511
2018-06-26T13:00:00.0,13,10913.994541878532
2018-06-26T14:00:00.0,14,10431.042848303907
2018-06-26T15:00:00.0,15,9016.940697718617
2018-06-26T16:00:00.0,16,7948.815297531186
2018-06-26T17:00:00.0,17,7160.3964724192165
2018-06-26T18:00:00.0,18,6634.163003947261
2018-06-26T19:00:00.0,19,6261.068500405711
2018-06-26T20:00:00.0,20,6117.019537178568
2018-06-26T21:00:00.0,21,6113.739099543669
2018-06-26T22:00:00.0,22,6284.81068411503
2018-06-26T23:00:00.0,23,6909.772260782926
2018-06-27T00:00:00.0,0,7806.289182198849
2018-06-27T01:00:00.0,1,10137.032426322154
2018-06-27T02:00:00.0,2,13615.146141339377
2018-06-27T03:00:00.0,3,15355.919804762205
2018-06-27T04:00:00.0,4,15962.298677261904
2018-06-27T05:00:00.0,5,15957.820512321885
2018-06-27T06:00:00.0,6,16119.987021602778
2018-06-27T07:00:00.0,7,16180.548731374738
2018-06-27T08:00:00.0,8,15807.4977392933
2018-06-27T09:00:00.0,9,15331.05704525402
2018-06-27T10:00:00.0,10,14941.898257400708
2018-06-27T11:00:00.0,11,14474.681049760902
2018-06-27T12:00:00.0,12,13354.50023663391
2018-06-27T13:00:00.0,13,11429.10572482877
2018-06-27T14:00:00.0,14,9639.39085925265
2018-06-27T15:00:00.0,15,7709.399195362649
2018-06-27T16:00:00.0,16,6077.472956893835
2018-06-27T17:00:00.0,17,4863.332137051846
2018-06-27T18:00:00.0,18,4267.970145006458
2018-06-27T19:00:00.0,19,4072.5709319531647
2018-06-27T20:00:00.0,20,4105.354562268941
2018-06-27T21:00:00.0,21,4170.9195389303595
2018-06-27T22:00:00.0,22,4509.964652037091
2018-06-27T23:00:00.0,23,5126.534267988806
2018-06-28T00:00:00.0,0,6323.184990231662
2018-06-28T01:00:00.0,1,9596.043519613968
2018-06-28T02:00:00.0,2,13778.053387159853
2018-06-28T03:00:00.0,3,15562.800031147994
2018-06-28T04:00:00.0,4,15893.715396049842
2018-06-28T05:00:00.0,5,15869.439356249764
2018-06-28T06:00:00.0,6,15953.895746732689
2018-06-28T07:00:00.0,7,15886.169668778559
2018-06-28T08:00:00.0,8,15805.28191487544
2018-06-28T09:00:00.0,9,15672.712399460723
2018-06-28T10:00:00.0,10,15483.417455083536
2018-06-28T11:00:00.0,11,14912.792532991676
2018-06-28T12:00:00.0,12,13416.883439568819
2018-06-28T13:00:00.0,13,10975.548544017793
2018-06-28T14:00:00.0,14,9131.4022965051
2018-06-28T15:00:00.0,15,7671.174064123188
2018-06-28T16:00:00.0,16,6977.474029830708
2018-06-28T17:00:00.0,17,6509.227563793218
2018-06-28T18:00:00.0,18,6307.906591301653
2018-06-28T19:00:00.0,19,6489.579178808119
2018-06-28T20:00:00.0,20,6748.598577890517
2018-06-28T21:00:00.0,21,7359.534422110078
2018-06-28T22:00:00.0,22,8331.0008199872
2018-06-28T23:00:00.0,23,9625.866921162053
2018-06-29T00:00:00.0,0,11026.671382422888
2018-06-29T01:00:00.0,1,13555.898309211087
2018-06-29T02:00:00.0,2,16855.055875156646
2018-06-29T03:00:00.0,3,18077.40238432606
2018-06-29T04:00:00.0,4,18079.926711387834
2018-06-29T05:00:00.0,5,18060.371241929533
2018-06-29T06:00:00.0,6,17894.7145251377
2018-06-29T07:00:00.0,7,17934.76091346266
2018-06-29T08:00:00.0,8,17765.03802569121
2018-06-29T09:00:00.0,9,17382.674991378928
2018-06-29T10:00:00.0,10,16918.17287640391
2018-06-29T11:00:00.0,11,16669.39617865062
2018-06-29T12:00:00.0,12,15786.490307285929
2018-06-29T13:00:00.0,13,15173.124751242505
2018-06-29T14:00:00.0,14,13690.154378296565
2018-06-29T15:00:00.0,15,12170.579180264112
2018-06-29T16:00:00.0,16,11009.29388018541
2018-06-29T17:00:00.0,17,10064.595539331212
2018-06-29T18:00:00.0,18,9184.327513925944
2018-06-29T19:00:00.0,19,8728.602207212829
2018-06-29T20:00:00.0,20,8623.495501672358
2018-06-29T21:00:00.0,21,8823.49572666712
2018-06-29T22:00:00.0,22,9854.166561747616
2018-06-29T23:00:00.0,23,10977.160321398254
2018-06-30T00:00:00.0,0,12037.859333941016
2018-06-30T01:00:00.0,1,13957.476232284136
2018-06-30T02:00:00.0,2,15479.479875522224
2018-06-30T03:00:00.0,3,16383.954613855132
2018-06-30T04:00:00.0,4,15790.91990949504
2018-06-30T05:00:00.0,5,15221.494771520986
2018-06-30T06:00:00.0,6,15523.48446798107
2018-06-30T07:00:00.0,7,16062.094982029106
2018-06-30T08:00:00.0,8,15808.01548448155
2018-06-30T09:00:00.0,9,15870.8344696234
2018-06-30T10:00:00.0,10,16084.99672309423
2018-06-30T11:00:00.0,11,16133.461540265345
2018-06-30T12:00:00.0,12,15195.45533973132
2018-06-30T13:00:00.0,13,14876.370152826103
2018-06-30T14:00:00.0,14,14713.267586114815
2018-06-30T15:00:00.0,15,12954.834096094877
2018-06-30T16:00:00.0,16,11164.781515737523
2018-06-30T17:00:00.0,17,9338.022221621473
2018-06-30T18:00:00.0,18,8146.505658727656
2018-06-30T19:00:00.0,19,7332.6151997973
2018-06-30T20:00:00.0,20,7282.756602748857
2018-06-30T21:00:00.0,21,7701.162831144696
2018-06-30T22:00:00.0,22,8339.878180500094
2018-06-30T23:00:00.0,23,9499.988689136428
2018-07-01T00:00:00.0,0,11380.735057893558
2018-07-01T01:00:00.0,1,14379.53904564123
2018-07-01T02:00:00.0,2,17329.975630453922
2018-07-01T03:00:00.0,3,18385.369212159323
2018-07-01T04:00:00.0,4,18339.583216229254
2018-07-01T05:00:00.0,5,17966.219469360727
2018-07-01T06:00:00.0,6,17781.97051930822
2018-07-01T07:00:00.0,7,17646.498614115393
2018-07-01T08:00:00.0,8,16990.781501051937
2018-07-01T09:00:00.0,9,15720.674142052694
2018-07-01T10:00:00.0,10,14120.965368597661
2018-07-01T11:00:00.0,11,13190.987517185238
2018-07-01T12:00:00.0,12,11657.375327752705
2018-07-01T13:00:00.0,13,9982.153487892938
2018-07-01T14:00:00.0,14,8277.391916208822
2018-07-01T15:00:00.0,15,6522.871144907545
2018-07-01T16:00:00.0,16,4987.583428479611
2018-07-01T17:00:00.0,17,3730.72387910985
2018-07-01T18:00:00.0,18,2798.8032896341647
2018-07-01T19:00:00.0,19,2683.263222277316
2018-07-01T20:00:00.0,20,3165.2955893237836
2018-07-01T21:00:00.0,21,4133.662007917566
2018-07-01T22:00:00.0,22,5067.525374375593
2018-07-01T23:00:00.0,23,6383.096122079122
2018-07-02T00:00:00.0,0,8441.158666255165
2018-07-02T01:00:00.0,1,11362.414417777443
2018-07-02T02:00:00.0,2,13176.143401283896
2018-07-02T03:00:00.0,3,12100.140137714428
2018-07-02T04:00:00.0,4,10590.621661068837
2018-07-02T05:00:00.0,5,9542.897058072527
2018-07-02T06:00:00.0,6,10558.52762060315
2018-07-02T07:00:00.0,7,11615.564282193054
2018-07-02T08:00:00.0,8,11646.739440902567
2018-07-02T09:00:00.0,9,11105.690169353229
2018-07-02T10:00:00.0,10,10387.93866408471
2018-07-02T11:00:00.0,11,9581.57184292983
2018-07-02T12:00:00.0,12,8092.650154737678
2018-07-02T13:00:00.0,13,5692.3492823224005
2018-07-02T14:00:00.0,14,4404.1624588325985
2018-07-02T15:00:00.0,15,3323.3628676177796
2018-07-02T16:00:00.0,16,2751.2166079556796
2018-07-02T17:00:00.0,17,2684.967117037906
2018-07-02T18:00:00.0,18,3041.0279462945273
2018-07-02T19:00:00.0,19,3677.5787579943117
2018-07-02T20:00:00.0,20,4246.364726755498
2018-07-02T21:00:00.0,21,5079.232855613966
2018-07-02T22:00:00.0,22,6200.721074879054
2018-07-02T23:00:00.0,23,7329.651240479648
2018-07-03T00:00:00.0,0,8746.469065074523
2018-07-03T01:00:00.0,1,11167.204101998186
2018-07-03T02:00:00.0,2,13677.832816828144
2018-07-03T03:00:00.0,3,14347.666241883859
2018-07-03T04:00:00.0,4,13968.305757789838
2018-07-03T05:00:00.0,5,12857.064027825172
2018-07-03T06:00:00.0,6,12321.85002961981
2018-07-03T07:00:00.0,7,12044.624830189226
2018-07-03T08:00:00.0,8,11731.64366749017
2018-07-03T09:00:00.0,9,11373.761891942971
2018-07-03T10:00:00.0,10,11222.265328668464
2018-07-03T11:00:00.0,11,10955.903494185637
2018-07-03T12:00:00.0,12,9612.871678689664
2018-07-03T13:00:00.0,13,7041.001489932445
2018-07-03T14:00:00.0,14,5917.0413982962245
2018-07-03T15:00:00.0,15,4900.374481901348
2018-07-03T16:00:00.0,16,4394.770573501683
2018-07-03T17:00:00.0,17,4202.715727569081
2018-07-03T18:00:00.0,18,4077.8253175781574
2018-07-03T19:00:00.0,19,4086.716952042354
2018-07-03T20:00:00.0,20,4380.387114269285
2018-07-03T21:00:00.0,21,4657.9847042674255
2018-07-03T22:00:00.0,22,5231.453572073584
2018-07-03T23:00:00.0,23,5737.240228046748
2018-07-04T00:00:00.0,0,6918.237074181754
2018-07-04T01:00:00.0,1,10201.724480687237
2018-07-04T02:00:00.0,2,13748.310279973188
2018-07-04T03:00:00.0,3,15102.374105583476
2018-07-04T04:00:00.0,4,15424.715257604912
2018-07-04T05:00:00.0,5,15037.392687018293
2018-07-04T06:00:00.0,6,13948.118422878402
2018-07-04T07:00:00.0,7,12978.715359273703
2018-07-04T08:00:00.0,8,11827.790663625909
2018-07-04T09:00:00.0,9,10401.630280926805
2018-07-04T10:00:00.0,10,9518.077098656771
2018-07-04T11:00:00.0,11,8815.726522122559
2018-07-04T12:00:00.0,12,7252.574644442913
2018-07-04T13:00:00.0,13,4252.060368079918
2018-07-04T14:00:00.0,14,2849.916443473192
2018-07-04T15:00:00.0,15,2046.4623162259686
2018-07-04T16:00:00.0,16,1521.347924256972
2018-07-04T17:00:00.0,17,1333.5118237799957
2018-07-04T18:00:00.0,18,1578.8268388316217
2018-07-04T19:00:00.0,19,2371.208932962149
2018-07-04T20:00:00.0,20,3635.73242281799
2018-07-04T21:00:00.0,21,4788.819619370864
2018-07-04T22:00:00.0,22,5964.786487464182
2018-07-04T23:00:00.0,23,7131.301422964487
2018-07-05T00:00:00.0,0,7779.866580409056
2018-07-05T01:00:00.0,1,9176.904571433393
2018-07-05T02:00:00.0,2,10742.796942163508
2018-07-05T03:00:00.0,3,10437.250353241081
2018-07-05T04:00:00.0,4,9772.284453992315
2018-07-05T05:00:00.0,5,9190.49566993558
2018-07-05T06:00:00.0,6,7782.6949397889575
2018-07-05T07:00:00.0,7,6396.860446315433
2018-07-05T08:00:00.0,8,5137.571448486459
2018-07-05T09:00:00.0,9,4072.0456711173315
2018-07-05T10:00:00.0,10,3211.1268106719726
2018-07-05T11:00:00.0,11,2560.8147656573715
2018-07-05T12:00:00.0,12,2105.133705417736
2018-07-05T13:00:00.0,13,2136.584246040988
2018-07-05T14:00:00.0,14,2296.8857411431522
2018-07-05T15:00:00.0,15,2647.608027749124
2018-07-05T16:00:00.0,16,2863.3216269880727
2018-07-05T17:00:00.0,17,3240.6487652183837
2018-07-05T18:00:00.0,18,3382.9527231527045
2018-07-05T19:00:00.0,19,3659.1778163997146
2018-07-05T20:00:00.0,20,4012.9414470007255
2018-07-05T21:00:00.0,21,3934.311984099724
2018-07-05T22:00:00.0,22,3670.4616548441277
2018-07-05T23:00:00.0,23,3399.182293598677
2018-07-06T00:00:00.0,0,2983.8560787522833
2018-07-06T01:00:00.0,1,2976.7399742203474
2018-07-06T02:00:00.0,2,3181.381115369519
2018-07-06T03:00:00.0,3,2785.9621747539422
2018-07-06T04:00:00.0,4,1973.4881478039708
2018-07-06T05:00:00.0,5,1474.0314734937783
2018-07-06T06:00:00.0,6,1168.9032797452492
2018-07-06T07:00:00.0,7,887.8453306603116
2018-07-06T08:00:00.0,8,683.5854248566275
2018-07-06T09:00:00.0,9,612.3874119755409
2018-07-06T10:00:00.0,10,737.0019549801863
2018-07-06T11:00:00.0,11,549.9421803500142
2018-07-06T12:00:00.0,12,452.0739098363085
2018-07-06T13:00:00.0,13,223.92164990351185
2018-07-06T14:00:00.0,14,242.51002097491997
2018-07-06T15:00:00.0,15,342.52038218466356
2018-07-06T16:00:00.0,16,902.4613188029492
2018-07-06T17:00:00.0,17,1630.294320947916
2018-07-06T18:00:00.0,18,2072.2288130310294
2018-07-06T19:00:00.0,19,2528.5556645610327
2018-07-06T20:00:00.0,20,2361.6602236876597
2018-07-06T21:00:00.0,21,2045.6313506953582
2018-07-06T22:00:00.0,22,3128.0407768216664
2018-07-06T23:00:00.0,23,2345.224318724188
2018-07-07T00:00:00.0,0,1645.9411756789716
2018-07-07T01:00:00.0,1,2040.2625090180818
2018-07-07T02:00:00.0,2,2100.7812388203124
2018-07-07T03:00:00.0,3,2190.726061756492
2018-07-07T04:00:00.0,4,2144.2340094518986
2018-07-07T05:00:00.0,5,1829.8527783139841
2018-07-07T06:00:00.0,6,1576.34982244997
2018-07-07T07:00:00.0,7,1496.7513816926657
2018-07-07T08:00:00.0,8,1303.3606928015993
2018-07-07T09:00:00.0,9,1009.5468562045421
2018-07-07T10:00:00.0,10,713.088464219592
2018-07-07T11:00:00.0,11,462.2884467628648
2018-07-07T12:00:00.0,12,329.54632398070436
2018-07-07T13:00:00.0,13,110.01271611015098
2018-07-07T14:00:00.0,14,100.49449495790276
2018-07-07T15:00:00.0,15,117.87863127848095
2018-07-07T16:00:00.0,16,146.50328361073784
2018-07-07T17:00:00.0,17,279.2684415305096
2018-07-07T18:00:00.0,18,527.3156452166551
2018-07-07T19:00:00.0,19,784.9423098014398
2018-07-07T20:00:00.0,20,1406.25637376325
2018-07-07T21:00:00.0,21,1493.5916773825247
2018-07-07T22:00:00.0,22,2331.885058470391
2018-07-07T23:00:00.0,23,2377.9521344089294
2018-07-08T00:00:00.0,0,3063.081702631116
2018-07-08T01:00:00.0,1,3390.9439197131746
2018-07-08T02:00:00.0,2,3524.605353888636
2018-07-08T03:00:00.0,3,3399.8959176752796
2018-07-08T04:00:00.0,4,3244.084585054055
2018-07-08T05:00:00.0,5,3149.085815743916
2018-07-08T06:00:00.0,6,2822.710453019641
2018-07-08T07:00:00.0,7,2479.131448053915
2018-07-08T08:00:00.0,8,2102.0853594719633
2018-07-08T09:00:00.0,9,1753.1036581897724
2018-07-08T10:00:00.0,10,1367.6982447542061
2018-07-08T11:00:00.0,11,1004.3918412867024
2018-07-08T12:00:00.0,12,628.0957848257926
2018-07-08T13:00:00.0,13,210.67382114179864
2018-07-08T14:00:00.0,14,217.12283018513924
2018-07-08T15:00:00.0,15,252.90228314961598
2018-07-08T16:00:00.0,16,219.73157383973304
2018-07-08T17:00:00.0,17,410.02496318974437
2018-07-08T18:00:00.0,18,899.1327334614407
2018-07-08T19:00:00.0,19,1255.06995126851
2018-07-08T20:00:00.0,20,1803.900521155844
2018-07-08T21:00:00.0,21,2062.334686301018
2018-07-08T22:00:00.0,22,2399.1953127406146
2018-07-08T23:00:00.0,23,2672.7465522120615
2018-07-09T00:00:00.0,0,3787.0507143589425
2018-07-09T01:00:00.0,1,5637.617927308281
2018-07-09T02:00:00.0,2,7153.094372331514
2018-07-09T03:00:00.0,3,7874.315106534498
2018-07-09T04:00:00.0,4,7658.177062819411
2018-07-09T05:00:00.0,5,6997.192086182739
2018-07-09T06:00:00.0,6,6181.42449269563
2018-07-09T07:00:00.0,7,4932.878125036838
2018-07-09T08:00:00.0,8,4002.6804061751136
2018-07-09T09:00:00.0,9,3147.8407810137783
2018-07-09T10:00:00.0,10,2376.7693047133494
2018-07-09T11:00:00.0,11,1692.9844513215132
2018-07-09T12:00:00.0,12,1152.6990822301836
2018-07-09T13:00:00.0,13,589.6104976920685
2018-07-09T14:00:00.0,14,623.0345778280648
2018-07-09T15:00:00.0,15,593.4247282433763
2018-07-09T16:00:00.0,16,535.4443572440427
2018-07-09T17:00:00.0,17,780.8363081552499
2018-07-09T18:00:00.0,18,1253.9006872996622
2018-07-09T19:00:00.0,19,1841.4533567268506
2018-07-09T20:00:00.0,20,2128.660482551522
2018-07-09T21:00:00.0,21,2529.173093191936
2018-07-09T22:00:00.0,22,2916.835035687272
2018-07-09T23:00:00.0,23,3297.762772847001
2018-07-10T00:00:00.0,0,3604.8301761049484
2018-07-10T01:00:00.0,1,4248.923540940188
2018-07-10T02:00:00.0,2,5530.505371764102
2018-07-10T03:00:00.0,3,6574.457271727429
2018-07-10T04:00:00.0,4,6887.433343369427
2018-07-10T05:00:00.0,5,6255.400091534334
2018-07-10T06:00:00.0,6,5474.9126676940505
2018-07-10T07:00:00.0,7,4865.83505940488
2018-07-10T08:00:00.0,8,4303.448543910593
2018-07-10T09:00:00.0,9,3990.9684740204757
2018-07-10T10:00:00.0,10,3679.5808606490427
2018-07-10T11:00:00.0,11,3460.239945009087
2018-07-10T12:00:00.0,12,2774.428737483602
2018-07-10T13:00:00.0,13,1670.9811049085156
2018-07-10T14:00:00.0,14,1296.5495571790475
2018-07-10T15:00:00.0,15,934.083125626296
2018-07-10T16:00:00.0,16,748.7860341896579
2018-07-10T17:00:00.0,17,812.0412319735345
2018-07-10T18:00:00.0,18,1079.4582741677248
2018-07-10T19:00:00.0,19,1462.1537728383419
2018-07-10T20:00:00.0,20,1876.1601737154278
2018-07-10T21:00:00.0,21,2025.0520401421554
2018-07-10T22:00:00.0,22,2640.9109685601716
2018-07-10T23:00:00.0,23,3161.2473668707576
2018-07-11T00:00:00.0,0,3660.1822104652288
2018-07-11T01:00:00.0,1,5002.42052615901
2018-07-11T02:00:00.0,2,7518.712570163622
2018-07-11T03:00:00.0,3,9254.114551078323
2018-07-11T04:00:00.0,4,9429.084352200378
2018-07-11T05:00:00.0,5,9023.897785825618
2018-07-11T06:00:00.0,6,8421.601993021959
2018-07-11T07:00:00.0,7,8235.825146333545
2018-07-11T08:00:00.0,8,7953.858425862804
2018-07-11T09:00:00.0,9,7711.675057046193
2018-07-11T10:00:00.0,10,7414.149756595075
2018-07-11T11:00:00.0,11,7099.622483273856
2018-07-11T12:00:00.0,12,6254.730479428986
2018-07-11T13:00:00.0,13,4129.734270477998
2018-07-11T14:00:00.0,14,3605.778930856893
2018-07-11T15:00:00.0,15,2881.29254262975
2018-07-11T16:00:00.0,16,2379.6791785585324
2018-07-11T17:00:00.0,17,2662.442198046758
2018-07-11T18:00:00.0,18,3184.5572707884676
2018-07-11T19:00:00.0,19,3639.7882725158047
2018-07-11T20:00:00.0,20,3664.5426292974093
2018-07-11T21:00:00.0,21,3828.728880115979
2018-07-11T22:00:00.0,22,4458.4883409749555
2018-07-11T23:00:00.0,23,4850.971292362006
2018-07-12T00:00:00.0,0,5682.380719672748
2018-07-12T01:00:00.0,1,7899.966697367709
2018-07-12T02:00:00.0,2,10494.36374922504
2018-07-12T03:00:00.0,3,11892.378981036112
2018-07-12T04:00:00.0,4,11878.752262713844
2018-07-12T05:00:00.0,5,11663.431266550344
2018-07-12T06:00:00.0,6,10939.999837020165
2018-07-12T07:00:00.0,7,9676.233393605238
2018-07-12T08:00:00.0,8,8896.787323155097
2018-07-12T09:00:00.0,9,8278.489879298573
2018-07-12T10:00:00.0,10,7987.543528657788
2018-07-12T11:00:00.0,11,7584.231885700586
2018-07-12T12:00:00.0,12,6713.421224394293
2018-07-12T13:00:00.0,13,4464.858121006448
2018-07-12T14:00:00.0,14,3533.725413805901
2018-07-12T15:00:00.0,15,2619.397262832114
2018-07-12T16:00:00.0,16,2103.589244456138
2018-07-12T17:00:00.0,17,2244.4203769360925
2018-07-12T18:00:00.0,18,2492.465935099001
2018-07-12T19:00:00.0,19,2779.01219185521
2018-07-12T20:00:00.0,20,3097.650519850147
2018-07-12T21:00:00.0,21,3304.230080295622
2018-07-12T22:00:00.0,22,3849.2392838781307
2018-07-12T23:00:00.0,23,4577.5138124559235
2018-07-13T00:00:00.0,0,5439.412484273391
2018-07-13T01:00:00.0,1,6850.584313510713
2018-07-13T02:00:00.0,2,9835.682356647403
2018-07-13T03:00:00.0,3,11545.767390796855
2018-07-13T04:00:00.0,4,11666.520549702183
2018-07-13T05:00:00.0,5,11603.840086332662
2018-07-13T06:00:00.0,6,11171.684147549948
2018-07-13T07:00:00.0,7,10601.093350763591
2018-07-13T08:00:00.0,8,10306.659544246277
2018-07-13T09:00:00.0,9,9776.508984300666
2018-07-13T10:00:00.0,10,9298.112302307925
2018-07-13T11:00:00.0,11,9028.11414284192
2018-07-13T12:00:00.0,12,8323.726892505665
2018-07-13T13:00:00.0,13,6751.093393594006
2018-07-13T14:00:00.0,14,6004.1757840891905
2018-07-13T15:00:00.0,15,4722.814242480433
2018-07-13T16:00:00.0,16,3611.0473383650387
2018-07-13T17:00:00.0,17,2768.3732209683553
2018-07-13T18:00:00.0,18,2473.5898674845876
2018-07-13T19:00:00.0,19,2626.0192100832974
2018-07-13T20:00:00.0,20,3015.387632864966
2018-07-13T21:00:00.0,21,3494.0855881545554
2018-07-13T22:00:00.0,22,4359.9015057783845
2018-07-13T23:00:00.0,23,4655.847295562548
2018-07-14T00:00:00.0,0,5534.195105952204
2018-07-14T01:00:00.0,1,7568.412479875941
2018-07-14T02:00:00.0,2,10219.871799209044
2018-07-14T03:00:00.0,3,11567.82711792047
2018-07-14T04:00:00.0,4,11567.843048911222
2018-07-14T05:00:00.0,5,11873.475785996814
2018-07-14T06:00:00.0,6,11811.332994807557
2018-07-14T07:00:00.0,7,11762.861275741152
2018-07-14T08:00:00.0,8,11674.997430532952
2018-07-14T09:00:00.0,9,11470.677384828732
2018-07-14T10:00:00.0,10,10985.718362521766
2018-07-14T11:00:00.0,11,10495.62189915748
2018-07-14T12:00:00.0,12,9358.645292338728
2018-07-14T13:00:00.0,13,6800.966249167893
2018-07-14T14:00:00.0,14,5569.694367222136
2018-07-14T15:00:00.0,15,3928.243702789058
2018-07-14T16:00:00.0,16,2552.858697261688
2018-07-14T17:00:00.0,17,1785.3688055470157
2018-07-14T18:00:00.0,18,1870.2795016910957
2018-07-14T19:00:00.0,19,2377.0025007629833
2018-07-14T20:00:00.0,20,2928.4399093408315
2018-07-14T21:00:00.0,21,3569.632129437589
2018-07-14T22:00:00.0,22,4198.890010679141
2018-07-14T23:00:00.0,23,5118.656948681003
2018-07-15T00:00:00.0,0,5894.978749929177
2018-07-15T01:00:00.0,1,7878.179891585431
2018-07-15T02:00:00.0,2,11167.029953377874
2018-07-15T03:00:00.0,3,12662.543950904656
2018-07-15T04:00:00.0,4,12745.054168326717
2018-07-15T05:00:00.0,5,12457.611275519817
2018-07-15T06:00:00.0,6,12437.561834648763
2018-07-15T07:00:00.0,7,12326.553851241197
2018-07-15T08:00:00.0,8,12172.295634308435
2018-07-15T09:00:00.0,9,12208.653954202375
2018-07-15T10:00:00.0,10,11837.857451302609
2018-07-15T11:00:00.0,11,11378.705074723752
2018-07-15T12:00:00.0,12,10229.255469549404
2018-07-15T13:00:00.0,13,7832.465080376089
2018-07-15T14:00:00.0,14,6430.929037801849
2018-07-15T15:00:00.0,15,4722.038960037994
2018-07-15T16:00:00.0,16,3602.11448790229
2018-07-15T17:00:00.0,17,3074.7300406336944
2018-07-15T18:00:00.0,18,3004.8037123449053
2018-07-15T19:00:00.0,19,3227.8809647246376
2018-07-15T20:00:00.0,20,3901.0559131424193
2018-07-15T21:00:00.0,21,4454.83447843446
2018-07-15T22:00:00.0,22,4663.754765193059
2018-07-15T23:00:00.0,23,4994.634955184526
2018-07-16T00:00:00.0,0,5210.660930272005
2018-07-16T01:00:00.0,1,6984.357496532462
2018-07-16T02:00:00.0,2,9635.081377229353
2018-07-16T03:00:00.0,3,10989.390654227456
2018-07-16T04:00:00.0,4,12056.470468524421
2018-07-16T05:00:00.0,5,11147.396027772638
2018-07-16T06:00:00.0,6,10459.11599316517
2018-07-16T07:00:00.0,7,9914.23570937004
2018-07-16T08:00:00.0,8,9561.99176687665
2018-07-16T09:00:00.0,9,9218.512712255428
2018-07-16T10:00:00.0,10,8756.48108506781
2018-07-16T11:00:00.0,11,8573.494650711955
2018-07-16T12:00:00.0,12,7417.724473955404
2018-07-16T13:00:00.0,13,4786.636662779342
2018-07-16T14:00:00.0,14,3722.349321091029
2018-07-16T15:00:00.0,15,2604.5344413890543
2018-07-16T16:00:00.0,16,1738.4902243939425
2018-07-16T17:00:00.0,17,1540.1459919095516
2018-07-16T18:00:00.0,18,1942.7178571130391
2018-07-16T19:00:00.0,19,2429.247627938628
2018-07-16T20:00:00.0,20,2754.6922126850354
2018-07-16T21:00:00.0,21,3138.2258206806714
2018-07-16T22:00:00.0,22,3532.584303932765
2018-07-16T23:00:00.0,23,3879.71472812411
2018-07-17T00:00:00.0,0,4444.694194417248
2018-07-17T01:00:00.0,1,6321.268872854187
2018-07-17T02:00:00.0,2,9408.475222831785
2018-07-17T03:00:00.0,3,10940.5312805695
2018-07-17T04:00:00.0,4,11114.956435965447
2018-07-17T05:00:00.0,5,11361.311495768057
2018-07-17T06:00:00.0,6,11226.340608918706
2018-07-17T07:00:00.0,7,11028.922935517994
2018-07-17T08:00:00.0,8,11138.921142105244
2018-07-17T09:00:00.0,9,11003.082498639376
2018-07-17T10:00:00.0,10,10895.07451141858
2018-07-17T11:00:00.0,11,10568.32164695721
2018-07-17T12:00:00.0,12,9617.460038457044
2018-07-17T13:00:00.0,13,6514.746167149213
2018-07-17T14:00:00.0,14,4745.265086551419
2018-07-17T15:00:00.0,15,3325.987412252796
2018-07-17T16:00:00.0,16,1910.801335204109
2018-07-17T17:00:00.0,17,1059.0935059448336
2018-07-17T18:00:00.0,18,1094.8281884988423
2018-07-17T19:00:00.0,19,1419.052818931527
2018-07-17T20:00:00.0,20,1782.1765825690911
2018-07-17T21:00:00.0,21,1918.0422855087593
2018-07-17T22:00:00.0,22,2014.1495278217553
2018-07-17T23:00:00.0,23,2283.9949804020575
2018-07-18T00:00:00.0,0,2993.116708936826
2018-07-18T01:00:00.0,1,5156.778182803212
2018-07-18T02:00:00.0,2,8212.286560399647
2018-07-18T03:00:00.0,3,10503.445052361158
2018-07-18T04:00:00.0,4,11522.848265453162
2018-07-18T05:00:00.0,5,11988.758889865625
2018-07-18T06:00:00.0,6,12482.046122529186
2018-07-18T07:00:00.0,7,12419.954620392631
2018-07-18T08:00:00.0,8,12251.595382725203
2018-07-18T09:00:00.0,9,12121.795970342531
2018-07-18T10:00:00.0,10,11763.291315382683
2018-07-18T11:00:00.0,11,11302.98663042097
2018-07-18T12:00:00.0,12,10641.58055830858
2018-07-18T13:00:00.0,13,7589.921454283925
2018-07-18T14:00:00.0,14,5383.824206165665
2018-07-18T15:00:00.0,15,4005.4100700710023
2018-07-18T16:00:00.0,16,2620.0542120616424
2018-07-18T17:00:00.0,17,1601.6482202770203
2018-07-18T18:00:00.0,18,1134.540642086858
2018-07-18T19:00:00.0,19,1187.727800810296
2018-07-18T20:00:00.0,20,1282.5577963804133
2018-07-18T21:00:00.0,21,1347.3859075333305
2018-07-18T22:00:00.0,22,1638.6127126166327
2018-07-18T23:00:00.0,23,2096.1428985747993
2018-07-19T00:00:00.0,0,2958.125217447645
2018-07-19T01:00:00.0,1,5578.463878369558
2018-07-19T02:00:00.0,2,9532.992234243513
2018-07-19T03:00:00.0,3,13130.986146958143
2018-07-19T04:00:00.0,4,14558.972131274879
2018-07-19T05:00:00.0,5,14600.3329417149
2018-07-19T06:00:00.0,6,14533.906264668854
2018-07-19T07:00:00.0,7,14458.158281224967
2018-07-19T08:00:00.0,8,13797.40983166414
2018-07-19T09:00:00.0,9,13525.003506968698
2018-07-19T10:00:00.0,10,13267.433589672088
2018-07-19T11:00:00.0,11,12829.909170647292
2018-07-19T12:00:00.0,12,11890.249377373717
2018-07-19T13:00:00.0,13,9025.480614396125
2018-07-19T14:00:00.0,14,6733.231718212926
2018-07-19T15:00:00.0,15,4979.007762453096
2018-07-19T16:00:00.0,16,3510.603483687188
2018-07-19T17:00:00.0,17,2502.077295937718
2018-07-19T18:00:00.0,18,2083.5021244365153
2018-07-19T19:00:00.0,19,2099.1631708746645
2018-07-19T20:00:00.0,20,2252.4950933577206
2018-07-19T21:00:00.0,21,2366.908341039049
2018-07-19T22:00:00.0,22,2750.36339912454
2018-07-19T23:00:00.0,23,3396.493273714205
2018-07-20T00:00:00.0,0,4438.3868864342285
2018-07-20T01:00:00.0,1,8120.472936051589
2018-07-20T02:00:00.0,2,12083.376800882788
2018-07-20T03:00:00.0,3,14220.570909833717
2018-07-20T04:00:00.0,4,15220.199553046567
2018-07-20T05:00:00.0,5,15456.71765887682
2018-07-20T06:00:00.0,6,15239.528998673239
2018-07-20T07:00:00.0,7,15336.985386923987
2018-07-20T08:00:00.0,8,15296.20329456973
2018-07-20T09:00:00.0,9,15094.249800928927
2018-07-20T10:00:00.0,10,14678.65205846805
2018-07-20T11:00:00.0,11,14141.727754394446
2018-07-20T12:00:00.0,12,13173.705479130944
2018-07-20T13:00:00.0,13,9458.426448158689
2018-07-20T14:00:00.0,14,7066.261710353089
2018-07-20T15:00:00.0,15,5632.239826737027
2018-07-20T16:00:00.0,16,4381.833243562221
2018-07-20T17:00:00.0,17,3552.581270775959
2018-07-20T18:00:00.0,18,3153.0080544202206
2018-07-20T19:00:00.0,19,3052.30228211649
2018-07-20T20:00:00.0,20,3161.5425316778146
2018-07-20T21:00:00.0,21,3438.8384439388697
2018-07-20T22:00:00.0,22,4037.74246399487
2018-07-20T23:00:00.0,23,4623.573462934946
2018-07-21T00:00:00.0,0,5502.435907180017
2018-07-21T01:00:00.0,1,8488.49523559791
2018-07-21T02:00:00.0,2,12090.879338201448
2018-07-21T03:00:00.0,3,13919.759302027878
2018-07-21T04:00:00.0,4,14654.929575462185
2018-07-21T05:00:00.0,5,14079.291713383916
2018-07-21T06:00:00.0,6,13744.090959571358
2018-07-21T07:00:00.0,7,13693.76519118178
2018-07-21T08:00:00.0,8,13811.615670505389
2018-07-21T09:00:00.0,9,13516.16107143483
2018-07-21T10:00:00.0,10,12782.786728651148
2018-07-21T11:00:00.0,11,12092.1775832844
2018-07-21T12:00:00.0,12,10840.653391455478
2018-07-21T13:00:00.0,13,7175.721968326888
2018-07-21T14:00:00.0,14,4733.526808843902
2018-07-21T15:00:00.0,15,3469.9206936400315
2018-07-21T16:00:00.0,16,2372.888784083446
2018-07-21T17:00:00.0,17,1697.2953422483286
2018-07-21T18:00:00.0,18,1636.0147906986385
2018-07-21T19:00:00.0,19,1887.7299690894768
2018-07-21T20:00:00.0,20,2210.408852862167
2018-07-21T21:00:00.0,21,2542.1871219032155
2018-07-21T22:00:00.0,22,2843.912671528022
2018-07-21T23:00:00.0,23,3301.793897446294
2018-07-22T00:00:00.0,0,3967.472388092374
2018-07-22T01:00:00.0,1,6631.1835664528735
2018-07-22T02:00:00.0,2,10257.619685058002
2018-07-22T03:00:00.0,3,12250.561938160756
2018-07-22T04:00:00.0,4,12862.321750066762
2018-07-22T05:00:00.0,5,12419.866808347657
2018-07-22T06:00:00.0,6,12276.815098646815
2018-07-22T07:00:00.0,7,12430.968574174947
2018-07-22T08:00:00.0,8,12379.648613350299
2018-07-22T09:00:00.0,9,12317.752665221225
2018-07-22T10:00:00.0,10,11897.619427348867
2018-07-22T11:00:00.0,11,11369.718737200723
2018-07-22T12:00:00.0,12,10307.086208540493
2018-07-22T13:00:00.0,13,6868.0591291516985
2018-07-22T14:00:00.0,14,4374.179126610511
2018-07-22T15:00:00.0,15,3289.96254037245
2018-07-22T16:00:00.0,16,2222.5877429460515
2018-07-22T17:00:00.0,17,1340.3195720943347
2018-07-22T18:00:00.0,18,1119.1525609118507
2018-07-22T19:00:00.0,19,1221.7376823939614
2018-07-22T20:00:00.0,20,1427.8596479642463
2018-07-22T21:00:00.0,21,1626.7926261273087
2018-07-22T22:00:00.0,22,1710.558964248359
2018-07-22T23:00:00.0,23,2139.538612861113
2018-07-23T00:00:00.0,0,2840.799735598272
2018-07-23T01:00:00.0,1,5121.945326507596
2018-07-23T02:00:00.0,2,8223.921329508556
2018-07-23T03:00:00.0,3,9950.968584192471
2018-07-23T04:00:00.0,4,11339.358550418969
2018-07-23T05:00:00.0,5,11616.518456974785
2018-07-23T06:00:00.0,6,11760.519375953781
2018-07-23T07:00:00.0,7,11773.047984375104
2018-07-23T08:00:00.0,8,11388.728800030585
2018-07-23T09:00:00.0,9,11104.86336240395
2018-07-23T10:00:00.0,10,10241.72392781134
2018-07-23T11:00:00.0,11,8603.231818194678
2018-07-23T12:00:00.0,12,7226.569600834304
2018-07-23T13:00:00.0,13,4538.880526563331
2018-07-23T14:00:00.0,14,2848.3018946627158
2018-07-23T15:00:00.0,15,2112.5929619277817
2018-07-23T16:00:00.0,16,1871.7097903768483
2018-07-23T17:00:00.0,17,1904.5411759710103
2018-07-23T18:00:00.0,18,1921.1911268837146
2018-07-23T19:00:00.0,19,2182.308691072831
2018-07-23T20:00:00.0,20,2607.2740691113154
2018-07-23T21:00:00.0,21,3083.3774361828587
2018-07-23T22:00:00.0,22,3966.076828028005
2018-07-23T23:00:00.0,23,4491.17953897639
2018-07-24T00:00:00.0,0,5507.599377598451
2018-07-24T01:00:00.0,1,7632.149409595815
2018-07-24T02:00:00.0,2,10336.624743146773
2018-07-24T03:00:00.0,3,11277.046255309273
2018-07-24T04:00:00.0,4,11237.800583673265
2018-07-24T05:00:00.0,5,11241.123292814182
2018-07-24T06:00:00.0,6,10637.507821987363
2018-07-24T07:00:00.0,7,9538.186643306066
2018-07-24T08:00:00.0,8,8660.6602804169
2018-07-24T09:00:00.0,9,7265.444133484652
2018-07-24T10:00:00.0,10,5953.492898966135
2018-07-24T11:00:00.0,11,4781.567638688316
2018-07-24T12:00:00.0,12,3901.2149277946687
2018-07-24T13:00:00.0,13,2233.0600334409714
2018-07-24T14:00:00.0,14,1498.1654774244564
2018-07-24T15:00:00.0,15,1124.2455631767316
2018-07-24T16:00:00.0,16,961.9010017358888
2018-07-24T17:00:00.0,17,867.2877628986586
2018-07-24T18:00:00.0,18,887.560652955898
2018-07-24T19:00:00.0,19,1151.8397675697036
2018-07-24T20:00:00.0,20,1422.3110616775111
2018-07-24T21:00:00.0,21,1628.400482345082
2018-07-24T22:00:00.0,22,1783.0980485152888
2018-07-24T23:00:00.0,23,2111.6240378031184
2018-07-25T00:00:00.0,0,2563.922053786246
2018-07-25T01:00:00.0,1,3629.674810606819
2018-07-25T02:00:00.0,2,5041.963686310895
2018-07-25T03:00:00.0,3,5595.973065151717
2018-07-25T04:00:00.0,4,5791.920595611568
2018-07-25T05:00:00.0,5,5633.60218541899
2018-07-25T06:00:00.0,6,5388.910021465758
2018-07-25T07:00:00.0,7,4726.165844789315
2018-07-25T08:00:00.0,8,4183.94461910034
2018-07-25T09:00:00.0,9,3867.489717250244
2018-07-25T10:00:00.0,10,3777.6584611691246
2018-07-25T11:00:00.0,11,3638.3735536723048
2018-07-25T12:00:00.0,12,3384.3099631154296
2018-07-25T13:00:00.0,13,2241.6603562475134
2018-07-25T14:00:00.0,14,2098.6685928570755
2018-07-25T15:00:00.0,15,1881.072908265635
2018-07-25T16:00:00.0,16,1329.81185316548
2018-07-25T17:00:00.0,17,897.3900922916615
2018-07-25T18:00:00.0,18,786.615944636798
2018-07-25T19:00:00.0,19,897.6714280677803
2018-07-25T20:00:00.0,20,1144.001260513907
2018-07-25T21:00:00.0,21,1498.293390481176
2018-07-25T22:00:00.0,22,1934.3054390603781
2018-07-25T23:00:00.0,23,2629.7425665685905
2018-07-26T00:00:00.0,0,3413.3906408665425
2018-07-26T01:00:00.0,1,5825.126174321467
2018-07-26T02:00:00.0,2,8747.458021587834
2018-07-26T03:00:00.0,3,10501.140149120909
2018-07-26T04:00:00.0,4,11689.151742515853
2018-07-26T05:00:00.0,5,11561.919252382702
2018-07-26T06:00:00.0,6,10892.917537105071
2018-07-26T07:00:00.0,7,11280.262575025785
2018-07-26T08:00:00.0,8,10588.938837874452
2018-07-26T09:00:00.0,9,9293.372042027124
2018-07-26T10:00:00.0,10,8193.783664163293
2018-07-26T11:00:00.0,11,7540.641540244446
2018-07-26T12:00:00.0,12,6975.93627400579
2018-07-26T13:00:00.0,13,4377.063368437247
2018-07-26T14:00:00.0,14,2620.4629676948466
2018-07-26T15:00:00.0,15,1500.6447343396878
2018-07-26T16:00:00.0,16,869.9534090995667
2018-07-26T17:00:00.0,17,651.1918288404062
2018-07-26T18:00:00.0,18,628.8175762042838
2018-07-26T19:00:00.0,19,736.5022617304875
2018-07-26T20:00:00.0,20,918.7749699421018
2018-07-26T21:00:00.0,21,1319.0664408973882
2018-07-26T22:00:00.0,22,1621.4447317658326
2018-07-26T23:00:00.0,23,1984.7216706609006
2018-07-27T00:00:00.0,0,2311.372037831315
2018-07-27T01:00:00.0,1,3439.5393108040284
2018-07-27T02:00:00.0,2,4212.798289905498
2018-07-27T03:00:00.0,3,5036.068130826788
2018-07-27T04:00:00.0,4,5967.745395540983
2018-07-27T05:00:00.0,5,6199.237905521089
2018-07-27T06:00:00.0,6,6488.19271423707
2018-07-27T07:00:00.0,7,5994.558969082939
2018-07-27T08:00:00.0,8,4914.995103734814
2018-07-27T09:00:00.0,9,3977.786944111783
2018-07-27T10:00:00.0,10,3209.3007697099147
2018-07-27T11:00:00.0,11,2818.9166967950973
2018-07-27T12:00:00.0,12,2370.0836741397666
2018-07-27T13:00:00.0,13,1281.7203534510775
2018-07-27T14:00:00.0,14,677.399741168365
2018-07-27T15:00:00.0,15,438.14027681262723
2018-07-27T16:00:00.0,16,205.7014473836549
2018-07-27T17:00:00.0,17,221.83220085336532
2018-07-27T18:00:00.0,18,409.1445929186941
2018-07-27T19:00:00.0,19,646.3901332978973
2018-07-27T20:00:00.0,20,934.688507395666
2018-07-27T21:00:00.0,21,1332.3705894021828
2018-07-27T22:00:00.0,22,1939.2339013052767
2018-07-27T23:00:00.0,23,2464.492289177154
2018-07-28T00:00:00.0,0,2981.088180894274
2018-07-28T01:00:00.0,1,4121.407043596648
2018-07-28T02:00:00.0,2,6548.07794142321
2018-07-28T03:00:00.0,3,7960.650063406653
2018-07-28T04:00:00.0,4,8694.278994321476
2018-07-28T05:00:00.0,5,8932.917159736993
2018-07-28T06:00:00.0,6,9435.013395208118
2018-07-28T07:00:00.0,7,9223.49438340491
2018-07-28T08:00:00.0,8,8503.93760647974
2018-07-28T09:00:00.0,9,7971.41637473
2018-07-28T10:00:00.0,10,7694.105458963958
2018-07-28T11:00:00.0,11,7440.302751902612
2018-07-28T12:00:00.0,12,6825.292124460939
2018-07-28T13:00:00.0,13,4417.719878656257
2018-07-28T14:00:00.0,14,3140.7749299346087
2018-07-28T15:00:00.0,15,2749.791925823405
2018-07-28T16:00:00.0,16,2144.420732937063
2018-07-28T17:00:00.0,17,1538.1800348674967
2018-07-28T18:00:00.0,18,1173.8747014161765
2018-07-28T19:00:00.0,19,1212.7451493087913
2018-07-28T20:00:00.0,20,1444.833054445153
2018-07-28T21:00:00.0,21,1557.6688322469297
2018-07-28T22:00:00.0,22,1760.9638100741515
2018-07-28T23:00:00.0,23,2170.2801138795207
2018-07-29T00:00:00.0,0,2853.0410450573922
2018-07-29T01:00:00.0,1,5101.860192593218
2018-07-29T02:00:00.0,2,8120.421495534344
2018-07-29T03:00:00.0,3,10429.639641973552
2018-07-29T04:00:00.0,4,11978.860439107497
2018-07-29T05:00:00.0,5,13110.018279159667
2018-07-29T06:00:00.0,6,13242.498153110979
2018-07-29T07:00:00.0,7,12913.228251668408
2018-07-29T08:00:00.0,8,12856.848825549927
2018-07-29T09:00:00.0,9,12508.080744979321
2018-07-29T10:00:00.0,10,12167.011116396798
2018-07-29T11:00:00.0,11,11687.955424827467
2018-07-29T12:00:00.0,12,10784.592098016026
2018-07-29T13:00:00.0,13,7568.361929531601
2018-07-29T14:00:00.0,14,5259.17153375872
2018-07-29T15:00:00.0,15,3999.268101255659
2018-07-29T16:00:00.0,16,2642.4192584632315
2018-07-29T17:00:00.0,17,1502.0627341296147
2018-07-29T18:00:00.0,18,1077.6137268437412
2018-07-29T19:00:00.0,19,1120.4884812877376
2018-07-29T20:00:00.0,20,1325.1834383270914
2018-07-29T21:00:00.0,21,1538.8543508988994
2018-07-29T22:00:00.0,22,2073.4086042932076
2018-07-29T23:00:00.0,23,2754.401356532487
2018-07-30T00:00:00.0,0,3457.5772587251954
2018-07-30T01:00:00.0,1,5736.197239298973
2018-07-30T02:00:00.0,2,8531.634789704143
2018-07-30T03:00:00.0,3,10450.824526933042
2018-07-30T04:00:00.0,4,12378.030594436374
2018-07-30T05:00:00.0,5,13033.963584126663
2018-07-30T06:00:00.0,6,13400.523804842089
2018-07-30T07:00:00.0,7,13164.699620921421
2018-07-30T08:00:00.0,8,13430.5315711013
2018-07-30T09:00:00.0,9,12992.962298090833
2018-07-30T10:00:00.0,10,12285.040403678766
2018-07-30T11:00:00.0,11,10737.830489606959
2018-07-30T12:00:00.0,12,8619.773102900166
2018-07-30T13:00:00.0,13,5245.935477870309
2018-07-30T14:00:00.0,14,3100.8294207693234
2018-07-30T15:00:00.0,15,2049.5742404432754
2018-07-30T16:00:00.0,16,1402.9206288557536
2018-07-30T17:00:00.0,17,1175.4267426309555
2018-07-30T18:00:00.0,18,1165.2182562665641
2018-07-30T19:00:00.0,19,1521.9051954112565
2018-07-30T20:00:00.0,20,1812.1589834965823
2018-07-30T21:00:00.0,21,1944.9944104858666
2018-07-30T22:00:00.0,22,2916.7675823632794
2018-07-30T23:00:00.0,23,4203.231771054904
2018-07-31T00:00:00.0,0,5478.175281672793
2018-07-31T01:00:00.0,1,7293.0394637006475
2018-07-31T02:00:00.0,2,8982.798901157965
2018-07-31T03:00:00.0,3,9507.654803006817
2018-07-31T04:00:00.0,4,8805.298588220592
2018-07-31T05:00:00.0,5,7910.669780958072
2018-07-31T06:00:00.0,6,6783.889157598746
2018-07-31T07:00:00.0,7,5115.936361268115
2018-07-31T08:00:00.0,8,3481.9878050863167
2018-07-31T09:00:00.0,9,2895.794378416036
2018-07-31T10:00:00.0,10,2340.4783794294995
2018-07-31T11:00:00.0,11,2173.045037651329
2018-07-31T12:00:00.0,12,1857.48140666769
2018-07-31T13:00:00.0,13,1001.1169286268265
2018-07-31T14:00:00.0,14,714.490892312737
2018-07-31T15:00:00.0,15,433.3334283874169
2018-07-31T16:00:00.0,16,396.7790612686361
2018-07-31T17:00:00.0,17,518.1005037438989
2018-07-31T18:00:00.0,18,759.4842138370842
2018-07-31T19:00:00.0,19,1029.0678224249182
2018-07-31T20:00:00.0,20,1266.7334338755716
2018-07-31T21:00:00.0,21,1587.659208765609
2018-07-31T22:00:00.0,22,1894.9897372208895
2018-07-31T23:00:00.0,23,1848.5654328508483
2018-08-01T00:00:00.0,0,2237.703454502882
2018-08-01T01:00:00.0,1,3596.3372107966115
2018-08-01T02:00:00.0,2,5353.198754860075
2018-08-01T03:00:00.0,3,6553.993445217366
2018-08-01T04:00:00.0,4,6926.926274107347
2018-08-01T05:00:00.0,5,6942.489633769485
2018-08-01T06:00:00.0,6,6740.381888275652
2018-08-01T07:00:00.0,7,6189.780000151627
2018-08-01T08:00:00.0,8,5586.1746308946795
2018-08-01T09:00:00.0,9,5104.619981196742
2018-08-01T10:00:00.0,10,4438.077095941913
2018-08-01T11:00:00.0,11,3694.5852260777706
2018-08-01T12:00:00.0,12,3091.155665921433
2018-08-01T13:00:00.0,13,1951.3520361728679
2018-08-01T14:00:00.0,14,1599.413616394618
2018-08-01T15:00:00.0,15,1589.659375602625
2018-08-01T16:00:00.0,16,1267.245002101227
2018-08-01T17:00:00.0,17,909.9909841948324
2018-08-01T18:00:00.0,18,666.526536165516
2018-08-01T19:00:00.0,19,644.6645671753495
2018-08-01T20:00:00.0,20,808.439973020295
2018-08-01T21:00:00.0,21,853.1144845433379
2018-08-01T22:00:00.0,22,922.6762204038882
2018-08-01T23:00:00.0,23,1413.860494195513
2018-08-02T00:00:00.0,0,2738.890826270397
2018-08-02T01:00:00.0,1,5949.600611158873
2018-08-02T02:00:00.0,2,9761.552686095996
2018-08-02T03:00:00.0,3,11542.190377115368
2018-08-02T04:00:00.0,4,11958.666899687776
2018-08-02T05:00:00.0,5,12046.135868672347
2018-08-02T06:00:00.0,6,11878.560136930064
2018-08-02T07:00:00.0,7,10997.05064345707
2018-08-02T08:00:00.0,8,10418.776571633245
2018-08-02T09:00:00.0,9,9664.487618210855
2018-08-02T10:00:00.0,10,9055.06495988538
2018-08-02T11:00:00.0,11,7261.905520935055
2018-08-02T12:00:00.0,12,5083.705638321527
2018-08-02T13:00:00.0,13,2785.0622965544694
2018-08-02T14:00:00.0,14,1803.2812818723096
2018-08-02T15:00:00.0,15,1585.286631377312
2018-08-02T16:00:00.0,16,1248.9672387542664
2018-08-02T17:00:00.0,17,1156.7794228477358
2018-08-02T18:00:00.0,18,1353.1466820217167
2018-08-02T19:00:00.0,19,1433.8543487445593
2018-08-02T20:00:00.0,20,1601.0497951171865
2018-08-02T21:00:00.0,21,1866.4139951834643
2018-08-02T22:00:00.0,22,2432.384135916822
2018-08-02T23:00:00.0,23,3274.353147266405
2018-08-03T00:00:00.0,0,4714.7194500910055
2018-08-03T01:00:00.0,1,8012.81543334825
2018-08-03T02:00:00.0,2,11242.614030920216
2018-08-03T03:00:00.0,3,13029.06826417492
2018-08-03T04:00:00.0,4,13192.273002133361
2018-08-03T05:00:00.0,5,13439.6710548267
2018-08-03T06:00:00.0,6,13279.47673085321
2018-08-03T07:00:00.0,7,12625.154917484122
2018-08-03T08:00:00.0,8,11633.419808974426
2018-08-03T09:00:00.0,9,11019.910221329446
2018-08-03T10:00:00.0,10,10407.960376847726
2018-08-03T11:00:00.0,11,10163.36538681426
2018-08-03T12:00:00.0,12,9705.53700108035
2018-08-03T13:00:00.0,13,7954.748042409396
2018-08-03T14:00:00.0,14,7396.142264741283
2018-08-03T15:00:00.0,15,6898.733358087738
2018-08-03T16:00:00.0,16,6717.612879619752
2018-08-03T17:00:00.0,17,6669.953761176291
2018-08-03T18:00:00.0,18,6784.7871740167075
2018-08-03T19:00:00.0,19,7030.400952527302
2018-08-03T20:00:00.0,20,7313.712196662781
2018-08-03T21:00:00.0,21,8195.079330917866
2018-08-03T22:00:00.0,22,9389.439016145236
2018-08-03T23:00:00.0,23,10702.283888080037
2018-08-04T00:00:00.0,0,11685.64439268248
2018-08-04T01:00:00.0,1,13119.713633123989
2018-08-04T02:00:00.0,2,14824.496205142712
2018-08-04T03:00:00.0,3,15005.091062335589
2018-08-04T04:00:00.0,4,14974.890475117367
2018-08-04T05:00:00.0,5,14342.351952289731
2018-08-04T06:00:00.0,6,13854.64664384381
2018-08-04T07:00:00.0,7,13297.54197521106
2018-08-04T08:00:00.0,8,12476.632749822942
2018-08-04T09:00:00.0,9,11651.358827883456
2018-08-04T10:00:00.0,10,11285.270595998094
2018-08-04T11:00:00.0,11,10733.433113939953
2018-08-04T12:00:00.0,12,10070.267665682131
2018-08-04T13:00:00.0,13,8521.966758741104
2018-08-04T14:00:00.0,14,7345.963313562698
2018-08-04T15:00:00.0,15,6466.351147089249
2018-08-04T16:00:00.0,16,5257.564759870583
2018-08-04T17:00:00.0,17,4444.294770113527
2018-08-04T18:00:00.0,18,4681.012154406667
2018-08-04T19:00:00.0,19,5300.427556231788
2018-08-04T20:00:00.0,20,6083.547020315497
2018-08-04T21:00:00.0,21,7023.297080585145
2018-08-04T22:00:00.0,22,7737.530418664212
2018-08-04T23:00:00.0,23,8780.72934975499
2018-08-05T00:00:00.0,0,10017.536849147398
2018-08-05T01:00:00.0,1,11955.194998490153
2018-08-05T02:00:00.0,2,13967.084734767546
2018-08-05T03:00:00.0,3,14450.796152998257
2018-08-05T04:00:00.0,4,14134.610909203757
2018-08-05T05:00:00.0,5,13761.691919236779
2018-08-05T06:00:00.0,6,13285.465021878148
2018-08-05T07:00:00.0,7,13156.240051549374
2018-08-05T08:00:00.0,8,13254.313197325913
2018-08-05T09:00:00.0,9,12546.93616767971
2018-08-05T10:00:00.0,10,11757.971366120151
2018-08-05T11:00:00.0,11,11278.716595012918
2018-08-05T12:00:00.0,12,10523.187711190682
2018-08-05T13:00:00.0,13,8372.978974653892
2018-08-05T14:00:00.0,14,7236.263222275896
2018-08-05T15:00:00.0,15,6766.102921040175
2018-08-05T16:00:00.0,16,6312.986805912933
2018-08-05T17:00:00.0,17,6247.429614477362
2018-08-05T18:00:00.0,18,6606.282633665608
2018-08-05T19:00:00.0,19,6966.541741344977
2018-08-05T20:00:00.0,20,7251.716149967096
2018-08-05T21:00:00.0,21,7554.418188160715
2018-08-05T22:00:00.0,22,7855.734401554962
2018-08-05T23:00:00.0,23,8301.034601042693
2018-08-06T00:00:00.0,0,8722.539201389453
2018-08-06T01:00:00.0,1,10078.929096839967
2018-08-06T02:00:00.0,2,11903.81976308162
2018-08-06T03:00:00.0,3,12436.450828728475
2018-08-06T04:00:00.0,4,12731.441428912964
2018-08-06T05:00:00.0,5,13194.20254943059
2018-08-06T06:00:00.0,6,13123.898260085953
2018-08-06T07:00:00.0,7,12786.610785571313
2018-08-06T08:00:00.0,8,12403.42365592121
2018-08-06T09:00:00.0,9,11845.77778649779
2018-08-06T10:00:00.0,10,11153.765100880302
2018-08-06T11:00:00.0,11,10032.82386727025
2018-08-06T12:00:00.0,12,8803.071201096494
2018-08-06T13:00:00.0,13,6585.76694941457
2018-08-06T14:00:00.0,14,6429.835067578245
2018-08-06T15:00:00.0,15,5469.511412863226
2018-08-06T16:00:00.0,16,4846.106228076147
2018-08-06T17:00:00.0,17,4504.399689743706
2018-08-06T18:00:00.0,18,4462.713871493968
2018-08-06T19:00:00.0,19,4534.360843703325
2018-08-06T20:00:00.0,20,4879.570884343994
2018-08-06T21:00:00.0,21,5161.787771377517
2018-08-06T22:00:00.0,22,5780.1485052495045
2018-08-06T23:00:00.0,23,6286.462587128245
2018-08-07T00:00:00.0,0,7100.6528308632705
2018-08-07T01:00:00.0,1,8266.078925212212
2018-08-07T02:00:00.0,2,10446.207050740668
2018-08-07T03:00:00.0,3,11339.089155348456
2018-08-07T04:00:00.0,4,11369.545859062615
2018-08-07T05:00:00.0,5,11024.035542950922
2018-08-07T06:00:00.0,6,10678.476550374695
2018-08-07T07:00:00.0,7,10003.847774978443
2018-08-07T08:00:00.0,8,9571.156039212137
2018-08-07T09:00:00.0,9,9059.552791695503
2018-08-07T10:00:00.0,10,8213.969479217678
2018-08-07T11:00:00.0,11,6954.099074588991
2018-08-07T12:00:00.0,12,5579.289552320872
2018-08-07T13:00:00.0,13,3250.804388929361
2018-08-07T14:00:00.0,14,2329.471655142426
2018-08-07T15:00:00.0,15,1949.9097331381809
2018-08-07T16:00:00.0,16,1697.085005284105
2018-08-07T17:00:00.0,17,1798.5090394252773
2018-08-07T18:00:00.0,18,2060.791076752681
2018-08-07T19:00:00.0,19,2287.9308412062105
2018-08-07T20:00:00.0,20,2661.9262702606698
2018-08-07T21:00:00.0,21,2866.3044643395438
2018-08-07T22:00:00.0,22,3348.1628573176317
2018-08-07T23:00:00.0,23,3674.860991840824
2018-08-08T00:00:00.0,0,4447.861172348473
2018-08-08T01:00:00.0,1,7078.221130290386
2018-08-08T02:00:00.0,2,10016.813616212896
2018-08-08T03:00:00.0,3,11716.581074686326
2018-08-08T04:00:00.0,4,11871.795868125895
2018-08-08T05:00:00.0,5,11656.315084562018
2018-08-08T06:00:00.0,6,11352.330000477772
2018-08-08T07:00:00.0,7,10482.701751071565
2018-08-08T08:00:00.0,8,10177.281819310903
2018-08-08T09:00:00.0,9,10392.183128696446
2018-08-08T10:00:00.0,10,10627.909484749202
2018-08-08T11:00:00.0,11,10857.076444661123
2018-08-08T12:00:00.0,12,9318.643295702412
2018-08-08T13:00:00.0,13,6275.838009818058
2018-08-08T14:00:00.0,14,4920.607690299821
2018-08-08T15:00:00.0,15,3351.01258526221
2018-08-08T16:00:00.0,16,2634.215757908476
2018-08-08T17:00:00.0,17,2051.1819950971835
2018-08-08T18:00:00.0,18,1800.1149373932776
2018-08-08T19:00:00.0,19,1690.645091235261
2018-08-08T20:00:00.0,20,2058.4329256712695
2018-08-08T21:00:00.0,21,2420.836312828969
2018-08-08T22:00:00.0,22,3157.8865210078134
2018-08-08T23:00:00.0,23,3083.733525470936
2018-08-09T00:00:00.0,0,4187.177852172193
2018-08-09T01:00:00.0,1,6069.356243864139
2018-08-09T02:00:00.0,2,8578.989945966501
2018-08-09T03:00:00.0,3,8941.43319339473
2018-08-09T04:00:00.0,4,8429.96658048403
2018-08-09T05:00:00.0,5,8319.003213337493
2018-08-09T06:00:00.0,6,8035.950361848103
2018-08-09T07:00:00.0,7,7203.713512882842
2018-08-09T08:00:00.0,8,7076.517568002069
2018-08-09T09:00:00.0,9,7255.625207439572
2018-08-09T10:00:00.0,10,7384.60217012892
2018-08-09T11:00:00.0,11,6695.401110136441
2018-08-09T12:00:00.0,12,5960.339858709328
2018-08-09T13:00:00.0,13,3721.5491311829123
2018-08-09T14:00:00.0,14,2007.531389332156
2018-08-09T15:00:00.0,15,1419.3239360517673
2018-08-09T16:00:00.0,16,718.9942388755749
2018-08-09T17:00:00.0,17,484.52013844329184
2018-08-09T18:00:00.0,18,566.0025133366324
2018-08-09T19:00:00.0,19,788.6847324096308
2018-08-09T20:00:00.0,20,1234.1676708275754
2018-08-09T21:00:00.0,21,1861.7775039290007
2018-08-09T22:00:00.0,22,2996.0199705922932
2018-08-09T23:00:00.0,23,3249.620616015895
2018-08-10T00:00:00.0,0,5276.180492502261
2018-08-10T01:00:00.0,1,6201.169276022686
2018-08-10T02:00:00.0,2,6615.406447126504
2018-08-10T03:00:00.0,3,6182.309262138725
2018-08-10T04:00:00.0,4,5320.717513250983
2018-08-10T05:00:00.0,5,4613.16254466202
2018-08-10T06:00:00.0,6,4827.213114779064
2018-08-10T07:00:00.0,7,4465.366958134938
2018-08-10T08:00:00.0,8,4037.365278338741
2018-08-10T09:00:00.0,9,3817.571852479728
2018-08-10T10:00:00.0,10,3292.3796911096524
2018-08-10T11:00:00.0,11,2646.6065232118603
2018-08-10T12:00:00.0,12,2369.060280792836
2018-08-10T13:00:00.0,13,1700.7583113874082
2018-08-10T14:00:00.0,14,1270.0957222332884
2018-08-10T15:00:00.0,15,1114.1687806272687
2018-08-10T16:00:00.0,16,936.5909456401045
2018-08-10T17:00:00.0,17,878.9750949040537
2018-08-10T18:00:00.0,18,1786.3732801566646
2018-08-10T19:00:00.0,19,2813.6866835841506
2018-08-10T20:00:00.0,20,3718.933495541227
2018-08-10T21:00:00.0,21,4516.391469280242
2018-08-10T22:00:00.0,22,4821.226430024391
2018-08-10T23:00:00.0,23,5969.987627877105
2018-08-11T00:00:00.0,0,6096.353145044611
2018-08-11T01:00:00.0,1,5543.935574974904
2018-08-11T02:00:00.0,2,4421.433591067993
2018-08-11T03:00:00.0,3,3050.901174226768
2018-08-11T04:00:00.0,4,2661.6327059421856
2018-08-11T05:00:00.0,5,2453.246231604017
2018-08-11T06:00:00.0,6,1799.5994743813583
2018-08-11T07:00:00.0,7,1496.9237696169403
2018-08-11T08:00:00.0,8,1307.241646613452
2018-08-11T09:00:00.0,9,1249.5830200952
2018-08-11T10:00:00.0,10,1213.0637638789244
2018-08-11T11:00:00.0,11,1281.7357335298118
2018-08-11T12:00:00.0,12,1135.9556524374418
2018-08-11T13:00:00.0,13,687.8087194915228
2018-08-11T14:00:00.0,14,580.8493748494124
2018-08-11T15:00:00.0,15,523.2313260876564
2018-08-11T16:00:00.0,16,583.0419085095483
2018-08-11T17:00:00.0,17,731.8382499366327
2018-08-11T18:00:00.0,18,877.2673364421112
2018-08-11T19:00:00.0,19,1089.4417621586692
2018-08-11T20:00:00.0,20,1368.933158889284
2018-08-11T21:00:00.0,21,1660.0649414723748
2018-08-11T22:00:00.0,22,2291.8773411028997
2018-08-11T23:00:00.0,23,2908.4855611082894
2018-08-12T00:00:00.0,0,2662.4035856534488
2018-08-12T01:00:00.0,1,2925.671642038226
2018-08-12T02:00:00.0,2,3047.401628933836
2018-08-12T03:00:00.0,3,3493.8511533800556
2018-08-12T04:00:00.0,4,2747.734744577803
2018-08-12T05:00:00.0,5,2343.8811143323774
2018-08-12T06:00:00.0,6,2274.2388989731394
2018-08-12T07:00:00.0,7,2278.22445170749
2018-08-12T08:00:00.0,8,2236.0341032226183
2018-08-12T09:00:00.0,9,2283.5135381197833
2018-08-12T10:00:00.0,10,2309.973053343206
2018-08-12T11:00:00.0,11,2179.779130392499
2018-08-12T12:00:00.0,12,1898.7047613756038
2018-08-12T13:00:00.0,13,1337.6250435743716
2018-08-12T14:00:00.0,14,1605.7993338330753
2018-08-12T15:00:00.0,15,1786.548698504298
2018-08-12T16:00:00.0,16,1841.456293440148
2018-08-12T17:00:00.0,17,1877.1659039032945
2018-08-12T18:00:00.0,18,2012.1763145789728
2018-08-12T19:00:00.0,19,2316.4674708678285
2018-08-12T20:00:00.0,20,2632.4213254931424
2018-08-12T21:00:00.0,21,3112.4091125329946
2018-08-12T22:00:00.0,22,3350.569303749937
2018-08-12T23:00:00.0,23,3586.036002199264
2018-08-13T00:00:00.0,0,3930.858984549382
2018-08-13T01:00:00.0,1,4914.963944572396
2018-08-13T02:00:00.0,2,5614.797615872588
2018-08-13T03:00:00.0,3,5858.003228694283
2018-08-13T04:00:00.0,4,6021.537681714595
2018-08-13T05:00:00.0,5,5798.940521277259
2018-08-13T06:00:00.0,6,4969.955502094473
2018-08-13T07:00:00.0,7,4393.696279283554
2018-08-13T08:00:00.0,8,4467.52414511734
2018-08-13T09:00:00.0,9,4628.504581580853
2018-08-13T10:00:00.0,10,4457.952568433631
2018-08-13T11:00:00.0,11,4552.753026664116
2018-08-13T12:00:00.0,12,3889.0815960156674
2018-08-13T13:00:00.0,13,4376.203427741336
2018-08-13T14:00:00.0,14,4520.9157011575335
2018-08-13T15:00:00.0,15,4131.864000778156
2018-08-13T16:00:00.0,16,3479.9766434512826
2018-08-13T17:00:00.0,17,3322.8572669575333
2018-08-13T18:00:00.0,18,3589.1581302194413
2018-08-13T19:00:00.0,19,4098.085361551153
2018-08-13T20:00:00.0,20,4517.902644377337
2018-08-13T21:00:00.0,21,5448.128098709764
2018-08-13T22:00:00.0,22,6609.42780947618
2018-08-13T23:00:00.0,23,7370.783539240588
2018-08-14T00:00:00.0,0,8420.264404488851
2018-08-14T01:00:00.0,1,9847.125987244794
2018-08-14T02:00:00.0,2,10962.920138323329
2018-08-14T03:00:00.0,3,11116.334018357576
2018-08-14T04:00:00.0,4,11219.77655858919
2018-08-14T05:00:00.0,5,10998.314521392762
2018-08-14T06:00:00.0,6,10915.025294670413
2018-08-14T07:00:00.0,7,11335.363525105015
2018-08-14T08:00:00.0,8,11999.872308188214
2018-08-14T09:00:00.0,9,12458.114085765485
2018-08-14T10:00:00.0,10,11778.763176260414
2018-08-14T11:00:00.0,11,11634.032755901033
2018-08-14T12:00:00.0,12,11295.748554160231
2018-08-14T13:00:00.0,13,9596.953265188587
2018-08-14T14:00:00.0,14,8963.74516597134
2018-08-14T15:00:00.0,15,7839.3808538127705
2018-08-14T16:00:00.0,16,6503.84587864441
2018-08-14T17:00:00.0,17,5474.397658646914
2018-08-14T18:00:00.0,18,4934.177749086571
2018-08-14T19:00:00.0,19,4828.884655746659
2018-08-14T20:00:00.0,20,5015.0292214134715
2018-08-14T21:00:00.0,21,5393.655314791314
2018-08-14T22:00:00.0,22,6084.598338277837
2018-08-14T23:00:00.0,23,7360.153293194048
2018-08-15T00:00:00.0,0,9249.783846307904
2018-08-15T01:00:00.0,1,12356.773495343805
2018-08-15T02:00:00.0,2,14494.358755155452
2018-08-15T03:00:00.0,3,14894.298223775164
2018-08-15T04:00:00.0,4,14681.81003556736
2018-08-15T05:00:00.0,5,13739.47155839074
2018-08-15T06:00:00.0,6,13371.498060988271
2018-08-15T07:00:00.0,7,13019.397668827323
2018-08-15T08:00:00.0,8,12206.441845052277
2018-08-15T09:00:00.0,9,11612.300987127106
2018-08-15T10:00:00.0,10,11036.14476324762
2018-08-15T11:00:00.0,11,10586.444627196119
2018-08-15T12:00:00.0,12,9832.537253733168
2018-08-15T13:00:00.0,13,7858.703932840976
2018-08-15T14:00:00.0,14,6634.877012896021
2018-08-15T15:00:00.0,15,4953.958745052947
2018-08-15T16:00:00.0,16,3668.855406493836
2018-08-15T17:00:00.0,17,3041.887637903999
2018-08-15T18:00:00.0,18,2878.9035493608158
2018-08-15T19:00:00.0,19,2992.722744496195
2018-08-15T20:00:00.0,20,3216.3041406519255
2018-08-15T21:00:00.0,21,3709.6449451037784
2018-08-15T22:00:00.0,22,4542.481757828667
2018-08-15T23:00:00.0,23,5644.292960710193
2018-08-16T00:00:00.0,0,7571.996946273052
2018-08-16T01:00:00.0,1,10876.438577394862
2018-08-16T02:00:00.0,2,13632.552718265977
2018-08-16T03:00:00.0,3,14635.327674021826
2018-08-16T04:00:00.0,4,13975.172787907017
2018-08-16T05:00:00.0,5,13695.556732772027
2018-08-16T06:00:00.0,6,12529.380316144496
2018-08-16T07:00:00.0,7,10887.622994157544
2018-08-16T08:00:00.0,8,10328.795462941443
2018-08-16T09:00:00.0,9,9872.129715387362
2018-08-16T10:00:00.0,10,9668.68291148582
2018-08-16T11:00:00.0,11,9433.665280178395
2018-08-16T12:00:00.0,12,8948.554997438354
2018-08-16T13:00:00.0,13,6973.806662991388
2018-08-16T14:00:00.0,14,5891.350771693967
2018-08-16T15:00:00.0,15,4833.4558094710055
2018-08-16T16:00:00.0,16,4056.3726661809433
2018-08-16T17:00:00.0,17,3547.9016170531954
2018-08-16T18:00:00.0,18,3620.859623094447
2018-08-16T19:00:00.0,19,3841.005228768017
2018-08-16T20:00:00.0,20,3988.286240893424
2018-08-16T21:00:00.0,21,4094.689512924751
2018-08-16T22:00:00.0,22,4413.200828450693
2018-08-16T23:00:00.0,23,4762.032528050488
2018-08-17T00:00:00.0,0,6056.058249486181
2018-08-17T01:00:00.0,1,8734.077499260322
2018-08-17T02:00:00.0,2,11068.886546010684
2018-08-17T03:00:00.0,3,11817.475769847182
2018-08-17T04:00:00.0,4,11799.576777242293
2018-08-17T05:00:00.0,5,11747.690421045261
2018-08-17T06:00:00.0,6,11175.310343361738
2018-08-17T07:00:00.0,7,10505.898218923669
2018-08-17T08:00:00.0,8,9910.186895551817
2018-08-17T09:00:00.0,9,10043.252419875207
2018-08-17T10:00:00.0,10,10118.041296719162
2018-08-17T11:00:00.0,11,9743.295055818018
2018-08-17T12:00:00.0,12,8627.224615858777
2018-08-17T13:00:00.0,13,6199.6673821331815
2018-08-17T14:00:00.0,14,4592.470480107912
2018-08-17T15:00:00.0,15,3258.2728865846325
2018-08-17T16:00:00.0,16,2177.5848469662033
2018-08-17T17:00:00.0,17,1689.084915971561
2018-08-17T18:00:00.0,18,1375.6321002490388
2018-08-17T19:00:00.0,19,1412.4896974021747
2018-08-17T20:00:00.0,20,1667.6333034092158
2018-08-17T21:00:00.0,21,2026.818100792492
2018-08-17T22:00:00.0,22,2680.6725549165153
2018-08-17T23:00:00.0,23,4078.6648921930596
2018-08-18T00:00:00.0,0,5436.557900960305
2018-08-18T01:00:00.0,1,7364.523427221918
2018-08-18T02:00:00.0,2,7391.168119163718
2018-08-18T03:00:00.0,3,7621.538583115401
2018-08-18T04:00:00.0,4,7389.648761355671
2018-08-18T05:00:00.0,5,7402.789050679091
2018-08-18T06:00:00.0,6,7362.891733942905
2018-08-18T07:00:00.0,7,7168.149067996449
2018-08-18T08:00:00.0,8,6831.557054656875
2018-08-18T09:00:00.0,9,6895.932517167574
2018-08-18T10:00:00.0,10,6397.659585203637
2018-08-18T11:00:00.0,11,6013.655571445423
2018-08-18T12:00:00.0,12,5392.5866227570405
2018-08-18T13:00:00.0,13,3800.4139401282887
2018-08-18T14:00:00.0,14,2610.1688750668422
2018-08-18T15:00:00.0,15,2035.9426344454666
2018-08-18T16:00:00.0,16,1423.163708552416
2018-08-18T17:00:00.0,17,1078.7238101369423
2018-08-18T18:00:00.0,18,1168.6393511167157
2018-08-18T19:00:00.0,19,1550.8510590042406
2018-08-18T20:00:00.0,20,1978.0321347006118
2018-08-18T21:00:00.0,21,2384.079577261195
2018-08-18T22:00:00.0,22,2791.0964134983346
2018-08-18T23:00:00.0,23,3482.595870306117
2018-08-19T00:00:00.0,0,5040.723991376882
2018-08-19T01:00:00.0,1,8508.135191581341
2018-08-19T02:00:00.0,2,11432.405149807164
2018-08-19T03:00:00.0,3,12490.56281729986
2018-08-19T04:00:00.0,4,12413.152349555969
2018-08-19T05:00:00.0,5,12286.234038198125
2018-08-19T06:00:00.0,6,11649.021391465621
2018-08-19T07:00:00.0,7,11225.580952681099
2018-08-19T08:00:00.0,8,10899.013016292723
2018-08-19T09:00:00.0,9,10583.507631677896
2018-08-19T10:00:00.0,10,10310.409504794805
2018-08-19T11:00:00.0,11,10194.864756093992
2018-08-19T12:00:00.0,12,9551.013788831026
2018-08-19T13:00:00.0,13,7263.017894981847
2018-08-19T14:00:00.0,14,5590.688747057878
2018-08-19T15:00:00.0,15,4473.537959545735
2018-08-19T16:00:00.0,16,3262.6612308308763
2018-08-19T17:00:00.0,17,2408.6362859018136
2018-08-19T18:00:00.0,18,1883.6353232069125
2018-08-19T19:00:00.0,19,1858.174594799243
2018-08-19T20:00:00.0,20,2035.699894362441
2018-08-19T21:00:00.0,21,2443.5886369776285
2018-08-19T22:00:00.0,22,2980.08321054607
2018-08-19T23:00:00.0,23,3936.7457568052523
2018-08-20T00:00:00.0,0,4863.386700859
2018-08-20T01:00:00.0,1,7050.162970617507
2018-08-20T02:00:00.0,2,8076.3335595958815
2018-08-20T03:00:00.0,3,7528.741091307991
2018-08-20T04:00:00.0,4,7634.756661500614
2018-08-20T05:00:00.0,5,7703.25373235286
2018-08-20T06:00:00.0,6,7314.404956866195
2018-08-20T07:00:00.0,7,7667.4278708095235
2018-08-20T08:00:00.0,8,7817.4037137235655
2018-08-20T09:00:00.0,9,7554.3799825176475
2018-08-20T10:00:00.0,10,8033.89634421963
2018-08-20T11:00:00.0,11,7030.95726444206
2018-08-20T12:00:00.0,12,5880.765433703244
2018-08-20T13:00:00.0,13,5039.513227707886
2018-08-20T14:00:00.0,14,4886.094457019901
2018-08-20T15:00:00.0,15,4308.759959582657
2018-08-20T16:00:00.0,16,2998.2068540300897
2018-08-20T17:00:00.0,17,1997.919899458445
2018-08-20T18:00:00.0,18,1427.393580697808
2018-08-20T19:00:00.0,19,1308.1454135393192
2018-08-20T20:00:00.0,20,1376.933427747639
2018-08-20T21:00:00.0,21,1462.6492354999893
2018-08-20T22:00:00.0,22,1533.4788506482516
2018-08-20T23:00:00.0,23,1773.3938951963034
2018-08-21T00:00:00.0,0,2218.7053737599786
2018-08-21T01:00:00.0,1,3136.5646726200753
2018-08-21T02:00:00.0,2,4084.886666421998
2018-08-21T03:00:00.0,3,4398.285381775641
2018-08-21T04:00:00.0,4,4680.947454689141
2018-08-21T05:00:00.0,5,4954.418640951765
2018-08-21T06:00:00.0,6,5266.042366320481
2018-08-21T07:00:00.0,7,5080.033892232135
2018-08-21T08:00:00.0,8,4936.239750068905
2018-08-21T09:00:00.0,9,5083.46514556927
2018-08-21T10:00:00.0,10,4851.972524114305
2018-08-21T11:00:00.0,11,4573.27744613788
2018-08-21T12:00:00.0,12,4415.727511713799
2018-08-21T13:00:00.0,13,3011.2840601653274
2018-08-21T14:00:00.0,14,2229.715533671289
2018-08-21T15:00:00.0,15,2139.4526750318246
2018-08-21T16:00:00.0,16,1971.572959442834
2018-08-21T17:00:00.0,17,1771.7808936867132
2018-08-21T18:00:00.0,18,1672.171310653687
2018-08-21T19:00:00.0,19,1748.3462378973325
2018-08-21T20:00:00.0,20,1901.4355056125598
2018-08-21T21:00:00.0,21,2002.2060707221344
2018-08-21T22:00:00.0,22,2362.763121967553
2018-08-21T23:00:00.0,23,3344.197138087345
2018-08-22T00:00:00.0,0,4738.227877377293
2018-08-22T01:00:00.0,1,7341.778911951057
2018-08-22T02:00:00.0,2,10089.341569954353
2018-08-22T03:00:00.0,3,11581.978039954287
2018-08-22T04:00:00.0,4,12085.2611710306
2018-08-22T05:00:00.0,5,11858.73951975826
2018-08-22T06:00:00.0,6,11292.141601528858
2018-08-22T07:00:00.0,7,10203.935096352738
2018-08-22T08:00:00.0,8,8918.388754926853
2018-08-22T09:00:00.0,9,7802.119903874511
2018-08-22T10:00:00.0,10,6732.11046225356
2018-08-22T11:00:00.0,11,6201.688717833757
2018-08-22T12:00:00.0,12,5890.25373602398
2018-08-22T13:00:00.0,13,3903.775522963691
2018-08-22T14:00:00.0,14,2528.168923545512
2018-08-22T15:00:00.0,15,2230.181332770673
2018-08-22T16:00:00.0,16,2174.0781127264695
2018-08-22T17:00:00.0,17,2090.965233822021
2018-08-22T18:00:00.0,18,2023.1082998932413
2018-08-22T19:00:00.0,19,2191.6504493268035
2018-08-22T20:00:00.0,20,2433.8122896887216
2018-08-22T21:00:00.0,21,2808.0099560924755
2018-08-22T22:00:00.0,22,3398.553677814855
2018-08-22T23:00:00.0,23,4368.1827194192365
2018-08-23T00:00:00.0,0,5831.449252753937
2018-08-23T01:00:00.0,1,8879.494880573267
2018-08-23T02:00:00.0,2,10753.562497607747
2018-08-23T03:00:00.0,3,12061.26304355222
2018-08-23T04:00:00.0,4,13242.008046610894
2018-08-23T05:00:00.0,5,13292.918810422334
2018-08-23T06:00:00.0,6,12824.166656254369
2018-08-23T07:00:00.0,7,12718.99142331461
2018-08-23T08:00:00.0,8,11847.036856267974
2018-08-23T09:00:00.0,9,11453.616842068857
2018-08-23T10:00:00.0,10,11171.30162770347
2018-08-23T11:00:00.0,11,10885.128280866824
2018-08-23T12:00:00.0,12,10787.219915362277
2018-08-23T13:00:00.0,13,9101.292037833113
2018-08-23T14:00:00.0,14,7656.561757684677
2018-08-23T15:00:00.0,15,8013.898681619882
2018-08-23T16:00:00.0,16,8663.037580565842
2018-08-23T17:00:00.0,17,7768.806328205682
2018-08-23T18:00:00.0,18,6282.877083831022
2018-08-23T19:00:00.0,19,5348.783914248611
2018-08-23T20:00:00.0,20,4765.093738055223
2018-08-23T21:00:00.0,21,4693.856109700596
2018-08-23T22:00:00.0,22,4872.645567668188
2018-08-23T23:00:00.0,23,5443.1783123162395
2018-08-24T00:00:00.0,0,7179.20178143651
2018-08-24T01:00:00.0,1,11164.448481154666
2018-08-24T02:00:00.0,2,13826.98806326835
2018-08-24T03:00:00.0,3,15070.730926619775
2018-08-24T04:00:00.0,4,15657.907557648861
2018-08-24T05:00:00.0,5,15983.193002317188
2018-08-24T06:00:00.0,6,15988.18585605544
2018-08-24T07:00:00.0,7,16042.668745935176
2018-08-24T08:00:00.0,8,15904.586800301511
2018-08-24T09:00:00.0,9,15923.02595935377
2018-08-24T10:00:00.0,10,15739.556752891314
2018-08-24T11:00:00.0,11,15385.223994957958
2018-08-24T12:00:00.0,12,14867.028350735314
2018-08-24T13:00:00.0,13,13230.771817542556
2018-08-24T14:00:00.0,14,11625.517893905582
2018-08-24T15:00:00.0,15,10026.300126094477
2018-08-24T16:00:00.0,16,8557.6383923713
2018-08-24T17:00:00.0,17,7015.30643179052
2018-08-24T18:00:00.0,18,5556.7834619678515
2018-08-24T19:00:00.0,19,4516.348929762816
2018-08-24T20:00:00.0,20,3923.234756542856
2018-08-24T21:00:00.0,21,3892.431169438583
2018-08-24T22:00:00.0,22,4515.231176708115
2018-08-24T23:00:00.0,23,5737.469613606315
2018-08-25T00:00:00.0,0,8529.883027772192
2018-08-25T01:00:00.0,1,12971.094861238424
2018-08-25T02:00:00.0,2,15439.83129475203
2018-08-25T03:00:00.0,3,15870.091819363928
2018-08-25T04:00:00.0,4,16177.446520887142
2018-08-25T05:00:00.0,5,16011.372155041046
2018-08-25T06:00:00.0,6,15738.24070601876
2018-08-25T07:00:00.0,7,15305.038368157608
2018-08-25T08:00:00.0,8,14783.232324351027
2018-08-25T09:00:00.0,9,14215.060427890598
2018-08-25T10:00:00.0,10,14248.800912666471
2018-08-25T11:00:00.0,11,13937.604546792907
2018-08-25T12:00:00.0,12,13209.803834718086
2018-08-25T13:00:00.0,13,11258.04298962909
2018-08-25T14:00:00.0,14,9749.664521925404
2018-08-25T15:00:00.0,15,8128.569396122573
2018-08-25T16:00:00.0,16,6379.020024569211
2018-08-25T17:00:00.0,17,4920.726371195391
2018-08-25T18:00:00.0,18,4048.5658672429963
2018-08-25T19:00:00.0,19,3845.6020157580315
2018-08-25T20:00:00.0,20,4055.3894851085947
2018-08-25T21:00:00.0,21,4674.175354172774
2018-08-25T22:00:00.0,22,5598.123424047951
2018-08-25T23:00:00.0,23,7597.974560956013
2018-08-26T00:00:00.0,0,9790.095726163205
2018-08-26T01:00:00.0,1,11559.311388236585
2018-08-26T02:00:00.0,2,12960.88236997294
2018-08-26T03:00:00.0,3,13085.786004426633
2018-08-26T04:00:00.0,4,13507.888396944443
2018-08-26T05:00:00.0,5,13976.26215202439
2018-08-26T06:00:00.0,6,14241.271142056094
2018-08-26T07:00:00.0,7,14129.656858624543
2018-08-26T08:00:00.0,8,14284.356018788347
2018-08-26T09:00:00.0,9,14027.0366139942
2018-08-26T10:00:00.0,10,13767.256438058334
2018-08-26T11:00:00.0,11,13640.664951665962
2018-08-26T12:00:00.0,12,13239.680921203886
2018-08-26T13:00:00.0,13,11695.13856641404
2018-08-26T14:00:00.0,14,10623.44664398212
2018-08-26T15:00:00.0,15,9490.475842491769
2018-08-26T16:00:00.0,16,8435.612984047762
2018-08-26T17:00:00.0,17,7395.240165275553
2018-08-26T18:00:00.0,18,6690.879359778196
2018-08-26T19:00:00.0,19,6343.5989453755
2018-08-26T20:00:00.0,20,6103.204202452194
2018-08-26T21:00:00.0,21,6269.041831409765
2018-08-26T22:00:00.0,22,6960.900315577117
2018-08-26T23:00:00.0,23,8129.778787366457
2018-08-27T00:00:00.0,0,9657.968344571906
2018-08-27T01:00:00.0,1,13264.576957915311
2018-08-27T02:00:00.0,2,15326.904405594725
2018-08-27T03:00:00.0,3,16339.025703918518
2018-08-27T04:00:00.0,4,16894.42084325413
2018-08-27T05:00:00.0,5,16892.29400921448
2018-08-27T06:00:00.0,6,17240.96405754602
2018-08-27T07:00:00.0,7,17062.109639210266
2018-08-27T08:00:00.0,8,16850.210067998123
2018-08-27T09:00:00.0,9,16935.113871668505
2018-08-27T10:00:00.0,10,16701.53543179879
2018-08-27T11:00:00.0,11,16306.984163215247
2018-08-27T12:00:00.0,12,15755.534046227789
2018-08-27T13:00:00.0,13,14325.855703363117
2018-08-27T14:00:00.0,14,13333.347652157134
2018-08-27T15:00:00.0,15,11786.295140473892
2018-08-27T16:00:00.0,16,10165.17989924921
2018-08-27T17:00:00.0,17,8916.742964213978
2018-08-27T18:00:00.0,18,8149.630310960155
2018-08-27T19:00:00.0,19,7737.882701515314
2018-08-27T20:00:00.0,20,7624.263615078609
2018-08-27T21:00:00.0,21,8013.950394631723
2018-08-27T22:00:00.0,22,8972.93143660487
2018-08-27T23:00:00.0,23,10556.791989098543
2018-08-28T00:00:00.0,0,12006.852877794978
2018-08-28T01:00:00.0,1,13553.49640794873
2018-08-28T02:00:00.0,2,14567.577494582167
2018-08-28T03:00:00.0,3,15534.582596932314
2018-08-28T04:00:00.0,4,16838.548272946966
2018-08-28T05:00:00.0,5,16965.061174525934
2018-08-28T06:00:00.0,6,16945.026833727698
2018-08-28T07:00:00.0,7,16927.20833299773
2018-08-28T08:00:00.0,8,16993.19389733231
2018-08-28T09:00:00.0,9,16924.31886943283
2018-08-28T10:00:00.0,10,16770.651843320466
2018-08-28T11:00:00.0,11,16452.667619854543
2018-08-28T12:00:00.0,12,15805.671921840112
2018-08-28T13:00:00.0,13,14385.856175294371
2018-08-28T14:00:00.0,14,12855.019401656158
2018-08-28T15:00:00.0,15,10482.646050285048
2018-08-28T16:00:00.0,16,8482.477500957506
2018-08-28T17:00:00.0,17,6921.885455958664
2018-08-28T18:00:00.0,18,5952.932122775218
2018-08-28T19:00:00.0,19,5641.741553538089
2018-08-28T20:00:00.0,20,5746.576834640623
2018-08-28T21:00:00.0,21,6207.50032442047
2018-08-28T22:00:00.0,22,7066.268908921673
2018-08-28T23:00:00.0,23,8212.392843051626
2018-08-29T00:00:00.0,0,10099.882032497555
2018-08-29T01:00:00.0,1,13490.155246301098
2018-08-29T02:00:00.0,2,15381.631641166337
2018-08-29T03:00:00.0,3,15835.129393217074
2018-08-29T04:00:00.0,4,15561.645817476388
2018-08-29T05:00:00.0,5,15335.503669651027
2018-08-29T06:00:00.0,6,15088.465371569584
2018-08-29T07:00:00.0,7,14540.51587894637
2018-08-29T08:00:00.0,8,13827.320222461683
2018-08-29T09:00:00.0,9,13093.765875386918
2018-08-29T10:00:00.0,10,12127.989024032851
2018-08-29T11:00:00.0,11,11098.707823367671
2018-08-29T12:00:00.0,12,10032.361246149074
2018-08-29T13:00:00.0,13,7583.822055234196
2018-08-29T14:00:00.0,14,5714.00828487295
2018-08-29T15:00:00.0,15,3782.8288024778117
2018-08-29T16:00:00.0,16,2294.2884939156834
2018-08-29T17:00:00.0,17,1658.646086916149
2018-08-29T18:00:00.0,18,1748.7687399736958
2018-08-29T19:00:00.0,19,2242.411424307325
2018-08-29T20:00:00.0,20,2868.7403745523775
2018-08-29T21:00:00.0,21,3452.6714489933197
2018-08-29T22:00:00.0,22,3602.9982622663233
2018-08-29T23:00:00.0,23,4015.3241025907214
2018-08-30T00:00:00.0,0,4916.759954406578
2018-08-30T01:00:00.0,1,7703.94082855936
2018-08-30T02:00:00.0,2,9859.39311500024
2018-08-30T03:00:00.0,3,11137.716603964624
2018-08-30T04:00:00.0,4,11622.64249341521
2018-08-30T05:00:00.0,5,11846.916205655814
2018-08-30T06:00:00.0,6,12426.080334191205
2018-08-30T07:00:00.0,7,12241.868885380818
2018-08-30T08:00:00.0,8,11774.197830353834
2018-08-30T09:00:00.0,9,10954.454724416055
2018-08-30T10:00:00.0,10,10305.864496213684
2018-08-30T11:00:00.0,11,9881.16617806431
2018-08-30T12:00:00.0,12,9446.979790919751
2018-08-30T13:00:00.0,13,7441.943065578856
2018-08-30T14:00:00.0,14,5455.439182320692
2018-08-30T15:00:00.0,15,4391.484752201613
2018-08-30T16:00:00.0,16,3089.65262176181
2018-08-30T17:00:00.0,17,2214.764622766856
2018-08-30T18:00:00.0,18,2000.1473284052856
2018-08-30T19:00:00.0,19,2068.3470277616816
2018-08-30T20:00:00.0,20,2272.0870979135457
2018-08-30T21:00:00.0,21,2812.953033239684
2018-08-30T22:00:00.0,22,3287.5867726299725
2018-08-30T23:00:00.0,23,3987.661187508704
2018-08-31T00:00:00.0,0,5663.891098085772
2018-08-31T01:00:00.0,1,9200.316270137608
2018-08-31T02:00:00.0,2,11626.193708928462
2018-08-31T03:00:00.0,3,12666.466905231578
2018-08-31T04:00:00.0,4,12881.692010773733
2018-08-31T05:00:00.0,5,13054.126454502446
2018-08-31T06:00:00.0,6,13090.834905184425
2018-08-31T07:00:00.0,7,12573.031122212235
2018-08-31T08:00:00.0,8,12131.040963198362
2018-08-31T09:00:00.0,9,12044.919045824923
2018-08-31T10:00:00.0,10,11595.52985693697
2018-08-31T11:00:00.0,11,11105.78143147149
2018-08-31T12:00:00.0,12,10421.176568004083
2018-08-31T13:00:00.0,13,8322.425645518195
2018-08-31T14:00:00.0,14,6203.9866630644065
2018-08-31T15:00:00.0,15,5010.441050771214
2018-08-31T16:00:00.0,16,3976.5748148978164
2018-08-31T17:00:00.0,17,3223.547538153769
2018-08-31T18:00:00.0,18,3033.528523153674
2018-08-31T19:00:00.0,19,3113.59713757114
2018-08-31T20:00:00.0,20,3400.737497047383
2018-08-31T21:00:00.0,21,4206.646757146535
2018-08-31T22:00:00.0,22,5022.309020912653
2018-08-31T23:00:00.0,23,6213.681945849216
2018-09-01T00:00:00.0,0,8480.42119675293
2018-09-01T01:00:00.0,1,11826.586078288774
2018-09-01T02:00:00.0,2,14102.96024508088
2018-09-01T03:00:00.0,3,14398.198834425353
2018-09-01T04:00:00.0,4,14174.882424249581
2018-09-01T05:00:00.0,5,13815.244105444659
2018-09-01T06:00:00.0,6,13136.550246398705
2018-09-01T07:00:00.0,7,12553.272915254764
2018-09-01T08:00:00.0,8,11786.383770847822
2018-09-01T09:00:00.0,9,11092.540535040256
2018-09-01T10:00:00.0,10,10297.269799562147
2018-09-01T11:00:00.0,11,9366.799811206925
2018-09-01T12:00:00.0,12,8019.200803692089
2018-09-01T13:00:00.0,13,5480.6488853960045
2018-09-01T14:00:00.0,14,3918.6476266379377
2018-09-01T15:00:00.0,15,2859.0445216603507
2018-09-01T16:00:00.0,16,2221.8740651839175
2018-09-01T17:00:00.0,17,1971.084377396628
2018-09-01T18:00:00.0,18,2042.0130195218674
2018-09-01T19:00:00.0,19,2438.6797582902846
2018-09-01T20:00:00.0,20,3002.0719113674986
2018-09-01T21:00:00.0,21,4004.8538516959907
2018-09-01T22:00:00.0,22,5248.0962450323195
2018-09-01T23:00:00.0,23,6416.308271692323
2018-09-02T00:00:00.0,0,7856.444838160845
2018-09-02T01:00:00.0,1,9779.428259586397
2018-09-02T02:00:00.0,2,11628.695196580695
2018-09-02T03:00:00.0,3,12312.36330108314
2018-09-02T04:00:00.0,4,12477.50784445903
2018-09-02T05:00:00.0,5,11839.114679766435
2018-09-02T06:00:00.0,6,10544.365827211172
2018-09-02T07:00:00.0,7,9236.60947303127
2018-09-02T08:00:00.0,8,8129.321363838739
2018-09-02T09:00:00.0,9,7158.566698434622
2018-09-02T10:00:00.0,10,5700.447853828166
2018-09-02T11:00:00.0,11,4514.404481974084
2018-09-02T12:00:00.0,12,3569.8814590638663
2018-09-02T13:00:00.0,13,2357.8466142400184
2018-09-02T14:00:00.0,14,1764.8112132124759
2018-09-02T15:00:00.0,15,1467.1445696817489
2018-09-02T16:00:00.0,16,1054.3177288304269
2018-09-02T17:00:00.0,17,898.2657742884461
2018-09-02T18:00:00.0,18,1156.1684046667272
2018-09-02T19:00:00.0,19,2044.779556466023
2018-09-02T20:00:00.0,20,3216.169160380446
2018-09-02T21:00:00.0,21,3617.152281326913
2018-09-02T22:00:00.0,22,4080.7527686068297
2018-09-02T23:00:00.0,23,5300.108518216275
2018-09-03T00:00:00.0,0,6519.468646663539
2018-09-03T01:00:00.0,1,9001.509463406508
2018-09-03T02:00:00.0,2,10399.01255756935
2018-09-03T03:00:00.0,3,9936.911793921185
2018-09-03T04:00:00.0,4,9681.55664416239
2018-09-03T05:00:00.0,5,8381.502107487006
2018-09-03T06:00:00.0,6,7034.315154931272
2018-09-03T07:00:00.0,7,5576.272603365189
2018-09-03T08:00:00.0,8,4751.990671870637
2018-09-03T09:00:00.0,9,4103.321798707951
2018-09-03T10:00:00.0,10,3407.8358138537255
2018-09-03T11:00:00.0,11,3011.0431694262898
2018-09-03T12:00:00.0,12,2471.454606193514
2018-09-03T13:00:00.0,13,1448.7691238251539
2018-09-03T14:00:00.0,14,1090.96643610794
2018-09-03T15:00:00.0,15,965.7351467007488
2018-09-03T16:00:00.0,16,728.838303189039
2018-09-03T17:00:00.0,17,758.8770463020084
2018-09-03T18:00:00.0,18,1066.167255710118
2018-09-03T19:00:00.0,19,1804.9055164313274
2018-09-03T20:00:00.0,20,2683.3270905526897
2018-09-03T21:00:00.0,21,2894.802068314269
2018-09-03T22:00:00.0,22,3305.0746392766555
2018-09-03T23:00:00.0,23,3747.8752711486068
2018-09-04T00:00:00.0,0,4666.508360718394
2018-09-04T01:00:00.0,1,6259.891912209693
2018-09-04T02:00:00.0,2,6490.65836547231
2018-09-04T03:00:00.0,3,7329.695693767705
2018-09-04T04:00:00.0,4,7028.751895265318
2018-09-04T05:00:00.0,5,6732.598503708433
2018-09-04T06:00:00.0,6,6297.503224893756
2018-09-04T07:00:00.0,7,6797.797178879639
2018-09-04T08:00:00.0,8,5832.783223901486
2018-09-04T09:00:00.0,9,5213.637511774491
2018-09-04T10:00:00.0,10,4543.305355427151
2018-09-04T11:00:00.0,11,4289.562592924373
2018-09-04T12:00:00.0,12,4186.125667123363
2018-09-04T13:00:00.0,13,3399.1296402624153
2018-09-04T14:00:00.0,14,2463.199904124514
2018-09-04T15:00:00.0,15,2117.099388882271
2018-09-04T16:00:00.0,16,1676.6861777841398
2018-09-04T17:00:00.0,17,1519.9224567904976
2018-09-04T18:00:00.0,18,1629.3640122369704
2018-09-04T19:00:00.0,19,1861.5547513589647
2018-09-04T20:00:00.0,20,2314.9529948734375
2018-09-04T21:00:00.0,21,3021.0769543261063
2018-09-04T22:00:00.0,22,4223.10149823657
2018-09-04T23:00:00.0,23,4780.814813374913
2018-09-05T00:00:00.0,0,5658.503564891674
2018-09-05T01:00:00.0,1,6619.13041573609
2018-09-05T02:00:00.0,2,7607.93022025926
2018-09-05T03:00:00.0,3,8420.422779471248
2018-09-05T04:00:00.0,4,8347.727054970881
2018-09-05T05:00:00.0,5,7511.147011275454
2018-09-05T06:00:00.0,6,6573.5225217616235
2018-09-05T07:00:00.0,7,4995.545381896698
2018-09-05T08:00:00.0,8,3484.6445671056867
2018-09-05T09:00:00.0,9,2836.643498125865
2018-09-05T10:00:00.0,10,2513.1747203371146
2018-09-05T11:00:00.0,11,2111.0724494396277
2018-09-05T12:00:00.0,12,1456.3155382030466
2018-09-05T13:00:00.0,13,803.3788637205715
2018-09-05T14:00:00.0,14,482.6094173240943
2018-09-05T15:00:00.0,15,310.55619327262247
2018-09-05T16:00:00.0,16,291.3481338193048
2018-09-05T17:00:00.0,17,287.92161208292447
2018-09-05T18:00:00.0,18,438.2667332465132
2018-09-05T19:00:00.0,19,763.0061424247859
2018-09-05T20:00:00.0,20,1199.4868571659993
2018-09-05T21:00:00.0,21,1575.7219250961653
2018-09-05T22:00:00.0,22,2487.253685594655
2018-09-05T23:00:00.0,23,2022.6368013575059
2018-09-06T00:00:00.0,0,1878.2376431864725
2018-09-06T01:00:00.0,1,2615.1876588657024
2018-09-06T02:00:00.0,2,2737.0214068964356
2018-09-06T03:00:00.0,3,2458.241860264007
2018-09-06T04:00:00.0,4,1854.6341464129844
2018-09-06T05:00:00.0,5,1605.5353393063572
2018-09-06T06:00:00.0,6,1338.1643284769116
2018-09-06T07:00:00.0,7,1331.8288073351591
2018-09-06T08:00:00.0,8,1121.4175861219799
2018-09-06T09:00:00.0,9,1111.7639264629054
2018-09-06T10:00:00.0,10,1129.3497649012713
2018-09-06T11:00:00.0,11,1164.8132180451942
2018-09-06T12:00:00.0,12,1288.4449221499167
2018-09-06T13:00:00.0,13,1269.0133807028521
2018-09-06T14:00:00.0,14,1127.7543861177282
2018-09-06T15:00:00.0,15,1296.768597993477
2018-09-06T16:00:00.0,16,1188.1527138738018
2018-09-06T17:00:00.0,17,1341.3805710318957
2018-09-06T18:00:00.0,18,1425.031350716794
2018-09-06T19:00:00.0,19,1432.4929704924887
2018-09-06T20:00:00.0,20,1457.0781830697713
2018-09-06T21:00:00.0,21,1356.584468375778
2018-09-06T22:00:00.0,22,1172.8079564226225
2018-09-06T23:00:00.0,23,1092.7211546690273
2018-09-07T00:00:00.0,0,1318.2580063068708
2018-09-07T01:00:00.0,1,1855.4384202380581
2018-09-07T02:00:00.0,2,1724.09823618891
2018-09-07T03:00:00.0,3,1651.5329075578857
2018-09-07T04:00:00.0,4,1531.3947220106447
2018-09-07T05:00:00.0,5,1360.8999651894092
2018-09-07T06:00:00.0,6,1128.0564049498673
2018-09-07T07:00:00.0,7,804.0127140316575
2018-09-07T08:00:00.0,8,714.5481051259395
2018-09-07T09:00:00.0,9,743.5472376508277
2018-09-07T10:00:00.0,10,768.7403927320875
2018-09-07T11:00:00.0,11,790.2949680945006
2018-09-07T12:00:00.0,12,954.1123966207583
2018-09-07T13:00:00.0,13,982.2399171680186
2018-09-07T14:00:00.0,14,1019.9428713315448
2018-09-07T15:00:00.0,15,1083.0445222443584
2018-09-07T16:00:00.0,16,1000.9127443741872
2018-09-07T17:00:00.0,17,1021.0661750617595
2018-09-07T18:00:00.0,18,1315.8066541754167
2018-09-07T19:00:00.0,19,1836.1247823987633
2018-09-07T20:00:00.0,20,2757.9270289795127
2018-09-07T21:00:00.0,21,3291.9541872167442
2018-09-07T22:00:00.0,22,3438.8375099236496
2018-09-07T23:00:00.0,23,3135.366749944578
2018-09-08T00:00:00.0,0,3165.2915433530293
2018-09-08T01:00:00.0,1,3697.6016259284897
2018-09-08T02:00:00.0,2,3873.3456611181105
2018-09-08T03:00:00.0,3,3534.895059991977
2018-09-08T04:00:00.0,4,3173.9386456921397
2018-09-08T05:00:00.0,5,2773.942992676548
2018-09-08T06:00:00.0,6,2347.320735891992
2018-09-08T07:00:00.0,7,2101.323713197033
2018-09-08T08:00:00.0,8,1956.8820151278778
2018-09-08T09:00:00.0,9,2134.8684614457184
2018-09-08T10:00:00.0,10,2301.954800616878
2018-09-08T11:00:00.0,11,2564.185576397095
2018-09-08T12:00:00.0,12,2619.2034765955673
2018-09-08T13:00:00.0,13,2229.3159957968605
2018-09-08T14:00:00.0,14,1938.8916938521281
2018-09-08T15:00:00.0,15,1883.9660026818258
2018-09-08T16:00:00.0,16,1760.2414009003996
2018-09-08T17:00:00.0,17,2023.2668383802393
2018-09-08T18:00:00.0,18,2160.428043037828
2018-09-08T19:00:00.0,19,2184.825507424362
2018-09-08T20:00:00.0,20,2232.3993153952797
2018-09-08T21:00:00.0,21,2269.7489916329064
2018-09-08T22:00:00.0,22,2346.55304739192
2018-09-08T23:00:00.0,23,2014.6081680207808
2018-09-09T00:00:00.0,0,2202.2279108921052
2018-09-09T01:00:00.0,1,2966.5252416493627
2018-09-09T02:00:00.0,2,3396.5680886443793
2018-09-09T03:00:00.0,3,3372.7276737025936
2018-09-09T04:00:00.0,4,3183.024557009834
2018-09-09T05:00:00.0,5,2536.48625655307
2018-09-09T06:00:00.0,6,1928.4791745763657
2018-09-09T07:00:00.0,7,1509.985197052605
2018-09-09T08:00:00.0,8,1473.8955181256
2018-09-09T09:00:00.0,9,1249.1015606182623
2018-09-09T10:00:00.0,10,1069.3466094436772
2018-09-09T11:00:00.0,11,1111.757256388441
2018-09-09T12:00:00.0,12,1175.97709277528
2018-09-09T13:00:00.0,13,1052.5109949044593
2018-09-09T14:00:00.0,14,867.3164402965108
2018-09-09T15:00:00.0,15,734.799798331254
2018-09-09T16:00:00.0,16,669.5719044140476
2018-09-09T17:00:00.0,17,621.7191861979521
2018-09-09T18:00:00.0,18,497.1141387204845
2018-09-09T19:00:00.0,19,557.7177672405252
2018-09-09T20:00:00.0,20,723.8137083556876
2018-09-09T21:00:00.0,21,822.0205905400068
2018-09-09T22:00:00.0,22,1155.9343558780563
2018-09-09T23:00:00.0,23,1296.5024081975698
2018-09-10T00:00:00.0,0,1427.9903276896196
2018-09-10T01:00:00.0,1,2451.8349693538125
2018-09-10T02:00:00.0,2,3255.854669010974
2018-09-10T03:00:00.0,3,3432.637870753389
2018-09-10T04:00:00.0,4,3779.6570438124672
2018-09-10T05:00:00.0,5,3587.5113880752538
2018-09-10T06:00:00.0,6,3529.1901208766353
2018-09-10T07:00:00.0,7,3087.163275212228
2018-09-10T08:00:00.0,8,2450.1425894656095
2018-09-10T09:00:00.0,9,1953.9533694788504
2018-09-10T10:00:00.0,10,1579.666881804428
2018-09-10T11:00:00.0,11,1222.5065896448436
2018-09-10T12:00:00.0,12,919.0283811287435
2018-09-10T13:00:00.0,13,698.49002801216
2018-09-10T14:00:00.0,14,444.1281512354876
2018-09-10T15:00:00.0,15,299.29411007970407
2018-09-10T16:00:00.0,16,234.49526828145997
2018-09-10T17:00:00.0,17,239.55986488089434
2018-09-10T18:00:00.0,18,268.1649153611339
2018-09-10T19:00:00.0,19,333.40152404782305
2018-09-10T20:00:00.0,20,446.8443657839182
2018-09-10T21:00:00.0,21,653.8403248503391
2018-09-10T22:00:00.0,22,758.1580810423702
2018-09-10T23:00:00.0,23,1137.7625866021658
2018-09-11T00:00:00.0,0,2172.2245634036
2018-09-11T01:00:00.0,1,3606.8694039919797
2018-09-11T02:00:00.0,2,4907.460689053362
2018-09-11T03:00:00.0,3,5421.305286981666
2018-09-11T04:00:00.0,4,5567.889938772128
2018-09-11T05:00:00.0,5,5231.712586788365
2018-09-11T06:00:00.0,6,4892.6975874018135
2018-09-11T07:00:00.0,7,4442.459228019776
2018-09-11T08:00:00.0,8,3937.279480304278
2018-09-11T09:00:00.0,9,3480.5732008571777
2018-09-11T10:00:00.0,10,3166.8459818061724
2018-09-11T11:00:00.0,11,2399.2069559638144
2018-09-11T12:00:00.0,12,1888.284830661774
2018-09-11T13:00:00.0,13,1355.728043476134
2018-09-11T14:00:00.0,14,882.0857530229574
2018-09-11T15:00:00.0,15,726.344867403342
2018-09-11T16:00:00.0,16,611.7424310249213
2018-09-11T17:00:00.0,17,562.5153281082186
2018-09-11T18:00:00.0,18,634.7694089750286
2018-09-11T19:00:00.0,19,764.6613009394611
2018-09-11T20:00:00.0,20,913.0789682434687
2018-09-11T21:00:00.0,21,1139.0685030722057
2018-09-11T22:00:00.0,22,1454.6407752247771
2018-09-11T23:00:00.0,23,2094.4462961811964
2018-09-12T00:00:00.0,0,3192.102833879801
2018-09-12T01:00:00.0,1,4647.109102079644
2018-09-12T02:00:00.0,2,6172.922344295151
2018-09-12T03:00:00.0,3,7237.29487795162
2018-09-12T04:00:00.0,4,8263.38064497637
2018-09-12T05:00:00.0,5,8728.153962208647
2018-09-12T06:00:00.0,6,8745.507120361553
2018-09-12T07:00:00.0,7,7986.043187198953
2018-09-12T08:00:00.0,8,7015.547797802489
2018-09-12T09:00:00.0,9,6320.464256802504
2018-09-12T10:00:00.0,10,5509.504729827554
2018-09-12T11:00:00.0,11,4746.9879865802495
2018-09-12T12:00:00.0,12,3972.359933960741
2018-09-12T13:00:00.0,13,3079.6632450481543
2018-09-12T14:00:00.0,14,2287.4677247015143
2018-09-12T15:00:00.0,15,2155.3639348787024
2018-09-12T16:00:00.0,16,1917.813656121224
2018-09-12T17:00:00.0,17,1877.5359101743054
2018-09-12T18:00:00.0,18,2006.7089681186087
2018-09-12T19:00:00.0,19,2223.896173362864
2018-09-12T20:00:00.0,20,2471.7306236204167
2018-09-12T21:00:00.0,21,2704.5978934004434
2018-09-12T22:00:00.0,22,3086.8897344990305
2018-09-12T23:00:00.0,23,3793.385353252031
2018-09-13T00:00:00.0,0,4639.995149869716
2018-09-13T01:00:00.0,1,6529.751324156922
2018-09-13T02:00:00.0,2,8228.609120800988
2018-09-13T03:00:00.0,3,9426.929723318603
2018-09-13T04:00:00.0,4,10036.429803131394
2018-09-13T05:00:00.0,5,10098.011702824528
2018-09-13T06:00:00.0,6,10435.288875080254
2018-09-13T07:00:00.0,7,9971.232323980903
2018-09-13T08:00:00.0,8,9177.304512004619
2018-09-13T09:00:00.0,9,8238.150724165263
2018-09-13T10:00:00.0,10,7132.736516659938
2018-09-13T11:00:00.0,11,6160.570457653887
2018-09-13T12:00:00.0,12,5466.6796450275915
2018-09-13T13:00:00.0,13,4312.655873243004
2018-09-13T14:00:00.0,14,3845.6137103184083
2018-09-13T15:00:00.0,15,3955.404779619166
2018-09-13T16:00:00.0,16,3526.6655168316643
2018-09-13T17:00:00.0,17,3294.3223899177246
2018-09-13T18:00:00.0,18,3397.1553827082244
2018-09-13T19:00:00.0,19,3839.475204298385
2018-09-13T20:00:00.0,20,4097.697053600357
2018-09-13T21:00:00.0,21,4475.373658752798
2018-09-13T22:00:00.0,22,4879.75487041547
2018-09-13T23:00:00.0,23,5152.092298609811
2018-09-14T00:00:00.0,0,5916.555673520623
2018-09-14T01:00:00.0,1,7992.200736632668
2018-09-14T02:00:00.0,2,9205.55651917413
2018-09-14T03:00:00.0,3,9724.964239949235
2018-09-14T04:00:00.0,4,9569.293198688929
2018-09-14T05:00:00.0,5,8845.533660495325
2018-09-14T06:00:00.0,6,8135.880446655695
2018-09-14T07:00:00.0,7,7659.991339225423
2018-09-14T08:00:00.0,8,7064.048000759652
2018-09-14T09:00:00.0,9,6161.080841808821
2018-09-14T10:00:00.0,10,5329.568850078626
2018-09-14T11:00:00.0,11,4561.349032654133
2018-09-14T12:00:00.0,12,3973.5795221405674
2018-09-14T13:00:00.0,13,3026.4612970921467
2018-09-14T14:00:00.0,14,2279.2141626398884
2018-09-14T15:00:00.0,15,2107.8492942019243
2018-09-14T16:00:00.0,16,2015.094389712508
2018-09-14T17:00:00.0,17,2155.8112506289367
2018-09-14T18:00:00.0,18,2316.931818249215
2018-09-14T19:00:00.0,19,2678.8090911452864
2018-09-14T20:00:00.0,20,2701.6112277956
2018-09-14T21:00:00.0,21,2963.5314876436355
2018-09-14T22:00:00.0,22,3040.730484904105
2018-09-14T23:00:00.0,23,3164.9471426926193
2018-09-15T00:00:00.0,0,3627.7534423470256
2018-09-15T01:00:00.0,1,5388.724472471208
2018-09-15T02:00:00.0,2,6612.7007981367315
2018-09-15T03:00:00.0,3,7127.266276088944
2018-09-15T04:00:00.0,4,6660.958162149152
2018-09-15T05:00:00.0,5,6091.282414240472
2018-09-15T06:00:00.0,6,5224.138666143295
2018-09-15T07:00:00.0,7,4517.943756651361
2018-09-15T08:00:00.0,8,3569.004914571338
2018-09-15T09:00:00.0,9,2331.0576402161028
2018-09-15T10:00:00.0,10,1349.8767921543501
2018-09-15T11:00:00.0,11,1051.9418336417107
2018-09-15T12:00:00.0,12,854.9961519934319
2018-09-15T13:00:00.0,13,688.2883913217869
2018-09-15T14:00:00.0,14,506.37033597361824
2018-09-15T15:00:00.0,15,550.9789767003439
2018-09-15T16:00:00.0,16,811.4767153007388
2018-09-15T17:00:00.0,17,1203.1210731558624
2018-09-15T18:00:00.0,18,1552.0457688756117
2018-09-15T19:00:00.0,19,1915.7815005971954
2018-09-15T20:00:00.0,20,2186.7240829125926
2018-09-15T21:00:00.0,21,2598.5257163124306
2018-09-15T22:00:00.0,22,2758.857094996772
2018-09-15T23:00:00.0,23,2407.648118305851
2018-09-16T00:00:00.0,0,3045.5106248239576
2018-09-16T01:00:00.0,1,3451.4260970742944
2018-09-16T02:00:00.0,2,3349.92815748582
2018-09-16T03:00:00.0,3,3463.940933239943
2018-09-16T04:00:00.0,4,3683.5548295175254
2018-09-16T05:00:00.0,5,3351.4555791540292
2018-09-16T06:00:00.0,6,3064.478024876133
2018-09-16T07:00:00.0,7,2981.5320108145916
2018-09-16T08:00:00.0,8,2718.164095075177
2018-09-16T09:00:00.0,9,2338.1454624642265
2018-09-16T10:00:00.0,10,2148.06655046265
2018-09-16T11:00:00.0,11,2041.6752514317952
2018-09-16T12:00:00.0,12,2033.3748214934049
2018-09-16T13:00:00.0,13,1694.9752261287897
2018-09-16T14:00:00.0,14,1388.4323748273575
2018-09-16T15:00:00.0,15,1574.6430387178214
2018-09-16T16:00:00.0,16,1702.2611631071868
2018-09-16T17:00:00.0,17,1904.005442608887
2018-09-16T18:00:00.0,18,2301.297247517745
2018-09-16T19:00:00.0,19,2639.107384744313
2018-09-16T20:00:00.0,20,2858.7765680664797
2018-09-16T21:00:00.0,21,2782.4719886796306
2018-09-16T22:00:00.0,22,2814.2040603494456
2018-09-16T23:00:00.0,23,3034.4397358060337
2018-09-17T00:00:00.0,0,3738.6554433716337
2018-09-17T01:00:00.0,1,4727.180068310097
2018-09-17T02:00:00.0,2,5076.390813519036
2018-09-17T03:00:00.0,3,4848.5783941998425
2018-09-17T04:00:00.0,4,4817.545505254441
2018-09-17T05:00:00.0,5,4730.801793108752
2018-09-17T06:00:00.0,6,4554.688885165296
2018-09-17T07:00:00.0,7,4084.9650719580072
2018-09-17T08:00:00.0,8,3561.9945748434006
2018-09-17T09:00:00.0,9,3252.9969033716065
2018-09-17T10:00:00.0,10,2870.906966631237
2018-09-17T11:00:00.0,11,2577.4031116426354
2018-09-17T12:00:00.0,12,2444.991460002645
2018-09-17T13:00:00.0,13,2082.3491597663246
2018-09-17T14:00:00.0,14,1568.3602735423938
2018-09-17T15:00:00.0,15,1951.529987994896
2018-09-17T16:00:00.0,16,2283.544720700573
2018-09-17T17:00:00.0,17,2469.4069001644157
2018-09-17T18:00:00.0,18,2652.9813832524537
2018-09-17T19:00:00.0,19,2763.2904101129484
2018-09-17T20:00:00.0,20,2912.0361601420204
2018-09-17T21:00:00.0,21,3189.4981057347663
2018-09-17T22:00:00.0,22,3393.4136812229203
2018-09-17T23:00:00.0,23,3527.208773608825
2018-09-18T00:00:00.0,0,4055.9827533209977
2018-09-18T01:00:00.0,1,5583.016662755809
2018-09-18T02:00:00.0,2,6870.859087712619
2018-09-18T03:00:00.0,3,7245.2116238448725
2018-09-18T04:00:00.0,4,7743.236170026082
2018-09-18T05:00:00.0,5,8130.424029718873
2018-09-18T06:00:00.0,6,8226.829801594571
2018-09-18T07:00:00.0,7,8118.594742014652
2018-09-18T08:00:00.0,8,7886.491849342402
2018-09-18T09:00:00.0,9,7666.482064761422
2018-09-18T10:00:00.0,10,7113.027112775005
2018-09-18T11:00:00.0,11,6677.4950991642945
2018-09-18T12:00:00.0,12,6034.009912491395
2018-09-18T13:00:00.0,13,4812.493525663514
2018-09-18T14:00:00.0,14,3904.955942946465
2018-09-18T15:00:00.0,15,3788.591299195435
2018-09-18T16:00:00.0,16,3639.2023323474145
2018-09-18T17:00:00.0,17,3717.841285464811
2018-09-18T18:00:00.0,18,3868.2382006639405
2018-09-18T19:00:00.0,19,3977.5145306386416
2018-09-18T20:00:00.0,20,4009.9754982423306
2018-09-18T21:00:00.0,21,4010.4690773916877
2018-09-18T22:00:00.0,22,4163.0617986689695
2018-09-18T23:00:00.0,23,4652.895308267254
2018-09-19T00:00:00.0,0,6198.893873807542
2018-09-19T01:00:00.0,1,8512.94680528853
2018-09-19T02:00:00.0,2,10189.457854201712
2018-09-19T03:00:00.0,3,11151.670831203757
2018-09-19T04:00:00.0,4,11418.618377511179
2018-09-19T05:00:00.0,5,11553.410641737568
2018-09-19T06:00:00.0,6,11551.768649053964
2018-09-19T07:00:00.0,7,11252.899670709021
2018-09-19T08:00:00.0,8,10674.5443350309
2018-09-19T09:00:00.0,9,10138.702360251955
2018-09-19T10:00:00.0,10,9373.404578704805
2018-09-19T11:00:00.0,11,9063.426821232999
2018-09-19T12:00:00.0,12,8723.3153519725
2018-09-19T13:00:00.0,13,7881.646467616288
2018-09-19T14:00:00.0,14,6567.097002714258
2018-09-19T15:00:00.0,15,7009.843547366792
2018-09-19T16:00:00.0,16,6893.08027243914
2018-09-19T17:00:00.0,17,6710.719296011103
2018-09-19T18:00:00.0,18,6889.633504221393
2018-09-19T19:00:00.0,19,7168.057345409066
2018-09-19T20:00:00.0,20,7370.66414046477
2018-09-19T21:00:00.0,21,7870.5955556062045
2018-09-19T22:00:00.0,22,8434.0156794962
2018-09-19T23:00:00.0,23,9424.198181717607
2018-09-20T00:00:00.0,0,11527.564962367826
2018-09-20T01:00:00.0,1,13659.919731995555
2018-09-20T02:00:00.0,2,14428.125690519795
2018-09-20T03:00:00.0,3,14596.262506001338
2018-09-20T04:00:00.0,4,14594.332303857656
2018-09-20T05:00:00.0,5,14474.738360815087
2018-09-20T06:00:00.0,6,14058.313667262204
2018-09-20T07:00:00.0,7,13652.904793082254
2018-09-20T08:00:00.0,8,13282.307782348942
2018-09-20T09:00:00.0,9,13017.37659638101
2018-09-20T10:00:00.0,10,12690.41463928094
2018-09-20T11:00:00.0,11,12182.941171970131
2018-09-20T12:00:00.0,12,11836.583711409896
2018-09-20T13:00:00.0,13,10552.823432014495
2018-09-20T14:00:00.0,14,9488.883427452887
2018-09-20T15:00:00.0,15,9878.268369838735
2018-09-20T16:00:00.0,16,9483.869196571512
2018-09-20T17:00:00.0,17,9428.43750998102
2018-09-20T18:00:00.0,18,9831.063549321032
2018-09-20T19:00:00.0,19,10113.969085415585
2018-09-20T20:00:00.0,20,10051.113816057443
2018-09-20T21:00:00.0,21,9910.713462828151
2018-09-20T22:00:00.0,22,10013.039730163198
2018-09-20T23:00:00.0,23,10167.588435122403
2018-09-21T00:00:00.0,0,10734.208267689652
2018-09-21T01:00:00.0,1,11300.012622921997
2018-09-21T02:00:00.0,2,12023.460776988424
2018-09-21T03:00:00.0,3,11782.47365630965
2018-09-21T04:00:00.0,4,11039.312404568484
2018-09-21T05:00:00.0,5,9873.365383475259
2018-09-21T06:00:00.0,6,9002.884559541542
2018-09-21T07:00:00.0,7,8351.342545187585
2018-09-21T08:00:00.0,8,7471.022744807554
2018-09-21T09:00:00.0,9,6769.6372621945
2018-09-21T10:00:00.0,10,6685.534184886324
2018-09-21T11:00:00.0,11,6854.433819334343
2018-09-21T12:00:00.0,12,6559.459520505335
2018-09-21T13:00:00.0,13,6167.284457591246
2018-09-21T14:00:00.0,14,6097.642177346657
2018-09-21T15:00:00.0,15,6236.74767693871
2018-09-21T16:00:00.0,16,6461.718313749933
2018-09-21T17:00:00.0,17,6355.919696648615
2018-09-21T18:00:00.0,18,6701.982901042473
2018-09-21T19:00:00.0,19,7067.308584645034
2018-09-21T20:00:00.0,20,7672.022368549897
2018-09-21T21:00:00.0,21,8047.69051791818
2018-09-21T22:00:00.0,22,8822.305367616671
2018-09-21T23:00:00.0,23,10350.108737573975
2018-09-22T00:00:00.0,0,11656.414067716933
2018-09-22T01:00:00.0,1,13288.817930800598
2018-09-22T02:00:00.0,2,13577.932234618396
2018-09-22T03:00:00.0,3,13148.628455257684
2018-09-22T04:00:00.0,4,12832.42978151236
2018-09-22T05:00:00.0,5,12372.24864325307
2018-09-22T06:00:00.0,6,11297.672784117703
2018-09-22T07:00:00.0,7,11151.083138411055
2018-09-22T08:00:00.0,8,11322.210850357804
2018-09-22T09:00:00.0,9,11524.323523268687
2018-09-22T10:00:00.0,10,11567.35183032974
2018-09-22T11:00:00.0,11,10967.219324732052
2018-09-22T12:00:00.0,12,10555.39005833406
2018-09-22T13:00:00.0,13,9812.475078906757
2018-09-22T14:00:00.0,14,8832.437285905868
2018-09-22T15:00:00.0,15,8305.837489517815
2018-09-22T16:00:00.0,16,7544.3160715267595
2018-09-22T17:00:00.0,17,6687.719327589405
2018-09-22T18:00:00.0,18,5848.747943346044
2018-09-22T19:00:00.0,19,5008.519459104617
2018-09-22T20:00:00.0,20,4320.591149857445
2018-09-22T21:00:00.0,21,3944.1721819513646
2018-09-22T22:00:00.0,22,3817.272318727561
2018-09-22T23:00:00.0,23,3898.944592743878
2018-09-23T00:00:00.0,0,4451.8953406345
2018-09-23T01:00:00.0,1,4637.868352286406
2018-09-23T02:00:00.0,2,4372.626103060458
2018-09-23T03:00:00.0,3,4289.271851717684
2018-09-23T04:00:00.0,4,3670.0868509669385
2018-09-23T05:00:00.0,5,3321.708949234535
2018-09-23T06:00:00.0,6,3045.1912009402567
2018-09-23T07:00:00.0,7,2867.448866475545
2018-09-23T08:00:00.0,8,2608.9853438833056
2018-09-23T09:00:00.0,9,2722.6228257238017
2018-09-23T10:00:00.0,10,2722.848175639408
2018-09-23T11:00:00.0,11,2703.326083132451
2018-09-23T12:00:00.0,12,2690.654163455664
2018-09-23T13:00:00.0,13,2394.581518662884
2018-09-23T14:00:00.0,14,1799.5229270634075
2018-09-23T15:00:00.0,15,1635.0061017629876
2018-09-23T16:00:00.0,16,1592.2338000089874
2018-09-23T17:00:00.0,17,1390.3318132514044
2018-09-23T18:00:00.0,18,1032.9346201621609
2018-09-23T19:00:00.0,19,706.7859046737386
2018-09-23T20:00:00.0,20,582.1950145277668
2018-09-23T21:00:00.0,21,530.7105969492779
2018-09-23T22:00:00.0,22,500.54282395550155
2018-09-23T23:00:00.0,23,505.05926258124197
2018-09-24T00:00:00.0,0,957.4168079732027
2018-09-24T01:00:00.0,1,1526.5384334231094
2018-09-24T02:00:00.0,2,1828.5933727457789
2018-09-24T03:00:00.0,3,1986.2267639656384
2018-09-24T04:00:00.0,4,2226.3323318776847
2018-09-24T05:00:00.0,5,2270.0267946935305
2018-09-24T06:00:00.0,6,2213.9373642455307
2018-09-24T07:00:00.0,7,2069.056722312032
2018-09-24T08:00:00.0,8,1985.8743819889244
2018-09-24T09:00:00.0,9,1814.2569088277562
2018-09-24T10:00:00.0,10,1708.8724173700405
2018-09-24T11:00:00.0,11,1701.1672369473072
2018-09-24T12:00:00.0,12,1639.750714969931
2018-09-24T13:00:00.0,13,1534.1330460732613
2018-09-24T14:00:00.0,14,1342.253745320573
2018-09-24T15:00:00.0,15,1294.3683479069584
2018-09-24T16:00:00.0,16,1295.6657076913632
2018-09-24T17:00:00.0,17,1205.4171481103576
2018-09-24T18:00:00.0,18,1200.9502506568197
2018-09-24T19:00:00.0,19,1201.393906056967
2018-09-24T20:00:00.0,20,1291.7948940134836
2018-09-24T21:00:00.0,21,1497.3415208627823
2018-09-24T22:00:00.0,22,1774.2712805519889
2018-09-24T23:00:00.0,23,2515.011705765973
2018-09-25T00:00:00.0,0,4661.630236522242
2018-09-25T01:00:00.0,1,7433.098254727008
2018-09-25T02:00:00.0,2,9993.612790482515
2018-09-25T03:00:00.0,3,11672.203884386654
2018-09-25T04:00:00.0,4,12949.12015217603
2018-09-25T05:00:00.0,5,13447.570268632931
2018-09-25T06:00:00.0,6,13500.950562716791
2018-09-25T07:00:00.0,7,13426.147688356063
2018-09-25T08:00:00.0,8,13411.258999632637
2018-09-25T09:00:00.0,9,13163.406770695494
2018-09-25T10:00:00.0,10,12771.407992058548
2018-09-25T11:00:00.0,11,12144.146074607712
2018-09-25T12:00:00.0,12,11564.960202179236
2018-09-25T13:00:00.0,13,10172.204646139371
2018-09-25T14:00:00.0,14,7506.309977831018
2018-09-25T15:00:00.0,15,6459.576055889367
2018-09-25T16:00:00.0,16,6259.504157816208
2018-09-25T17:00:00.0,17,6333.537762007968
2018-09-25T18:00:00.0,18,5907.550582903087
2018-09-25T19:00:00.0,19,5354.032509761252
2018-09-25T20:00:00.0,20,5198.196060342385
2018-09-25T21:00:00.0,21,5057.18983439394
2018-09-25T22:00:00.0,22,4968.637966900009
2018-09-25T23:00:00.0,23,5256.078783389911
2018-09-26T00:00:00.0,0,7695.965146654421
2018-09-26T01:00:00.0,1,10703.995511741721
2018-09-26T02:00:00.0,2,12161.779414342229
2018-09-26T03:00:00.0,3,12465.802381820875
2018-09-26T04:00:00.0,4,12371.076762690112
2018-09-26T05:00:00.0,5,11290.8257295628
2018-09-26T06:00:00.0,6,10120.060215814028
2018-09-26T07:00:00.0,7,9846.49299187898
2018-09-26T08:00:00.0,8,10381.029479014922
2018-09-26T09:00:00.0,9,11744.234122886804
2018-09-26T10:00:00.0,10,11583.417787681812
2018-09-26T11:00:00.0,11,10601.7901695618
2018-09-26T12:00:00.0,12,10688.055550626537
2018-09-26T13:00:00.0,13,10567.170584607493
2018-09-26T14:00:00.0,14,10306.191716525327
2018-09-26T15:00:00.0,15,9595.84103025371
2018-09-26T16:00:00.0,16,8726.693408617206
2018-09-26T17:00:00.0,17,6521.302844488985
2018-09-26T18:00:00.0,18,4536.146398881401
2018-09-26T19:00:00.0,19,3512.2201813445918
2018-09-26T20:00:00.0,20,3334.87722952837
2018-09-26T21:00:00.0,21,3483.531052323398
2018-09-26T22:00:00.0,22,3346.8702872530325
2018-09-26T23:00:00.0,23,3571.275636330765
2018-09-27T00:00:00.0,0,3939.7960599325475
2018-09-27T01:00:00.0,1,3974.6006815904475
2018-09-27T02:00:00.0,2,3501.519722354747
2018-09-27T03:00:00.0,3,3309.28465546054
2018-09-27T04:00:00.0,4,2990.6896568426314
2018-09-27T05:00:00.0,5,2771.8815388430608
2018-09-27T06:00:00.0,6,2289.293218492376
2018-09-27T07:00:00.0,7,1817.4151557148361
2018-09-27T08:00:00.0,8,1335.7289962662305
2018-09-27T09:00:00.0,9,1524.5848567684443
2018-09-27T10:00:00.0,10,1862.6230398862424
2018-09-27T11:00:00.0,11,1563.4312797154553
2018-09-27T12:00:00.0,12,1952.9984754788668
2018-09-27T13:00:00.0,13,2030.8528847961422
2018-09-27T14:00:00.0,14,1319.9604839382964
2018-09-27T15:00:00.0,15,1191.83232736971
2018-09-27T16:00:00.0,16,1016.3737520908649
2018-09-27T17:00:00.0,17,948.6684986101645
2018-09-27T18:00:00.0,18,1011.0010507486328
2018-09-27T19:00:00.0,19,1128.2780511967117
2018-09-27T20:00:00.0,20,1195.5962467016484
2018-09-27T21:00:00.0,21,1295.0847669815248
2018-09-27T22:00:00.0,22,1541.7083455545737
2018-09-27T23:00:00.0,23,1762.737686824802
2018-09-28T00:00:00.0,0,3443.1812770914644
2018-09-28T01:00:00.0,1,6240.657103427201
2018-09-28T02:00:00.0,2,9107.719065828183
2018-09-28T03:00:00.0,3,10849.737347089476
2018-09-28T04:00:00.0,4,11749.624748203887
2018-09-28T05:00:00.0,5,11841.423415032965
2018-09-28T06:00:00.0,6,11903.598977904148
2018-09-28T07:00:00.0,7,11618.985618716468
2018-09-28T08:00:00.0,8,11186.246442941507
2018-09-28T09:00:00.0,9,10751.806535467907
2018-09-28T10:00:00.0,10,10370.012085410486
2018-09-28T11:00:00.0,11,10001.143984838216
2018-09-28T12:00:00.0,12,9516.574018269202
2018-09-28T13:00:00.0,13,8484.323590333386
2018-09-28T14:00:00.0,14,6238.4831226913675
2018-09-28T15:00:00.0,15,5227.07298368784
2018-09-28T16:00:00.0,16,4320.137973179103
2018-09-28T17:00:00.0,17,3530.195318655153
2018-09-28T18:00:00.0,18,3392.1552646660816
2018-09-28T19:00:00.0,19,3591.461421271715
2018-09-28T20:00:00.0,20,3863.2128497543595
2018-09-28T21:00:00.0,21,4456.482702223496
2018-09-28T22:00:00.0,22,5618.667227478946
2018-09-28T23:00:00.0,23,6645.11631158372
2018-09-29T00:00:00.0,0,9299.70165856772
2018-09-29T01:00:00.0,1,11519.533776867838
2018-09-29T02:00:00.0,2,11867.001892101203
2018-09-29T03:00:00.0,3,11308.10959150029
2018-09-29T04:00:00.0,4,10696.011160177897
2018-09-29T05:00:00.0,5,9853.166967871732
2018-09-29T06:00:00.0,6,8712.946523323391
2018-09-29T07:00:00.0,7,7441.160257622459
2018-09-29T08:00:00.0,8,5801.2793698107125
2018-09-29T09:00:00.0,9,4512.174816187212
2018-09-29T10:00:00.0,10,3559.866904617636
2018-09-29T11:00:00.0,11,2804.086851975743
2018-09-29T12:00:00.0,12,2295.2456504523293
2018-09-29T13:00:00.0,13,1773.0004809330978
2018-09-29T14:00:00.0,14,1235.0673913674914
2018-09-29T15:00:00.0,15,1382.2419388188464
2018-09-29T16:00:00.0,16,1941.9947050897763
2018-09-29T17:00:00.0,17,2653.0535623904384
2018-09-29T18:00:00.0,18,3144.829472126881
2018-09-29T19:00:00.0,19,3894.1940259563144
2018-09-29T20:00:00.0,20,4273.879566045262
2018-09-29T21:00:00.0,21,4524.7562447671635
2018-09-29T22:00:00.0,22,4571.022771375913
2018-09-29T23:00:00.0,23,4843.716483483228
2018-09-30T00:00:00.0,0,6840.466875815596
2018-09-30T01:00:00.0,1,10283.255782466867
2018-09-30T02:00:00.0,2,12137.372148584507
2018-09-30T03:00:00.0,3,12949.572675896932
2018-09-30T04:00:00.0,4,12888.64924927848
2018-09-30T05:00:00.0,5,12502.310150010946
2018-09-30T06:00:00.0,6,12316.125237309352
2018-09-30T07:00:00.0,7,11844.569202085191
2018-09-30T08:00:00.0,8,11241.373190135911
2018-09-30T09:00:00.0,9,10770.857013233404
2018-09-30T10:00:00.0,10,10441.843537446579
2018-09-30T11:00:00.0,11,10308.117414560897
2018-09-30T12:00:00.0,12,9891.122789050756
2018-09-30T13:00:00.0,13,8701.228980767839
2018-09-30T14:00:00.0,14,6982.115810194555
2018-09-30T15:00:00.0,15,6398.543504657184
2018-09-30T16:00:00.0,16,5041.3957895523245
2018-09-30T17:00:00.0,17,3926.5428304459115
2018-09-30T18:00:00.0,18,3612.2043676668122
2018-09-30T19:00:00.0,19,3845.1937791173573
2018-09-30T20:00:00.0,20,4139.726396671857
2018-09-30T21:00:00.0,21,4565.649149037797
2018-09-30T22:00:00.0,22,5082.80066042026
2018-09-30T23:00:00.0,23,5970.637436186257
2018-10-01T00:00:00.0,0,8691.385570222279
2018-10-01T01:00:00.0,1,11389.299529387172
2018-10-01T02:00:00.0,2,12387.21019348678
2018-10-01T03:00:00.0,3,12535.519943041858
2018-10-01T04:00:00.0,4,12390.757786000193
2018-10-01T05:00:00.0,5,12028.328939885834
2018-10-01T06:00:00.0,6,11655.34508228925
2018-10-01T07:00:00.0,7,11100.305690533756
2018-10-01T08:00:00.0,8,10303.007606940273
2018-10-01T09:00:00.0,9,9331.297164960559
2018-10-01T10:00:00.0,10,8727.101675927666
2018-10-01T11:00:00.0,11,8137.350488638153
2018-10-01T12:00:00.0,12,7558.400779266846
2018-10-01T13:00:00.0,13,6707.433237916882
2018-10-01T14:00:00.0,14,5460.615020570286
2018-10-01T15:00:00.0,15,5417.611099435701
2018-10-01T16:00:00.0,16,5243.39420202052
2018-10-01T17:00:00.0,17,4620.043079005303
2018-10-01T18:00:00.0,18,4614.170940473112
2018-10-01T19:00:00.0,19,4361.803344084389
2018-10-01T20:00:00.0,20,4322.334525763866
2018-10-01T21:00:00.0,21,4443.946592791503
2018-10-01T22:00:00.0,22,4699.108053492958
2018-10-01T23:00:00.0,23,5252.315430159847
2018-10-02T00:00:00.0,0,7435.690104037566
2018-10-02T01:00:00.0,1,9671.67529222209
2018-10-02T02:00:00.0,2,10584.943757150546
2018-10-02T03:00:00.0,3,10845.412313568479
2018-10-02T04:00:00.0,4,10590.566374150298
2018-10-02T05:00:00.0,5,10261.332264529343
2018-10-02T06:00:00.0,6,9941.313760182898
2018-10-02T07:00:00.0,7,9529.773097367748
2018-10-02T08:00:00.0,8,8952.406436778103
2018-10-02T09:00:00.0,9,8492.808348666153
2018-10-02T10:00:00.0,10,8012.790637443097
2018-10-02T11:00:00.0,11,7616.48284098622
2018-10-02T12:00:00.0,12,7207.644184102072
2018-10-02T13:00:00.0,13,6987.0243623848
2018-10-02T14:00:00.0,14,6018.024243511035
2018-10-02T15:00:00.0,15,6229.27652855132
2018-10-02T16:00:00.0,16,5973.958606863825
2018-10-02T17:00:00.0,17,5438.21379269173
2018-10-02T18:00:00.0,18,5185.408691896067
2018-10-02T19:00:00.0,19,5451.013915521077
2018-10-02T20:00:00.0,20,5866.902746433562
2018-10-02T21:00:00.0,21,6474.976388325871
2018-10-02T22:00:00.0,22,7352.8657883748965
2018-10-02T23:00:00.0,23,8362.192149468387
2018-10-03T00:00:00.0,0,10775.850672185688
2018-10-03T01:00:00.0,1,12860.648247973075
2018-10-03T02:00:00.0,2,13967.425016552947
2018-10-03T03:00:00.0,3,14566.9964565897
2018-10-03T04:00:00.0,4,15201.945218623941
2018-10-03T05:00:00.0,5,15598.860412916029
2018-10-03T06:00:00.0,6,15622.590384840949
2018-10-03T07:00:00.0,7,15596.486818790792
2018-10-03T08:00:00.0,8,15478.7825963478
2018-10-03T09:00:00.0,9,15424.83385669458
2018-10-03T10:00:00.0,10,15143.902971462483
2018-10-03T11:00:00.0,11,14965.763102418532
2018-10-03T12:00:00.0,12,14738.597596932328
2018-10-03T13:00:00.0,13,14157.048707162554
2018-10-03T14:00:00.0,14,13383.477530262562
2018-10-03T15:00:00.0,15,12907.36975022882
2018-10-03T16:00:00.0,16,11927.040618554398
2018-10-03T17:00:00.0,17,11007.20134748322
2018-10-03T18:00:00.0,18,10223.863478556992
2018-10-03T19:00:00.0,19,9470.557914522627
2018-10-03T20:00:00.0,20,8808.910680447338
2018-10-03T21:00:00.0,21,8470.82712442102
2018-10-03T22:00:00.0,22,8476.554222748318
2018-10-03T23:00:00.0,23,9478.54773583935
2018-10-04T00:00:00.0,0,11792.047928078677
2018-10-04T01:00:00.0,1,13262.691308270087
2018-10-04T02:00:00.0,2,13902.53701512865
2018-10-04T03:00:00.0,3,13947.445449826402
2018-10-04T04:00:00.0,4,13802.938860819939
2018-10-04T05:00:00.0,5,13846.732477121675
2018-10-04T06:00:00.0,6,13727.820527828366
2018-10-04T07:00:00.0,7,13181.133180749166
2018-10-04T08:00:00.0,8,12837.725474069704
2018-10-04T09:00:00.0,9,12450.825830565182
2018-10-04T10:00:00.0,10,11799.04326555547
2018-10-04T11:00:00.0,11,10836.274669104101
2018-10-04T12:00:00.0,12,10265.580346871617
2018-10-04T13:00:00.0,13,9723.993322397084
2018-10-04T14:00:00.0,14,7757.985987010354
2018-10-04T15:00:00.0,15,6801.567809481513
2018-10-04T16:00:00.0,16,5443.842509657916
2018-10-04T17:00:00.0,17,4096.850855312815
2018-10-04T18:00:00.0,18,3548.554235468633
2018-10-04T19:00:00.0,19,3602.852165461278
2018-10-04T20:00:00.0,20,3836.0996453007247
2018-10-04T21:00:00.0,21,4595.274092266173
2018-10-04T22:00:00.0,22,5293.990519290764
2018-10-04T23:00:00.0,23,6653.506806881015
2018-10-05T00:00:00.0,0,9793.401501897848
2018-10-05T01:00:00.0,1,12167.289534435846
2018-10-05T02:00:00.0,2,13709.869399536832
2018-10-05T03:00:00.0,3,14562.931658461295
2018-10-05T04:00:00.0,4,14841.105380378636
2018-10-05T05:00:00.0,5,14855.477205266789
2018-10-05T06:00:00.0,6,14894.968304383583
2018-10-05T07:00:00.0,7,14640.769346565632
2018-10-05T08:00:00.0,8,14246.049193535726
2018-10-05T09:00:00.0,9,14043.6318841099
2018-10-05T10:00:00.0,10,13735.67608945487
2018-10-05T11:00:00.0,11,13403.375649031615
2018-10-05T12:00:00.0,12,12863.813037598366
2018-10-05T13:00:00.0,13,12307.025931779734
2018-10-05T14:00:00.0,14,11297.843228725798
2018-10-05T15:00:00.0,15,11283.136946614795
2018-10-05T16:00:00.0,16,10427.53719024336
2018-10-05T17:00:00.0,17,9310.290842776683
2018-10-05T18:00:00.0,18,8865.009771634961
2018-10-05T19:00:00.0,19,9059.816451904519
2018-10-05T20:00:00.0,20,9439.485101134247
2018-10-05T21:00:00.0,21,10238.760207726931
2018-10-05T22:00:00.0,22,10988.707816273161
2018-10-05T23:00:00.0,23,12349.264971001181
2018-10-06T00:00:00.0,0,14362.238053828549
2018-10-06T01:00:00.0,1,15532.062781535175
2018-10-06T02:00:00.0,2,15532.260551473997
2018-10-06T03:00:00.0,3,15592.448035755988
2018-10-06T04:00:00.0,4,15351.470487021003
2018-10-06T05:00:00.0,5,15214.987429216848
2018-10-06T06:00:00.0,6,14739.393090386227
2018-10-06T07:00:00.0,7,13936.159934385352
2018-10-06T08:00:00.0,8,13579.850949920301
2018-10-06T09:00:00.0,9,13400.418962971096
2018-10-06T10:00:00.0,10,13240.599212869449
2018-10-06T11:00:00.0,11,12836.377410680498
2018-10-06T12:00:00.0,12,11906.459708767667
2018-10-06T13:00:00.0,13,10684.171445668455
2018-10-06T14:00:00.0,14,8990.232718003748
2018-10-06T15:00:00.0,15,8377.113965797273
2018-10-06T16:00:00.0,16,6843.559353407621
2018-10-06T17:00:00.0,17,5235.691907897497
2018-10-06T18:00:00.0,18,4347.361139967997
2018-10-06T19:00:00.0,19,3949.3625861082473
2018-10-06T20:00:00.0,20,3952.289260994729
2018-10-06T21:00:00.0,21,4308.587599562659
2018-10-06T22:00:00.0,22,4743.5102381027455
2018-10-06T23:00:00.0,23,5584.953196916783
2018-10-07T00:00:00.0,0,7713.378620961074
2018-10-07T01:00:00.0,1,9020.238818865191
2018-10-07T02:00:00.0,2,9437.736008242333
2018-10-07T03:00:00.0,3,8841.190312726449
2018-10-07T04:00:00.0,4,8666.927826338755
2018-10-07T05:00:00.0,5,9175.667106957086
2018-10-07T06:00:00.0,6,10435.877197794076
2018-10-07T07:00:00.0,7,10629.03301827653
2018-10-07T08:00:00.0,8,10915.974647207508
2018-10-07T09:00:00.0,9,10930.394587104258
2018-10-07T10:00:00.0,10,10884.015638252642
2018-10-07T11:00:00.0,11,10723.67161999945
2018-10-07T12:00:00.0,12,10719.789485784175
2018-10-07T13:00:00.0,13,10369.302213842537
2018-10-07T14:00:00.0,14,9935.543108996933
2018-10-07T15:00:00.0,15,10910.01702267348
2018-10-07T16:00:00.0,16,11497.426845097181
2018-10-07T17:00:00.0,17,11957.767714528762
2018-10-07T18:00:00.0,18,12912.565079209917
2018-10-07T19:00:00.0,19,13376.713920224669
2018-10-07T20:00:00.0,20,13714.00070882257
2018-10-07T21:00:00.0,21,14313.948877277895
2018-10-07T22:00:00.0,22,15015.703282769346
2018-10-07T23:00:00.0,23,15923.529652779303
2018-10-08T00:00:00.0,0,17352.473808294006
2018-10-08T01:00:00.0,1,17759.5998885352
2018-10-08T02:00:00.0,2,18050.687369280542
2018-10-08T03:00:00.0,3,17998.773218436025
2018-10-08T04:00:00.0,4,18204.1747684138
2018-10-08T05:00:00.0,5,18351.562421520888
2018-10-08T06:00:00.0,6,17951.43596785357
2018-10-08T07:00:00.0,7,17825.43724145444
2018-10-08T08:00:00.0,8,17666.782538954412
2018-10-08T09:00:00.0,9,17085.02880646985
2018-10-08T10:00:00.0,10,16736.53235295786
2018-10-08T11:00:00.0,11,16043.883526656478
2018-10-08T12:00:00.0,12,15558.095074551084
2018-10-08T13:00:00.0,13,15084.07423760742
2018-10-08T14:00:00.0,14,14364.36030730772
2018-10-08T15:00:00.0,15,14105.111501892594
2018-10-08T16:00:00.0,16,13967.417036820194
2018-10-08T17:00:00.0,17,13303.68336079418
2018-10-08T18:00:00.0,18,12570.788005316941
2018-10-08T19:00:00.0,19,11773.263160621544
2018-10-08T20:00:00.0,20,11336.778817159606
2018-10-08T21:00:00.0,21,11152.00708546422
2018-10-08T22:00:00.0,22,11623.858644931774
2018-10-08T23:00:00.0,23,11452.934879668976
2018-10-09T00:00:00.0,0,11887.424546722328
2018-10-09T01:00:00.0,1,11261.449573660597
2018-10-09T02:00:00.0,2,10961.434065831505
2018-10-09T03:00:00.0,3,10769.694396055924
2018-10-09T04:00:00.0,4,10649.191113166713
2018-10-09T05:00:00.0,5,10052.188083196874
2018-10-09T06:00:00.0,6,9521.691279237224
2018-10-09T07:00:00.0,7,8002.862731915285
2018-10-09T08:00:00.0,8,7840.548940779844
2018-10-09T09:00:00.0,9,8403.69847421083
2018-10-09T10:00:00.0,10,8833.53737759519
2018-10-09T11:00:00.0,11,8337.08943977026
2018-10-09T12:00:00.0,12,6958.325093336628
2018-10-09T13:00:00.0,13,5571.217374059494
2018-10-09T14:00:00.0,14,4854.345220109233
2018-10-09T15:00:00.0,15,4066.9321908082907
2018-10-09T16:00:00.0,16,3588.6187889627545
2018-10-09T17:00:00.0,17,3156.115348846603
2018-10-09T18:00:00.0,18,3018.309551093055
2018-10-09T19:00:00.0,19,3251.8339497198644
2018-10-09T20:00:00.0,20,3570.6984442773282
2018-10-09T21:00:00.0,21,4015.057397702163
2018-10-09T22:00:00.0,22,4347.393577401032
2018-10-09T23:00:00.0,23,4994.726352693467
2018-10-10T00:00:00.0,0,6443.609883274861
2018-10-10T01:00:00.0,1,7912.442597650534
2018-10-10T02:00:00.0,2,8513.47191582421
2018-10-10T03:00:00.0,3,8658.069648759492
2018-10-10T04:00:00.0,4,8541.231952971835
2018-10-10T05:00:00.0,5,8054.960969571442
2018-10-10T06:00:00.0,6,7428.576668771185
2018-10-10T07:00:00.0,7,6936.542017179864
2018-10-10T08:00:00.0,8,6675.237084286236
2018-10-10T09:00:00.0,9,6236.092463616152
2018-10-10T10:00:00.0,10,5734.706110928899
2018-10-10T11:00:00.0,11,5424.439191540253
2018-10-10T12:00:00.0,12,5140.298416075129
2018-10-10T13:00:00.0,13,4100.215110418613
2018-10-10T14:00:00.0,14,2323.266569434654
2018-10-10T15:00:00.0,15,1412.5290657312987
2018-10-10T16:00:00.0,16,755.9714753808385
2018-10-10T17:00:00.0,17,409.7487540010666
2018-10-10T18:00:00.0,18,318.25762603554557
2018-10-10T19:00:00.0,19,401.939485136958
2018-10-10T20:00:00.0,20,589.4966363351593
2018-10-10T21:00:00.0,21,814.9625473800537
2018-10-10T22:00:00.0,22,999.1689913126612
2018-10-10T23:00:00.0,23,1570.9976984299008
2018-10-11T00:00:00.0,0,3281.8732235487955
2018-10-11T01:00:00.0,1,5242.882066549567
2018-10-11T02:00:00.0,2,6573.864869226512
2018-10-11T03:00:00.0,3,7343.257285322809
2018-10-11T04:00:00.0,4,7575.719078313324
2018-10-11T05:00:00.0,5,7756.823135428793
2018-10-11T06:00:00.0,6,7726.21036497032
2018-10-11T07:00:00.0,7,7433.911855442569
2018-10-11T08:00:00.0,8,7493.544867970319
2018-10-11T09:00:00.0,9,7699.854075110373
2018-10-11T10:00:00.0,10,7793.134469491873
2018-10-11T11:00:00.0,11,7866.581621743208
2018-10-11T12:00:00.0,12,8023.48487765227
2018-10-11T13:00:00.0,13,7032.247575466971
2018-10-11T14:00:00.0,14,5100.586727388371
2018-10-11T15:00:00.0,15,4466.478784060208
2018-10-11T16:00:00.0,16,3781.1300708234708
2018-10-11T17:00:00.0,17,3546.778541624819
2018-10-11T18:00:00.0,18,3692.944814143333
2018-10-11T19:00:00.0,19,3578.4802403461904
2018-10-11T20:00:00.0,20,3680.9582360976833
2018-10-11T21:00:00.0,21,3652.6188401946056
2018-10-11T22:00:00.0,22,4005.621197846933
2018-10-11T23:00:00.0,23,4550.553689417683
2018-10-12T00:00:00.0,0,5951.444715104505
2018-10-12T01:00:00.0,1,7725.303327272367
2018-10-12T02:00:00.0,2,9203.359431457795
2018-10-12T03:00:00.0,3,9990.564204176335
2018-10-12T04:00:00.0,4,10137.755348898902
2018-10-12T05:00:00.0,5,10078.094567742954
2018-10-12T06:00:00.0,6,9927.888876504805
2018-10-12T07:00:00.0,7,9409.687038095066
2018-10-12T08:00:00.0,8,9010.042841357468
2018-10-12T09:00:00.0,9,8749.59443094251
2018-10-12T10:00:00.0,10,8413.612668663563
2018-10-12T11:00:00.0,11,8178.399312187187
2018-10-12T12:00:00.0,12,7959.645207692639
2018-10-12T13:00:00.0,13,7552.428519890709
2018-10-12T14:00:00.0,14,6645.974052114896
2018-10-12T15:00:00.0,15,5773.23189212444
2018-10-12T16:00:00.0,16,5160.713637929733
2018-10-12T17:00:00.0,17,4565.051126484438
2018-10-12T18:00:00.0,18,4022.2713867071384
2018-10-12T19:00:00.0,19,3223.7158364803745
2018-10-12T20:00:00.0,20,2635.69119298758
2018-10-12T21:00:00.0,21,2378.37296497788
2018-10-12T22:00:00.0,22,2551.3694739767957
2018-10-12T23:00:00.0,23,3303.9913886550416
2018-10-13T00:00:00.0,0,5180.921616396619
2018-10-13T01:00:00.0,1,6311.37818678423
2018-10-13T02:00:00.0,2,6730.4158223782715
2018-10-13T03:00:00.0,3,6591.714461497221
2018-10-13T04:00:00.0,4,6287.104989558608
2018-10-13T05:00:00.0,5,5750.4594083072
2018-10-13T06:00:00.0,6,5785.048788366085
2018-10-13T07:00:00.0,7,6412.001631944899
2018-10-13T08:00:00.0,8,7435.418300336994
2018-10-13T09:00:00.0,9,8148.9104783170815
2018-10-13T10:00:00.0,10,9915.348548634121
2018-10-13T11:00:00.0,11,11393.210418606419
2018-10-13T12:00:00.0,12,11619.079169322911
2018-10-13T13:00:00.0,13,11309.982779272194
2018-10-13T14:00:00.0,14,10432.923043193128
2018-10-13T15:00:00.0,15,9948.864013606111
2018-10-13T16:00:00.0,16,8646.305766837859
2018-10-13T17:00:00.0,17,7256.185278469436
2018-10-13T18:00:00.0,18,6064.575730855092
2018-10-13T19:00:00.0,19,5241.35678161532
2018-10-13T20:00:00.0,20,4677.562718719488
2018-10-13T21:00:00.0,21,4366.758124552061
2018-10-13T22:00:00.0,22,4139.493482456916
2018-10-13T23:00:00.0,23,4448.268180697905
2018-10-14T00:00:00.0,0,5576.949960046124
2018-10-14T01:00:00.0,1,5948.4264156914405
2018-10-14T02:00:00.0,2,5490.0447335367135
2018-10-14T03:00:00.0,3,5307.6250723683115
2018-10-14T04:00:00.0,4,5928.2380210824485
2018-10-14T05:00:00.0,5,6905.5569429773395
2018-10-14T06:00:00.0,6,8253.935854647245
2018-10-14T07:00:00.0,7,8608.305888766437
2018-10-14T08:00:00.0,8,8736.866146515576
2018-10-14T09:00:00.0,9,8686.814152229274
2018-10-14T10:00:00.0,10,8185.292985539349
2018-10-14T11:00:00.0,11,8420.305325034507
2018-10-14T12:00:00.0,12,9286.050191356899
2018-10-14T13:00:00.0,13,9303.460081725405
2018-10-14T14:00:00.0,14,8243.087166588315
2018-10-14T15:00:00.0,15,8233.426143838045
2018-10-14T16:00:00.0,16,8488.693637546905
2018-10-14T17:00:00.0,17,8015.300068271749
2018-10-14T18:00:00.0,18,7693.9893077277775
2018-10-14T19:00:00.0,19,8074.876538360159
2018-10-14T20:00:00.0,20,9799.191960861996
2018-10-14T21:00:00.0,21,12950.673090900202
2018-10-14T22:00:00.0,22,14795.685987615425
2018-10-14T23:00:00.0,23,15673.418362206874
2018-10-15T00:00:00.0,0,16558.71118417663
2018-10-15T01:00:00.0,1,17134.034539438388
2018-10-15T02:00:00.0,2,17361.96401045564
2018-10-15T03:00:00.0,3,17147.7355852708
2018-10-15T04:00:00.0,4,16776.25475754643
2018-10-15T05:00:00.0,5,16294.298794383416
2018-10-15T06:00:00.0,6,15599.631158306956
2018-10-15T07:00:00.0,7,15164.622821074538
2018-10-15T08:00:00.0,8,14871.694324792543
2018-10-15T09:00:00.0,9,14327.558021947409
2018-10-15T10:00:00.0,10,13785.621314863905
2018-10-15T11:00:00.0,11,13630.838438656321
2018-10-15T12:00:00.0,12,13186.078405868599
2018-10-15T13:00:00.0,13,12445.513528569698
2018-10-15T14:00:00.0,14,12150.87900134333
2018-10-15T15:00:00.0,15,12315.038696651092
2018-10-15T16:00:00.0,16,12037.62607315976
2018-10-15T17:00:00.0,17,12291.075237973693
2018-10-15T18:00:00.0,18,11995.161421612609
2018-10-15T19:00:00.0,19,11072.781050037202
2018-10-15T20:00:00.0,20,9870.082913027047
2018-10-15T21:00:00.0,21,9330.965846880032
2018-10-15T22:00:00.0,22,9159.655214117589
2018-10-15T23:00:00.0,23,9062.418960597139
2018-10-16T00:00:00.0,0,9037.982731948765
2018-10-16T01:00:00.0,1,8653.727823185987
2018-10-16T02:00:00.0,2,8197.833133644677
2018-10-16T03:00:00.0,3,8016.956054116797
2018-10-16T04:00:00.0,4,7306.524405254034
2018-10-16T05:00:00.0,5,7119.659559343368
2018-10-16T06:00:00.0,6,6417.121611775579
2018-10-16T07:00:00.0,7,6333.212020978829
2018-10-16T08:00:00.0,8,6531.894537712466
2018-10-16T09:00:00.0,9,6667.974905723542
2018-10-16T10:00:00.0,10,6557.170073731176
2018-10-16T11:00:00.0,11,6617.115520530035
2018-10-16T12:00:00.0,12,6622.612407694688
2018-10-16T13:00:00.0,13,6496.732773735537
2018-10-16T14:00:00.0,14,6102.556907992763
2018-10-16T15:00:00.0,15,5257.984296179636
2018-10-16T16:00:00.0,16,4779.851948980896
2018-10-16T17:00:00.0,17,4063.6271894849397
2018-10-16T18:00:00.0,18,3708.413183442495
2018-10-16T19:00:00.0,19,4219.629020044821
2018-10-16T20:00:00.0,20,4375.960057392434
2018-10-16T21:00:00.0,21,4155.554861107027
2018-10-16T22:00:00.0,22,4587.898933256868
2018-10-16T23:00:00.0,23,4337.090663168367
2018-10-17T00:00:00.0,0,4047.1027840029546
2018-10-17T01:00:00.0,1,4037.248329941524
2018-10-17T02:00:00.0,2,3928.6650275879933
2018-10-17T03:00:00.0,3,3651.8550384633004
2018-10-17T04:00:00.0,4,3814.1028391860636
2018-10-17T05:00:00.0,5,3754.032626548755
2018-10-17T06:00:00.0,6,3601.3778947777514
2018-10-17T07:00:00.0,7,3651.0162500775114
2018-10-17T08:00:00.0,8,3880.13016660513
2018-10-17T09:00:00.0,9,4410.042847131888
2018-10-17T10:00:00.0,10,4640.871337018573
2018-10-17T11:00:00.0,11,4598.091203550651
2018-10-17T12:00:00.0,12,5059.372421775949
2018-10-17T13:00:00.0,13,4702.634547626989
2018-10-17T14:00:00.0,14,5087.394477368759
2018-10-17T15:00:00.0,15,4384.011899500971
2018-10-17T16:00:00.0,16,4004.2399472200864
2018-10-17T17:00:00.0,17,3888.7709784311705
2018-10-17T18:00:00.0,18,3955.9732239047844
2018-10-17T19:00:00.0,19,4354.483065725158
2018-10-17T20:00:00.0,20,4341.473819737291
2018-10-17T21:00:00.0,21,4249.045450216775
2018-10-17T22:00:00.0,22,4422.601402054132
2018-10-17T23:00:00.0,23,4247.996117212351
2018-10-18T00:00:00.0,0,4108.922571523591
2018-10-18T01:00:00.0,1,3976.8838427180804
2018-10-18T02:00:00.0,2,3847.190966990415
2018-10-18T03:00:00.0,3,3518.2162577178005
2018-10-18T04:00:00.0,4,3329.3236172660654
2018-10-18T05:00:00.0,5,3187.9344966990216
2018-10-18T06:00:00.0,6,2943.265827178749
2018-10-18T07:00:00.0,7,3056.854904287304
2018-10-18T08:00:00.0,8,2765.921992549535
2018-10-18T09:00:00.0,9,2833.804317051769
2018-10-18T10:00:00.0,10,3034.361865680754
2018-10-18T11:00:00.0,11,3212.4201880945443
2018-10-18T12:00:00.0,12,3405.485700836149
2018-10-18T13:00:00.0,13,3216.3794192577284
2018-10-18T14:00:00.0,14,2943.9509254895092
2018-10-18T15:00:00.0,15,2639.631107465963
2018-10-18T16:00:00.0,16,2410.3711977975477
2018-10-18T17:00:00.0,17,2287.7542282453473
2018-10-18T18:00:00.0,18,2094.5539144111613
2018-10-18T19:00:00.0,19,1865.0841231549284
2018-10-18T20:00:00.0,20,1725.1972384582039
2018-10-18T21:00:00.0,21,1743.0196903843462
2018-10-18T22:00:00.0,22,1858.5965556367848
2018-10-18T23:00:00.0,23,1941.8386382794206
2018-10-19T00:00:00.0,0,2160.6085361720197
2018-10-19T01:00:00.0,1,2263.6080251446106
2018-10-19T02:00:00.0,2,2280.466926187801
2018-10-19T03:00:00.0,3,2307.178462060662
2018-10-19T04:00:00.0,4,2401.39206154373
2018-10-19T05:00:00.0,5,2533.0475589963457
2018-10-19T06:00:00.0,6,2908.8511879138787
2018-10-19T07:00:00.0,7,3018.5794304663727
2018-10-19T08:00:00.0,8,2898.100327564791
2018-10-19T09:00:00.0,9,2766.624348118044
2018-10-19T10:00:00.0,10,2622.4594983308766
2018-10-19T11:00:00.0,11,2922.4421326800984
2018-10-19T12:00:00.0,12,2856.01486284513
2018-10-19T13:00:00.0,13,2633.785091124346
2018-10-19T14:00:00.0,14,1709.88149309048
2018-10-19T15:00:00.0,15,1048.7351427059036
2018-10-19T16:00:00.0,16,806.1093440162167
2018-10-19T17:00:00.0,17,653.1828811618652
2018-10-19T18:00:00.0,18,650.2552663920728
2018-10-19T19:00:00.0,19,676.6439932464172
2018-10-19T20:00:00.0,20,687.8008107743123
2018-10-19T21:00:00.0,21,855.0915305192306
2018-10-19T22:00:00.0,22,858.1749514248148
2018-10-19T23:00:00.0,23,914.5400920418642
2018-10-20T00:00:00.0,0,1119.2845065359527
2018-10-20T01:00:00.0,1,1362.8641617418618
2018-10-20T02:00:00.0,2,1498.7400216058504
2018-10-20T03:00:00.0,3,1640.8066231949708
2018-10-20T04:00:00.0,4,1939.116844528751
2018-10-20T05:00:00.0,5,2324.267216924187
2018-10-20T06:00:00.0,6,3103.835932363238
2018-10-20T07:00:00.0,7,4121.462256547063
2018-10-20T08:00:00.0,8,5140.440268951354
2018-10-20T09:00:00.0,9,6407.309871805472
2018-10-20T10:00:00.0,10,7657.253366364222
2018-10-20T11:00:00.0,11,8083.352083999602
2018-10-20T12:00:00.0,12,8244.0816741708
2018-10-20T13:00:00.0,13,7861.183528736757
2018-10-20T14:00:00.0,14,5977.042207204755
2018-10-20T15:00:00.0,15,4535.3601712970485
2018-10-20T16:00:00.0,16,3954.047642053182
2018-10-20T17:00:00.0,17,3653.9562955176684
2018-10-20T18:00:00.0,18,3432.371583812306
2018-10-20T19:00:00.0,19,3267.8839914620735
2018-10-20T20:00:00.0,20,3268.0049236609398
2018-10-20T21:00:00.0,21,3494.26087506308
2018-10-20T22:00:00.0,22,3916.8046298593495
2018-10-20T23:00:00.0,23,4623.032119079456
2018-10-21T00:00:00.0,0,5941.756379120721
2018-10-21T01:00:00.0,1,6379.222128631206
2018-10-21T02:00:00.0,2,6825.813527506565
2018-10-21T03:00:00.0,3,6850.975986375107
2018-10-21T04:00:00.0,4,6534.168384079349
2018-10-21T05:00:00.0,5,6197.228772770239
2018-10-21T06:00:00.0,6,5662.230383625682
2018-10-21T07:00:00.0,7,5183.93880709978
2018-10-21T08:00:00.0,8,4883.6540978536
2018-10-21T09:00:00.0,9,4565.718268544448
2018-10-21T10:00:00.0,10,4773.130934331816
2018-10-21T11:00:00.0,11,4701.326520952924
2018-10-21T12:00:00.0,12,4937.533431005329
2018-10-21T13:00:00.0,13,5102.735295572023
2018-10-21T14:00:00.0,14,4769.568500400332
2018-10-21T15:00:00.0,15,4030.979991055447
2018-10-21T16:00:00.0,16,4421.886723414187
2018-10-21T17:00:00.0,17,4472.139655667596
2018-10-21T18:00:00.0,18,4171.174242191122
2018-10-21T19:00:00.0,19,3996.749200221821
2018-10-21T20:00:00.0,20,3906.5313409863143
2018-10-21T21:00:00.0,21,3877.7793682632523
2018-10-21T22:00:00.0,22,3733.5312117278704
2018-10-21T23:00:00.0,23,4365.393616522081
2018-10-22T00:00:00.0,0,5289.943680982479
2018-10-22T01:00:00.0,1,6231.595579261945
2018-10-22T02:00:00.0,2,7331.7509283334175
2018-10-22T03:00:00.0,3,7947.728485596485
2018-10-22T04:00:00.0,4,8528.543397263978
2018-10-22T05:00:00.0,5,9436.456249761322
2018-10-22T06:00:00.0,6,9659.372033656786
2018-10-22T07:00:00.0,7,9101.243754667581
2018-10-22T08:00:00.0,8,8742.59586495089
2018-10-22T09:00:00.0,9,8340.106436270915
2018-10-22T10:00:00.0,10,7960.172009081784
2018-10-22T11:00:00.0,11,7430.516767386449
2018-10-22T12:00:00.0,12,7136.530074908544
2018-10-22T13:00:00.0,13,6796.198584339098
2018-10-22T14:00:00.0,14,5481.082671706136
2018-10-22T15:00:00.0,15,3669.2262038996137
2018-10-22T16:00:00.0,16,3248.052193640871
2018-10-22T17:00:00.0,17,2802.3761622520014
2018-10-22T18:00:00.0,18,2649.2201313842415
2018-10-22T19:00:00.0,19,2817.537128499265
2018-10-22T20:00:00.0,20,3153.233605400106
2018-10-22T21:00:00.0,21,3528.6559424317497
2018-10-22T22:00:00.0,22,3927.323900963425
2018-10-22T23:00:00.0,23,5011.169116083524
2018-10-23T00:00:00.0,0,5960.076734781217
2018-10-23T01:00:00.0,1,6248.030038833033
2018-10-23T02:00:00.0,2,6118.666553423467
2018-10-23T03:00:00.0,3,5832.178739684693
2018-10-23T04:00:00.0,4,5232.6427087423735
2018-10-23T05:00:00.0,5,4671.117218339659
2018-10-23T06:00:00.0,6,4123.2770979735305
2018-10-23T07:00:00.0,7,3803.5179350069216
2018-10-23T08:00:00.0,8,3403.9384341284676
2018-10-23T09:00:00.0,9,2900.8619593880544
2018-10-23T10:00:00.0,10,2441.7484465080006
2018-10-23T11:00:00.0,11,2090.6658006068924
2018-10-23T12:00:00.0,12,1726.9088953212367
2018-10-23T13:00:00.0,13,1459.7350568228383
2018-10-23T14:00:00.0,14,1258.2752906292374
2018-10-23T15:00:00.0,15,1033.5193746281523
2018-10-23T16:00:00.0,16,868.892548754707
2018-10-23T17:00:00.0,17,852.8187932875206
2018-10-23T18:00:00.0,18,917.838814737975
2018-10-23T19:00:00.0,19,965.0599215861736
2018-10-23T20:00:00.0,20,1191.258829540241
2018-10-23T21:00:00.0,21,1528.6080309947747
2018-10-23T22:00:00.0,22,1975.3016893776355
2018-10-23T23:00:00.0,23,2650.7046032951316
2018-10-24T00:00:00.0,0,3710.9840578465028
2018-10-24T01:00:00.0,1,4957.841777083439
2018-10-24T02:00:00.0,2,5990.425762423599
2018-10-24T03:00:00.0,3,6735.617837170157
2018-10-24T04:00:00.0,4,7142.132216454523
2018-10-24T05:00:00.0,5,7370.73378529276
2018-10-24T06:00:00.0,6,7057.92057779722
2018-10-24T07:00:00.0,7,6214.26656789265
2018-10-24T08:00:00.0,8,5275.5080432829045
2018-10-24T09:00:00.0,9,4489.239996958256
2018-10-24T10:00:00.0,10,3747.3897400866476
2018-10-24T11:00:00.0,11,3129.7678712230304
2018-10-24T12:00:00.0,12,3611.416462487668
2018-10-24T13:00:00.0,13,3543.9345718104487
2018-10-24T14:00:00.0,14,3947.300356752303
2018-10-24T15:00:00.0,15,3194.4087794514053
2018-10-24T16:00:00.0,16,3234.181556666042
2018-10-24T17:00:00.0,17,2407.322491436636
2018-10-24T18:00:00.0,18,1967.4971758837362
2018-10-24T19:00:00.0,19,1080.7596782171133
2018-10-24T20:00:00.0,20,691.8202688312504
2018-10-24T21:00:00.0,21,526.9675253314982
2018-10-24T22:00:00.0,22,455.05391404508555
2018-10-24T23:00:00.0,23,506.4431458448541
2018-10-25T00:00:00.0,0,641.8022975090071
2018-10-25T01:00:00.0,1,712.3230073935915
2018-10-25T02:00:00.0,2,764.6769264726687
2018-10-25T03:00:00.0,3,690.5179064637833
2018-10-25T04:00:00.0,4,546.4347754169395
2018-10-25T05:00:00.0,5,454.91163776805257
2018-10-25T06:00:00.0,6,499.7753990979227
2018-10-25T07:00:00.0,7,676.9723041425774
2018-10-25T08:00:00.0,8,976.714666885312
2018-10-25T09:00:00.0,9,1266.262171671919
2018-10-25T10:00:00.0,10,1512.8679427693835
2018-10-25T11:00:00.0,11,1905.4508017468395
2018-10-25T12:00:00.0,12,2223.4097749163443
2018-10-25T13:00:00.0,13,2230.288667173799
2018-10-25T14:00:00.0,14,1642.3905401339523
2018-10-25T15:00:00.0,15,1255.4104466429114
2018-10-25T16:00:00.0,16,1138.4802829893065
2018-10-25T17:00:00.0,17,1076.2821272473814
2018-10-25T18:00:00.0,18,1106.298722359512
2018-10-25T19:00:00.0,19,1136.756408944786
2018-10-25T20:00:00.0,20,1119.405862155694
2018-10-25T21:00:00.0,21,1221.5684105881674
2018-10-25T22:00:00.0,22,1013.9509487134542
2018-10-25T23:00:00.0,23,797.9765335042084
2018-10-26T00:00:00.0,0,664.2859183568456
2018-10-26T01:00:00.0,1,464.6395599923458
2018-10-26T02:00:00.0,2,371.4605955191755
2018-10-26T03:00:00.0,3,350.8761650883905
2018-10-26T04:00:00.0,4,318.0849577277678
2018-10-26T05:00:00.0,5,238.53844572889628
2018-10-26T06:00:00.0,6,233.5784799083759
2018-10-26T07:00:00.0,7,344.47292935639535
2018-10-26T08:00:00.0,8,571.911368561524
2018-10-26T09:00:00.0,9,823.850872292997
2018-10-26T10:00:00.0,10,965.379633039311
2018-10-26T11:00:00.0,11,1045.238597090711
2018-10-26T12:00:00.0,12,991.918882266979
2018-10-26T13:00:00.0,13,905.1654233179655
2018-10-26T14:00:00.0,14,616.2451041996509
2018-10-26T15:00:00.0,15,306.4146778926941
2018-10-26T16:00:00.0,16,207.9302127592815
2018-10-26T17:00:00.0,17,240.3887339583374
2018-10-26T18:00:00.0,18,298.86239105974647
2018-10-26T19:00:00.0,19,348.92808493758974
2018-10-26T20:00:00.0,20,356.7570293800247
2018-10-26T21:00:00.0,21,365.55803405694405
2018-10-26T22:00:00.0,22,288.5512352567951
2018-10-26T23:00:00.0,23,306.45529589695906
2018-10-27T00:00:00.0,0,639.220463558165
2018-10-27T01:00:00.0,1,1102.1620714988082
2018-10-27T02:00:00.0,2,2119.6543365415196
2018-10-27T03:00:00.0,3,3569.882401590046
2018-10-27T04:00:00.0,4,4736.885385554171
2018-10-27T05:00:00.0,5,5493.890328702571
2018-10-27T06:00:00.0,6,6375.386713218567
2018-10-27T07:00:00.0,7,6969.802309847299
2018-10-27T08:00:00.0,8,7188.223800724906
2018-10-27T09:00:00.0,9,6860.726145226494
2018-10-27T10:00:00.0,10,6317.534357138456
2018-10-27T11:00:00.0,11,5639.60566225911
2018-10-27T12:00:00.0,12,4871.760498702273
2018-10-27T13:00:00.0,13,4256.763007643549
2018-10-27T14:00:00.0,14,3340.7937577314115
2018-10-27T15:00:00.0,15,1771.2744346755183
2018-10-27T16:00:00.0,16,937.3002263438212
2018-10-27T17:00:00.0,17,691.5728146183602
2018-10-27T18:00:00.0,18,610.3322316755706
2018-10-27T19:00:00.0,19,642.2960139276684
2018-10-27T20:00:00.0,20,737.1212301991268
2018-10-27T21:00:00.0,21,892.8444640812141
2018-10-27T22:00:00.0,22,1106.88299884501
2018-10-27T23:00:00.0,23,1917.4308224227127
2018-10-28T00:00:00.0,0,2945.6367104638944
2018-10-28T01:00:00.0,1,4389.357515933937
2018-10-28T02:00:00.0,2,6406.549589146867
2018-10-28T03:00:00.0,3,8382.435939859326
2018-10-28T04:00:00.0,4,10085.369981321322
2018-10-28T05:00:00.0,5,10955.138508776014
2018-10-28T06:00:00.0,6,11466.688147052324
2018-10-28T07:00:00.0,7,11471.633167513364
2018-10-28T08:00:00.0,8,11042.428262811874
2018-10-28T09:00:00.0,9,10489.760380227304
2018-10-28T10:00:00.0,10,9874.060446168425
2018-10-28T11:00:00.0,11,9381.955441015281
2018-10-28T12:00:00.0,12,8430.687682170317
2018-10-28T13:00:00.0,13,7649.584722891889
2018-10-28T14:00:00.0,14,5741.929296770862
2018-10-28T15:00:00.0,15,3271.919998871394
2018-10-28T16:00:00.0,16,2150.137547295215
2018-10-28T17:00:00.0,17,1482.5287265377547
2018-10-28T18:00:00.0,18,1030.8732890486033
2018-10-28T19:00:00.0,19,746.1202114625503
2018-10-28T20:00:00.0,20,648.3559504070646
2018-10-28T21:00:00.0,21,620.4347485743835
2018-10-28T22:00:00.0,22,821.9157743725242
2018-10-28T23:00:00.0,23,1781.5716439121059
2018-10-29T00:00:00.0,0,3369.883537528272
2018-10-29T01:00:00.0,1,4515.268969297585
2018-10-29T02:00:00.0,2,5151.601338317466
2018-10-29T03:00:00.0,3,5470.636782466801
2018-10-29T04:00:00.0,4,6087.547951157765
2018-10-29T05:00:00.0,5,6550.273451121912
2018-10-29T06:00:00.0,6,7375.973525769145
2018-10-29T07:00:00.0,7,8048.9383054865275
2018-10-29T08:00:00.0,8,8367.115142773882
2018-10-29T09:00:00.0,9,8669.271544724646
2018-10-29T10:00:00.0,10,9096.328845276947
2018-10-29T11:00:00.0,11,9466.328258948277
2018-10-29T12:00:00.0,12,9440.451587557742
2018-10-29T13:00:00.0,13,9377.848249347313
2018-10-29T14:00:00.0,14,8145.9359491581445
2018-10-29T15:00:00.0,15,6297.411612990528
2018-10-29T16:00:00.0,16,5941.503673405322
2018-10-29T17:00:00.0,17,6151.031085030128
2018-10-29T18:00:00.0,18,6663.236839214798
2018-10-29T19:00:00.0,19,7365.064827283586
2018-10-29T20:00:00.0,20,7709.933535972904
2018-10-29T21:00:00.0,21,8003.977195248276
2018-10-29T22:00:00.0,22,9290.560553798856
2018-10-29T23:00:00.0,23,12093.825630044885
2018-10-30T00:00:00.0,0,15036.5064474983
2018-10-30T01:00:00.0,1,16552.352132057487
2018-10-30T02:00:00.0,2,16997.959670734585
2018-10-30T03:00:00.0,3,17352.81351118846
2018-10-30T04:00:00.0,4,17603.108786144858
2018-10-30T05:00:00.0,5,17491.889343098377
2018-10-30T06:00:00.0,6,17587.774358314506
2018-10-30T07:00:00.0,7,17490.81001778314
2018-10-30T08:00:00.0,8,17106.405623512976
2018-10-30T09:00:00.0,9,16443.400680438954
2018-10-30T10:00:00.0,10,16033.223405009412
2018-10-30T11:00:00.0,11,15470.526825437117
2018-10-30T12:00:00.0,12,15510.659188779115
2018-10-30T13:00:00.0,13,15164.705493879068
2018-10-30T14:00:00.0,14,13896.05155845201
2018-10-30T15:00:00.0,15,11635.361994523153
2018-10-30T16:00:00.0,16,9688.583672291841
2018-10-30T17:00:00.0,17,7963.887441863803
2018-10-30T18:00:00.0,18,6623.261585134592
2018-10-30T19:00:00.0,19,5617.447933595151
2018-10-30T20:00:00.0,20,4759.16692488725
2018-10-30T21:00:00.0,21,4389.389353190455
2018-10-30T22:00:00.0,22,4938.596052414331
2018-10-30T23:00:00.0,23,6982.66136988456
2018-10-31T00:00:00.0,0,8387.719055072703
2018-10-31T01:00:00.0,1,8465.292144082645
2018-10-31T02:00:00.0,2,8435.252801888812
2018-10-31T03:00:00.0,3,8066.386548499209
2018-10-31T04:00:00.0,4,7644.147957148518
2018-10-31T05:00:00.0,5,7068.783908901131
2018-10-31T06:00:00.0,6,6532.484267151744
2018-10-31T07:00:00.0,7,6204.154161853552
2018-10-31T08:00:00.0,8,6141.587994321781
2018-10-31T09:00:00.0,9,6212.228661596917
2018-10-31T10:00:00.0,10,6352.786436232047
2018-10-31T11:00:00.0,11,6523.4098979754845
2018-10-31T12:00:00.0,12,6904.842517171234
2018-10-31T13:00:00.0,13,7299.7147735978
2018-10-31T14:00:00.0,14,7597.5870754962925
2018-10-31T15:00:00.0,15,8271.38465126961
2018-10-31T16:00:00.0,16,7826.823489224643
2018-10-31T17:00:00.0,17,7921.077966256689
2018-10-31T18:00:00.0,18,7730.362783096596
2018-10-31T19:00:00.0,19,7700.004972249274
2018-10-31T20:00:00.0,20,8839.031496699834
2018-10-31T21:00:00.0,21,9842.597908259826
2018-10-31T22:00:00.0,22,9769.446796714836
2018-10-31T23:00:00.0,23,9252.510778804697
2018-11-01T00:00:00.0,0,9746.140969959437
2018-11-01T01:00:00.0,1,9101.660626383384
2018-11-01T02:00:00.0,2,8662.68427005552
2018-11-01T03:00:00.0,3,7844.311350522738
2018-11-01T04:00:00.0,4,6897.465991099748
2018-11-01T05:00:00.0,5,6565.2089985574175
2018-11-01T06:00:00.0,6,6196.132397891015
2018-11-01T07:00:00.0,7,6302.163546013751
2018-11-01T08:00:00.0,8,6868.919247644427
2018-11-01T09:00:00.0,9,7981.520734635047
2018-11-01T10:00:00.0,10,8313.051911758217
2018-11-01T11:00:00.0,11,8495.739749632321
2018-11-01T12:00:00.0,12,7920.466906070404
2018-11-01T13:00:00.0,13,6615.903885894579
2018-11-01T14:00:00.0,14,4118.186538134525
2018-11-01T15:00:00.0,15,2386.3079950525603
2018-11-01T16:00:00.0,16,1791.3580403927779
2018-11-01T17:00:00.0,17,1311.731869145948
2018-11-01T18:00:00.0,18,931.1598519706755
2018-11-01T19:00:00.0,19,735.778517932163
2018-11-01T20:00:00.0,20,681.5824131730581
2018-11-01T21:00:00.0,21,581.2690679533608
2018-11-01T22:00:00.0,22,510.91738364907116
2018-11-01T23:00:00.0,23,566.484319254398
2018-11-02T00:00:00.0,0,628.2198955359835
2018-11-02T01:00:00.0,1,732.7737867942556
2018-11-02T02:00:00.0,2,884.7529802870995
2018-11-02T03:00:00.0,3,1081.355762321394
2018-11-02T04:00:00.0,4,1593.9306999478642
2018-11-02T05:00:00.0,5,2435.2981505750195
2018-11-02T06:00:00.0,6,3679.007388862712
2018-11-02T07:00:00.0,7,5267.284080189505
2018-11-02T08:00:00.0,8,6804.611334580498
2018-11-02T09:00:00.0,9,7963.132522380616
2018-11-02T10:00:00.0,10,8825.14401527542
2018-11-02T11:00:00.0,11,9404.036513175286
2018-11-02T12:00:00.0,12,9288.617851564954
2018-11-02T13:00:00.0,13,9029.361149722108
2018-11-02T14:00:00.0,14,7396.018987223931
2018-11-02T15:00:00.0,15,4442.9872889021835
2018-11-02T16:00:00.0,16,2949.5258184229406
2018-11-02T17:00:00.0,17,2980.288590038394
2018-11-02T18:00:00.0,18,3200.8694178423207
2018-11-02T19:00:00.0,19,3176.766781189592
2018-11-02T20:00:00.0,20,3137.740939292256
2018-11-02T21:00:00.0,21,3258.1674404780256
2018-11-02T22:00:00.0,22,3645.1806927492726
2018-11-02T23:00:00.0,23,5055.682195292587
2018-11-03T00:00:00.0,0,6598.965387326207
2018-11-03T01:00:00.0,1,8567.461492495093
2018-11-03T02:00:00.0,2,10819.476286423629
2018-11-03T03:00:00.0,3,12624.905824034671
2018-11-03T04:00:00.0,4,13603.088269961392
2018-11-03T05:00:00.0,5,14208.237542967085
2018-11-03T06:00:00.0,6,14632.426260567636
2018-11-03T07:00:00.0,7,14996.893464056237
2018-11-03T08:00:00.0,8,15082.045971129992
2018-11-03T09:00:00.0,9,14800.981702453553
2018-11-03T10:00:00.0,10,14582.389682490211
2018-11-03T11:00:00.0,11,14446.754923155475
2018-11-03T12:00:00.0,12,14596.771588057947
2018-11-03T13:00:00.0,13,14875.228535366734
2018-11-03T14:00:00.0,14,14281.803852465382
2018-11-03T15:00:00.0,15,13239.38268743242
2018-11-03T16:00:00.0,16,12848.759291376555
2018-11-03T17:00:00.0,17,12845.544567788536
2018-11-03T18:00:00.0,18,12019.609455140264
2018-11-03T19:00:00.0,19,10745.799396136674
2018-11-03T20:00:00.0,20,9699.68778963536
2018-11-03T21:00:00.0,21,8655.044030925357
2018-11-03T22:00:00.0,22,8416.678044408869
2018-11-03T23:00:00.0,23,10920.096106746916
2018-11-04T00:00:00.0,0,12443.726926731666
2018-11-04T01:00:00.0,1,12089.431282971133
2018-11-04T02:00:00.0,2,11939.71692711182
2018-11-04T03:00:00.0,3,10722.241154469508
2018-11-04T04:00:00.0,4,9098.16925984246
2018-11-04T05:00:00.0,5,7430.730312271931
2018-11-04T06:00:00.0,6,6156.537684164569
2018-11-04T07:00:00.0,7,5544.726518669105
2018-11-04T08:00:00.0,8,5332.771329612021
2018-11-04T09:00:00.0,9,4746.165063261183
2018-11-04T10:00:00.0,10,4318.396235673464
2018-11-04T11:00:00.0,11,4027.0364519361515
2018-11-04T12:00:00.0,12,3600.678099103357
2018-11-04T13:00:00.0,13,3226.705754010054
2018-11-04T14:00:00.0,14,1891.8359356164772
2018-11-04T15:00:00.0,15,864.7329458432296
2018-11-04T16:00:00.0,16,734.6464303461706
2018-11-04T17:00:00.0,17,903.5931292853776
2018-11-04T18:00:00.0,18,1504.199551958395
2018-11-04T19:00:00.0,19,2403.0671071001243
2018-11-04T20:00:00.0,20,3153.6567181576506
2018-11-04T21:00:00.0,21,3695.7778832731055
2018-11-04T22:00:00.0,22,4647.258672510566
2018-11-04T23:00:00.0,23,6625.07923490996
2018-11-05T00:00:00.0,0,9635.177814942346
2018-11-05T01:00:00.0,1,12795.9594750075
2018-11-05T02:00:00.0,2,14710.972022789945
2018-11-05T03:00:00.0,3,15649.269291498233
2018-11-05T04:00:00.0,4,15877.31402296749
2018-11-05T05:00:00.0,5,15943.819133419342
2018-11-05T06:00:00.0,6,15941.381655090509
2018-11-05T07:00:00.0,7,16014.675763970112
2018-11-05T08:00:00.0,8,15895.968817564748
2018-11-05T09:00:00.0,9,15528.357386874979
2018-11-05T10:00:00.0,10,15061.241605224575
2018-11-05T11:00:00.0,11,14654.387905863223
2018-11-05T12:00:00.0,12,13768.16342333194
2018-11-05T13:00:00.0,13,12833.542261378905
2018-11-05T14:00:00.0,14,10796.161603420076
2018-11-05T15:00:00.0,15,7347.013265930266
2018-11-05T16:00:00.0,16,5164.010692829564
2018-11-05T17:00:00.0,17,4544.278664783026
2018-11-05T18:00:00.0,18,4076.783512614222
2018-11-05T19:00:00.0,19,3591.8674200778532
2018-11-05T20:00:00.0,20,3182.4208226986593
2018-11-05T21:00:00.0,21,2721.1465973550153
2018-11-05T22:00:00.0,22,2434.949456339829
2018-11-05T23:00:00.0,23,2630.5671946606085
2018-11-06T00:00:00.0,0,3126.7525218459773
2018-11-06T01:00:00.0,1,3995.241082048309
2018-11-06T02:00:00.0,2,4804.690581989748
2018-11-06T03:00:00.0,3,5754.797638810579
2018-11-06T04:00:00.0,4,6653.479803886238
2018-11-06T05:00:00.0,5,7102.488685347521
2018-11-06T06:00:00.0,6,7720.506352513449
2018-11-06T07:00:00.0,7,8047.67903040881
2018-11-06T08:00:00.0,8,7875.494216659463
2018-11-06T09:00:00.0,9,7316.709800446274
2018-11-06T10:00:00.0,10,7043.559641736173
2018-11-06T11:00:00.0,11,6323.01937065619
2018-11-06T12:00:00.0,12,5981.551862017842
2018-11-06T13:00:00.0,13,5344.0294372074795
2018-11-06T14:00:00.0,14,4057.301484316842
2018-11-06T15:00:00.0,15,2493.8860855600806
2018-11-06T16:00:00.0,16,1682.0216745469822
2018-11-06T17:00:00.0,17,1458.8244230205264
2018-11-06T18:00:00.0,18,1267.0987653558186
2018-11-06T19:00:00.0,19,1198.7137499746405
2018-11-06T20:00:00.0,20,1166.3712850146387
2018-11-06T21:00:00.0,21,1034.5563100052357
2018-11-06T22:00:00.0,22,1002.8290795723566
2018-11-06T23:00:00.0,23,1628.3513191686518
2018-11-07T00:00:00.0,0,2775.759412460431
2018-11-07T01:00:00.0,1,4085.8542611271064
2018-11-07T02:00:00.0,2,5007.363742015696
2018-11-07T03:00:00.0,3,5555.36799758703
2018-11-07T04:00:00.0,4,5643.63394293766
2018-11-07T05:00:00.0,5,5395.191244977611
2018-11-07T06:00:00.0,6,5698.26679612488
2018-11-07T07:00:00.0,7,5834.964384958512
2018-11-07T08:00:00.0,8,5260.784163308311
2018-11-07T09:00:00.0,9,4908.657272237892
2018-11-07T10:00:00.0,10,4863.726121883168
2018-11-07T11:00:00.0,11,4492.086135095172
2018-11-07T12:00:00.0,12,4610.165304152349
2018-11-07T13:00:00.0,13,5013.880319853077
2018-11-07T14:00:00.0,14,4657.902157545753
2018-11-07T15:00:00.0,15,4491.240592206556
2018-11-07T16:00:00.0,16,4268.363797003616
2018-11-07T17:00:00.0,17,3800.8901268786844
2018-11-07T18:00:00.0,18,3348.886036554297
2018-11-07T19:00:00.0,19,3119.8797346202064
2018-11-07T20:00:00.0,20,3194.7157166682496
2018-11-07T21:00:00.0,21,3439.5186294591826
2018-11-07T22:00:00.0,22,3846.5779683193537
2018-11-07T23:00:00.0,23,4518.077048254353
2018-11-08T00:00:00.0,0,5241.622326710348
2018-11-08T01:00:00.0,1,5525.108409352301
2018-11-08T02:00:00.0,2,5535.15411888875
2018-11-08T03:00:00.0,3,5306.180748117716
2018-11-08T04:00:00.0,4,4796.300133488495
2018-11-08T05:00:00.0,5,4269.214548267983
2018-11-08T06:00:00.0,6,3584.721960613846
2018-11-08T07:00:00.0,7,3083.363809869534
2018-11-08T08:00:00.0,8,2794.591849938004
2018-11-08T09:00:00.0,9,2570.1833874883364
2018-11-08T10:00:00.0,10,2460.5344130447806
2018-11-08T11:00:00.0,11,2373.5704052472192
2018-11-08T12:00:00.0,12,2330.8802427419264
2018-11-08T13:00:00.0,13,2139.8614883402965
2018-11-08T14:00:00.0,14,1676.6196461992977
2018-11-08T15:00:00.0,15,1445.9562934733815
2018-11-08T16:00:00.0,16,1191.1228423203922
2018-11-08T17:00:00.0,17,964.1604385808947
2018-11-08T18:00:00.0,18,874.7561212510676
2018-11-08T19:00:00.0,19,950.8919240290556
2018-11-08T20:00:00.0,20,1313.7643659093924
2018-11-08T21:00:00.0,21,1890.321087548825
2018-11-08T22:00:00.0,22,2736.0860039942872
2018-11-08T23:00:00.0,23,3960.0809927766745
2018-11-09T00:00:00.0,0,5526.771988318612
2018-11-09T01:00:00.0,1,6853.594632365064
2018-11-09T02:00:00.0,2,7714.509469684936
2018-11-09T03:00:00.0,3,7979.892498068829
2018-11-09T04:00:00.0,4,8072.011417207704
2018-11-09T05:00:00.0,5,8039.210548474184
2018-11-09T06:00:00.0,6,7801.233027301914
2018-11-09T07:00:00.0,7,7549.579350533906
2018-11-09T08:00:00.0,8,7771.93767163187
2018-11-09T09:00:00.0,9,8199.49633608369
2018-11-09T10:00:00.0,10,8036.906353719692
2018-11-09T11:00:00.0,11,7511.168568464108
2018-11-09T12:00:00.0,12,7332.246946985459
2018-11-09T13:00:00.0,13,7800.600063265374
2018-11-09T14:00:00.0,14,7544.086225816143
2018-11-09T15:00:00.0,15,7132.433784103777
2018-11-09T16:00:00.0,16,6617.923690812567
2018-11-09T17:00:00.0,17,6496.5704520378995
2018-11-09T18:00:00.0,18,6336.027136471409
2018-11-09T19:00:00.0,19,6193.125697281236
2018-11-09T20:00:00.0,20,5760.167249408279
2018-11-09T21:00:00.0,21,5352.9359642436675
2018-11-09T22:00:00.0,22,4931.877965442208
2018-11-09T23:00:00.0,23,4914.617829223003
2018-11-10T00:00:00.0,0,5552.208626722505
2018-11-10T01:00:00.0,1,5756.634476426472
2018-11-10T02:00:00.0,2,5998.187386123972
2018-11-10T03:00:00.0,3,6094.8450863531025
2018-11-10T04:00:00.0,4,6288.930481691372
2018-11-10T05:00:00.0,5,6793.9498386634705
2018-11-10T06:00:00.0,6,7038.452278646921
2018-11-10T07:00:00.0,7,7044.268513555476
2018-11-10T08:00:00.0,8,6981.563310085973
2018-11-10T09:00:00.0,9,6989.339434423425
2018-11-10T10:00:00.0,10,7399.553591107469
2018-11-10T11:00:00.0,11,8007.9140493102705
2018-11-10T12:00:00.0,12,8938.418699098102
2018-11-10T13:00:00.0,13,9900.108778076768
2018-11-10T14:00:00.0,14,9637.852520713925
2018-11-10T15:00:00.0,15,10140.475590295233
2018-11-10T16:00:00.0,16,11610.407659735602
2018-11-10T17:00:00.0,17,11890.846222635499
2018-11-10T18:00:00.0,18,11957.63956794375
2018-11-10T19:00:00.0,19,11975.89233613653
2018-11-10T20:00:00.0,20,11765.90934224471
2018-11-10T21:00:00.0,21,11356.738830807595
2018-11-10T22:00:00.0,22,11180.207016425673
2018-11-10T23:00:00.0,23,12176.64664156441
2018-11-11T00:00:00.0,0,13491.291132186996
2018-11-11T01:00:00.0,1,14345.088963745997
2018-11-11T02:00:00.0,2,14794.049293506096
2018-11-11T03:00:00.0,3,14786.664039553596
2018-11-11T04:00:00.0,4,14439.6790543316
2018-11-11T05:00:00.0,5,13988.22984676959
2018-11-11T06:00:00.0,6,13386.9685589328
2018-11-11T07:00:00.0,7,12694.521497054695
2018-11-11T08:00:00.0,8,11775.825942965972
2018-11-11T09:00:00.0,9,11155.538611084363
2018-11-11T10:00:00.0,10,10627.031948420836
2018-11-11T11:00:00.0,11,10259.687006055756
2018-11-11T12:00:00.0,12,9997.526206798748
2018-11-11T13:00:00.0,13,9295.82969745267
2018-11-11T14:00:00.0,14,7753.277220667325
2018-11-11T15:00:00.0,15,6370.136600468923
2018-11-11T16:00:00.0,16,5419.850044575193
2018-11-11T17:00:00.0,17,4102.202795488708
2018-11-11T18:00:00.0,18,2986.0936791196686
2018-11-11T19:00:00.0,19,2578.698169511053
2018-11-11T20:00:00.0,20,2557.262108856716
2018-11-11T21:00:00.0,21,2575.517844458394
2018-11-11T22:00:00.0,22,2654.902440174308
2018-11-11T23:00:00.0,23,3161.6332105056476
2018-11-12T00:00:00.0,0,4305.524866315907
2018-11-12T01:00:00.0,1,4992.955054258618
2018-11-12T02:00:00.0,2,5341.060921414494
2018-11-12T03:00:00.0,3,5477.407530399362
2018-11-12T04:00:00.0,4,5519.573430527421
2018-11-12T05:00:00.0,5,5805.089368842985
2018-11-12T06:00:00.0,6,6291.771539392211
2018-11-12T07:00:00.0,7,7008.61190153265
2018-11-12T08:00:00.0,8,8998.41629989755
2018-11-12T09:00:00.0,9,11031.89715929587
2018-11-12T10:00:00.0,10,12895.574310897317
2018-11-12T11:00:00.0,11,13651.443422690105
2018-11-12T12:00:00.0,12,14365.962807825592
2018-11-12T13:00:00.0,13,14671.531717308324
2018-11-12T14:00:00.0,14,14911.866488977665
2018-11-12T15:00:00.0,15,15911.876261863012
2018-11-12T16:00:00.0,16,16625.319979604024
2018-11-12T17:00:00.0,17,17647.91111553962
2018-11-12T18:00:00.0,18,17897.556399041885
2018-11-12T19:00:00.0,19,18195.951791128693
2018-11-12T20:00:00.0,20,18017.93945028075
2018-11-12T21:00:00.0,21,17246.91926218543
2018-11-12T22:00:00.0,22,16340.544842671872
2018-11-12T23:00:00.0,23,15520.411790519602
2018-11-13T00:00:00.0,0,14965.490674963236
2018-11-13T01:00:00.0,1,14228.206068934383
2018-11-13T02:00:00.0,2,14078.686414843394
2018-11-13T03:00:00.0,3,13287.002438597256
2018-11-13T04:00:00.0,4,12359.955748997403
2018-11-13T05:00:00.0,5,11840.106284991258
2018-11-13T06:00:00.0,6,11076.024738815768
2018-11-13T07:00:00.0,7,10529.137975624195
2018-11-13T08:00:00.0,8,9940.818850784135
2018-11-13T09:00:00.0,9,9145.111853199369
2018-11-13T10:00:00.0,10,8595.029146860717
2018-11-13T11:00:00.0,11,8302.428188207025
2018-11-13T12:00:00.0,12,8191.761011750686
2018-11-13T13:00:00.0,13,7380.866064318893
2018-11-13T14:00:00.0,14,6588.653266526292
2018-11-13T15:00:00.0,15,7063.951192546026
2018-11-13T16:00:00.0,16,7358.81527187998
2018-11-13T17:00:00.0,17,6861.768601901241
2018-11-13T18:00:00.0,18,6798.838388676002
2018-11-13T19:00:00.0,19,6692.627436388674
2018-11-13T20:00:00.0,20,6338.206547326229
2018-11-13T21:00:00.0,21,5456.998475554107
2018-11-13T22:00:00.0,22,4677.211343623309
2018-11-13T23:00:00.0,23,4542.888129453922
2018-11-14T00:00:00.0,0,4158.346947215015
2018-11-14T01:00:00.0,1,3474.645689077735
2018-11-14T02:00:00.0,2,2814.5531628768586
2018-11-14T03:00:00.0,3,2447.792513144601
2018-11-14T04:00:00.0,4,2242.619378458748
2018-11-14T05:00:00.0,5,2132.32851062164
2018-11-14T06:00:00.0,6,2090.3011918402635
2018-11-14T07:00:00.0,7,2122.2614985350915
2018-11-14T08:00:00.0,8,2363.061907964513
2018-11-14T09:00:00.0,9,2734.371959572849
2018-11-14T10:00:00.0,10,2877.9365093422275
2018-11-14T11:00:00.0,11,3047.3213082305633
2018-11-14T12:00:00.0,12,2976.031395131757
2018-11-14T13:00:00.0,13,2721.097762374102
2018-11-14T14:00:00.0,14,1725.8039098929105
2018-11-14T15:00:00.0,15,806.7877817765685
2018-11-14T16:00:00.0,16,460.9974333089962
2018-11-14T17:00:00.0,17,433.5353928216138
2018-11-14T18:00:00.0,18,438.6625977280744
2018-11-14T19:00:00.0,19,447.0612878900722
2018-11-14T20:00:00.0,20,448.22020182030525
2018-11-14T21:00:00.0,21,359.38211624718787
2018-11-14T22:00:00.0,22,237.2384672253678
2018-11-14T23:00:00.0,23,177.3121400616002
2018-11-15T00:00:00.0,0,179.19881984066546
2018-11-15T01:00:00.0,1,206.46591686527663
2018-11-15T02:00:00.0,2,286.70138259863324
2018-11-15T03:00:00.0,3,557.7587475655995
2018-11-15T04:00:00.0,4,1177.0770703097103
2018-11-15T05:00:00.0,5,2069.7179445093625
2018-11-15T06:00:00.0,6,3314.941291384177
2018-11-15T07:00:00.0,7,4610.837976930201
2018-11-15T08:00:00.0,8,5586.357010703083
2018-11-15T09:00:00.0,9,6354.418723467191
2018-11-15T10:00:00.0,10,6979.395795537847
2018-11-15T11:00:00.0,11,7518.318617622783
2018-11-15T12:00:00.0,12,7752.614632787994
2018-11-15T13:00:00.0,13,7744.0691769474115
2018-11-15T14:00:00.0,14,7221.816213860909
2018-11-15T15:00:00.0,15,5034.26894192301
2018-11-15T16:00:00.0,16,2882.811598888515
2018-11-15T17:00:00.0,17,2000.8759267716923
2018-11-15T18:00:00.0,18,1765.8854557202883
2018-11-15T19:00:00.0,19,1710.8502248549994
2018-11-15T20:00:00.0,20,1610.4198979658686
2018-11-15T21:00:00.0,21,1571.5965472086161
2018-11-15T22:00:00.0,22,2032.9531618321396
2018-11-15T23:00:00.0,23,3111.074130458926
2018-11-16T00:00:00.0,0,4242.325836156092
2018-11-16T01:00:00.0,1,5176.907430747865
2018-11-16T02:00:00.0,2,6157.004543628235
2018-11-16T03:00:00.0,3,6959.677301287207
2018-11-16T04:00:00.0,4,8003.338608492058
2018-11-16T05:00:00.0,5,8426.299128628298
2018-11-16T06:00:00.0,6,8442.005520224584
2018-11-16T07:00:00.0,7,8196.978496233509
2018-11-16T08:00:00.0,8,7513.1824968399815
2018-11-16T09:00:00.0,9,6658.069322981931
2018-11-16T10:00:00.0,10,5920.995186939236
2018-11-16T11:00:00.0,11,5178.507977967619
2018-11-16T12:00:00.0,12,4169.601579136625
2018-11-16T13:00:00.0,13,3293.399638191672
2018-11-16T14:00:00.0,14,2475.1099840974393
2018-11-16T15:00:00.0,15,1362.3728580289794
2018-11-16T16:00:00.0,16,725.5118804110334
2018-11-16T17:00:00.0,17,680.1090888750665
2018-11-16T18:00:00.0,18,895.0677117747861
2018-11-16T19:00:00.0,19,1391.804404347339
2018-11-16T20:00:00.0,20,1934.3025685895584
2018-11-16T21:00:00.0,21,2396.872484922032
2018-11-16T22:00:00.0,22,3325.053550995452
2018-11-16T23:00:00.0,23,5307.081188930796
2018-11-17T00:00:00.0,0,7575.53233363328
2018-11-17T01:00:00.0,1,10108.78088169202
2018-11-17T02:00:00.0,2,11477.428352307543
2018-11-17T03:00:00.0,3,12644.344483343439
2018-11-17T04:00:00.0,4,13204.171396416037
2018-11-17T05:00:00.0,5,13063.092678405445
2018-11-17T06:00:00.0,6,12902.886141748982
2018-11-17T07:00:00.0,7,12705.920198830327
2018-11-17T08:00:00.0,8,12345.606557670626
2018-11-17T09:00:00.0,9,11822.962600390014
2018-11-17T10:00:00.0,10,11343.580380132918
2018-11-17T11:00:00.0,11,11749.99601352291
2018-11-17T12:00:00.0,12,12445.043177577661
2018-11-17T13:00:00.0,13,12073.92016389327
2018-11-17T14:00:00.0,14,11185.15404652551
2018-11-17T15:00:00.0,15,8078.400943644222
2018-11-17T16:00:00.0,16,6285.313113663023
2018-11-17T17:00:00.0,17,5268.072009651112
2018-11-17T18:00:00.0,18,4507.283127540619
2018-11-17T19:00:00.0,19,3927.902383561935
2018-11-17T20:00:00.0,20,3508.149482951317
2018-11-17T21:00:00.0,21,3445.4292739940392
2018-11-17T22:00:00.0,22,4208.423878788565
2018-11-17T23:00:00.0,23,7007.501261617866
2018-11-18T00:00:00.0,0,9430.558113080902
2018-11-18T01:00:00.0,1,10700.382998131327
2018-11-18T02:00:00.0,2,10402.711094702527
2018-11-18T03:00:00.0,3,10117.572140722132
2018-11-18T04:00:00.0,4,9638.541016323148
2018-11-18T05:00:00.0,5,9167.888968589808
2018-11-18T06:00:00.0,6,8623.037041464804
2018-11-18T07:00:00.0,7,8053.842938640858
2018-11-18T08:00:00.0,8,7661.549225695041
2018-11-18T09:00:00.0,9,7212.624184065536
2018-11-18T10:00:00.0,10,6584.129328287544
2018-11-18T11:00:00.0,11,5904.497384687837
2018-11-18T12:00:00.0,12,5224.155899497491
2018-11-18T13:00:00.0,13,4412.388629126309
2018-11-18T14:00:00.0,14,3562.299064328388
2018-11-18T15:00:00.0,15,2825.504778236007
2018-11-18T16:00:00.0,16,2056.5431716713406
2018-11-18T17:00:00.0,17,1702.5171247222715
2018-11-18T18:00:00.0,18,1571.0497452182806
2018-11-18T19:00:00.0,19,1438.0698127019984
2018-11-18T20:00:00.0,20,1468.2514586605994
2018-11-18T21:00:00.0,21,1600.1696809481366
2018-11-18T22:00:00.0,22,1897.108652217357
2018-11-18T23:00:00.0,23,2129.29388711198
2018-11-19T00:00:00.0,0,2285.6438949565877
2018-11-19T01:00:00.0,1,2079.2848582243423
2018-11-19T02:00:00.0,2,1830.6477254070844
2018-11-19T03:00:00.0,3,1768.3898580514272
2018-11-19T04:00:00.0,4,1952.1398162060113
2018-11-19T05:00:00.0,5,2414.6941395135523
2018-11-19T06:00:00.0,6,2675.480286633071
2018-11-19T07:00:00.0,7,2881.5384873347466
2018-11-19T08:00:00.0,8,2904.035830166149
2018-11-19T09:00:00.0,9,2783.7671435093985
2018-11-19T10:00:00.0,10,2746.0040284403294
2018-11-19T11:00:00.0,11,2666.9613032109423
2018-11-19T12:00:00.0,12,2597.467612265841
2018-11-19T13:00:00.0,13,2556.03617794193
2018-11-19T14:00:00.0,14,2262.4689421968756
2018-11-19T15:00:00.0,15,1419.3828705545654
2018-11-19T16:00:00.0,16,1182.7086536694903
2018-11-19T17:00:00.0,17,1177.5540974056012
2018-11-19T18:00:00.0,18,1105.9347947824078
2018-11-19T19:00:00.0,19,1053.023618499513
2018-11-19T20:00:00.0,20,1000.2521271875903
2018-11-19T21:00:00.0,21,1042.250489155239
2018-11-19T22:00:00.0,22,1168.1897353958777
2018-11-19T23:00:00.0,23,1625.4277156876271
2018-11-20T00:00:00.0,0,2446.3142498968837
2018-11-20T01:00:00.0,1,2994.545465570101
2018-11-20T02:00:00.0,2,3200.3207110287476
2018-11-20T03:00:00.0,3,3610.7196946812696
2018-11-20T04:00:00.0,4,3918.2780427163557
2018-11-20T05:00:00.0,5,4229.890735649092
2018-11-20T06:00:00.0,6,4192.008805402481
2018-11-20T07:00:00.0,7,4215.920452140613
2018-11-20T08:00:00.0,8,4152.016251842041
2018-11-20T09:00:00.0,9,3940.2805234078473
2018-11-20T10:00:00.0,10,3644.517127583186
2018-11-20T11:00:00.0,11,3427.0366661229887
2018-11-20T12:00:00.0,12,3274.3274262819996
2018-11-20T13:00:00.0,13,3019.1557808477996
2018-11-20T14:00:00.0,14,2541.8542465213736
2018-11-20T15:00:00.0,15,1850.9117913412047
2018-11-20T16:00:00.0,16,1589.9160739065355
2018-11-20T17:00:00.0,17,1501.2264366709494
2018-11-20T18:00:00.0,18,1430.6702903945104
2018-11-20T19:00:00.0,19,1378.974402880215
2018-11-20T20:00:00.0,20,1217.0492485277935
2018-11-20T21:00:00.0,21,1111.7980957867856
2018-11-20T22:00:00.0,22,999.2188914942591
2018-11-20T23:00:00.0,23,1517.038198198379
2018-11-21T00:00:00.0,0,2268.441337251216
2018-11-21T01:00:00.0,1,3008.2157134704644
2018-11-21T02:00:00.0,2,3581.521069470322
2018-11-21T03:00:00.0,3,4126.866825949015
2018-11-21T04:00:00.0,4,4537.665837210211
2018-11-21T05:00:00.0,5,5078.068280444409
2018-11-21T06:00:00.0,6,5521.356478427963
2018-11-21T07:00:00.0,7,5945.308665712794
2018-11-21T08:00:00.0,8,6001.714504278797
2018-11-21T09:00:00.0,9,6094.944712914064
2018-11-21T10:00:00.0,10,5972.02344979651
2018-11-21T11:00:00.0,11,5851.792046753423
2018-11-21T12:00:00.0,12,5556.28306821483
2018-11-21T13:00:00.0,13,5380.6542197652025
2018-11-21T14:00:00.0,14,4896.326720614779
2018-11-21T15:00:00.0,15,3140.3098562684168
2018-11-21T16:00:00.0,16,2182.7326701956467
2018-11-21T17:00:00.0,17,1852.5580466276851
2018-11-21T18:00:00.0,18,1589.472556603526
2018-11-21T19:00:00.0,19,1411.1343360169978
2018-11-21T20:00:00.0,20,1558.5009652730444
2018-11-21T21:00:00.0,21,1890.5822317472628
2018-11-21T22:00:00.0,22,2317.3737199718103
2018-11-21T23:00:00.0,23,2940.137068219851
2018-11-22T00:00:00.0,0,3897.3394591890424
2018-11-22T01:00:00.0,1,4999.611013904658
2018-11-22T02:00:00.0,2,5854.509861388499
2018-11-22T03:00:00.0,3,6530.6759179727405
2018-11-22T04:00:00.0,4,6928.06306925903
2018-11-22T05:00:00.0,5,6975.181044138631
2018-11-22T06:00:00.0,6,6722.004295489581
2018-11-22T07:00:00.0,7,6548.498014653717
2018-11-22T08:00:00.0,8,6360.086424244747
2018-11-22T09:00:00.0,9,5880.977339526266
2018-11-22T10:00:00.0,10,5097.104577534291
2018-11-22T11:00:00.0,11,4276.68740264689
2018-11-22T12:00:00.0,12,3863.759190000112
2018-11-22T13:00:00.0,13,3705.294745108877
2018-11-22T14:00:00.0,14,3884.8266425411966
2018-11-22T15:00:00.0,15,3554.039769476082
2018-11-22T16:00:00.0,16,3102.1766105685333
2018-11-22T17:00:00.0,17,3490.811130240488
2018-11-22T18:00:00.0,18,4124.797111046673
2018-11-22T19:00:00.0,19,4600.403354673515
2018-11-22T20:00:00.0,20,4871.593925221727
2018-11-22T21:00:00.0,21,5173.582890636279
2018-11-22T22:00:00.0,22,5991.3863352995795
2018-11-22T23:00:00.0,23,8357.476350591736
2018-11-23T00:00:00.0,0,11198.115281398192
2018-11-23T01:00:00.0,1,13039.019102550832
2018-11-23T02:00:00.0,2,14127.176440129277
2018-11-23T03:00:00.0,3,15079.326380181183
2018-11-23T04:00:00.0,4,15538.17254480986
2018-11-23T05:00:00.0,5,15191.435615685577
2018-11-23T06:00:00.0,6,14964.64502600763
2018-11-23T07:00:00.0,7,14902.06536997309
2018-11-23T08:00:00.0,8,15236.558818382442
2018-11-23T09:00:00.0,9,15370.997553447793
2018-11-23T10:00:00.0,10,14913.563786871557
2018-11-23T11:00:00.0,11,14333.619408760156
2018-11-23T12:00:00.0,12,14249.098481002366
2018-11-23T13:00:00.0,13,14294.707419010347
2018-11-23T14:00:00.0,14,14071.970997178498
2018-11-23T15:00:00.0,15,13211.83659991134
2018-11-23T16:00:00.0,16,11677.885946249424
2018-11-23T17:00:00.0,17,10785.917457041596
2018-11-23T18:00:00.0,18,9460.463506148413
2018-11-23T19:00:00.0,19,7974.317008170336
2018-11-23T20:00:00.0,20,6225.121511350507
2018-11-23T21:00:00.0,21,4798.057853343808
2018-11-23T22:00:00.0,22,3909.0050660074467
2018-11-23T23:00:00.0,23,3773.8286219094257
2018-11-24T00:00:00.0,0,4360.146528875567
2018-11-24T01:00:00.0,1,4602.027930164875
2018-11-24T02:00:00.0,2,4759.832232321458
2018-11-24T03:00:00.0,3,4882.308007543234
2018-11-24T04:00:00.0,4,4721.163350078979
2018-11-24T05:00:00.0,5,4356.818968875071
2018-11-24T06:00:00.0,6,3987.2435177025286
2018-11-24T07:00:00.0,7,4051.631948019094
2018-11-24T08:00:00.0,8,4170.529400920107
2018-11-24T09:00:00.0,9,4113.81487237666
2018-11-24T10:00:00.0,10,4581.225626389613
2018-11-24T11:00:00.0,11,5186.588191877928
2018-11-24T12:00:00.0,12,5569.658887511774
2018-11-24T13:00:00.0,13,6474.735453054094
2018-11-24T14:00:00.0,14,7957.578554413708
2018-11-24T15:00:00.0,15,8281.555276372635
2018-11-24T16:00:00.0,16,7426.187225500285
2018-11-24T17:00:00.0,17,6915.514827125094
2018-11-24T18:00:00.0,18,7705.311268404922
2018-11-24T19:00:00.0,19,8729.9078215399
2018-11-24T20:00:00.0,20,9865.711313633106
2018-11-24T21:00:00.0,21,11330.545165367175
2018-11-24T22:00:00.0,22,12896.602514043783
2018-11-24T23:00:00.0,23,14562.899369704219
2018-11-25T00:00:00.0,0,15693.26778937233
2018-11-25T01:00:00.0,1,16121.913636649666
2018-11-25T02:00:00.0,2,16440.453153102328
2018-11-25T03:00:00.0,3,17019.42189233605
2018-11-25T04:00:00.0,4,17322.65521009909
2018-11-25T05:00:00.0,5,17860.132738839446
2018-11-25T06:00:00.0,6,18041.956214517897
2018-11-25T07:00:00.0,7,17889.425362599046
2018-11-25T08:00:00.0,8,17250.955339195345
2018-11-25T09:00:00.0,9,16858.051909163547
2018-11-25T10:00:00.0,10,16825.026291304046
2018-11-25T11:00:00.0,11,17174.332741803548
2018-11-25T12:00:00.0,12,17659.10327915619
2018-11-25T13:00:00.0,13,17826.825092371204
2018-11-25T14:00:00.0,14,16954.63176687947
2018-11-25T15:00:00.0,15,16435.693119913136
2018-11-25T16:00:00.0,16,16702.36201040804
2018-11-25T17:00:00.0,17,16656.337606605444
2018-11-25T18:00:00.0,18,16424.12033236601
2018-11-25T19:00:00.0,19,16431.379509685892
2018-11-25T20:00:00.0,20,16579.52891223872
2018-11-25T21:00:00.0,21,16084.304543940198
2018-11-25T22:00:00.0,22,14594.606500396776
2018-11-25T23:00:00.0,23,13483.717872927356
2018-11-26T00:00:00.0,0,12614.02894161999
2018-11-26T01:00:00.0,1,11545.052607093474
2018-11-26T02:00:00.0,2,9900.147644214661
2018-11-26T03:00:00.0,3,8603.390473054747
2018-11-26T04:00:00.0,4,7538.832628632335
2018-11-26T05:00:00.0,5,6806.365468963572
2018-11-26T06:00:00.0,6,6227.169883819137
2018-11-26T07:00:00.0,7,5475.372146176611
2018-11-26T08:00:00.0,8,5268.871160122092
2018-11-26T09:00:00.0,9,5159.982361637851
2018-11-26T10:00:00.0,10,5145.1164309529495
2018-11-26T11:00:00.0,11,4991.586144353813
2018-11-26T12:00:00.0,12,4647.276812536491
2018-11-26T13:00:00.0,13,4464.54483182817
2018-11-26T14:00:00.0,14,3579.9500314477887
2018-11-26T15:00:00.0,15,2732.2264277704303
2018-11-26T16:00:00.0,16,2296.129939743971
2018-11-26T17:00:00.0,17,1765.775062197329
2018-11-26T18:00:00.0,18,1294.6311458981174
2018-11-26T19:00:00.0,19,963.427010403278
2018-11-26T20:00:00.0,20,767.7422132607362
2018-11-26T21:00:00.0,21,680.0731966354248
2018-11-26T22:00:00.0,22,642.3240719781082
2018-11-26T23:00:00.0,23,899.2870066309638
2018-11-27T00:00:00.0,0,1501.6300019682676
2018-11-27T01:00:00.0,1,2271.631287859748
2018-11-27T02:00:00.0,2,3271.4551876409823
2018-11-27T03:00:00.0,3,4510.230812379952
2018-11-27T04:00:00.0,4,6169.401501366522
2018-11-27T05:00:00.0,5,7488.273291438243
2018-11-27T06:00:00.0,6,8494.114452417838
2018-11-27T07:00:00.0,7,9511.876411794683
2018-11-27T08:00:00.0,8,10449.837868448332
2018-11-27T09:00:00.0,9,10841.608891899627
2018-11-27T10:00:00.0,10,10859.28898725518
2018-11-27T11:00:00.0,11,10769.123834648342
2018-11-27T12:00:00.0,12,10633.155129049586
2018-11-27T13:00:00.0,13,10424.217636508742
2018-11-27T14:00:00.0,14,9491.5849785333
2018-11-27T15:00:00.0,15,6156.123720789288
2018-11-27T16:00:00.0,16,3828.2186950351756
2018-11-27T17:00:00.0,17,3050.710072610662
2018-11-27T18:00:00.0,18,2672.8973074927603
2018-11-27T19:00:00.0,19,2363.8249835464476
2018-11-27T20:00:00.0,20,1972.1134348157627
2018-11-27T21:00:00.0,21,1932.7480893402817
2018-11-27T22:00:00.0,22,2511.0852313758533
2018-11-27T23:00:00.0,23,4890.564163294361
2018-11-28T00:00:00.0,0,7162.73790686181
2018-11-28T01:00:00.0,1,9501.343733309963
2018-11-28T02:00:00.0,2,11116.564847500342
2018-11-28T03:00:00.0,3,12447.101523013667
2018-11-28T04:00:00.0,4,13027.701644601364
2018-11-28T05:00:00.0,5,13246.546651118619
2018-11-28T06:00:00.0,6,13498.628509186581
2018-11-28T07:00:00.0,7,13629.065667822631
2018-11-28T08:00:00.0,8,13480.185830869194
2018-11-28T09:00:00.0,9,13351.004373718495
2018-11-28T10:00:00.0,10,13293.081902077734
2018-11-28T11:00:00.0,11,13235.854581549189
2018-11-28T12:00:00.0,12,13388.157128413768
2018-11-28T13:00:00.0,13,13523.342106079434
2018-11-28T14:00:00.0,14,12799.402437055725
2018-11-28T15:00:00.0,15,10609.464079261326
2018-11-28T16:00:00.0,16,7933.082330672333
2018-11-28T17:00:00.0,17,7379.472320720721
2018-11-28T18:00:00.0,18,7776.948182393408
2018-11-28T19:00:00.0,19,7891.372312698248
2018-11-28T20:00:00.0,20,7963.474801033145
2018-11-28T21:00:00.0,21,7669.136253163692
2018-11-28T22:00:00.0,22,8354.567449864522
2018-11-28T23:00:00.0,23,10215.613162916725
2018-11-29T00:00:00.0,0,11576.428833671906
2018-11-29T01:00:00.0,1,12446.045597203696
2018-11-29T02:00:00.0,2,13219.889330383352
2018-11-29T03:00:00.0,3,13525.478282614446
2018-11-29T04:00:00.0,4,13844.245921105323
2018-11-29T05:00:00.0,5,14438.373164388517
2018-11-29T06:00:00.0,6,14766.350250981952
2018-11-29T07:00:00.0,7,14911.343832313718
2018-11-29T08:00:00.0,8,14946.535234541783
2018-11-29T09:00:00.0,9,14574.621752470739
2018-11-29T10:00:00.0,10,14699.542760868722
2018-11-29T11:00:00.0,11,14857.543592127791
2018-11-29T12:00:00.0,12,14863.077126002348
2018-11-29T13:00:00.0,13,14479.5307513428
2018-11-29T14:00:00.0,14,13492.24039990883
2018-11-29T15:00:00.0,15,11366.935364044439
2018-11-29T16:00:00.0,16,8579.16747896044
2018-11-29T17:00:00.0,17,6831.896284515653
2018-11-29T18:00:00.0,18,6226.452229282477
2018-11-29T19:00:00.0,19,5634.138776039774
2018-11-29T20:00:00.0,20,4677.034477381753
2018-11-29T21:00:00.0,21,3821.2403671496345
2018-11-29T22:00:00.0,22,3657.069854527607
2018-11-29T23:00:00.0,23,4133.177338219267
2018-11-30T00:00:00.0,0,4580.497672766275
2018-11-30T01:00:00.0,1,4528.8311185154935
2018-11-30T02:00:00.0,2,5376.706397227392
2018-11-30T03:00:00.0,3,7004.795478295426
2018-11-30T04:00:00.0,4,8191.445271970916
2018-11-30T05:00:00.0,5,8993.914746665077
2018-11-30T06:00:00.0,6,9687.696007828154
2018-11-30T07:00:00.0,7,10003.45403253665
2018-11-30T08:00:00.0,8,10131.720392150402
2018-11-30T09:00:00.0,9,10289.692229702907
2018-11-30T10:00:00.0,10,10428.86115958071
2018-11-30T11:00:00.0,11,11007.609239186568
2018-11-30T12:00:00.0,12,11338.517927296532
2018-11-30T13:00:00.0,13,11727.04717521178
2018-11-30T14:00:00.0,14,11371.786802747492
2018-11-30T15:00:00.0,15,10440.935583059183
2018-11-30T16:00:00.0,16,9927.300701353312
2018-11-30T17:00:00.0,17,9791.383092327827
2018-11-30T18:00:00.0,18,10201.871423971274
2018-11-30T19:00:00.0,19,11384.282040308586
2018-11-30T20:00:00.0,20,12192.544167342303
2018-11-30T21:00:00.0,21,13032.44871791886
2018-11-30T22:00:00.0,22,13823.836530334147
2018-11-30T23:00:00.0,23,15145.161843285348
2018-12-01T00:00:00.0,0,16735.685953683533
2018-12-01T01:00:00.0,1,17387.965192160627
2018-12-01T02:00:00.0,2,17877.467427987445
2018-12-01T03:00:00.0,3,18271.13407917237
2018-12-01T04:00:00.0,4,18492.915732490197
2018-12-01T05:00:00.0,5,18550.409072524857
2018-12-01T06:00:00.0,6,18651.761495226732
2018-12-01T07:00:00.0,7,18274.909710684926
2018-12-01T08:00:00.0,8,17399.600655472514
2018-12-01T09:00:00.0,9,16662.69978912683
2018-12-01T10:00:00.0,10,16122.704139783855
2018-12-01T11:00:00.0,11,15776.193170577242
2018-12-01T12:00:00.0,12,15933.638597877822
2018-12-01T13:00:00.0,13,15653.789541299753
2018-12-01T14:00:00.0,14,15125.829764853284
2018-12-01T15:00:00.0,15,13808.447778876354
2018-12-01T16:00:00.0,16,14087.803763961747
2018-12-01T17:00:00.0,17,14821.096876270285
2018-12-01T18:00:00.0,18,14748.471079040486
2018-12-01T19:00:00.0,19,14645.111073606198
2018-12-01T20:00:00.0,20,14523.047397277567
2018-12-01T21:00:00.0,21,13966.418931647968
2018-12-01T22:00:00.0,22,13501.015520263283
2018-12-01T23:00:00.0,23,14002.49322612462
2018-12-02T00:00:00.0,0,14587.720066285323
2018-12-02T01:00:00.0,1,13774.069030179198
2018-12-02T02:00:00.0,2,13111.749066010341
2018-12-02T03:00:00.0,3,12515.0492949478
2018-12-02T04:00:00.0,4,11659.836613098827
2018-12-02T05:00:00.0,5,10521.37867730504
2018-12-02T06:00:00.0,6,8779.766101157948
2018-12-02T07:00:00.0,7,7325.468745020208
2018-12-02T08:00:00.0,8,6087.274560008861
2018-12-02T09:00:00.0,9,4809.083913044679
2018-12-02T10:00:00.0,10,4282.217340522643
2018-12-02T11:00:00.0,11,3727.4827959526615
2018-12-02T12:00:00.0,12,3226.156650156132
2018-12-02T13:00:00.0,13,2889.624440088346
2018-12-02T14:00:00.0,14,2201.0569962920767
2018-12-02T15:00:00.0,15,1368.7102154851316
2018-12-02T16:00:00.0,16,1137.0065867097537
2018-12-02T17:00:00.0,17,848.0311209506561
2018-12-02T18:00:00.0,18,543.7458504502232
2018-12-02T19:00:00.0,19,483.90836547005983
2018-12-02T20:00:00.0,20,525.5404557974863
2018-12-02T21:00:00.0,21,586.4297135445954
2018-12-02T22:00:00.0,22,1040.181946066146
2018-12-02T23:00:00.0,23,2830.9006542164557
2018-12-03T00:00:00.0,0,5182.800346972071
2018-12-03T01:00:00.0,1,6311.915797165141
2018-12-03T02:00:00.0,2,6716.386659362707
2018-12-03T03:00:00.0,3,6676.312470593427
2018-12-03T04:00:00.0,4,6241.3453391028825
2018-12-03T05:00:00.0,5,5658.946220017272
2018-12-03T06:00:00.0,6,5176.75563347203
2018-12-03T07:00:00.0,7,4841.352945392716
2018-12-03T08:00:00.0,8,4626.718388756939
2018-12-03T09:00:00.0,9,4602.706123163357
2018-12-03T10:00:00.0,10,4737.434882872874
2018-12-03T11:00:00.0,11,5227.714072015818
2018-12-03T12:00:00.0,12,5642.931763213722
2018-12-03T13:00:00.0,13,5749.765045312182
2018-12-03T14:00:00.0,14,4607.124997364925
2018-12-03T15:00:00.0,15,3135.2849672802568
2018-12-03T16:00:00.0,16,2515.672481359246
2018-12-03T17:00:00.0,17,1972.9796930719874
2018-12-03T18:00:00.0,18,1476.1782446105362
2018-12-03T19:00:00.0,19,1206.9903872961086
2018-12-03T20:00:00.0,20,1145.0480024131275
2018-12-03T21:00:00.0,21,1252.4213393856405
2018-12-03T22:00:00.0,22,1435.0615990116519
2018-12-03T23:00:00.0,23,2193.2918293503976
2018-12-04T00:00:00.0,0,3711.9782545853614
2018-12-04T01:00:00.0,1,5355.9711278129935
2018-12-04T02:00:00.0,2,6536.731774537938
2018-12-04T03:00:00.0,3,7562.683167159771
2018-12-04T04:00:00.0,4,8104.447342096821
2018-12-04T05:00:00.0,5,8279.05338273857
2018-12-04T06:00:00.0,6,7907.109214540112
2018-12-04T07:00:00.0,7,7707.63036398743
2018-12-04T08:00:00.0,8,7236.647041809546
2018-12-04T09:00:00.0,9,6658.946576195239
2018-12-04T10:00:00.0,10,6074.983919823448
2018-12-04T11:00:00.0,11,5614.095665009995
2018-12-04T12:00:00.0,12,5124.606880597193
2018-12-04T13:00:00.0,13,4550.372484293151
2018-12-04T14:00:00.0,14,3237.550692579052
2018-12-04T15:00:00.0,15,2079.53715189401
2018-12-04T16:00:00.0,16,1601.418646854874
2018-12-04T17:00:00.0,17,1068.8577036858237
2018-12-04T18:00:00.0,18,738.1252632182459
2018-12-04T19:00:00.0,19,571.307793278566
2018-12-04T20:00:00.0,20,499.9180913802097
2018-12-04T21:00:00.0,21,484.6975970887998
2018-12-04T22:00:00.0,22,592.9182220400357
2018-12-04T23:00:00.0,23,1374.2411133770274
2018-12-05T00:00:00.0,0,2941.1392790022364
2018-12-05T01:00:00.0,1,3637.2437670822023
2018-12-05T02:00:00.0,2,3946.109142005233
2018-12-05T03:00:00.0,3,3936.069183221453
2018-12-05T04:00:00.0,4,3699.390740910734
2018-12-05T05:00:00.0,5,3691.4096580207297
2018-12-05T06:00:00.0,6,3904.843897779115
2018-12-05T07:00:00.0,7,4227.120406137079
2018-12-05T08:00:00.0,8,4755.72842517347
2018-12-05T09:00:00.0,9,5225.633375697295
2018-12-05T10:00:00.0,10,5622.603196028416
2018-12-05T11:00:00.0,11,6084.525421740335
2018-12-05T12:00:00.0,12,6567.674531808552
2018-12-05T13:00:00.0,13,7017.622010441822
2018-12-05T14:00:00.0,14,7223.827524421385
2018-12-05T15:00:00.0,15,5853.7890477915535
2018-12-05T16:00:00.0,16,6072.752979551133
2018-12-05T17:00:00.0,17,6826.623767772592
2018-12-05T18:00:00.0,18,7897.67261732262
2018-12-05T19:00:00.0,19,8847.900910902285
2018-12-05T20:00:00.0,20,9175.785726075801
2018-12-05T21:00:00.0,21,9569.78433820217
2018-12-05T22:00:00.0,22,10062.662214013355
2018-12-05T23:00:00.0,23,11771.02428234223
2018-12-06T00:00:00.0,0,13813.623330362609
2018-12-06T01:00:00.0,1,15466.696319364293
2018-12-06T02:00:00.0,2,15812.307310032978
2018-12-06T03:00:00.0,3,15987.11919675458
2018-12-06T04:00:00.0,4,15941.672378601965
2018-12-06T05:00:00.0,5,15661.584688924917
2018-12-06T06:00:00.0,6,15412.199803537522
2018-12-06T07:00:00.0,7,14594.92956543051
2018-12-06T08:00:00.0,8,14152.248693599695
2018-12-06T09:00:00.0,9,13845.670867535708
2018-12-06T10:00:00.0,10,13544.613425008245
2018-12-06T11:00:00.0,11,12559.705987601328
2018-12-06T12:00:00.0,12,11698.598980229226
2018-12-06T13:00:00.0,13,10822.146434185377
2018-12-06T14:00:00.0,14,9477.229682161189
2018-12-06T15:00:00.0,15,7020.345049664861
2018-12-06T16:00:00.0,16,6382.715782578943
2018-12-06T17:00:00.0,17,6334.463976907361
2018-12-06T18:00:00.0,18,6481.71889313724
2018-12-06T19:00:00.0,19,6574.264802935101
2018-12-06T20:00:00.0,20,6488.581670921783
2018-12-06T21:00:00.0,21,6183.115502965757
2018-12-06T22:00:00.0,22,5823.975034223818
2018-12-06T23:00:00.0,23,6116.849032914707
2018-12-07T00:00:00.0,0,6717.684086284582
2018-12-07T01:00:00.0,1,6591.475354225848
2018-12-07T02:00:00.0,2,5906.019306371384
2018-12-07T03:00:00.0,3,5084.392489736322
2018-12-07T04:00:00.0,4,4518.370124075186
2018-12-07T05:00:00.0,5,4138.404897777379
2018-12-07T06:00:00.0,6,3659.942203921762
2018-12-07T07:00:00.0,7,3411.8502776516907
2018-12-07T08:00:00.0,8,3197.4226671503984
2018-12-07T09:00:00.0,9,3073.820119326721
2018-12-07T10:00:00.0,10,3028.518045529243
2018-12-07T11:00:00.0,11,2968.310117569648
2018-12-07T12:00:00.0,12,3053.479852168139
2018-12-07T13:00:00.0,13,3127.5753074245426
2018-12-07T14:00:00.0,14,2818.6940525473256
2018-12-07T15:00:00.0,15,3004.623169525889
2018-12-07T16:00:00.0,16,3432.0934238271525
2018-12-07T17:00:00.0,17,3719.8144593420916
2018-12-07T18:00:00.0,18,3908.0653423072085
2018-12-07T19:00:00.0,19,4276.936920353232
2018-12-07T20:00:00.0,20,4422.0338348295
2018-12-07T21:00:00.0,21,4362.86316510312
2018-12-07T22:00:00.0,22,4332.698733429438
2018-12-07T23:00:00.0,23,4414.347891622467
2018-12-08T00:00:00.0,0,4201.035106239012
2018-12-08T01:00:00.0,1,4265.630371343842
2018-12-08T02:00:00.0,2,4342.224332661193
2018-12-08T03:00:00.0,3,4663.216535495899
2018-12-08T04:00:00.0,4,6164.130675581287
2018-12-08T05:00:00.0,5,6854.690385696739
2018-12-08T06:00:00.0,6,6221.59288452268
2018-12-08T07:00:00.0,7,5423.480874989665
2018-12-08T08:00:00.0,8,5504.383250868058
2018-12-08T09:00:00.0,9,5151.659137266831
2018-12-08T10:00:00.0,10,5104.611532949708
2018-12-08T11:00:00.0,11,5550.7080071823075
2018-12-08T12:00:00.0,12,6136.003467410869
2018-12-08T13:00:00.0,13,6274.526296788362
2018-12-08T14:00:00.0,14,5854.430430966604
2018-12-08T15:00:00.0,15,5382.298780338598
2018-12-08T16:00:00.0,16,5037.915756072617
2018-12-08T17:00:00.0,17,4503.6600955411095
2018-12-08T18:00:00.0,18,4398.221624886881
2018-12-08T19:00:00.0,19,4334.118050288634
2018-12-08T20:00:00.0,20,4279.303907812627
2018-12-08T21:00:00.0,21,4080.4461319424377
2018-12-08T22:00:00.0,22,3767.243716138322
2018-12-08T23:00:00.0,23,3816.855265129257
2018-12-09T00:00:00.0,0,3890.3435738127446
2018-12-09T01:00:00.0,1,3909.5864279833254
2018-12-09T02:00:00.0,2,3676.8970064228465
2018-12-09T03:00:00.0,3,3263.711596601495
2018-12-09T04:00:00.0,4,3193.4444517624775
2018-12-09T05:00:00.0,5,3157.6806977860674
2018-12-09T06:00:00.0,6,3065.2856577430653
2018-12-09T07:00:00.0,7,2912.1116538032798
2018-12-09T08:00:00.0,8,3119.8880956231046
2018-12-09T09:00:00.0,9,3418.4043297378885
2018-12-09T10:00:00.0,10,3815.5776369796513
2018-12-09T11:00:00.0,11,3831.0097857963806
2018-12-09T12:00:00.0,12,3840.238602565589
2018-12-09T13:00:00.0,13,3736.916869331571
2018-12-09T14:00:00.0,14,2987.3122434163183
2018-12-09T15:00:00.0,15,2168.689720586946
2018-12-09T16:00:00.0,16,1807.3483717252302
2018-12-09T17:00:00.0,17,1590.7791677761932
2018-12-09T18:00:00.0,18,1390.8954253719185
2018-12-09T19:00:00.0,19,1263.6648265352608
2018-12-09T20:00:00.0,20,1244.430199787159
2018-12-09T21:00:00.0,21,1262.7572355147465
2018-12-09T22:00:00.0,22,1497.6022381871178
2018-12-09T23:00:00.0,23,2078.913205968257
2018-12-10T00:00:00.0,0,2525.5537130652283
2018-12-10T01:00:00.0,1,2610.7637280088325
2018-12-10T02:00:00.0,2,2526.832048210684
2018-12-10T03:00:00.0,3,2488.8594899665954
2018-12-10T04:00:00.0,4,2344.561510367947
2018-12-10T05:00:00.0,5,2051.950224443148
2018-12-10T06:00:00.0,6,1852.9286906891386
2018-12-10T07:00:00.0,7,1931.870624998797
2018-12-10T08:00:00.0,8,1976.6976934070215
2018-12-10T09:00:00.0,9,1937.6626175572255
2018-12-10T10:00:00.0,10,2021.8922157419502
2018-12-10T11:00:00.0,11,2222.376334175503
2018-12-10T12:00:00.0,12,2411.0400952490345
2018-12-10T13:00:00.0,13,2607.340185363437
2018-12-10T14:00:00.0,14,2470.0649215195085
2018-12-10T15:00:00.0,15,1728.728033533319
2018-12-10T16:00:00.0,16,978.4650290298829
2018-12-10T17:00:00.0,17,522.8599796660073
2018-12-10T18:00:00.0,18,339.4721615655968
2018-12-10T19:00:00.0,19,232.7388038445251
2018-12-10T20:00:00.0,20,137.94060540637884
2018-12-10T21:00:00.0,21,133.29119056521156
2018-12-10T22:00:00.0,22,231.51553389149794
2018-12-10T23:00:00.0,23,517.6604807952043
2018-12-11T00:00:00.0,0,1224.0802143452213
2018-12-11T01:00:00.0,1,2139.1508663321288
2018-12-11T02:00:00.0,2,3597.3645099548394
2018-12-11T03:00:00.0,3,5355.055987757762
2018-12-11T04:00:00.0,4,6906.958851771421
2018-12-11T05:00:00.0,5,8497.8605793831
2018-12-11T06:00:00.0,6,10036.63819415964
2018-12-11T07:00:00.0,7,11136.563421569888
2018-12-11T08:00:00.0,8,11892.598464112672
2018-12-11T09:00:00.0,9,12569.768713960157
2018-12-11T10:00:00.0,10,13025.01751538434
2018-12-11T11:00:00.0,11,13208.302708628134
2018-12-11T12:00:00.0,12,13490.410520077387
2018-12-11T13:00:00.0,13,13711.372345363337
2018-12-11T14:00:00.0,14,13836.782387994403
2018-12-11T15:00:00.0,15,13387.933924441948
2018-12-11T16:00:00.0,16,12661.717268288565
2018-12-11T17:00:00.0,17,12366.820991358692
2018-12-11T18:00:00.0,18,12307.929151301738
2018-12-11T19:00:00.0,19,12336.761979393421
2018-12-11T20:00:00.0,20,12568.15809456619
2018-12-11T21:00:00.0,21,13188.720997957053
2018-12-11T22:00:00.0,22,13894.618893755605
2018-12-11T23:00:00.0,23,14672.81827155687
2018-12-12T00:00:00.0,0,14959.583345782625
2018-12-12T01:00:00.0,1,15128.405163244592
2018-12-12T02:00:00.0,2,15009.808718232884
2018-12-12T03:00:00.0,3,14782.232800798187
2018-12-12T04:00:00.0,4,14407.324862585323
2018-12-12T05:00:00.0,5,13699.172754209563
2018-12-12T06:00:00.0,6,12780.792800406163
2018-12-12T07:00:00.0,7,11914.086419060784
2018-12-12T08:00:00.0,8,11077.974341048814
2018-12-12T09:00:00.0,9,10239.28063318068
2018-12-12T10:00:00.0,10,9434.806585670885
2018-12-12T11:00:00.0,11,8551.904977895903
2018-12-12T12:00:00.0,12,7745.310195477524
2018-12-12T13:00:00.0,13,6918.114029511632
2018-12-12T14:00:00.0,14,5933.497148420544
2018-12-12T15:00:00.0,15,4483.991329428112
2018-12-12T16:00:00.0,16,3391.7549378768767
2018-12-12T17:00:00.0,17,3217.9319034295713
2018-12-12T18:00:00.0,18,3620.8052739212176
2018-12-12T19:00:00.0,19,4141.466766390604
2018-12-12T20:00:00.0,20,4607.141135235976
2018-12-12T21:00:00.0,21,5045.262612457976
2018-12-12T22:00:00.0,22,6674.13796094229
2018-12-12T23:00:00.0,23,9634.350910713847
2018-12-13T00:00:00.0,0,11587.829346990491
2018-12-13T01:00:00.0,1,12668.590829023791
2018-12-13T02:00:00.0,2,13441.689312704606
2018-12-13T03:00:00.0,3,13834.279647345576
2018-12-13T04:00:00.0,4,14267.926136223317
2018-12-13T05:00:00.0,5,14432.026018343327
2018-12-13T06:00:00.0,6,15590.123408808404
2018-12-13T07:00:00.0,7,16730.419487034134
2018-12-13T08:00:00.0,8,17105.010851802846
2018-12-13T09:00:00.0,9,17062.130559336674
2018-12-13T10:00:00.0,10,17482.336986192597
2018-12-13T11:00:00.0,11,17568.127462953005
2018-12-13T12:00:00.0,12,18057.51650002773
2018-12-13T13:00:00.0,13,18009.482500797705
2018-12-13T14:00:00.0,14,17241.47001677957
2018-12-13T15:00:00.0,15,16771.183629591324
2018-12-13T16:00:00.0,16,16792.18765377924
2018-12-13T17:00:00.0,17,16751.485100494538
2018-12-13T18:00:00.0,18,17161.11087879624
2018-12-13T19:00:00.0,19,17883.04657572286
2018-12-13T20:00:00.0,20,19269.959338329954
2018-12-13T21:00:00.0,21,20222.33595374011
2018-12-13T22:00:00.0,22,20374.213056760676
2018-12-13T23:00:00.0,23,20170.252902136195
2018-12-14T00:00:00.0,0,19911.04642914682
2018-12-14T01:00:00.0,1,19864.94099169382
2018-12-14T02:00:00.0,2,19698.419773551414
2018-12-14T03:00:00.0,3,18798.0641926079
2018-12-14T04:00:00.0,4,19066.43551863151
2018-12-14T05:00:00.0,5,19241.70611571106
2018-12-14T06:00:00.0,6,19255.705514762976
2018-12-14T07:00:00.0,7,19245.00141536802
2018-12-14T08:00:00.0,8,19169.884286791286
2018-12-14T09:00:00.0,9,19022.461194842534
2018-12-14T10:00:00.0,10,18981.238897130283
2018-12-14T11:00:00.0,11,18899.3393294898
2018-12-14T12:00:00.0,12,18821.855878776016
2018-12-14T13:00:00.0,13,18725.113601895326
2018-12-14T14:00:00.0,14,18484.561394140463
2018-12-14T15:00:00.0,15,17402.49696259991
2018-12-14T16:00:00.0,16,16253.30141712619
2018-12-14T17:00:00.0,17,15908.11506304466
2018-12-14T18:00:00.0,18,15614.807394404766
2018-12-14T19:00:00.0,19,15109.515688943966
2018-12-14T20:00:00.0,20,14332.56030888515
2018-12-14T21:00:00.0,21,13273.930234032932
2018-12-14T22:00:00.0,22,12663.957269237304
2018-12-14T23:00:00.0,23,12511.231214163796
2018-12-15T00:00:00.0,0,12601.417227639866
2018-12-15T01:00:00.0,1,12280.856143087272
2018-12-15T02:00:00.0,2,11487.510720079916
2018-12-15T03:00:00.0,3,10494.276163556806
2018-12-15T04:00:00.0,4,9574.773628292369
2018-12-15T05:00:00.0,5,8862.310052794053
2018-12-15T06:00:00.0,6,8059.670164885646
2018-12-15T07:00:00.0,7,7199.119650373774
2018-12-15T08:00:00.0,8,6313.462191195172
2018-12-15T09:00:00.0,9,5661.131486912771
2018-12-15T10:00:00.0,10,5259.910777394367
2018-12-15T11:00:00.0,11,4913.85591580333
2018-12-15T12:00:00.0,12,4779.354625372015
2018-12-15T13:00:00.0,13,4650.626999349499
2018-12-15T14:00:00.0,14,4240.910866198679
2018-12-15T15:00:00.0,15,3102.869215085651
2018-12-15T16:00:00.0,16,2488.0093206067163
2018-12-15T17:00:00.0,17,2489.236644966385
2018-12-15T18:00:00.0,18,3126.3688642717348
2018-12-15T19:00:00.0,19,3571.3881724059297
2018-12-15T20:00:00.0,20,3552.8608675684086
2018-12-15T21:00:00.0,21,3537.4641276170473
2018-12-15T22:00:00.0,22,4432.327700832301
2018-12-15T23:00:00.0,23,5825.165741999427
2018-12-16T00:00:00.0,0,6869.492194829061
2018-12-16T01:00:00.0,1,7392.681436395414
2018-12-16T02:00:00.0,2,8051.097591298352
2018-12-16T03:00:00.0,3,8772.99863557032
2018-12-16T04:00:00.0,4,9109.219213000848
2018-12-16T05:00:00.0,5,9384.60900848197
2018-12-16T06:00:00.0,6,9705.371927583301
2018-12-16T07:00:00.0,7,10024.90564840051
2018-12-16T08:00:00.0,8,9854.631605373334
2018-12-16T09:00:00.0,9,9599.670945838188
2018-12-16T10:00:00.0,10,9012.763319030555
2018-12-16T11:00:00.0,11,8382.532144378702
2018-12-16T12:00:00.0,12,7858.971798457152
2018-12-16T13:00:00.0,13,7266.872215204694
2018-12-16T14:00:00.0,14,6722.151171705892
2018-12-16T15:00:00.0,15,5964.069536017988
2018-12-16T16:00:00.0,16,4441.477859308331
2018-12-16T17:00:00.0,17,3374.150531633108
2018-12-16T18:00:00.0,18,2502.349494500626
2018-12-16T19:00:00.0,19,1907.9143421478664
2018-12-16T20:00:00.0,20,1360.8531246733107
2018-12-16T21:00:00.0,21,997.7864237801481
2018-12-16T22:00:00.0,22,845.8794255291267
2018-12-16T23:00:00.0,23,989.2817739760563
2018-12-17T00:00:00.0,0,1065.3383638443204
2018-12-17T01:00:00.0,1,1358.059173159297
2018-12-17T02:00:00.0,2,1624.0095481013411
2018-12-17T03:00:00.0,3,1622.6049291789166
2018-12-17T04:00:00.0,4,1556.4244789442164
2018-12-17T05:00:00.0,5,1351.1216504665256
2018-12-17T06:00:00.0,6,1077.3060662923785
2018-12-17T07:00:00.0,7,929.963603897344
2018-12-17T08:00:00.0,8,886.7349148539821
2018-12-17T09:00:00.0,9,774.1382361538231
2018-12-17T10:00:00.0,10,657.9860091125128
2018-12-17T11:00:00.0,11,599.0150046036697
2018-12-17T12:00:00.0,12,590.3137616370582
2018-12-17T13:00:00.0,13,607.1511962400069
2018-12-17T14:00:00.0,14,503.65816196017545
2018-12-17T15:00:00.0,15,330.40812728591044
2018-12-17T16:00:00.0,16,194.57266673169818
2018-12-17T17:00:00.0,17,119.84193972547114
2018-12-17T18:00:00.0,18,210.55327105759724
2018-12-17T19:00:00.0,19,285.1000473567203
2018-12-17T20:00:00.0,20,440.92028509497953
2018-12-17T21:00:00.0,21,559.9803767300881
2018-12-17T22:00:00.0,22,710.9005411695998
2018-12-17T23:00:00.0,23,1271.8495245582956
2018-12-18T00:00:00.0,0,2237.719897799916
2018-12-18T01:00:00.0,1,3022.4902112354725
2018-12-18T02:00:00.0,2,4173.054446547903
2018-12-18T03:00:00.0,3,5669.038220181194
2018-12-18T04:00:00.0,4,6830.781550543423
2018-12-18T05:00:00.0,5,7596.406239669478
2018-12-18T06:00:00.0,6,8211.356762755722
2018-12-18T07:00:00.0,7,8420.96146588668
2018-12-18T08:00:00.0,8,8485.350980249434
2018-12-18T09:00:00.0,9,8323.394584851592
2018-12-18T10:00:00.0,10,8002.2181917950575
2018-12-18T11:00:00.0,11,7726.532758906805
2018-12-18T12:00:00.0,12,7579.380237761253
2018-12-18T13:00:00.0,13,7473.94480181755
2018-12-18T14:00:00.0,14,7262.323320406528
2018-12-18T15:00:00.0,15,6127.707796604652
2018-12-18T16:00:00.0,16,4714.821580112331
2018-12-18T17:00:00.0,17,3868.4761060982505
2018-12-18T18:00:00.0,18,3106.661298205047
2018-12-18T19:00:00.0,19,2753.6727197548266
2018-12-18T20:00:00.0,20,2309.089634799437
2018-12-18T21:00:00.0,21,2113.779592262645
2018-12-18T22:00:00.0,22,2134.8257556377416
2018-12-18T23:00:00.0,23,3163.0764599205672
2018-12-19T00:00:00.0,0,4352.643843755338
2018-12-19T01:00:00.0,1,5388.562126012791
2018-12-19T02:00:00.0,2,6442.486304702532
2018-12-19T03:00:00.0,3,6615.402427971163
2018-12-19T04:00:00.0,4,6517.234869760669
2018-12-19T05:00:00.0,5,6591.933971124301
2018-12-19T06:00:00.0,6,6395.831324940114
2018-12-19T07:00:00.0,7,5580.910356247269
2018-12-19T08:00:00.0,8,4992.14622062545
2018-12-19T09:00:00.0,9,4309.297902521107
2018-12-19T10:00:00.0,10,3576.2620775253454
2018-12-19T11:00:00.0,11,2997.260358842488
2018-12-19T12:00:00.0,12,2481.5321814505046
2018-12-19T13:00:00.0,13,2051.2332997492995
2018-12-19T14:00:00.0,14,1779.10903867474
2018-12-19T15:00:00.0,15,1254.4819999361937
2018-12-19T16:00:00.0,16,1009.5387428002414
2018-12-19T17:00:00.0,17,1133.5945198882955
2018-12-19T18:00:00.0,18,1701.1176724331817
2018-12-19T19:00:00.0,19,2325.0479985183924
2018-12-19T20:00:00.0,20,3075.948516460981
2018-12-19T21:00:00.0,21,3768.1044291417656
2018-12-19T22:00:00.0,22,3775.8555927385646
2018-12-19T23:00:00.0,23,4045.717619591012
2018-12-20T00:00:00.0,0,5029.852547139467
2018-12-20T01:00:00.0,1,6333.004810260467
2018-12-20T02:00:00.0,2,7473.93792991286
2018-12-20T03:00:00.0,3,9394.31024133198
2018-12-20T04:00:00.0,4,10796.839643048357
2018-12-20T05:00:00.0,5,11494.511503436144
2018-12-20T06:00:00.0,6,11882.291972305082
2018-12-20T07:00:00.0,7,12329.338511972384
2018-12-20T08:00:00.0,8,13806.46779800483
2018-12-20T09:00:00.0,9,15834.100868537937
2018-12-20T10:00:00.0,10,16770.220228565635
2018-12-20T11:00:00.0,11,17456.45941805172
2018-12-20T12:00:00.0,12,17443.51985221179
2018-12-20T13:00:00.0,13,17373.305110123958
2018-12-20T14:00:00.0,14,16565.326216611764
2018-12-20T15:00:00.0,15,14194.101829691592
2018-12-20T16:00:00.0,16,13406.398004081764
2018-12-20T17:00:00.0,17,15269.962378098191
2018-12-20T18:00:00.0,18,16072.839424264857
2018-12-20T19:00:00.0,19,15913.974741870616
2018-12-20T20:00:00.0,20,15427.728504579289
2018-12-20T21:00:00.0,21,14114.381691355391
2018-12-20T22:00:00.0,22,12762.489179201642
2018-12-20T23:00:00.0,23,11536.625327033167
2018-12-21T00:00:00.0,0,11378.049129560199
2018-12-21T01:00:00.0,1,10868.885763904696
2018-12-21T02:00:00.0,2,10211.574483932882
2018-12-21T03:00:00.0,3,9595.716018365261
2018-12-21T04:00:00.0,4,8777.890870294734
2018-12-21T05:00:00.0,5,7713.692186166033
2018-12-21T06:00:00.0,6,6734.229751952429
2018-12-21T07:00:00.0,7,5835.26648023735
2018-12-21T08:00:00.0,8,4950.105083736406
2018-12-21T09:00:00.0,9,4183.677476295876
2018-12-21T10:00:00.0,10,3464.708474517574
2018-12-21T11:00:00.0,11,3019.324303389834
2018-12-21T12:00:00.0,12,2946.27724252089
2018-12-21T13:00:00.0,13,3298.6944729999377
2018-12-21T14:00:00.0,14,3981.2274147528883
2018-12-21T15:00:00.0,15,4348.533815435715
2018-12-21T16:00:00.0,16,3758.2979464996356
2018-12-21T17:00:00.0,17,4334.939658794984
2018-12-21T18:00:00.0,18,5722.764650138757
2018-12-21T19:00:00.0,19,6835.654364635932
2018-12-21T20:00:00.0,20,7295.46065932736
2018-12-21T21:00:00.0,21,8014.509005309654
2018-12-21T22:00:00.0,22,9728.344974298698
2018-12-21T23:00:00.0,23,13101.163373192647
2018-12-22T00:00:00.0,0,15128.354349560934
2018-12-22T01:00:00.0,1,16048.134178758628
2018-12-22T02:00:00.0,2,16398.522524703407
2018-12-22T03:00:00.0,3,16572.744868433547
2018-12-22T04:00:00.0,4,17051.052312801283
2018-12-22T05:00:00.0,5,17363.071551278656
2018-12-22T06:00:00.0,6,17129.319377904376
2018-12-22T07:00:00.0,7,16809.900033750124
2018-12-22T08:00:00.0,8,16700.119922592243
2018-12-22T09:00:00.0,9,16720.108469086725
2018-12-22T10:00:00.0,10,16468.287393486193
2018-12-22T11:00:00.0,11,16123.860056983163
2018-12-22T12:00:00.0,12,15500.84075083874
2018-12-22T13:00:00.0,13,14980.783177490384
2018-12-22T14:00:00.0,14,13772.767416399525
2018-12-22T15:00:00.0,15,8931.114169124708
2018-12-22T16:00:00.0,16,4730.868826699006
2018-12-22T17:00:00.0,17,3383.750475125918
2018-12-22T18:00:00.0,18,2525.196539271645
2018-12-22T19:00:00.0,19,2022.2538640955634
2018-12-22T20:00:00.0,20,1600.02476092871
2018-12-22T21:00:00.0,21,1275.6779789465215
2018-12-22T22:00:00.0,22,1169.1749543172657
2018-12-22T23:00:00.0,23,1688.1505668052894
2018-12-23T00:00:00.0,0,3567.9335838598204
2018-12-23T01:00:00.0,1,5582.461185990022
2018-12-23T02:00:00.0,2,7330.015110097811
2018-12-23T03:00:00.0,3,8556.546092324026
2018-12-23T04:00:00.0,4,9142.689633862385
2018-12-23T05:00:00.0,5,10008.510213496085
2018-12-23T06:00:00.0,6,12267.172904780322
2018-12-23T07:00:00.0,7,14204.448396383561
2018-12-23T08:00:00.0,8,13956.51979687828
2018-12-23T09:00:00.0,9,13238.476397106491
2018-12-23T10:00:00.0,10,12221.537469841025
2018-12-23T11:00:00.0,11,10944.637900070666
2018-12-23T12:00:00.0,12,9705.093319997262
2018-12-23T13:00:00.0,13,8581.379774770016
2018-12-23T14:00:00.0,14,6372.755403585769
2018-12-23T15:00:00.0,15,3455.9166998233395
2018-12-23T16:00:00.0,16,1854.099264178395
2018-12-23T17:00:00.0,17,914.6580617088401
2018-12-23T18:00:00.0,18,634.1223421705075
2018-12-23T19:00:00.0,19,626.7681429000252
2018-12-23T20:00:00.0,20,814.017791655469
2018-12-23T21:00:00.0,21,1074.9463824499496
2018-12-23T22:00:00.0,22,1396.5002264310922
2018-12-23T23:00:00.0,23,1900.098739713896
2018-12-24T00:00:00.0,0,2821.8454861890204
2018-12-24T01:00:00.0,1,3966.779346339285
2018-12-24T02:00:00.0,2,5126.456341667323
2018-12-24T03:00:00.0,3,6035.810834011853
2018-12-24T04:00:00.0,4,7240.043282064032
2018-12-24T05:00:00.0,5,8276.713384287183
2018-12-24T06:00:00.0,6,9276.36064812125
2018-12-24T07:00:00.0,7,10247.774616443246
2018-12-24T08:00:00.0,8,11384.36031315326
2018-12-24T09:00:00.0,9,12404.182720816314
2018-12-24T10:00:00.0,10,13253.778155651058
2018-12-24T11:00:00.0,11,13577.804028158229
2018-12-24T12:00:00.0,12,13991.165470855254
2018-12-24T13:00:00.0,13,13807.518879417135
2018-12-24T14:00:00.0,14,13086.332181441925
2018-12-24T15:00:00.0,15,11491.136033704714
2018-12-24T16:00:00.0,16,10135.061184744232
2018-12-24T17:00:00.0,17,9068.331194558936
2018-12-24T18:00:00.0,18,7992.218479974325
2018-12-24T19:00:00.0,19,7305.731125629199
2018-12-24T20:00:00.0,20,6321.584858670922
2018-12-24T21:00:00.0,21,5558.407609488975
2018-12-24T22:00:00.0,22,5538.299035910063
2018-12-24T23:00:00.0,23,7378.954136194513
2018-12-25T00:00:00.0,0,9345.175448632328
2018-12-25T01:00:00.0,1,10740.124061866163
2018-12-25T02:00:00.0,2,11610.904502158684
2018-12-25T03:00:00.0,3,11821.247597696156
2018-12-25T04:00:00.0,4,11698.397754260184
2018-12-25T05:00:00.0,5,11162.098953757537
2018-12-25T06:00:00.0,6,10668.903163144698
2018-12-25T07:00:00.0,7,9758.233372275768
2018-12-25T08:00:00.0,8,8786.972002759658
2018-12-25T09:00:00.0,9,7999.643302031732
2018-12-25T10:00:00.0,10,7191.897057975954
2018-12-25T11:00:00.0,11,6238.823449054499
2018-12-25T12:00:00.0,12,5480.0847270383065
2018-12-25T13:00:00.0,13,4572.16810807025
2018-12-25T14:00:00.0,14,3825.696877146504
2018-12-25T15:00:00.0,15,2908.305353827065
2018-12-25T16:00:00.0,16,3207.913663985901
2018-12-25T17:00:00.0,17,3632.241301354877
2018-12-25T18:00:00.0,18,4213.598510437342
2018-12-25T19:00:00.0,19,4937.096591711769
2018-12-25T20:00:00.0,20,5460.284332766564
2018-12-25T21:00:00.0,21,6572.595556774402
2018-12-25T22:00:00.0,22,7385.643283472956
2018-12-25T23:00:00.0,23,9089.950893966385
2018-12-26T00:00:00.0,0,11177.395438022439
2018-12-26T01:00:00.0,1,11883.591840640926
2018-12-26T02:00:00.0,2,12289.128406908116
2018-12-26T03:00:00.0,3,12770.370029968451
2018-12-26T04:00:00.0,4,13556.272040953
2018-12-26T05:00:00.0,5,14165.186836768838
2018-12-26T06:00:00.0,6,14426.023695597352
2018-12-26T07:00:00.0,7,14879.112645416955
2018-12-26T08:00:00.0,8,15161.8140023988
2018-12-26T09:00:00.0,9,15370.80346482693
2018-12-26T10:00:00.0,10,15753.249887069715
2018-12-26T11:00:00.0,11,15905.328716761926
2018-12-26T12:00:00.0,12,16392.261680553653
2018-12-26T13:00:00.0,13,17165.85806746061
2018-12-26T14:00:00.0,14,18017.35941117535
2018-12-26T15:00:00.0,15,18336.052610070426
2018-12-26T16:00:00.0,16,18734.267887670703
2018-12-26T17:00:00.0,17,18155.861995513318
2018-12-26T18:00:00.0,18,18384.05021283356
2018-12-26T19:00:00.0,19,18057.38035297734
2018-12-26T20:00:00.0,20,17408.7733438685
2018-12-26T21:00:00.0,21,16240.402293090927
2018-12-26T22:00:00.0,22,14888.125962039843
2018-12-26T23:00:00.0,23,14783.62846276591
2018-12-27T00:00:00.0,0,14340.787756289237
2018-12-27T01:00:00.0,1,14802.900584989613
2018-12-27T02:00:00.0,2,15154.372201801294
2018-12-27T03:00:00.0,3,15741.943124204498
2018-12-27T04:00:00.0,4,15867.028100612173
2018-12-27T05:00:00.0,5,16185.115459257593
2018-12-27T06:00:00.0,6,17202.882895818624
2018-12-27T07:00:00.0,7,18268.568558433562
2018-12-27T08:00:00.0,8,18916.686125916007
2018-12-27T09:00:00.0,9,19211.092591369797
2018-12-27T10:00:00.0,10,19035.292854705895
2018-12-27T11:00:00.0,11,19043.936587612607
2018-12-27T12:00:00.0,12,18992.797146246627
2018-12-27T13:00:00.0,13,18527.203666187397
2018-12-27T14:00:00.0,14,17665.575119772242
2018-12-27T15:00:00.0,15,16682.93538650105
2018-12-27T16:00:00.0,16,15598.960965832133
2018-12-27T17:00:00.0,17,13711.013602121884
2018-12-27T18:00:00.0,18,10938.235596365164
2018-12-27T19:00:00.0,19,8632.19018541512
2018-12-27T20:00:00.0,20,6850.169750691402
2018-12-27T21:00:00.0,21,5424.0122952840675
2018-12-27T22:00:00.0,22,4353.77159633145
2018-12-27T23:00:00.0,23,4252.038679152641
2018-12-28T00:00:00.0,0,5056.39007878924
2018-12-28T01:00:00.0,1,6412.97717121791
2018-12-28T02:00:00.0,2,8456.288238688549
2018-12-28T03:00:00.0,3,10086.141833991247
2018-12-28T04:00:00.0,4,11381.757475143386
2018-12-28T05:00:00.0,5,12249.532852591328
2018-12-28T06:00:00.0,6,13013.627821786058
2018-12-28T07:00:00.0,7,13111.860428961356
2018-12-28T08:00:00.0,8,12742.199817192393
2018-12-28T09:00:00.0,9,12835.33539266562
2018-12-28T10:00:00.0,10,12495.77687387354
2018-12-28T11:00:00.0,11,12565.268254586328
2018-12-28T12:00:00.0,12,12758.966006421098
2018-12-28T13:00:00.0,13,12606.692453261256
2018-12-28T14:00:00.0,14,11359.216356852929
2018-12-28T15:00:00.0,15,10018.892583752946
2018-12-28T16:00:00.0,16,8646.672805186436
2018-12-28T17:00:00.0,17,6898.930510940365
2018-12-28T18:00:00.0,18,5350.050648753525
2018-12-28T19:00:00.0,19,4365.880214980702
2018-12-28T20:00:00.0,20,3901.1455686498557
2018-12-28T21:00:00.0,21,3828.8885897769233
2018-12-28T22:00:00.0,22,4067.2701731487236
2018-12-28T23:00:00.0,23,5140.375089051578
2018-12-29T00:00:00.0,0,7201.924747503351
2018-12-29T01:00:00.0,1,8751.081751432332
2018-12-29T02:00:00.0,2,9130.047011039873
2018-12-29T03:00:00.0,3,8868.308147427975
2018-12-29T04:00:00.0,4,8355.372951678422
2018-12-29T05:00:00.0,5,7664.257437373594
2018-12-29T06:00:00.0,6,6897.625611781606
2018-12-29T07:00:00.0,7,6347.457518307339
2018-12-29T08:00:00.0,8,5790.708094667959
2018-12-29T09:00:00.0,9,5632.217280024761
2018-12-29T10:00:00.0,10,5330.396916610663
2018-12-29T11:00:00.0,11,4785.291104270435
2018-12-29T12:00:00.0,12,4472.82965472289
2018-12-29T13:00:00.0,13,4088.0323815221623
2018-12-29T14:00:00.0,14,3422.1766289274237
2018-12-29T15:00:00.0,15,2789.45198346224
2018-12-29T16:00:00.0,16,2360.10937102871
2018-12-29T17:00:00.0,17,2157.4846349492423
2018-12-29T18:00:00.0,18,1975.809163670153
2018-12-29T19:00:00.0,19,1839.8294157561074
2018-12-29T20:00:00.0,20,1712.1827481114894
2018-12-29T21:00:00.0,21,1931.841056960654
2018-12-29T22:00:00.0,22,1965.8574408169677
2018-12-29T23:00:00.0,23,1900.4324641002047
2018-12-30T00:00:00.0,0,2238.390148171877
2018-12-30T01:00:00.0,1,2169.129649025551
2018-12-30T02:00:00.0,2,2116.9991241898565
2018-12-30T03:00:00.0,3,2209.855664442096
2018-12-30T04:00:00.0,4,2278.9723482281925
2018-12-30T05:00:00.0,5,2519.9753923890253
2018-12-30T06:00:00.0,6,2666.7561233753004
2018-12-30T07:00:00.0,7,2795.4041482466237
2018-12-30T08:00:00.0,8,2890.2260546446846
2018-12-30T09:00:00.0,9,2865.1729057377866
2018-12-30T10:00:00.0,10,2905.7276893570647
2018-12-30T11:00:00.0,11,2879.5879508648377
2018-12-30T12:00:00.0,12,2865.717047719569
2018-12-30T13:00:00.0,13,2888.2171403996454
2018-12-30T14:00:00.0,14,3070.434431736701
2018-12-30T15:00:00.0,15,2680.44759073149
2018-12-30T16:00:00.0,16,2520.3882897963454
2018-12-30T17:00:00.0,17,2725.8453381819822
2018-12-30T18:00:00.0,18,2971.707578125754
2018-12-30T19:00:00.0,19,3073.399468750136
2018-12-30T20:00:00.0,20,2848.4503596494783
2018-12-30T21:00:00.0,21,2622.6741807731523
2018-12-30T22:00:00.0,22,2849.7174178839755
2018-12-30T23:00:00.0,23,3577.3695872884073
2018-12-31T00:00:00.0,0,4471.935835126967
2018-12-31T01:00:00.0,1,5268.053960941101
2018-12-31T02:00:00.0,2,6141.3423269806
2018-12-31T03:00:00.0,3,7462.848141465315
2018-12-31T04:00:00.0,4,7980.632112317813
2018-12-31T05:00:00.0,5,8666.780642471618
2018-12-31T06:00:00.0,6,9495.33919953486
2018-12-31T07:00:00.0,7,10437.71821152609
2018-12-31T08:00:00.0,8,11288.756726504484
2018-12-31T09:00:00.0,9,12451.945574334364
2018-12-31T10:00:00.0,10,13982.473124886246
2018-12-31T11:00:00.0,11,14290.794121202087
2018-12-31T12:00:00.0,12,13852.516667842168
2018-12-31T13:00:00.0,13,14315.988267226072
2018-12-31T14:00:00.0,14,14430.031363812586
2018-12-31T15:00:00.0,15,14164.017552164774
2018-12-31T16:00:00.0,16,13111.670156034977
2018-12-31T17:00:00.0,17,12171.89894950347
2018-12-31T18:00:00.0,18,11580.61174916629
2018-12-31T19:00:00.0,19,10383.253506600087
2018-12-31T20:00:00.0,20,8363.553150389807
2018-12-31T21:00:00.0,21,7153.893690406032
2018-12-31T22:00:00.0,22,6406.122406668027
2018-12-31T23:00:00.0,23,6971.3746440983605
