DateTimeTexas,DateTime,hour,BA_total,load_check,lower_load,upper_load,quantile
2017-12-31T18:00:00.0,2018-01-01T00:00:00.0,0,53687.473,1.0,48101.316,58772.562,0.5434882474939504
2017-12-31T19:00:00.0,2018-01-01T01:00:00.0,1,52889.168,1.0,43779.086,61488.445,0.5267475626595253
2017-12-31T20:00:00.0,2018-01-01T02:00:00.0,2,52022.8,1.0,43928.29,57568.375,0.6681106941372372
2017-12-31T21:00:00.0,2018-01-01T03:00:00.0,3,51157.402,1.0,45707.555,56898.953,0.4758262985400739
2017-12-31T22:00:00.0,2018-01-01T04:00:00.0,4,50745.27,1.0,42883.586,56980.715,0.6057826180884719
2017-12-31T23:00:00.0,2018-01-01T05:00:00.0,5,50582.97,1.0,42203.363,56150.14,0.6805048111105847
2018-01-01T00:00:00.0,2018-01-01T06:00:00.0,6,50699.58,1.0,47432.883,51714.22,0.889450980392157
2018-01-01T01:00:00.0,2018-01-01T07:00:00.0,7,50811.016,1.0,46211.254,54610.234,0.5877349689011755
2018-01-01T02:00:00.0,2018-01-01T08:00:00.0,8,51228.934,1.0,46036.934,55972.734,0.541786390466645
2018-01-01T03:00:00.0,2018-01-01T09:00:00.0,9,52158.605,1.0,49058.418,55201.895,0.5085943447525834
2018-01-01T04:00:00.0,2018-01-01T10:00:00.0,10,53510.668,1.0,51288.66,57456.11,0.25783892454886775
2018-01-01T05:00:00.0,2018-01-01T11:00:00.0,11,54709.176,1.0,51468.633,57947.652,0.500295373155709
2018-01-01T06:00:00.0,2018-01-01T12:00:00.0,12,55260.152,1.0,54213.695,58512.99,0.11633555891492403
2018-01-01T07:00:00.0,2018-01-01T13:00:00.0,13,55814.418,1.0,52965.344,59010.684,0.4468611829101409
2018-01-01T08:00:00.0,2018-01-01T14:00:00.0,14,56115.23,1.0,52506.89,58004.523,0.7664900920580443
2018-01-01T09:00:00.0,2018-01-01T15:00:00.0,15,55729.277,1.0,52754.85,57220.49,0.7801403263119454
2018-01-01T10:00:00.0,2018-01-01T16:00:00.0,16,54888.973,1.0,51625.043,55602.65,0.9319947277224053
2018-01-01T11:00:00.0,2018-01-01T17:00:00.0,17,53525.36,1.0,46548.03,57215.477,0.763248006433023
2018-01-01T12:00:00.0,2018-01-01T18:00:00.0,18,52135.625,1.0,48144.51,56133.555,0.49920780578464324
2018-01-01T13:00:00.0,2018-01-01T19:00:00.0,19,51089.938,1.0,48971.984,55306.39,0.2204517820168288
2018-01-01T14:00:00.0,2018-01-01T20:00:00.0,20,50833.254,1.0,47289.13,55804.35,0.3483320248807296
2018-01-01T15:00:00.0,2018-01-01T21:00:00.0,21,52073.26,1.0,50598.355,58915.953,0.06676841359773383
2018-01-01T16:00:00.0,2018-01-01T22:00:00.0,22,55731.58,1.0,52613.508,59424.453,0.42218046521587876
2018-01-01T17:00:00.0,2018-01-01T23:00:00.0,23,57228.027,1.0,53124.59,60396.562,0.6175542348423706
2018-01-01T18:00:00.0,2018-01-02T00:00:00.0,0,57304.348,1.0,50671.703,62376.023,0.6218113298561905
2018-01-01T19:00:00.0,2018-01-02T01:00:00.0,1,57080.42,1.0,43591.086,64262.93,0.7610596713511121
2018-01-01T20:00:00.0,2018-01-02T02:00:00.0,2,55684.324,1.0,43297.805,61084.926,0.8195492879084056
2018-01-01T21:00:00.0,2018-01-02T03:00:00.0,3,53710.965,1.0,41407.55,58615.68,0.8413729910786174
2018-01-01T22:00:00.0,2018-01-02T04:00:00.0,4,51985.47,1.0,40580.184,58041.137,0.7619772877997659
2018-01-01T23:00:00.0,2018-01-02T05:00:00.0,5,50886.566,1.0,43685.72,56786.07,0.5913742979848029
2018-01-02T00:00:00.0,2018-01-02T06:00:00.0,6,50361.746,1.0,47316.37,52071.59,0.7432175169640606
2018-01-02T01:00:00.0,2018-01-02T07:00:00.0,7,50245.156,1.0,43945.934,53492.08,0.7714945922244961
2018-01-02T02:00:00.0,2018-01-02T08:00:00.0,8,50614.285,1.0,44561.586,55450.734,0.6024993007683331
2018-01-02T03:00:00.0,2018-01-02T09:00:00.0,9,51913.234,1.0,47889.957,55128.758,0.6024032964585334
2018-01-02T04:00:00.0,2018-01-02T10:00:00.0,10,54458.13,1.0,49110.055,56868.39,0.8108034571062736
2018-01-02T05:00:00.0,2018-01-02T11:00:00.0,11,57013.906,1.0,52042.37,57708.25,0.960421358242868
2018-01-02T06:00:00.0,2018-01-02T12:00:00.0,12,58020.203,1.0,55258.406,59033.117,0.8594335383492011
2018-01-02T07:00:00.0,2018-01-02T13:00:00.0,13,58612.77,1.0,54065.52,61423.06,0.7085571531429309
2018-01-02T08:00:00.0,2018-01-02T14:00:00.0,14,59101.23,1.0,53459.016,59560.582,0.9755089192025186
2018-01-02T09:00:00.0,2018-01-02T15:00:00.0,15,59083.47,1.0,53863.605,59380.664,0.980805892762124
2018-01-02T10:00:00.0,2018-01-02T16:00:00.0,16,58413.965,0.0,53533.508,57659.938,1.0
2018-01-02T11:00:00.0,2018-01-02T17:00:00.0,17,57671.387,1.0,49105.93,59000.105,0.955354684771549
2018-01-02T12:00:00.0,2018-01-02T18:00:00.0,18,57136.043,0.0,45964.707,55132.652,1.0
2018-01-02T13:00:00.0,2018-01-02T19:00:00.0,19,56931.42,0.0,47509.402,53104.832,1.0
2018-01-02T14:00:00.0,2018-01-02T20:00:00.0,20,57247.88,0.0,47791.312,54597.543,1.0
2018-01-02T15:00:00.0,2018-01-02T21:00:00.0,21,58493.793,0.0,50713.723,56947.438,1.0
2018-01-02T16:00:00.0,2018-01-02T22:00:00.0,22,61227.05,0.0,52333.223,57737.1,1.0
2018-01-02T17:00:00.0,2018-01-02T23:00:00.0,23,62006.426,0.0,50931.348,59935.777,1.0
2018-01-02T18:00:00.0,2018-01-03T00:00:00.0,0,61617.457,1.0,50162.703,62234.4,0.9812771835566081
2018-01-02T19:00:00.0,2018-01-03T01:00:00.0,1,60635.38,0.0,40659.773,58583.16,1.0
2018-01-02T20:00:00.0,2018-01-03T02:00:00.0,2,58624.113,1.0,42718.953,60293.99,0.9702013714565603
2018-01-02T21:00:00.0,2018-01-03T03:00:00.0,3,56163.26,1.0,44767.633,59962.645,0.8775293628389959
2018-01-02T22:00:00.0,2018-01-03T04:00:00.0,4,54507.656,1.0,44114.883,56515.1,0.9420380459683938
2018-01-02T23:00:00.0,2018-01-03T05:00:00.0,5,53809.484,1.0,41826.19,55378.52,0.962843187959132
2018-01-03T00:00:00.0,2018-01-03T06:00:00.0,6,53711.312,0.0,46035.098,52016.742,1.0
2018-01-03T01:00:00.0,2018-01-03T07:00:00.0,7,54147.562,1.0,42336.793,56711.01,0.9326348100487686
2018-01-03T02:00:00.0,2018-01-03T08:00:00.0,8,55067.707,1.0,42804.164,58432.82,0.9072618383140492
2018-01-03T03:00:00.0,2018-01-03T09:00:00.0,9,56766.73,0.0,47980.46,56409.367,1.0
2018-01-03T04:00:00.0,2018-01-03T10:00:00.0,10,59794.047,0.0,49985.934,56286.902,1.0
2018-01-03T05:00:00.0,2018-01-03T11:00:00.0,11,62592.457,0.0,50956.2,60140.062,1.0
2018-01-03T06:00:00.0,2018-01-03T12:00:00.0,12,62527.234,0.0,52821.855,59935.934,1.0
2018-01-03T07:00:00.0,2018-01-03T13:00:00.0,13,60341.684,1.0,49482.695,62891.133,0.9251788737162848
2018-01-03T08:00:00.0,2018-01-03T14:00:00.0,14,57474.746,1.0,50777.914,60154.098,0.8405551483626903
2018-01-03T09:00:00.0,2018-01-03T15:00:00.0,15,54254.86,1.0,49633.965,55848.152,0.8714452336563792
2018-01-03T10:00:00.0,2018-01-03T16:00:00.0,16,51127.01,1.0,45821.406,52603.51,0.9053847045191198
2018-01-03T11:00:00.0,2018-01-03T17:00:00.0,17,48207.92,1.0,40399.62,52891.965,0.719648122392211
2018-01-03T12:00:00.0,2018-01-03T18:00:00.0,18,45848.957,1.0,38413.63,45930.105,0.9881573396005767
2018-01-03T13:00:00.0,2018-01-03T19:00:00.0,19,43885.043,1.0,38688.52,46697.582,0.755649538000803
2018-01-03T14:00:00.0,2018-01-03T20:00:00.0,20,42971.09,1.0,37398.65,43655.48,0.9651293394145148
2018-01-03T15:00:00.0,2018-01-03T21:00:00.0,21,43655.92,1.0,39539.875,46317.95,0.6911179765825984
2018-01-03T16:00:00.0,2018-01-03T22:00:00.0,22,47538.86,0.0,40037.777,45138.344,1.0
2018-01-03T17:00:00.0,2018-01-03T23:00:00.0,23,50126.844,0.0,39789.215,48154.934,1.0
2018-01-03T18:00:00.0,2018-01-04T00:00:00.0,0,51028.316,0.0,40725.1,50487.875,1.0
2018-01-03T19:00:00.0,2018-01-04T01:00:00.0,1,51428.535,1.0,40052.016,56004.75,0.8393086400092655
2018-01-03T20:00:00.0,2018-01-04T02:00:00.0,2,50596.004,1.0,40028.47,53753.88,0.8953341547560376
2018-01-03T21:00:00.0,2018-01-04T03:00:00.0,3,48942.613,1.0,40618.59,55332.008,0.6201535934390057
2018-01-03T22:00:00.0,2018-01-04T04:00:00.0,4,47708.13,1.0,38314.543,51617.36,0.8312207909447589
2018-01-03T23:00:00.0,2018-01-04T05:00:00.0,5,47265.277,1.0,40045.44,51489.723,0.7286911818564087
2018-01-04T00:00:00.0,2018-01-04T06:00:00.0,6,47277.105,1.0,36461.68,49094.047,0.9511609429812352
2018-01-04T01:00:00.0,2018-01-04T07:00:00.0,7,47762.516,1.0,35631.793,53019.45,0.8211083448275865
2018-01-04T02:00:00.0,2018-01-04T08:00:00.0,8,48646.785,1.0,35290.117,54922.996,0.7992499208919354
2018-01-04T03:00:00.0,2018-01-04T09:00:00.0,9,50577.61,1.0,40560.81,53690.582,0.8893599042950355
2018-01-04T04:00:00.0,2018-01-04T10:00:00.0,10,53716.996,1.0,44579.57,55412.15,0.9448278722917303
2018-01-04T05:00:00.0,2018-01-04T11:00:00.0,11,56824.42,1.0,45476.668,57858.207,0.9733003882579665
2018-01-04T06:00:00.0,2018-01-04T12:00:00.0,12,56826.05,1.0,46890.77,57342.613,0.981564486655878
2018-01-04T07:00:00.0,2018-01-04T13:00:00.0,13,54353.746,1.0,42678.76,61393.258,0.7177531987441342
2018-01-04T08:00:00.0,2018-01-04T14:00:00.0,14,51007.082,1.0,46335.684,58263.57,0.30708200125693375
2018-01-04T09:00:00.0,2018-01-04T15:00:00.0,15,47980.58,1.0,45862.45,55348.09,0.09901077050538563
2018-01-04T10:00:00.0,2018-01-04T16:00:00.0,16,45368.457,1.0,42686.96,51817.48,0.16857133824012968
2018-01-04T11:00:00.0,2018-01-04T17:00:00.0,17,43164.473,1.0,32683.469,49818.258,0.6983226021208806
2018-01-04T12:00:00.0,2018-01-04T18:00:00.0,18,41524.906,1.0,32567.156,46847.625,0.7231096858354169
2018-01-04T13:00:00.0,2018-01-04T19:00:00.0,19,40474.85,1.0,31999.63,46600.242,0.6459356537831873
2018-01-04T14:00:00.0,2018-01-04T20:00:00.0,20,40544.082,1.0,32666.066,46202.11,0.648590366995957
2018-01-04T15:00:00.0,2018-01-04T21:00:00.0,21,41734.246,1.0,31770.908,47085.855,0.7581833460656991
2018-01-04T16:00:00.0,2018-01-04T22:00:00.0,22,45006.832,1.0,36276.543,45250.64,0.9853630156526371
2018-01-04T17:00:00.0,2018-01-04T23:00:00.0,23,46491.465,1.0,33512.246,50324.227,0.8971075490013629
2018-01-04T18:00:00.0,2018-01-05T00:00:00.0,0,46756.99,1.0,34734.105,52374.92,0.8008322851305467
2018-01-04T19:00:00.0,2018-01-05T01:00:00.0,1,46429.16,1.0,35080.4,54748.25,0.639961054550305
2018-01-04T20:00:00.0,2018-01-05T02:00:00.0,2,44933.59,1.0,34926.074,53946.625,0.5484028235659154
2018-01-04T21:00:00.0,2018-01-05T03:00:00.0,3,42839.742,1.0,33023.363,52576.11,0.5037975548636949
2018-01-04T22:00:00.0,2018-01-05T04:00:00.0,4,41237.332,1.0,32543.734,50967.574,0.4479316675979888
2018-01-04T23:00:00.0,2018-01-05T05:00:00.0,5,40330.77,1.0,28666.695,49909.234,0.5903323288485203
2018-01-05T00:00:00.0,2018-01-05T06:00:00.0,6,40063.465,1.0,32115.736,51111.86,0.35208447313710417
2018-01-05T01:00:00.0,2018-01-05T07:00:00.0,7,40207.0,1.0,30940.502,49902.67,0.4790051189871439
2018-01-05T02:00:00.0,2018-01-05T08:00:00.0,8,40956.887,1.0,30298.316,50009.816,0.575142537368655
2018-01-05T03:00:00.0,2018-01-05T09:00:00.0,9,42625.816,1.0,33577.703,49469.336,0.6265392984014209
2018-01-05T04:00:00.0,2018-01-05T10:00:00.0,10,45544.05,1.0,36985.535,51872.13,0.6362767094644604
2018-01-05T05:00:00.0,2018-01-05T11:00:00.0,11,48515.2,1.0,39040.977,53801.55,0.745357974212092
2018-01-05T06:00:00.0,2018-01-05T12:00:00.0,12,48874.125,1.0,39995.5,52159.16,0.8576020430398059
2018-01-05T07:00:00.0,2018-01-05T13:00:00.0,13,47589.94,1.0,35130.42,54158.445,0.7642794891059354
2018-01-05T08:00:00.0,2018-01-05T14:00:00.0,14,45834.77,1.0,37618.875,53548.863,0.5292080842849496
2018-01-05T09:00:00.0,2018-01-05T15:00:00.0,15,43854.293,1.0,37261.613,52509.383,0.3765189170426936
2018-01-05T10:00:00.0,2018-01-05T16:00:00.0,16,41678.11,1.0,34054.25,48765.63,0.5337920719905487
2018-01-05T11:00:00.0,2018-01-05T17:00:00.0,17,39722.88,1.0,31573.191,46268.574,0.600220650981348
2018-01-05T12:00:00.0,2018-01-05T18:00:00.0,18,38307.3,1.0,29339.838,44701.19,0.6516304942142676
2018-01-05T13:00:00.0,2018-01-05T19:00:00.0,19,37184.668,1.0,27161.99,44541.01,0.6394193885970735
2018-01-05T14:00:00.0,2018-01-05T20:00:00.0,20,36549.797,1.0,25332.574,45085.926,0.6238946644517082
2018-01-05T15:00:00.0,2018-01-05T21:00:00.0,21,36948.285,1.0,25874.879,45069.27,0.639764479714278
2018-01-05T16:00:00.0,2018-01-05T22:00:00.0,22,39443.508,1.0,32663.191,44631.754,0.6215061910377361
2018-01-05T17:00:00.0,2018-01-05T23:00:00.0,23,40986.188,1.0,29381.76,47999.73,0.7168761293934998
2018-01-05T18:00:00.0,2018-01-06T00:00:00.0,0,41245.914,1.0,30698.734,48790.016,0.6503108862294736
2018-01-05T19:00:00.0,2018-01-06T01:00:00.0,1,41339.09,1.0,30788.465,50401.906,0.5700371816322731
2018-01-05T20:00:00.0,2018-01-06T02:00:00.0,2,40889.664,1.0,29717.79,49319.824,0.6275468913129567
2018-01-05T21:00:00.0,2018-01-06T03:00:00.0,3,39706.168,1.0,28981.111,49292.88,0.5518632562180946
2018-01-05T22:00:00.0,2018-01-06T04:00:00.0,4,38454.55,1.0,27123.969,46653.234,0.6454412416851446
2018-01-05T23:00:00.0,2018-01-06T05:00:00.0,5,37638.785,1.0,27533.533,46590.445,0.5559908354235004
2018-01-06T00:00:00.0,2018-01-06T06:00:00.0,6,37383.426,1.0,25550.414,44003.42,0.744448024611399
2018-01-06T01:00:00.0,2018-01-06T07:00:00.0,7,37552.67,1.0,26322.354,44542.027,0.7058995594713656
2018-01-06T02:00:00.0,2018-01-06T08:00:00.0,8,38143.316,1.0,27748.955,44776.49,0.6963096138201655
2018-01-06T03:00:00.0,2018-01-06T09:00:00.0,9,39117.76,1.0,27854.979,45188.258,0.75703539636333
2018-01-06T04:00:00.0,2018-01-06T10:00:00.0,10,40601.184,1.0,31681.105,49952.477,0.47810894933744275
2018-01-06T05:00:00.0,2018-01-06T11:00:00.0,11,42337.043,1.0,31582.887,49403.09,0.6848904242986319
2018-01-06T06:00:00.0,2018-01-06T12:00:00.0,12,43457.957,1.0,33770.1,47957.18,0.8025342422406858
2018-01-06T07:00:00.0,2018-01-06T13:00:00.0,13,43207.32,1.0,31758.031,51176.023,0.6616481904994674
2018-01-06T08:00:00.0,2018-01-06T14:00:00.0,14,42021.34,1.0,30433.217,48809.574,0.7282741288278775
2018-01-06T09:00:00.0,2018-01-06T15:00:00.0,15,40168.137,1.0,30551.186,46763.82,0.6676714548571906
2018-01-06T10:00:00.0,2018-01-06T16:00:00.0,16,38269.355,1.0,29686.242,44832.73,0.6217939131346312
2018-01-06T11:00:00.0,2018-01-06T17:00:00.0,17,36464.902,1.0,26198.893,45649.527,0.5514519848771269
2018-01-06T12:00:00.0,2018-01-06T18:00:00.0,18,35170.73,1.0,24937.578,43957.902,0.570188831163852
2018-01-06T13:00:00.0,2018-01-06T19:00:00.0,19,34276.11,1.0,24354.354,43057.83,0.5563762446307638
2018-01-06T14:00:00.0,2018-01-06T20:00:00.0,20,34091.555,1.0,25952.14,41820.48,0.5239915946766287
2018-01-06T15:00:00.0,2018-01-06T21:00:00.0,21,34579.387,1.0,25846.416,42780.31,0.5291330459895861
2018-01-06T16:00:00.0,2018-01-06T22:00:00.0,22,36761.637,1.0,28502.193,43335.59,0.6042319397145138
2018-01-06T17:00:00.0,2018-01-06T23:00:00.0,23,37905.355,1.0,27119.855,46050.36,0.6272070157780452
2018-01-06T18:00:00.0,2018-01-07T00:00:00.0,0,37748.504,1.0,28543.527,46049.184,0.5478246486440929
2018-01-06T19:00:00.0,2018-01-07T01:00:00.0,1,37402.152,1.0,27533.213,46805.145,0.5224255298697557
2018-01-06T20:00:00.0,2018-01-07T02:00:00.0,2,36585.027,1.0,25633.666,45468.332,0.5958177189872268
2018-01-06T21:00:00.0,2018-01-07T03:00:00.0,3,35312.758,1.0,27684.781,47745.484,0.28870976631393336
2018-01-06T22:00:00.0,2018-01-07T04:00:00.0,4,33833.34,1.0,26108.902,45766.52,0.30922023444365204
2018-01-06T23:00:00.0,2018-01-07T05:00:00.0,5,32715.523,1.0,23410.96,42797.55,0.4628373326212185
2018-01-07T00:00:00.0,2018-01-07T06:00:00.0,6,31992.795,1.0,22241.62,41206.215,0.5262954461093634
2018-01-07T01:00:00.0,2018-01-07T07:00:00.0,7,31591.914,1.0,22792.0,41571.758,0.4418985805188449
2018-01-07T02:00:00.0,2018-01-07T08:00:00.0,8,31558.428,1.0,23763.137,41300.473,0.39811643205916614
2018-01-07T03:00:00.0,2018-01-07T09:00:00.0,9,31868.475,1.0,24573.494,42483.82,0.3331459855396145
2018-01-07T04:00:00.0,2018-01-07T10:00:00.0,10,32695.195,1.0,27111.213,42260.18,0.2704909515709222
2018-01-07T05:00:00.0,2018-01-07T11:00:00.0,11,33744.484,1.0,27150.031,44682.2,0.28221782766946546
2018-01-07T06:00:00.0,2018-01-07T12:00:00.0,12,34714.74,1.0,29610.18,44931.38,0.21882621193839136
2018-01-07T07:00:00.0,2018-01-07T13:00:00.0,13,35895.387,1.0,29725.594,46911.664,0.25592668573266475
2018-01-07T08:00:00.0,2018-01-07T14:00:00.0,14,36387.863,1.0,30431.615,43670.46,0.4078593026423312
2018-01-07T09:00:00.0,2018-01-07T15:00:00.0,15,36316.883,1.0,29805.75,44113.715,0.41721260141987837
2018-01-07T10:00:00.0,2018-01-07T16:00:00.0,16,36102.61,1.0,29492.15,42068.652,0.5474395072591292
2018-01-07T11:00:00.0,2018-01-07T17:00:00.0,17,35873.902,1.0,27307.232,44273.844,0.5091192718759915
2018-01-07T12:00:00.0,2018-01-07T18:00:00.0,18,35641.94,1.0,25631.588,44604.613,0.5511058787050764
2018-01-07T13:00:00.0,2018-01-07T19:00:00.0,19,35308.402,1.0,25139.145,44916.36,0.5263191023023176
2018-01-07T14:00:00.0,2018-01-07T20:00:00.0,20,35445.043,1.0,25023.148,44683.504,0.5556782307836168
2018-01-07T15:00:00.0,2018-01-07T21:00:00.0,21,36067.26,1.0,25531.559,45446.13,0.553744183899557
2018-01-07T16:00:00.0,2018-01-07T22:00:00.0,22,37690.0,1.0,28077.783,44692.145,0.6426073811509592
2018-01-07T17:00:00.0,2018-01-07T23:00:00.0,23,38123.574,1.0,27749.988,46310.22,0.6079952511486045
2018-01-07T18:00:00.0,2018-01-08T00:00:00.0,0,37676.61,1.0,27765.479,46058.06,0.5771170713232068
2018-01-07T19:00:00.0,2018-01-08T01:00:00.0,1,36769.637,1.0,27209.604,47046.066,0.466524336819343
2018-01-07T20:00:00.0,2018-01-08T02:00:00.0,2,35271.977,1.0,25879.645,45873.66,0.4440533308813388
2018-01-07T21:00:00.0,2018-01-08T03:00:00.0,3,33255.555,1.0,25188.707,45513.94,0.3157201288035258
2018-01-07T22:00:00.0,2018-01-08T04:00:00.0,4,31508.594,1.0,23684.965,43940.72,0.2983165853040006
2018-01-07T23:00:00.0,2018-01-08T05:00:00.0,5,30516.234,1.0,22409.93,41752.78,0.3532942914707859
2018-01-08T00:00:00.0,2018-01-08T06:00:00.0,6,30188.01,1.0,21150.691,36988.574,0.6287457393009109
2018-01-08T01:00:00.0,2018-01-08T07:00:00.0,7,30350.195,1.0,19631.66,37375.223,0.6858806818181818
2018-01-08T02:00:00.0,2018-01-08T08:00:00.0,8,31192.936,1.0,19231.896,38523.336,0.7117048887724442
2018-01-08T03:00:00.0,2018-01-08T09:00:00.0,9,33115.816,1.0,21587.027,41251.746,0.6559156881717618
2018-01-08T04:00:00.0,2018-01-08T10:00:00.0,10,36629.76,1.0,25522.703,41184.562,0.8347352045593626
2018-01-08T05:00:00.0,2018-01-08T11:00:00.0,11,40408.01,1.0,26781.016,44770.08,0.8844925630783438
2018-01-08T06:00:00.0,2018-01-08T12:00:00.0,12,40960.61,1.0,28623.738,46062.727,0.8327163894480347
2018-01-08T07:00:00.0,2018-01-08T13:00:00.0,13,40255.8,1.0,30866.322,46112.145,0.7050777038409706
2018-01-08T08:00:00.0,2018-01-08T14:00:00.0,14,39511.543,1.0,33314.777,43961.12,0.6486818514601808
2018-01-08T09:00:00.0,2018-01-08T15:00:00.0,15,38731.055,1.0,32167.87,44098.895,0.5921423065878765
2018-01-08T10:00:00.0,2018-01-08T16:00:00.0,16,37866.812,1.0,32306.59,42519.96,0.5818383946013141
2018-01-08T11:00:00.0,2018-01-08T17:00:00.0,17,37065.562,1.0,30789.992,42967.6,0.5284426054945384
2018-01-08T12:00:00.0,2018-01-08T18:00:00.0,18,36454.89,1.0,27123.256,44628.098,0.5611740704316714
2018-01-08T13:00:00.0,2018-01-08T19:00:00.0,19,35835.996,1.0,26855.715,44515.973,0.5157764614447455
2018-01-08T14:00:00.0,2018-01-08T20:00:00.0,20,35570.95,1.0,25934.588,42563.89,0.6442222361102431
2018-01-08T15:00:00.0,2018-01-08T21:00:00.0,21,35944.363,1.0,25630.459,43266.59,0.6534283242780915
2018-01-08T16:00:00.0,2018-01-08T22:00:00.0,22,38258.453,1.0,29056.852,41475.78,0.8688278632534238
2018-01-08T17:00:00.0,2018-01-08T23:00:00.0,23,39877.51,1.0,28898.87,44674.996,0.8189612505608161
2018-01-08T18:00:00.0,2018-01-09T00:00:00.0,0,39928.39,1.0,29151.254,44486.63,0.8272243464933886
2018-01-08T19:00:00.0,2018-01-09T01:00:00.0,1,39510.426,1.0,28788.658,44130.24,0.8225556128749862
2018-01-08T20:00:00.0,2018-01-09T02:00:00.0,2,38067.26,1.0,27208.787,44035.516,0.7505023684324887
2018-01-08T21:00:00.0,2018-01-09T03:00:00.0,3,36242.84,1.0,24978.184,43447.02,0.6954675643242858
2018-01-08T22:00:00.0,2018-01-09T04:00:00.0,4,34781.062,1.0,24178.111,43433.457,0.5931440344633827
2018-01-08T23:00:00.0,2018-01-09T05:00:00.0,5,33827.02,1.0,23791.367,41224.04,0.6376172419673574
2018-01-09T00:00:00.0,2018-01-09T06:00:00.0,6,33793.453,1.0,22261.365,38970.246,0.8118521848989301
2018-01-09T01:00:00.0,2018-01-09T07:00:00.0,7,34388.582,1.0,21552.932,39587.51,0.8376749263670128
2018-01-09T02:00:00.0,2018-01-09T08:00:00.0,8,35405.19,1.0,20138.043,39343.36,0.9149021217931094
2018-01-09T03:00:00.0,2018-01-09T09:00:00.0,9,37513.01,1.0,23613.102,42067.766,0.880589766040394
2018-01-09T04:00:00.0,2018-01-09T10:00:00.0,10,41345.254,1.0,27411.824,41856.977,0.9839536375795788
2018-01-09T05:00:00.0,2018-01-09T11:00:00.0,11,45440.13,0.0,28170.115,45047.57,1.0
2018-01-09T06:00:00.0,2018-01-09T12:00:00.0,12,45434.375,0.0,32048.475,45018.848,1.0
2018-01-09T07:00:00.0,2018-01-09T13:00:00.0,13,44191.707,1.0,31502.318,44852.93,0.981546657325528
2018-01-09T08:00:00.0,2018-01-09T14:00:00.0,14,42784.402,1.0,33091.266,44372.4,0.9525091091894673
2018-01-09T09:00:00.0,2018-01-09T15:00:00.0,15,41524.535,1.0,29957.23,44129.656,0.9293375669628352
2018-01-09T10:00:00.0,2018-01-09T16:00:00.0,16,40177.332,1.0,30146.23,42268.543,0.9360676243050967
2018-01-09T11:00:00.0,2018-01-09T17:00:00.0,17,39028.15,1.0,28742.723,40822.125,0.9489452934586474
2018-01-09T12:00:00.0,2018-01-09T18:00:00.0,18,38066.59,1.0,26199.021,43943.35,0.7838635197144145
2018-01-09T13:00:00.0,2018-01-09T19:00:00.0,19,37456.543,1.0,25558.445,43777.09,0.7618121679627726
2018-01-09T14:00:00.0,2018-01-09T20:00:00.0,20,37315.316,1.0,25525.705,43237.938,0.7795156169994881
2018-01-09T15:00:00.0,2018-01-09T21:00:00.0,21,37991.09,1.0,25194.96,43955.51,0.8015230737676898
2018-01-09T16:00:00.0,2018-01-09T22:00:00.0,22,40344.84,1.0,29004.9,43185.26,0.918337924701561
2018-01-09T17:00:00.0,2018-01-09T23:00:00.0,23,41935.098,1.0,27821.867,44687.336,0.9413666390021163
2018-01-09T18:00:00.0,2018-01-10T00:00:00.0,0,41846.49,1.0,28485.307,43989.945,0.9536168040921412
2018-01-09T19:00:00.0,2018-01-10T01:00:00.0,1,41141.363,1.0,28934.084,42676.844,0.9642899557637262
2018-01-09T20:00:00.0,2018-01-10T02:00:00.0,2,39335.094,1.0,27388.084,40310.97,0.9754467675859312
2018-01-09T21:00:00.0,2018-01-10T03:00:00.0,3,36962.94,1.0,24419.201,40725.86,0.8947551881851465
2018-01-09T22:00:00.0,2018-01-10T04:00:00.0,4,34987.527,1.0,23109.36,40003.63,0.8276144001930625
2018-01-09T23:00:00.0,2018-01-10T05:00:00.0,5,33934.023,1.0,22985.564,38602.508,0.8251853188467004
2018-01-10T00:00:00.0,2018-01-10T06:00:00.0,6,33554.855,1.0,21079.385,41226.133,0.7104602864736463
2018-01-10T01:00:00.0,2018-01-10T07:00:00.0,7,33483.363,1.0,21265.143,41473.35,0.6867672364439353
2018-01-10T02:00:00.0,2018-01-10T08:00:00.0,8,33838.113,1.0,21309.123,41656.285,0.7048994130455359
2018-01-10T03:00:00.0,2018-01-10T09:00:00.0,9,35301.016,1.0,22438.367,42769.164,0.7314581240912024
2018-01-10T04:00:00.0,2018-01-10T10:00:00.0,10,38568.586,1.0,24273.86,44502.965,0.8318056705120815
2018-01-10T05:00:00.0,2018-01-10T11:00:00.0,11,42055.535,1.0,26243.402,46562.27,0.9021665055115068
2018-01-10T06:00:00.0,2018-01-10T12:00:00.0,12,42001.277,1.0,27967.592,48188.004,0.8166435151068535
2018-01-10T07:00:00.0,2018-01-10T13:00:00.0,13,41458.355,1.0,28921.912,49068.77,0.7152352018816154
2018-01-10T08:00:00.0,2018-01-10T14:00:00.0,14,41147.527,1.0,29748.027,47740.91,0.7328110337584903
2018-01-10T09:00:00.0,2018-01-10T15:00:00.0,15,40527.26,1.0,29046.557,48561.5,0.6594049030716662
2018-01-10T10:00:00.0,2018-01-10T16:00:00.0,16,39834.25,1.0,29240.014,46606.76,0.6956343486665539
2018-01-10T11:00:00.0,2018-01-10T17:00:00.0,17,39049.77,1.0,28010.023,47146.883,0.6397212830119708
2018-01-10T12:00:00.0,2018-01-10T18:00:00.0,18,38374.24,1.0,26771.77,46967.08,0.6355753760358842
2018-01-10T13:00:00.0,2018-01-10T19:00:00.0,19,37599.645,1.0,26799.783,46205.65,0.6037152774572341
2018-01-10T14:00:00.0,2018-01-10T20:00:00.0,20,37108.004,1.0,26207.238,46387.254,0.5741357160280794
2018-01-10T15:00:00.0,2018-01-10T21:00:00.0,21,37084.08,1.0,26152.334,46325.836,0.577253502033439
2018-01-10T16:00:00.0,2018-01-10T22:00:00.0,22,39186.598,1.0,29380.871,44259.734,0.7703315797863861
2018-01-10T17:00:00.0,2018-01-10T23:00:00.0,23,40427.89,1.0,29122.922,45631.74,0.8049953772404846
2018-01-10T18:00:00.0,2018-01-11T00:00:00.0,0,39893.15,1.0,28315.1,45963.97,0.7660292592832612
2018-01-10T19:00:00.0,2018-01-11T01:00:00.0,1,39096.92,1.0,28220.965,44464.24,0.7848935101887107
2018-01-10T20:00:00.0,2018-01-11T02:00:00.0,2,37224.88,1.0,26846.455,40958.938,0.8632470339043691
2018-01-10T21:00:00.0,2018-01-11T03:00:00.0,3,34695.785,1.0,22591.016,42477.613,0.6934501663579896
2018-01-10T22:00:00.0,2018-01-11T04:00:00.0,4,32516.861,1.0,21545.2,41511.17,0.5911034844023771
2018-01-10T23:00:00.0,2018-01-11T05:00:00.0,5,31104.979,1.0,21212.514,39862.496,0.5562861649169502
2018-01-11T00:00:00.0,2018-01-11T06:00:00.0,6,30327.422,1.0,22280.541,42562.36,0.31549711938851166
2018-01-11T01:00:00.0,2018-01-11T07:00:00.0,7,29997.56,1.0,22212.596,42555.63,0.29260536428701067
2018-01-11T02:00:00.0,2018-01-11T08:00:00.0,8,30142.758,1.0,22189.38,42277.375,0.3141312271175287
2018-01-11T03:00:00.0,2018-01-11T09:00:00.0,9,31449.607,1.0,23703.42,43149.22,0.31813195872783834
2018-01-11T04:00:00.0,2018-01-11T10:00:00.0,10,34496.402,1.0,25736.111,45657.066,0.38961987233852596
2018-01-11T05:00:00.0,2018-01-11T11:00:00.0,11,37911.668,1.0,27738.781,47588.477,0.5231795953411975
2018-01-11T06:00:00.0,2018-01-11T12:00:00.0,12,38145.246,1.0,30238.496,50438.984,0.3067186478964141
2018-01-11T07:00:00.0,2018-01-11T13:00:00.0,13,37805.965,1.0,31063.773,51325.242,0.21826831346397652
2018-01-11T08:00:00.0,2018-01-11T14:00:00.0,14,37743.215,1.0,31414.88,51720.023,0.19044514209552196
2018-01-11T09:00:00.0,2018-01-11T15:00:00.0,15,37938.96,1.0,29349.5,49844.7,0.3533131063858556
2018-01-11T10:00:00.0,2018-01-11T16:00:00.0,16,38084.547,1.0,28620.844,48882.5,0.43912503502571565
2018-01-11T11:00:00.0,2018-01-11T17:00:00.0,17,38425.875,1.0,27765.664,47847.875,0.5570233626892725
2018-01-11T12:00:00.0,2018-01-11T18:00:00.0,18,39086.895,1.0,26621.645,46705.465,0.7127209739447751
2018-01-11T13:00:00.0,2018-01-11T19:00:00.0,19,39671.41,1.0,25497.35,46002.73,0.8131674084839678
2018-01-11T14:00:00.0,2018-01-11T20:00:00.0,20,40733.38,1.0,25289.336,45796.027,0.8805265706437526
2018-01-11T15:00:00.0,2018-01-11T21:00:00.0,21,42118.152,1.0,26045.814,46479.26,0.9087447405869006
2018-01-11T16:00:00.0,2018-01-11T22:00:00.0,22,44585.734,1.0,27530.498,46673.734,0.9652403609056265
2018-01-11T17:00:00.0,2018-01-11T23:00:00.0,23,46536.45,1.0,28686.33,48340.598,0.9710675556005709
2018-01-11T18:00:00.0,2018-01-12T00:00:00.0,0,47247.72,1.0,29933.348,48122.664,0.9817899904663959
2018-01-11T19:00:00.0,2018-01-12T01:00:00.0,1,47482.152,1.0,28683.824,48018.0,0.9852696073454882
2018-01-11T20:00:00.0,2018-01-12T02:00:00.0,2,46518.797,1.0,28266.416,48538.24,0.9686212176539178
2018-01-11T21:00:00.0,2018-01-12T03:00:00.0,3,44793.387,1.0,26193.969,45722.137,0.9818825848122397
2018-01-11T22:00:00.0,2018-01-12T04:00:00.0,4,43562.652,1.0,25873.59,46318.555,0.9551334573330038
2018-01-11T23:00:00.0,2018-01-12T05:00:00.0,5,43220.95,0.0,23592.695,42777.92,1.0
2018-01-12T00:00:00.0,2018-01-12T06:00:00.0,6,43461.38,0.0,21856.102,40813.6,1.0
2018-01-12T01:00:00.0,2018-01-12T07:00:00.0,7,44069.812,0.0,23220.773,43305.695,1.0
2018-01-12T02:00:00.0,2018-01-12T08:00:00.0,8,45249.33,0.0,21868.049,41892.49,1.0
2018-01-12T03:00:00.0,2018-01-12T09:00:00.0,9,47485.91,0.0,25524.734,45100.58,1.0
2018-01-12T04:00:00.0,2018-01-12T10:00:00.0,10,51559.84,0.0,27863.77,46327.29,1.0
2018-01-12T05:00:00.0,2018-01-12T11:00:00.0,11,55742.645,0.0,31315.754,50077.12,1.0
2018-01-12T06:00:00.0,2018-01-12T12:00:00.0,12,55817.547,0.0,32539.959,51556.62,1.0
2018-01-12T07:00:00.0,2018-01-12T13:00:00.0,13,54240.22,0.0,32527.068,51467.312,1.0
2018-01-12T08:00:00.0,2018-01-12T14:00:00.0,14,52383.266,0.0,33725.67,51014.656,1.0
2018-01-12T09:00:00.0,2018-01-12T15:00:00.0,15,50232.953,0.0,32639.56,50027.87,1.0
2018-01-12T10:00:00.0,2018-01-12T16:00:00.0,16,47886.7,1.0,32856.805,50827.082,0.9411410669119338
2018-01-12T11:00:00.0,2018-01-12T17:00:00.0,17,45536.004,1.0,32068.398,48047.926,0.9444613818181818
2018-01-12T12:00:00.0,2018-01-12T18:00:00.0,18,43498.07,1.0,29548.61,47239.207,0.910258030219387
2018-01-12T13:00:00.0,2018-01-12T19:00:00.0,19,41801.234,1.0,28811.033,46988.33,0.8409984876942214
2018-01-12T14:00:00.0,2018-01-12T20:00:00.0,20,41059.195,1.0,28700.035,46925.64,0.7963409239248675
2018-01-12T15:00:00.0,2018-01-12T21:00:00.0,21,41531.93,1.0,28213.004,47673.867,0.8044975218812612
2018-01-12T16:00:00.0,2018-01-12T22:00:00.0,22,44293.145,1.0,30161.318,48271.406,0.9038399684085365
2018-01-12T17:00:00.0,2018-01-12T23:00:00.0,23,46284.3,1.0,31974.826,49476.58,0.9302425437814079
2018-01-12T18:00:00.0,2018-01-13T00:00:00.0,0,46813.816,1.0,33556.59,51551.895,0.8645571424562978
2018-01-12T19:00:00.0,2018-01-13T01:00:00.0,1,46925.547,1.0,32914.18,50775.586,0.9070780149333192
2018-01-12T20:00:00.0,2018-01-13T02:00:00.0,2,46416.574,1.0,32637.064,50591.9,0.893244793579926
2018-01-12T21:00:00.0,2018-01-13T03:00:00.0,3,45420.266,1.0,30488.133,48091.133,0.9472858697980394
2018-01-12T22:00:00.0,2018-01-13T04:00:00.0,4,44427.387,1.0,28533.19,46443.56,0.9639896055458388
2018-01-12T23:00:00.0,2018-01-13T05:00:00.0,5,43891.094,1.0,27664.258,45041.777,0.9779481777214977
2018-01-13T00:00:00.0,2018-01-13T06:00:00.0,6,43876.938,1.0,31236.355,49827.336,0.7987338604174964
2018-01-13T01:00:00.0,2018-01-13T07:00:00.0,7,44269.176,1.0,28948.545,48748.676,0.8985805432183124
2018-01-13T02:00:00.0,2018-01-13T08:00:00.0,8,44908.02,1.0,30132.266,50116.586,0.8672460911838127
2018-01-13T03:00:00.0,2018-01-13T09:00:00.0,9,46137.09,1.0,32242.793,52642.297,0.8002829423489245
2018-01-13T04:00:00.0,2018-01-13T10:00:00.0,10,47920.12,1.0,34181.793,53547.402,0.8350123430288722
2018-01-13T05:00:00.0,2018-01-13T11:00:00.0,11,50151.88,1.0,36619.586,56803.816,0.7860791180372693
2018-01-13T06:00:00.0,2018-01-13T12:00:00.0,12,51486.527,1.0,38001.99,58276.258,0.7787989126694652
2018-01-13T07:00:00.0,2018-01-13T13:00:00.0,13,51330.754,1.0,38733.234,58159.168,0.7551513280732397
2018-01-13T08:00:00.0,2018-01-13T14:00:00.0,14,49964.926,1.0,38768.223,58121.957,0.64257405716945
2018-01-13T09:00:00.0,2018-01-13T15:00:00.0,15,47701.887,1.0,36719.168,56294.523,0.6118040337966751
2018-01-13T10:00:00.0,2018-01-13T16:00:00.0,16,45178.23,1.0,33798.5,53071.56,0.6630461013490937
2018-01-13T11:00:00.0,2018-01-13T17:00:00.0,17,42666.617,1.0,31617.174,50907.285,0.6325857598723574
2018-01-13T12:00:00.0,2018-01-13T18:00:00.0,18,40361.67,1.0,28132.523,47527.457,0.7281708381024034
2018-01-13T13:00:00.0,2018-01-13T19:00:00.0,19,38780.113,1.0,26913.34,46193.37,0.7044732525706672
2018-01-13T14:00:00.0,2018-01-13T20:00:00.0,20,37997.76,1.0,26391.95,45700.05,0.6809304117093214
2018-01-13T15:00:00.0,2018-01-13T21:00:00.0,21,38491.96,1.0,25162.236,44895.52,0.792869725975096
2018-01-13T16:00:00.0,2018-01-13T22:00:00.0,22,41411.582,1.0,27292.58,47206.9,0.8345143539698833
2018-01-13T17:00:00.0,2018-01-13T23:00:00.0,23,43966.387,1.0,27868.662,47533.72,0.9308276417795991
2018-01-13T18:00:00.0,2018-01-14T00:00:00.0,0,44927.5,1.0,30648.084,50119.113,0.8611868591256361
2018-01-13T19:00:00.0,2018-01-14T01:00:00.0,1,45495.77,1.0,32322.12,52531.05,0.7600967769320012
2018-01-13T20:00:00.0,2018-01-14T02:00:00.0,2,45332.453,1.0,32554.514,52714.598,0.7332189694399724
2018-01-13T21:00:00.0,2018-01-14T03:00:00.0,3,44665.84,1.0,31413.252,50960.816,0.7961367124899414
2018-01-13T22:00:00.0,2018-01-14T04:00:00.0,4,43884.723,1.0,29884.545,49433.68,0.8426773300976378
2018-01-13T23:00:00.0,2018-01-14T05:00:00.0,5,43338.305,1.0,29141.465,49370.74,0.8260655008891523
2018-01-14T00:00:00.0,2018-01-14T06:00:00.0,6,43202.453,1.0,25652.871,43982.633,0.9827352806979971
2018-01-14T01:00:00.0,2018-01-14T07:00:00.0,7,43427.83,1.0,25928.54,44962.14,0.9740760438647198
2018-01-14T02:00:00.0,2018-01-14T08:00:00.0,8,43899.062,1.0,25800.037,44817.914,0.9817536280008975
2018-01-14T03:00:00.0,2018-01-14T09:00:00.0,9,44789.277,1.0,29678.531,50024.168,0.8705817882352943
2018-01-14T04:00:00.0,2018-01-14T10:00:00.0,10,46235.246,1.0,29992.178,49455.25,0.940202456869442
2018-01-14T05:00:00.0,2018-01-14T11:00:00.0,11,47923.22,1.0,32464.154,52390.38,0.9002926386779988
2018-01-14T06:00:00.0,2018-01-14T12:00:00.0,12,48983.52,1.0,35572.13,54938.215,0.8147607353308922
2018-01-14T07:00:00.0,2018-01-14T13:00:00.0,13,48297.36,1.0,35844.312,54764.234,0.7691393380686112
2018-01-14T08:00:00.0,2018-01-14T14:00:00.0,14,46182.848,1.0,37137.055,56039.95,0.4602335794982148
2018-01-14T09:00:00.0,2018-01-14T15:00:00.0,15,43471.766,1.0,34480.45,53601.406,0.4449294285054999
2018-01-14T10:00:00.0,2018-01-14T16:00:00.0,16,41046.5,1.0,34066.254,53202.28,0.26463806201920764
2018-01-14T11:00:00.0,2018-01-14T17:00:00.0,17,38973.473,1.0,31449.047,50034.574,0.3290025948751217
2018-01-14T12:00:00.0,2018-01-14T18:00:00.0,18,37217.832,1.0,29171.531,48439.168,0.35073372887450593
2018-01-14T13:00:00.0,2018-01-14T19:00:00.0,19,35970.203,1.0,28460.164,48115.215,0.2916541163018625
2018-01-14T14:00:00.0,2018-01-14T20:00:00.0,20,35458.723,1.0,26702.123,46246.02,0.4045073996161792
2018-01-14T15:00:00.0,2018-01-14T21:00:00.0,21,35963.23,1.0,27249.834,47186.625,0.38481561435121625
2018-01-14T16:00:00.0,2018-01-14T22:00:00.0,22,38602.66,1.0,29594.709,49004.754,0.43365363929723943
2018-01-14T17:00:00.0,2018-01-14T23:00:00.0,23,40688.035,1.0,29693.166,49878.707,0.5823534221711045
2018-01-14T18:00:00.0,2018-01-15T00:00:00.0,0,41624.113,1.0,33857.816,53210.93,0.3230418869459127
2018-01-14T19:00:00.0,2018-01-15T01:00:00.0,1,41732.637,1.0,34047.56,53405.28,0.31590997959514766
2018-01-14T20:00:00.0,2018-01-15T02:00:00.0,2,41121.457,1.0,33974.707,53657.85,0.262077914034436
2018-01-14T21:00:00.0,2018-01-15T03:00:00.0,3,39785.14,1.0,33020.53,52622.082,0.23558364453261735
2018-01-14T22:00:00.0,2018-01-15T04:00:00.0,4,38541.156,1.0,31942.658,51568.008,0.22305568194744643
2018-01-14T23:00:00.0,2018-01-15T05:00:00.0,5,38037.516,1.0,30255.65,50067.754,0.3089506716129406
2018-01-15T00:00:00.0,2018-01-15T06:00:00.0,6,37864.332,1.0,27569.578,47036.004,0.5533796737908827
2018-01-15T01:00:00.0,2018-01-15T07:00:00.0,7,38146.402,1.0,28474.64,47667.76,0.5072720064208566
2018-01-15T02:00:00.0,2018-01-15T08:00:00.0,8,38945.387,1.0,28268.885,48192.71,0.5662604099641515
2018-01-15T03:00:00.0,2018-01-15T09:00:00.0,9,40604.8,1.0,29547.344,48960.94,0.6269087323585277
2018-01-15T04:00:00.0,2018-01-15T10:00:00.0,10,43245.875,1.0,31070.615,49902.21,0.7522904272999797
2018-01-15T05:00:00.0,2018-01-15T11:00:00.0,11,45949.688,1.0,32636.143,51968.145,0.8099917729329497
2018-01-15T06:00:00.0,2018-01-15T12:00:00.0,12,46483.504,1.0,34336.273,54673.812,0.6745732540715006
2018-01-15T07:00:00.0,2018-01-15T13:00:00.0,13,45210.906,1.0,33475.0,53499.87,0.6555706214689266
2018-01-15T08:00:00.0,2018-01-15T14:00:00.0,14,43329.316,1.0,33041.984,52733.945,0.541524369684936
2018-01-15T09:00:00.0,2018-01-15T15:00:00.0,15,41554.477,1.0,32676.168,51724.926,0.43730958561676764
2018-01-15T10:00:00.0,2018-01-15T16:00:00.0,16,39891.434,1.0,31916.77,51991.605,0.31631260033754593
2018-01-15T11:00:00.0,2018-01-15T17:00:00.0,17,38547.44,1.0,28740.184,46892.156,0.574335646776413
2018-01-15T12:00:00.0,2018-01-15T18:00:00.0,18,37826.973,1.0,27777.977,47683.06,0.5089936221397531
2018-01-15T13:00:00.0,2018-01-15T19:00:00.0,19,37559.887,1.0,30580.53,50164.0,0.2520283774506067
2018-01-15T14:00:00.0,2018-01-15T20:00:00.0,20,37959.17,1.0,30559.39,50059.36,0.2874963550947673
2018-01-15T15:00:00.0,2018-01-15T21:00:00.0,21,39429.348,1.0,30059.385,49876.586,0.4496836529273698
2018-01-15T16:00:00.0,2018-01-15T22:00:00.0,22,42165.625,1.0,31005.973,51226.855,0.5953763699760114
2018-01-15T17:00:00.0,2018-01-15T23:00:00.0,23,43854.098,1.0,32899.074,52553.777,0.6052353740008565
2018-01-15T18:00:00.0,2018-01-16T00:00:00.0,0,44373.56,1.0,30591.543,50473.387,0.8156009968209157
2018-01-15T19:00:00.0,2018-01-16T01:00:00.0,1,44315.043,1.0,35665.824,55537.727,0.38161025595131515
2018-01-15T20:00:00.0,2018-01-16T02:00:00.0,2,43624.297,1.0,31564.568,51785.918,0.6730738974180619
2018-01-15T21:00:00.0,2018-01-16T03:00:00.0,3,42450.96,1.0,36294.836,56026.805,0.19086295769063252
2018-01-15T22:00:00.0,2018-01-16T04:00:00.0,4,41667.605,1.0,35318.04,55303.758,0.19819676549865242
2018-01-15T23:00:00.0,2018-01-16T05:00:00.0,5,41668.074,1.0,37295.945,56807.496,0.09962412798659548
2018-01-16T00:00:00.0,2018-01-16T06:00:00.0,6,42326.098,1.0,26456.18,46147.055,0.9226067258056432
2018-01-16T01:00:00.0,2018-01-16T07:00:00.0,7,43461.863,1.0,25981.834,45502.41,0.9668635938959825
2018-01-16T02:00:00.0,2018-01-16T08:00:00.0,8,45228.5,1.0,27355.658,46464.113,0.978366102324848
2018-01-16T03:00:00.0,2018-01-16T09:00:00.0,9,47929.03,1.0,28913.125,48502.78,0.9850010673102475
2018-01-16T04:00:00.0,2018-01-16T10:00:00.0,10,51916.543,1.0,33134.086,52183.023,0.9876123275863613
2018-01-16T05:00:00.0,2018-01-16T11:00:00.0,11,56065.375,1.0,37922.805,57481.363,0.9762855217280673
2018-01-16T06:00:00.0,2018-01-16T12:00:00.0,12,58241.418,0.0,36530.71,55404.56,1.0
2018-01-16T07:00:00.0,2018-01-16T13:00:00.0,13,59718.3,0.0,36733.875,56003.44,1.0
2018-01-16T08:00:00.0,2018-01-16T14:00:00.0,14,60644.777,0.0,39312.16,57703.08,1.0
2018-01-16T09:00:00.0,2018-01-16T15:00:00.0,15,61115.137,0.0,39961.832,57834.28,1.0
2018-01-16T10:00:00.0,2018-01-16T16:00:00.0,16,61033.99,0.0,39674.324,57549.723,1.0
2018-01-16T11:00:00.0,2018-01-16T17:00:00.0,17,60570.137,0.0,39137.13,56745.7,1.0
2018-01-16T12:00:00.0,2018-01-16T18:00:00.0,18,59426.83,0.0,33113.176,52912.03,1.0
2018-01-16T13:00:00.0,2018-01-16T19:00:00.0,19,58571.605,0.0,31139.31,51506.773,1.0
2018-01-16T14:00:00.0,2018-01-16T20:00:00.0,20,58482.973,0.0,30513.783,50864.81,1.0
2018-01-16T15:00:00.0,2018-01-16T21:00:00.0,21,59476.97,0.0,29638.746,50059.72,1.0
2018-01-16T16:00:00.0,2018-01-16T22:00:00.0,22,61879.902,0.0,31530.877,51753.543,1.0
2018-01-16T17:00:00.0,2018-01-16T23:00:00.0,23,63266.81,0.0,33467.746,53714.87,1.0
2018-01-16T18:00:00.0,2018-01-17T00:00:00.0,0,63176.996,0.0,34694.367,54793.773,1.0
2018-01-16T19:00:00.0,2018-01-17T01:00:00.0,1,62345.83,0.0,35374.977,55628.93,1.0
2018-01-16T20:00:00.0,2018-01-17T02:00:00.0,2,60530.84,0.0,35388.074,55315.84,1.0
2018-01-16T21:00:00.0,2018-01-17T03:00:00.0,3,58373.62,0.0,35213.418,54811.547,1.0
2018-01-16T22:00:00.0,2018-01-17T04:00:00.0,4,56934.547,0.0,34876.65,54134.906,1.0
2018-01-16T23:00:00.0,2018-01-17T05:00:00.0,5,56383.484,0.0,33213.363,52489.633,1.0
2018-01-17T00:00:00.0,2018-01-17T06:00:00.0,6,56352.45,0.0,33960.582,54145.797,1.0
2018-01-17T01:00:00.0,2018-01-17T07:00:00.0,7,56772.215,0.0,33573.75,53647.984,1.0
2018-01-17T02:00:00.0,2018-01-17T08:00:00.0,8,57788.688,0.0,34919.637,54961.625,1.0
2018-01-17T03:00:00.0,2018-01-17T09:00:00.0,9,59655.266,0.0,36109.918,56266.15,1.0
2018-01-17T04:00:00.0,2018-01-17T10:00:00.0,10,62717.95,0.0,39113.22,59159.895,1.0
2018-01-17T05:00:00.0,2018-01-17T11:00:00.0,11,65436.637,0.0,39851.242,59991.113,1.0
2018-01-17T06:00:00.0,2018-01-17T12:00:00.0,12,65405.004,0.0,41785.223,61831.895,1.0
2018-01-17T07:00:00.0,2018-01-17T13:00:00.0,13,64005.957,0.0,43572.984,63648.113,1.0
2018-01-17T08:00:00.0,2018-01-17T14:00:00.0,14,61961.0,1.0,43988.07,64189.94,0.964789448436153
2018-01-17T09:00:00.0,2018-01-17T15:00:00.0,15,59536.17,1.0,43865.617,63973.09,0.9030625820774186
2018-01-17T10:00:00.0,2018-01-17T16:00:00.0,16,56945.613,1.0,43032.227,63127.527,0.8145754909351557
2018-01-17T11:00:00.0,2018-01-17T17:00:00.0,17,54541.453,1.0,42484.453,62612.113,0.6774953620897636
2018-01-17T12:00:00.0,2018-01-17T18:00:00.0,18,52298.098,1.0,40945.176,61150.367,0.6132858626577707
2018-01-17T13:00:00.0,2018-01-17T19:00:00.0,19,50549.613,1.0,39566.336,59726.832,0.5825380331614978
2018-01-17T14:00:00.0,2018-01-17T20:00:00.0,20,50050.473,1.0,38598.684,58734.54,0.6254152209722074
2018-01-17T15:00:00.0,2018-01-17T21:00:00.0,21,51322.594,1.0,39766.906,59980.223,0.630633035142664
2018-01-17T16:00:00.0,2018-01-17T22:00:00.0,22,55009.926,1.0,38692.453,58632.65,0.9306656228304703
2018-01-17T17:00:00.0,2018-01-17T23:00:00.0,23,57803.63,1.0,39107.496,59342.414,0.975304016506336
2018-01-17T18:00:00.0,2018-01-18T00:00:00.0,0,58638.484,1.0,40845.13,60932.348,0.9634084366627204
2018-01-17T19:00:00.0,2018-01-18T01:00:00.0,1,58432.223,1.0,41292.25,61525.824,0.9466832678984424
2018-01-17T20:00:00.0,2018-01-18T02:00:00.0,2,56666.465,1.0,41896.676,62036.492,0.8611821427496915
2018-01-17T21:00:00.0,2018-01-18T03:00:00.0,3,54339.58,1.0,39570.598,59799.895,0.8577594700542943
2018-01-17T22:00:00.0,2018-01-18T04:00:00.0,4,52803.44,1.0,39138.12,59314.527,0.7952457695406931
2018-01-17T23:00:00.0,2018-01-18T05:00:00.0,5,52032.562,1.0,37935.094,58209.426,0.818258020260421
2018-01-18T00:00:00.0,2018-01-18T06:00:00.0,6,52036.223,1.0,38283.625,58468.84,0.8005532680112342
2018-01-18T01:00:00.0,2018-01-18T07:00:00.0,7,52334.28,1.0,36132.12,55954.125,0.9301130186957827
2018-01-18T02:00:00.0,2018-01-18T08:00:00.0,8,53095.72,1.0,37685.492,57727.48,0.8944651694589885
2018-01-18T03:00:00.0,2018-01-18T09:00:00.0,9,54768.03,1.0,38424.562,58379.23,0.9310834268170278
2018-01-18T04:00:00.0,2018-01-18T10:00:00.0,10,58110.25,1.0,40728.168,60574.375,0.9598090512371796
2018-01-18T05:00:00.0,2018-01-18T11:00:00.0,11,61324.594,1.0,41920.695,62060.566,0.9837628645812146
2018-01-18T06:00:00.0,2018-01-18T12:00:00.0,12,60732.83,1.0,43062.258,63108.93,0.9618588716726546
2018-01-18T07:00:00.0,2018-01-18T13:00:00.0,13,58859.625,1.0,43064.723,62937.67,0.9147937142357926
2018-01-18T08:00:00.0,2018-01-18T14:00:00.0,14,56793.08,1.0,44262.56,63870.613,0.7411593551434627
2018-01-18T09:00:00.0,2018-01-18T15:00:00.0,15,54770.957,1.0,41090.04,60783.28,0.8174699228208234
2018-01-18T10:00:00.0,2018-01-18T16:00:00.0,16,52496.63,1.0,38554.496,58844.43,0.8080245524426014
2018-01-18T11:00:00.0,2018-01-18T17:00:00.0,17,50394.51,1.0,35831.035,55514.04,0.8677850975080423
2018-01-18T12:00:00.0,2018-01-18T18:00:00.0,18,48837.16,1.0,33880.477,53655.72,0.8834257555907555
2018-01-18T13:00:00.0,2018-01-18T19:00:00.0,19,47951.402,1.0,33839.336,52874.508,0.8692663801793198
2018-01-18T14:00:00.0,2018-01-18T20:00:00.0,20,48147.63,1.0,37337.375,56493.395,0.6176348528456035
2018-01-18T15:00:00.0,2018-01-18T21:00:00.0,21,49305.52,1.0,33275.69,53086.76,0.9247001195536663
2018-01-18T16:00:00.0,2018-01-18T22:00:00.0,22,51824.457,1.0,33600.082,53768.473,0.9697759333598117
2018-01-18T17:00:00.0,2018-01-18T23:00:00.0,23,53323.48,1.0,34173.117,54603.266,0.978909833788266
2018-01-18T18:00:00.0,2018-01-19T00:00:00.0,0,53512.145,1.0,37076.215,56908.457,0.9368082610064574
2018-01-18T19:00:00.0,2018-01-19T01:00:00.0,1,52993.23,1.0,35737.203,55970.777,0.9496458128053669
2018-01-18T20:00:00.0,2018-01-19T02:00:00.0,2,50973.453,1.0,35202.035,55341.848,0.9060148671323215
2018-01-18T21:00:00.0,2018-01-19T03:00:00.0,3,48324.723,1.0,34324.516,54553.812,0.8142098704806333
2018-01-18T22:00:00.0,2018-01-19T04:00:00.0,4,46211.223,1.0,33213.707,53390.11,0.7488442828689681
2018-01-18T23:00:00.0,2018-01-19T05:00:00.0,5,44979.42,1.0,31308.303,51582.633,0.7912997274849074
2018-01-19T00:00:00.0,2018-01-19T06:00:00.0,6,44410.004,1.0,36336.48,55882.008,0.34293598659919483
2018-01-19T01:00:00.0,2018-01-19T07:00:00.0,7,44224.0,1.0,35704.78,55370.2,0.3779972907265696
2018-01-19T02:00:00.0,2018-01-19T08:00:00.0,8,44470.88,1.0,31994.094,52174.996,0.7088902234348028
2018-01-19T03:00:00.0,2018-01-19T09:00:00.0,9,45819.418,1.0,33105.445,52997.207,0.7413204854748097
2018-01-19T04:00:00.0,2018-01-19T10:00:00.0,10,48932.918,1.0,39402.324,58604.516,0.49318583814190825
2018-01-19T05:00:00.0,2018-01-19T11:00:00.0,11,52107.05,1.0,38500.47,58510.89,0.7987915739132162
2018-01-19T06:00:00.0,2018-01-19T12:00:00.0,12,51557.016,1.0,39018.285,59006.27,0.7231728230140736
2018-01-19T07:00:00.0,2018-01-19T13:00:00.0,13,50355.09,1.0,36637.723,56692.71,0.803974801739575
2018-01-19T08:00:00.0,2018-01-19T14:00:00.0,14,49258.996,1.0,37108.477,57227.08,0.6856564528053889
2018-01-19T09:00:00.0,2018-01-19T15:00:00.0,15,47664.42,1.0,35590.496,55796.613,0.6750032320084862
2018-01-19T10:00:00.0,2018-01-19T16:00:00.0,16,45907.375,1.0,35299.754,55247.6,0.5587499999999999
2018-01-19T11:00:00.0,2018-01-19T17:00:00.0,17,44360.098,1.0,32379.645,52462.68,0.6733420047692895
2018-01-19T12:00:00.0,2018-01-19T18:00:00.0,18,42806.74,1.0,31430.674,51370.31,0.6285893261608151
2018-01-19T13:00:00.0,2018-01-19T19:00:00.0,19,41682.156,1.0,29318.871,49606.168,0.6946241465177929
2018-01-19T14:00:00.0,2018-01-19T20:00:00.0,20,41393.754,1.0,31811.725,51116.32,0.4932443397586886
2018-01-19T15:00:00.0,2018-01-19T21:00:00.0,21,41676.582,1.0,31272.566,50860.31,0.5576128620501942
2018-01-19T16:00:00.0,2018-01-19T22:00:00.0,22,43106.582,1.0,32013.008,51764.098,0.6129080938960373
2018-01-19T17:00:00.0,2018-01-19T23:00:00.0,23,43761.316,1.0,30830.492,51208.55,0.7343202195517735
2018-01-19T18:00:00.0,2018-01-20T00:00:00.0,0,43037.004,1.0,33649.387,53302.19,0.45863384696233206
2018-01-19T19:00:00.0,2018-01-20T01:00:00.0,1,42137.594,1.0,33221.137,53191.418,0.4016913324965913
2018-01-19T20:00:00.0,2018-01-20T02:00:00.0,2,40658.633,1.0,30805.96,50937.652,0.48035342135085113
2018-01-19T21:00:00.0,2018-01-20T03:00:00.0,3,38648.35,1.0,29489.879,49690.793,0.41412694279582996
2018-01-19T22:00:00.0,2018-01-20T04:00:00.0,4,36628.113,1.0,27955.584,47906.06,0.38063960277770315
2018-01-19T23:00:00.0,2018-01-20T05:00:00.0,5,35269.574,1.0,25566.883,45816.715,0.4613595814424894
2018-01-20T00:00:00.0,2018-01-20T06:00:00.0,6,34264.61,1.0,28655.46,47751.62,0.16862554799697682
2018-01-20T01:00:00.0,2018-01-20T07:00:00.0,7,33739.113,1.0,29004.885,48442.35,0.11648020174436405
2018-01-20T02:00:00.0,2018-01-20T08:00:00.0,8,33549.527,1.0,28426.27,48171.92,0.13157226367713917
2018-01-20T03:00:00.0,2018-01-20T09:00:00.0,9,33990.383,1.0,28650.03,48712.35,0.13836423124355093
2018-01-20T04:00:00.0,2018-01-20T10:00:00.0,10,35039.85,1.0,30306.268,49652.47,0.11748731994792663
2018-01-20T05:00:00.0,2018-01-20T11:00:00.0,11,36522.56,1.0,31310.984,50911.28,0.13806592885701327
2018-01-20T06:00:00.0,2018-01-20T12:00:00.0,12,37553.17,1.0,31925.232,51011.992,0.16992921660324406
2018-01-20T07:00:00.0,2018-01-20T13:00:00.0,13,38189.453,1.0,32845.414,51044.426,0.16852479299514614
2018-01-20T08:00:00.0,2018-01-20T14:00:00.0,14,38170.75,1.0,33318.01,51153.457,0.14453340941919168
2018-01-20T09:00:00.0,2018-01-20T15:00:00.0,15,37323.664,1.0,31872.924,50186.598,0.17324991487912822
2018-01-20T10:00:00.0,2018-01-20T16:00:00.0,16,36260.332,1.0,31155.213,48644.047,0.1665189000033015
2018-01-20T11:00:00.0,2018-01-20T17:00:00.0,17,35163.77,1.0,29554.004,47279.133,0.19663376653448705
2018-01-20T12:00:00.0,2018-01-20T18:00:00.0,18,34383.64,1.0,28149.771,47302.87,0.20841269841269844
2018-01-20T13:00:00.0,2018-01-20T19:00:00.0,19,33751.945,1.0,26790.717,46850.98,0.23831415030467168
2018-01-20T14:00:00.0,2018-01-20T20:00:00.0,20,33498.68,1.0,26573.742,46456.29,0.2401422644618373
2018-01-20T15:00:00.0,2018-01-20T21:00:00.0,21,33595.87,1.0,27484.729,47191.176,0.18850263706765646
2018-01-20T16:00:00.0,2018-01-20T22:00:00.0,22,34814.066,1.0,27707.54,47623.715,0.252673127700432
2018-01-20T17:00:00.0,2018-01-20T23:00:00.0,23,36082.855,1.0,28082.889,48253.094,0.3152814650934121
2018-01-20T18:00:00.0,2018-01-21T00:00:00.0,0,35742.965,1.0,28473.84,48679.996,0.2570445975719753
2018-01-20T19:00:00.0,2018-01-21T01:00:00.0,1,35143.23,1.0,28406.113,48603.016,0.21937272849643294
2018-01-20T20:00:00.0,2018-01-21T02:00:00.0,2,34186.414,1.0,27197.377,47316.906,0.23882890052653646
2018-01-20T21:00:00.0,2018-01-21T03:00:00.0,3,32698.994,1.0,26054.12,46226.77,0.21370222371967645
2018-01-20T22:00:00.0,2018-01-21T04:00:00.0,4,31124.564,1.0,24445.795,44585.62,0.21671976241900634
2018-01-20T23:00:00.0,2018-01-21T05:00:00.0,5,29760.865,1.0,23234.021,42472.062,0.22730332678179027
2018-01-21T00:00:00.0,2018-01-21T06:00:00.0,6,28852.283,1.0,18358.34,36896.91,0.6207112676056337
2018-01-21T01:00:00.0,2018-01-21T07:00:00.0,7,28226.393,1.0,17893.76,37255.516,0.5622240404078621
2018-01-21T02:00:00.0,2018-01-21T08:00:00.0,8,27947.25,1.0,19277.838,36360.957,0.5138878876053159
2018-01-21T03:00:00.0,2018-01-21T09:00:00.0,9,28018.56,1.0,20267.484,39487.555,0.32636716878228983
2018-01-21T04:00:00.0,2018-01-21T10:00:00.0,10,28582.828,1.0,21243.617,40859.965,0.27907955651575245
2018-01-21T05:00:00.0,2018-01-21T11:00:00.0,11,29511.477,1.0,24059.227,44165.4,0.14356769611229164
2018-01-21T06:00:00.0,2018-01-21T12:00:00.0,12,30435.94,1.0,25783.074,45928.254,0.10541976754435664
2018-01-21T07:00:00.0,2018-01-21T13:00:00.0,13,31792.545,1.0,26160.21,46285.37,0.1529097017597003
2018-01-21T08:00:00.0,2018-01-21T14:00:00.0,14,32867.164,1.0,27162.746,46864.54,0.1637829093892859
2018-01-21T09:00:00.0,2018-01-21T15:00:00.0,15,33583.855,1.0,26474.908,46742.516,0.24374271158064925
2018-01-21T10:00:00.0,2018-01-21T16:00:00.0,16,34104.125,1.0,26407.096,46116.195,0.3052811701573494
2018-01-21T11:00:00.0,2018-01-21T17:00:00.0,17,34336.598,1.0,25731.645,45452.18,0.3835598142219414
2018-01-21T12:00:00.0,2018-01-21T18:00:00.0,18,34330.13,1.0,25563.883,45249.47,0.39957865040724355
2018-01-21T13:00:00.0,2018-01-21T19:00:00.0,19,34056.74,1.0,26299.695,44425.42,0.3687455619018215
2018-01-21T14:00:00.0,2018-01-21T20:00:00.0,20,34111.918,1.0,25940.994,44119.66,0.40708739212379713
2018-01-21T15:00:00.0,2018-01-21T21:00:00.0,21,34416.77,1.0,26507.842,45167.17,0.3615782567947514
2018-01-21T16:00:00.0,2018-01-21T22:00:00.0,22,36064.35,1.0,26513.682,45915.875,0.485613104285564
2018-01-21T17:00:00.0,2018-01-21T23:00:00.0,23,37092.832,1.0,27059.068,46294.53,0.5400778553348169
2018-01-21T18:00:00.0,2018-01-22T00:00:00.0,0,36916.31,1.0,26122.533,45432.883,0.6080824179902029
2018-01-21T19:00:00.0,2018-01-22T01:00:00.0,1,36096.69,1.0,26299.143,44523.26,0.5694620803312135
2018-01-21T20:00:00.0,2018-01-22T02:00:00.0,2,34341.633,1.0,24936.045,43197.164,0.5279311604126724
2018-01-21T21:00:00.0,2018-01-22T03:00:00.0,3,32243.844,1.0,21752.271,40355.273,0.6170037474666361
2018-01-21T22:00:00.0,2018-01-22T04:00:00.0,4,30349.75,1.0,22419.283,41865.45,0.3340113137159195
2018-01-21T23:00:00.0,2018-01-22T05:00:00.0,5,29099.977,1.0,20655.246,40159.73,0.37756591741667045
2018-01-22T00:00:00.0,2018-01-22T06:00:00.0,6,28617.6,1.0,21040.752,36188.797,0.5003461246293707
2018-01-22T01:00:00.0,2018-01-22T07:00:00.0,7,28629.945,1.0,20729.4,36476.543,0.5031789734221226
2018-01-22T02:00:00.0,2018-01-22T08:00:00.0,8,29355.467,1.0,19812.314,37443.777,0.576105889044
2018-01-22T03:00:00.0,2018-01-22T09:00:00.0,9,31085.314,1.0,21629.473,39150.914,0.573217344252401
2018-01-22T04:00:00.0,2018-01-22T10:00:00.0,10,34507.99,1.0,22950.441,40389.926,0.7754740379230338
2018-01-22T05:00:00.0,2018-01-22T11:00:00.0,11,38966.637,1.0,24588.73,43081.24,0.9016159315277491
2018-01-22T06:00:00.0,2018-01-22T12:00:00.0,12,39409.613,1.0,26187.604,44689.99,0.840967854019146
2018-01-22T07:00:00.0,2018-01-22T13:00:00.0,13,38894.84,1.0,27792.518,46429.723,0.6719380053908356
2018-01-22T08:00:00.0,2018-01-22T14:00:00.0,14,38565.56,1.0,28756.314,47804.32,0.5277719426209577
2018-01-22T09:00:00.0,2018-01-22T15:00:00.0,15,38230.926,1.0,28266.076,47708.805,0.5232301799784672
2018-01-22T10:00:00.0,2018-01-22T16:00:00.0,16,37643.145,1.0,27280.219,46813.03,0.5564918869061064
2018-01-22T11:00:00.0,2018-01-22T17:00:00.0,17,37043.246,1.0,26302.438,46702.43,0.5490818107025647
2018-01-22T12:00:00.0,2018-01-22T18:00:00.0,18,36463.09,1.0,24841.273,44707.457,0.6537514129168642
2018-01-22T13:00:00.0,2018-01-22T19:00:00.0,19,35834.574,1.0,25820.99,41635.535,0.7322503372518789
2018-01-22T14:00:00.0,2018-01-22T20:00:00.0,20,35578.41,1.0,25341.74,43161.043,0.6355014720314037
2018-01-22T15:00:00.0,2018-01-22T21:00:00.0,21,35892.707,1.0,25662.322,42974.176,0.663892223190421
2018-01-22T16:00:00.0,2018-01-22T22:00:00.0,22,37931.41,1.0,25196.432,44479.21,0.7722784993307048
2018-01-22T17:00:00.0,2018-01-22T23:00:00.0,23,40202.047,1.0,26077.195,44316.523,0.8991327467269962
2018-01-22T18:00:00.0,2018-01-23T00:00:00.0,0,40602.53,1.0,27345.295,42764.2,0.9527595252147683
2018-01-22T19:00:00.0,2018-01-23T01:00:00.0,1,40332.81,1.0,26016.03,43726.812,0.9241937748654342
2018-01-22T20:00:00.0,2018-01-23T02:00:00.0,2,39155.2,1.0,24215.648,42492.465,0.9301260233352672
2018-01-22T21:00:00.0,2018-01-23T03:00:00.0,3,37183.72,1.0,22561.465,41690.43,0.8906657148035345
2018-01-22T22:00:00.0,2018-01-23T04:00:00.0,4,35798.348,1.0,22493.0,40992.676,0.846077171959257
2018-01-22T23:00:00.0,2018-01-23T05:00:00.0,5,35214.387,1.0,22861.854,42051.4,0.7481240025224022
2018-01-23T00:00:00.0,2018-01-23T06:00:00.0,6,35347.816,1.0,25393.299,39071.11,0.8553284863892848
2018-01-23T01:00:00.0,2018-01-23T07:00:00.0,7,35821.74,1.0,24904.045,41920.87,0.744942847611188
2018-01-23T02:00:00.0,2018-01-23T08:00:00.0,8,36784.16,1.0,25804.615,44501.734,0.6575686454274584
2018-01-23T03:00:00.0,2018-01-23T09:00:00.0,9,39054.215,1.0,27254.18,46381.137,0.7067793238888143
2018-01-23T04:00:00.0,2018-01-23T10:00:00.0,10,43317.14,1.0,31201.188,47091.777,0.8889565474263055
2018-01-23T05:00:00.0,2018-01-23T11:00:00.0,11,47618.7,1.0,31847.951,48656.27,0.9791552713118741
2018-01-23T06:00:00.0,2018-01-23T12:00:00.0,12,47828.504,1.0,33800.44,48436.465,0.9829101998215775
2018-01-23T07:00:00.0,2018-01-23T13:00:00.0,13,45814.105,1.0,33927.867,49595.008,0.8855372781746949
2018-01-23T08:00:00.0,2018-01-23T14:00:00.0,14,43366.527,1.0,33589.992,50222.324,0.6585475626095023
2018-01-23T09:00:00.0,2018-01-23T15:00:00.0,15,41084.645,1.0,30732.826,49293.19,0.6058870142655826
2018-01-23T10:00:00.0,2018-01-23T16:00:00.0,16,39135.168,1.0,27313.088,46441.953,0.7085304286529487
2018-01-23T11:00:00.0,2018-01-23T17:00:00.0,17,37514.22,1.0,25434.172,44463.855,0.7347071541824821
2018-01-23T12:00:00.0,2018-01-23T18:00:00.0,18,36499.016,1.0,24604.666,44140.082,0.6937289153611295
2018-01-23T13:00:00.0,2018-01-23T19:00:00.0,19,35627.03,1.0,26981.385,41563.668,0.667180798512233
2018-01-23T14:00:00.0,2018-01-23T20:00:00.0,20,35355.637,1.0,27704.918,41877.97,0.5734633048176505
2018-01-23T15:00:00.0,2018-01-23T21:00:00.0,21,35864.934,1.0,26966.076,42668.36,0.6218823873084357
2018-01-23T16:00:00.0,2018-01-23T22:00:00.0,22,38136.043,1.0,27124.467,44064.574,0.7574039092447421
2018-01-23T17:00:00.0,2018-01-23T23:00:00.0,23,40535.656,1.0,27219.355,45017.445,0.8758332481588873
2018-01-23T18:00:00.0,2018-01-24T00:00:00.0,0,41140.094,1.0,27437.84,44888.203,0.9076783743982131
2018-01-23T19:00:00.0,2018-01-24T01:00:00.0,1,41248.97,1.0,27543.418,45377.53,0.894130956332085
2018-01-23T20:00:00.0,2018-01-24T02:00:00.0,2,40264.035,1.0,26362.068,46268.164,0.8219650731307684
2018-01-23T21:00:00.0,2018-01-24T03:00:00.0,3,38437.145,1.0,24790.129,44926.473,0.795825324931075
2018-01-23T22:00:00.0,2018-01-24T04:00:00.0,4,37162.676,1.0,23417.012,43140.695,0.8202073200389104
2018-01-23T23:00:00.0,2018-01-24T05:00:00.0,5,36822.0,1.0,22198.824,42553.96,0.8451698976257898
2018-01-24T00:00:00.0,2018-01-24T06:00:00.0,6,37042.758,1.0,27100.064,44082.227,0.6545632381144645
2018-01-24T01:00:00.0,2018-01-24T07:00:00.0,7,37580.7,1.0,25099.803,44509.844,0.7470791964904175
2018-01-24T02:00:00.0,2018-01-24T08:00:00.0,8,38699.668,1.0,25484.695,44893.613,0.7999763007354941
2018-01-24T03:00:00.0,2018-01-24T09:00:00.0,9,40935.17,1.0,28460.79,47568.152,0.7615042387148426
2018-01-24T04:00:00.0,2018-01-24T10:00:00.0,10,45010.637,1.0,30323.809,49051.188,0.9069164529977299
2018-01-24T05:00:00.0,2018-01-24T11:00:00.0,11,49294.99,1.0,31615.14,51075.562,0.9711474868227705
2018-01-24T06:00:00.0,2018-01-24T12:00:00.0,12,48945.832,1.0,32481.705,51604.77,0.9532661891012084
2018-01-24T07:00:00.0,2018-01-24T13:00:00.0,13,46433.332,1.0,33195.13,51988.535,0.829195214547775
2018-01-24T08:00:00.0,2018-01-24T14:00:00.0,14,43668.574,1.0,33727.99,52860.133,0.5362816498511731
2018-01-24T09:00:00.0,2018-01-24T15:00:00.0,15,41312.996,1.0,31941.262,50962.78,0.48643744514870785
2018-01-24T10:00:00.0,2018-01-24T16:00:00.0,16,39339.92,1.0,28834.285,48838.555,0.5466088928633986
2018-01-24T11:00:00.0,2018-01-24T17:00:00.0,17,37807.38,1.0,26510.252,46324.555,0.6279275589429443
2018-01-24T12:00:00.0,2018-01-24T18:00:00.0,18,36655.285,1.0,24746.121,44184.6,0.6999187632565123
2018-01-24T13:00:00.0,2018-01-24T19:00:00.0,19,35783.707,1.0,23357.027,43442.426,0.7096047857291284
2018-01-24T14:00:00.0,2018-01-24T20:00:00.0,20,35407.16,1.0,26022.283,43054.31,0.5938001566900291
2018-01-24T15:00:00.0,2018-01-24T21:00:00.0,21,35665.633,1.0,23878.46,44076.395,0.6513138642767423
2018-01-24T16:00:00.0,2018-01-24T22:00:00.0,22,37550.215,1.0,25334.457,44964.355,0.7153152508005982
2018-01-24T17:00:00.0,2018-01-24T23:00:00.0,23,40046.93,1.0,27570.646,47025.633,0.7445057054658822
2018-01-24T18:00:00.0,2018-01-25T00:00:00.0,0,40759.043,1.0,28908.943,48490.89,0.687655891289669
2018-01-24T19:00:00.0,2018-01-25T01:00:00.0,1,40920.402,1.0,29067.768,48143.848,0.7137851488755673
2018-01-24T20:00:00.0,2018-01-25T02:00:00.0,2,40057.895,1.0,28121.09,47372.445,0.7117556857339764
2018-01-24T21:00:00.0,2018-01-25T03:00:00.0,3,38401.297,1.0,26750.352,46195.69,0.6777257265877284
2018-01-24T22:00:00.0,2018-01-25T04:00:00.0,4,37137.008,1.0,25954.96,45387.973,0.6371526271743141
2018-01-24T23:00:00.0,2018-01-25T05:00:00.0,5,36730.152,1.0,24813.668,43601.44,0.7338960038282791
2018-01-25T00:00:00.0,2018-01-25T06:00:00.0,6,36856.367,1.0,23970.998,42406.934,0.822623859297659
2018-01-25T01:00:00.0,2018-01-25T07:00:00.0,7,37402.31,1.0,24215.16,42245.32,0.8591538628893318
2018-01-25T02:00:00.0,2018-01-25T08:00:00.0,8,38546.723,1.0,24182.066,42928.38,0.8922400494370669
2018-01-25T03:00:00.0,2018-01-25T09:00:00.0,9,40835.977,1.0,25676.982,45174.652,0.9015987633918855
2018-01-25T04:00:00.0,2018-01-25T10:00:00.0,10,45074.13,0.0,26141.133,44945.39,1.0
2018-01-25T05:00:00.0,2018-01-25T11:00:00.0,11,49287.26,0.0,28254.727,46736.176,1.0
2018-01-25T06:00:00.0,2018-01-25T12:00:00.0,12,48783.895,0.0,29840.215,48657.867,1.0
2018-01-25T07:00:00.0,2018-01-25T13:00:00.0,13,46339.715,1.0,31402.018,49784.02,0.9269971868087817
2018-01-25T08:00:00.0,2018-01-25T14:00:00.0,14,43757.426,1.0,31579.074,50543.742,0.7458059001929971
2018-01-25T09:00:00.0,2018-01-25T15:00:00.0,15,41631.05,1.0,29225.016,48879.883,0.7291967459126453
2018-01-25T10:00:00.0,2018-01-25T16:00:00.0,16,39919.883,1.0,28821.709,46869.215,0.703584783150105
2018-01-25T11:00:00.0,2018-01-25T17:00:00.0,17,38564.63,1.0,27101.062,45497.984,0.7166114035012405
2018-01-25T12:00:00.0,2018-01-25T18:00:00.0,18,37601.53,1.0,25241.197,45021.527,0.719384342660023
2018-01-25T13:00:00.0,2018-01-25T19:00:00.0,19,36905.715,1.0,24359.201,44218.773,0.7300763487642239
2018-01-25T14:00:00.0,2018-01-25T20:00:00.0,20,36779.59,1.0,24275.178,43909.777,0.7378395914502581
2018-01-25T15:00:00.0,2018-01-25T21:00:00.0,21,37315.656,1.0,24885.082,43271.09,0.793655264633568
2018-01-25T16:00:00.0,2018-01-25T22:00:00.0,22,39352.64,1.0,26315.771,44649.324,0.8369462115009132
2018-01-25T17:00:00.0,2018-01-25T23:00:00.0,23,41173.734,1.0,28106.723,46378.453,0.8415639635048893
2018-01-25T18:00:00.0,2018-01-26T00:00:00.0,0,41333.61,1.0,29174.646,47978.066,0.752439798394624
2018-01-25T19:00:00.0,2018-01-26T01:00:00.0,1,40799.34,1.0,28393.04,47020.66,0.78006728208122
2018-01-25T20:00:00.0,2018-01-26T02:00:00.0,2,38906.92,1.0,28325.967,47275.47,0.6070306296086213
2018-01-25T21:00:00.0,2018-01-26T03:00:00.0,3,36432.14,1.0,27738.09,46136.59,0.4491720292577641
2018-01-25T22:00:00.0,2018-01-26T04:00:00.0,4,34609.387,1.0,24314.379,43671.016,0.5589181950288261
2018-01-25T23:00:00.0,2018-01-26T05:00:00.0,5,33528.152,1.0,22482.066,41861.156,0.6276628673391356
2018-01-26T00:00:00.0,2018-01-26T06:00:00.0,6,33011.56,1.0,22118.254,41509.117,0.6130970091075014
2018-01-26T01:00:00.0,2018-01-26T07:00:00.0,7,32843.008,1.0,21734.098,41824.03,0.5973083689369191
2018-01-26T02:00:00.0,2018-01-26T08:00:00.0,8,33087.258,1.0,22537.342,42764.95,0.5399522838834706
2018-01-26T03:00:00.0,2018-01-26T09:00:00.0,9,34402.402,1.0,24702.324,44466.184,0.4829274861813643
2018-01-26T04:00:00.0,2018-01-26T10:00:00.0,10,37446.582,1.0,25477.42,45705.906,0.6651662421236094
2018-01-26T05:00:00.0,2018-01-26T11:00:00.0,11,40703.715,1.0,28232.242,48164.12,0.7206756335768466
2018-01-26T06:00:00.0,2018-01-26T12:00:00.0,12,40653.902,1.0,29266.385,49050.973,0.637432844528122
2018-01-26T07:00:00.0,2018-01-26T13:00:00.0,13,40300.785,1.0,30614.469,49764.004,0.510810813428644
2018-01-26T08:00:00.0,2018-01-26T14:00:00.0,14,40013.027,1.0,29336.916,48730.793,0.5928539948489553
2018-01-26T09:00:00.0,2018-01-26T15:00:00.0,15,39382.688,1.0,28545.299,48761.246,0.5666544667204193
2018-01-26T10:00:00.0,2018-01-26T16:00:00.0,16,38522.508,1.0,27933.82,47475.35,0.5771974361845055
2018-01-26T11:00:00.0,2018-01-26T17:00:00.0,17,37811.734,1.0,27108.12,45628.57,0.6415442097977965
2018-01-26T12:00:00.0,2018-01-26T18:00:00.0,18,37107.895,1.0,25877.258,45218.938,0.646237507611849
2018-01-26T13:00:00.0,2018-01-26T19:00:00.0,19,36413.098,1.0,25464.521,45015.527,0.6099406245418559
2018-01-26T14:00:00.0,2018-01-26T20:00:00.0,20,36082.24,1.0,25398.254,45162.12,0.5748749100570101
2018-01-26T15:00:00.0,2018-01-26T21:00:00.0,21,36165.223,1.0,25797.152,44417.367,0.6042392726573019
2018-01-26T16:00:00.0,2018-01-26T22:00:00.0,22,37120.67,1.0,27103.299,45858.766,0.5630333655564339
2018-01-26T17:00:00.0,2018-01-26T23:00:00.0,23,37573.652,1.0,28109.24,47225.08,0.4909215533980581
2018-01-26T18:00:00.0,2018-01-27T00:00:00.0,0,36930.26,1.0,29249.797,47232.52,0.3672496183131878
2018-01-26T19:00:00.0,2018-01-27T01:00:00.0,1,36125.58,1.0,27474.512,47301.195,0.3835414947436405
2018-01-26T20:00:00.0,2018-01-27T02:00:00.0,2,34790.887,1.0,25744.656,45992.6,0.4022079633802068
2018-01-26T21:00:00.0,2018-01-27T03:00:00.0,3,33019.3,1.0,24112.693,43982.555,0.4048664591482067
2018-01-26T22:00:00.0,2018-01-27T04:00:00.0,4,31135.748,1.0,23353.016,43371.844,0.3024111852816671
2018-01-26T23:00:00.0,2018-01-27T05:00:00.0,5,29752.549,1.0,20969.225,41267.234,0.3771334579114337
2018-01-27T00:00:00.0,2018-01-27T06:00:00.0,6,28851.502,1.0,21028.105,40072.64,0.33905962139214496
2018-01-27T01:00:00.0,2018-01-27T07:00:00.0,7,28337.469,1.0,20301.607,39224.715,0.3629762674897881
2018-01-27T02:00:00.0,2018-01-27T08:00:00.0,8,28280.482,1.0,19536.895,39375.727,0.3913700188725246
2018-01-27T03:00:00.0,2018-01-27T09:00:00.0,9,28582.498,1.0,21299.168,40966.742,0.2731561333301761
2018-01-27T04:00:00.0,2018-01-27T10:00:00.0,10,29503.367,1.0,22552.324,42824.855,0.23240121580547107
2018-01-27T05:00:00.0,2018-01-27T11:00:00.0,11,31026.85,1.0,25470.234,45153.39,0.15561171336055174
2018-01-27T06:00:00.0,2018-01-27T12:00:00.0,12,32509.37,1.0,28131.777,45442.277,0.12519449560566578
2018-01-27T07:00:00.0,2018-01-27T13:00:00.0,13,33914.02,1.0,29694.53,45552.895,0.13824856238577074
2018-01-27T08:00:00.0,2018-01-27T14:00:00.0,14,34984.91,1.0,29016.371,45984.473,0.2452000551638542
2018-01-27T09:00:00.0,2018-01-27T15:00:00.0,15,35473.316,1.0,29348.475,45121.977,0.30164335158590727
2018-01-27T10:00:00.0,2018-01-27T16:00:00.0,16,35393.777,1.0,27984.74,44508.926,0.4050977760317777
2018-01-27T11:00:00.0,2018-01-27T17:00:00.0,17,34838.676,1.0,27398.053,43515.87,0.42917492421157394
2018-01-27T12:00:00.0,2018-01-27T18:00:00.0,18,34114.004,1.0,25889.68,43410.527,0.4434008037691109
2018-01-27T13:00:00.0,2018-01-27T19:00:00.0,19,33517.152,1.0,25079.639,43327.492,0.4305341496462087
2018-01-27T14:00:00.0,2018-01-27T20:00:00.0,20,33233.297,1.0,24179.578,42984.01,0.4656456116890522
2018-01-27T15:00:00.0,2018-01-27T21:00:00.0,21,33333.516,1.0,24911.062,43095.184,0.4319856984590595
2018-01-27T16:00:00.0,2018-01-27T22:00:00.0,22,34488.586,1.0,26312.268,43726.45,0.4436186655405411
2018-01-27T17:00:00.0,2018-01-27T23:00:00.0,23,35668.02,1.0,27063.066,45236.9,0.45090143389180304
2018-01-27T18:00:00.0,2018-01-28T00:00:00.0,0,35511.59,1.0,28399.932,45276.668,0.3572831675852087
2018-01-27T19:00:00.0,2018-01-28T01:00:00.0,1,35054.895,1.0,26159.604,45854.047,0.41103567053795886
2018-01-27T20:00:00.0,2018-01-28T02:00:00.0,2,34277.266,1.0,24600.617,44633.445,0.4685528635377732
2018-01-27T21:00:00.0,2018-01-28T03:00:00.0,3,33169.836,1.0,24494.604,42580.008,0.46234376437633545
2018-01-27T22:00:00.0,2018-01-28T04:00:00.0,4,31981.04,1.0,22726.393,41470.62,0.4883700610534442
2018-01-27T23:00:00.0,2018-01-28T05:00:00.0,5,31062.713,1.0,21687.38,39728.61,0.536441404048168
2018-01-28T00:00:00.0,2018-01-28T06:00:00.0,6,30568.518,1.0,18513.273,36931.836,0.7638759003974168
2018-01-28T01:00:00.0,2018-01-28T07:00:00.0,7,30422.404,1.0,19649.027,37338.914,0.6939773931147571
2018-01-28T02:00:00.0,2018-01-28T08:00:00.0,8,30685.6,1.0,20842.754,38239.215,0.6202454186822435
2018-01-28T03:00:00.0,2018-01-28T09:00:00.0,9,31298.81,1.0,22938.553,39008.52,0.5375131167157587
2018-01-28T04:00:00.0,2018-01-28T10:00:00.0,10,32375.057,1.0,23974.18,41099.34,0.4824799090219864
2018-01-28T05:00:00.0,2018-01-28T11:00:00.0,11,33963.496,1.0,25089.809,42809.625,0.5014429663768721
2018-01-28T06:00:00.0,2018-01-28T12:00:00.0,12,35307.98,1.0,26138.387,44420.39,0.5029026068948718
2018-01-28T07:00:00.0,2018-01-28T13:00:00.0,13,36029.55,1.0,27678.836,45224.78,0.4554267395417285
2018-01-28T08:00:00.0,2018-01-28T14:00:00.0,14,35705.395,1.0,27404.275,45740.715,0.41293394397404437
2018-01-28T09:00:00.0,2018-01-28T15:00:00.0,15,34961.48,1.0,27449.488,45672.37,0.34150647176129795
2018-01-28T10:00:00.0,2018-01-28T16:00:00.0,16,34153.465,1.0,26403.592,44427.414,0.3723013977526326
2018-01-28T11:00:00.0,2018-01-28T17:00:00.0,17,33484.664,1.0,25808.635,45354.547,0.30884392196098037
2018-01-28T12:00:00.0,2018-01-28T18:00:00.0,18,32984.668,1.0,24797.629,43771.062,0.3749841925165512
2018-01-28T13:00:00.0,2018-01-28T19:00:00.0,19,32681.623,1.0,24700.314,41220.08,0.46873300128714535
2018-01-28T14:00:00.0,2018-01-28T20:00:00.0,20,32629.54,1.0,24906.824,41626.26,0.42965082549998934
2018-01-28T15:00:00.0,2018-01-28T21:00:00.0,21,33002.457,1.0,24375.643,42430.727,0.4588776073055632
2018-01-28T16:00:00.0,2018-01-28T22:00:00.0,22,34287.01,1.0,26751.703,40910.754,0.5595265918770126
2018-01-28T17:00:00.0,2018-01-28T23:00:00.0,23,36334.71,1.0,25870.225,43546.863,0.6656692460374535
2018-01-28T18:00:00.0,2018-01-29T00:00:00.0,0,36528.66,1.0,26506.23,42065.797,0.7487532764298682
2018-01-28T19:00:00.0,2018-01-29T01:00:00.0,1,36277.78,1.0,24488.44,43521.188,0.710766804979253
2018-01-28T20:00:00.0,2018-01-29T02:00:00.0,2,35183.0,1.0,23488.62,42113.0,0.7240943569225641
2018-01-28T21:00:00.0,2018-01-29T03:00:00.0,3,33566.727,1.0,22535.566,41929.46,0.625537796779769
2018-01-28T22:00:00.0,2018-01-29T04:00:00.0,4,32176.547,1.0,22149.844,41749.215,0.5214884266041605
2018-01-28T23:00:00.0,2018-01-29T05:00:00.0,5,31523.654,1.0,21419.098,40183.17,0.5710893138226549
2018-01-29T00:00:00.0,2018-01-29T06:00:00.0,6,31423.781,1.0,21574.156,39752.57,0.5771522992828845
2018-01-29T01:00:00.0,2018-01-29T07:00:00.0,7,31844.367,1.0,24317.473,38297.137,0.5709287130262403
2018-01-29T02:00:00.0,2018-01-29T08:00:00.0,8,32842.402,1.0,24383.387,39260.78,0.6251602077601749
2018-01-29T03:00:00.0,2018-01-29T09:00:00.0,9,35106.965,1.0,25815.807,40827.543,0.709980217500561
2018-01-29T04:00:00.0,2018-01-29T10:00:00.0,10,39385.06,1.0,26937.344,42595.156,0.9149314840653094
2018-01-29T05:00:00.0,2018-01-29T11:00:00.0,11,43959.13,1.0,28889.602,44813.41,0.9808433864078502
2018-01-29T06:00:00.0,2018-01-29T12:00:00.0,12,44133.605,1.0,29612.285,45016.953,0.9802127636000625
2018-01-29T07:00:00.0,2018-01-29T13:00:00.0,13,42744.176,1.0,30301.527,46282.105,0.9024895992131792
2018-01-29T08:00:00.0,2018-01-29T14:00:00.0,14,41410.844,1.0,30879.787,46893.004,0.7683528855081778
2018-01-29T09:00:00.0,2018-01-29T15:00:00.0,15,40135.086,1.0,31383.09,46645.75,0.6336732051605217
2018-01-29T10:00:00.0,2018-01-29T16:00:00.0,16,38767.16,1.0,29013.312,44455.566,0.7298793691003953
2018-01-29T11:00:00.0,2018-01-29T17:00:00.0,17,37663.332,1.0,25769.07,45466.918,0.6854764062290244
2018-01-29T12:00:00.0,2018-01-29T18:00:00.0,18,36741.547,1.0,24309.102,43974.6,0.7307382409918637
2018-01-29T13:00:00.0,2018-01-29T19:00:00.0,19,35990.027,1.0,25943.201,42649.574,0.6814127574540493
2018-01-29T14:00:00.0,2018-01-29T20:00:00.0,20,35685.23,1.0,25742.479,43294.035,0.6214668837891902
2018-01-29T15:00:00.0,2018-01-29T21:00:00.0,21,36087.207,1.0,26280.65,44257.742,0.5838274644334579
2018-01-29T16:00:00.0,2018-01-29T22:00:00.0,22,37993.12,1.0,27200.273,43675.992,0.7646762059300783
2018-01-29T17:00:00.0,2018-01-29T23:00:00.0,23,40486.887,1.0,26514.2,44779.312,0.8911640772563981
2018-01-29T18:00:00.0,2018-01-30T00:00:00.0,0,40938.742,1.0,26271.857,45030.605,0.9050503560955173
2018-01-29T19:00:00.0,2018-01-30T01:00:00.0,1,40731.707,1.0,26642.895,45182.633,0.8866676567255024
2018-01-29T20:00:00.0,2018-01-30T02:00:00.0,2,39447.88,1.0,25106.229,44629.035,0.8624420397057758
2018-01-29T21:00:00.0,2018-01-30T03:00:00.0,3,37468.652,1.0,24204.074,42580.895,0.848947571597462
2018-01-29T22:00:00.0,2018-01-30T04:00:00.0,4,36147.043,1.0,24161.72,41259.78,0.8250807243449475
2018-01-29T23:00:00.0,2018-01-30T05:00:00.0,5,35779.098,1.0,24381.238,40281.56,0.8434295354414142
2018-01-30T00:00:00.0,2018-01-30T06:00:00.0,6,36027.2,1.0,23742.916,41571.406,0.8104220790527598
2018-01-30T01:00:00.0,2018-01-30T07:00:00.0,7,36669.707,1.0,27569.64,38977.758,0.9168839527466189
2018-01-30T02:00:00.0,2018-01-30T08:00:00.0,8,37758.934,1.0,26671.812,41315.19,0.8841556063791095
2018-01-30T03:00:00.0,2018-01-30T09:00:00.0,9,40017.918,1.0,27758.982,43096.594,0.9180338082907662
2018-01-30T04:00:00.0,2018-01-30T10:00:00.0,10,44221.906,0.0,28141.719,44189.742,1.0
2018-01-30T05:00:00.0,2018-01-30T11:00:00.0,11,48535.543,0.0,30105.766,45376.605,1.0
2018-01-30T06:00:00.0,2018-01-30T12:00:00.0,12,48095.83,0.0,30959.94,46852.574,1.0
2018-01-30T07:00:00.0,2018-01-30T13:00:00.0,13,45849.8,1.0,30036.748,47378.004,0.9720544685392684
2018-01-30T08:00:00.0,2018-01-30T14:00:00.0,14,43636.895,1.0,31101.21,47162.45,0.9039689879239816
2018-01-30T09:00:00.0,2018-01-30T15:00:00.0,15,41635.746,1.0,30066.547,47210.484,0.7919880651329181
2018-01-30T10:00:00.0,2018-01-30T16:00:00.0,16,39601.168,1.0,27712.576,46907.38,0.7106737763733909
2018-01-30T11:00:00.0,2018-01-30T17:00:00.0,17,38051.855,1.0,25727.21,45391.16,0.7223189813060503
2018-01-30T12:00:00.0,2018-01-30T18:00:00.0,18,37054.68,1.0,25292.658,43810.12,0.735293909494145
2018-01-30T13:00:00.0,2018-01-30T19:00:00.0,19,36202.086,1.0,25486.379,42854.82,0.7068304990757861
2018-01-30T14:00:00.0,2018-01-30T20:00:00.0,20,35909.914,1.0,26261.625,42841.48,0.6484615866780884
2018-01-30T15:00:00.0,2018-01-30T21:00:00.0,21,36253.145,1.0,26070.832,42371.71,0.7190182455936354
2018-01-30T16:00:00.0,2018-01-30T22:00:00.0,22,38002.074,1.0,25106.238,43231.035,0.8374184670077283
2018-01-30T17:00:00.0,2018-01-30T23:00:00.0,23,40427.832,1.0,25827.41,44476.914,0.9058488864541414
2018-01-30T18:00:00.0,2018-01-31T00:00:00.0,0,40786.543,1.0,26618.807,46555.89,0.8364022680937817
2018-01-30T19:00:00.0,2018-01-31T01:00:00.0,1,40312.684,1.0,26688.762,46646.652,0.8022375101217178
2018-01-30T20:00:00.0,2018-01-31T02:00:00.0,2,39074.62,1.0,26875.738,46797.45,0.6994003942837048
2018-01-30T21:00:00.0,2018-01-31T03:00:00.0,3,36873.785,1.0,24054.773,43149.668,0.7872929124665419
2018-01-30T22:00:00.0,2018-01-31T04:00:00.0,4,35160.305,1.0,23627.207,41788.133,0.7350877678766217
2018-01-30T23:00:00.0,2018-01-31T05:00:00.0,5,34408.816,1.0,23057.43,39348.984,0.8200315768554161
2018-01-31T00:00:00.0,2018-01-31T06:00:00.0,6,34201.22,1.0,22706.482,40416.08,0.755997687670328
2018-01-31T01:00:00.0,2018-01-31T07:00:00.0,7,34337.418,1.0,24208.51,38967.156,0.8069443478865403
2018-01-31T02:00:00.0,2018-01-31T08:00:00.0,8,35063.824,1.0,24126.598,40548.582,0.7800604244611465
2018-01-31T03:00:00.0,2018-01-31T09:00:00.0,9,36891.516,1.0,23490.889,42399.61,0.8341836435585521
2018-01-31T04:00:00.0,2018-01-31T10:00:00.0,10,40610.168,1.0,26095.338,45663.1,0.869675018708229
2018-01-31T05:00:00.0,2018-01-31T11:00:00.0,11,44373.355,1.0,27740.908,47780.39,0.9375363626743176
2018-01-31T06:00:00.0,2018-01-31T12:00:00.0,12,43610.73,1.0,28506.664,48391.246,0.8863621712661787
2018-01-31T07:00:00.0,2018-01-31T13:00:00.0,13,41634.598,1.0,29776.861,49950.152,0.6585319284530737
2018-01-31T08:00:00.0,2018-01-31T14:00:00.0,14,39668.316,1.0,29507.92,49709.273,0.5054864167133682
2018-01-31T09:00:00.0,2018-01-31T15:00:00.0,15,38034.863,1.0,29228.07,49522.953,0.37929126534302254
2018-01-31T10:00:00.0,2018-01-31T16:00:00.0,16,36711.363,1.0,28166.553,48260.297,0.3640056917078602
2018-01-31T11:00:00.0,2018-01-31T17:00:00.0,17,35796.348,1.0,27420.408,47507.23,0.349662997098481
2018-01-31T12:00:00.0,2018-01-31T18:00:00.0,18,35412.953,1.0,26617.707,45838.11,0.42180900613753
2018-01-31T13:00:00.0,2018-01-31T19:00:00.0,19,34943.836,1.0,26569.143,44251.13,0.45117464224623505
2018-01-31T14:00:00.0,2018-01-31T20:00:00.0,20,34915.21,1.0,25527.97,43736.01,0.5288457507961215
2018-01-31T15:00:00.0,2018-01-31T21:00:00.0,21,35068.668,1.0,25926.082,44537.902,0.48371734949124495
2018-01-31T16:00:00.0,2018-01-31T22:00:00.0,22,36124.55,1.0,27144.361,45915.906,0.4599626664046768
2018-01-31T17:00:00.0,2018-01-31T23:00:00.0,23,37746.613,1.0,28853.902,47002.527,0.4814339587932299
2018-01-31T18:00:00.0,2018-02-01T00:00:00.0,0,37587.11,1.0,28471.67,47058.934,0.4822123099030055
2018-01-31T19:00:00.0,2018-02-01T01:00:00.0,1,36803.188,1.0,27701.277,45856.832,0.5024669562995147
2018-01-31T20:00:00.0,2018-02-01T02:00:00.0,2,35061.64,1.0,26032.084,43982.195,0.5056351134777437
2018-01-31T21:00:00.0,2018-02-01T03:00:00.0,3,32709.102,1.0,24703.041,43115.164,0.38085761752518543
2018-01-31T22:00:00.0,2018-02-01T04:00:00.0,4,30775.354,1.0,23357.713,41558.57,0.3335486724839589
2018-01-31T23:00:00.0,2018-02-01T05:00:00.0,5,29605.232,1.0,20865.537,39478.24,0.44368253654681944
2018-02-01T00:00:00.0,2018-02-01T06:00:00.0,6,29218.088,1.0,20815.377,39490.89,0.4079046055807665
2018-02-01T01:00:00.0,2018-02-01T07:00:00.0,7,29142.008,1.0,20995.602,38793.297,0.4220334572871531
2018-02-01T02:00:00.0,2018-02-01T08:00:00.0,8,29560.979,1.0,21551.488,40669.113,0.35307466499959217
2018-02-01T03:00:00.0,2018-02-01T09:00:00.0,9,31001.084,1.0,22765.18,42385.125,0.354483671901899
2018-02-01T04:00:00.0,2018-02-01T10:00:00.0,10,34355.562,1.0,25030.002,44161.67,0.4767035914517827
2018-02-01T05:00:00.0,2018-02-01T11:00:00.0,11,38001.746,1.0,26471.23,45725.008,0.6772340499547761
2018-02-01T06:00:00.0,2018-02-01T12:00:00.0,12,37737.06,1.0,27869.268,47460.95,0.506816308744541
2018-02-01T07:00:00.0,2018-02-01T13:00:00.0,13,37066.66,1.0,28885.42,47780.387,0.3776040411962991
2018-02-01T08:00:00.0,2018-02-01T14:00:00.0,14,36823.176,1.0,28671.984,47275.45,0.38677803588669984
2018-02-01T09:00:00.0,2018-02-01T15:00:00.0,15,36636.723,1.0,28703.125,47994.957,0.3398161131611316
2018-02-01T10:00:00.0,2018-02-01T16:00:00.0,16,36244.83,1.0,27647.352,46975.65,0.39868267635527826
2018-02-01T11:00:00.0,2018-02-01T17:00:00.0,17,36051.004,1.0,26790.344,46793.773,0.43157782945452583
2018-02-01T12:00:00.0,2018-02-01T18:00:00.0,18,36023.504,1.0,26188.133,45108.84,0.5367354636958857
2018-02-01T13:00:00.0,2018-02-01T19:00:00.0,19,35810.473,1.0,26855.947,45942.61,0.44293902908880745
2018-02-01T14:00:00.0,2018-02-01T20:00:00.0,20,35716.715,1.0,27084.113,45892.715,0.42430951919348553
2018-02-01T15:00:00.0,2018-02-01T21:00:00.0,21,35798.07,1.0,27934.93,46737.664,0.35174564280187165
2018-02-01T16:00:00.0,2018-02-01T22:00:00.0,22,37076.73,1.0,28466.855,47490.9,0.41269301908739064
2018-02-01T17:00:00.0,2018-02-01T23:00:00.0,23,38877.41,1.0,27736.566,47412.035,0.6210114596223172
2018-02-01T18:00:00.0,2018-02-02T00:00:00.0,0,38886.63,1.0,27436.553,47497.594,0.629006604462189
2018-02-01T19:00:00.0,2018-02-02T01:00:00.0,1,38289.77,1.0,27069.205,47045.812,0.6129368824000709
2018-02-01T20:00:00.0,2018-02-02T02:00:00.0,2,36651.855,1.0,24633.941,43888.7,0.7182359503555992
2018-02-01T21:00:00.0,2018-02-02T03:00:00.0,3,34472.06,1.0,23492.12,41879.926,0.6743224784176591
2018-02-01T22:00:00.0,2018-02-02T04:00:00.0,4,32785.65,1.0,22442.496,40024.992,0.6593382145050746
2018-02-01T23:00:00.0,2018-02-02T05:00:00.0,5,31893.432,1.0,22748.709,41542.41,0.47511685213842864
2018-02-02T00:00:00.0,2018-02-02T06:00:00.0,6,31753.295,1.0,20964.893,35710.72,0.859397863223283
2018-02-02T01:00:00.0,2018-02-02T07:00:00.0,7,32051.85,1.0,22444.922,36327.66,0.8141224351061735
2018-02-02T02:00:00.0,2018-02-02T08:00:00.0,8,32879.67,1.0,20628.85,38735.074,0.7943418430293252
2018-02-02T03:00:00.0,2018-02-02T09:00:00.0,9,34817.746,1.0,21723.441,40412.062,0.824698103280119
2018-02-02T04:00:00.0,2018-02-02T10:00:00.0,10,38493.785,1.0,23391.701,42561.09,0.9097293397069556
2018-02-02T05:00:00.0,2018-02-02T11:00:00.0,11,42711.652,1.0,25900.33,44903.547,0.9629978058042689
2018-02-02T06:00:00.0,2018-02-02T12:00:00.0,12,43033.88,1.0,28302.686,46480.92,0.9255162666801784
2018-02-02T07:00:00.0,2018-02-02T13:00:00.0,13,42634.207,1.0,29885.62,47203.566,0.8639958829978308
2018-02-02T08:00:00.0,2018-02-02T14:00:00.0,14,41849.133,1.0,29936.469,47435.6,0.7998261966447872
2018-02-02T09:00:00.0,2018-02-02T15:00:00.0,15,40591.676,1.0,29141.693,47026.184,0.7429053167940527
2018-02-02T10:00:00.0,2018-02-02T16:00:00.0,16,39066.594,1.0,28554.547,46205.79,0.6716601210465403
2018-02-02T11:00:00.0,2018-02-02T17:00:00.0,17,37789.39,1.0,27477.695,45323.164,0.6413671173575858
2018-02-02T12:00:00.0,2018-02-02T18:00:00.0,18,36804.8,1.0,27347.512,44672.574,0.5844991624790624
2018-02-02T13:00:00.0,2018-02-02T19:00:00.0,19,36067.8,1.0,28009.758,43344.965,0.5471449188214075
2018-02-02T14:00:00.0,2018-02-02T20:00:00.0,20,35806.855,1.0,28367.746,43271.387,0.49841706102117106
2018-02-02T15:00:00.0,2018-02-02T21:00:00.0,21,36322.293,1.0,27949.242,44541.54,0.5086021252796418
2018-02-02T16:00:00.0,2018-02-02T22:00:00.0,22,38136.3,1.0,27731.3,45636.17,0.6470731636532492
2018-02-02T17:00:00.0,2018-02-02T23:00:00.0,23,39997.58,1.0,27624.38,45929.715,0.7934507906708067
2018-02-02T18:00:00.0,2018-02-03T00:00:00.0,0,40102.574,1.0,28151.428,46999.703,0.7335958508169816
2018-02-02T19:00:00.0,2018-02-03T01:00:00.0,1,39922.91,1.0,29551.988,45409.285,0.7631605283325071
2018-02-02T20:00:00.0,2018-02-03T02:00:00.0,2,39022.91,1.0,28093.242,43449.715,0.8376817805850069
2018-02-02T21:00:00.0,2018-02-03T03:00:00.0,3,37415.426,1.0,26436.58,40737.99,0.8934323504543868
2018-02-02T22:00:00.0,2018-02-03T04:00:00.0,4,35859.766,1.0,25022.17,38435.12,0.9239501449445976
2018-02-02T23:00:00.0,2018-02-03T05:00:00.0,5,34736.496,1.0,23093.93,38856.45,0.8664947271306107
2018-02-03T00:00:00.0,2018-02-03T06:00:00.0,6,34121.38,1.0,21099.854,40232.664,0.7996
2018-02-03T01:00:00.0,2018-02-03T07:00:00.0,7,33956.473,1.0,21186.607,40279.473,0.7838908270205615
2018-02-03T02:00:00.0,2018-02-03T08:00:00.0,8,34173.9,1.0,22306.611,41394.105,0.7144110686328056
2018-02-03T03:00:00.0,2018-02-03T09:00:00.0,9,34845.043,1.0,22154.227,40394.516,0.8187816301661751
2018-02-03T04:00:00.0,2018-02-03T10:00:00.0,10,36238.605,1.0,24641.334,43662.527,0.6951006682659359
2018-02-03T05:00:00.0,2018-02-03T11:00:00.0,11,38016.293,1.0,25657.8,44264.953,0.7775064300122225
2018-02-03T06:00:00.0,2018-02-03T12:00:00.0,12,39501.168,1.0,26629.951,45724.96,0.7909761601506258
2018-02-03T07:00:00.0,2018-02-03T13:00:00.0,13,40451.3,1.0,28486.541,46636.066,0.7706038684481621
2018-02-03T08:00:00.0,2018-02-03T14:00:00.0,14,40614.45,1.0,28649.559,47280.516,0.745872824953893
2018-02-03T09:00:00.0,2018-02-03T15:00:00.0,15,40084.785,1.0,28127.436,47675.754,0.698325900114208
2018-02-03T10:00:00.0,2018-02-03T16:00:00.0,16,39136.56,1.0,27764.309,46425.625,0.6946113944390104
2018-02-03T11:00:00.0,2018-02-03T17:00:00.0,17,37974.0,1.0,26913.076,45189.035,0.6877597822450104
2018-02-03T12:00:00.0,2018-02-03T18:00:00.0,18,36981.926,1.0,26349.408,43129.617,0.732930519356684
2018-02-03T13:00:00.0,2018-02-03T19:00:00.0,19,36290.965,1.0,25301.184,44047.62,0.6558564217918471
2018-02-03T14:00:00.0,2018-02-03T20:00:00.0,20,35855.934,1.0,26005.357,44350.99,0.5682347362536441
2018-02-03T15:00:00.0,2018-02-03T21:00:00.0,21,35838.44,1.0,26522.484,45583.65,0.4791099924196782
2018-02-03T16:00:00.0,2018-02-03T22:00:00.0,22,36852.918,1.0,27696.701,46791.527,0.4620322833654486
2018-02-03T17:00:00.0,2018-02-03T23:00:00.0,23,37870.484,1.0,26961.4,46568.3,0.6034723973466362
2018-02-03T18:00:00.0,2018-02-04T00:00:00.0,0,37394.633,1.0,28435.895,47464.074,0.4459968115942032
2018-02-03T19:00:00.0,2018-02-04T01:00:00.0,1,36678.47,1.0,27952.941,46545.062,0.44323741718580034
2018-02-03T20:00:00.0,2018-02-04T02:00:00.0,2,35484.613,1.0,25474.94,43965.168,0.576274206270952
2018-02-03T21:00:00.0,2018-02-04T03:00:00.0,3,33890.06,1.0,24587.992,42908.652,0.5143558592761323
2018-02-03T22:00:00.0,2018-02-04T04:00:00.0,4,32352.734,1.0,22904.379,38351.797,0.6982681534777242
2018-02-03T23:00:00.0,2018-02-04T05:00:00.0,5,31247.252,1.0,22101.855,39797.887,0.5311597655392912
2018-02-04T00:00:00.0,2018-02-04T06:00:00.0,6,30510.812,1.0,21495.143,41652.67,0.4030877472335785
2018-02-04T01:00:00.0,2018-02-04T07:00:00.0,7,30142.092,1.0,20640.436,40948.836,0.440580993246791
2018-02-04T02:00:00.0,2018-02-04T08:00:00.0,8,30107.906,1.0,20699.46,40934.58,0.43524558561330784
2018-02-04T03:00:00.0,2018-02-04T09:00:00.0,9,30536.928,1.0,21969.16,42007.99,0.36804717771494394
2018-02-04T04:00:00.0,2018-02-04T10:00:00.0,10,31392.844,1.0,23416.266,43659.914,0.3109939257372394
2018-02-04T05:00:00.0,2018-02-04T11:00:00.0,11,32623.893,1.0,25548.479,45816.92,0.24130193526041602
2018-02-04T06:00:00.0,2018-02-04T12:00:00.0,12,33751.86,1.0,27462.422,47796.156,0.1875114503816794
2018-02-04T07:00:00.0,2018-02-04T13:00:00.0,13,34679.2,1.0,28400.65,48582.9,0.1897246063827822
2018-02-04T08:00:00.0,2018-02-04T14:00:00.0,14,34767.973,1.0,28926.172,48231.9,0.1792001614956986
2018-02-04T09:00:00.0,2018-02-04T15:00:00.0,15,34252.05,1.0,28306.805,47587.023,0.1863310705498951
2018-02-04T10:00:00.0,2018-02-04T16:00:00.0,16,33960.137,1.0,27653.662,47005.188,0.20896089614425764
2018-02-04T11:00:00.0,2018-02-04T17:00:00.0,17,33855.617,1.0,26595.75,45988.574,0.27942260894623905
2018-02-04T12:00:00.0,2018-02-04T18:00:00.0,18,33829.332,1.0,25669.041,44964.49,0.3599238779174149
2018-02-04T13:00:00.0,2018-02-04T19:00:00.0,19,33895.355,1.0,25005.604,44272.69,0.42873030592643785
2018-02-04T14:00:00.0,2018-02-04T20:00:00.0,20,34137.758,1.0,24569.379,43850.63,0.4930457131306133
2018-02-04T15:00:00.0,2018-02-04T21:00:00.0,21,34571.297,1.0,24741.975,44001.707,0.519214827084758
2018-02-04T16:00:00.0,2018-02-04T22:00:00.0,22,35225.668,1.0,25770.143,45206.113,0.47495310712924116
2018-02-04T17:00:00.0,2018-02-04T23:00:00.0,23,36510.55,1.0,26906.06,45960.17,0.5075424446977007
2018-02-04T18:00:00.0,2018-02-05T00:00:00.0,0,36747.55,1.0,27652.814,46490.12,0.4681180616221209
2018-02-04T19:00:00.0,2018-02-05T01:00:00.0,1,36478.62,1.0,26905.285,46228.117,0.4915396732396536
2018-02-04T20:00:00.0,2018-02-05T02:00:00.0,2,36497.316,1.0,25670.154,45859.92,0.5669998185776487
2018-02-04T21:00:00.0,2018-02-05T03:00:00.0,3,35110.812,1.0,24724.447,44223.004,0.5604134692152346
2018-02-04T22:00:00.0,2018-02-05T04:00:00.0,4,33700.215,1.0,23829.264,42994.598,0.5278962274181538
2018-02-04T23:00:00.0,2018-02-05T05:00:00.0,5,33159.137,1.0,22136.072,41482.03,0.6272856022470272
2018-02-05T00:00:00.0,2018-02-05T06:00:00.0,6,33252.574,1.0,19460.654,37221.82,0.9008474996239039
2018-02-05T01:00:00.0,2018-02-05T07:00:00.0,7,33736.98,1.0,20155.564,38375.4,0.8731833946400422
2018-02-05T02:00:00.0,2018-02-05T08:00:00.0,8,34767.31,1.0,20886.25,39561.76,0.871131355801864
2018-02-05T03:00:00.0,2018-02-05T09:00:00.0,9,36907.7,1.0,24207.316,41221.633,0.8741728986950722
2018-02-05T04:00:00.0,2018-02-05T10:00:00.0,10,40736.133,1.0,27282.99,44901.4,0.8899709488505072
2018-02-05T05:00:00.0,2018-02-05T11:00:00.0,11,44627.516,1.0,27662.77,47005.746,0.9602774604090175
2018-02-05T06:00:00.0,2018-02-05T12:00:00.0,12,45074.63,1.0,28002.445,47641.375,0.956935630099728
2018-02-05T07:00:00.0,2018-02-05T13:00:00.0,13,44340.13,1.0,29462.305,48196.35,0.9143349306684481
2018-02-05T08:00:00.0,2018-02-05T14:00:00.0,14,43806.215,1.0,30228.684,49465.94,0.8308262453705649
2018-02-05T09:00:00.0,2018-02-05T15:00:00.0,15,43340.95,1.0,28183.123,48173.4,0.88516455330371
2018-02-05T10:00:00.0,2018-02-05T16:00:00.0,16,42647.78,1.0,28782.477,47786.78,0.8572386015608874
2018-02-05T11:00:00.0,2018-02-05T17:00:00.0,17,41768.77,1.0,26646.674,46698.156,0.8814665166010128
2018-02-05T12:00:00.0,2018-02-05T18:00:00.0,18,40895.13,1.0,25573.408,45714.105,0.887398191059279
2018-02-05T13:00:00.0,2018-02-05T19:00:00.0,19,39948.152,1.0,25648.252,44941.844,0.8690700912321843
2018-02-05T14:00:00.0,2018-02-05T20:00:00.0,20,39530.293,1.0,25699.92,44643.008,0.8577833557197222
2018-02-05T15:00:00.0,2018-02-05T21:00:00.0,21,39735.44,1.0,26153.916,45071.816,0.8446346751040021
2018-02-05T16:00:00.0,2018-02-05T22:00:00.0,22,41133.45,1.0,26559.125,45207.633,0.9047819179421481
2018-02-05T17:00:00.0,2018-02-05T23:00:00.0,23,42695.363,1.0,26239.553,45808.3,0.9434899490059863
2018-02-05T18:00:00.0,2018-02-06T00:00:00.0,0,42498.63,1.0,26957.031,46329.69,0.920166407433318
2018-02-05T19:00:00.0,2018-02-06T01:00:00.0,1,41590.062,1.0,25611.61,45115.105,0.9312196831034837
2018-02-05T20:00:00.0,2018-02-06T02:00:00.0,2,39603.95,1.0,25642.584,42155.43,0.945846269819176
2018-02-05T21:00:00.0,2018-02-06T03:00:00.0,3,37021.91,1.0,23553.475,40314.21,0.9210392689475421
2018-02-05T22:00:00.0,2018-02-06T04:00:00.0,4,34997.688,1.0,23484.576,39489.387,0.8462240813330196
2018-02-05T23:00:00.0,2018-02-06T05:00:00.0,5,33946.207,1.0,21307.625,38467.55,0.8643678641210952
2018-02-06T00:00:00.0,2018-02-06T06:00:00.0,6,33532.996,1.0,22442.652,42513.14,0.5966062620726834
2018-02-06T01:00:00.0,2018-02-06T07:00:00.0,7,33507.12,1.0,22955.24,41439.92,0.6291524533992539
2018-02-06T02:00:00.0,2018-02-06T08:00:00.0,8,33828.195,1.0,23314.969,43550.055,0.5362431469298246
2018-02-06T03:00:00.0,2018-02-06T09:00:00.0,9,35243.047,1.0,25589.336,45269.89,0.4824105594511044
2018-02-06T04:00:00.0,2018-02-06T10:00:00.0,10,38414.82,1.0,26616.836,46852.496,0.6503650933486936
2018-02-06T05:00:00.0,2018-02-06T11:00:00.0,11,41755.543,1.0,28711.17,48999.992,0.7469621530078784
2018-02-06T06:00:00.0,2018-02-06T12:00:00.0,12,41736.152,1.0,30418.385,50605.176,0.6110996387983441
2018-02-06T07:00:00.0,2018-02-06T13:00:00.0,13,41560.957,1.0,31623.416,51806.227,0.4858537504365248
2018-02-06T08:00:00.0,2018-02-06T14:00:00.0,14,41873.715,1.0,31992.812,52317.66,0.47431001011675267
2018-02-06T09:00:00.0,2018-02-06T15:00:00.0,15,41932.914,1.0,32668.436,52936.812,0.4208805591537131
2018-02-06T10:00:00.0,2018-02-06T16:00:00.0,16,41744.906,1.0,31954.574,52243.418,0.4676429417661538
2018-02-06T11:00:00.0,2018-02-06T17:00:00.0,17,41721.324,1.0,32362.807,52219.64,0.44688904936488555
2018-02-06T12:00:00.0,2018-02-06T18:00:00.0,18,41772.84,1.0,30930.777,50994.508,0.5745090234992635
2018-02-06T13:00:00.0,2018-02-06T19:00:00.0,19,41899.098,1.0,30028.887,50154.184,0.6619746494294013
2018-02-06T14:00:00.0,2018-02-06T20:00:00.0,20,42464.418,1.0,29074.604,49338.785,0.7727388714841463
2018-02-06T15:00:00.0,2018-02-06T21:00:00.0,21,43603.363,1.0,29244.922,49619.72,0.8295657163708272
2018-02-06T16:00:00.0,2018-02-06T22:00:00.0,22,45414.535,1.0,29886.291,50081.457,0.8944751452928469
2018-02-06T17:00:00.0,2018-02-06T23:00:00.0,23,46686.453,1.0,30109.773,50190.305,0.934900814954324
2018-02-06T18:00:00.0,2018-02-07T00:00:00.0,0,46552.25,1.0,30393.178,50587.75,0.9186821036191104
2018-02-06T19:00:00.0,2018-02-07T01:00:00.0,1,45597.668,1.0,29433.709,49722.137,0.9161785229108206
2018-02-06T20:00:00.0,2018-02-07T02:00:00.0,2,43646.832,1.0,28588.473,48400.793,0.8867805135869071
2018-02-06T21:00:00.0,2018-02-07T03:00:00.0,3,41096.223,1.0,27530.742,47782.145,0.7852838636058531
2018-02-06T22:00:00.0,2018-02-07T04:00:00.0,4,39169.22,1.0,26207.67,46328.715,0.7488216863176029
2018-02-06T23:00:00.0,2018-02-07T05:00:00.0,5,38075.46,1.0,24577.115,44771.523,0.7833345898064136
2018-02-07T00:00:00.0,2018-02-07T06:00:00.0,6,37701.035,1.0,24365.895,43267.434,0.8304937472126683
2018-02-07T01:00:00.0,2018-02-07T07:00:00.0,7,37765.586,1.0,22833.586,43065.535,0.8659062593590897
2018-02-07T02:00:00.0,2018-02-07T08:00:00.0,8,38351.203,1.0,24240.229,43629.04,0.8553325641670586
2018-02-07T03:00:00.0,2018-02-07T09:00:00.0,9,40269.074,1.0,26450.402,45592.574,0.8490433946749744
2018-02-07T04:00:00.0,2018-02-07T10:00:00.0,10,44133.582,1.0,28630.342,47668.594,0.9281117580993522
2018-02-07T05:00:00.0,2018-02-07T11:00:00.0,11,48236.92,1.0,31478.096,50562.88,0.9606620771842513
2018-02-07T06:00:00.0,2018-02-07T12:00:00.0,12,48837.61,1.0,33899.8,52880.57,0.9090802570344976
2018-02-07T07:00:00.0,2018-02-07T13:00:00.0,13,48942.965,1.0,34492.906,53462.277,0.8883216107663608
2018-02-07T08:00:00.0,2018-02-07T14:00:00.0,14,48634.895,1.0,35689.16,54992.453,0.7863645390270695
2018-02-07T09:00:00.0,2018-02-07T15:00:00.0,15,47892.746,1.0,35800.906,54253.984,0.7649607592484989
2018-02-07T10:00:00.0,2018-02-07T16:00:00.0,16,46706.594,1.0,33462.426,52730.76,0.8082921844941321
2018-02-07T11:00:00.0,2018-02-07T17:00:00.0,17,45416.33,1.0,32003.75,51446.86,0.8114300859635454
2018-02-07T12:00:00.0,2018-02-07T18:00:00.0,18,44301.94,1.0,30566.73,49973.47,0.8330909837382413
2018-02-07T13:00:00.0,2018-02-07T19:00:00.0,19,43506.793,1.0,29751.213,49845.875,0.804681627859477
2018-02-07T14:00:00.0,2018-02-07T20:00:00.0,20,43429.707,1.0,28309.064,48556.957,0.874482551541517
2018-02-07T15:00:00.0,2018-02-07T21:00:00.0,21,44104.613,1.0,28051.504,48397.594,0.9106038335591087
2018-02-07T16:00:00.0,2018-02-07T22:00:00.0,22,46187.94,1.0,29235.16,49410.035,0.9431638504864313
2018-02-07T17:00:00.0,2018-02-07T23:00:00.0,23,48387.676,1.0,30446.16,50502.395,0.9665395148809311
2018-02-07T18:00:00.0,2018-02-08T00:00:00.0,0,48610.48,1.0,31199.04,51365.055,0.9543427067823252
2018-02-07T19:00:00.0,2018-02-08T01:00:00.0,1,48103.53,1.0,30139.158,50398.86,0.963730186747626
2018-02-07T20:00:00.0,2018-02-08T02:00:00.0,2,46352.855,1.0,30076.625,50262.895,0.9228363350737562
2018-02-07T21:00:00.0,2018-02-08T03:00:00.0,3,43952.777,1.0,28264.887,48487.65,0.9002447052422958
2018-02-07T22:00:00.0,2018-02-08T04:00:00.0,4,42210.527,1.0,27270.44,47359.098,0.8715446499635405
2018-02-07T23:00:00.0,2018-02-08T05:00:00.0,5,41492.973,1.0,25659.219,45833.293,0.9073980740613775
2018-02-08T00:00:00.0,2018-02-08T06:00:00.0,6,41451.812,1.0,28049.43,47729.043,0.8001792348302158
2018-02-08T01:00:00.0,2018-02-08T07:00:00.0,7,41771.152,1.0,24663.49,44879.12,0.946246148343085
2018-02-08T02:00:00.0,2018-02-08T08:00:00.0,8,42619.043,1.0,27447.416,47191.234,0.8940651499837253
2018-02-08T03:00:00.0,2018-02-08T09:00:00.0,9,44657.01,1.0,27511.469,47586.152,0.9502465020837486
2018-02-08T04:00:00.0,2018-02-08T10:00:00.0,10,48637.0,0.0,27846.582,48041.477,1.0
2018-02-08T05:00:00.0,2018-02-08T11:00:00.0,11,52574.188,0.0,28764.654,48799.953,1.0
2018-02-08T06:00:00.0,2018-02-08T12:00:00.0,12,51736.0,0.0,31024.996,50396.777,1.0
2018-02-08T07:00:00.0,2018-02-08T13:00:00.0,13,49247.31,1.0,33072.676,53210.785,0.9207857819595543
2018-02-08T08:00:00.0,2018-02-08T14:00:00.0,14,46573.33,1.0,31955.91,51867.527,0.8619420085511267
2018-02-08T09:00:00.0,2018-02-08T15:00:00.0,15,43970.406,1.0,30725.672,50873.098,0.7679856804280264
2018-02-08T10:00:00.0,2018-02-08T16:00:00.0,16,41640.117,1.0,31260.32,51238.574,0.5362440536788524
2018-02-08T11:00:00.0,2018-02-08T17:00:00.0,17,39736.473,1.0,30289.775,50702.168,0.4312823779574183
2018-02-08T12:00:00.0,2018-02-08T18:00:00.0,18,38299.785,1.0,28709.742,48896.113,0.45384225336671125
2018-02-08T13:00:00.0,2018-02-08T19:00:00.0,19,37387.97,1.0,27257.814,46780.746,0.5350056825715532
2018-02-08T14:00:00.0,2018-02-08T20:00:00.0,20,37149.652,1.0,27083.527,47238.52,0.4989528790990212
2018-02-08T15:00:00.0,2018-02-08T21:00:00.0,21,37607.695,1.0,27716.441,48046.117,0.4750390916877768
2018-02-08T16:00:00.0,2018-02-08T22:00:00.0,22,39312.176,1.0,27512.559,47101.28,0.6830505471511861
2018-02-08T17:00:00.0,2018-02-08T23:00:00.0,23,41431.12,1.0,29390.732,49053.742,0.6993938188418412
2018-02-08T18:00:00.0,2018-02-09T00:00:00.0,0,41865.656,1.0,29960.34,49766.895,0.6809214478822474
2018-02-08T19:00:00.0,2018-02-09T01:00:00.0,1,41512.63,1.0,29394.318,49641.746,0.6766328134045685
2018-02-08T20:00:00.0,2018-02-09T02:00:00.0,2,40041.94,1.0,29835.506,49572.59,0.5317417046071988
2018-02-08T21:00:00.0,2018-02-09T03:00:00.0,3,37747.098,1.0,27711.559,47184.64,0.5284749148608284
2018-02-08T22:00:00.0,2018-02-09T04:00:00.0,4,35852.426,1.0,26647.322,46184.164,0.4466443963489224
2018-02-08T23:00:00.0,2018-02-09T05:00:00.0,5,34592.7,1.0,24465.107,44614.902,0.5048536428110892
2018-02-09T00:00:00.0,2018-02-09T06:00:00.0,6,34061.504,1.0,28479.758,47207.367,0.17374964782419394
2018-02-09T01:00:00.0,2018-02-09T07:00:00.0,7,33827.54,1.0,26428.053,44936.89,0.32050842704252896
2018-02-09T02:00:00.0,2018-02-09T08:00:00.0,8,34006.88,1.0,24132.172,43402.605,0.5230537264364059
2018-02-09T03:00:00.0,2018-02-09T09:00:00.0,9,35253.66,1.0,24386.598,43494.6,0.6254004745681342
2018-02-09T04:00:00.0,2018-02-09T10:00:00.0,10,38205.457,1.0,28881.11,47159.137,0.5188134354863261
2018-02-09T05:00:00.0,2018-02-09T11:00:00.0,11,41371.527,1.0,29397.547,47626.074,0.7672574193750786
2018-02-09T06:00:00.0,2018-02-09T12:00:00.0,12,40959.58,1.0,27747.996,46972.09,0.8081471844141983
2018-02-09T07:00:00.0,2018-02-09T13:00:00.0,13,40152.13,1.0,28797.352,48494.715,0.638983282580324
2018-02-09T08:00:00.0,2018-02-09T14:00:00.0,14,39382.207,1.0,29189.582,48820.18,0.5356276077722211
2018-02-09T09:00:00.0,2018-02-09T15:00:00.0,15,38690.36,1.0,30137.965,50216.387,0.3652337734731562
2018-02-09T10:00:00.0,2018-02-09T16:00:00.0,16,37862.348,1.0,28324.344,47634.523,0.48874728652386884
2018-02-09T11:00:00.0,2018-02-09T17:00:00.0,17,37032.465,1.0,28090.367,48091.285,0.4027698840584934
2018-02-09T12:00:00.0,2018-02-09T18:00:00.0,18,36322.426,1.0,27348.633,46860.34,0.4260371893104091
2018-02-09T13:00:00.0,2018-02-09T19:00:00.0,19,35784.49,1.0,26351.543,45467.957,0.4878402188888671
2018-02-09T14:00:00.0,2018-02-09T20:00:00.0,20,35549.863,1.0,26034.54,44836.496,0.5112863287492845
2018-02-09T15:00:00.0,2018-02-09T21:00:00.0,21,35664.637,1.0,25542.207,44873.406,0.5437726110517481
2018-02-09T16:00:00.0,2018-02-09T22:00:00.0,22,36568.09,1.0,26383.887,45863.465,0.5422652692172957
2018-02-09T17:00:00.0,2018-02-09T23:00:00.0,23,37656.645,1.0,26900.531,46535.477,0.5880023094688221
2018-02-09T18:00:00.0,2018-02-10T00:00:00.0,0,37210.617,1.0,28388.584,47962.34,0.40930253981999215
2018-02-09T19:00:00.0,2018-02-10T01:00:00.0,1,36407.73,1.0,27541.004,46896.055,0.42273831951770924
2018-02-09T20:00:00.0,2018-02-10T02:00:00.0,2,35278.902,1.0,26594.615,45596.94,0.42073755313126715
2018-02-09T21:00:00.0,2018-02-10T03:00:00.0,3,33413.527,1.0,27507.852,46657.09,0.18638430462158986
2018-02-09T22:00:00.0,2018-02-10T04:00:00.0,4,31590.314,1.0,23885.24,43804.742,0.2992287049721976
2018-02-09T23:00:00.0,2018-02-10T05:00:00.0,5,30278.969,1.0,22929.787,42406.496,0.28410889804392264
2018-02-10T00:00:00.0,2018-02-10T06:00:00.0,6,29473.438,1.0,22262.56,40173.2,0.3252330288609866
2018-02-10T01:00:00.0,2018-02-10T07:00:00.0,7,29149.025,1.0,20907.207,38648.4,0.4345166818069206
2018-02-10T02:00:00.0,2018-02-10T08:00:00.0,8,29184.264,1.0,21000.322,40120.5,0.36886569839759986
2018-02-10T03:00:00.0,2018-02-10T09:00:00.0,9,29581.156,1.0,22146.578,41612.156,0.2914015932443799
2018-02-10T04:00:00.0,2018-02-10T10:00:00.0,10,30877.562,1.0,24406.139,42852.684,0.24383964036819458
2018-02-10T05:00:00.0,2018-02-10T11:00:00.0,11,32990.637,1.0,25999.734,43984.46,0.30231763895684993
2018-02-10T06:00:00.0,2018-02-10T12:00:00.0,12,34914.113,1.0,29136.195,47234.594,0.20018396798270602
2018-02-10T07:00:00.0,2018-02-10T13:00:00.0,13,37112.383,1.0,30898.443,49184.38,0.22807515641690834
2018-02-10T08:00:00.0,2018-02-10T14:00:00.0,14,38981.58,1.0,31495.793,48385.72,0.39581141281289794
2018-02-10T09:00:00.0,2018-02-10T15:00:00.0,15,39965.473,1.0,31923.324,51210.39,0.34963587077278574
2018-02-10T10:00:00.0,2018-02-10T16:00:00.0,16,40485.715,1.0,31048.28,49911.26,0.500584930536424
2018-02-10T11:00:00.0,2018-02-10T17:00:00.0,17,40440.77,1.0,28881.066,48825.99,0.6443961197425896
2018-02-10T12:00:00.0,2018-02-10T18:00:00.0,18,40395.656,1.0,28714.393,47817.53,0.6980038219060052
2018-02-10T13:00:00.0,2018-02-10T19:00:00.0,19,40419.184,1.0,29046.041,47456.797,0.7080831974610042
2018-02-10T14:00:00.0,2018-02-10T20:00:00.0,20,40679.855,1.0,29130.664,47797.133,0.7096383822226814
2018-02-10T15:00:00.0,2018-02-10T21:00:00.0,21,41198.0,1.0,29563.812,48690.336,0.6927742512674135
2018-02-10T16:00:00.0,2018-02-10T22:00:00.0,22,42283.555,1.0,30163.676,49089.543,0.7431570181393368
2018-02-10T17:00:00.0,2018-02-10T23:00:00.0,23,43541.035,1.0,29671.36,47812.637,0.8907781656824043
2018-02-10T18:00:00.0,2018-02-11T00:00:00.0,0,43419.934,1.0,31195.049,51041.8,0.7052250926090684
2018-02-10T19:00:00.0,2018-02-11T01:00:00.0,1,42902.434,1.0,32735.098,51963.305,0.5532422793766136
2018-02-10T20:00:00.0,2018-02-11T02:00:00.0,2,41930.734,1.0,29446.002,48705.934,0.7547613768385563
2018-02-10T21:00:00.0,2018-02-11T03:00:00.0,3,40665.67,1.0,29927.916,49216.086,0.6040306686357005
2018-02-10T22:00:00.0,2018-02-11T04:00:00.0,4,39542.52,1.0,28913.596,48442.16,0.5816014971950808
2018-02-10T23:00:00.0,2018-02-11T05:00:00.0,5,38841.797,1.0,24541.871,42650.277,0.9110974888745076
2018-02-11T00:00:00.0,2018-02-11T06:00:00.0,6,38484.152,1.0,24603.436,41304.312,0.9382155706364549
2018-02-11T01:00:00.0,2018-02-11T07:00:00.0,7,38750.03,1.0,25548.531,40845.453,0.9541719619829343
2018-02-11T02:00:00.0,2018-02-11T08:00:00.0,8,39439.95,1.0,24559.58,43993.906,0.8917402711545823
2018-02-11T03:00:00.0,2018-02-11T09:00:00.0,9,40412.17,1.0,24896.244,45420.832,0.8830951825934737
2018-02-11T04:00:00.0,2018-02-11T10:00:00.0,10,41927.793,1.0,30352.387,50045.65,0.6585168259605505
2018-02-11T05:00:00.0,2018-02-11T11:00:00.0,11,43894.0,1.0,31689.963,51734.84,0.6936878048780489
2018-02-11T06:00:00.0,2018-02-11T12:00:00.0,12,45740.793,1.0,34125.1,54635.22,0.6212045280551898
2018-02-11T07:00:00.0,2018-02-11T13:00:00.0,13,47973.637,1.0,36079.945,54373.562,0.7575872627556326
2018-02-11T08:00:00.0,2018-02-11T14:00:00.0,14,49553.973,1.0,36113.25,54570.402,0.8557806127724101
2018-02-11T09:00:00.0,2018-02-11T15:00:00.0,15,50215.2,1.0,36070.035,55301.43,0.8633653836055243
2018-02-11T10:00:00.0,2018-02-11T16:00:00.0,16,49874.637,1.0,34020.45,53579.207,0.9256592831794408
2018-02-11T11:00:00.0,2018-02-11T17:00:00.0,17,48764.37,1.0,33996.086,53621.367,0.8799753634500929
2018-02-11T12:00:00.0,2018-02-11T18:00:00.0,18,47512.688,1.0,37067.53,52528.21,0.7930024366263413
2018-02-11T13:00:00.0,2018-02-11T19:00:00.0,19,46340.223,1.0,30525.432,47650.316,0.9751812091079746
2018-02-11T14:00:00.0,2018-02-11T20:00:00.0,20,45806.22,1.0,30116.727,49111.54,0.9351826639789115
2018-02-11T15:00:00.0,2018-02-11T21:00:00.0,21,46219.06,1.0,30840.355,48891.47,0.949187091900677
2018-02-11T16:00:00.0,2018-02-11T22:00:00.0,22,47956.184,1.0,33362.664,50812.957,0.9410973508953678
2018-02-11T17:00:00.0,2018-02-11T23:00:00.0,23,50185.043,1.0,33539.64,51716.895,0.9730908673839368
2018-02-11T18:00:00.0,2018-02-12T00:00:00.0,0,50661.145,1.0,31999.266,51797.508,0.9802034969930205
2018-02-11T19:00:00.0,2018-02-12T01:00:00.0,1,50322.69,1.0,32628.586,52179.6,0.9702110978408635
2018-02-11T20:00:00.0,2018-02-12T02:00:00.0,2,48887.062,1.0,32344.434,52346.914,0.9357956024667653
2018-02-11T21:00:00.0,2018-02-12T03:00:00.0,3,46578.64,1.0,29830.883,49460.316,0.9498291509118705
2018-02-11T22:00:00.0,2018-02-12T04:00:00.0,4,44789.31,1.0,29169.46,46849.07,0.9625824349198001
2018-02-11T23:00:00.0,2018-02-12T05:00:00.0,5,44084.125,1.0,29290.615,44413.316,0.9862846559544756
2018-02-12T00:00:00.0,2018-02-12T06:00:00.0,6,44011.902,1.0,27163.688,47382.82,0.9394784040089152
2018-02-12T01:00:00.0,2018-02-12T07:00:00.0,7,44429.66,1.0,28944.486,48659.37,0.9078690759498215
2018-02-12T02:00:00.0,2018-02-12T08:00:00.0,8,45333.793,1.0,32779.605,51979.473,0.7629499542059762
2018-02-12T03:00:00.0,2018-02-12T09:00:00.0,9,47386.785,1.0,34296.656,53835.047,0.7854410291375619
2018-02-12T04:00:00.0,2018-02-12T10:00:00.0,10,51285.066,1.0,33965.42,53826.66,0.9581354795439302
2018-02-12T05:00:00.0,2018-02-12T11:00:00.0,11,55218.84,0.0,32059.756,51559.105,1.0
2018-02-12T06:00:00.0,2018-02-12T12:00:00.0,12,54755.707,0.0,34814.875,53813.086,1.0
2018-02-12T07:00:00.0,2018-02-12T13:00:00.0,13,53505.777,1.0,36834.527,57084.773,0.9335762658614493
2018-02-12T08:00:00.0,2018-02-12T14:00:00.0,14,52318.53,1.0,36646.395,56526.39,0.910122630180852
2018-02-12T09:00:00.0,2018-02-12T15:00:00.0,15,50868.625,1.0,35358.746,54169.273,0.9343246586496305
2018-02-12T10:00:00.0,2018-02-12T16:00:00.0,16,48723.875,1.0,35898.418,55601.8,0.7587155125702367
2018-02-12T11:00:00.0,2018-02-12T17:00:00.0,17,46400.047,1.0,34695.85,53935.715,0.6928645723046171
2018-02-12T12:00:00.0,2018-02-12T18:00:00.0,18,44551.44,1.0,33066.082,53220.42,0.6274336035294737
2018-02-12T13:00:00.0,2018-02-12T19:00:00.0,19,43003.887,1.0,32108.658,52513.516,0.562756116825534
2018-02-12T14:00:00.0,2018-02-12T20:00:00.0,20,42349.125,1.0,31105.04,51382.406,0.6001117589893099
2018-02-12T15:00:00.0,2018-02-12T21:00:00.0,21,42947.957,1.0,31079.928,51295.35,0.6573045093018132
2018-02-12T16:00:00.0,2018-02-12T22:00:00.0,22,45280.26,1.0,31363.678,51468.133,0.8143813076723532
2018-02-12T17:00:00.0,2018-02-12T23:00:00.0,23,47997.285,1.0,31216.637,51187.73,0.94314069870893
2018-02-12T18:00:00.0,2018-02-13T00:00:00.0,0,48389.55,1.0,32005.195,51583.105,0.9414015259442177
2018-02-12T19:00:00.0,2018-02-13T01:00:00.0,1,47909.906,1.0,30879.102,50959.91,0.9472039014252241
2018-02-12T20:00:00.0,2018-02-13T02:00:00.0,2,45964.066,1.0,30047.182,50214.117,0.9107879331372409
2018-02-12T21:00:00.0,2018-02-13T03:00:00.0,3,43180.816,1.0,27795.023,47802.81,0.8945438639494881
2018-02-12T22:00:00.0,2018-02-13T04:00:00.0,4,40901.887,1.0,26450.4,46597.703,0.8439386453788728
2018-02-12T23:00:00.0,2018-02-13T05:00:00.0,5,39650.56,1.0,24904.832,45177.96,0.8548700463335807
2018-02-13T00:00:00.0,2018-02-13T06:00:00.0,6,39052.69,1.0,25198.113,45173.074,0.8160990923784658
2018-02-13T01:00:00.0,2018-02-13T07:00:00.0,7,38874.32,1.0,24880.043,44567.125,0.83664848378204
2018-02-13T02:00:00.0,2018-02-13T08:00:00.0,8,39232.93,1.0,25797.123,45545.15,0.7993035085605664
2018-02-13T03:00:00.0,2018-02-13T09:00:00.0,9,40751.215,1.0,25823.742,45917.18,0.8707740653559888
2018-02-13T04:00:00.0,2018-02-13T10:00:00.0,10,44043.547,1.0,27549.168,47864.375,0.9265342863249801
2018-02-13T05:00:00.0,2018-02-13T11:00:00.0,11,47514.574,1.0,29534.467,49542.957,0.9679926186071866
2018-02-13T06:00:00.0,2018-02-13T12:00:00.0,12,47203.453,1.0,31538.021,51862.0,0.8960619916373698
2018-02-13T07:00:00.0,2018-02-13T13:00:00.0,13,46709.652,1.0,31793.535,52039.676,0.8645916341616705
2018-02-13T08:00:00.0,2018-02-13T14:00:00.0,14,46360.78,1.0,34957.74,53603.723,0.6981191606142441
2018-02-13T09:00:00.0,2018-02-13T15:00:00.0,15,45888.965,1.0,33789.516,53337.99,0.7100120388475024
2018-02-13T10:00:00.0,2018-02-13T16:00:00.0,16,45104.28,1.0,31681.723,51053.32,0.8152317948717951
2018-02-13T11:00:00.0,2018-02-13T17:00:00.0,17,44137.94,1.0,30534.055,49900.66,0.8268370246992318
2018-02-13T12:00:00.0,2018-02-13T18:00:00.0,18,43216.246,1.0,28403.549,48327.242,0.871318455298618
2018-02-13T13:00:00.0,2018-02-13T19:00:00.0,19,42406.527,1.0,27218.346,47623.207,0.8721514069472273
2018-02-13T14:00:00.0,2018-02-13T20:00:00.0,20,42378.145,1.0,26666.176,46935.316,0.8997668374328338
2018-02-13T15:00:00.0,2018-02-13T21:00:00.0,21,43013.63,1.0,26787.232,46737.34,0.927472587267301
2018-02-13T16:00:00.0,2018-02-13T22:00:00.0,22,44661.98,1.0,27221.803,47561.06,0.9517307908456611
2018-02-13T17:00:00.0,2018-02-13T23:00:00.0,23,45828.062,1.0,27718.057,47914.36,0.9673042334272364
2018-02-13T18:00:00.0,2018-02-14T00:00:00.0,0,45585.332,1.0,28164.46,48422.125,0.9528300588772737
2018-02-13T19:00:00.0,2018-02-14T01:00:00.0,1,44544.33,1.0,28181.668,48262.477,0.9284540483515331
2018-02-13T20:00:00.0,2018-02-14T02:00:00.0,2,42489.08,1.0,27273.594,47432.344,0.8820260261336056
2018-02-13T21:00:00.0,2018-02-14T03:00:00.0,3,39625.418,1.0,26182.176,46185.938,0.7882496602337591
2018-02-13T22:00:00.0,2018-02-14T04:00:00.0,4,37318.504,1.0,24699.877,44843.086,0.7218258604479109
2018-02-13T23:00:00.0,2018-02-14T05:00:00.0,5,35913.55,1.0,22460.506,42478.457,0.7882676128068452
2018-02-14T00:00:00.0,2018-02-14T06:00:00.0,6,35122.8,1.0,23954.875,44103.16,0.5997024209066096
2018-02-14T01:00:00.0,2018-02-14T07:00:00.0,7,34737.855,1.0,23421.207,43695.285,0.6066846923267242
2018-02-14T02:00:00.0,2018-02-14T08:00:00.0,8,35006.88,1.0,25009.996,45400.76,0.4819375966524148
2018-02-14T03:00:00.0,2018-02-14T09:00:00.0,9,36328.14,1.0,27741.82,46319.36,0.43017645377206915
2018-02-14T04:00:00.0,2018-02-14T10:00:00.0,10,39483.41,1.0,26574.53,46671.14,0.7460764781968751
2018-02-14T05:00:00.0,2018-02-14T11:00:00.0,11,42516.76,1.0,28933.377,48744.746,0.8060883076524668
2018-02-14T06:00:00.0,2018-02-14T12:00:00.0,12,41757.234,1.0,30564.87,50062.383,0.6347491299824197
2018-02-14T07:00:00.0,2018-02-14T13:00:00.0,13,40947.582,1.0,31448.81,51127.76,0.46790067083826625
2018-02-14T08:00:00.0,2018-02-14T14:00:00.0,14,40426.45,1.0,32300.285,50792.016,0.389079604143224
2018-02-14T09:00:00.0,2018-02-14T15:00:00.0,15,39695.742,1.0,30969.959,48857.95,0.47737086284743807
2018-02-14T10:00:00.0,2018-02-14T16:00:00.0,16,38561.742,1.0,30184.693,50431.76,0.34409979850657807
2018-02-14T11:00:00.0,2018-02-14T17:00:00.0,17,37491.55,1.0,29770.082,49592.97,0.3036369615258143
2018-02-14T12:00:00.0,2018-02-14T18:00:00.0,18,36966.598,1.0,29955.424,47936.902,0.30426934928403104
2018-02-14T13:00:00.0,2018-02-14T19:00:00.0,19,36614.406,1.0,28460.414,47396.727,0.3733975869939909
2018-02-14T14:00:00.0,2018-02-14T20:00:00.0,20,36628.2,1.0,28207.244,46742.098,0.4158712947830935
2018-02-14T15:00:00.0,2018-02-14T21:00:00.0,21,36773.184,1.0,28048.363,46777.695,0.436859042683225
2018-02-14T16:00:00.0,2018-02-14T22:00:00.0,22,37030.473,1.0,28219.889,48076.938,0.3966898524051821
2018-02-14T17:00:00.0,2018-02-14T23:00:00.0,23,38567.293,1.0,29327.826,48483.04,0.4672728325707997
2018-02-14T18:00:00.0,2018-02-15T00:00:00.0,0,38365.54,1.0,29417.8,49561.805,0.397564519858421
2018-02-14T19:00:00.0,2018-02-15T01:00:00.0,1,37595.887,1.0,29145.623,49173.65,0.35820754309040165
2018-02-14T20:00:00.0,2018-02-15T02:00:00.0,2,35835.06,1.0,27297.69,47606.3,0.355540108320184
2018-02-14T21:00:00.0,2018-02-15T03:00:00.0,3,33447.027,1.0,26372.264,46315.047,0.24959143712047901
2018-02-14T22:00:00.0,2018-02-15T04:00:00.0,4,31130.68,1.0,24234.48,44520.7,0.2282485401635567
2018-02-14T23:00:00.0,2018-02-15T05:00:00.0,5,29623.967,1.0,23133.73,43094.043,0.2079915237401498
2018-02-15T00:00:00.0,2018-02-15T06:00:00.0,6,28786.35,1.0,22483.14,40630.176,0.23877905053019657
2018-02-15T01:00:00.0,2018-02-15T07:00:00.0,7,28374.805,1.0,21314.215,40638.668,0.2655536454965541
2018-02-15T02:00:00.0,2018-02-15T08:00:00.0,8,28443.814,1.0,22095.121,40535.758,0.23439904796607394
2018-02-15T03:00:00.0,2018-02-15T09:00:00.0,9,29403.828,1.0,22744.29,41669.85,0.24539036358718763
2018-02-15T04:00:00.0,2018-02-15T10:00:00.0,10,32188.643,1.0,23985.709,43251.293,0.3649401811811267
2018-02-15T05:00:00.0,2018-02-15T11:00:00.0,11,35463.71,1.0,25473.861,44785.73,0.5320579421535871
2018-02-15T06:00:00.0,2018-02-15T12:00:00.0,12,35702.137,1.0,27088.3,45154.87,0.4569925786792706
2018-02-15T07:00:00.0,2018-02-15T13:00:00.0,13,36098.99,1.0,27343.637,47138.133,0.39420313857515205
2018-02-15T08:00:00.0,2018-02-15T14:00:00.0,14,36726.12,1.0,28014.504,47429.85,0.4056784619671218
2018-02-15T09:00:00.0,2018-02-15T15:00:00.0,15,37254.047,1.0,28173.61,47765.676,0.4325329980556387
2018-02-15T10:00:00.0,2018-02-15T16:00:00.0,16,37516.934,1.0,29478.611,46676.75,0.4397118394990737
2018-02-15T11:00:00.0,2018-02-15T17:00:00.0,17,37854.984,1.0,29503.19,47652.367,0.4265045305687821
2018-02-15T12:00:00.0,2018-02-15T18:00:00.0,18,38103.51,1.0,28712.22,48157.867,0.46838856295225695
2018-02-15T13:00:00.0,2018-02-15T19:00:00.0,19,38222.367,1.0,29214.244,48979.953,0.41843602026208526
2018-02-15T14:00:00.0,2018-02-15T20:00:00.0,20,38357.2,1.0,29013.75,49000.785,0.43985943885498563
2018-02-15T15:00:00.0,2018-02-15T21:00:00.0,21,38343.035,1.0,28162.123,48223.656,0.5138882211538464
2018-02-15T16:00:00.0,2018-02-15T22:00:00.0,22,38450.7,1.0,29303.264,48923.164,0.4375829140568847
2018-02-15T17:00:00.0,2018-02-15T23:00:00.0,23,39809.52,1.0,28746.639,49020.52,0.5841333404906327
2018-02-15T18:00:00.0,2018-02-16T00:00:00.0,0,39602.41,1.0,28695.281,49022.344,0.5675709523380488
2018-02-15T19:00:00.0,2018-02-16T01:00:00.0,1,38596.895,1.0,27745.045,47944.355,0.5687742760258944
2018-02-15T20:00:00.0,2018-02-16T02:00:00.0,2,36584.887,1.0,26268.871,44840.65,0.6018195848445097
2018-02-15T21:00:00.0,2018-02-16T03:00:00.0,3,33982.02,1.0,24200.139,43852.09,0.49583568655969296
2018-02-15T22:00:00.0,2018-02-16T04:00:00.0,4,31426.018,1.0,22967.838,42791.547,0.3664935866899558
2018-02-15T23:00:00.0,2018-02-16T05:00:00.0,5,29741.023,1.0,21980.686,41440.793,0.3188496229107217
2018-02-16T00:00:00.0,2018-02-16T06:00:00.0,6,28675.898,1.0,20543.092,40258.715,0.3419817242818392
2018-02-16T01:00:00.0,2018-02-16T07:00:00.0,7,28266.13,1.0,20240.85,39578.516,0.34627045474691964
2018-02-16T02:00:00.0,2018-02-16T08:00:00.0,8,28314.693,1.0,20530.781,40077.434,0.3179246463570334
2018-02-16T03:00:00.0,2018-02-16T09:00:00.0,9,29155.03,1.0,22201.281,40802.47,0.2786079467214141
2018-02-16T04:00:00.0,2018-02-16T10:00:00.0,10,31742.494,1.0,22564.094,41372.05,0.4777505934265087
2018-02-16T05:00:00.0,2018-02-16T11:00:00.0,11,35020.05,1.0,25120.1,42073.184,0.6519628322700021
2018-02-16T06:00:00.0,2018-02-16T12:00:00.0,12,35603.895,1.0,26497.54,43466.39,0.5676984264036088
2018-02-16T07:00:00.0,2018-02-16T13:00:00.0,13,36410.418,1.0,27135.322,44301.473,0.5743849307502757
2018-02-16T08:00:00.0,2018-02-16T14:00:00.0,14,37306.207,1.0,27404.926,44420.348,0.6484129892604473
2018-02-16T09:00:00.0,2018-02-16T15:00:00.0,15,37848.652,1.0,27770.46,45027.11,0.6520593201819739
2018-02-16T10:00:00.0,2018-02-16T16:00:00.0,16,38197.152,1.0,28037.637,45863.246,0.6275555731506961
2018-02-16T11:00:00.0,2018-02-16T17:00:00.0,17,38236.29,1.0,28045.072,46370.445,0.6029996578522897
2018-02-16T12:00:00.0,2018-02-16T18:00:00.0,18,38424.043,1.0,29703.373,45395.34,0.6023096330798912
2018-02-16T13:00:00.0,2018-02-16T19:00:00.0,19,38357.09,1.0,29661.455,45342.492,0.6001437139429936
2018-02-16T14:00:00.0,2018-02-16T20:00:00.0,20,38481.168,1.0,30998.016,45466.457,0.5318994249201275
2018-02-16T15:00:00.0,2018-02-16T21:00:00.0,21,38293.047,1.0,31447.953,45970.97,0.4469400103801408
2018-02-16T16:00:00.0,2018-02-16T22:00:00.0,22,38840.74,1.0,31250.26,45304.086,0.5739975610388934
2018-02-16T17:00:00.0,2018-02-16T23:00:00.0,23,39701.133,1.0,31129.705,44442.35,0.7483395426083446
2018-02-16T18:00:00.0,2018-02-17T00:00:00.0,0,39183.42,1.0,30501.518,43924.055,0.7527024995096865
2018-02-16T19:00:00.0,2018-02-17T01:00:00.0,1,38325.957,1.0,29285.977,41905.1,0.8429191810060874
2018-02-16T20:00:00.0,2018-02-17T02:00:00.0,2,36957.27,1.0,25877.22,40750.69,0.8727377595818365
2018-02-16T21:00:00.0,2018-02-17T03:00:00.0,3,35117.168,1.0,23649.553,39266.66,0.8621268987280379
2018-02-16T22:00:00.0,2018-02-17T04:00:00.0,4,33242.92,1.0,22720.266,39402.094,0.728562548273327
2018-02-16T23:00:00.0,2018-02-17T05:00:00.0,5,31785.0,1.0,21316.943,38096.79,0.7177529792721729
2018-02-17T00:00:00.0,2018-02-17T06:00:00.0,6,30956.398,1.0,20946.713,36413.043,0.7532533333333336
2018-02-17T01:00:00.0,2018-02-17T07:00:00.0,7,30451.377,1.0,19840.48,36665.5,0.7283705931742063
2018-02-17T02:00:00.0,2018-02-17T08:00:00.0,8,30547.188,1.0,19708.219,37527.65,0.6927608282118817
2018-02-17T03:00:00.0,2018-02-17T09:00:00.0,9,31090.63,1.0,20291.867,37299.473,0.7349157326022095
2018-02-17T04:00:00.0,2018-02-17T10:00:00.0,10,32167.955,1.0,22499.32,40249.8,0.5823655518428825
2018-02-17T05:00:00.0,2018-02-17T11:00:00.0,11,33763.74,1.0,26387.455,38446.758,0.6983030393124044
2018-02-17T06:00:00.0,2018-02-17T12:00:00.0,12,35358.73,1.0,25793.326,39975.273,0.7915254490041294
2018-02-17T07:00:00.0,2018-02-17T13:00:00.0,13,37072.37,1.0,24582.793,42524.27,0.8192426738278821
2018-02-17T08:00:00.0,2018-02-17T14:00:00.0,14,38276.406,1.0,25737.447,43431.637,0.8341229524244601
2018-02-17T09:00:00.0,2018-02-17T15:00:00.0,15,38297.723,1.0,26803.652,43121.047,0.8291941943781002
2018-02-17T10:00:00.0,2018-02-17T16:00:00.0,16,37587.395,1.0,26717.855,42931.574,0.7860144368617847
2018-02-17T11:00:00.0,2018-02-17T17:00:00.0,17,36867.027,1.0,28000.73,43559.1,0.6274388515314053
2018-02-17T12:00:00.0,2018-02-17T18:00:00.0,18,36123.44,1.0,29972.494,41008.965,0.6051546927247348
2018-02-17T13:00:00.0,2018-02-17T19:00:00.0,19,35877.816,1.0,28787.938,41462.55,0.6088220494699643
2018-02-17T14:00:00.0,2018-02-17T20:00:00.0,20,35753.004,1.0,29847.12,41465.156,0.51547042388441
2018-02-17T15:00:00.0,2018-02-17T21:00:00.0,21,35626.387,1.0,29943.117,42284.94,0.4270767844481213
2018-02-17T16:00:00.0,2018-02-17T22:00:00.0,22,35733.76,1.0,30250.076,42804.758,0.3843407986627574
2018-02-17T17:00:00.0,2018-02-17T23:00:00.0,23,36811.824,1.0,31090.564,42571.367,0.4969057549304885
2018-02-17T18:00:00.0,2018-02-18T00:00:00.0,0,36348.902,1.0,29717.605,42516.152,0.5336075236196587
2018-02-17T19:00:00.0,2018-02-18T01:00:00.0,1,35585.77,1.0,28290.357,41533.63,0.5935537763980228
2018-02-17T20:00:00.0,2018-02-18T02:00:00.0,2,34600.004,1.0,24317.51,39284.12,0.8078750535607163
2018-02-17T21:00:00.0,2018-02-18T03:00:00.0,3,33208.145,1.0,23187.023,38837.598,0.7430330364728
2018-02-17T22:00:00.0,2018-02-18T04:00:00.0,4,31791.791,1.0,23058.385,37675.96,0.6748712397186519
2018-02-17T23:00:00.0,2018-02-18T05:00:00.0,5,30706.635,1.0,21823.973,38049.684,0.5873475524553694
2018-02-18T00:00:00.0,2018-02-18T06:00:00.0,6,30014.396,1.0,19968.918,39330.18,0.534930284972114
2018-02-18T01:00:00.0,2018-02-18T07:00:00.0,7,29612.58,1.0,20102.727,39235.496,0.4945161509360753
2018-02-18T02:00:00.0,2018-02-18T08:00:00.0,8,29591.422,1.0,20049.559,39269.8,0.4934088451139435
2018-02-18T03:00:00.0,2018-02-18T09:00:00.0,9,29924.352,1.0,20918.592,40077.246,0.44461429215725784
2018-02-18T04:00:00.0,2018-02-18T10:00:00.0,10,30633.607,1.0,22843.734,41309.246,0.3581015496022812
2018-02-18T05:00:00.0,2018-02-18T11:00:00.0,11,31788.135,1.0,24121.277,43368.68,0.3181062167267731
2018-02-18T06:00:00.0,2018-02-18T12:00:00.0,12,32958.496,1.0,24587.094,44423.285,0.3583890853525431
2018-02-18T07:00:00.0,2018-02-18T13:00:00.0,13,34490.04,1.0,25591.295,45604.773,0.3983685854688995
2018-02-18T08:00:00.0,2018-02-18T14:00:00.0,14,35487.793,1.0,26306.516,45563.918,0.456961251891436
2018-02-18T09:00:00.0,2018-02-18T15:00:00.0,15,36009.844,1.0,27461.729,44593.95,0.4980508942789971
2018-02-18T10:00:00.0,2018-02-18T16:00:00.0,16,36494.527,1.0,26577.314,45548.047,0.5421721124213762
2018-02-18T11:00:00.0,2018-02-18T17:00:00.0,17,37009.566,1.0,28006.58,44829.555,0.564967613407505
2018-02-18T12:00:00.0,2018-02-18T18:00:00.0,18,37162.582,1.0,29012.543,43759.32,0.5967796921045234
2018-02-18T13:00:00.0,2018-02-18T19:00:00.0,19,37153.566,1.0,27382.28,44841.28,0.6093490462460363
2018-02-18T14:00:00.0,2018-02-18T20:00:00.0,20,36889.75,1.0,29446.168,44719.914,0.47652516676773804
2018-02-18T15:00:00.0,2018-02-18T21:00:00.0,21,36913.777,1.0,28211.709,46050.645,0.47739285751373356
2018-02-18T16:00:00.0,2018-02-18T22:00:00.0,22,37365.77,1.0,30288.025,46357.133,0.3908787888922327
2018-02-18T17:00:00.0,2018-02-18T23:00:00.0,23,38575.83,1.0,31210.678,45638.402,0.5194559362344929
2018-02-18T18:00:00.0,2018-02-19T00:00:00.0,0,38181.3,1.0,30681.48,46573.516,0.4480356316520135
2018-02-18T19:00:00.0,2018-02-19T01:00:00.0,1,37081.81,1.0,27705.678,46284.695,0.5086531142300583
2018-02-18T20:00:00.0,2018-02-19T02:00:00.0,2,35453.266,1.0,25828.53,45572.703,0.4767613641694424
2018-02-18T21:00:00.0,2018-02-19T03:00:00.0,3,33309.48,1.0,24660.043,42868.758,0.4537336804043315
2018-02-18T22:00:00.0,2018-02-19T04:00:00.0,4,31189.648,1.0,26939.879,38330.33,0.27746786965232473
2018-02-18T23:00:00.0,2018-02-19T05:00:00.0,5,29663.771,1.0,23765.727,38014.78,0.344415157894737
2018-02-19T00:00:00.0,2018-02-19T06:00:00.0,6,28749.406,1.0,24966.963,37464.95,0.1792598704725354
2018-02-19T01:00:00.0,2018-02-19T07:00:00.0,7,28276.812,1.0,23034.652,36864.676,0.28681018730013735
2018-02-19T02:00:00.0,2018-02-19T08:00:00.0,8,28319.06,1.0,23352.95,36421.754,0.2883191926516801
2018-02-19T03:00:00.0,2018-02-19T09:00:00.0,9,29348.58,1.0,22359.436,37356.51,0.43721891829183435
2018-02-19T04:00:00.0,2018-02-19T10:00:00.0,10,31602.045,1.0,23858.621,38293.15,0.5673326481932601
2018-02-19T05:00:00.0,2018-02-19T11:00:00.0,11,34168.973,1.0,24858.035,41116.15,0.6323957705877292
2018-02-19T06:00:00.0,2018-02-19T12:00:00.0,12,34853.297,1.0,26730.025,42045.363,0.556237515605493
2018-02-19T07:00:00.0,2018-02-19T13:00:00.0,13,35898.93,1.0,27639.748,43106.0,0.5628668529746117
2018-02-19T08:00:00.0,2018-02-19T14:00:00.0,14,37277.44,1.0,28822.97,42679.67,0.6958067930564055
2018-02-19T09:00:00.0,2018-02-19T15:00:00.0,15,38333.88,1.0,31293.91,42499.77,0.724611143435015
2018-02-19T10:00:00.0,2018-02-19T16:00:00.0,16,39047.98,1.0,30301.523,45099.67,0.664068652716215
2018-02-19T11:00:00.0,2018-02-19T17:00:00.0,17,39599.95,1.0,31352.764,43651.684,0.7862460763075289
2018-02-19T12:00:00.0,2018-02-19T18:00:00.0,18,39869.414,1.0,32180.986,43903.496,0.7658096736426162
2018-02-19T13:00:00.0,2018-02-19T19:00:00.0,19,39749.723,1.0,31403.111,45541.793,0.6628619209743932
2018-02-19T14:00:00.0,2018-02-19T20:00:00.0,20,39575.324,1.0,31856.463,43988.434,0.7369030183512741
2018-02-19T15:00:00.0,2018-02-19T21:00:00.0,21,39502.812,1.0,31772.645,45747.934,0.5976184454995871
2018-02-19T16:00:00.0,2018-02-19T22:00:00.0,22,40017.53,1.0,32719.059,45080.957,0.6629663398916845
2018-02-19T17:00:00.0,2018-02-19T23:00:00.0,23,41282.52,1.0,33621.598,44490.53,0.8297216368591193
2018-02-19T18:00:00.0,2018-02-20T00:00:00.0,0,41073.25,1.0,32989.305,45228.86,0.7723404012767896
2018-02-19T19:00:00.0,2018-02-20T01:00:00.0,1,39967.855,1.0,31140.4,44236.15,0.7909872219306394
2018-02-19T20:00:00.0,2018-02-20T02:00:00.0,2,37966.004,1.0,29409.617,42514.055,0.7616198996290638
2018-02-19T21:00:00.0,2018-02-20T03:00:00.0,3,35312.555,1.0,27456.033,40583.234,0.6766002933860578
2018-02-19T22:00:00.0,2018-02-20T04:00:00.0,4,32804.28,1.0,27888.955,35984.027,0.6910220021337838
2018-02-19T23:00:00.0,2018-02-20T05:00:00.0,5,31137.35,1.0,25812.082,34672.793,0.6807861899166248
2018-02-20T00:00:00.0,2018-02-20T06:00:00.0,6,30100.234,1.0,22120.184,36584.016,0.5950822206430539
2018-02-20T01:00:00.0,2018-02-20T07:00:00.0,7,29552.041,1.0,20904.52,37374.25,0.5463984725814942
2018-02-20T02:00:00.0,2018-02-20T08:00:00.0,8,29450.646,1.0,20744.402,38503.59,0.4818888970119792
2018-02-20T03:00:00.0,2018-02-20T09:00:00.0,9,30258.838,1.0,21475.371,38717.85,0.5174573208119535
2018-02-20T04:00:00.0,2018-02-20T10:00:00.0,10,32718.912,1.0,24548.082,39743.895,0.569624215106119
2018-02-20T05:00:00.0,2018-02-20T11:00:00.0,11,35899.684,1.0,25705.727,41464.35,0.7527987935034802
2018-02-20T06:00:00.0,2018-02-20T12:00:00.0,12,36231.14,1.0,28546.967,43641.766,0.516812317220024
2018-02-20T07:00:00.0,2018-02-20T13:00:00.0,13,36742.906,1.0,29743.488,45197.67,0.4133014095747803
2018-02-20T08:00:00.0,2018-02-20T14:00:00.0,14,37586.348,1.0,29352.93,46310.957,0.47314031350701846
2018-02-20T09:00:00.0,2018-02-20T15:00:00.0,15,38298.426,1.0,31512.568,46092.98,0.43607536741615394
2018-02-20T10:00:00.0,2018-02-20T16:00:00.0,16,38846.465,1.0,31861.984,46767.848,0.4418760020719759
2018-02-20T11:00:00.0,2018-02-20T17:00:00.0,17,39063.99,1.0,33088.086,45663.746,0.454065291037881
2018-02-20T12:00:00.0,2018-02-20T18:00:00.0,18,39197.258,1.0,33806.984,45580.68,0.4222174734429681
2018-02-20T13:00:00.0,2018-02-20T19:00:00.0,19,39280.668,1.0,32829.977,46953.848,0.42021079399501665
2018-02-20T14:00:00.0,2018-02-20T20:00:00.0,20,39556.254,1.0,33762.2,45399.31,0.4960927532533808
2018-02-20T15:00:00.0,2018-02-20T21:00:00.0,21,39835.1,1.0,32715.955,47065.016,0.4928364849833149
2018-02-20T16:00:00.0,2018-02-20T22:00:00.0,22,40648.125,1.0,33794.41,47543.22,0.4972074030076409
2018-02-20T17:00:00.0,2018-02-20T23:00:00.0,23,41862.97,1.0,35220.535,46649.18,0.6472158229766601
2018-02-20T18:00:00.0,2018-02-21T00:00:00.0,0,41847.316,1.0,32797.945,48146.434,0.6615986747653233
2018-02-20T19:00:00.0,2018-02-21T01:00:00.0,1,41075.312,1.0,30746.146,47790.31,0.6890925751742997
2018-02-20T20:00:00.0,2018-02-21T02:00:00.0,2,39574.832,1.0,28739.879,47007.695,0.6675710733372924
2018-02-20T21:00:00.0,2018-02-21T03:00:00.0,3,37379.234,1.0,27352.264,43568.72,0.7090081172045136
2018-02-20T22:00:00.0,2018-02-21T04:00:00.0,4,35453.89,1.0,28682.082,37584.336,0.8873531946824584
2018-02-20T23:00:00.0,2018-02-21T05:00:00.0,5,34199.965,1.0,26817.527,36241.754,0.9062115779115728
2018-02-21T00:00:00.0,2018-02-21T06:00:00.0,6,33706.48,1.0,26025.447,36864.316,0.8341319100429336
2018-02-21T01:00:00.0,2018-02-21T07:00:00.0,7,33492.44,1.0,26164.174,39209.277,0.6130762624059334
2018-02-21T02:00:00.0,2018-02-21T08:00:00.0,8,33773.88,1.0,25766.678,40106.715,0.6070389895936131
2018-02-21T03:00:00.0,2018-02-21T09:00:00.0,9,35364.742,1.0,29104.09,45007.28,0.31040552056702225
2018-02-21T04:00:00.0,2018-02-21T10:00:00.0,10,38882.426,1.0,31715.623,43398.465,0.7011845124414338
2018-02-21T05:00:00.0,2018-02-21T11:00:00.0,11,43132.027,1.0,32846.363,46895.332,0.8599336683872135
2018-02-21T06:00:00.0,2018-02-21T12:00:00.0,12,43864.387,1.0,35621.117,48686.258,0.7287965449231281
2018-02-21T07:00:00.0,2018-02-21T13:00:00.0,13,44405.75,1.0,35771.777,50658.848,0.6450599185573007
2018-02-21T08:00:00.0,2018-02-21T14:00:00.0,14,45237.95,1.0,36511.14,50052.805,0.7492140682229377
2018-02-21T09:00:00.0,2018-02-21T15:00:00.0,15,45651.207,1.0,38562.266,48598.54,0.8314481965138354
2018-02-21T10:00:00.0,2018-02-21T16:00:00.0,16,46008.594,1.0,37835.38,47673.09,0.938019760479042
2018-02-21T11:00:00.0,2018-02-21T17:00:00.0,17,46502.016,1.0,36970.96,46942.773,0.982455930152351
2018-02-21T12:00:00.0,2018-02-21T18:00:00.0,18,46950.324,1.0,36680.613,46996.74,0.9892320520965693
2018-02-21T13:00:00.0,2018-02-21T19:00:00.0,19,46960.605,1.0,34700.258,47413.633,0.9839180504596086
2018-02-21T14:00:00.0,2018-02-21T20:00:00.0,20,47114.457,0.0,34032.348,46305.773,1.0
2018-02-21T15:00:00.0,2018-02-21T21:00:00.0,21,47407.16,0.0,33153.453,46709.543,1.0
2018-02-21T16:00:00.0,2018-02-21T22:00:00.0,22,48130.63,0.0,33862.953,47527.516,1.0
2018-02-21T17:00:00.0,2018-02-21T23:00:00.0,23,48740.47,0.0,35352.324,45611.785,1.0
2018-02-21T18:00:00.0,2018-02-22T00:00:00.0,0,48546.684,0.0,33070.293,47522.176,1.0
2018-02-21T19:00:00.0,2018-02-22T01:00:00.0,1,47424.105,1.0,32532.451,48209.902,0.981445077580313
2018-02-21T20:00:00.0,2018-02-22T02:00:00.0,2,45150.676,1.0,31381.703,47827.004,0.9415973919106516
2018-02-21T21:00:00.0,2018-02-22T03:00:00.0,3,42384.145,1.0,27928.672,44233.49,0.9636845533662028
2018-02-21T22:00:00.0,2018-02-22T04:00:00.0,4,40183.055,0.0,27982.326,39651.355,1.0
2018-02-21T23:00:00.0,2018-02-22T05:00:00.0,5,39049.348,0.0,27159.918,38576.74,1.0
2018-02-22T00:00:00.0,2018-02-22T06:00:00.0,6,38613.35,1.0,29868.902,45705.527,0.5958784614683913
2018-02-22T01:00:00.0,2018-02-22T07:00:00.0,7,38366.496,1.0,27869.012,43673.375,0.7775547119841095
2018-02-22T02:00:00.0,2018-02-22T08:00:00.0,8,38729.957,1.0,26490.912,44016.92,0.8219155428751277
2018-02-22T03:00:00.0,2018-02-22T09:00:00.0,9,40190.082,1.0,27514.186,44281.117,0.8831296402978406
2018-02-22T04:00:00.0,2018-02-22T10:00:00.0,10,43410.63,1.0,29774.283,45562.035,0.9544853319967141
2018-02-22T05:00:00.0,2018-02-22T11:00:00.0,11,46854.316,1.0,30901.893,49951.625,0.9416750989642644
2018-02-22T06:00:00.0,2018-02-22T12:00:00.0,12,47076.266,1.0,32039.043,49022.457,0.9632659257730743
2018-02-22T07:00:00.0,2018-02-22T13:00:00.0,13,47117.58,1.0,32867.31,52916.242,0.8365779318765624
2018-02-22T08:00:00.0,2018-02-22T14:00:00.0,14,46964.688,1.0,35811.098,54090.746,0.6958530953569646
2018-02-22T09:00:00.0,2018-02-22T15:00:00.0,15,46636.754,1.0,38061.16,53267.625,0.6169539335960798
2018-02-22T10:00:00.0,2018-02-22T16:00:00.0,16,46039.03,1.0,38236.117,53207.062,0.539293062777112
2018-02-22T11:00:00.0,2018-02-22T17:00:00.0,17,45459.26,1.0,35602.887,51908.33,0.6865473342793436
2018-02-22T12:00:00.0,2018-02-22T18:00:00.0,18,44896.83,1.0,34709.457,50950.19,0.7231099874786137
2018-02-22T13:00:00.0,2018-02-22T19:00:00.0,19,44427.41,1.0,34027.332,51582.41,0.666398999748972
2018-02-22T14:00:00.0,2018-02-22T20:00:00.0,20,44484.42,1.0,33346.4,50378.285,0.76306825145006
2018-02-22T15:00:00.0,2018-02-22T21:00:00.0,21,44867.934,1.0,31595.406,50795.55,0.8132121792218543
2018-02-22T16:00:00.0,2018-02-22T22:00:00.0,22,45806.285,1.0,31567.111,50999.99,0.8605495590535633
2018-02-22T17:00:00.0,2018-02-22T23:00:00.0,23,46797.137,1.0,35268.06,49132.184,0.938474389751652
2018-02-22T18:00:00.0,2018-02-23T00:00:00.0,0,46408.145,1.0,34229.367,51399.63,0.8348693962096654
2018-02-22T19:00:00.0,2018-02-23T01:00:00.0,1,45221.434,1.0,30756.033,50934.746,0.8434653688333235
2018-02-22T20:00:00.0,2018-02-23T02:00:00.0,2,42997.844,1.0,31298.748,50876.723,0.6750469559862464
2018-02-22T21:00:00.0,2018-02-23T03:00:00.0,3,40303.86,1.0,28656.598,47735.016,0.6963907918339458
2018-02-22T22:00:00.0,2018-02-23T04:00:00.0,4,38072.008,1.0,25866.266,44979.21,0.7405043731094803
2018-02-22T23:00:00.0,2018-02-23T05:00:00.0,5,36699.363,1.0,24474.19,43623.65,0.7402011155751448
2018-02-23T00:00:00.0,2018-02-23T06:00:00.0,6,35931.76,1.0,25360.352,45039.113,0.5687013168303016
2018-02-23T01:00:00.0,2018-02-23T07:00:00.0,7,35628.703,1.0,23999.07,43763.848,0.6595741654597022
2018-02-23T02:00:00.0,2018-02-23T08:00:00.0,8,35793.81,1.0,23683.846,43353.9,0.7047289390143384
2018-02-23T03:00:00.0,2018-02-23T09:00:00.0,9,36958.16,1.0,23890.098,43337.805,0.7881453134829107
2018-02-23T04:00:00.0,2018-02-23T10:00:00.0,10,39848.23,1.0,25312.225,45005.934,0.8659702985021053
2018-02-23T05:00:00.0,2018-02-23T11:00:00.0,11,42701.918,1.0,27099.568,46748.332,0.9142646658174347
2018-02-23T06:00:00.0,2018-02-23T12:00:00.0,12,42720.984,1.0,29127.332,49047.65,0.8019399390891704
2018-02-23T07:00:00.0,2018-02-23T13:00:00.0,13,42538.918,1.0,31078.764,50490.164,0.6629360914401474
2018-02-23T08:00:00.0,2018-02-23T14:00:00.0,14,42691.996,1.0,31363.332,49809.414,0.7023132886606912
2018-02-23T09:00:00.0,2018-02-23T15:00:00.0,15,42547.426,1.0,32343.566,48878.215,0.7070803075608715
2018-02-23T10:00:00.0,2018-02-23T16:00:00.0,16,42081.723,1.0,32509.117,49923.984,0.5913958665534593
2018-02-23T11:00:00.0,2018-02-23T17:00:00.0,17,41564.473,1.0,31010.186,50494.68,0.576870438297713
2018-02-23T12:00:00.0,2018-02-23T18:00:00.0,18,41195.44,1.0,30244.904,50481.0,0.5758906207766468
2018-02-23T13:00:00.0,2018-02-23T19:00:00.0,19,40928.484,1.0,30556.715,50222.293,0.550733583875551
2018-02-23T14:00:00.0,2018-02-23T20:00:00.0,20,40784.312,1.0,29823.246,50014.574,0.5790289491268308
2018-02-23T15:00:00.0,2018-02-23T21:00:00.0,21,40806.023,1.0,30269.164,50391.3,0.5437973070824285
2018-02-23T16:00:00.0,2018-02-23T22:00:00.0,22,40819.87,1.0,30381.598,50626.207,0.5289436697046234
2018-02-23T17:00:00.0,2018-02-23T23:00:00.0,23,41292.24,1.0,30796.617,51045.4,0.5339861570210199
2018-02-23T18:00:00.0,2018-02-24T00:00:00.0,0,40710.598,1.0,30057.357,50338.906,0.5467896115233519
2018-02-23T19:00:00.0,2018-02-24T01:00:00.0,1,39876.535,1.0,29522.908,49685.19,0.5250666115398752
2018-02-23T20:00:00.0,2018-02-24T02:00:00.0,2,38617.5,1.0,27583.719,47725.574,0.5880002881558921
2018-02-23T21:00:00.0,2018-02-24T03:00:00.0,3,36779.35,1.0,25868.848,46223.977,0.5665194115794681
2018-02-23T22:00:00.0,2018-02-24T04:00:00.0,4,34935.902,1.0,24375.941,44575.832,0.5421890492755214
2018-02-23T23:00:00.0,2018-02-24T05:00:00.0,5,33553.23,1.0,22421.463,42653.527,0.592340929954813
2018-02-24T00:00:00.0,2018-02-24T06:00:00.0,6,32608.443,1.0,22003.684,41138.773,0.5995549210298162
2018-02-24T01:00:00.0,2018-02-24T07:00:00.0,7,32012.963,1.0,22335.467,40949.76,0.5368748261750567
2018-02-24T02:00:00.0,2018-02-24T08:00:00.0,8,31833.537,1.0,22368.926,41345.4,0.49768939616219704
2018-02-24T03:00:00.0,2018-02-24T09:00:00.0,9,32115.29,1.0,23347.504,42370.92,0.42781636956105046
2018-02-24T04:00:00.0,2018-02-24T10:00:00.0,10,33109.395,1.0,23297.488,43316.27,0.48169637728157083
2018-02-24T05:00:00.0,2018-02-24T11:00:00.0,11,34321.457,1.0,25005.482,44986.16,0.43761331243526674
2018-02-24T06:00:00.0,2018-02-24T12:00:00.0,12,35445.188,1.0,25959.482,45850.32,0.4571862106053722
2018-02-24T07:00:00.0,2018-02-24T13:00:00.0,13,36770.977,1.0,27225.887,46420.832,0.49493502349596774
2018-02-24T08:00:00.0,2018-02-24T14:00:00.0,14,37951.16,1.0,27256.234,47267.45,0.5636607910969562
2018-02-24T09:00:00.0,2018-02-24T15:00:00.0,15,38836.02,1.0,30107.588,45919.434,0.5956125765506857
2018-02-24T10:00:00.0,2018-02-24T16:00:00.0,16,39339.17,1.0,30757.486,45422.836,0.6540295716205948
2018-02-24T11:00:00.0,2018-02-24T17:00:00.0,17,39083.465,1.0,28857.902,47486.688,0.5900106476686439
2018-02-24T12:00:00.0,2018-02-24T18:00:00.0,18,38249.715,1.0,28575.506,47712.21,0.5102660528228733
2018-02-24T13:00:00.0,2018-02-24T19:00:00.0,19,37546.887,1.0,28013.445,47680.883,0.4716855361314147
2018-02-24T14:00:00.0,2018-02-24T20:00:00.0,20,36943.81,1.0,27094.44,46763.363,0.5014067070524068
2018-02-24T15:00:00.0,2018-02-24T21:00:00.0,21,36645.508,1.0,25498.936,45166.617,0.6219208826695375
2018-02-24T16:00:00.0,2018-02-24T22:00:00.0,22,36851.48,1.0,26511.506,46486.285,0.5327250680341377
2018-02-24T17:00:00.0,2018-02-24T23:00:00.0,23,37948.41,1.0,27643.771,47434.47,0.5383263262141005
2018-02-24T18:00:00.0,2018-02-25T00:00:00.0,0,37892.754,1.0,28861.516,48283.04,0.4353473459880999
2018-02-24T19:00:00.0,2018-02-25T01:00:00.0,1,37259.1,1.0,27695.277,47653.61,0.46143405035851226
2018-02-24T20:00:00.0,2018-02-25T02:00:00.0,2,36394.5,1.0,26207.01,45802.18,0.5368787152535336
2018-02-24T21:00:00.0,2018-02-25T03:00:00.0,3,34932.59,1.0,25205.684,44212.484,0.5218152136835437
2018-02-24T22:00:00.0,2018-02-25T04:00:00.0,4,33365.426,1.0,24402.027,42746.45,0.47888211176862644
2018-02-24T23:00:00.0,2018-02-25T05:00:00.0,5,32239.5,1.0,22459.32,40991.336,0.5513545097416769
2018-02-25T00:00:00.0,2018-02-25T06:00:00.0,6,31532.732,1.0,23592.11,37053.617,0.6620775623268699
2018-02-25T01:00:00.0,2018-02-25T07:00:00.0,7,31016.889,1.0,23584.025,35725.887,0.6991189971277479
2018-02-25T02:00:00.0,2018-02-25T08:00:00.0,8,30885.625,1.0,24086.78,34827.69,0.7319421428976788
2018-02-25T03:00:00.0,2018-02-25T09:00:00.0,9,31007.938,1.0,24886.623,35525.984,0.6370318869165021
2018-02-25T04:00:00.0,2018-02-25T10:00:00.0,10,31811.627,1.0,25055.523,38001.55,0.5405178357741185
2018-02-25T05:00:00.0,2018-02-25T11:00:00.0,11,32970.13,1.0,27012.15,42044.9,0.31480321020228624
2018-02-25T06:00:00.0,2018-02-25T12:00:00.0,12,33939.4,1.0,27664.158,45459.508,0.24649183076366732
2018-02-25T07:00:00.0,2018-02-25T13:00:00.0,13,34854.766,1.0,29101.953,45657.902,0.23897361058339972
2018-02-25T08:00:00.0,2018-02-25T14:00:00.0,14,35225.902,1.0,28039.375,47437.85,0.273384284193763
2018-02-25T09:00:00.0,2018-02-25T15:00:00.0,15,35130.7,1.0,32381.334,43379.133,0.12242360929746635
2018-02-25T10:00:00.0,2018-02-25T16:00:00.0,16,34899.406,1.0,30304.873,41137.992,0.36203299541551043
2018-02-25T11:00:00.0,2018-02-25T17:00:00.0,17,34635.684,1.0,29076.033,45509.438,0.2259727799899815
2018-02-25T12:00:00.0,2018-02-25T18:00:00.0,18,34283.785,1.0,27498.416,44461.855,0.32087368961364604
2018-02-25T13:00:00.0,2018-02-25T19:00:00.0,19,34056.7,1.0,27569.037,46016.727,0.24509529396841487
2018-02-25T14:00:00.0,2018-02-25T20:00:00.0,20,34094.496,1.0,26553.957,45915.965,0.30351883648116335
2018-02-25T15:00:00.0,2018-02-25T21:00:00.0,21,34459.168,1.0,27200.006,45195.96,0.32652964000260537
2018-02-25T16:00:00.0,2018-02-25T22:00:00.0,22,35198.516,1.0,27902.217,45758.062,0.33537757610852215
2018-02-25T17:00:00.0,2018-02-25T23:00:00.0,23,36863.26,1.0,28516.002,46220.43,0.4472180685358256
2018-02-25T18:00:00.0,2018-02-26T00:00:00.0,0,37231.793,1.0,30534.64,46221.86,0.36692689289217834
2018-02-25T19:00:00.0,2018-02-26T01:00:00.0,1,36578.22,1.0,28888.387,46281.254,0.3938685755484601
2018-02-25T20:00:00.0,2018-02-26T02:00:00.0,2,35177.113,1.0,28054.096,45265.6,0.34428954156582714
2018-02-25T21:00:00.0,2018-02-26T03:00:00.0,3,33013.934,1.0,28797.922,42863.207,0.17578443910174446
2018-02-25T22:00:00.0,2018-02-26T04:00:00.0,4,31127.443,1.0,26314.953,42127.508,0.18134695576374862
2018-02-25T23:00:00.0,2018-02-26T05:00:00.0,5,30059.258,1.0,25460.137,40069.34,0.19448337620607023
2018-02-26T00:00:00.0,2018-02-26T06:00:00.0,6,29607.682,1.0,20705.182,36695.336,0.6041153074828866
2018-02-26T01:00:00.0,2018-02-26T07:00:00.0,7,29688.57,1.0,20833.492,36635.645,0.6106007607986135
2018-02-26T02:00:00.0,2018-02-26T08:00:00.0,8,30215.936,1.0,22516.176,36176.277,0.6164629145022071
2018-02-26T03:00:00.0,2018-02-26T09:00:00.0,9,31899.365,1.0,23442.59,36951.832,0.7211326890592142
2018-02-26T04:00:00.0,2018-02-26T10:00:00.0,10,35409.496,1.0,24842.793,37326.69,0.9463325568790675
2018-02-26T05:00:00.0,2018-02-26T11:00:00.0,11,39175.16,1.0,25476.633,41056.625,0.9610602965479254
2018-02-26T06:00:00.0,2018-02-26T12:00:00.0,12,39086.824,1.0,27835.035,43426.133,0.8488036059606415
2018-02-26T07:00:00.0,2018-02-26T13:00:00.0,13,38544.67,1.0,28551.906,41558.758,0.8939340532177009
2018-02-26T08:00:00.0,2018-02-26T14:00:00.0,14,38189.676,1.0,27143.8,44453.977,0.7397575576174797
2018-02-26T09:00:00.0,2018-02-26T15:00:00.0,15,37622.61,1.0,31931.166,41251.758,0.6966139832508702
2018-02-26T10:00:00.0,2018-02-26T16:00:00.0,16,36787.027,1.0,30213.822,41481.645,0.6509328363885305
2018-02-26T11:00:00.0,2018-02-26T17:00:00.0,17,36139.887,1.0,25581.203,43825.008,0.6429639791888201
2018-02-26T12:00:00.0,2018-02-26T18:00:00.0,18,35897.055,1.0,26745.113,42105.004,0.6721493360661104
2018-02-26T13:00:00.0,2018-02-26T19:00:00.0,19,35675.98,1.0,25068.396,43435.645,0.6408379935684047
2018-02-26T14:00:00.0,2018-02-26T20:00:00.0,20,35727.363,1.0,25663.207,42931.043,0.650017371796144
2018-02-26T15:00:00.0,2018-02-26T21:00:00.0,21,35860.703,1.0,24984.193,43873.703,0.6378193045474745
2018-02-26T16:00:00.0,2018-02-26T22:00:00.0,22,36346.84,1.0,26257.031,44694.184,0.5870040728789547
2018-02-26T17:00:00.0,2018-02-26T23:00:00.0,23,38196.45,1.0,27444.297,44742.023,0.7141933834339299
2018-02-26T18:00:00.0,2018-02-27T00:00:00.0,0,38458.637,1.0,27240.277,45271.996,0.7150658724597061
2018-02-26T19:00:00.0,2018-02-27T01:00:00.0,1,37705.293,1.0,27218.846,43512.203,0.7479610306253437
2018-02-26T20:00:00.0,2018-02-27T02:00:00.0,2,35983.65,1.0,26353.348,40437.035,0.8037226224193358
2018-02-26T21:00:00.0,2018-02-27T03:00:00.0,3,33549.438,1.0,25454.432,37389.04,0.7965517088621616
2018-02-26T22:00:00.0,2018-02-27T04:00:00.0,4,31371.729,1.0,23051.93,37613.14,0.6300739797756585
2018-02-26T23:00:00.0,2018-02-27T05:00:00.0,5,30132.03,1.0,23747.73,35455.098,0.5835014331086837
2018-02-27T00:00:00.0,2018-02-27T06:00:00.0,6,29481.86,1.0,21329.97,37577.324,0.5032228365164946
2018-02-27T01:00:00.0,2018-02-27T07:00:00.0,7,29367.955,1.0,19308.613,38525.836,0.5434457773512479
2018-02-27T02:00:00.0,2018-02-27T08:00:00.0,8,29665.775,1.0,20476.475,38760.266,0.5048120552617422
2018-02-27T03:00:00.0,2018-02-27T09:00:00.0,9,30853.906,1.0,22765.258,39130.855,0.48932305007140087
2018-02-27T04:00:00.0,2018-02-27T10:00:00.0,10,33851.453,1.0,24109.143,40538.43,0.667345816568658
2018-02-27T05:00:00.0,2018-02-27T11:00:00.0,11,37103.613,1.0,26058.059,40807.996,0.8764723026392656
2018-02-27T06:00:00.0,2018-02-27T12:00:00.0,12,37116.074,1.0,28638.049,42150.227,0.7233625909033468
2018-02-27T07:00:00.0,2018-02-27T13:00:00.0,13,37306.777,1.0,28411.959,44513.848,0.5963153297423207
2018-02-27T08:00:00.0,2018-02-27T14:00:00.0,14,37664.074,1.0,27517.887,45168.02,0.636165324138751
2018-02-27T09:00:00.0,2018-02-27T15:00:00.0,15,38026.07,1.0,32661.209,40815.2,0.7687753134040501
2018-02-27T10:00:00.0,2018-02-27T16:00:00.0,16,38377.785,1.0,32191.154,40679.305,0.8564619189168943
2018-02-27T11:00:00.0,2018-02-27T17:00:00.0,17,38659.52,1.0,27930.074,46033.156,0.6668404396756732
2018-02-27T12:00:00.0,2018-02-27T18:00:00.0,18,39025.2,1.0,29488.361,46885.297,0.5887024970025543
2018-02-27T13:00:00.0,2018-02-27T19:00:00.0,19,39080.355,1.0,30210.41,47220.87,0.5397307608695654
2018-02-27T14:00:00.0,2018-02-27T20:00:00.0,20,39199.598,1.0,29368.783,47352.504,0.5859093476419086
2018-02-27T15:00:00.0,2018-02-27T21:00:00.0,21,39315.477,1.0,28877.906,46929.2,0.642033870658223
2018-02-27T16:00:00.0,2018-02-27T22:00:00.0,22,39573.06,1.0,30353.31,47799.79,0.552667017913593
2018-02-27T17:00:00.0,2018-02-27T23:00:00.0,23,40736.863,1.0,30219.877,48117.652,0.6582240206876732
2018-02-27T18:00:00.0,2018-02-28T00:00:00.0,0,40616.504,1.0,30220.588,48213.29,0.6412849565359695
2018-02-27T19:00:00.0,2018-02-28T01:00:00.0,1,39519.02,1.0,30504.102,46865.883,0.5937291423281236
2018-02-27T20:00:00.0,2018-02-28T02:00:00.0,2,37514.35,1.0,27141.523,45173.5,0.6368574587349922
2018-02-27T21:00:00.0,2018-02-28T03:00:00.0,3,34850.523,1.0,27350.084,44228.23,0.397920669122096
2018-02-27T22:00:00.0,2018-02-28T04:00:00.0,4,32436.436,1.0,25946.373,42429.844,0.3105029378145871
2018-02-27T23:00:00.0,2018-02-28T05:00:00.0,5,30872.5,1.0,21364.934,38856.55,0.5802847484341946
2018-02-28T00:00:00.0,2018-02-28T06:00:00.0,6,29985.281,1.0,22397.54,37064.92,0.5321134306532536
2018-02-28T01:00:00.0,2018-02-28T07:00:00.0,7,29460.85,1.0,21073.445,38837.47,0.4484649935316945
2018-02-28T02:00:00.0,2018-02-28T08:00:00.0,8,29469.268,1.0,22548.854,39824.727,0.32184976252786657
2018-02-28T03:00:00.0,2018-02-28T09:00:00.0,9,30357.115,1.0,22922.322,40851.51,0.34570080501749645
2018-02-28T04:00:00.0,2018-02-28T10:00:00.0,10,33008.84,1.0,24014.047,42158.59,0.492074873420958
2018-02-28T05:00:00.0,2018-02-28T11:00:00.0,11,36093.75,1.0,28397.19,41536.156,0.6550820634589293
2018-02-28T06:00:00.0,2018-02-28T12:00:00.0,12,36326.566,1.0,29337.021,43813.016,0.46817784703417936
2018-02-28T07:00:00.0,2018-02-28T13:00:00.0,13,37085.12,1.0,31403.877,44628.44,0.37162775806408643
2018-02-28T08:00:00.0,2018-02-28T14:00:00.0,14,38163.676,1.0,29137.984,47172.098,0.5008887791122499
2018-02-28T09:00:00.0,2018-02-28T15:00:00.0,15,39088.746,1.0,34796.76,41778.41,0.7032800680569282
2018-02-28T10:00:00.0,2018-02-28T16:00:00.0,16,39631.684,1.0,35378.844,42447.773,0.681821178891254
2018-02-28T11:00:00.0,2018-02-28T17:00:00.0,17,40344.363,1.0,30896.799,46538.094,0.6857713887215898
2018-02-28T12:00:00.0,2018-02-28T18:00:00.0,18,40830.05,1.0,29560.309,47457.25,0.7268809472177649
2018-02-28T13:00:00.0,2018-02-28T19:00:00.0,19,40962.934,1.0,29458.725,48544.79,0.6836892329540536
2018-02-28T14:00:00.0,2018-02-28T20:00:00.0,20,41044.31,1.0,29045.285,48497.215,0.7066559384696637
2018-02-28T15:00:00.0,2018-02-28T21:00:00.0,21,40825.383,1.0,29068.97,48634.06,0.6806033958438928
2018-02-28T16:00:00.0,2018-02-28T22:00:00.0,22,40709.473,1.0,29596.885,49156.848,0.6243621358347611
2018-02-28T17:00:00.0,2018-02-28T23:00:00.0,23,41645.188,1.0,29929.828,49545.305,0.6745224294677538
2018-02-28T18:00:00.0,2018-03-01T00:00:00.0,0,41481.387,1.0,29748.932,49355.254,0.676449483303442
2018-02-28T19:00:00.0,2018-03-01T01:00:00.0,1,40447.324,1.0,29816.945,47538.9,0.678861813199792
2018-02-28T20:00:00.0,2018-03-01T02:00:00.0,2,38575.02,1.0,27492.22,46438.91,0.6536511024056598
2018-02-28T21:00:00.0,2018-03-01T03:00:00.0,3,36091.434,1.0,27069.145,44282.938,0.5446941727289284
2018-02-28T22:00:00.0,2018-03-01T04:00:00.0,4,33153.44,1.0,25281.412,41091.566,0.4961202089569764
2018-02-28T23:00:00.0,2018-03-01T05:00:00.0,5,31543.283,1.0,23264.928,38214.92,0.5987101520944651
2018-03-01T00:00:00.0,2018-03-01T06:00:00.0,6,30348.955,1.0,21283.396,39726.72,0.4842948369838494
2018-03-01T01:00:00.0,2018-03-01T07:00:00.0,7,29618.602,1.0,19577.21,39220.65,0.5207474608398797
2018-03-01T02:00:00.0,2018-03-01T08:00:00.0,8,29474.758,1.0,21169.91,38600.42,0.456386702217708
2018-03-01T03:00:00.0,2018-03-01T09:00:00.0,9,30364.424,1.0,22141.764,40932.34,0.3857828086846239
2018-03-01T04:00:00.0,2018-03-01T10:00:00.0,10,33020.734,1.0,23663.148,42064.918,0.5158009373582623
2018-03-01T05:00:00.0,2018-03-01T11:00:00.0,11,36096.742,1.0,27681.379,41703.6,0.6793684989908881
2018-03-01T06:00:00.0,2018-03-01T12:00:00.0,12,36179.703,1.0,29049.18,43843.875,0.46656556188762266
2018-03-01T07:00:00.0,2018-03-01T13:00:00.0,13,36637.652,1.0,31228.24,43863.65,0.3690213555146504
2018-03-01T08:00:00.0,2018-03-01T14:00:00.0,14,37178.13,1.0,28495.576,47407.734,0.4245431408464281
2018-03-01T09:00:00.0,2018-03-01T15:00:00.0,15,37605.438,1.0,33375.22,42361.402,0.44587315875613753
2018-03-01T10:00:00.0,2018-03-01T16:00:00.0,16,37815.02,1.0,33160.29,42782.74,0.4698416724310198
2018-03-01T11:00:00.0,2018-03-01T17:00:00.0,17,38036.832,1.0,28676.596,48237.387,0.46019679941016917
2018-03-01T12:00:00.0,2018-03-01T18:00:00.0,18,38220.97,1.0,28889.607,47270.824,0.5142094428915954
2018-03-01T13:00:00.0,2018-03-01T19:00:00.0,19,38168.168,1.0,28102.775,47748.926,0.5228799207958134
2018-03-01T14:00:00.0,2018-03-01T20:00:00.0,20,38180.82,1.0,27666.682,47729.285,0.5445743702886563
2018-03-01T15:00:00.0,2018-03-01T21:00:00.0,21,37894.44,1.0,27597.326,47884.348,0.5140498285714291
2018-03-01T16:00:00.0,2018-03-01T22:00:00.0,22,37636.13,1.0,28285.951,48434.324,0.433615416079625
2018-03-01T17:00:00.0,2018-03-01T23:00:00.0,23,39031.055,1.0,28826.684,48901.996,0.5154092983720459
2018-03-01T18:00:00.0,2018-03-02T00:00:00.0,0,39251.766,1.0,30045.5,49877.246,0.43389450159762166
2018-03-01T19:00:00.0,2018-03-02T01:00:00.0,1,38505.777,1.0,27422.312,47674.06,0.587058528502978
2018-03-01T20:00:00.0,2018-03-02T02:00:00.0,2,36709.34,1.0,24671.41,44544.54,0.6886222784052157
2018-03-01T21:00:00.0,2018-03-02T03:00:00.0,3,34284.965,1.0,22927.87,42368.28,0.6523721684845384
2018-03-01T22:00:00.0,2018-03-02T04:00:00.0,4,32176.857,1.0,21312.832,40079.7,0.6432054121903497
2018-03-01T23:00:00.0,2018-03-02T05:00:00.0,5,30834.945,1.0,19847.555,39938.426,0.5863335319502373
2018-03-02T00:00:00.0,2018-03-02T06:00:00.0,6,30231.428,1.0,21261.893,37221.055,0.6135510436052017
2018-03-02T01:00:00.0,2018-03-02T07:00:00.0,7,30013.922,1.0,21417.219,36167.594,0.6499931891307921
2018-03-02T02:00:00.0,2018-03-02T08:00:00.0,8,30412.744,1.0,22164.014,35927.957,0.677953428390676
2018-03-02T03:00:00.0,2018-03-02T09:00:00.0,9,31831.26,1.0,23466.148,39502.797,0.5400713020677599
2018-03-02T04:00:00.0,2018-03-02T10:00:00.0,10,35152.773,1.0,25291.598,39784.98,0.7993427148694001
2018-03-02T05:00:00.0,2018-03-02T11:00:00.0,11,38492.574,1.0,28875.355,39769.383,0.9623329481742146
2018-03-02T06:00:00.0,2018-03-02T12:00:00.0,12,38229.55,1.0,28945.791,41241.332,0.8822675946727754
2018-03-02T07:00:00.0,2018-03-02T13:00:00.0,13,37553.58,1.0,30684.164,41918.152,0.6980053673750637
2018-03-02T08:00:00.0,2018-03-02T14:00:00.0,14,37223.42,1.0,28897.129,43877.836,0.6024171001494764
2018-03-02T09:00:00.0,2018-03-02T15:00:00.0,15,36864.715,1.0,33160.016,41515.17,0.3961564027789683
2018-03-02T10:00:00.0,2018-03-02T16:00:00.0,16,36651.15,1.0,32221.16,41341.15,0.47356218642725195
2018-03-02T11:00:00.0,2018-03-02T17:00:00.0,17,36627.332,1.0,29249.178,43522.3,0.5313844160891257
2018-03-02T12:00:00.0,2018-03-02T18:00:00.0,18,36926.05,1.0,27996.947,43964.105,0.6085361201799564
2018-03-02T13:00:00.0,2018-03-02T19:00:00.0,19,36998.48,1.0,28031.748,44608.297,0.5755072368131628
2018-03-02T14:00:00.0,2018-03-02T20:00:00.0,20,36935.12,1.0,28542.514,43929.13,0.5837286337380648
2018-03-02T15:00:00.0,2018-03-02T21:00:00.0,21,36788.773,1.0,28539.604,43489.637,0.595187190929924
2018-03-02T16:00:00.0,2018-03-02T22:00:00.0,22,36450.535,1.0,29663.674,43959.477,0.45323360941249374
2018-03-02T17:00:00.0,2018-03-02T23:00:00.0,23,37158.645,1.0,28983.512,45027.94,0.5176844380736594
2018-03-02T18:00:00.0,2018-03-03T00:00:00.0,0,36969.527,1.0,30032.357,45348.234,0.41334774164515314
2018-03-02T19:00:00.0,2018-03-03T01:00:00.0,1,36137.875,1.0,28852.803,45082.824,0.40597895649082283
2018-03-02T20:00:00.0,2018-03-03T02:00:00.0,2,34996.426,1.0,27388.209,43713.785,0.43721292349113783
2018-03-02T21:00:00.0,2018-03-03T03:00:00.0,3,33282.08,1.0,25929.785,42209.203,0.4109747075208913
2018-03-02T22:00:00.0,2018-03-03T04:00:00.0,4,31456.537,1.0,24813.59,39052.965,0.4381087303220498
2018-03-02T23:00:00.0,2018-03-03T05:00:00.0,5,30155.797,1.0,21414.168,38338.03,0.5306454643781888
2018-03-03T00:00:00.0,2018-03-03T06:00:00.0,6,29288.44,1.0,20912.318,37678.184,0.49924614771519643
2018-03-03T01:00:00.0,2018-03-03T07:00:00.0,7,28963.459,1.0,20452.941,37364.227,0.5060223444067646
2018-03-03T02:00:00.0,2018-03-03T08:00:00.0,8,28941.594,1.0,21078.053,36785.535,0.5011580589131899
2018-03-03T03:00:00.0,2018-03-03T09:00:00.0,9,29400.4,1.0,22268.072,38271.477,0.40022952629918424
2018-03-03T04:00:00.0,2018-03-03T10:00:00.0,10,30623.791,1.0,24484.348,38741.395,0.37344045438796225
2018-03-03T05:00:00.0,2018-03-03T11:00:00.0,11,31974.61,1.0,27416.19,38513.938,0.3389867733756914
2018-03-03T06:00:00.0,2018-03-03T12:00:00.0,12,33121.086,1.0,27686.713,40130.453,0.384218379305417
2018-03-03T07:00:00.0,2018-03-03T13:00:00.0,13,34176.625,1.0,30118.904,39598.695,0.3688881509768108
2018-03-03T08:00:00.0,2018-03-03T14:00:00.0,14,34734.316,1.0,29028.771,41563.83,0.4173880391844767
2018-03-03T09:00:00.0,2018-03-03T15:00:00.0,15,34908.164,1.0,34248.04,36137.195,0.24180269474987967
2018-03-03T10:00:00.0,2018-03-03T16:00:00.0,16,34868.684,1.0,34413.156,36581.574,0.08872818870316675
2018-03-03T11:00:00.0,2018-03-03T17:00:00.0,17,34727.703,1.0,30682.738,40441.543,0.34538960126471185
2018-03-03T12:00:00.0,2018-03-03T18:00:00.0,18,34574.523,1.0,28268.5,43534.223,0.3429726573465834
2018-03-03T13:00:00.0,2018-03-03T19:00:00.0,19,34591.934,1.0,28150.424,44357.414,0.31665276403944403
2018-03-03T14:00:00.0,2018-03-03T20:00:00.0,20,34608.223,1.0,28192.348,44055.258,0.3283387522432174
2018-03-03T15:00:00.0,2018-03-03T21:00:00.0,21,34678.77,1.0,28338.764,44120.73,0.32376233421750655
2018-03-03T16:00:00.0,2018-03-03T22:00:00.0,22,35070.75,1.0,29126.22,45248.336,0.27066804036358055
2018-03-03T17:00:00.0,2018-03-03T23:00:00.0,23,36166.934,1.0,27764.893,45468.215,0.45297078801516877
2018-03-03T18:00:00.0,2018-03-04T00:00:00.0,0,35963.316,1.0,28007.258,45693.555,0.40774429037520366
2018-03-03T19:00:00.0,2018-03-04T01:00:00.0,1,35214.293,1.0,30050.559,44203.68,0.26475672649361
2018-03-03T20:00:00.0,2018-03-04T02:00:00.0,2,34082.844,1.0,28214.506,42673.223,0.33070969708337206
2018-03-03T21:00:00.0,2018-03-04T03:00:00.0,3,32601.021,1.0,26897.863,40977.176,0.3293700047573741
2018-03-03T22:00:00.0,2018-03-04T04:00:00.0,4,30901.37,1.0,24994.938,38344.62,0.3944313530777384
2018-03-03T23:00:00.0,2018-03-04T05:00:00.0,5,29612.883,1.0,20907.332,37676.2,0.5354950216665014
2018-03-04T00:00:00.0,2018-03-04T06:00:00.0,6,28663.373,1.0,24415.338,32820.35,0.5100536246276064
2018-03-04T01:00:00.0,2018-03-04T07:00:00.0,7,27972.076,1.0,23213.904,33317.58,0.44621868005895526
2018-03-04T02:00:00.0,2018-03-04T08:00:00.0,8,27712.818,1.0,23969.455,32295.148,0.40733441628763245
2018-03-04T03:00:00.0,2018-03-04T09:00:00.0,9,27762.672,1.0,24156.402,33413.848,0.30368675844100956
2018-03-04T04:00:00.0,2018-03-04T10:00:00.0,10,28241.299,1.0,26375.424,33042.637,0.1529019118869491
2018-03-04T05:00:00.0,2018-03-04T11:00:00.0,11,29045.398,1.0,28399.852,34040.55,0.03668065628645332
2018-03-04T06:00:00.0,2018-03-04T12:00:00.0,12,30076.008,1.0,28438.426,36475.562,0.08415423803566136
2018-03-04T07:00:00.0,2018-03-04T13:00:00.0,13,31935.24,1.0,30720.281,37097.76,0.07506473410017027
2018-03-04T08:00:00.0,2018-03-04T14:00:00.0,14,33476.51,1.0,30312.06,38699.395,0.2840412790478701
2018-03-04T09:00:00.0,2018-03-04T15:00:00.0,15,34546.17,1.0,32245.979,38623.973,0.258384671242182
2018-03-04T10:00:00.0,2018-03-04T16:00:00.0,16,35293.418,1.0,32505.014,39227.688,0.3458737282301038
2018-03-04T11:00:00.0,2018-03-04T17:00:00.0,17,35869.496,1.0,33775.58,40164.023,0.21148212765957455
2018-03-04T12:00:00.0,2018-03-04T18:00:00.0,18,36194.27,1.0,31053.213,42846.902,0.3827967187900535
2018-03-04T13:00:00.0,2018-03-04T19:00:00.0,19,36457.36,1.0,29320.39,42771.992,0.5565416575552158
2018-03-04T14:00:00.0,2018-03-04T20:00:00.0,20,36767.31,1.0,28811.162,44259.273,0.527862770256496
2018-03-04T15:00:00.0,2018-03-04T21:00:00.0,21,37123.49,1.0,30221.436,43663.273,0.5249943496596013
2018-03-04T16:00:00.0,2018-03-04T22:00:00.0,22,37572.184,1.0,30060.283,44331.754,0.5488000103380544
2018-03-04T17:00:00.0,2018-03-04T23:00:00.0,23,38879.707,1.0,30357.63,44574.293,0.6781927725034748
2018-03-04T18:00:00.0,2018-03-05T00:00:00.0,0,39141.043,1.0,29762.771,44335.07,0.7479099474078096
2018-03-04T19:00:00.0,2018-03-05T01:00:00.0,1,38249.133,1.0,30262.418,42280.61,0.7780259354284453
2018-03-04T20:00:00.0,2018-03-05T02:00:00.0,2,36701.797,1.0,29732.652,39443.734,0.8443345812313099
2018-03-04T21:00:00.0,2018-03-05T03:00:00.0,3,34293.88,1.0,27672.29,39252.13,0.6308668730650151
2018-03-04T22:00:00.0,2018-03-05T04:00:00.0,4,31977.701,1.0,25362.92,36866.477,0.6364627008619773
2018-03-04T23:00:00.0,2018-03-05T05:00:00.0,5,30336.646,1.0,24563.54,35240.258,0.5751255955328634
2018-03-05T00:00:00.0,2018-03-05T06:00:00.0,6,29446.67,1.0,25525.627,30494.78,0.9106580096663363
2018-03-05T01:00:00.0,2018-03-05T07:00:00.0,7,28969.432,1.0,23475.62,31621.016,0.7915135336881737
2018-03-05T02:00:00.0,2018-03-05T08:00:00.0,8,29005.025,1.0,24833.918,31042.03,0.7880383183709222
2018-03-05T03:00:00.0,2018-03-05T09:00:00.0,9,29980.252,1.0,24930.826,33491.734,0.6619887938544392
2018-03-05T04:00:00.0,2018-03-05T10:00:00.0,10,32711.344,0.0,28555.059,32072.277,1.0
2018-03-05T05:00:00.0,2018-03-05T11:00:00.0,11,35863.438,0.0,29467.398,35033.45,1.0
2018-03-05T06:00:00.0,2018-03-05T12:00:00.0,12,36215.766,1.0,28909.47,37460.348,0.9504056965116581
2018-03-05T07:00:00.0,2018-03-05T13:00:00.0,13,36992.97,1.0,32179.58,38515.426,0.8864710072659925
2018-03-05T08:00:00.0,2018-03-05T14:00:00.0,14,38213.844,1.0,33286.37,39733.57,0.8905618729096989
2018-03-05T09:00:00.0,2018-03-05T15:00:00.0,15,39153.184,1.0,34343.625,40014.426,0.9472105943858501
2018-03-05T10:00:00.0,2018-03-05T16:00:00.0,16,39683.38,1.0,35984.984,41686.78,0.7553661664742845
2018-03-05T11:00:00.0,2018-03-05T17:00:00.0,17,40105.824,1.0,36419.684,42015.68,0.7698722665031678
2018-03-05T12:00:00.0,2018-03-05T18:00:00.0,18,40449.56,1.0,32815.34,44322.63,0.7764532712546678
2018-03-05T13:00:00.0,2018-03-05T19:00:00.0,19,40661.098,1.0,31757.842,45040.543,0.7858757674989764
2018-03-05T14:00:00.0,2018-03-05T20:00:00.0,20,40514.59,1.0,28225.436,45346.062,0.8445003399048263
2018-03-05T15:00:00.0,2018-03-05T21:00:00.0,21,40091.043,1.0,29135.062,45270.75,0.7974910708434366
2018-03-05T16:00:00.0,2018-03-05T22:00:00.0,22,39836.07,1.0,28492.596,46364.32,0.734578924481809
2018-03-05T17:00:00.0,2018-03-05T23:00:00.0,23,40799.336,1.0,30253.184,44950.844,0.8442138127630054
2018-03-05T18:00:00.0,2018-03-06T00:00:00.0,0,40516.76,1.0,29374.102,44788.684,0.8501114206128135
2018-03-05T19:00:00.0,2018-03-06T01:00:00.0,1,38994.598,1.0,31875.398,41118.973,0.8955484608699628
2018-03-05T20:00:00.0,2018-03-06T02:00:00.0,2,36763.78,1.0,31806.875,38067.133,0.9126318769572099
2018-03-05T21:00:00.0,2018-03-06T03:00:00.0,3,33905.87,1.0,27990.857,37612.996,0.7032432432432436
2018-03-05T22:00:00.0,2018-03-06T04:00:00.0,4,31417.17,1.0,26007.082,35453.04,0.6324764884478667
2018-03-05T23:00:00.0,2018-03-06T05:00:00.0,5,29995.172,1.0,25837.645,33641.934,0.5605047636926828
2018-03-06T00:00:00.0,2018-03-06T06:00:00.0,6,29292.852,1.0,23389.31,32541.818,0.7500754234579735
2018-03-06T01:00:00.0,2018-03-06T07:00:00.0,7,29080.328,1.0,21345.97,34214.02,0.6808744011610733
2018-03-06T02:00:00.0,2018-03-06T08:00:00.0,8,29440.016,1.0,23216.842,33073.59,0.7294575780007245
2018-03-06T03:00:00.0,2018-03-06T09:00:00.0,9,30871.4,1.0,24325.39,39102.53,0.39540296770439365
2018-03-06T04:00:00.0,2018-03-06T10:00:00.0,10,34318.19,1.0,27871.096,34898.34,0.9735523424520142
2018-03-06T05:00:00.0,2018-03-06T11:00:00.0,11,38008.156,1.0,30887.533,40880.9,0.8386110950625705
2018-03-06T06:00:00.0,2018-03-06T12:00:00.0,12,37794.59,1.0,30068.41,44820.938,0.5439337150572583
2018-03-06T07:00:00.0,2018-03-06T13:00:00.0,13,37164.28,1.0,33451.57,43811.734,0.2549767126645612
2018-03-06T08:00:00.0,2018-03-06T14:00:00.0,14,36709.188,1.0,34926.32,43221.918,0.09242425964872418
2018-03-06T09:00:00.0,2018-03-06T15:00:00.0,15,36318.465,1.0,35869.75,40913.883,0.028169430963681723
2018-03-06T10:00:00.0,2018-03-06T16:00:00.0,16,36013.88,1.0,34647.35,40410.19,0.1106719924812031
2018-03-06T11:00:00.0,2018-03-06T17:00:00.0,17,35926.543,1.0,33905.04,40156.895,0.20559586478087094
2018-03-06T12:00:00.0,2018-03-06T18:00:00.0,18,35930.457,1.0,28511.49,44411.082,0.43828075146572687
2018-03-06T13:00:00.0,2018-03-06T19:00:00.0,19,35887.207,1.0,26007.604,46238.086,0.47839178448465364
2018-03-06T14:00:00.0,2018-03-06T20:00:00.0,20,35978.37,1.0,25473.188,45689.035,0.5364218555644987
2018-03-06T15:00:00.0,2018-03-06T21:00:00.0,21,36053.8,1.0,25510.033,45643.586,0.5438826396013487
2018-03-06T16:00:00.0,2018-03-06T22:00:00.0,22,36293.812,1.0,25943.346,46118.758,0.5241577449270037
2018-03-06T17:00:00.0,2018-03-06T23:00:00.0,23,37973.805,1.0,26343.057,46572.06,0.6363466060375533
2018-03-06T18:00:00.0,2018-03-07T00:00:00.0,0,38303.61,1.0,26639.229,46698.72,0.6477014074777652
2018-03-06T19:00:00.0,2018-03-07T01:00:00.0,1,37488.293,1.0,29827.775,44346.336,0.5511544305720868
2018-03-06T20:00:00.0,2018-03-07T02:00:00.0,2,35787.78,1.0,31770.453,41367.223,0.35247513852040363
2018-03-06T21:00:00.0,2018-03-07T03:00:00.0,3,33404.637,1.0,27524.133,40219.168,0.43205291325860856
2018-03-06T22:00:00.0,2018-03-07T04:00:00.0,4,31482.771,1.0,24854.945,37693.363,0.5301326420393176
2018-03-06T23:00:00.0,2018-03-07T05:00:00.0,5,30420.021,1.0,25473.152,34291.9,0.611628216503993
2018-03-07T00:00:00.0,2018-03-07T06:00:00.0,6,30052.188,1.0,21566.854,36764.914,0.6069244551316052
2018-03-07T01:00:00.0,2018-03-07T07:00:00.0,7,30024.479,1.0,21488.293,38245.656,0.5174397316981382
2018-03-07T02:00:00.0,2018-03-07T08:00:00.0,8,30555.611,1.0,24473.934,37176.902,0.46064072893469016
2018-03-07T03:00:00.0,2018-03-07T09:00:00.0,9,32463.62,1.0,24578.46,40161.03,0.5111801885444933
2018-03-07T04:00:00.0,2018-03-07T10:00:00.0,10,36267.16,1.0,28518.424,37640.953,0.9478717019590084
2018-03-07T05:00:00.0,2018-03-07T11:00:00.0,11,40000.38,1.0,30570.086,41228.64,0.9630358490882556
2018-03-07T06:00:00.0,2018-03-07T12:00:00.0,12,39642.527,1.0,29323.203,43837.28,0.8368235808902503
2018-03-07T07:00:00.0,2018-03-07T13:00:00.0,13,38843.832,1.0,30865.094,44280.934,0.670293075041191
2018-03-07T08:00:00.0,2018-03-07T14:00:00.0,14,38168.406,1.0,32819.688,44500.695,0.42235461214296915
2018-03-07T09:00:00.0,2018-03-07T15:00:00.0,15,37464.184,1.0,34150.895,40511.023,0.5388180232558144
2018-03-07T10:00:00.0,2018-03-07T16:00:00.0,16,36716.19,1.0,32340.285,40800.816,0.5319165209790219
2018-03-07T11:00:00.0,2018-03-07T17:00:00.0,17,36138.598,1.0,30314.152,39855.04,0.6963548161180668
2018-03-07T12:00:00.0,2018-03-07T18:00:00.0,18,35832.25,1.0,27803.512,42233.48,0.6034782608695655
2018-03-07T13:00:00.0,2018-03-07T19:00:00.0,19,35496.844,1.0,24950.893,44933.324,0.551384094505575
2018-03-07T14:00:00.0,2018-03-07T20:00:00.0,20,35449.164,1.0,25665.512,43700.26,0.5783520693908086
2018-03-07T15:00:00.0,2018-03-07T21:00:00.0,21,35521.004,1.0,26202.12,43838.395,0.5525457085079324
2018-03-07T16:00:00.0,2018-03-07T22:00:00.0,22,36048.64,1.0,26855.826,44264.395,0.5519383897266925
2018-03-07T17:00:00.0,2018-03-07T23:00:00.0,23,37954.863,1.0,27075.293,44137.723,0.7390238369548714
2018-03-07T18:00:00.0,2018-03-08T00:00:00.0,0,38665.406,1.0,27212.988,44798.66,0.7591673458525311
2018-03-07T19:00:00.0,2018-03-08T01:00:00.0,1,38173.082,1.0,27371.502,43101.87,0.8074154252586778
2018-03-07T20:00:00.0,2018-03-08T02:00:00.0,2,36741.223,1.0,27849.627,40732.105,0.8118914099548907
2018-03-07T21:00:00.0,2018-03-08T03:00:00.0,3,34530.152,1.0,25622.92,40270.727,0.6924779706275037
2018-03-07T22:00:00.0,2018-03-08T04:00:00.0,4,32732.615,1.0,24877.875,39945.023,0.5394998159283351
2018-03-07T23:00:00.0,2018-03-08T05:00:00.0,5,31734.834,1.0,25804.162,36543.617,0.5959974478230937
2018-03-08T00:00:00.0,2018-03-08T06:00:00.0,6,31369.35,1.0,22725.656,38587.22,0.5828170705211035
2018-03-08T01:00:00.0,2018-03-08T07:00:00.0,7,31349.854,1.0,24401.723,36640.27,0.6236491278650712
2018-03-08T02:00:00.0,2018-03-08T08:00:00.0,8,31806.29,1.0,25834.438,36699.746,0.5912977745324194
2018-03-08T03:00:00.0,2018-03-08T09:00:00.0,9,33423.832,1.0,26171.074,39016.266,0.6181709056170136
2018-03-08T04:00:00.0,2018-03-08T10:00:00.0,10,36846.71,1.0,26164.01,40328.43,0.8814925753616722
2018-03-08T05:00:00.0,2018-03-08T11:00:00.0,11,40232.69,0.0,31861.459,38895.08,1.0
2018-03-08T06:00:00.0,2018-03-08T12:00:00.0,12,39991.598,1.0,29938.682,43360.418,0.8766142366981247
2018-03-08T07:00:00.0,2018-03-08T13:00:00.0,13,39127.137,1.0,29776.867,40764.844,0.948671370418073
2018-03-08T08:00:00.0,2018-03-08T14:00:00.0,14,38339.957,1.0,30303.168,41514.613,0.8434359892038322
2018-03-08T09:00:00.0,2018-03-08T15:00:00.0,15,37494.56,1.0,34052.42,39051.61,0.8098127148647948
2018-03-08T10:00:00.0,2018-03-08T16:00:00.0,16,36637.594,1.0,32962.465,39063.31,0.683098553394375
2018-03-08T11:00:00.0,2018-03-08T17:00:00.0,17,36044.414,1.0,32796.832,38703.83,0.5915856152883341
2018-03-08T12:00:00.0,2018-03-08T18:00:00.0,18,35792.566,1.0,28193.355,41955.1,0.5959363207547166
2018-03-08T13:00:00.0,2018-03-08T19:00:00.0,19,35572.25,1.0,25957.064,43501.13,0.5884637174728875
2018-03-08T14:00:00.0,2018-03-08T20:00:00.0,20,35536.832,1.0,25632.91,43613.62,0.5934298121571343
2018-03-08T15:00:00.0,2018-03-08T21:00:00.0,21,35513.824,1.0,26199.408,43517.703,0.5698692948690838
2018-03-08T16:00:00.0,2018-03-08T22:00:00.0,22,35900.934,1.0,27658.648,44409.76,0.48523700906846207
2018-03-08T17:00:00.0,2018-03-08T23:00:00.0,23,37545.973,1.0,27932.36,45225.613,0.6026249546796496
2018-03-08T18:00:00.0,2018-03-09T00:00:00.0,0,38024.594,1.0,27517.223,45240.492,0.667130943728243
2018-03-08T19:00:00.0,2018-03-09T01:00:00.0,1,37520.598,1.0,28981.322,44393.695,0.5992813852813853
2018-03-08T20:00:00.0,2018-03-09T02:00:00.0,2,35963.945,1.0,30284.434,41826.855,0.48525823557769565
2018-03-08T21:00:00.0,2018-03-09T03:00:00.0,3,33694.43,1.0,27301.297,40983.13,0.4394859988220811
2018-03-08T22:00:00.0,2018-03-09T04:00:00.0,4,31769.404,1.0,25360.148,39331.715,0.4238806749226812
2018-03-08T23:00:00.0,2018-03-09T05:00:00.0,5,30706.357,1.0,23400.89,37082.754,0.5627559666430189
2018-03-09T00:00:00.0,2018-03-09T06:00:00.0,6,30156.727,1.0,22594.43,37168.46,0.535012115753016
2018-03-09T01:00:00.0,2018-03-09T07:00:00.0,7,30004.115,1.0,24238.244,34796.277,0.5849327423594294
2018-03-09T02:00:00.0,2018-03-09T08:00:00.0,8,30294.654,1.0,24809.219,35180.18,0.5535194015563788
2018-03-09T03:00:00.0,2018-03-09T09:00:00.0,9,31599.22,1.0,25022.889,38603.703,0.47076797162733613
2018-03-09T04:00:00.0,2018-03-09T10:00:00.0,10,34500.617,1.0,25547.408,40090.18,0.7047156086846145
2018-03-09T05:00:00.0,2018-03-09T11:00:00.0,11,37408.246,1.0,31055.578,38581.617,0.9451265175587292
2018-03-09T06:00:00.0,2018-03-09T12:00:00.0,12,37253.938,1.0,29559.516,41769.62,0.7276049175534282
2018-03-09T07:00:00.0,2018-03-09T13:00:00.0,13,36863.938,1.0,31195.87,42314.65,0.5181357911418808
2018-03-09T08:00:00.0,2018-03-09T14:00:00.0,14,36609.715,1.0,31207.54,42011.57,0.5000274862139452
2018-03-09T09:00:00.0,2018-03-09T15:00:00.0,15,36438.387,1.0,34417.355,39265.49,0.34945872370514564
2018-03-09T10:00:00.0,2018-03-09T16:00:00.0,16,36245.48,1.0,34547.164,38764.92,0.32532555185008866
2018-03-09T11:00:00.0,2018-03-09T17:00:00.0,17,36122.83,1.0,33848.73,40235.36,0.25155303473277973
2018-03-09T12:00:00.0,2018-03-09T18:00:00.0,18,36163.297,1.0,29559.576,43658.84,0.44150958403963975
2018-03-09T13:00:00.0,2018-03-09T19:00:00.0,19,35880.312,1.0,28934.598,46930.582,0.2978620997234858
2018-03-09T14:00:00.0,2018-03-09T20:00:00.0,20,35692.543,1.0,28976.602,44682.566,0.36812800641368204
2018-03-09T15:00:00.0,2018-03-09T21:00:00.0,21,35597.164,1.0,29177.107,45045.656,0.3285391385095916
2018-03-09T16:00:00.0,2018-03-09T22:00:00.0,22,35884.047,1.0,29939.43,45309.65,0.2991509828086812
2018-03-09T17:00:00.0,2018-03-09T23:00:00.0,23,36843.89,1.0,29673.838,45325.355,0.42273233464576093
2018-03-09T18:00:00.0,2018-03-10T00:00:00.0,0,36692.754,1.0,29736.785,45722.906,0.38139107991144444
2018-03-09T19:00:00.0,2018-03-10T01:00:00.0,1,35975.383,1.0,28611.8,43819.87,0.470679440174428
2018-03-09T20:00:00.0,2018-03-10T02:00:00.0,2,34645.414,1.0,28354.977,39329.707,0.6332348582628229
2018-03-09T21:00:00.0,2018-03-10T03:00:00.0,3,33066.832,1.0,25350.242,38542.414,0.6536348043037583
2018-03-09T22:00:00.0,2018-03-10T04:00:00.0,4,31138.516,1.0,24187.93,35091.46,0.7387630148281695
2018-03-09T23:00:00.0,2018-03-10T05:00:00.0,5,29732.252,1.0,23546.824,34182.3,0.6478657047001727
2018-03-10T00:00:00.0,2018-03-10T06:00:00.0,6,28840.812,1.0,21425.662,37126.27,0.4486995620711459
2018-03-10T01:00:00.0,2018-03-10T07:00:00.0,7,28310.19,1.0,21782.404,35921.277,0.4292682234916374
2018-03-10T02:00:00.0,2018-03-10T08:00:00.0,8,28191.096,1.0,22847.645,35939.746,0.3345649922320043
2018-03-10T03:00:00.0,2018-03-10T09:00:00.0,9,28476.88,1.0,23503.006,36996.29,0.27051219512195135
2018-03-10T04:00:00.0,2018-03-10T10:00:00.0,10,29416.182,1.0,24840.793,37650.91,0.25319335276967947
2018-03-10T05:00:00.0,2018-03-10T11:00:00.0,11,30586.188,1.0,29917.51,35631.11,0.03760624381939474
2018-03-10T06:00:00.0,2018-03-10T12:00:00.0,12,31898.133,1.0,29165.902,38743.527,0.158902879363022
2018-03-10T07:00:00.0,2018-03-10T13:00:00.0,13,33694.63,1.0,30228.156,39246.926,0.29529850480598074
2018-03-10T08:00:00.0,2018-03-10T14:00:00.0,14,35064.59,1.0,31552.652,38850.387,0.46521955051055225
2018-03-10T09:00:00.0,2018-03-10T15:00:00.0,15,36326.504,1.0,34496.51,36804.598,0.913396226415095
2018-03-10T10:00:00.0,2018-03-10T16:00:00.0,16,37433.16,0.0,35928.08,37373.71,1.0
2018-03-10T11:00:00.0,2018-03-10T17:00:00.0,17,38530.074,1.0,35085.9,39244.7,0.9364654305423743
2018-03-10T12:00:00.0,2018-03-10T18:00:00.0,18,39634.535,1.0,30527.457,43997.66,0.7936577108764772
2018-03-10T13:00:00.0,2018-03-10T19:00:00.0,19,40733.766,1.0,30392.44,46873.176,0.72343072981425
2018-03-10T14:00:00.0,2018-03-10T20:00:00.0,20,41513.344,1.0,30361.541,45756.82,0.8517019020204664
2018-03-10T15:00:00.0,2018-03-10T21:00:00.0,21,41599.22,1.0,30484.637,45518.84,0.867164409694234
2018-03-10T16:00:00.0,2018-03-10T22:00:00.0,22,40858.582,1.0,30813.275,45820.61,0.7846122493342754
2018-03-10T17:00:00.0,2018-03-10T23:00:00.0,23,40893.848,1.0,30402.602,46339.72,0.7692714257521661
2018-03-10T18:00:00.0,2018-03-11T00:00:00.0,0,40245.727,1.0,30689.074,45526.45,0.7486938179621427
2018-03-10T19:00:00.0,2018-03-11T01:00:00.0,1,38901.875,1.0,29997.537,43221.64,0.7900237888192547
2018-03-10T20:00:00.0,2018-03-11T02:00:00.0,2,37307.56,1.0,30612.488,37995.16,0.9707063187543953
2018-03-10T21:00:00.0,2018-03-11T03:00:00.0,3,35327.332,1.0,27179.074,37740.527,0.8966738458582205
2018-03-10T22:00:00.0,2018-03-11T04:00:00.0,4,33333.152,1.0,25493.914,37554.086,0.7573756078631114
2018-03-10T23:00:00.0,2018-03-11T05:00:00.0,5,31585.229,1.0,25074.797,35233.43,0.7438888235294117
2018-03-11T00:00:00.0,2018-03-11T06:00:00.0,6,30501.701,1.0,21972.83,37044.562,0.6204030200163876
2018-03-11T01:00:00.0,2018-03-11T07:00:00.0,7,29931.865,1.0,21862.148,34343.617,0.7522935951817394
2018-03-11T02:00:00.0,2018-03-11T08:00:00.0,8,29599.484,1.0,22365.852,33822.992,0.7294616895874265
2018-03-11T03:00:00.0,2018-03-11T09:00:00.0,9,29743.867,1.0,23594.463,35353.637,0.5425065872020075
2018-03-11T04:00:00.0,2018-03-11T10:00:00.0,10,30322.6,1.0,24741.438,35908.023,0.4996459794568359
2018-03-11T05:00:00.0,2018-03-11T11:00:00.0,11,31024.654,1.0,29002.293,35667.387,0.18020401319098944
2018-03-11T06:00:00.0,2018-03-11T12:00:00.0,12,32012.014,1.0,28357.557,37258.844,0.33865107776677544
2018-03-11T07:00:00.0,2018-03-11T13:00:00.0,13,33441.6,1.0,29579.258,40318.355,0.25690178074568687
2018-03-11T08:00:00.0,2018-03-11T14:00:00.0,14,34422.566,1.0,30733.398,39827.29,0.33038209200029744
2018-03-11T09:00:00.0,2018-03-11T15:00:00.0,15,35326.19,1.0,34023.21,37403.258,0.2971123248634555
2018-03-11T10:00:00.0,2018-03-11T16:00:00.0,16,36079.24,1.0,35200.277,38089.97,0.1811302105715504
2018-03-11T11:00:00.0,2018-03-11T17:00:00.0,17,36189.94,1.0,33834.297,39108.95,0.4018905982905979
2018-03-11T12:00:00.0,2018-03-11T18:00:00.0,18,35860.676,1.0,28687.207,43126.473,0.49406632390745503
2018-03-11T13:00:00.0,2018-03-11T19:00:00.0,19,35487.824,1.0,28276.502,43521.844,0.4500488713618661
2018-03-11T14:00:00.0,2018-03-11T20:00:00.0,20,35080.48,1.0,28833.08,42580.6,0.4160659955404858
2018-03-11T15:00:00.0,2018-03-11T21:00:00.0,21,34748.848,1.0,30621.885,43151.754,0.2136612170064114
2018-03-11T16:00:00.0,2018-03-11T22:00:00.0,22,34549.38,1.0,30468.418,43320.02,0.19799149649679595
2018-03-11T17:00:00.0,2018-03-11T23:00:00.0,23,35731.555,1.0,30046.373,44037.86,0.33149431831948234
2018-03-11T18:00:00.0,2018-03-12T00:00:00.0,0,35886.84,1.0,30412.062,42871.992,0.3889765914930053
2018-03-11T19:00:00.0,2018-03-12T01:00:00.0,1,34854.004,1.0,29927.637,41330.652,0.37590719910881426
2018-03-11T20:00:00.0,2018-03-12T02:00:00.0,2,32996.527,1.0,32236.73,39779.246,0.031778274021183786
2018-03-11T21:00:00.0,2018-03-12T03:00:00.0,3,31040.9,1.0,28673.947,39524.934,0.09495100417894885
2018-03-11T22:00:00.0,2018-03-12T04:00:00.0,4,29639.9,1.0,28228.252,37033.96,0.05714725635686435
2018-03-11T23:00:00.0,2018-03-12T05:00:00.0,5,29031.443,1.0,27099.434,34913.13,0.11981780791848133
2018-03-12T00:00:00.0,2018-03-12T06:00:00.0,6,28832.586,1.0,22581.229,36700.863,0.394973038811424
2018-03-12T01:00:00.0,2018-03-12T07:00:00.0,7,29213.117,1.0,22142.713,35567.145,0.5493981233428127
2018-03-12T02:00:00.0,2018-03-12T08:00:00.0,8,30505.797,1.0,22261.654,36210.81,0.6640060025030678
2018-03-12T03:00:00.0,2018-03-12T09:00:00.0,9,32999.62,1.0,24163.082,37892.27,0.748004309125335
2018-03-12T04:00:00.0,2018-03-12T10:00:00.0,10,36009.38,1.0,27165.975,38184.484,0.9203976712942228
2018-03-12T05:00:00.0,2018-03-12T11:00:00.0,11,37800.82,1.0,30556.719,38220.824,0.9806464989288116
2018-03-12T06:00:00.0,2018-03-12T12:00:00.0,12,38166.785,1.0,31197.701,41651.156,0.7809661521657153
2018-03-12T07:00:00.0,2018-03-12T13:00:00.0,13,38155.426,1.0,31366.059,41546.547,0.7812679930564828
2018-03-12T08:00:00.0,2018-03-12T14:00:00.0,14,37842.7,1.0,31569.938,42361.86,0.6472795557410196
2018-03-12T09:00:00.0,2018-03-12T15:00:00.0,15,37205.953,1.0,34749.613,39986.008,0.44282679681190956
2018-03-12T10:00:00.0,2018-03-12T16:00:00.0,16,36399.13,1.0,35130.625,39996.758,0.1328026231141175
2018-03-12T11:00:00.0,2018-03-12T17:00:00.0,17,35880.473,1.0,32265.957,40661.914,0.37323156125236384
2018-03-12T12:00:00.0,2018-03-12T18:00:00.0,18,35441.527,1.0,27786.967,43723.484,0.46351667730146795
2018-03-12T13:00:00.0,2018-03-12T19:00:00.0,19,35127.48,1.0,28281.12,43731.324,0.39565730584606845
2018-03-12T14:00:00.0,2018-03-12T20:00:00.0,20,34876.473,1.0,28138.055,43141.43,0.40645249684514134
2018-03-12T15:00:00.0,2018-03-12T21:00:00.0,21,34860.613,1.0,28878.385,41825.188,0.42994550063371323
2018-03-12T16:00:00.0,2018-03-12T22:00:00.0,22,35029.76,1.0,28274.734,43216.38,0.41181354697742206
2018-03-12T17:00:00.0,2018-03-12T23:00:00.0,23,36452.547,1.0,28446.707,43762.79,0.5420691897359327
2018-03-12T18:00:00.0,2018-03-13T00:00:00.0,0,36820.734,1.0,29506.371,43272.715,0.5579306108277016
2018-03-12T19:00:00.0,2018-03-13T01:00:00.0,1,35790.645,1.0,29770.074,41255.44,0.5448112344033522
2018-03-12T20:00:00.0,2018-03-13T02:00:00.0,2,33951.223,1.0,29442.95,39884.33,0.37546005947151423
2018-03-12T21:00:00.0,2018-03-13T03:00:00.0,3,32098.352,1.0,28016.877,39136.812,0.26809915996327377
2018-03-12T22:00:00.0,2018-03-13T04:00:00.0,4,31014.664,1.0,27202.674,36650.21,0.3267188940092167
2018-03-12T23:00:00.0,2018-03-13T05:00:00.0,5,30534.607,1.0,25771.986,35077.93,0.5218583912255905
2018-03-13T00:00:00.0,2018-03-13T06:00:00.0,6,30494.62,1.0,21579.436,36776.652,0.6565414288614676
2018-03-13T01:00:00.0,2018-03-13T07:00:00.0,7,30808.977,1.0,21739.156,37800.492,0.6182967014715488
2018-03-13T02:00:00.0,2018-03-13T08:00:00.0,8,31911.281,1.0,22509.123,38010.293,0.6899542595159399
2018-03-13T03:00:00.0,2018-03-13T09:00:00.0,9,34254.137,1.0,27070.904,39016.37,0.6813443552850034
2018-03-13T04:00:00.0,2018-03-13T10:00:00.0,10,36891.25,1.0,30160.352,39019.973,0.8864895102044975
2018-03-13T05:00:00.0,2018-03-13T11:00:00.0,11,38110.49,0.0,33926.535,37834.79,1.0
2018-03-13T06:00:00.0,2018-03-13T12:00:00.0,12,38051.613,1.0,33366.156,40379.754,0.7828361825018404
2018-03-13T07:00:00.0,2018-03-13T13:00:00.0,13,37570.52,1.0,33261.594,42328.254,0.45416456468673655
2018-03-13T08:00:00.0,2018-03-13T14:00:00.0,14,36920.305,1.0,30368.87,43966.875,0.46624954108480754
2018-03-13T09:00:00.0,2018-03-13T15:00:00.0,15,36287.016,1.0,34745.65,39330.637,0.2229909613804444
2018-03-13T10:00:00.0,2018-03-13T16:00:00.0,16,35872.81,1.0,33823.473,38236.676,0.4341626893546372
2018-03-13T11:00:00.0,2018-03-13T17:00:00.0,17,35473.184,1.0,31814.229,39618.066,0.4424155477031806
2018-03-13T12:00:00.0,2018-03-13T18:00:00.0,18,35240.47,1.0,26729.117,43490.31,0.5144758595504997
2018-03-13T13:00:00.0,2018-03-13T19:00:00.0,19,35112.195,1.0,28534.639,41796.53,0.49252812919838795
2018-03-13T14:00:00.0,2018-03-13T20:00:00.0,20,35273.434,1.0,28009.465,42268.61,0.517488520922489
2018-03-13T15:00:00.0,2018-03-13T21:00:00.0,21,35086.117,1.0,27076.604,42493.633,0.5361866784994724
2018-03-13T16:00:00.0,2018-03-13T22:00:00.0,22,35036.23,1.0,27324.67,42851.125,0.4938238106622046
2018-03-13T17:00:00.0,2018-03-13T23:00:00.0,23,36373.473,1.0,26918.08,43864.543,0.6062792295657321
2018-03-13T18:00:00.0,2018-03-14T00:00:00.0,0,36745.39,1.0,27895.424,43179.566,0.6434399718954689
2018-03-13T19:00:00.0,2018-03-14T01:00:00.0,1,35660.96,1.0,28239.512,41796.42,0.5873213807867269
2018-03-13T20:00:00.0,2018-03-14T02:00:00.0,2,33780.855,1.0,25598.9,43347.473,0.4279948226979499
2018-03-13T21:00:00.0,2018-03-14T03:00:00.0,3,31960.375,1.0,24701.059,40306.676,0.4356430658733232
2018-03-13T22:00:00.0,2018-03-14T04:00:00.0,4,30876.969,1.0,26382.047,37273.406,0.3423240001888663
2018-03-13T23:00:00.0,2018-03-14T05:00:00.0,5,30397.143,1.0,25045.406,35286.54,0.5418192951176904
2018-03-14T00:00:00.0,2018-03-14T06:00:00.0,6,30381.322,1.0,21754.873,37849.855,0.5664531986072235
2018-03-14T01:00:00.0,2018-03-14T07:00:00.0,7,30896.6,1.0,22817.516,36990.516,0.6277215694084843
2018-03-14T02:00:00.0,2018-03-14T08:00:00.0,8,32370.748,1.0,24653.193,36311.53,0.7744335004846991
2018-03-14T03:00:00.0,2018-03-14T09:00:00.0,9,35018.465,1.0,28059.338,37644.613,0.8534593859222223
2018-03-14T04:00:00.0,2018-03-14T10:00:00.0,10,38108.105,0.0,32374.625,36895.914,1.0
2018-03-14T05:00:00.0,2018-03-14T11:00:00.0,11,39357.5,1.0,30820.24,40803.145,0.9507302465275639
2018-03-14T06:00:00.0,2018-03-14T12:00:00.0,12,38976.27,0.0,35626.28,38190.527,1.0
2018-03-14T07:00:00.0,2018-03-14T13:00:00.0,13,38119.074,1.0,35478.754,39483.914,0.7705988503744984
2018-03-14T08:00:00.0,2018-03-14T14:00:00.0,14,37383.01,1.0,32910.113,41519.52,0.5362093552682446
2018-03-14T09:00:00.0,2018-03-14T15:00:00.0,15,36577.965,1.0,35248.125,38318.496,0.3778424500114892
2018-03-14T10:00:00.0,2018-03-14T16:00:00.0,16,36041.332,1.0,34452.69,37242.1,0.6268260594560423
2018-03-14T11:00:00.0,2018-03-14T17:00:00.0,17,35832.836,1.0,33413.574,38078.344,0.5345231110758751
2018-03-14T12:00:00.0,2018-03-14T18:00:00.0,18,35740.637,1.0,28219.02,43201.2,0.5037817447535989
2018-03-14T13:00:00.0,2018-03-14T19:00:00.0,19,35839.977,1.0,29857.555,40713.656,0.5938936965368321
2018-03-14T14:00:00.0,2018-03-14T20:00:00.0,20,35886.145,1.0,29158.107,41811.008,0.5586969472414743
2018-03-14T15:00:00.0,2018-03-14T21:00:00.0,21,35780.152,1.0,28453.809,42153.12,0.5643014705882355
2018-03-14T16:00:00.0,2018-03-14T22:00:00.0,22,35510.062,1.0,29157.77,42665.746,0.44498210226886026
2018-03-14T17:00:00.0,2018-03-14T23:00:00.0,23,36649.363,1.0,29108.926,43546.758,0.5412599642309656
2018-03-14T18:00:00.0,2018-03-15T00:00:00.0,0,36775.492,1.0,29654.225,43190.793,0.5482814905647518
2018-03-14T19:00:00.0,2018-03-15T01:00:00.0,1,35623.53,1.0,30450.092,41789.062,0.419357454772302
2018-03-14T20:00:00.0,2018-03-15T02:00:00.0,2,33733.02,1.0,27466.762,42764.39,0.33707292751567747
2018-03-14T21:00:00.0,2018-03-15T03:00:00.0,3,31703.08,1.0,25547.344,39338.848,0.4014323631704194
2018-03-14T22:00:00.0,2018-03-15T04:00:00.0,4,30338.396,1.0,26725.46,37196.676,0.235482373501543
2018-03-14T23:00:00.0,2018-03-15T05:00:00.0,5,29683.469,1.0,26214.826,35412.52,0.28377603764188714
2018-03-15T00:00:00.0,2018-03-15T06:00:00.0,6,29482.42,1.0,22217.24,36572.297,0.511331739776471
2018-03-15T01:00:00.0,2018-03-15T07:00:00.0,7,29770.53,1.0,24161.746,34925.57,0.5390590054109761
2018-03-15T02:00:00.0,2018-03-15T08:00:00.0,8,30835.57,1.0,25965.092,34213.668,0.6630725763366624
2018-03-15T03:00:00.0,2018-03-15T09:00:00.0,9,33090.535,1.0,29061.148,35204.414,0.7658587386548761
2018-03-15T04:00:00.0,2018-03-15T10:00:00.0,10,35788.254,0.0,32541.287,34823.93,1.0
2018-03-15T05:00:00.0,2018-03-15T11:00:00.0,11,36846.434,1.0,31528.943,39244.45,0.8106331171443747
2018-03-15T06:00:00.0,2018-03-15T12:00:00.0,12,36820.47,1.0,31953.674,40394.047,0.6392410335039262
2018-03-15T07:00:00.0,2018-03-15T13:00:00.0,13,36782.344,1.0,35611.145,37645.715,0.6375621077967828
2018-03-15T08:00:00.0,2018-03-15T14:00:00.0,14,36921.91,1.0,33628.55,39596.855,0.5952329445887982
2018-03-15T09:00:00.0,2018-03-15T15:00:00.0,15,36885.574,1.0,35528.58,37945.227,0.6126416482707894
2018-03-15T10:00:00.0,2018-03-15T16:00:00.0,16,36752.61,1.0,34836.99,38297.535,0.5983924756396231
2018-03-15T11:00:00.0,2018-03-15T17:00:00.0,17,36788.93,1.0,35546.766,38258.668,0.4226153018690335
2018-03-15T12:00:00.0,2018-03-15T18:00:00.0,18,36667.62,1.0,31254.65,45137.35,0.30426391350793014
2018-03-15T13:00:00.0,2018-03-15T19:00:00.0,19,36803.016,1.0,32462.871,43831.777,0.29111486057183217
2018-03-15T14:00:00.0,2018-03-15T20:00:00.0,20,36730.87,1.0,31201.107,43687.805,0.3951702222285985
2018-03-15T15:00:00.0,2018-03-15T21:00:00.0,21,36689.797,1.0,30606.549,45656.203,0.32792678720445045
2018-03-15T16:00:00.0,2018-03-15T22:00:00.0,22,36764.5,1.0,31276.47,46661.99,0.2524925718058764
2018-03-15T17:00:00.0,2018-03-15T23:00:00.0,23,37672.777,1.0,31381.066,45689.24,0.3895770201235506
2018-03-15T18:00:00.0,2018-03-16T00:00:00.0,0,37622.223,1.0,32301.387,44980.07,0.3543034550596336
2018-03-15T19:00:00.0,2018-03-16T01:00:00.0,1,36419.523,1.0,32647.6,41771.914,0.3435017847078717
2018-03-15T20:00:00.0,2018-03-16T02:00:00.0,2,34464.77,1.0,28594.7,41492.293,0.41731917586667544
2018-03-15T21:00:00.0,2018-03-16T03:00:00.0,3,32298.494,1.0,27695.043,38485.652,0.36639980552629436
2018-03-15T22:00:00.0,2018-03-16T04:00:00.0,4,30739.5,1.0,27862.9,36237.305,0.2332865580934822
2018-03-15T23:00:00.0,2018-03-16T05:00:00.0,5,29704.35,1.0,27134.018,35937.883,0.1665740218517593
2018-03-16T00:00:00.0,2018-03-16T06:00:00.0,6,29095.033,1.0,23070.922,37467.008,0.35220215607478883
2018-03-16T01:00:00.0,2018-03-16T07:00:00.0,7,29013.89,1.0,23425.17,34491.777,0.5092936322930118
2018-03-16T02:00:00.0,2018-03-16T08:00:00.0,8,29535.79,1.0,26542.959,32899.16,0.44606681127982706
2018-03-16T03:00:00.0,2018-03-16T09:00:00.0,9,31183.89,1.0,29133.57,34402.01,0.3030623608017813
2018-03-16T04:00:00.0,2018-03-16T10:00:00.0,10,33322.996,1.0,31919.16,34036.45,0.7759099894570359
2018-03-16T05:00:00.0,2018-03-16T11:00:00.0,11,34476.543,1.0,30988.102,38110.168,0.4810886267156288
2018-03-16T06:00:00.0,2018-03-16T12:00:00.0,12,35345.254,1.0,32484.582,38887.52,0.40221202050357663
2018-03-16T07:00:00.0,2018-03-16T13:00:00.0,13,36508.53,1.0,32806.098,40283.418,0.4910077442414609
2018-03-16T08:00:00.0,2018-03-16T14:00:00.0,14,37483.43,1.0,35499.457,37744.51,0.9626584899649575
2018-03-16T09:00:00.0,2018-03-16T15:00:00.0,15,38449.055,1.0,36842.36,38608.855,0.9714260697426523
2018-03-16T10:00:00.0,2018-03-16T16:00:00.0,16,39948.125,1.0,38553.29,40400.062,0.8824760461478299
2018-03-16T11:00:00.0,2018-03-16T17:00:00.0,17,40533.758,1.0,37889.43,43446.52,0.45526698304184854
2018-03-16T12:00:00.0,2018-03-16T18:00:00.0,18,41540.785,1.0,35205.293,47108.45,0.559642443431926
2018-03-16T13:00:00.0,2018-03-16T19:00:00.0,19,42531.047,1.0,37706.277,47406.836,0.4951194872285465
2018-03-16T14:00:00.0,2018-03-16T20:00:00.0,20,43189.23,1.0,34559.062,47164.473,0.8048108916633603
2018-03-16T15:00:00.0,2018-03-16T21:00:00.0,21,42972.234,1.0,32781.79,47709.324,0.802272992851251
2018-03-16T16:00:00.0,2018-03-16T22:00:00.0,22,41660.098,1.0,33181.195,47127.246,0.692291296625222
2018-03-16T17:00:00.0,2018-03-16T23:00:00.0,23,41198.496,1.0,33374.535,45801.01,0.7267538665267467
2018-03-16T18:00:00.0,2018-03-17T00:00:00.0,0,40461.84,1.0,33530.016,44616.637,0.7199565477547298
2018-03-16T19:00:00.0,2018-03-17T01:00:00.0,1,38620.195,1.0,31726.393,42448.03,0.74703093214435
2018-03-16T20:00:00.0,2018-03-17T02:00:00.0,2,36311.746,1.0,27250.121,42021.734,0.7011873505759618
2018-03-16T21:00:00.0,2018-03-17T03:00:00.0,3,33834.004,1.0,27999.666,36509.164,0.8060765369948902
2018-03-16T22:00:00.0,2018-03-17T04:00:00.0,4,31839.63,1.0,27781.842,34081.832,0.7486957552762628
2018-03-16T23:00:00.0,2018-03-17T05:00:00.0,5,30490.71,1.0,25993.412,35029.062,0.495783743812008
2018-03-17T00:00:00.0,2018-03-17T06:00:00.0,6,29677.357,1.0,21631.447,36161.496,0.5987216113579389
2018-03-17T01:00:00.0,2018-03-17T07:00:00.0,7,29347.193,1.0,22970.998,33945.145,0.6468874193090167
2018-03-17T02:00:00.0,2018-03-17T08:00:00.0,8,29407.697,1.0,26476.373,32584.512,0.46275616770092315
2018-03-17T03:00:00.0,2018-03-17T09:00:00.0,9,30068.693,1.0,29573.922,32028.846,0.08255576838072742
2018-03-17T04:00:00.0,2018-03-17T10:00:00.0,10,31268.768,1.0,27751.102,36079.246,0.35900607295869585
2018-03-17T05:00:00.0,2018-03-17T11:00:00.0,11,32299.625,1.0,31647.057,34947.566,0.07980804496890453
2018-03-17T06:00:00.0,2018-03-17T12:00:00.0,12,33622.758,1.0,33274.742,35718.13,0.04822337765144015
2018-03-17T07:00:00.0,2018-03-17T13:00:00.0,13,35180.17,1.0,34126.35,37779.113,0.16258274586665755
2018-03-17T08:00:00.0,2018-03-17T14:00:00.0,14,36214.285,1.0,33126.41,40107.895,0.3941716059836303
2018-03-17T09:00:00.0,2018-03-17T15:00:00.0,15,36951.973,1.0,36260.598,37716.93,0.4532155521783141
2018-03-17T10:00:00.0,2018-03-17T16:00:00.0,16,37575.16,1.0,37312.926,38325.184,0.13116520351157676
2018-03-17T11:00:00.0,2018-03-17T17:00:00.0,17,38578.76,1.0,35820.105,39800.266,0.8154829049163972
2018-03-17T12:00:00.0,2018-03-17T18:00:00.0,18,39573.246,1.0,35083.42,43459.586,0.5665493943236977
2018-03-17T13:00:00.0,2018-03-17T19:00:00.0,19,40560.926,1.0,38426.27,42875.48,0.4625325188048035
2018-03-17T14:00:00.0,2018-03-17T20:00:00.0,20,40884.547,1.0,33714.168,45556.375,0.6882160102715825
2018-03-17T15:00:00.0,2018-03-17T21:00:00.0,21,40675.81,1.0,31945.035,47580.055,0.6070935881571105
2018-03-17T16:00:00.0,2018-03-17T22:00:00.0,22,39638.62,1.0,31501.902,48611.926,0.45472330609869155
2018-03-17T17:00:00.0,2018-03-17T23:00:00.0,23,39390.645,1.0,35119.25,46161.86,0.29922836500021743
2018-03-17T18:00:00.0,2018-03-18T00:00:00.0,0,38857.03,1.0,35979.98,44451.344,0.22779556609678195
2018-03-17T19:00:00.0,2018-03-18T01:00:00.0,1,37418.285,1.0,31413.678,43566.72,0.4890186202686213
2018-03-17T20:00:00.0,2018-03-18T02:00:00.0,2,35628.332,1.0,26359.854,42406.484,0.640958389551514
2018-03-17T21:00:00.0,2018-03-18T03:00:00.0,3,33485.457,1.0,28583.475,38962.816,0.4486965070143126
2018-03-17T22:00:00.0,2018-03-18T04:00:00.0,4,31670.928,1.0,28023.848,35577.75,0.4681236538084979
2018-03-17T23:00:00.0,2018-03-18T05:00:00.0,5,30422.322,1.0,24196.117,37488.402,0.441572133936351
2018-03-18T00:00:00.0,2018-03-18T06:00:00.0,6,29503.033,1.0,25734.135,36563.297,0.2397673865976661
2018-03-18T01:00:00.0,2018-03-18T07:00:00.0,7,28983.85,1.0,24033.6,33197.547,0.5741565030540576
2018-03-18T02:00:00.0,2018-03-18T08:00:00.0,8,28847.326,1.0,25940.299,31022.354,0.6312123193392983
2018-03-18T03:00:00.0,2018-03-18T09:00:00.0,9,29173.436,1.0,28688.61,31064.729,0.08436339280277706
2018-03-18T04:00:00.0,2018-03-18T10:00:00.0,10,30045.299,1.0,27509.53,33966.19,0.3088750347055701
2018-03-18T05:00:00.0,2018-03-18T11:00:00.0,11,30892.834,1.0,29984.021,33957.094,0.103539489646072
2018-03-18T06:00:00.0,2018-03-18T12:00:00.0,12,32303.248,0.0,32573.186,34809.465,0.0
2018-03-18T07:00:00.0,2018-03-18T13:00:00.0,13,34089.227,1.0,32937.96,37135.285,0.14686713816620373
2018-03-18T08:00:00.0,2018-03-18T14:00:00.0,14,35473.39,1.0,31940.791,38762.957,0.533021925901835
2018-03-18T09:00:00.0,2018-03-18T15:00:00.0,15,36671.71,1.0,34717.586,37147.234,0.9215069457607847
2018-03-18T10:00:00.0,2018-03-18T16:00:00.0,16,37513.188,1.0,35104.426,38088.516,0.9234284265526138
2018-03-18T11:00:00.0,2018-03-18T17:00:00.0,17,38347.707,1.0,34387.49,38453.375,0.9855641752198644
2018-03-18T12:00:00.0,2018-03-18T18:00:00.0,18,39660.293,1.0,34078.758,42310.81,0.796214354527938
2018-03-18T13:00:00.0,2018-03-18T19:00:00.0,19,41213.652,0.0,36145.69,41134.812,1.0
2018-03-18T14:00:00.0,2018-03-18T20:00:00.0,20,42159.547,1.0,36216.016,45066.62,0.7875749896327692
2018-03-18T15:00:00.0,2018-03-18T21:00:00.0,21,42413.246,1.0,34564.785,46136.44,0.796510172143975
2018-03-18T16:00:00.0,2018-03-18T22:00:00.0,22,41741.137,1.0,34431.195,46628.152,0.6779951949478314
2018-03-18T17:00:00.0,2018-03-18T23:00:00.0,23,41984.62,1.0,36016.363,44335.062,0.8441156090930902
2018-03-18T18:00:00.0,2018-03-19T00:00:00.0,0,41825.13,1.0,36663.64,43003.75,0.9279672097125659
2018-03-18T19:00:00.0,2018-03-19T01:00:00.0,1,39881.98,1.0,34462.98,42582.633,0.7819386268896593
2018-03-18T20:00:00.0,2018-03-19T02:00:00.0,2,36800.85,1.0,29857.287,43437.77,0.5209455864900627
2018-03-18T21:00:00.0,2018-03-19T03:00:00.0,3,34008.855,1.0,29722.793,39985.305,0.35079493670886186
2018-03-18T22:00:00.0,2018-03-19T04:00:00.0,4,31907.994,1.0,31061.602,35733.902,0.06902314791467046
2018-03-18T23:00:00.0,2018-03-19T05:00:00.0,5,30774.875,1.0,26118.385,36632.95,0.3951858856402918
2018-03-19T00:00:00.0,2018-03-19T06:00:00.0,6,29924.5,1.0,24736.504,35177.152,0.49425356419099076
2018-03-19T01:00:00.0,2018-03-19T07:00:00.0,7,29828.186,1.0,26912.3,32519.957,0.5370357425481408
2018-03-19T02:00:00.0,2018-03-19T08:00:00.0,8,30701.656,1.0,26608.77,32912.39,0.7563234338747099
2018-03-19T03:00:00.0,2018-03-19T09:00:00.0,9,33220.754,1.0,26929.896,35654.83,0.8480725646628388
2018-03-19T04:00:00.0,2018-03-19T10:00:00.0,10,36456.043,0.0,29722.154,35140.418,1.0
2018-03-19T05:00:00.0,2018-03-19T11:00:00.0,11,36550.113,0.0,32402.465,35237.43,1.0
2018-03-19T06:00:00.0,2018-03-19T12:00:00.0,12,36946.793,1.0,33519.254,37494.67,0.9538056953276196
2018-03-19T07:00:00.0,2018-03-19T13:00:00.0,13,37827.07,1.0,34833.96,38183.676,0.966174991726538
2018-03-19T08:00:00.0,2018-03-19T14:00:00.0,14,38642.56,1.0,33592.406,39847.15,0.923566597595481
2018-03-19T09:00:00.0,2018-03-19T15:00:00.0,15,39299.98,1.0,35617.887,39310.992,0.9894910687463896
2018-03-19T10:00:00.0,2018-03-19T16:00:00.0,16,39978.164,1.0,36768.746,40580.59,0.9440252842102405
2018-03-19T11:00:00.0,2018-03-19T17:00:00.0,17,40773.754,1.0,36439.496,41582.23,0.9444556931513454
2018-03-19T12:00:00.0,2018-03-19T18:00:00.0,18,41375.734,1.0,36363.535,42736.734,0.9086497817455419
2018-03-19T13:00:00.0,2018-03-19T19:00:00.0,19,41704.703,1.0,37239.08,42619.58,0.9375249616816295
2018-03-19T14:00:00.0,2018-03-19T20:00:00.0,20,41752.707,1.0,36591.867,43615.434,0.862622293158485
2018-03-19T15:00:00.0,2018-03-19T21:00:00.0,21,41458.863,1.0,36219.453,43899.527,0.8016922177688702
2018-03-19T16:00:00.0,2018-03-19T22:00:00.0,22,40572.496,1.0,35113.125,45004.953,0.5954118204688813
2018-03-19T17:00:00.0,2018-03-19T23:00:00.0,23,40487.76,1.0,35412.918,44475.574,0.6098908853703382
2018-03-19T18:00:00.0,2018-03-20T00:00:00.0,0,40289.69,1.0,37231.707,42817.293,0.5874091514305212
2018-03-19T19:00:00.0,2018-03-20T01:00:00.0,1,37999.53,1.0,36152.95,41231.527,0.2628582573211707
2018-03-19T20:00:00.0,2018-03-20T02:00:00.0,2,34766.402,1.0,30951.182,41778.758,0.24609374577873858
2018-03-19T21:00:00.0,2018-03-20T03:00:00.0,3,31916.537,1.0,30126.705,38304.24,0.09553188217769464
2018-03-19T22:00:00.0,2018-03-20T04:00:00.0,4,30058.633,0.0,30992.81,34693.68,0.0
2018-03-19T23:00:00.0,2018-03-20T05:00:00.0,5,28993.057,1.0,26039.836,35771.625,0.1802483061336464
2018-03-20T00:00:00.0,2018-03-20T06:00:00.0,6,28482.602,1.0,21192.076,36520.625,0.45484256373852455
2018-03-20T01:00:00.0,2018-03-20T07:00:00.0,7,28561.924,1.0,22962.666,34056.52,0.5087548306148056
2018-03-20T02:00:00.0,2018-03-20T08:00:00.0,8,29647.688,1.0,23551.484,34801.457,0.5772526902631918
2018-03-20T03:00:00.0,2018-03-20T09:00:00.0,9,32650.43,1.0,26592.746,37600.453,0.5925369809157179
2018-03-20T04:00:00.0,2018-03-20T10:00:00.0,10,36468.7,1.0,30689.895,37596.555,0.9413090884616246
2018-03-20T05:00:00.0,2018-03-20T11:00:00.0,11,36868.027,1.0,32749.824,37923.438,0.915667086129754
2018-03-20T06:00:00.0,2018-03-20T12:00:00.0,12,36551.3,1.0,33477.008,38455.902,0.7076345230035144
2018-03-20T07:00:00.0,2018-03-20T13:00:00.0,13,36510.74,1.0,35328.59,38842.098,0.22338363780778264
2018-03-20T08:00:00.0,2018-03-20T14:00:00.0,14,36384.69,1.0,33806.543,40520.023,0.29475777140124454
2018-03-20T09:00:00.0,2018-03-20T15:00:00.0,15,36159.473,0.0,36437.695,38590.8,0.0
2018-03-20T10:00:00.0,2018-03-20T16:00:00.0,16,36057.05,1.0,35408.766,38484.875,0.08921526667293783
2018-03-20T11:00:00.0,2018-03-20T17:00:00.0,17,36159.76,1.0,34416.965,39925.133,0.19652477645305563
2018-03-20T12:00:00.0,2018-03-20T18:00:00.0,18,36172.35,1.0,33012.723,45605.5,0.12330005778237328
2018-03-20T13:00:00.0,2018-03-20T19:00:00.0,19,36564.875,1.0,32064.613,43299.77,0.32179816978657466
2018-03-20T14:00:00.0,2018-03-20T20:00:00.0,20,37067.418,1.0,33734.055,45858.246,0.14755602969595738
2018-03-20T15:00:00.0,2018-03-20T21:00:00.0,21,37241.027,1.0,32308.443,46361.727,0.24408995826785615
2018-03-20T16:00:00.0,2018-03-20T22:00:00.0,22,37096.01,1.0,30349.691,46423.344,0.35438137109114054
2018-03-20T17:00:00.0,2018-03-20T23:00:00.0,23,37847.15,1.0,30382.426,46861.85,0.4134070772109406
2018-03-20T18:00:00.0,2018-03-21T00:00:00.0,0,38144.22,1.0,34655.74,45512.703,0.20291025968808232
2018-03-20T19:00:00.0,2018-03-21T01:00:00.0,1,36194.535,1.0,32576.271,44094.746,0.1936072601748237
2018-03-20T20:00:00.0,2018-03-21T02:00:00.0,2,33668.98,1.0,27765.48,43763.086,0.27114119359534233
2018-03-20T21:00:00.0,2018-03-21T03:00:00.0,3,31218.203,1.0,26347.342,41211.113,0.21139161210081583
2018-03-20T22:00:00.0,2018-03-21T04:00:00.0,4,29758.795,1.0,28304.06,36572.887,0.06594749590368294
2018-03-20T23:00:00.0,2018-03-21T05:00:00.0,5,29072.807,1.0,22133.6,38288.387,0.3715347064476673
2018-03-21T00:00:00.0,2018-03-21T06:00:00.0,6,28818.4,1.0,23929.2,34494.766,0.43120244058865365
2018-03-21T01:00:00.0,2018-03-21T07:00:00.0,7,29205.203,1.0,25321.582,32616.438,0.5598722246024351
2018-03-21T02:00:00.0,2018-03-21T08:00:00.0,8,30550.611,1.0,26223.623,32582.826,0.7993926292377729
2018-03-21T03:00:00.0,2018-03-21T09:00:00.0,9,33794.484,1.0,27086.402,36184.51,0.8651633275986458
2018-03-21T04:00:00.0,2018-03-21T10:00:00.0,10,37478.605,0.0,30655.03,35911.33,1.0
2018-03-21T05:00:00.0,2018-03-21T11:00:00.0,11,37803.4,0.0,32847.11,36676.984,1.0
2018-03-21T06:00:00.0,2018-03-21T12:00:00.0,12,37105.71,1.0,33917.25,38358.746,0.8445903521249778
2018-03-21T07:00:00.0,2018-03-21T13:00:00.0,13,36589.15,1.0,35198.242,37959.39,0.5069476939626194
2018-03-21T08:00:00.0,2018-03-21T14:00:00.0,14,36360.168,1.0,33892.54,38706.535,0.523362321071263
2018-03-21T09:00:00.0,2018-03-21T15:00:00.0,15,36092.812,1.0,34607.875,36785.957,0.8011224309522381
2018-03-21T10:00:00.0,2018-03-21T16:00:00.0,16,36032.957,1.0,34839.742,37051.17,0.5730235817941971
2018-03-21T11:00:00.0,2018-03-21T17:00:00.0,17,36359.133,1.0,33679.707,38436.645,0.6157500186943847
2018-03-21T12:00:00.0,2018-03-21T18:00:00.0,18,36701.664,1.0,29943.242,43619.34,0.4891942768020606
2018-03-21T13:00:00.0,2018-03-21T19:00:00.0,19,37204.082,1.0,32526.816,42406.914,0.45075826022027354
2018-03-21T14:00:00.0,2018-03-21T20:00:00.0,20,37766.76,1.0,30495.652,44796.688,0.5156463096735707
2018-03-21T15:00:00.0,2018-03-21T21:00:00.0,21,37852.848,1.0,30179.629,45060.766,0.5289926552968998
2018-03-21T16:00:00.0,2018-03-21T22:00:00.0,22,37444.152,1.0,31029.6,45420.645,0.4003317963111469
2018-03-21T17:00:00.0,2018-03-21T23:00:00.0,23,38057.152,1.0,30823.736,45759.582,0.4708832940592835
2018-03-21T18:00:00.0,2018-03-22T00:00:00.0,0,38397.125,1.0,30865.186,43496.836,0.6728884852984064
2018-03-21T19:00:00.0,2018-03-22T01:00:00.0,1,36750.04,1.0,31188.732,41959.004,0.5303321888412014
2018-03-21T20:00:00.0,2018-03-22T02:00:00.0,2,33996.332,1.0,26599.271,39248.918,0.653338573074057
2018-03-21T21:00:00.0,2018-03-22T03:00:00.0,3,31344.258,1.0,25103.152,38146.812,0.46011878605752243
2018-03-21T22:00:00.0,2018-03-22T04:00:00.0,4,29710.51,1.0,25128.895,36906.527,0.30280092432439887
2018-03-21T23:00:00.0,2018-03-22T05:00:00.0,5,28791.258,1.0,22227.207,35862.836,0.46550225090849945
2018-03-22T00:00:00.0,2018-03-22T06:00:00.0,6,28367.297,1.0,26403.693,31257.527,0.32848794287094163
2018-03-22T01:00:00.0,2018-03-22T07:00:00.0,7,28466.83,1.0,27197.516,30161.484,0.369253097345133
2018-03-22T02:00:00.0,2018-03-22T08:00:00.0,8,29589.783,1.0,26283.15,31882.688,0.6631672468593915
2018-03-22T03:00:00.0,2018-03-22T09:00:00.0,9,32599.938,1.0,28068.783,34648.01,0.8100254793900042
2018-03-22T04:00:00.0,2018-03-22T10:00:00.0,10,36226.43,0.0,31051.43,34299.945,1.0
2018-03-22T05:00:00.0,2018-03-22T11:00:00.0,11,36416.457,0.0,33531.68,35289.645,1.0
2018-03-22T06:00:00.0,2018-03-22T12:00:00.0,12,36183.01,1.0,34001.21,36577.473,0.9465696298969488
2018-03-22T07:00:00.0,2018-03-22T13:00:00.0,13,36434.582,1.0,34258.28,37469.254,0.7958770016054021
2018-03-22T08:00:00.0,2018-03-22T14:00:00.0,14,36765.55,1.0,34478.36,36983.176,0.9723885726559988
2018-03-22T09:00:00.0,2018-03-22T15:00:00.0,15,36918.656,0.0,34920.45,36738.344,1.0
2018-03-22T10:00:00.0,2018-03-22T16:00:00.0,16,37385.246,0.0,35236.453,37089.938,1.0
2018-03-22T11:00:00.0,2018-03-22T17:00:00.0,17,37993.99,1.0,35495.332,38622.773,0.9177978255840844
2018-03-22T12:00:00.0,2018-03-22T18:00:00.0,18,38606.37,1.0,31700.15,44186.316,0.5975802258744696
2018-03-22T13:00:00.0,2018-03-22T19:00:00.0,19,39203.46,1.0,33987.395,43589.098,0.5797284621081215
2018-03-22T14:00:00.0,2018-03-22T20:00:00.0,20,39532.387,1.0,30672.857,46848.68,0.5878157272125858
2018-03-22T15:00:00.0,2018-03-22T21:00:00.0,21,39323.83,1.0,30316.836,47382.65,0.5514187223957772
2018-03-22T16:00:00.0,2018-03-22T22:00:00.0,22,38753.676,1.0,32190.371,46415.203,0.42873442706998166
2018-03-22T17:00:00.0,2018-03-22T23:00:00.0,23,39366.277,1.0,31421.408,46497.887,0.5499316174491717
2018-03-22T18:00:00.0,2018-03-23T00:00:00.0,0,39473.863,1.0,32186.59,44633.906,0.654512828281437
2018-03-22T19:00:00.0,2018-03-23T01:00:00.0,1,37646.688,1.0,32766.951,41209.11,0.6416922445629872
2018-03-22T20:00:00.0,2018-03-23T02:00:00.0,2,34881.273,1.0,28866.973,39108.086,0.6576338164898067
2018-03-22T21:00:00.0,2018-03-23T03:00:00.0,3,32133.672,1.0,26469.0,40481.137,0.32802256241111843
2018-03-22T22:00:00.0,2018-03-23T04:00:00.0,4,30300.22,1.0,25724.61,38972.746,0.23597230915330328
2018-03-22T23:00:00.0,2018-03-23T05:00:00.0,5,29139.615,1.0,22498.502,37476.367,0.3961427597507446
2018-03-23T00:00:00.0,2018-03-23T06:00:00.0,6,28559.775,1.0,27602.467,30646.754,0.19403539077312035
2018-03-23T01:00:00.0,2018-03-23T07:00:00.0,7,28493.82,1.0,24250.102,33594.254,0.4155569143567049
2018-03-23T02:00:00.0,2018-03-23T08:00:00.0,8,29402.244,1.0,28729.848,30489.717,0.2916209066861245
2018-03-23T03:00:00.0,2018-03-23T09:00:00.0,9,31941.1,1.0,28997.51,34515.598,0.5618240955857946
2018-03-23T04:00:00.0,2018-03-23T10:00:00.0,10,35299.926,0.0,31906.994,34359.535,1.0
2018-03-23T05:00:00.0,2018-03-23T11:00:00.0,11,35737.13,1.0,32006.89,37571.215,0.7860060580892583
2018-03-23T06:00:00.0,2018-03-23T12:00:00.0,12,36175.473,1.0,34951.285,37015.61,0.6674074074074072
2018-03-23T07:00:00.0,2018-03-23T13:00:00.0,13,37071.723,1.0,35895.418,38252.395,0.4982809670052725
2018-03-23T08:00:00.0,2018-03-23T14:00:00.0,14,37824.44,1.0,36623.14,38002.91,0.9575277175990842
2018-03-23T09:00:00.0,2018-03-23T15:00:00.0,15,38295.324,1.0,37483.52,38991.152,0.5710091965150077
2018-03-23T10:00:00.0,2018-03-23T16:00:00.0,16,38788.55,1.0,38355.113,40630.824,0.07503468809620241
2018-03-23T11:00:00.0,2018-03-23T17:00:00.0,17,39557.734,1.0,39142.207,41614.43,0.06132243614182128
2018-03-23T12:00:00.0,2018-03-23T18:00:00.0,18,40093.01,1.0,35283.336,45514.3,0.4447017178178689
2018-03-23T13:00:00.0,2018-03-23T19:00:00.0,19,40539.074,1.0,38965.49,46635.797,0.08516768522710144
2018-03-23T14:00:00.0,2018-03-23T20:00:00.0,20,40690.074,1.0,33488.84,48526.48,0.4608630059509173
2018-03-23T15:00:00.0,2018-03-23T21:00:00.0,21,40158.934,1.0,32603.188,49464.305,0.4046310971371129
2018-03-23T16:00:00.0,2018-03-23T22:00:00.0,22,39313.438,1.0,34823.914,47636.51,0.2432237187535672
2018-03-23T17:00:00.0,2018-03-23T23:00:00.0,23,39572.62,1.0,34158.75,48630.203,0.2790319120407622
2018-03-23T18:00:00.0,2018-03-24T00:00:00.0,0,39583.35,1.0,35370.562,44364.973,0.44151868203744593
2018-03-23T19:00:00.0,2018-03-24T01:00:00.0,1,38317.23,1.0,36269.676,41472.62,0.310182332200375
2018-03-23T20:00:00.0,2018-03-24T02:00:00.0,2,36371.023,1.0,32254.242,38692.297,0.7417501160092803
2018-03-23T21:00:00.0,2018-03-24T03:00:00.0,3,34067.234,1.0,27786.012,40484.402,0.4900648961515407
2018-03-23T22:00:00.0,2018-03-24T04:00:00.0,4,32027.451,1.0,25769.08,37237.094,0.5842284575477669
2018-03-23T23:00:00.0,2018-03-24T05:00:00.0,5,30633.89,1.0,22979.355,37259.574,0.566549190104267
2018-03-24T00:00:00.0,2018-03-24T06:00:00.0,6,29879.518,1.0,24907.756,33643.31,0.6261471039663944
2018-03-24T01:00:00.0,2018-03-24T07:00:00.0,7,29405.525,1.0,25353.982,33123.473,0.5397820137550279
2018-03-24T02:00:00.0,2018-03-24T08:00:00.0,8,29414.172,1.0,25020.691,34066.902,0.47342418905635614
2018-03-24T03:00:00.0,2018-03-24T09:00:00.0,9,30148.076,1.0,28976.97,33271.633,0.14517427795606028
2018-03-24T04:00:00.0,2018-03-24T10:00:00.0,10,31423.818,1.0,29184.904,34967.38,0.2998373171205687
2018-03-24T05:00:00.0,2018-03-24T11:00:00.0,11,32557.154,1.0,31965.408,34986.363,0.07859961669134928
2018-03-24T06:00:00.0,2018-03-24T12:00:00.0,12,34157.31,1.0,33522.457,35757.81,0.15749838845638658
2018-03-24T07:00:00.0,2018-03-24T13:00:00.0,13,35897.098,1.0,34924.84,36887.27,0.49153002364065757
2018-03-24T08:00:00.0,2018-03-24T14:00:00.0,14,37258.92,1.0,35549.86,38458.4,0.6582008368200835
2018-03-24T09:00:00.0,2018-03-24T15:00:00.0,15,38228.883,1.0,38209.043,39998.46,0.01189233527908158
2018-03-24T10:00:00.0,2018-03-24T16:00:00.0,16,39131.934,0.0,39948.11,41917.387,0.0
2018-03-24T11:00:00.0,2018-03-24T17:00:00.0,17,40043.074,0.0,41485.027,44201.336,0.0
2018-03-24T12:00:00.0,2018-03-24T18:00:00.0,18,41229.02,1.0,38820.805,46157.047,0.2121563177497352
2018-03-24T13:00:00.0,2018-03-24T19:00:00.0,19,42229.215,1.0,40587.6,45266.707,0.2438669042260556
2018-03-24T14:00:00.0,2018-03-24T20:00:00.0,20,42847.434,1.0,35593.457,49781.562,0.5209118683901297
2018-03-24T15:00:00.0,2018-03-24T21:00:00.0,21,42674.05,1.0,33704.934,51018.527,0.5334414412490259
2018-03-24T16:00:00.0,2018-03-24T22:00:00.0,22,41682.28,1.0,36207.12,49251.918,0.35439299988049855
2018-03-24T17:00:00.0,2018-03-24T23:00:00.0,23,41455.56,1.0,34672.492,50014.367,0.39387202241942976
2018-03-24T18:00:00.0,2018-03-25T00:00:00.0,0,40962.297,1.0,35902.734,45782.418,0.5224793744843617
2018-03-24T19:00:00.0,2018-03-25T01:00:00.0,1,39305.19,1.0,36672.04,41745.6,0.5352077259475232
2018-03-24T20:00:00.0,2018-03-25T02:00:00.0,2,37173.25,1.0,32090.705,38656.81,0.8988289077188557
2018-03-24T21:00:00.0,2018-03-25T03:00:00.0,3,34796.168,1.0,26693.734,40146.844,0.6828923315069164
2018-03-24T22:00:00.0,2018-03-25T04:00:00.0,4,32609.906,1.0,25674.61,39558.285,0.4991255815197047
2018-03-24T23:00:00.0,2018-03-25T05:00:00.0,5,30909.883,1.0,22064.203,38117.062,0.593837970815875
2018-03-25T00:00:00.0,2018-03-25T06:00:00.0,6,29835.24,1.0,26044.89,32185.002,0.7073850980392166
2018-03-25T01:00:00.0,2018-03-25T07:00:00.0,7,29201.193,1.0,24461.898,32961.13,0.6056662591687038
2018-03-25T02:00:00.0,2018-03-25T08:00:00.0,8,29012.217,1.0,24805.637,32689.312,0.5620758705600858
2018-03-25T03:00:00.0,2018-03-25T09:00:00.0,9,29238.014,1.0,29146.701,31712.668,0.016073766130104975
2018-03-25T04:00:00.0,2018-03-25T10:00:00.0,10,30023.58,1.0,29655.854,33531.668,0.02976179238735132
2018-03-25T05:00:00.0,2018-03-25T11:00:00.0,11,30799.576,0.0,32320.71,33869.727,0.0
2018-03-25T06:00:00.0,2018-03-25T12:00:00.0,12,32486.842,0.0,33815.11,35181.65,0.0
2018-03-25T07:00:00.0,2018-03-25T13:00:00.0,13,34391.91,0.0,35099.29,36138.48,0.0
2018-03-25T08:00:00.0,2018-03-25T14:00:00.0,14,36174.88,1.0,34845.715,37329.15,0.5650648776172192
2018-03-25T09:00:00.0,2018-03-25T15:00:00.0,15,37680.17,1.0,37008.566,38348.58,0.5022108325252782
2018-03-25T10:00:00.0,2018-03-25T16:00:00.0,16,38941.0,1.0,37387.543,39789.62,0.7525540334855397
2018-03-25T11:00:00.0,2018-03-25T17:00:00.0,17,40042.23,1.0,39116.367,42926.312,0.1159840784703968
2018-03-25T12:00:00.0,2018-03-25T18:00:00.0,18,40874.004,1.0,39035.484,44589.61,0.21590249394258312
2018-03-25T13:00:00.0,2018-03-25T19:00:00.0,19,41386.062,1.0,40274.58,43721.234,0.2044562883435576
2018-03-25T14:00:00.0,2018-03-25T20:00:00.0,20,41777.09,1.0,37128.95,47100.523,0.43741157024793326
2018-03-25T15:00:00.0,2018-03-25T21:00:00.0,21,41949.16,1.0,34566.42,47564.37,0.6241209126817155
2018-03-25T16:00:00.0,2018-03-25T22:00:00.0,22,41354.105,1.0,36773.34,45870.527,0.5065633670638169
2018-03-25T17:00:00.0,2018-03-25T23:00:00.0,23,41862.277,1.0,35544.1,46678.605,0.6231479955633022
2018-03-25T18:00:00.0,2018-03-26T00:00:00.0,0,41995.9,1.0,36373.793,43816.492,0.8825700424499698
2018-03-25T19:00:00.0,2018-03-26T01:00:00.0,1,40258.965,0.0,36386.31,39519.684,1.0
2018-03-25T20:00:00.0,2018-03-26T02:00:00.0,2,37368.12,0.0,33221.145,36592.094,1.0
2018-03-25T21:00:00.0,2018-03-26T03:00:00.0,3,34470.285,1.0,28094.736,36651.02,0.8729071784255585
2018-03-25T22:00:00.0,2018-03-26T04:00:00.0,4,32421.703,1.0,27608.303,35064.89,0.7508128040169465
2018-03-25T23:00:00.0,2018-03-26T05:00:00.0,5,31137.99,1.0,25443.97,36046.582,0.5684091340922048
2018-03-26T00:00:00.0,2018-03-26T06:00:00.0,6,30381.037,1.0,26724.803,32614.451,0.7129241867574887
2018-03-26T01:00:00.0,2018-03-26T07:00:00.0,7,30228.455,1.0,26471.78,33543.113,0.5578056833840318
2018-03-26T02:00:00.0,2018-03-26T08:00:00.0,8,31054.908,1.0,27359.084,33847.918,0.6268983986297274
2018-03-26T03:00:00.0,2018-03-26T09:00:00.0,9,33584.723,0.0,30681.428,33544.797,1.0
2018-03-26T04:00:00.0,2018-03-26T10:00:00.0,10,36832.027,0.0,31394.02,35583.59,1.0
2018-03-26T05:00:00.0,2018-03-26T11:00:00.0,11,37224.848,0.0,34077.8,35984.637,1.0
2018-03-26T06:00:00.0,2018-03-26T12:00:00.0,12,37653.434,0.0,35794.555,37467.004,1.0
2018-03-26T07:00:00.0,2018-03-26T13:00:00.0,13,38854.316,1.0,37515.555,39406.45,0.8333805569125543
2018-03-26T08:00:00.0,2018-03-26T14:00:00.0,14,40321.965,1.0,37737.336,40378.715,0.9863329133145939
2018-03-26T09:00:00.0,2018-03-26T15:00:00.0,15,41765.51,1.0,38949.32,41794.72,0.988247876577571
2018-03-26T10:00:00.0,2018-03-26T16:00:00.0,16,43146.94,0.0,40427.824,42995.434,1.0
2018-03-26T11:00:00.0,2018-03-26T17:00:00.0,17,44575.723,1.0,41531.633,44661.62,0.985316054660661
2018-03-26T12:00:00.0,2018-03-26T18:00:00.0,18,45784.61,1.0,42131.0,46030.184,0.9788185782095156
2018-03-26T13:00:00.0,2018-03-26T19:00:00.0,19,46723.598,0.0,43461.992,45694.18,1.0
2018-03-26T14:00:00.0,2018-03-26T20:00:00.0,20,46945.855,1.0,39890.496,47193.168,0.9842197411290663
2018-03-26T15:00:00.0,2018-03-26T21:00:00.0,21,46451.457,1.0,37466.805,47867.184,0.9545503233715182
2018-03-26T16:00:00.0,2018-03-26T22:00:00.0,22,45311.004,1.0,39248.715,46671.12,0.9297136930931786
2018-03-26T17:00:00.0,2018-03-26T23:00:00.0,23,45396.926,1.0,37260.957,48161.83,0.8740837907865265
2018-03-26T18:00:00.0,2018-03-27T00:00:00.0,0,45021.0,0.0,38248.36,44954.965,1.0
2018-03-26T19:00:00.0,2018-03-27T01:00:00.0,1,42626.16,0.0,37674.312,41185.473,1.0
2018-03-26T20:00:00.0,2018-03-27T02:00:00.0,2,39306.535,0.0,34365.53,38333.14,1.0
2018-03-26T21:00:00.0,2018-03-27T03:00:00.0,3,36156.918,1.0,30712.986,37826.33,0.8914344978425475
2018-03-26T22:00:00.0,2018-03-27T04:00:00.0,4,33883.516,1.0,30266.291,35764.39,0.7687201622549278
2018-03-26T23:00:00.0,2018-03-27T05:00:00.0,5,32405.682,1.0,28049.246,35937.887,0.5960145838571792
2018-03-27T00:00:00.0,2018-03-27T06:00:00.0,6,31588.912,1.0,27813.94,34291.72,0.6498970560710183
2018-03-27T01:00:00.0,2018-03-27T07:00:00.0,7,31339.795,1.0,27857.041,32949.67,0.803837803803047
2018-03-27T02:00:00.0,2018-03-27T08:00:00.0,8,32080.875,1.0,29126.715,34469.875,0.5971771336010525
2018-03-27T03:00:00.0,2018-03-27T09:00:00.0,9,34576.27,1.0,33555.63,35031.566,0.8135198115588421
2018-03-27T04:00:00.0,2018-03-27T10:00:00.0,10,37736.223,1.0,35214.76,37819.535,0.9845408200040624
2018-03-27T05:00:00.0,2018-03-27T11:00:00.0,11,37822.547,1.0,36609.586,39310.617,0.40635641316685417
2018-03-27T06:00:00.0,2018-03-27T12:00:00.0,12,38305.06,1.0,38200.87,39614.33,0.024068286926897484
2018-03-27T07:00:00.0,2018-03-27T13:00:00.0,13,39198.504,0.0,39337.36,40900.844,0.0
2018-03-27T08:00:00.0,2018-03-27T14:00:00.0,14,40176.8,0.0,40256.746,41665.613,0.0
2018-03-27T09:00:00.0,2018-03-27T15:00:00.0,15,41083.266,1.0,40341.266,42779.086,0.1813772729587964
2018-03-27T10:00:00.0,2018-03-27T16:00:00.0,16,41767.73,1.0,41696.297,43818.816,0.01574409572286704
2018-03-27T11:00:00.0,2018-03-27T17:00:00.0,17,41842.496,0.0,42525.523,44819.4,0.0
2018-03-27T12:00:00.0,2018-03-27T18:00:00.0,18,41513.426,0.0,41698.766,45629.344,0.0
2018-03-27T13:00:00.0,2018-03-27T19:00:00.0,19,41452.684,0.0,42271.715,43870.098,0.0
2018-03-27T14:00:00.0,2018-03-27T20:00:00.0,20,41453.02,1.0,38071.848,47075.207,0.2812876289383195
2018-03-27T15:00:00.0,2018-03-27T21:00:00.0,21,41214.25,1.0,34858.934,48848.816,0.41577788725820675
2018-03-27T16:00:00.0,2018-03-27T22:00:00.0,22,40767.754,1.0,35875.39,48378.984,0.30649514499837127
2018-03-27T17:00:00.0,2018-03-27T23:00:00.0,23,41238.543,1.0,33391.383,49880.316,0.45537233804581223
2018-03-27T18:00:00.0,2018-03-28T00:00:00.0,0,40866.44,1.0,34232.965,43789.41,0.8167684511434518
2018-03-27T19:00:00.0,2018-03-28T01:00:00.0,1,38810.89,1.0,35739.773,40215.344,0.8068061326837649
2018-03-27T20:00:00.0,2018-03-28T02:00:00.0,2,35845.332,1.0,33125.793,38217.523,0.5630419769073064
2018-03-27T21:00:00.0,2018-03-28T03:00:00.0,3,33258.902,1.0,29974.316,37971.45,0.3389335367921331
2018-03-27T22:00:00.0,2018-03-28T04:00:00.0,4,31547.568,1.0,29108.605,35689.09,0.273643462055625
2018-03-27T23:00:00.0,2018-03-28T05:00:00.0,5,30433.889,1.0,26232.293,37039.434,0.3024257321229302
2018-03-28T00:00:00.0,2018-03-28T06:00:00.0,6,29746.943,1.0,25952.377,33580.94,0.4952035131255625
2018-03-28T01:00:00.0,2018-03-28T07:00:00.0,7,29564.188,1.0,25797.19,33585.004,0.4697811120079763
2018-03-28T02:00:00.0,2018-03-28T08:00:00.0,8,30332.264,1.0,26774.799,34159.676,0.46611817726589855
2018-03-28T03:00:00.0,2018-03-28T09:00:00.0,9,32651.068,1.0,30736.875,34192.336,0.5991170024005847
2018-03-28T04:00:00.0,2018-03-28T10:00:00.0,10,35942.684,0.0,32507.072,35394.164,1.0
2018-03-28T05:00:00.0,2018-03-28T11:00:00.0,11,36468.72,1.0,33950.516,37084.23,0.9210482228706993
2018-03-28T06:00:00.0,2018-03-28T12:00:00.0,12,36666.754,1.0,35956.883,37423.875,0.47013137948458744
2018-03-28T07:00:00.0,2018-03-28T13:00:00.0,13,37284.547,1.0,36991.35,38750.043,0.06051681404072812
2018-03-28T08:00:00.0,2018-03-28T14:00:00.0,14,37986.887,1.0,37487.402,39012.9,0.21101657163221943
2018-03-28T09:00:00.0,2018-03-28T15:00:00.0,15,38446.066,1.0,37922.67,39573.508,0.19735337528159766
2018-03-28T10:00:00.0,2018-03-28T16:00:00.0,16,38634.13,1.0,38576.1,40218.09,0.016031911023335354
2018-03-28T11:00:00.0,2018-03-28T17:00:00.0,17,38779.188,1.0,38404.668,40151.71,0.09199640125955973
2018-03-28T12:00:00.0,2018-03-28T18:00:00.0,18,38791.156,1.0,37941.99,41522.535,0.11070238245304424
2018-03-28T13:00:00.0,2018-03-28T19:00:00.0,19,38930.293,1.0,38358.195,40847.027,0.10448926192741462
2018-03-28T14:00:00.0,2018-03-28T20:00:00.0,20,38969.098,1.0,32960.305,49218.09,0.2720275754074726
2018-03-28T15:00:00.0,2018-03-28T21:00:00.0,21,38750.57,1.0,32099.027,49685.523,0.2855100501158593
2018-03-28T16:00:00.0,2018-03-28T22:00:00.0,22,38507.03,1.0,32176.717,48673.72,0.2942755667996498
2018-03-28T17:00:00.0,2018-03-28T23:00:00.0,23,39016.145,1.0,31754.135,50555.973,0.2983118036286018
2018-03-28T18:00:00.0,2018-03-29T00:00:00.0,0,38989.277,1.0,32665.26,48573.305,0.3167904043552346
2018-03-28T19:00:00.0,2018-03-29T01:00:00.0,1,37217.586,1.0,31959.645,43200.73,0.4403509632682433
2018-03-28T20:00:00.0,2018-03-29T02:00:00.0,2,34438.26,1.0,29685.785,39615.93,0.4603269653297586
2018-03-28T21:00:00.0,2018-03-29T03:00:00.0,3,31815.666,1.0,26500.414,39974.27,0.3117503618477542
2018-03-28T22:00:00.0,2018-03-29T04:00:00.0,4,30131.822,1.0,26003.824,38338.062,0.22089954751131233
2018-03-28T23:00:00.0,2018-03-29T05:00:00.0,5,29158.992,1.0,23380.162,39261.44,0.2632772004567392
2018-03-29T00:00:00.0,2018-03-29T06:00:00.0,6,28436.352,1.0,26383.361,32768.61,0.20318518671855565
2018-03-29T01:00:00.0,2018-03-29T07:00:00.0,7,28277.107,1.0,26621.107,32267.736,0.1680951309789168
2018-03-29T02:00:00.0,2018-03-29T08:00:00.0,8,29049.604,1.0,27706.734,32310.455,0.16627053600541739
2018-03-29T03:00:00.0,2018-03-29T09:00:00.0,9,31436.482,1.0,30772.846,32696.73,0.23535557702311016
2018-03-29T04:00:00.0,2018-03-29T10:00:00.0,10,34802.676,0.0,31918.596,34239.6,1.0
2018-03-29T05:00:00.0,2018-03-29T11:00:00.0,11,35341.28,1.0,33374.086,35443.52,0.9815676264154988
2018-03-29T06:00:00.0,2018-03-29T12:00:00.0,12,35485.523,1.0,34469.72,36265.7,0.6198940908641033
2018-03-29T07:00:00.0,2018-03-29T13:00:00.0,13,36128.47,1.0,35166.387,37136.715,0.4782697009591905
2018-03-29T08:00:00.0,2018-03-29T14:00:00.0,14,36735.152,1.0,35272.035,36814.973,0.9811705363760055
2018-03-29T09:00:00.0,2018-03-29T15:00:00.0,15,37230.79,1.0,35624.996,37840.527,0.8521519835383079
2018-03-29T10:00:00.0,2018-03-29T16:00:00.0,16,38034.76,1.0,36059.543,38267.38,0.9665675461185886
2018-03-29T11:00:00.0,2018-03-29T17:00:00.0,17,39079.027,0.0,37475.89,38854.15,1.0
2018-03-29T12:00:00.0,2018-03-29T18:00:00.0,18,40047.58,0.0,37675.34,39209.523,1.0
2018-03-29T13:00:00.0,2018-03-29T19:00:00.0,19,40974.09,1.0,37132.277,42756.15,0.802869198312235
2018-03-29T14:00:00.0,2018-03-29T20:00:00.0,20,41433.38,1.0,35407.12,46637.223,0.5676349048449955
2018-03-29T15:00:00.0,2018-03-29T21:00:00.0,21,41152.223,1.0,34706.64,46538.496,0.5824892697283709
2018-03-29T16:00:00.0,2018-03-29T22:00:00.0,22,40099.754,1.0,34951.188,46982.5,0.3686981801267518
2018-03-29T17:00:00.0,2018-03-29T23:00:00.0,23,39569.7,1.0,33528.83,47338.42,0.3855076756645368
2018-03-29T18:00:00.0,2018-03-30T00:00:00.0,0,39344.516,1.0,34170.215,45944.53,0.3890937377276985
2018-03-29T19:00:00.0,2018-03-30T01:00:00.0,1,37559.465,1.0,34798.793,41282.504,0.36494741100323536
2018-03-29T20:00:00.0,2018-03-30T02:00:00.0,2,35136.203,1.0,31181.104,37099.52,0.7831302969751262
2018-03-29T21:00:00.0,2018-03-30T03:00:00.0,3,32459.023,1.0,26868.637,36402.87,0.6560545856631727
2018-03-29T22:00:00.0,2018-03-30T04:00:00.0,4,30355.604,1.0,26600.973,33425.254,0.592310151667283
2018-03-29T23:00:00.0,2018-03-30T05:00:00.0,5,29080.117,1.0,23195.588,35597.4,0.45276247694961597
2018-03-30T00:00:00.0,2018-03-30T06:00:00.0,6,28356.885,1.0,25986.309,30882.383,0.47066063793560076
2018-03-30T01:00:00.0,2018-03-30T07:00:00.0,7,28159.916,1.0,26151.436,30882.557,0.3627427642036011
2018-03-30T02:00:00.0,2018-03-30T08:00:00.0,8,28628.492,1.0,26884.766,31099.14,0.3441259253233535
2018-03-30T03:00:00.0,2018-03-30T09:00:00.0,9,30152.111,1.0,28529.285,33902.46,0.17851569997098835
2018-03-30T04:00:00.0,2018-03-30T10:00:00.0,10,31977.195,0.0,32290.236,34518.39,0.0
2018-03-30T05:00:00.0,2018-03-30T11:00:00.0,11,32765.533,0.0,33809.695,35561.598,0.0
2018-03-30T06:00:00.0,2018-03-30T12:00:00.0,12,33777.887,0.0,34758.17,36665.285,0.0
2018-03-30T07:00:00.0,2018-03-30T13:00:00.0,13,34700.383,0.0,36125.156,37725.273,0.0
2018-03-30T08:00:00.0,2018-03-30T14:00:00.0,14,35284.59,0.0,35907.562,37478.348,0.0
2018-03-30T09:00:00.0,2018-03-30T15:00:00.0,15,35678.805,1.0,35246.55,37137.223,0.10344007155635175
2018-03-30T10:00:00.0,2018-03-30T16:00:00.0,16,36078.586,1.0,36071.844,37988.945,0.010600249287749792
2018-03-30T11:00:00.0,2018-03-30T17:00:00.0,17,36671.223,1.0,36385.324,38278.094,0.052363487515349735
2018-03-30T12:00:00.0,2018-03-30T18:00:00.0,18,37329.09,1.0,35027.688,40251.266,0.3910984224965688
2018-03-30T13:00:00.0,2018-03-30T19:00:00.0,19,38017.79,1.0,35644.285,40303.22,0.5175384186639069
2018-03-30T14:00:00.0,2018-03-30T20:00:00.0,20,38574.496,1.0,32345.78,43347.11,0.6209202148985643
2018-03-30T15:00:00.0,2018-03-30T21:00:00.0,21,38608.55,1.0,32869.13,42931.12,0.6283787716745277
2018-03-30T16:00:00.0,2018-03-30T22:00:00.0,22,37652.76,1.0,33702.246,43921.2,0.29887002010808106
2018-03-30T17:00:00.0,2018-03-30T23:00:00.0,23,37206.77,1.0,30816.889,45513.18,0.38080413868215607
2018-03-30T18:00:00.0,2018-03-31T00:00:00.0,0,37127.12,1.0,32173.514,45310.35,0.2837073774828067
2018-03-30T19:00:00.0,2018-03-31T01:00:00.0,1,35801.66,1.0,32807.246,41063.082,0.26148771618952776
2018-03-30T20:00:00.0,2018-03-31T02:00:00.0,2,33863.062,1.0,29701.469,37146.848,0.6080581286240158
2018-03-30T21:00:00.0,2018-03-31T03:00:00.0,3,31661.049,1.0,25984.58,37649.664,0.4751834971653617
2018-03-30T22:00:00.0,2018-03-31T04:00:00.0,4,29925.607,1.0,25603.701,31808.926,0.8196970242740792
2018-03-30T23:00:00.0,2018-03-31T05:00:00.0,5,28761.553,1.0,22885.879,32930.92,0.6536272418559411
2018-03-31T00:00:00.0,2018-03-31T06:00:00.0,6,28072.88,1.0,26183.553,29954.027,0.5020132906719175
2018-03-31T01:00:00.0,2018-03-31T07:00:00.0,7,27750.139,1.0,26306.729,29411.203,0.43522565040410577
2018-03-31T02:00:00.0,2018-03-31T08:00:00.0,8,27945.906,1.0,26471.246,29664.51,0.42947362411509343
2018-03-31T03:00:00.0,2018-03-31T09:00:00.0,9,28660.102,1.0,26879.13,31819.553,0.2581530087692772
2018-03-31T04:00:00.0,2018-03-31T10:00:00.0,10,29735.236,1.0,28754.102,31766.58,0.2086964152516353
2018-03-31T05:00:00.0,2018-03-31T11:00:00.0,11,30682.686,1.0,30158.498,33210.61,0.06348290969447849
2018-03-31T06:00:00.0,2018-03-31T12:00:00.0,12,32451.021,1.0,31770.307,34726.363,0.10483751930888514
2018-03-31T07:00:00.0,2018-03-31T13:00:00.0,13,33898.402,1.0,32939.152,35776.363,0.22566855175805378
2018-03-31T08:00:00.0,2018-03-31T14:00:00.0,14,34826.125,1.0,33074.4,35415.848,0.8757864823976778
2018-03-31T09:00:00.0,2018-03-31T15:00:00.0,15,35531.61,1.0,33600.047,35746.04,0.9685135067575452
2018-03-31T10:00:00.0,2018-03-31T16:00:00.0,16,36269.81,0.0,34743.098,36181.28,1.0
2018-03-31T11:00:00.0,2018-03-31T17:00:00.0,17,37168.31,0.0,35649.03,36845.297,1.0
2018-03-31T12:00:00.0,2018-03-31T18:00:00.0,18,38121.703,1.0,35898.426,39011.15,0.8405729648885422
2018-03-31T13:00:00.0,2018-03-31T19:00:00.0,19,39103.473,1.0,38120.367,40391.688,0.37733783888759154
2018-03-31T14:00:00.0,2018-03-31T20:00:00.0,20,39721.33,1.0,37461.258,43073.62,0.32538741534146876
2018-03-31T15:00:00.0,2018-03-31T21:00:00.0,21,39672.17,1.0,36396.92,42378.87,0.5874893875075804
2018-03-31T16:00:00.0,2018-03-31T22:00:00.0,22,38701.176,1.0,36089.57,42041.742,0.3878642923302156
2018-03-31T17:00:00.0,2018-03-31T23:00:00.0,23,38384.047,1.0,33310.39,41850.19,0.6692689849549435
2018-03-31T18:00:00.0,2018-04-01T00:00:00.0,0,38398.65,1.0,33082.234,41391.027,0.7423613383434311
2018-03-31T19:00:00.0,2018-04-01T01:00:00.0,1,36987.91,1.0,34355.312,38232.062,0.7975997272417338
2018-03-31T20:00:00.0,2018-04-01T02:00:00.0,2,35082.758,0.0,30772.207,34567.71,1.0
2018-03-31T21:00:00.0,2018-04-01T03:00:00.0,3,32806.99,1.0,27151.615,35009.79,0.8465866869789679
2018-03-31T22:00:00.0,2018-04-01T04:00:00.0,4,30735.154,1.0,26806.535,31302.586,0.958909629600657
2018-03-31T23:00:00.0,2018-04-01T05:00:00.0,5,29275.373,1.0,24695.191,31039.824,0.8490455974842768
2018-04-01T00:00:00.0,2018-04-01T06:00:00.0,6,28272.6,1.0,26181.459,28757.258,0.9264809706257979
2018-04-01T01:00:00.0,2018-04-01T07:00:00.0,7,27687.693,1.0,26153.967,28872.691,0.6172924707267619
2018-04-01T02:00:00.0,2018-04-01T08:00:00.0,8,27486.945,1.0,26660.7,29152.756,0.2166270317443001
2018-04-01T03:00:00.0,2018-04-01T09:00:00.0,9,27813.969,1.0,26781.086,31659.604,0.08991888846051208
2018-04-01T04:00:00.0,2018-04-01T10:00:00.0,10,28615.44,0.0,28659.441,31693.982,0.0
2018-04-01T05:00:00.0,2018-04-01T11:00:00.0,11,29454.38,0.0,30168.125,33084.145,0.0
2018-04-01T06:00:00.0,2018-04-01T12:00:00.0,12,31335.158,0.0,32065.076,34631.754,0.0
2018-04-01T07:00:00.0,2018-04-01T13:00:00.0,13,33127.145,1.0,32759.646,35788.45,0.03914462809917321
2018-04-01T08:00:00.0,2018-04-01T14:00:00.0,14,34433.45,1.0,33153.64,36566.25,0.2804628558204119
2018-04-01T09:00:00.0,2018-04-01T15:00:00.0,15,35541.76,1.0,34341.258,37663.586,0.25942887979493784
2018-04-01T10:00:00.0,2018-04-01T16:00:00.0,16,36354.477,1.0,35062.914,38719.586,0.24733021358291224
2018-04-01T11:00:00.0,2018-04-01T17:00:00.0,17,37187.453,1.0,36355.152,39095.914,0.18051336656094322
2018-04-01T12:00:00.0,2018-04-01T18:00:00.0,18,37814.523,1.0,36705.45,40937.754,0.13418531952465118
2018-04-01T13:00:00.0,2018-04-01T19:00:00.0,19,38388.754,1.0,37708.246,40841.152,0.09422766266994395
2018-04-01T14:00:00.0,2018-04-01T20:00:00.0,20,38700.062,1.0,36139.996,41520.668,0.45515972031806856
2018-04-01T15:00:00.0,2018-04-01T21:00:00.0,21,38637.527,1.0,35809.12,40367.918,0.7123534506651902
2018-04-01T16:00:00.0,2018-04-01T22:00:00.0,22,38271.902,1.0,35774.02,39076.465,0.883461075880167
2018-04-01T17:00:00.0,2018-04-01T23:00:00.0,23,38900.926,1.0,34221.855,39619.004,0.9559020559773225
2018-04-01T18:00:00.0,2018-04-02T00:00:00.0,0,39171.82,0.0,33409.707,39109.562,1.0
2018-04-01T19:00:00.0,2018-04-02T01:00:00.0,1,37760.1,0.0,34668.23,36750.594,1.0
2018-04-01T20:00:00.0,2018-04-02T02:00:00.0,2,35122.414,0.0,32387.96,34571.777,1.0
2018-04-01T21:00:00.0,2018-04-02T03:00:00.0,3,32461.807,1.0,28479.38,34663.113,0.7485792283719476
2018-04-01T22:00:00.0,2018-04-02T04:00:00.0,4,30798.508,1.0,25226.303,34803.145,0.6483111175417339
2018-04-01T23:00:00.0,2018-04-02T05:00:00.0,5,29851.352,1.0,26581.514,30725.238,0.9106794455500855
2018-04-02T00:00:00.0,2018-04-02T06:00:00.0,6,29381.443,1.0,27716.186,29874.273,0.8967810822459935
2018-04-02T01:00:00.0,2018-04-02T07:00:00.0,7,29536.38,1.0,27903.883,29860.873,0.9400110850114813
2018-04-02T02:00:00.0,2018-04-02T08:00:00.0,8,30703.047,1.0,27156.965,32115.238,0.8416037735849056
2018-04-02T03:00:00.0,2018-04-02T09:00:00.0,9,33414.457,0.0,29646.662,33315.918,1.0
2018-04-02T04:00:00.0,2018-04-02T10:00:00.0,10,36686.414,0.0,31482.545,33027.4,1.0
2018-04-02T05:00:00.0,2018-04-02T11:00:00.0,11,37414.223,0.0,32598.988,34302.652,1.0
2018-04-02T06:00:00.0,2018-04-02T12:00:00.0,12,38149.348,0.0,34414.926,35589.55,1.0
2018-04-02T07:00:00.0,2018-04-02T13:00:00.0,13,39255.66,0.0,35731.742,37617.355,1.0
2018-04-02T08:00:00.0,2018-04-02T14:00:00.0,14,40358.387,0.0,36086.51,38280.78,1.0
2018-04-02T09:00:00.0,2018-04-02T15:00:00.0,15,41353.895,0.0,36806.547,38637.2,1.0
2018-04-02T10:00:00.0,2018-04-02T16:00:00.0,16,42258.52,0.0,37118.453,39938.387,1.0
2018-04-02T11:00:00.0,2018-04-02T17:00:00.0,17,43173.047,0.0,37267.07,39870.082,1.0
2018-04-02T12:00:00.0,2018-04-02T18:00:00.0,18,43813.934,0.0,38629.598,42203.496,1.0
2018-04-02T13:00:00.0,2018-04-02T19:00:00.0,19,44181.87,0.0,39271.902,42173.37,1.0
2018-04-02T14:00:00.0,2018-04-02T20:00:00.0,20,44366.83,0.0,39139.0,43677.066,1.0
2018-04-02T15:00:00.0,2018-04-02T21:00:00.0,21,43883.23,0.0,38838.0,42555.254,1.0
2018-04-02T16:00:00.0,2018-04-02T22:00:00.0,22,43005.383,0.0,37945.246,42254.57,1.0
2018-04-02T17:00:00.0,2018-04-02T23:00:00.0,23,43192.215,0.0,36919.36,41593.598,1.0
2018-04-02T18:00:00.0,2018-04-03T00:00:00.0,0,43113.215,0.0,36044.145,41647.07,1.0
2018-04-02T19:00:00.0,2018-04-03T01:00:00.0,1,40983.82,0.0,36112.547,38623.285,1.0
2018-04-02T20:00:00.0,2018-04-03T02:00:00.0,2,37897.45,0.0,33948.355,36293.66,1.0
2018-04-02T21:00:00.0,2018-04-03T03:00:00.0,3,34989.184,1.0,30577.363,36686.73,0.8493131349782294
2018-04-02T22:00:00.0,2018-04-03T04:00:00.0,4,33027.793,1.0,27624.822,36552.867,0.6876788226582742
2018-04-02T23:00:00.0,2018-04-03T05:00:00.0,5,31807.36,1.0,28803.344,33620.45,0.7173854023214642
2018-04-03T00:00:00.0,2018-04-03T06:00:00.0,6,31039.21,1.0,29510.94,31449.982,0.9099918939731689
2018-04-03T01:00:00.0,2018-04-03T07:00:00.0,7,30894.537,1.0,29058.215,31297.566,0.9316692971380476
2018-04-03T02:00:00.0,2018-04-03T08:00:00.0,8,31722.842,1.0,28537.05,34136.434,0.6258166351606808
2018-04-03T03:00:00.0,2018-04-03T09:00:00.0,9,34244.348,1.0,32422.65,35130.723,0.7891406916629022
2018-04-03T04:00:00.0,2018-04-03T10:00:00.0,10,37392.81,0.0,34301.86,37039.266,1.0
2018-04-03T05:00:00.0,2018-04-03T11:00:00.0,11,37557.316,1.0,36731.3,38079.88,0.6996690021744412
2018-04-03T06:00:00.0,2018-04-03T12:00:00.0,12,38259.26,1.0,36973.676,39851.527,0.4021059229081794
2018-04-03T07:00:00.0,2018-04-03T13:00:00.0,13,39556.703,1.0,38907.445,40647.02,0.2776682134570784
2018-04-03T08:00:00.0,2018-04-03T14:00:00.0,14,40918.64,1.0,39884.168,41756.72,0.5963729172686095
2018-04-03T09:00:00.0,2018-04-03T15:00:00.0,15,42030.035,1.0,41101.47,43232.562,0.382453695978646
2018-04-03T10:00:00.0,2018-04-03T16:00:00.0,16,42928.926,1.0,42837.707,45079.53,0.016944833571885268
2018-04-03T11:00:00.0,2018-04-03T17:00:00.0,17,43598.832,1.0,43161.76,46418.63,0.044604222348209155
2018-04-03T12:00:00.0,2018-04-03T18:00:00.0,18,43760.137,1.0,42776.445,47786.777,0.07889662145305112
2018-04-03T13:00:00.0,2018-04-03T19:00:00.0,19,43967.75,0.0,44244.242,46047.863,0.0
2018-04-03T14:00:00.0,2018-04-03T20:00:00.0,20,43962.72,1.0,40530.09,47812.68,0.44697700249917977
2018-04-03T15:00:00.0,2018-04-03T21:00:00.0,21,43329.95,1.0,39828.79,45777.188,0.6598945336138081
2018-04-03T16:00:00.0,2018-04-03T22:00:00.0,22,42465.59,1.0,38175.0,43568.742,0.9152867335443376
2018-04-03T17:00:00.0,2018-04-03T23:00:00.0,23,42482.215,0.0,35827.11,42207.176,1.0
2018-04-03T18:00:00.0,2018-04-04T00:00:00.0,0,42205.848,1.0,34383.484,42698.08,0.9798355765497605
2018-04-03T19:00:00.0,2018-04-04T01:00:00.0,1,39762.79,0.0,34887.84,39454.32,1.0
2018-04-03T20:00:00.0,2018-04-04T02:00:00.0,2,36291.49,0.0,33370.363,35059.82,1.0
2018-04-03T21:00:00.0,2018-04-04T03:00:00.0,3,32911.613,1.0,28979.402,36058.914,0.6017619818816733
2018-04-03T22:00:00.0,2018-04-04T04:00:00.0,4,30921.666,1.0,25911.15,36798.645,0.4265654671199159
2018-04-03T23:00:00.0,2018-04-04T05:00:00.0,5,29674.13,1.0,26541.842,33878.188,0.36699172844509104
2018-04-04T00:00:00.0,2018-04-04T06:00:00.0,6,28999.498,1.0,28684.227,30017.729,0.11003723260222062
2018-04-04T01:00:00.0,2018-04-04T07:00:00.0,7,28887.846,1.0,27890.078,30178.408,0.3829905960985476
2018-04-04T02:00:00.0,2018-04-04T08:00:00.0,8,29909.525,1.0,26749.78,34083.574,0.37383233100793856
2018-04-04T03:00:00.0,2018-04-04T09:00:00.0,9,32831.992,1.0,32088.229,35280.363,0.10713774834437079
2018-04-04T04:00:00.0,2018-04-04T10:00:00.0,10,36484.62,1.0,34509.15,36823.504,0.9500208942749688
2018-04-04T05:00:00.0,2018-04-04T11:00:00.0,11,36689.254,1.0,35840.836,38115.977,0.2771697598253273
2018-04-04T06:00:00.0,2018-04-04T12:00:00.0,12,36529.574,0.0,37168.273,39439.52,0.0
2018-04-04T07:00:00.0,2018-04-04T13:00:00.0,13,36506.594,0.0,37828.402,39781.543,0.0
2018-04-04T08:00:00.0,2018-04-04T14:00:00.0,14,36279.234,0.0,38301.73,40234.61,0.0
2018-04-04T09:00:00.0,2018-04-04T15:00:00.0,15,35964.57,0.0,38729.973,39923.44,0.0
2018-04-04T10:00:00.0,2018-04-04T16:00:00.0,16,35728.605,0.0,37504.74,38802.883,0.0
2018-04-04T11:00:00.0,2018-04-04T17:00:00.0,17,35586.06,0.0,37423.43,39385.73,0.0
2018-04-04T12:00:00.0,2018-04-04T18:00:00.0,18,35571.03,1.0,34576.98,39095.586,0.09641122860720772
2018-04-04T13:00:00.0,2018-04-04T19:00:00.0,19,35789.59,1.0,35356.402,37268.74,0.10166261330974799
2018-04-04T14:00:00.0,2018-04-04T20:00:00.0,20,36121.38,1.0,30926.725,41732.664,0.4642678210875736
2018-04-04T15:00:00.0,2018-04-04T21:00:00.0,21,36243.637,1.0,32651.705,40140.777,0.46223558167094614
2018-04-04T16:00:00.0,2018-04-04T22:00:00.0,22,36160.49,1.0,31900.205,41421.777,0.4034018900441256
2018-04-04T17:00:00.0,2018-04-04T23:00:00.0,23,36858.965,1.0,31747.469,41710.0,0.5242468529778166
2018-04-04T18:00:00.0,2018-04-05T00:00:00.0,0,37615.355,1.0,30124.68,43476.406,0.6117659047314584
2018-04-04T19:00:00.0,2018-04-05T01:00:00.0,1,36094.207,1.0,31523.91,39155.277,0.6772555128908404
2018-04-04T20:00:00.0,2018-04-05T02:00:00.0,2,33522.816,1.0,31089.488,34650.12,0.8032177076579493
2018-04-04T21:00:00.0,2018-04-05T03:00:00.0,3,31107.533,1.0,26155.918,36221.367,0.4850474523173316
2018-04-04T22:00:00.0,2018-04-05T04:00:00.0,4,29770.297,1.0,22444.21,37462.395,0.4773952140125815
2018-04-04T23:00:00.0,2018-04-05T05:00:00.0,5,29089.361,1.0,23752.19,34716.934,0.47543732788187026
2018-04-05T00:00:00.0,2018-04-05T06:00:00.0,6,28784.178,0.0,29623.543,30786.61,0.0
2018-04-05T01:00:00.0,2018-04-05T07:00:00.0,7,29029.549,1.0,28616.717,30853.188,0.0711722312104722
2018-04-05T02:00:00.0,2018-04-05T08:00:00.0,8,30042.312,1.0,26451.14,33721.85,0.4887224163881737
2018-04-05T03:00:00.0,2018-04-05T09:00:00.0,9,32806.082,0.0,29565.543,32751.316,1.0
2018-04-05T04:00:00.0,2018-04-05T10:00:00.0,10,36163.52,0.0,31565.93,34109.75,1.0
2018-04-05T05:00:00.0,2018-04-05T11:00:00.0,11,36264.434,0.0,32801.316,35278.938,1.0
2018-04-05T06:00:00.0,2018-04-05T12:00:00.0,12,36310.01,1.0,33457.414,36368.35,0.9865793022574026
2018-04-05T07:00:00.0,2018-04-05T13:00:00.0,13,36729.043,0.0,34095.816,36618.008,1.0
2018-04-05T08:00:00.0,2018-04-05T14:00:00.0,14,37019.133,0.0,33986.496,36725.293,1.0
2018-04-05T09:00:00.0,2018-04-05T15:00:00.0,15,37038.008,0.0,34613.598,36414.07,1.0
2018-04-05T10:00:00.0,2018-04-05T16:00:00.0,16,37311.312,0.0,34443.266,36635.305,1.0
2018-04-05T11:00:00.0,2018-04-05T17:00:00.0,17,37691.637,0.0,35012.92,37450.414,1.0
2018-04-05T12:00:00.0,2018-04-05T18:00:00.0,18,37885.184,1.0,34460.773,41335.324,0.4965271740597752
2018-04-05T13:00:00.0,2018-04-05T19:00:00.0,19,38238.54,1.0,37743.7,39813.67,0.11241388331734534
2018-04-05T14:00:00.0,2018-04-05T20:00:00.0,20,38647.11,1.0,33324.12,45025.94,0.41687705375410755
2018-04-05T15:00:00.0,2018-04-05T21:00:00.0,21,38665.973,1.0,35630.168,44153.594,0.25170236259113793
2018-04-05T16:00:00.0,2018-04-05T22:00:00.0,22,38517.113,1.0,34860.43,45152.465,0.2503882889159838
2018-04-05T17:00:00.0,2018-04-05T23:00:00.0,23,39289.547,1.0,33370.703,43902.188,0.6135219520432279
2018-04-05T18:00:00.0,2018-04-06T00:00:00.0,0,39813.113,1.0,31914.63,45944.645,0.6152222686998515
2018-04-05T19:00:00.0,2018-04-06T01:00:00.0,1,38340.87,1.0,33777.14,42325.598,0.5625975918070026
2018-04-05T20:00:00.0,2018-04-06T02:00:00.0,2,35706.637,1.0,32649.742,36806.453,0.8632514577259482
2018-04-05T21:00:00.0,2018-04-06T03:00:00.0,3,33069.613,1.0,28030.14,37999.01,0.5102461624337141
2018-04-05T22:00:00.0,2018-04-06T04:00:00.0,4,31430.104,1.0,24270.455,38882.88,0.48138991140108156
2018-04-05T23:00:00.0,2018-04-06T05:00:00.0,5,30459.326,1.0,25380.72,35416.555,0.511222739705774
2018-04-06T00:00:00.0,2018-04-06T06:00:00.0,6,29882.812,1.0,29132.195,31763.178,0.1589324233232223
2018-04-06T01:00:00.0,2018-04-06T07:00:00.0,7,29847.26,1.0,28378.943,31934.436,0.34277986693664986
2018-04-06T02:00:00.0,2018-04-06T08:00:00.0,8,30667.861,1.0,27867.904,33861.54,0.4392724439283757
2018-04-06T03:00:00.0,2018-04-06T09:00:00.0,9,33102.895,1.0,30945.412,33505.703,0.9443932944665222
2018-04-06T04:00:00.0,2018-04-06T10:00:00.0,10,36505.09,0.0,32054.848,34642.582,1.0
2018-04-06T05:00:00.0,2018-04-06T11:00:00.0,11,36987.945,0.0,33586.957,36206.81,1.0
2018-04-06T06:00:00.0,2018-04-06T12:00:00.0,12,37737.805,1.0,35209.945,37987.074,0.9716152780603104
2018-04-06T07:00:00.0,2018-04-06T13:00:00.0,13,38925.152,0.0,35607.91,38612.02,1.0
2018-04-06T08:00:00.0,2018-04-06T14:00:00.0,14,40241.42,0.0,35688.887,39027.0,1.0
2018-04-06T09:00:00.0,2018-04-06T15:00:00.0,15,41393.715,0.0,37331.92,39314.023,1.0
2018-04-06T10:00:00.0,2018-04-06T16:00:00.0,16,42519.848,0.0,37635.53,40859.234,1.0
2018-04-06T11:00:00.0,2018-04-06T17:00:00.0,17,43535.91,0.0,39288.906,42060.742,1.0
2018-04-06T12:00:00.0,2018-04-06T18:00:00.0,18,44280.39,0.0,39131.668,43863.758,1.0
2018-04-06T13:00:00.0,2018-04-06T19:00:00.0,19,44879.598,0.0,41004.66,43263.61,1.0
2018-04-06T14:00:00.0,2018-04-06T20:00:00.0,20,45067.152,1.0,38073.12,47143.156,0.896339617012549
2018-04-06T15:00:00.0,2018-04-06T21:00:00.0,21,44392.996,1.0,38463.06,45169.508,0.9628396378333992
2018-04-06T16:00:00.0,2018-04-06T22:00:00.0,22,43072.51,1.0,38309.68,44679.74,0.8753578729032653
2018-04-06T17:00:00.0,2018-04-06T23:00:00.0,23,42508.363,1.0,36267.133,44617.793,0.8750737216234804
2018-04-06T18:00:00.0,2018-04-07T00:00:00.0,0,41976.812,1.0,33852.69,44954.555,0.8595628342245988
2018-04-06T19:00:00.0,2018-04-07T01:00:00.0,1,40178.984,1.0,36829.055,41300.605,0.8767698006552036
2018-04-06T20:00:00.0,2018-04-07T02:00:00.0,2,37613.227,0.0,34856.14,36153.69,1.0
2018-04-06T21:00:00.0,2018-04-07T03:00:00.0,3,34913.324,1.0,30404.275,36489.11,0.8689257144753878
2018-04-06T22:00:00.0,2018-04-07T04:00:00.0,4,32907.332,1.0,24100.168,39203.02,0.6505642946317105
2018-04-06T23:00:00.0,2018-04-07T05:00:00.0,5,31488.389,1.0,25664.12,35817.047,0.6340732702940111
2018-04-07T00:00:00.0,2018-04-07T06:00:00.0,6,30664.39,0.0,28040.803,30646.387,1.0
2018-04-07T01:00:00.0,2018-04-07T07:00:00.0,7,30321.037,1.0,27111.654,30566.297,0.976663058713596
2018-04-07T02:00:00.0,2018-04-07T08:00:00.0,8,30522.865,1.0,27407.688,32982.336,0.6078100899742934
2018-04-07T03:00:00.0,2018-04-07T09:00:00.0,9,31396.225,0.0,31526.633,34053.32,0.0
2018-04-07T04:00:00.0,2018-04-07T10:00:00.0,10,33050.426,1.0,32837.523,35511.6,0.025656871522992328
2018-04-07T05:00:00.0,2018-04-07T11:00:00.0,11,34866.207,1.0,33783.06,36277.24,0.3798705799151363
2018-04-07T06:00:00.0,2018-04-07T12:00:00.0,12,36898.344,1.0,35142.22,37600.484,0.8407082957619461
2018-04-07T07:00:00.0,2018-04-07T13:00:00.0,13,38639.617,1.0,36761.855,39466.727,0.8168673094582166
2018-04-07T08:00:00.0,2018-04-07T14:00:00.0,14,39567.387,1.0,37512.574,40348.38,0.8519465420560756
2018-04-07T09:00:00.0,2018-04-07T15:00:00.0,15,39708.363,1.0,38202.52,40259.777,0.8597594023699103
2018-04-07T10:00:00.0,2018-04-07T16:00:00.0,16,39538.09,1.0,37631.926,40025.062,0.9160372396699208
2018-04-07T11:00:00.0,2018-04-07T17:00:00.0,17,39089.28,1.0,36524.5,40338.23,0.7888969671050283
2018-04-07T12:00:00.0,2018-04-07T18:00:00.0,18,38397.176,1.0,34847.934,41153.637,0.6150303184138539
2018-04-07T13:00:00.0,2018-04-07T19:00:00.0,19,37859.645,1.0,36164.773,38820.727,0.7397985768392044
2018-04-07T14:00:00.0,2018-04-07T20:00:00.0,20,37632.637,1.0,31005.947,43570.113,0.5507711442786075
2018-04-07T15:00:00.0,2018-04-07T21:00:00.0,21,37644.215,1.0,33599.836,40352.66,0.6773118412895216
2018-04-07T16:00:00.0,2018-04-07T22:00:00.0,22,37785.176,1.0,33531.59,40019.34,0.7654728955487
2018-04-07T17:00:00.0,2018-04-07T23:00:00.0,23,38909.777,1.0,31060.277,39220.824,0.9834943874040254
2018-04-07T18:00:00.0,2018-04-08T00:00:00.0,0,39301.785,1.0,29207.24,41518.45,0.9316240334558263
2018-04-07T19:00:00.0,2018-04-08T01:00:00.0,1,38408.91,0.0,31499.545,37711.996,1.0
2018-04-07T20:00:00.0,2018-04-08T02:00:00.0,2,36907.645,1.0,30636.725,36919.527,0.9896772134189242
2018-04-07T21:00:00.0,2018-04-08T03:00:00.0,3,35300.426,0.0,28580.553,34770.516,1.0
2018-04-07T22:00:00.0,2018-04-08T04:00:00.0,4,34149.105,1.0,22351.594,38249.508,0.8699845643722848
2018-04-07T23:00:00.0,2018-04-08T05:00:00.0,5,33423.26,1.0,24303.248,35160.723,0.9430003995965978
2018-04-08T00:00:00.0,2018-04-08T06:00:00.0,6,33019.066,1.0,30462.36,33907.79,0.8699636534177502
2018-04-08T01:00:00.0,2018-04-08T07:00:00.0,7,32928.707,1.0,30341.953,34770.547,0.6522048920195066
2018-04-08T02:00:00.0,2018-04-08T08:00:00.0,8,33148.934,1.0,29783.3,36509.613,0.500683442319896
2018-04-08T03:00:00.0,2018-04-08T09:00:00.0,9,33931.332,1.0,32167.943,35246.254,0.6326545454545449
2018-04-08T04:00:00.0,2018-04-08T10:00:00.0,10,34923.62,1.0,33630.086,36669.258,0.36465907129294045
2018-04-08T05:00:00.0,2018-04-08T11:00:00.0,11,35923.51,1.0,34354.023,38132.598,0.34688200335707575
2018-04-08T06:00:00.0,2018-04-08T12:00:00.0,12,37286.414,1.0,35273.496,38285.312,0.7832265053714884
2018-04-08T07:00:00.0,2018-04-08T13:00:00.0,13,37934.594,1.0,35091.05,38982.758,0.8583836870351692
2018-04-08T08:00:00.0,2018-04-08T14:00:00.0,14,37477.668,1.0,35086.613,39327.75,0.6166570218476114
2018-04-08T09:00:00.0,2018-04-08T15:00:00.0,15,36754.996,1.0,35112.64,38682.668,0.4262590662989069
2018-04-08T10:00:00.0,2018-04-08T16:00:00.0,16,35879.44,1.0,34050.395,38543.875,0.33270330416415234
2018-04-08T11:00:00.0,2018-04-08T17:00:00.0,17,34992.652,1.0,31777.361,39077.008,0.3909067484662576
2018-04-08T12:00:00.0,2018-04-08T18:00:00.0,18,34337.727,1.0,28998.127,40779.492,0.41386393028698115
2018-04-08T13:00:00.0,2018-04-08T19:00:00.0,19,33944.895,1.0,31954.992,37912.85,0.21995026010769353
2018-04-08T14:00:00.0,2018-04-08T20:00:00.0,20,33975.098,1.0,26174.385,40525.37,0.5803150830363231
2018-04-08T15:00:00.0,2018-04-08T21:00:00.0,21,34400.465,1.0,29643.836,39078.49,0.5077315470569715
2018-04-08T16:00:00.0,2018-04-08T22:00:00.0,22,34847.57,1.0,30134.973,39540.695,0.5019209061846306
2018-04-08T17:00:00.0,2018-04-08T23:00:00.0,23,36254.715,1.0,29410.031,40045.83,0.7478849044147592
2018-04-08T18:00:00.0,2018-04-09T00:00:00.0,0,37234.594,1.0,28168.143,40848.266,0.8414130111719144
2018-04-08T19:00:00.0,2018-04-09T01:00:00.0,1,35901.16,1.0,29634.918,37135.414,0.9406597205484359
2018-04-08T20:00:00.0,2018-04-09T02:00:00.0,2,33428.973,1.0,28230.75,35119.957,0.8818119635720371
2018-04-08T21:00:00.0,2018-04-09T03:00:00.0,3,31180.396,1.0,27099.797,34148.48,0.6432447906428155
2018-04-08T22:00:00.0,2018-04-09T04:00:00.0,4,29759.729,1.0,20082.902,38232.383,0.5613298419809893
2018-04-08T23:00:00.0,2018-04-09T05:00:00.0,5,29040.486,1.0,23974.459,36245.523,0.3425605565334007
2018-04-09T00:00:00.0,2018-04-09T06:00:00.0,6,28933.326,1.0,28393.518,30983.75,0.08751794442117058
2018-04-09T01:00:00.0,2018-04-09T07:00:00.0,7,29235.338,1.0,27307.467,30911.525,0.5645213414634151
2018-04-09T02:00:00.0,2018-04-09T08:00:00.0,8,30587.229,1.0,26847.43,32707.633,0.7398400811295729
2018-04-09T03:00:00.0,2018-04-09T09:00:00.0,9,33592.938,0.0,30986.498,32539.773,1.0
2018-04-09T04:00:00.0,2018-04-09T10:00:00.0,10,37092.89,0.0,32698.182,34948.69,1.0
2018-04-09T05:00:00.0,2018-04-09T11:00:00.0,11,37315.816,0.0,34401.637,36643.105,1.0
2018-04-09T06:00:00.0,2018-04-09T12:00:00.0,12,37126.938,1.0,36658.48,38412.207,0.13930504375863934
2018-04-09T07:00:00.0,2018-04-09T13:00:00.0,13,37118.594,0.0,37257.08,38736.008,0.0
2018-04-09T08:00:00.0,2018-04-09T14:00:00.0,14,37000.707,0.0,37545.516,39597.69,0.0
2018-04-09T09:00:00.0,2018-04-09T15:00:00.0,15,36791.566,0.0,37649.324,39720.117,0.0
2018-04-09T10:00:00.0,2018-04-09T16:00:00.0,16,36569.504,1.0,36355.703,38897.715,0.02686452336606829
2018-04-09T11:00:00.0,2018-04-09T17:00:00.0,17,36524.863,1.0,34863.21,41103.227,0.13846687921798304
2018-04-09T12:00:00.0,2018-04-09T18:00:00.0,18,36349.55,1.0,31743.35,43808.59,0.2911448147409038
2018-04-09T13:00:00.0,2018-04-09T19:00:00.0,19,36353.84,1.0,34651.4,39751.324,0.21970682302771705
2018-04-09T14:00:00.0,2018-04-09T20:00:00.0,20,36445.793,1.0,27774.168,46622.445,0.4263227385282055
2018-04-09T15:00:00.0,2018-04-09T21:00:00.0,21,36494.457,1.0,30737.58,43691.21,0.397982214723333
2018-04-09T16:00:00.0,2018-04-09T22:00:00.0,22,36626.63,1.0,30251.326,45446.23,0.35413138636208163
2018-04-09T17:00:00.0,2018-04-09T23:00:00.0,23,37516.38,1.0,30250.594,44232.504,0.5364318112693564
2018-04-09T18:00:00.0,2018-04-10T00:00:00.0,0,37749.773,1.0,28687.834,45117.76,0.5947690804925698
2018-04-09T19:00:00.0,2018-04-10T01:00:00.0,1,35875.6,1.0,29640.512,42384.62,0.4800596693445099
2018-04-09T20:00:00.0,2018-04-10T02:00:00.0,2,33115.766,1.0,28520.062,37801.76,0.4909726443768999
2018-04-09T21:00:00.0,2018-04-10T03:00:00.0,3,30799.744,1.0,25395.605,37273.12,0.41706473435853564
2018-04-09T22:00:00.0,2018-04-10T04:00:00.0,4,29432.889,1.0,21257.299,39521.523,0.4037513205050993
2018-04-09T23:00:00.0,2018-04-10T05:00:00.0,5,28713.6,1.0,20000.725,38807.12,0.4321998247151621
2018-04-10T00:00:00.0,2018-04-10T06:00:00.0,6,28398.693,1.0,27618.607,30144.104,0.1869818092428716
2018-04-10T01:00:00.0,2018-04-10T07:00:00.0,7,28597.078,1.0,27241.865,30245.361,0.41021318999879386
2018-04-10T02:00:00.0,2018-04-10T08:00:00.0,8,29867.82,1.0,26717.037,31798.307,0.7117998134908302
2018-04-10T03:00:00.0,2018-04-10T09:00:00.0,9,32880.69,1.0,30051.854,33162.746,0.9713706329989626
2018-04-10T04:00:00.0,2018-04-10T10:00:00.0,10,36366.816,0.0,31907.996,34075.918,1.0
2018-04-10T05:00:00.0,2018-04-10T11:00:00.0,11,36373.094,0.0,33650.84,35732.625,1.0
2018-04-10T06:00:00.0,2018-04-10T12:00:00.0,12,36063.035,1.0,35469.145,36907.92,0.3424428299190169
2018-04-10T07:00:00.0,2018-04-10T13:00:00.0,13,35963.496,0.0,36471.984,37910.62,0.0
2018-04-10T08:00:00.0,2018-04-10T14:00:00.0,14,35942.273,1.0,35732.35,38067.867,0.02841837910062662
2018-04-10T09:00:00.0,2018-04-10T15:00:00.0,15,35820.266,1.0,35403.652,37446.65,0.08427802563557922
2018-04-10T10:00:00.0,2018-04-10T16:00:00.0,16,35938.625,1.0,35715.78,37823.215,0.03356862878183718
2018-04-10T11:00:00.0,2018-04-10T17:00:00.0,17,36230.074,1.0,34522.113,39520.37,0.23073054919908562
2018-04-10T12:00:00.0,2018-04-10T18:00:00.0,18,36611.703,1.0,32653.27,41820.89,0.3754851435609276
2018-04-10T13:00:00.0,2018-04-10T19:00:00.0,19,37243.3,1.0,34535.395,39853.22,0.5170948278868637
2018-04-10T14:00:00.0,2018-04-10T20:00:00.0,20,37985.95,1.0,28147.803,45942.93,0.5971231405293663
2018-04-10T15:00:00.0,2018-04-10T21:00:00.0,21,38251.613,1.0,31187.826,43133.195,0.664560353022972
2018-04-10T16:00:00.0,2018-04-10T22:00:00.0,22,37945.355,1.0,30551.549,45080.035,0.5165471327171529
2018-04-10T17:00:00.0,2018-04-10T23:00:00.0,23,38113.676,1.0,29946.023,45794.996,0.5284532491818603
2018-04-10T18:00:00.0,2018-04-11T00:00:00.0,0,38551.98,1.0,29027.24,46221.824,0.5990745110377015
2018-04-10T19:00:00.0,2018-04-11T01:00:00.0,1,36505.504,1.0,30102.65,44638.137,0.3909527858912264
2018-04-10T20:00:00.0,2018-04-11T02:00:00.0,2,33561.805,1.0,28834.629,38077.38,0.5212362455655098
2018-04-10T21:00:00.0,2018-04-11T03:00:00.0,3,30930.979,1.0,26781.012,36702.32,0.35191361581033187
2018-04-10T22:00:00.0,2018-04-11T04:00:00.0,4,29316.959,1.0,21284.912,39879.84,0.37577466793168873
2018-04-10T23:00:00.0,2018-04-11T05:00:00.0,5,28510.416,1.0,20648.986,39571.555,0.34703309146578987
2018-04-11T00:00:00.0,2018-04-11T06:00:00.0,6,28220.664,0.0,29028.83,31173.44,0.0
2018-04-11T01:00:00.0,2018-04-11T07:00:00.0,7,28461.932,0.0,29114.902,30589.111,0.0
2018-04-11T02:00:00.0,2018-04-11T08:00:00.0,8,29571.06,1.0,28333.207,31805.682,0.2521558251591816
2018-04-11T03:00:00.0,2018-04-11T09:00:00.0,9,32601.393,0.0,30629.748,32266.709,1.0
2018-04-11T04:00:00.0,2018-04-11T10:00:00.0,10,35989.773,0.0,31965.508,33818.77,1.0
2018-04-11T05:00:00.0,2018-04-11T11:00:00.0,11,35907.61,0.0,33351.49,35051.797,1.0
2018-04-11T06:00:00.0,2018-04-11T12:00:00.0,12,35839.844,1.0,35066.848,36574.684,0.5234692874692852
2018-04-11T07:00:00.0,2018-04-11T13:00:00.0,13,36100.188,1.0,35621.363,37239.902,0.171097362181387
2018-04-11T08:00:00.0,2018-04-11T14:00:00.0,14,36332.02,1.0,35550.36,37156.81,0.4750991697416967
2018-04-11T09:00:00.0,2018-04-11T15:00:00.0,15,36768.15,1.0,35140.016,37580.793,0.7814801202806567
2018-04-11T10:00:00.0,2018-04-11T16:00:00.0,16,37408.438,1.0,35934.426,38250.41,0.7372248174221984
2018-04-11T11:00:00.0,2018-04-11T17:00:00.0,17,38320.58,1.0,35723.277,40831.145,0.5157552650689914
2018-04-11T12:00:00.0,2018-04-11T18:00:00.0,18,39185.2,1.0,34921.805,43200.914,0.5277407589725225
2018-04-11T13:00:00.0,2018-04-11T19:00:00.0,19,40108.06,1.0,37050.164,43651.492,0.4320735767395394
2018-04-11T14:00:00.0,2018-04-11T20:00:00.0,20,40913.266,1.0,33953.48,50887.055,0.33941623374673485
2018-04-11T15:00:00.0,2018-04-11T21:00:00.0,21,41121.23,1.0,33792.555,45392.02,0.7301523949657116
2018-04-11T16:00:00.0,2018-04-11T22:00:00.0,22,40548.598,1.0,34145.465,48028.555,0.42840678678363125
2018-04-11T17:00:00.0,2018-04-11T23:00:00.0,23,40319.668,1.0,32946.605,49064.63,0.4215222776476975
2018-04-11T18:00:00.0,2018-04-12T00:00:00.0,0,40623.7,1.0,32883.688,45675.92,0.6874923452579353
2018-04-11T19:00:00.0,2018-04-12T01:00:00.0,1,38593.46,1.0,32521.938,43706.992,0.5789639096273597
2018-04-11T20:00:00.0,2018-04-12T02:00:00.0,2,35269.156,1.0,31412.773,38368.996,0.5998683187308843
2018-04-11T21:00:00.0,2018-04-12T03:00:00.0,3,32347.82,1.0,29354.082,36690.023,0.334478177491278
2018-04-11T22:00:00.0,2018-04-12T04:00:00.0,4,30462.188,1.0,23159.348,40014.16,0.37812292619613336
2018-04-11T23:00:00.0,2018-04-12T05:00:00.0,5,29366.557,1.0,22102.127,38887.152,0.3772638029072029
2018-04-12T00:00:00.0,2018-04-12T06:00:00.0,6,28774.389,1.0,28023.305,29883.422,0.3272103699702927
2018-04-12T01:00:00.0,2018-04-12T07:00:00.0,7,28697.49,1.0,27919.498,29781.893,0.3509589805599504
2018-04-12T02:00:00.0,2018-04-12T08:00:00.0,8,29692.412,1.0,28724.729,30564.91,0.5478875638841565
2018-04-12T03:00:00.0,2018-04-12T09:00:00.0,9,32260.297,1.0,30920.625,32416.594,0.9668830082233694
2018-04-12T04:00:00.0,2018-04-12T10:00:00.0,10,35295.758,0.0,32141.383,33876.12,1.0
2018-04-12T05:00:00.0,2018-04-12T11:00:00.0,11,35546.12,0.0,33983.875,35312.586,1.0
2018-04-12T06:00:00.0,2018-04-12T12:00:00.0,12,36399.47,1.0,35988.85,37392.047,0.16735451477487812
2018-04-12T07:00:00.0,2018-04-12T13:00:00.0,13,37627.773,1.0,37476.527,38593.77,0.04512159609633289
2018-04-12T08:00:00.0,2018-04-12T14:00:00.0,14,38670.918,1.0,37774.324,39113.484,0.7848304568527869
2018-04-12T09:00:00.0,2018-04-12T15:00:00.0,15,39693.59,1.0,39325.707,40460.684,0.20663794107371308
2018-04-12T10:00:00.0,2018-04-12T16:00:00.0,16,40989.367,1.0,40257.734,41620.184,0.5683353502756435
2018-04-12T11:00:00.0,2018-04-12T17:00:00.0,17,42517.902,1.0,40949.305,43061.28,0.8705947416137829
2018-04-12T12:00:00.0,2018-04-12T18:00:00.0,18,43819.426,1.0,41082.902,45684.625,0.67020596797671
2018-04-12T13:00:00.0,2018-04-12T19:00:00.0,19,45202.03,1.0,42845.72,46849.43,0.6597970369101644
2018-04-12T14:00:00.0,2018-04-12T20:00:00.0,20,46061.605,1.0,36789.145,52336.15,0.6731220920213689
2018-04-12T15:00:00.0,2018-04-12T21:00:00.0,21,45812.527,1.0,38128.24,48238.95,0.8867485380116961
2018-04-12T16:00:00.0,2018-04-12T22:00:00.0,22,44747.676,1.0,38227.727,49522.582,0.6403576083789548
2018-04-12T17:00:00.0,2018-04-12T23:00:00.0,23,44423.605,1.0,35916.883,49908.58,0.6922993244817152
2018-04-12T18:00:00.0,2018-04-13T00:00:00.0,0,44505.285,1.0,37867.133,46762.973,0.8739392341304867
2018-04-12T19:00:00.0,2018-04-13T01:00:00.0,1,42297.508,1.0,36425.82,42816.473,0.9739156076225918
2018-04-12T20:00:00.0,2018-04-13T02:00:00.0,2,39070.84,0.0,34795.035,38809.65,1.0
2018-04-12T21:00:00.0,2018-04-13T03:00:00.0,3,36017.99,1.0,32185.592,36261.703,0.9796768168738943
2018-04-12T22:00:00.0,2018-04-13T04:00:00.0,4,33827.863,1.0,25855.06,39800.793,0.6306593516834904
2018-04-12T23:00:00.0,2018-04-13T05:00:00.0,5,32611.484,1.0,25131.623,39121.105,0.564083732621161
2018-04-13T00:00:00.0,2018-04-13T06:00:00.0,6,31950.047,0.0,29962.041,31729.498,1.0
2018-04-13T01:00:00.0,2018-04-13T07:00:00.0,7,31750.742,1.0,29712.098,32258.5,0.9189920454545448
2018-04-13T02:00:00.0,2018-04-13T08:00:00.0,8,32574.166,1.0,30635.512,33492.223,0.797016147688891
2018-04-13T03:00:00.0,2018-04-13T09:00:00.0,9,35084.137,1.0,32884.695,35373.152,0.9627119740170155
2018-04-13T04:00:00.0,2018-04-13T10:00:00.0,10,38188.836,0.0,34129.117,36915.21,1.0
2018-04-13T05:00:00.0,2018-04-13T11:00:00.0,11,38589.125,0.0,35915.566,38208.895,1.0
2018-04-13T06:00:00.0,2018-04-13T12:00:00.0,12,39483.742,1.0,37687.31,39609.04,0.9782217400433958
2018-04-13T07:00:00.0,2018-04-13T13:00:00.0,13,40496.105,1.0,40426.598,41874.363,0.018194454268940247
2018-04-13T08:00:00.0,2018-04-13T14:00:00.0,14,41583.848,1.0,40082.28,42300.773,0.7946494311074037
2018-04-13T09:00:00.0,2018-04-13T15:00:00.0,15,42445.133,1.0,41340.27,43721.883,0.43333743463549945
2018-04-13T10:00:00.0,2018-04-13T16:00:00.0,16,43322.957,0.0,43775.97,45693.527,0.0
2018-04-13T11:00:00.0,2018-04-13T17:00:00.0,17,44766.02,1.0,44181.293,46089.73,0.1838846954711061
2018-04-13T12:00:00.0,2018-04-13T18:00:00.0,18,45911.043,1.0,43443.176,47432.906,0.7093855130784701
2018-04-13T13:00:00.0,2018-04-13T19:00:00.0,19,46753.41,1.0,43353.367,46864.293,0.9846095584410537
2018-04-13T14:00:00.0,2018-04-13T20:00:00.0,20,46794.465,1.0,35696.258,51357.734,0.834102705891027
2018-04-13T15:00:00.0,2018-04-13T21:00:00.0,21,45952.812,1.0,36926.594,48230.79,0.9174631870628361
2018-04-13T16:00:00.0,2018-04-13T22:00:00.0,22,44840.094,1.0,37170.742,48305.95,0.8100773948923827
2018-04-13T17:00:00.0,2018-04-13T23:00:00.0,23,44240.797,1.0,34986.695,49723.742,0.7241581165068995
2018-04-13T18:00:00.0,2018-04-14T00:00:00.0,0,43804.754,1.0,38474.48,45935.984,0.8407002896828345
2018-04-13T19:00:00.0,2018-04-14T01:00:00.0,1,41962.895,1.0,37306.508,42866.645,0.9417008211950055
2018-04-13T20:00:00.0,2018-04-14T02:00:00.0,2,38883.566,0.0,33517.934,38437.18,1.0
2018-04-13T21:00:00.0,2018-04-14T03:00:00.0,3,35683.285,1.0,30498.42,36983.02,0.9182459448001966
2018-04-13T22:00:00.0,2018-04-14T04:00:00.0,4,32769.11,1.0,24410.139,41578.824,0.47565161095405584
2018-04-13T23:00:00.0,2018-04-14T05:00:00.0,5,30735.275,1.0,22020.229,40970.773,0.42597367737466457
2018-04-14T00:00:00.0,2018-04-14T06:00:00.0,6,29259.025,1.0,28800.732,30677.283,0.11707509501130609
2018-04-14T01:00:00.0,2018-04-14T07:00:00.0,7,28389.54,0.0,28560.986,30553.635,0.0
2018-04-14T02:00:00.0,2018-04-14T08:00:00.0,8,28293.453,0.0,28392.428,30919.473,0.0
2018-04-14T03:00:00.0,2018-04-14T09:00:00.0,9,28909.6,0.0,30477.59,32072.959,0.0
2018-04-14T04:00:00.0,2018-04-14T10:00:00.0,10,30077.877,0.0,31864.03,33452.02,0.0
2018-04-14T05:00:00.0,2018-04-14T11:00:00.0,11,31286.83,0.0,33109.676,34466.53,0.0
2018-04-14T06:00:00.0,2018-04-14T12:00:00.0,12,32950.535,0.0,33792.812,34884.812,0.0
2018-04-14T07:00:00.0,2018-04-14T13:00:00.0,13,34327.883,0.0,35145.184,36517.844,0.0
2018-04-14T08:00:00.0,2018-04-14T14:00:00.0,14,34868.277,0.0,36310.54,37424.656,0.0
2018-04-14T09:00:00.0,2018-04-14T15:00:00.0,15,34759.035,0.0,36599.176,37729.887,0.0
2018-04-14T10:00:00.0,2018-04-14T16:00:00.0,16,34408.855,0.0,36334.227,37908.934,0.0
2018-04-14T11:00:00.0,2018-04-14T17:00:00.0,17,33941.664,0.0,36565.203,37664.832,0.0
2018-04-14T12:00:00.0,2018-04-14T18:00:00.0,18,33624.19,0.0,33916.953,38080.98,0.0
2018-04-14T13:00:00.0,2018-04-14T19:00:00.0,19,33492.676,0.0,34424.91,36903.57,0.0
2018-04-14T14:00:00.0,2018-04-14T20:00:00.0,20,33562.035,1.0,27961.102,42913.22,0.27978425183770156
2018-04-14T15:00:00.0,2018-04-14T21:00:00.0,21,33630.062,1.0,29787.617,41107.707,0.22753823968052397
2018-04-14T16:00:00.0,2018-04-14T22:00:00.0,22,33550.45,1.0,29101.463,43674.58,0.1825156996906924
2018-04-14T17:00:00.0,2018-04-14T23:00:00.0,23,34215.824,1.0,27992.107,47463.977,0.20068064568682303
2018-04-14T18:00:00.0,2018-04-15T00:00:00.0,0,34885.984,1.0,30870.875,38803.453,0.5114212889346167
2018-04-14T19:00:00.0,2018-04-15T01:00:00.0,1,34012.3,1.0,30914.732,36100.53,0.6746335163061045
2018-04-14T20:00:00.0,2018-04-15T02:00:00.0,2,32519.553,1.0,29316.957,32976.75,0.9594734882156499
2018-04-14T21:00:00.0,2018-04-15T03:00:00.0,3,30896.268,1.0,26964.674,32101.361,0.8915034982303073
2018-04-14T22:00:00.0,2018-04-15T04:00:00.0,4,29792.883,1.0,20621.854,39152.336,0.49056397980850136
2018-04-14T23:00:00.0,2018-04-15T05:00:00.0,5,29244.51,1.0,20195.014,39786.91,0.4296498199313224
2018-04-15T00:00:00.0,2018-04-15T06:00:00.0,6,28971.76,0.0,26184.994,28755.164,1.0
2018-04-15T01:00:00.0,2018-04-15T07:00:00.0,7,29065.236,0.0,26110.238,28957.262,1.0
2018-04-15T02:00:00.0,2018-04-15T08:00:00.0,8,29554.424,1.0,26325.621,30167.016,0.9432864077017197
2018-04-15T03:00:00.0,2018-04-15T09:00:00.0,9,30537.326,1.0,27568.914,31406.764,0.8983208848348647
2018-04-15T04:00:00.0,2018-04-15T10:00:00.0,10,31812.924,1.0,29973.654,32483.422,0.8606586995010457
2018-04-15T05:00:00.0,2018-04-15T11:00:00.0,11,33085.24,1.0,31240.102,33389.895,0.9520923479612278
2018-04-15T06:00:00.0,2018-04-15T12:00:00.0,12,34440.918,0.0,32235.521,34389.293,1.0
2018-04-15T07:00:00.0,2018-04-15T13:00:00.0,13,34908.434,1.0,32638.045,35109.133,0.9739125133363818
2018-04-15T08:00:00.0,2018-04-15T14:00:00.0,14,34740.965,1.0,32111.334,35002.297,0.9714434467035775
2018-04-15T09:00:00.0,2018-04-15T15:00:00.0,15,34434.14,1.0,31160.021,34809.19,0.967491302856583
2018-04-15T10:00:00.0,2018-04-15T16:00:00.0,16,34115.582,1.0,31050.045,34864.777,0.9210617454294588
2018-04-15T11:00:00.0,2018-04-15T17:00:00.0,17,33879.84,1.0,31346.492,34746.133,0.8729549102993767
2018-04-15T12:00:00.0,2018-04-15T18:00:00.0,18,33702.094,1.0,31654.781,36018.453,0.4429777103610986
2018-04-15T13:00:00.0,2018-04-15T19:00:00.0,19,33907.91,1.0,33346.152,35469.906,0.13667142177841277
2018-04-15T14:00:00.0,2018-04-15T20:00:00.0,20,34441.01,1.0,29726.84,40960.52,0.35426575798692567
2018-04-15T15:00:00.0,2018-04-15T21:00:00.0,21,34944.24,1.0,30917.182,39316.45,0.46192224717122277
2018-04-15T16:00:00.0,2018-04-15T22:00:00.0,22,35086.84,1.0,29787.807,42061.824,0.3753855551563055
2018-04-15T17:00:00.0,2018-04-15T23:00:00.0,23,35547.598,1.0,28656.916,46038.086,0.314987924313017
2018-04-15T18:00:00.0,2018-04-16T00:00:00.0,0,36406.16,1.0,32372.234,39303.027,0.6486371929123049
2018-04-15T19:00:00.0,2018-04-16T01:00:00.0,1,35067.438,1.0,32485.654,36823.02,0.6711597560033977
2018-04-15T20:00:00.0,2018-04-16T02:00:00.0,2,32790.168,1.0,30305.178,33722.91,0.8545872754908955
2018-04-15T21:00:00.0,2018-04-16T03:00:00.0,3,30439.166,1.0,28922.812,33369.094,0.2297743747450349
2018-04-15T22:00:00.0,2018-04-16T04:00:00.0,4,29196.771,1.0,22470.484,39565.637,0.3100565572581814
2018-04-15T23:00:00.0,2018-04-16T05:00:00.0,5,28659.393,1.0,21423.387,37447.312,0.41087262148670517
2018-04-16T00:00:00.0,2018-04-16T06:00:00.0,6,28525.475,1.0,27741.998,29523.025,0.38988518370606867
2018-04-16T01:00:00.0,2018-04-16T07:00:00.0,7,28869.062,1.0,28087.14,29300.107,0.7495036334523975
2018-04-16T02:00:00.0,2018-04-16T08:00:00.0,8,30360.646,1.0,29362.668,32096.91,0.26497742852365874
2018-04-16T03:00:00.0,2018-04-16T09:00:00.0,9,33617.99,1.0,31435.717,33889.586,0.9646651899564272
2018-04-16T04:00:00.0,2018-04-16T10:00:00.0,10,37036.4,0.0,32850.008,35173.11,1.0
2018-04-16T05:00:00.0,2018-04-16T11:00:00.0,11,37084.637,0.0,34622.168,36589.75,1.0
2018-04-16T06:00:00.0,2018-04-16T12:00:00.0,12,36690.734,0.0,34735.875,36516.816,1.0
2018-04-16T07:00:00.0,2018-04-16T13:00:00.0,13,36605.445,1.0,34659.23,36803.535,0.9709101515455637
2018-04-16T08:00:00.0,2018-04-16T14:00:00.0,14,36685.555,1.0,34029.414,37661.887,0.8589705796509247
2018-04-16T09:00:00.0,2018-04-16T15:00:00.0,15,36802.438,1.0,33388.387,37310.277,0.957467016399323
2018-04-16T10:00:00.0,2018-04-16T16:00:00.0,16,37225.89,1.0,33441.72,37973.645,0.9404321761528118
2018-04-16T11:00:00.0,2018-04-16T17:00:00.0,17,37852.953,1.0,33236.453,37943.38,0.9867210457611141
2018-04-16T12:00:00.0,2018-04-16T18:00:00.0,18,38554.613,1.0,34033.2,40488.816,0.8243717258034544
2018-04-16T13:00:00.0,2018-04-16T19:00:00.0,19,39512.09,1.0,38398.848,39830.22,0.90180824776234
2018-04-16T14:00:00.0,2018-04-16T20:00:00.0,20,40296.215,1.0,36868.734,44820.945,0.37411887382690223
2018-04-16T15:00:00.0,2018-04-16T21:00:00.0,21,40688.03,1.0,36692.984,42521.65,0.8058036264413341
2018-04-16T16:00:00.0,2018-04-16T22:00:00.0,22,40239.305,1.0,33445.79,44307.164,0.7203180252419134
2018-04-16T17:00:00.0,2018-04-16T23:00:00.0,23,40078.195,1.0,31777.09,44898.68,0.731398824731732
2018-04-16T18:00:00.0,2018-04-17T00:00:00.0,0,40315.914,0.0,36222.54,39922.81,1.0
2018-04-16T19:00:00.0,2018-04-17T01:00:00.0,1,38178.617,0.0,36855.598,37779.63,1.0
2018-04-16T20:00:00.0,2018-04-17T02:00:00.0,2,34974.426,0.0,32218.525,34427.562,1.0
2018-04-16T21:00:00.0,2018-04-17T03:00:00.0,3,31970.633,1.0,29446.457,33760.125,0.6540127160739128
2018-04-16T22:00:00.0,2018-04-17T04:00:00.0,4,30061.9,1.0,22135.605,37410.113,0.535076200505986
2018-04-16T23:00:00.0,2018-04-17T05:00:00.0,5,28892.648,1.0,21563.13,37057.582,0.45009153236365373
2018-04-17T00:00:00.0,2018-04-17T06:00:00.0,6,28301.297,0.0,28353.684,29681.146,0.0
2018-04-17T01:00:00.0,2018-04-17T07:00:00.0,7,28218.475,1.0,28085.547,29587.879,0.02804129064603893
2018-04-17T02:00:00.0,2018-04-17T08:00:00.0,8,29006.734,1.0,28802.96,30412.354,0.04126970251591255
2018-04-17T03:00:00.0,2018-04-17T09:00:00.0,9,31558.13,1.0,30959.05,32627.816,0.2559194270367073
2018-04-17T04:00:00.0,2018-04-17T10:00:00.0,10,34404.24,0.0,32495.086,33871.69,1.0
2018-04-17T05:00:00.0,2018-04-17T11:00:00.0,11,34674.26,1.0,33889.266,35407.797,0.5314146579011492
2018-04-17T06:00:00.0,2018-04-17T12:00:00.0,12,35365.664,1.0,35245.37,36602.336,0.028086477270474003
2018-04-17T07:00:00.0,2018-04-17T13:00:00.0,13,36339.91,0.0,36367.805,38188.25,0.0
2018-04-17T08:00:00.0,2018-04-17T14:00:00.0,14,37516.254,1.0,36128.2,38907.27,0.4990116201415811
2018-04-17T09:00:00.0,2018-04-17T15:00:00.0,15,38596.703,1.0,37626.008,40979.117,0.16372877853920675
2018-04-17T10:00:00.0,2018-04-17T16:00:00.0,16,39785.473,1.0,38054.453,42251.92,0.34179341610847763
2018-04-17T11:00:00.0,2018-04-17T17:00:00.0,17,41359.83,1.0,39859.543,44372.03,0.21788130742581838
2018-04-17T12:00:00.0,2018-04-17T18:00:00.0,18,42848.637,1.0,40210.652,45537.91,0.4910651567944254
2018-04-17T13:00:00.0,2018-04-17T19:00:00.0,19,44300.566,1.0,42585.13,46362.15,0.41559354590856745
2018-04-17T14:00:00.0,2018-04-17T20:00:00.0,20,45313.887,1.0,40558.55,48635.918,0.6601238117222429
2018-04-17T15:00:00.0,2018-04-17T21:00:00.0,21,45296.438,1.0,41273.68,47150.125,0.8047038152610442
2018-04-17T16:00:00.0,2018-04-17T22:00:00.0,22,44211.938,1.0,38092.273,48869.984,0.6237944017024065
2018-04-17T17:00:00.0,2018-04-17T23:00:00.0,23,43441.527,1.0,35424.676,50113.887,0.5843020671260282
2018-04-17T18:00:00.0,2018-04-18T00:00:00.0,0,43427.668,0.0,40313.04,43343.63,1.0
2018-04-17T19:00:00.0,2018-04-18T01:00:00.0,1,41268.906,1.0,36856.555,42693.73,0.8830386637797715
2018-04-17T20:00:00.0,2018-04-18T02:00:00.0,2,37823.957,0.0,35232.44,37050.78,1.0
2018-04-17T21:00:00.0,2018-04-18T03:00:00.0,3,34559.24,1.0,32031.469,35232.73,0.9110489921359486
2018-04-17T22:00:00.0,2018-04-18T04:00:00.0,4,32411.38,1.0,23115.643,39967.16,0.5949048184648968
2018-04-17T23:00:00.0,2018-04-18T05:00:00.0,5,30993.088,1.0,22307.102,38898.43,0.5435770658722573
2018-04-18T00:00:00.0,2018-04-18T06:00:00.0,6,30168.166,1.0,29329.725,30604.562,0.7684054720789433
2018-04-18T01:00:00.0,2018-04-18T07:00:00.0,7,29917.17,1.0,29247.176,31144.914,0.24709948370193258
2018-04-18T02:00:00.0,2018-04-18T08:00:00.0,8,30608.568,1.0,29395.617,32767.541,0.2570039875941509
2018-04-18T03:00:00.0,2018-04-18T09:00:00.0,9,32973.67,1.0,32197.887,34220.805,0.2939104903983497
2018-04-18T04:00:00.0,2018-04-18T10:00:00.0,10,35879.438,0.0,33139.77,35547.84,1.0
2018-04-18T05:00:00.0,2018-04-18T11:00:00.0,11,36047.88,1.0,34984.38,36270.992,0.9355367360952151
2018-04-18T06:00:00.0,2018-04-18T12:00:00.0,12,36948.31,1.0,36156.516,37245.266,0.8547633885102218
2018-04-18T07:00:00.0,2018-04-18T13:00:00.0,13,38005.19,0.0,38275.64,39685.25,0.0
2018-04-18T08:00:00.0,2018-04-18T14:00:00.0,14,39050.633,1.0,38355.62,40592.785,0.1891957149200709
2018-04-18T09:00:00.0,2018-04-18T15:00:00.0,15,40030.426,1.0,39673.297,41681.93,0.0670478341203043
2018-04-18T10:00:00.0,2018-04-18T16:00:00.0,16,41072.33,1.0,40325.65,42987.434,0.15363492526127465
2018-04-18T11:00:00.0,2018-04-18T17:00:00.0,17,42049.77,1.0,39688.26,44051.02,0.5761625574592544
2018-04-18T12:00:00.0,2018-04-18T18:00:00.0,18,42627.89,1.0,40205.707,45614.727,0.40406787571676156
2018-04-18T13:00:00.0,2018-04-18T19:00:00.0,19,42945.2,1.0,42181.887,44719.895,0.17699206199206075
2018-04-18T14:00:00.0,2018-04-18T20:00:00.0,20,43318.465,1.0,40683.594,45605.758,0.5652370144366704
2018-04-18T15:00:00.0,2018-04-18T21:00:00.0,21,43160.06,1.0,39400.43,44114.07,0.9168283175519097
2018-04-18T16:00:00.0,2018-04-18T22:00:00.0,22,42137.168,1.0,37443.145,45791.746,0.6139466621224379
2018-04-18T17:00:00.0,2018-04-18T23:00:00.0,23,41644.0,1.0,32843.195,47654.367,0.6694072073515444
2018-04-18T18:00:00.0,2018-04-19T00:00:00.0,0,41572.816,0.0,37982.77,40205.01,1.0
2018-04-18T19:00:00.0,2018-04-19T01:00:00.0,1,39254.26,1.0,35680.04,41360.93,0.7260481447073619
2018-04-18T20:00:00.0,2018-04-19T02:00:00.0,2,35865.01,0.0,33269.367,35106.14,1.0
2018-04-18T21:00:00.0,2018-04-19T03:00:00.0,3,32784.434,1.0,31355.547,33171.78,0.9088710026396655
2018-04-18T22:00:00.0,2018-04-19T04:00:00.0,4,30741.875,1.0,22710.01,37574.98,0.574400794770216
2018-04-18T23:00:00.0,2018-04-19T05:00:00.0,5,29459.47,1.0,21464.688,38547.023,0.4408497815277988
2018-04-19T00:00:00.0,2018-04-19T06:00:00.0,6,28688.57,1.0,28549.498,30176.281,0.027236287268698384
2018-04-19T01:00:00.0,2018-04-19T07:00:00.0,7,28536.299,1.0,28424.402,29928.113,0.02425686071057987
2018-04-19T02:00:00.0,2018-04-19T08:00:00.0,8,29301.588,1.0,29151.19,30772.277,0.029196508579204035
2018-04-19T03:00:00.0,2018-04-19T09:00:00.0,9,31807.14,1.0,31506.297,32876.008,0.0961359724612734
2018-04-19T04:00:00.0,2018-04-19T10:00:00.0,10,34792.547,1.0,33722.273,34835.754,0.9833770195284951
2018-04-19T05:00:00.0,2018-04-19T11:00:00.0,11,34883.883,1.0,34751.17,35931.65,0.03595667979400159
2018-04-19T06:00:00.0,2018-04-19T12:00:00.0,12,35296.19,0.0,35830.242,37129.89,0.0
2018-04-19T07:00:00.0,2018-04-19T13:00:00.0,13,35817.324,0.0,36763.426,38171.438,0.0
2018-04-19T08:00:00.0,2018-04-19T14:00:00.0,14,36340.324,0.0,37233.793,38675.652,0.0
2018-04-19T09:00:00.0,2018-04-19T15:00:00.0,15,36683.773,0.0,37242.62,38695.785,0.0
2018-04-19T10:00:00.0,2018-04-19T16:00:00.0,16,37135.145,0.0,38143.76,40994.26,0.0
2018-04-19T11:00:00.0,2018-04-19T17:00:00.0,17,37941.06,1.0,37840.812,41464.188,0.014722152873622643
2018-04-19T12:00:00.0,2018-04-19T18:00:00.0,18,38578.01,1.0,36762.664,42209.234,0.2190042425754934
2018-04-19T13:00:00.0,2018-04-19T19:00:00.0,19,39255.52,1.0,38783.383,41323.027,0.07203823636080905
2018-04-19T14:00:00.0,2018-04-19T20:00:00.0,20,39847.293,1.0,35668.93,40181.98,0.9758113875609493
2018-04-19T15:00:00.0,2018-04-19T21:00:00.0,21,39700.918,1.0,36876.484,40332.254,0.9300698919232205
2018-04-19T16:00:00.0,2018-04-19T22:00:00.0,22,38979.176,1.0,35180.53,44125.59,0.3629859441283988
2018-04-19T17:00:00.0,2018-04-19T23:00:00.0,23,38662.18,1.0,32350.033,46779.535,0.3855202928380393
2018-04-19T18:00:00.0,2018-04-20T00:00:00.0,0,38890.457,1.0,36851.2,40195.31,0.695269262634634
2018-04-19T19:00:00.0,2018-04-20T01:00:00.0,1,36927.06,1.0,34678.066,39987.32,0.36112260359707354
2018-04-19T20:00:00.0,2018-04-20T02:00:00.0,2,33943.723,1.0,31280.523,34935.652,0.8562137076891829
2018-04-19T21:00:00.0,2018-04-20T03:00:00.0,3,31161.38,1.0,26878.693,35158.168,0.5320114339310842
2018-04-19T22:00:00.0,2018-04-20T04:00:00.0,4,29435.072,1.0,20812.34,37318.316,0.5415020447384299
2018-04-19T23:00:00.0,2018-04-20T05:00:00.0,5,28463.713,1.0,19179.393,37930.16,0.4909865288871733
2018-04-20T00:00:00.0,2018-04-20T06:00:00.0,6,28019.445,1.0,27898.602,30012.71,0.019756182233596764
2018-04-20T01:00:00.0,2018-04-20T07:00:00.0,7,28025.459,1.0,27756.846,29506.268,0.05365238699772652
2018-04-20T02:00:00.0,2018-04-20T08:00:00.0,8,29024.182,1.0,28484.531,29694.645,0.4007256742661318
2018-04-20T03:00:00.0,2018-04-20T09:00:00.0,9,31624.623,1.0,30248.178,31899.82,0.9395366836680106
2018-04-20T04:00:00.0,2018-04-20T10:00:00.0,10,34590.082,0.0,31534.723,33476.934,1.0
2018-04-20T05:00:00.0,2018-04-20T11:00:00.0,11,34963.062,0.0,32908.7,34693.023,1.0
2018-04-20T06:00:00.0,2018-04-20T12:00:00.0,12,35421.324,1.0,34406.066,36436.09,0.5002231163130932
2018-04-20T07:00:00.0,2018-04-20T13:00:00.0,13,35901.043,1.0,34502.26,36772.445,0.7055304101838756
2018-04-20T08:00:00.0,2018-04-20T14:00:00.0,14,36218.355,1.0,34599.83,37038.4,0.7768636987869083
2018-04-20T09:00:00.0,2018-04-20T15:00:00.0,15,36154.13,1.0,35120.957,37497.39,0.38073710993040505
2018-04-20T10:00:00.0,2018-04-20T16:00:00.0,16,36149.277,1.0,35629.633,38659.97,0.06332672381952194
2018-04-20T11:00:00.0,2018-04-20T17:00:00.0,17,36282.273,1.0,35990.61,39029.61,0.03007531183807948
2018-04-20T12:00:00.0,2018-04-20T18:00:00.0,18,36368.2,1.0,35949.664,39166.297,0.04280883518766526
2018-04-20T13:00:00.0,2018-04-20T19:00:00.0,19,36406.61,1.0,35997.707,37763.26,0.10595526605680378
2018-04-20T14:00:00.0,2018-04-20T20:00:00.0,20,36381.96,1.0,35111.13,38129.547,0.35665461639983903
2018-04-20T15:00:00.0,2018-04-20T21:00:00.0,21,36020.92,1.0,35974.906,37587.387,0.01487039173555427
2018-04-20T16:00:00.0,2018-04-20T22:00:00.0,22,35496.36,1.0,34055.375,40473.207,0.09997710129310368
2018-04-20T17:00:00.0,2018-04-20T23:00:00.0,23,35697.89,1.0,30613.184,43759.816,0.2991613958826831
2018-04-20T18:00:00.0,2018-04-21T00:00:00.0,0,36127.94,1.0,35789.293,37745.477,0.06428975818351604
2018-04-20T19:00:00.0,2018-04-21T01:00:00.0,1,35013.098,1.0,33286.75,37600.684,0.3211751921136374
2018-04-20T20:00:00.0,2018-04-21T02:00:00.0,2,33215.85,1.0,31257.342,34415.707,0.7118375512653793
2018-04-20T21:00:00.0,2018-04-21T03:00:00.0,3,31084.47,1.0,27397.043,34700.94,0.5090150937642933
2018-04-20T22:00:00.0,2018-04-21T04:00:00.0,4,29470.844,1.0,22467.973,36450.52,0.5015394621572118
2018-04-20T23:00:00.0,2018-04-21T05:00:00.0,5,28528.656,1.0,21773.05,35416.355,0.49101548046577426
2018-04-21T00:00:00.0,2018-04-21T06:00:00.0,6,28025.74,1.0,27375.496,29131.27,0.273194235699763
2018-04-21T01:00:00.0,2018-04-21T07:00:00.0,7,27939.709,1.0,27028.402,29383.203,0.2995316654168644
2018-04-21T02:00:00.0,2018-04-21T08:00:00.0,8,28106.197,1.0,27095.35,29508.541,0.3529462427330793
2018-04-21T03:00:00.0,2018-04-21T09:00:00.0,9,28907.844,1.0,28528.74,30617.744,0.06921463015707399
2018-04-21T04:00:00.0,2018-04-21T10:00:00.0,10,29981.86,1.0,29106.682,31265.299,0.3299744007447061
2018-04-21T05:00:00.0,2018-04-21T11:00:00.0,11,31393.992,1.0,30423.807,32737.994,0.353550366711569
2018-04-21T06:00:00.0,2018-04-21T12:00:00.0,12,33023.598,1.0,31918.662,33873.81,0.6190841291496091
2018-04-21T07:00:00.0,2018-04-21T13:00:00.0,13,34595.4,1.0,32526.408,34732.695,0.9790209227467813
2018-04-21T08:00:00.0,2018-04-21T14:00:00.0,14,35643.844,0.0,31898.783,35194.51,1.0
2018-04-21T09:00:00.0,2018-04-21T15:00:00.0,15,36176.98,0.0,32835.777,35257.13,1.0
2018-04-21T10:00:00.0,2018-04-21T16:00:00.0,16,36381.977,0.0,33040.043,35660.176,1.0
2018-04-21T11:00:00.0,2018-04-21T17:00:00.0,17,36331.652,1.0,34512.3,36672.598,0.94413753526852
2018-04-21T12:00:00.0,2018-04-21T18:00:00.0,18,36288.137,1.0,35590.953,36763.387,0.6701627641347822
2018-04-21T13:00:00.0,2018-04-21T19:00:00.0,19,36337.207,1.0,35328.832,37212.695,0.5651691619677258
2018-04-21T14:00:00.0,2018-04-21T20:00:00.0,20,36261.715,1.0,34245.613,37933.457,0.5859769832292329
2018-04-21T15:00:00.0,2018-04-21T21:00:00.0,21,36034.33,1.0,34654.69,36416.242,0.9060927743086551
2018-04-21T16:00:00.0,2018-04-21T22:00:00.0,22,36085.83,1.0,32633.898,38707.5,0.6247512127109542
2018-04-21T17:00:00.0,2018-04-21T23:00:00.0,23,36310.156,1.0,29546.219,41728.273,0.6014079411764707
2018-04-21T18:00:00.0,2018-04-22T00:00:00.0,0,36565.418,1.0,32882.06,38106.656,0.829910029837044
2018-04-21T19:00:00.0,2018-04-22T01:00:00.0,1,35509.06,1.0,33433.6,36662.324,0.7467783278582315
2018-04-21T20:00:00.0,2018-04-22T02:00:00.0,2,33734.434,0.0,31875.176,33690.668,1.0
2018-04-21T21:00:00.0,2018-04-22T03:00:00.0,3,31858.26,1.0,28495.828,33948.098,0.7064118945973792
2018-04-21T22:00:00.0,2018-04-22T04:00:00.0,4,30256.572,1.0,24319.926,35965.69,0.518125089588609
2018-04-21T23:00:00.0,2018-04-22T05:00:00.0,5,29056.836,1.0,23508.18,34549.844,0.5046767741284834
2018-04-22T00:00:00.0,2018-04-22T06:00:00.0,6,28401.838,1.0,27862.986,29803.508,0.15049180327868897
2018-04-22T01:00:00.0,2018-04-22T07:00:00.0,7,28129.83,1.0,27790.55,29854.299,0.05925895337487821
2018-04-22T02:00:00.0,2018-04-22T08:00:00.0,8,28167.14,1.0,27882.74,29760.893,0.05255809476665825
2018-04-22T03:00:00.0,2018-04-22T09:00:00.0,9,28546.475,0.0,28967.102,30438.97,0.0
2018-04-22T04:00:00.0,2018-04-22T10:00:00.0,10,29168.451,0.0,29513.805,31494.857,0.0
2018-04-22T05:00:00.0,2018-04-22T11:00:00.0,11,30020.709,0.0,30388.7,32679.662,0.0
2018-04-22T06:00:00.0,2018-04-22T12:00:00.0,12,31521.373,1.0,31441.055,33960.387,0.015441340857818349
2018-04-22T07:00:00.0,2018-04-22T13:00:00.0,13,32677.541,1.0,32210.654,34403.21,0.0908713261648748
2018-04-22T08:00:00.0,2018-04-22T14:00:00.0,14,33119.117,1.0,31633.549,34419.457,0.5614573062512309
2018-04-22T09:00:00.0,2018-04-22T15:00:00.0,15,33504.984,1.0,32033.627,34881.777,0.5307816151648908
2018-04-22T10:00:00.0,2018-04-22T16:00:00.0,16,33858.543,1.0,32198.613,35247.406,0.5819264635887662
2018-04-22T11:00:00.0,2018-04-22T17:00:00.0,17,34274.465,1.0,33052.008,35829.08,0.3904135483870942
2018-04-22T12:00:00.0,2018-04-22T18:00:00.0,18,34747.195,1.0,34654.355,36804.156,0.017370886427692477
2018-04-22T13:00:00.0,2018-04-22T19:00:00.0,19,35526.395,1.0,34803.977,37435.277,0.14714631099649297
2018-04-22T14:00:00.0,2018-04-22T20:00:00.0,20,36340.312,0.0,36563.83,38684.535,0.0
2018-04-22T15:00:00.0,2018-04-22T21:00:00.0,21,36835.67,1.0,36431.938,39928.625,0.03704438535487811
2018-04-22T16:00:00.0,2018-04-22T22:00:00.0,22,36694.15,0.0,36946.957,40433.664,0.0
2018-04-22T17:00:00.0,2018-04-22T23:00:00.0,23,36828.312,1.0,34412.742,42817.92,0.16130270515339235
2018-04-22T18:00:00.0,2018-04-23T00:00:00.0,0,37495.496,1.0,35768.08,39860.977,0.35843276635355925
2018-04-22T19:00:00.0,2018-04-23T01:00:00.0,1,35903.418,1.0,34227.566,36090.145,0.9683945473744838
2018-04-22T20:00:00.0,2018-04-23T02:00:00.0,2,33175.152,0.0,30941.258,32369.709,1.0
2018-04-22T21:00:00.0,2018-04-23T03:00:00.0,3,30509.531,1.0,28592.299,32583.8,0.4635399295905132
2018-04-22T22:00:00.0,2018-04-23T04:00:00.0,4,28732.195,1.0,25594.766,33775.363,0.29394792095916467
2018-04-22T23:00:00.0,2018-04-23T05:00:00.0,5,27768.186,1.0,26020.727,33136.203,0.11830698771947662
2018-04-23T00:00:00.0,2018-04-23T06:00:00.0,6,27345.383,1.0,27293.547,29625.654,0.013793701559606991
2018-04-23T01:00:00.0,2018-04-23T07:00:00.0,7,27478.65,1.0,26990.227,29450.666,0.08036281312477961
2018-04-23T02:00:00.0,2018-04-23T08:00:00.0,8,28576.928,1.0,27303.73,29747.572,0.538883171912834
2018-04-23T03:00:00.0,2018-04-23T09:00:00.0,9,31390.729,0.0,28712.125,31112.297,1.0
2018-04-23T04:00:00.0,2018-04-23T10:00:00.0,10,34403.535,0.0,29753.729,32196.164,1.0
2018-04-23T05:00:00.0,2018-04-23T11:00:00.0,11,34692.598,0.0,30864.855,33532.82,1.0
2018-04-23T06:00:00.0,2018-04-23T12:00:00.0,12,35095.098,0.0,31900.867,34735.97,1.0
2018-04-23T07:00:00.0,2018-04-23T13:00:00.0,13,35789.184,0.0,32916.746,35609.305,1.0
2018-04-23T08:00:00.0,2018-04-23T14:00:00.0,14,36425.3,1.0,32418.643,36868.043,0.9686612496182347
2018-04-23T09:00:00.0,2018-04-23T15:00:00.0,15,37040.54,1.0,33086.367,37172.777,0.9844768233495668
2018-04-23T10:00:00.0,2018-04-23T16:00:00.0,16,37747.566,0.0,34533.57,37419.395,1.0
2018-04-23T11:00:00.0,2018-04-23T17:00:00.0,17,38804.438,0.0,35287.99,38469.973,1.0
2018-04-23T12:00:00.0,2018-04-23T18:00:00.0,18,39829.594,0.0,36744.266,38240.95,1.0
2018-04-23T13:00:00.0,2018-04-23T19:00:00.0,19,40908.984,0.0,38167.98,40603.22,1.0
2018-04-23T14:00:00.0,2018-04-23T20:00:00.0,20,41803.723,0.0,40292.492,41426.75,1.0
2018-04-23T15:00:00.0,2018-04-23T21:00:00.0,21,42229.78,0.0,38957.664,41270.055,1.0
2018-04-23T16:00:00.0,2018-04-23T22:00:00.0,22,41785.547,0.0,39346.63,40981.938,1.0
2018-04-23T17:00:00.0,2018-04-23T23:00:00.0,23,41230.37,1.0,36927.547,42507.992,0.8962887144675442
2018-04-23T18:00:00.0,2018-04-24T00:00:00.0,0,41137.45,0.0,38584.223,40065.176,1.0
2018-04-23T19:00:00.0,2018-04-24T01:00:00.0,1,38728.164,0.0,37076.64,38562.676,1.0
2018-04-23T20:00:00.0,2018-04-24T02:00:00.0,2,35200.926,0.0,32163.566,34968.875,1.0
2018-04-23T21:00:00.0,2018-04-24T03:00:00.0,3,32129.22,1.0,29382.48,33257.965,0.8342369346284491
2018-04-23T22:00:00.0,2018-04-24T04:00:00.0,4,30122.682,1.0,26448.945,33094.62,0.5970233088215348
2018-04-23T23:00:00.0,2018-04-24T05:00:00.0,5,28987.0,1.0,26538.123,32531.201,0.33536923381508627
2018-04-24T00:00:00.0,2018-04-24T06:00:00.0,6,28273.959,1.0,27517.273,28575.844,0.8411988273479218
2018-04-24T01:00:00.0,2018-04-24T07:00:00.0,7,28193.021,1.0,27228.771,29076.988,0.5402454599880256
2018-04-24T02:00:00.0,2018-04-24T08:00:00.0,8,28985.182,1.0,28034.842,30212.04,0.3838310733540284
2018-04-24T03:00:00.0,2018-04-24T09:00:00.0,9,31523.713,1.0,30099.656,32662.299,0.6022336409395971
2018-04-24T04:00:00.0,2018-04-24T10:00:00.0,10,34271.652,1.0,31562.12,34425.71,0.9808176378027847
2018-04-24T05:00:00.0,2018-04-24T11:00:00.0,11,34562.65,1.0,33004.637,35710.75,0.6377186066050544
2018-04-24T06:00:00.0,2018-04-24T12:00:00.0,12,35507.92,1.0,33968.98,36895.133,0.5480021428121268
2018-04-24T07:00:00.0,2018-04-24T13:00:00.0,13,36911.266,1.0,35092.277,37730.867,0.8108621176470598
2018-04-24T08:00:00.0,2018-04-24T14:00:00.0,14,38388.4,1.0,34479.887,38644.824,0.979198772808009
2018-04-24T09:00:00.0,2018-04-24T15:00:00.0,15,39937.31,0.0,35482.66,39693.57,1.0
2018-04-24T10:00:00.0,2018-04-24T16:00:00.0,16,41555.043,0.0,38636.586,41517.17,1.0
2018-04-24T11:00:00.0,2018-04-24T17:00:00.0,17,43344.168,0.0,40437.688,42646.758,1.0
2018-04-24T12:00:00.0,2018-04-24T18:00:00.0,18,44952.484,0.0,41344.816,44881.293,1.0
2018-04-24T13:00:00.0,2018-04-24T19:00:00.0,19,46655.86,0.0,43378.098,44528.383,1.0
2018-04-24T14:00:00.0,2018-04-24T20:00:00.0,20,47912.13,0.0,44656.305,46452.137,1.0
2018-04-24T15:00:00.0,2018-04-24T21:00:00.0,21,47810.887,0.0,45209.965,46300.074,1.0
2018-04-24T16:00:00.0,2018-04-24T22:00:00.0,22,46565.168,0.0,43763.42,46082.484,1.0
2018-04-24T17:00:00.0,2018-04-24T23:00:00.0,23,45414.875,1.0,41233.734,46173.277,0.9463515732017188
2018-04-24T18:00:00.0,2018-04-25T00:00:00.0,0,44867.855,0.0,41067.062,42044.773,1.0
2018-04-24T19:00:00.0,2018-04-25T01:00:00.0,1,42055.81,0.0,38364.633,40512.59,1.0
2018-04-24T20:00:00.0,2018-04-25T02:00:00.0,2,38188.02,0.0,33594.03,36109.62,1.0
2018-04-24T21:00:00.0,2018-04-25T03:00:00.0,3,34735.004,0.0,30859.783,34214.58,1.0
2018-04-24T22:00:00.0,2018-04-25T04:00:00.0,4,32378.281,1.0,27481.102,32817.082,0.9736393197985409
2018-04-24T23:00:00.0,2018-04-25T05:00:00.0,5,30572.275,1.0,26512.62,32216.896,0.8376307212696618
2018-04-25T00:00:00.0,2018-04-25T06:00:00.0,6,29745.53,1.0,28472.885,30258.947,0.8386191738315327
2018-04-25T01:00:00.0,2018-04-25T07:00:00.0,7,29492.898,0.0,28138.129,29469.645,1.0
2018-04-25T02:00:00.0,2018-04-25T08:00:00.0,8,30208.812,1.0,28836.246,30299.621,0.9790678137465763
2018-04-25T03:00:00.0,2018-04-25T09:00:00.0,9,32579.936,1.0,30761.354,32820.16,0.9625192802056557
2018-04-25T04:00:00.0,2018-04-25T10:00:00.0,10,35419.17,0.0,32884.36,34596.79,1.0
2018-04-25T05:00:00.0,2018-04-25T11:00:00.0,11,35727.293,1.0,34245.156,36403.91,0.807286876967859
2018-04-25T06:00:00.0,2018-04-25T12:00:00.0,12,36458.176,1.0,35976.055,38190.824,0.094598545325528
2018-04-25T07:00:00.0,2018-04-25T13:00:00.0,13,37765.965,0.0,37966.805,39575.438,0.0
2018-04-25T08:00:00.0,2018-04-25T14:00:00.0,14,39066.137,1.0,37674.242,41425.65,0.2742596424433055
2018-04-25T09:00:00.0,2018-04-25T15:00:00.0,15,40297.566,1.0,39230.355,43186.016,0.14210543242301596
2018-04-25T10:00:00.0,2018-04-25T16:00:00.0,16,41546.824,1.0,41091.94,44178.74,0.05046015862922926
2018-04-25T11:00:00.0,2018-04-25T17:00:00.0,17,42560.062,1.0,41415.69,43489.887,0.5950695410292056
2018-04-25T12:00:00.0,2018-04-25T18:00:00.0,18,42948.086,1.0,39799.29,43228.57,0.9737586482797573
2018-04-25T13:00:00.0,2018-04-25T19:00:00.0,19,43017.168,0.0,39969.57,41897.32,1.0
2018-04-25T14:00:00.0,2018-04-25T20:00:00.0,20,42507.504,1.0,41113.46,43141.96,0.8081308883970928
2018-04-25T15:00:00.0,2018-04-25T21:00:00.0,21,41613.87,1.0,40493.0,41746.66,0.9663662293211641
2018-04-25T16:00:00.0,2018-04-25T22:00:00.0,22,40439.293,1.0,39478.332,42264.723,0.23525551564904876
2018-04-25T17:00:00.0,2018-04-25T23:00:00.0,23,40163.113,1.0,35093.51,40705.836,0.9696642092989172
2018-04-25T18:00:00.0,2018-04-26T00:00:00.0,0,40007.8,0.0,36842.766,38278.875,1.0
2018-04-25T19:00:00.0,2018-04-26T01:00:00.0,1,37915.176,0.0,35572.16,37496.12,1.0
2018-04-25T20:00:00.0,2018-04-26T02:00:00.0,2,34758.098,0.0,32883.92,34198.633,1.0
2018-04-25T21:00:00.0,2018-04-26T03:00:00.0,3,31979.992,1.0,30346.59,33216.066,0.6263098678143248
2018-04-25T22:00:00.0,2018-04-26T04:00:00.0,4,30287.748,1.0,26027.744,33235.137,0.6640846130329469
2018-04-25T23:00:00.0,2018-04-26T05:00:00.0,5,29268.146,1.0,25106.803,33871.605,0.4532960188536319
2018-04-26T00:00:00.0,2018-04-26T06:00:00.0,6,28857.844,1.0,27965.99,29734.05,0.5082122611799307
2018-04-26T01:00:00.0,2018-04-26T07:00:00.0,7,28924.367,1.0,27978.615,29798.2,0.5366277179435044
2018-04-26T02:00:00.0,2018-04-26T08:00:00.0,8,29917.334,1.0,28709.65,30523.75,0.7796561802938234
2018-04-26T03:00:00.0,2018-04-26T09:00:00.0,9,32652.203,1.0,31473.863,33235.12,0.7841676313961582
2018-04-26T04:00:00.0,2018-04-26T10:00:00.0,10,35586.66,0.0,33346.367,35142.29,1.0
2018-04-26T05:00:00.0,2018-04-26T11:00:00.0,11,35591.86,1.0,34702.74,36280.035,0.6165200225606319
2018-04-26T06:00:00.0,2018-04-26T12:00:00.0,12,35715.203,1.0,35434.11,37287.15,0.05269623146393173
2018-04-26T07:00:00.0,2018-04-26T13:00:00.0,13,35966.254,0.0,36347.33,37556.78,0.0
2018-04-26T08:00:00.0,2018-04-26T14:00:00.0,14,36289.58,1.0,35495.08,38212.434,0.16706599804513353
2018-04-26T09:00:00.0,2018-04-26T15:00:00.0,15,36609.684,1.0,35322.016,38351.457,0.3636628175519643
2018-04-26T10:00:00.0,2018-04-26T16:00:00.0,16,37216.99,1.0,36773.598,39400.62,0.06173640073545879
2018-04-26T11:00:00.0,2018-04-26T17:00:00.0,17,37978.28,0.0,38054.516,40854.902,0.0
2018-04-26T12:00:00.0,2018-04-26T18:00:00.0,18,38775.684,1.0,36931.03,41495.414,0.32780761611270015
2018-04-26T13:00:00.0,2018-04-26T19:00:00.0,19,39777.094,1.0,37966.656,40394.996,0.8733033707865165
2018-04-26T14:00:00.0,2018-04-26T20:00:00.0,20,40721.402,0.0,37386.89,40418.465,1.0
2018-04-26T15:00:00.0,2018-04-26T21:00:00.0,21,40856.8,0.0,38386.227,40605.81,1.0
2018-04-26T16:00:00.0,2018-04-26T22:00:00.0,22,40159.387,1.0,37902.164,42142.312,0.5598122452519309
2018-04-26T17:00:00.0,2018-04-26T23:00:00.0,23,39600.78,1.0,36209.566,44108.504,0.37114689656712796
2018-04-26T18:00:00.0,2018-04-27T00:00:00.0,0,39719.426,1.0,38190.18,40884.938,0.6232351400890292
2018-04-26T19:00:00.0,2018-04-27T01:00:00.0,1,37688.57,1.0,37420.324,40528.55,0.027454886925214007
2018-04-26T20:00:00.0,2018-04-27T02:00:00.0,2,34607.734,1.0,32906.4,34902.625,0.949353135996688
2018-04-26T21:00:00.0,2018-04-27T03:00:00.0,3,31702.979,1.0,29209.873,34512.527,0.4447978782415752
2018-04-26T22:00:00.0,2018-04-27T04:00:00.0,4,29711.115,1.0,24599.348,35757.6,0.422749628274048
2018-04-26T23:00:00.0,2018-04-27T05:00:00.0,5,28742.43,1.0,22458.488,36854.742,0.38383283095320475
2018-04-27T00:00:00.0,2018-04-27T06:00:00.0,6,28158.008,0.0,28309.129,29705.357,0.0
2018-04-27T01:00:00.0,2018-04-27T07:00:00.0,7,28019.914,1.0,27713.953,29305.373,0.07621547874979358
2018-04-27T02:00:00.0,2018-04-27T08:00:00.0,8,28831.688,1.0,28180.178,29784.498,0.3310966719492835
2018-04-27T03:00:00.0,2018-04-27T09:00:00.0,9,31178.373,1.0,30280.582,31788.646,0.6713013546524528
2018-04-27T04:00:00.0,2018-04-27T10:00:00.0,10,33771.93,0.0,31860.021,33346.566,1.0
2018-04-27T05:00:00.0,2018-04-27T11:00:00.0,11,34327.562,1.0,33650.63,34838.74,0.627232779097384
2018-04-27T06:00:00.0,2018-04-27T12:00:00.0,12,35106.832,1.0,34998.19,36659.707,0.021828367875647816
2018-04-27T07:00:00.0,2018-04-27T13:00:00.0,13,36144.465,1.0,35296.363,37390.383,0.3292657762137049
2018-04-27T08:00:00.0,2018-04-27T14:00:00.0,14,37192.94,1.0,34909.676,37857.39,0.899277948306033
2018-04-27T09:00:00.0,2018-04-27T15:00:00.0,15,37969.547,1.0,35612.277,38447.19,0.9384376428541743
2018-04-27T10:00:00.0,2018-04-27T16:00:00.0,16,38904.406,1.0,37482.71,39945.883,0.6402390326209251
2018-04-27T11:00:00.0,2018-04-27T17:00:00.0,17,40073.305,1.0,38443.72,41016.875,0.7324247986736152
2018-04-27T12:00:00.0,2018-04-27T18:00:00.0,18,41165.246,1.0,38620.06,43589.727,0.522527865796832
2018-04-27T13:00:00.0,2018-04-27T19:00:00.0,19,42208.863,1.0,40678.723,43151.82,0.7096397975077879
2018-04-27T14:00:00.0,2018-04-27T20:00:00.0,20,42855.484,1.0,41913.055,44439.145,0.27743378602592855
2018-04-27T15:00:00.0,2018-04-27T21:00:00.0,21,42430.38,1.0,40892.05,43411.36,0.6965892475900862
2018-04-27T16:00:00.0,2018-04-27T22:00:00.0,22,41005.98,1.0,39434.832,44537.785,0.1857473781541236
2018-04-27T17:00:00.0,2018-04-27T23:00:00.0,23,39911.48,1.0,36334.15,45132.777,0.33191292621845525
2018-04-27T18:00:00.0,2018-04-28T00:00:00.0,0,39626.49,1.0,37553.688,41127.438,0.6451352268321048
2018-04-27T19:00:00.0,2018-04-28T01:00:00.0,1,37711.688,1.0,36367.54,40402.895,0.2187213258328578
2018-04-27T20:00:00.0,2018-04-28T02:00:00.0,2,35200.996,0.0,32413.99,34923.074,1.0
2018-04-27T21:00:00.0,2018-04-28T03:00:00.0,3,32619.4,1.0,29265.512,33721.023,0.8801910569929297
2018-04-27T22:00:00.0,2018-04-28T04:00:00.0,4,30583.607,1.0,24731.621,33971.285,0.7325043291828153
2018-04-27T23:00:00.0,2018-04-28T05:00:00.0,5,29214.158,1.0,22712.258,34362.32,0.6065356582710584
2018-04-28T00:00:00.0,2018-04-28T06:00:00.0,6,28425.6,1.0,27201.555,28680.238,0.9362467630771678
2018-04-28T01:00:00.0,2018-04-28T07:00:00.0,7,28043.85,1.0,27084.97,28965.438,0.518397277838051
2018-04-28T02:00:00.0,2018-04-28T08:00:00.0,8,28035.842,1.0,27519.377,29506.525,0.13201707577374652
2018-04-28T03:00:00.0,2018-04-28T09:00:00.0,9,28914.795,0.0,29005.777,31209.922,0.0
2018-04-28T04:00:00.0,2018-04-28T10:00:00.0,10,29781.14,0.0,30791.21,32293.826,0.0
2018-04-28T05:00:00.0,2018-04-28T11:00:00.0,11,31143.344,0.0,32358.078,33635.66,0.0
2018-04-28T06:00:00.0,2018-04-28T12:00:00.0,12,32777.39,0.0,33635.492,35280.34,0.0
2018-04-28T07:00:00.0,2018-04-28T13:00:00.0,13,34485.832,1.0,34335.48,36436.973,0.023485368288998786
2018-04-28T08:00:00.0,2018-04-28T14:00:00.0,14,35986.336,1.0,34260.44,37321.21,0.6168309122603148
2018-04-28T09:00:00.0,2018-04-28T15:00:00.0,15,37377.234,1.0,36192.31,38912.44,0.3822599202457967
2018-04-28T10:00:00.0,2018-04-28T16:00:00.0,16,38701.13,1.0,38216.957,40604.758,0.08344290605023022
2018-04-28T11:00:00.0,2018-04-28T17:00:00.0,17,40178.918,0.0,40227.1,42297.098,0.0
2018-04-28T12:00:00.0,2018-04-28T18:00:00.0,18,41718.598,1.0,40691.516,43961.24,0.19359670459003475
2018-04-28T13:00:00.0,2018-04-28T19:00:00.0,19,42971.92,1.0,41900.35,44122.484,0.46704658901830143
2018-04-28T14:00:00.0,2018-04-28T20:00:00.0,20,43829.28,1.0,41359.09,44043.742,0.9742710702726531
2018-04-28T15:00:00.0,2018-04-28T21:00:00.0,21,43887.734,1.0,41394.594,44217.418,0.9624796675872197
2018-04-28T16:00:00.0,2018-04-28T22:00:00.0,22,42698.473,1.0,39618.64,43758.84,0.8717143848288621
2018-04-28T17:00:00.0,2018-04-28T23:00:00.0,23,41159.117,1.0,37599.277,45106.29,0.4522324587264151
2018-04-28T18:00:00.0,2018-04-29T00:00:00.0,0,40502.113,1.0,38673.145,42633.363,0.42953176795580106
2018-04-28T19:00:00.0,2018-04-29T01:00:00.0,1,38641.234,1.0,36100.742,40667.516,0.603308359157414
2018-04-28T20:00:00.0,2018-04-29T02:00:00.0,2,36186.496,0.0,32364.117,34947.17,1.0
2018-04-28T21:00:00.0,2018-04-29T03:00:00.0,3,33583.473,1.0,29649.398,33655.723,0.9869219561447979
2018-04-28T22:00:00.0,2018-04-29T04:00:00.0,4,31410.057,1.0,25009.8,34305.38,0.8097966111049788
2018-04-28T23:00:00.0,2018-04-29T05:00:00.0,5,29873.014,1.0,24237.295,35574.836,0.4945895064254727
2018-04-29T00:00:00.0,2018-04-29T06:00:00.0,6,28796.17,1.0,28029.828,29181.703,0.7790695420402226
2018-04-29T01:00:00.0,2018-04-29T07:00:00.0,7,28194.375,1.0,27219.07,28778.156,0.7204530518769309
2018-04-29T02:00:00.0,2018-04-29T08:00:00.0,8,27961.506,1.0,27720.293,29172.86,0.060133019709628255
2018-04-29T03:00:00.0,2018-04-29T09:00:00.0,9,28153.271,0.0,29307.21,30642.555,0.0
2018-04-29T04:00:00.0,2018-04-29T10:00:00.0,10,28442.377,0.0,31050.455,32011.414,0.0
2018-04-29T05:00:00.0,2018-04-29T11:00:00.0,11,29586.703,0.0,32192.79,33460.543,0.0
2018-04-29T06:00:00.0,2018-04-29T12:00:00.0,12,31871.373,0.0,33927.793,34885.734,0.0
2018-04-29T07:00:00.0,2018-04-29T13:00:00.0,13,34110.59,0.0,34492.176,36197.92,0.0
2018-04-29T08:00:00.0,2018-04-29T14:00:00.0,14,36144.863,1.0,35149.414,37345.008,0.4141557905170953
2018-04-29T09:00:00.0,2018-04-29T15:00:00.0,15,37921.246,1.0,37349.414,39885.266,0.1007971860100678
2018-04-29T10:00:00.0,2018-04-29T16:00:00.0,16,39534.75,0.0,39611.336,41876.543,0.0
2018-04-29T11:00:00.0,2018-04-29T17:00:00.0,17,40874.316,0.0,40932.473,42328.477,0.0
2018-04-29T12:00:00.0,2018-04-29T18:00:00.0,18,42137.145,1.0,41985.676,45738.027,0.016889746050662336
2018-04-29T13:00:00.0,2018-04-29T19:00:00.0,19,43158.562,0.0,43698.168,46383.793,0.0
2018-04-29T14:00:00.0,2018-04-29T20:00:00.0,20,43789.23,0.0,43891.363,45742.54,0.0
2018-04-29T15:00:00.0,2018-04-29T21:00:00.0,21,43599.633,1.0,43088.664,44778.426,0.17895883605394092
2018-04-29T16:00:00.0,2018-04-29T22:00:00.0,22,42583.88,1.0,41597.28,43811.535,0.40003258124949165
2018-04-29T17:00:00.0,2018-04-29T23:00:00.0,23,41808.43,1.0,38333.914,44142.055,0.6761363046674548
2018-04-29T18:00:00.0,2018-04-30T00:00:00.0,0,41936.516,0.0,39669.7,41547.8,1.0
2018-04-29T19:00:00.0,2018-04-30T01:00:00.0,1,39911.88,0.0,36668.83,39807.793,1.0
2018-04-29T20:00:00.0,2018-04-30T02:00:00.0,2,36478.875,0.0,33743.88,35416.84,1.0
2018-04-29T21:00:00.0,2018-04-30T03:00:00.0,3,33334.824,1.0,30848.922,34682.527,0.7550928857524319
2018-04-29T22:00:00.0,2018-04-30T04:00:00.0,4,31170.584,1.0,26655.201,36013.227,0.4675819963644984
2018-04-29T23:00:00.0,2018-04-30T05:00:00.0,5,29818.678,1.0,25282.592,35609.492,0.3887252875938552
2018-04-30T00:00:00.0,2018-04-30T06:00:00.0,6,29052.469,1.0,28294.572,30953.945,0.15859083899470772
2018-04-30T01:00:00.0,2018-04-30T07:00:00.0,7,28889.451,1.0,27452.06,30740.56,0.38489589530041685
2018-04-30T02:00:00.0,2018-04-30T08:00:00.0,8,29770.959,1.0,28279.078,31317.633,0.4832700524966424
2018-04-30T03:00:00.0,2018-04-30T09:00:00.0,9,32328.32,1.0,30475.994,32916.996,0.8856865500536222
2018-04-30T04:00:00.0,2018-04-30T10:00:00.0,10,34948.676,0.0,32079.994,34714.58,1.0
2018-04-30T05:00:00.0,2018-04-30T11:00:00.0,11,35575.3,1.0,34577.457,36163.664,0.7259052652182457
2018-04-30T06:00:00.0,2018-04-30T12:00:00.0,12,36784.527,1.0,36424.71,37887.992,0.11858799580531883
2018-04-30T07:00:00.0,2018-04-30T13:00:00.0,13,38305.547,1.0,38056.02,39293.305,0.08265213070672683
2018-04-30T08:00:00.0,2018-04-30T14:00:00.0,14,39773.996,1.0,38390.63,41211.043,0.48234249638300575
2018-04-30T09:00:00.0,2018-04-30T15:00:00.0,15,40988.37,1.0,40234.26,42955.816,0.1498383200872679
2018-04-30T10:00:00.0,2018-04-30T16:00:00.0,16,41868.066,1.0,41656.527,44120.26,0.02733631797335665
2018-04-30T11:00:00.0,2018-04-30T17:00:00.0,17,42695.207,1.0,42558.82,45573.312,0.017722146100623986
2018-04-30T12:00:00.0,2018-04-30T18:00:00.0,18,43211.36,1.0,42659.85,46805.445,0.04409207079758636
2018-04-30T13:00:00.0,2018-04-30T19:00:00.0,19,43605.64,0.0,44234.625,46619.168,0.0
2018-04-30T14:00:00.0,2018-04-30T20:00:00.0,20,43676.484,0.0,43677.176,46853.74,0.0
2018-04-30T15:00:00.0,2018-04-30T21:00:00.0,21,43296.2,1.0,43216.395,45685.94,0.01551569940630446
2018-04-30T16:00:00.0,2018-04-30T22:00:00.0,22,42625.34,1.0,41661.98,44124.445,0.30639973527465114
2018-04-30T17:00:00.0,2018-04-30T23:00:00.0,23,42889.816,1.0,39380.992,44970.53,0.7238478200499858
2018-04-30T18:00:00.0,2018-05-01T00:00:00.0,0,43107.207,0.0,40507.4,41764.047,1.0
2018-04-30T19:00:00.0,2018-05-01T01:00:00.0,1,41238.965,0.0,37502.14,40238.45,1.0
2018-04-30T20:00:00.0,2018-05-01T02:00:00.0,2,38117.36,0.0,35241.98,37039.023,1.0
2018-04-30T21:00:00.0,2018-05-01T03:00:00.0,3,35182.26,1.0,32458.416,35804.32,0.9279557967594777
2018-04-30T22:00:00.0,2018-05-01T04:00:00.0,4,33105.664,1.0,28586.271,37552.47,0.5075127302835843
2018-04-30T23:00:00.0,2018-05-01T05:00:00.0,5,31911.982,1.0,26771.324,37059.863,0.4993484378382277
2018-05-01T00:00:00.0,2018-05-01T06:00:00.0,6,31179.44,1.0,29823.531,31260.785,0.9803398767323378
2018-05-01T01:00:00.0,2018-05-01T07:00:00.0,7,31032.494,1.0,28852.066,31697.297,0.892306892144916
2018-05-01T02:00:00.0,2018-05-01T08:00:00.0,8,31833.37,1.0,30022.203,32727.32,0.7848490025626847
2018-05-01T03:00:00.0,2018-05-01T09:00:00.0,9,34268.152,1.0,32601.158,34796.93,0.8859979445015421
2018-05-01T04:00:00.0,2018-05-01T10:00:00.0,10,37197.824,0.0,34768.11,36755.03,1.0
2018-05-01T05:00:00.0,2018-05-01T11:00:00.0,11,37812.816,1.0,36920.027,38494.098,0.6226967047747094
2018-05-01T06:00:00.0,2018-05-01T12:00:00.0,12,38908.02,1.0,38035.887,39546.715,0.6403669724770639
2018-05-01T07:00:00.0,2018-05-01T13:00:00.0,13,40145.8,1.0,39311.367,41306.58,0.35179340277778254
2018-05-01T08:00:00.0,2018-05-01T14:00:00.0,14,41449.12,1.0,40537.98,42501.98,0.4333494919362367
2018-05-01T09:00:00.0,2018-05-01T15:00:00.0,15,42371.652,1.0,40904.97,43798.176,0.5128794871794864
2018-05-01T10:00:00.0,2018-05-01T16:00:00.0,16,43044.254,1.0,42937.766,45170.414,0.018140786496238744
2018-05-01T11:00:00.0,2018-05-01T17:00:00.0,17,43935.887,0.0,43952.984,45957.105,0.0
2018-05-01T12:00:00.0,2018-05-01T18:00:00.0,18,44426.01,0.0,44929.375,47911.945,0.0
2018-05-01T13:00:00.0,2018-05-01T19:00:00.0,19,44680.715,0.0,46431.53,48703.17,0.0
2018-05-01T14:00:00.0,2018-05-01T20:00:00.0,20,44889.2,1.0,44787.965,47257.227,0.016997553085600286
2018-05-01T15:00:00.0,2018-05-01T21:00:00.0,21,44796.848,1.0,44258.99,46033.547,0.1797992836385763
2018-05-01T16:00:00.0,2018-05-01T22:00:00.0,22,44397.516,1.0,43157.32,45157.97,0.7115140511525138
2018-05-01T17:00:00.0,2018-05-01T23:00:00.0,23,44493.418,1.0,41759.22,46493.125,0.6409259869022776
2018-05-01T18:00:00.0,2018-05-02T00:00:00.0,0,44791.99,0.0,42064.95,44680.637,1.0
2018-05-01T19:00:00.0,2018-05-02T01:00:00.0,1,43059.84,0.0,40514.145,42670.387,1.0
2018-05-01T20:00:00.0,2018-05-02T02:00:00.0,2,40049.02,0.0,37183.81,39365.2,1.0
2018-05-01T21:00:00.0,2018-05-02T03:00:00.0,3,37075.566,0.0,34397.062,36934.684,1.0
2018-05-01T22:00:00.0,2018-05-02T04:00:00.0,4,35086.95,1.0,29594.37,38636.76,0.6913895146610917
2018-05-01T23:00:00.0,2018-05-02T05:00:00.0,5,33815.23,1.0,27846.09,38691.773,0.5926402420776119
2018-05-02T00:00:00.0,2018-05-02T06:00:00.0,6,33085.61,1.0,32518.172,34166.926,0.23423467175440163
2018-05-02T01:00:00.0,2018-05-02T07:00:00.0,7,32983.785,1.0,32771.875,34666.72,0.035747744687276525
2018-05-02T02:00:00.0,2018-05-02T08:00:00.0,8,33869.297,1.0,33387.02,34891.73,0.20185227472334183
2018-05-02T03:00:00.0,2018-05-02T09:00:00.0,9,36405.996,1.0,35231.89,36538.945,0.967871135430916
2018-05-02T04:00:00.0,2018-05-02T10:00:00.0,10,39406.133,0.0,36954.844,38263.03,1.0
2018-05-02T05:00:00.0,2018-05-02T11:00:00.0,11,39797.184,1.0,38654.027,39942.066,0.9640210993892289
2018-05-02T06:00:00.0,2018-05-02T12:00:00.0,12,40665.863,1.0,40098.062,41357.797,0.40934564719358196
2018-05-02T07:00:00.0,2018-05-02T13:00:00.0,13,42312.715,1.0,41773.887,43975.355,0.11755934566028357
2018-05-02T08:00:00.0,2018-05-02T14:00:00.0,14,44259.99,1.0,43092.836,44487.24,0.9414779967402571
2018-05-02T09:00:00.0,2018-05-02T15:00:00.0,15,46046.08,0.0,43675.234,45622.066,1.0
2018-05-02T10:00:00.0,2018-05-02T16:00:00.0,16,47769.203,0.0,45333.4,46375.973,1.0
2018-05-02T11:00:00.0,2018-05-02T17:00:00.0,17,49564.36,0.0,47596.02,48837.754,1.0
2018-05-02T12:00:00.0,2018-05-02T18:00:00.0,18,50716.88,1.0,48143.566,50960.71,0.9724776073795378
2018-05-02T13:00:00.0,2018-05-02T19:00:00.0,19,51604.94,0.0,48811.316,51088.066,1.0
2018-05-02T14:00:00.0,2018-05-02T20:00:00.0,20,51981.266,1.0,49923.17,52605.016,0.8932135199899113
2018-05-02T15:00:00.0,2018-05-02T21:00:00.0,21,51168.51,1.0,50930.203,53118.312,0.03470157547231528
2018-05-02T16:00:00.0,2018-05-02T22:00:00.0,22,49908.266,1.0,48974.31,50865.137,0.48875527219225173
2018-05-02T17:00:00.0,2018-05-02T23:00:00.0,23,49087.793,1.0,47142.42,50959.914,0.5178002915451888
2018-05-02T18:00:00.0,2018-05-03T00:00:00.0,0,48831.363,0.0,45785.105,47731.582,1.0
2018-05-02T19:00:00.0,2018-05-03T01:00:00.0,1,46680.03,0.0,42769.098,44192.996,1.0
2018-05-02T20:00:00.0,2018-05-03T02:00:00.0,2,43148.203,0.0,40186.164,41692.016,1.0
2018-05-02T21:00:00.0,2018-05-03T03:00:00.0,3,39749.184,0.0,35990.402,39370.4,1.0
2018-05-02T22:00:00.0,2018-05-03T04:00:00.0,4,37355.94,1.0,32466.23,40912.574,0.6432407768184895
2018-05-02T23:00:00.0,2018-05-03T05:00:00.0,5,35728.145,1.0,31542.264,40777.67,0.41389728986645613
2018-05-03T00:00:00.0,2018-05-03T06:00:00.0,6,34706.527,0.0,33197.535,34682.39,1.0
2018-05-03T01:00:00.0,2018-05-03T07:00:00.0,7,34231.74,1.0,33548.914,35084.062,0.39864644107350816
2018-05-03T02:00:00.0,2018-05-03T08:00:00.0,8,34756.56,1.0,33652.12,35647.004,0.5985284280936419
2018-05-03T03:00:00.0,2018-05-03T09:00:00.0,9,37139.195,1.0,35773.758,37842.156,0.771873313545603
2018-05-03T04:00:00.0,2018-05-03T10:00:00.0,10,40122.895,0.0,37251.33,39184.953,1.0
2018-05-03T05:00:00.0,2018-05-03T11:00:00.0,11,40490.94,1.0,39463.94,41043.58,0.7575745232364411
2018-05-03T06:00:00.0,2018-05-03T12:00:00.0,12,41536.215,0.0,41565.492,43578.266,0.0
2018-05-03T07:00:00.0,2018-05-03T13:00:00.0,13,42969.42,0.0,43835.42,45824.668,0.0
2018-05-03T08:00:00.0,2018-05-03T14:00:00.0,14,44034.637,0.0,45521.14,47272.902,0.0
2018-05-03T09:00:00.0,2018-05-03T15:00:00.0,15,44921.918,0.0,48073.508,49333.938,0.0
2018-05-03T10:00:00.0,2018-05-03T16:00:00.0,16,45770.625,0.0,48932.793,50331.527,0.0
2018-05-03T11:00:00.0,2018-05-03T17:00:00.0,17,46817.074,0.0,51612.28,52839.234,0.0
2018-05-03T12:00:00.0,2018-05-03T18:00:00.0,18,47765.297,0.0,50949.95,53666.273,0.0
2018-05-03T13:00:00.0,2018-05-03T19:00:00.0,19,48900.754,0.0,49668.066,52363.344,0.0
2018-05-03T14:00:00.0,2018-05-03T20:00:00.0,20,49808.062,1.0,46963.258,49980.71,0.9802342892697551
2018-05-03T15:00:00.0,2018-05-03T21:00:00.0,21,49590.59,0.0,46238.8,48187.168,1.0
2018-05-03T16:00:00.0,2018-05-03T22:00:00.0,22,48307.066,0.0,45156.93,47938.566,1.0
2018-05-03T17:00:00.0,2018-05-03T23:00:00.0,23,47317.637,1.0,42994.746,48014.266,0.9533805123713601
2018-05-03T18:00:00.0,2018-05-04T00:00:00.0,0,47277.062,0.0,42942.883,45914.043,1.0
2018-05-03T19:00:00.0,2018-05-04T01:00:00.0,1,45098.543,0.0,41722.824,43268.54,1.0
2018-05-03T20:00:00.0,2018-05-04T02:00:00.0,2,41654.51,0.0,38871.25,39920.453,1.0
2018-05-03T21:00:00.0,2018-05-04T03:00:00.0,3,38302.215,0.0,34303.258,37126.56,1.0
2018-05-03T22:00:00.0,2018-05-04T04:00:00.0,4,35996.152,1.0,31387.479,39295.504,0.6499443665673732
2018-05-03T23:00:00.0,2018-05-04T05:00:00.0,5,34531.254,1.0,29546.057,36731.03,0.8163962391330648
2018-05-04T00:00:00.0,2018-05-04T06:00:00.0,6,33584.07,0.0,31276.406,32560.732,1.0
2018-05-04T01:00:00.0,2018-05-04T07:00:00.0,7,33237.867,0.0,31216.541,32683.705,1.0
2018-05-04T02:00:00.0,2018-05-04T08:00:00.0,8,33962.582,0.0,31667.73,33308.434,1.0
2018-05-04T03:00:00.0,2018-05-04T09:00:00.0,9,36253.723,0.0,34067.5,35878.543,1.0
2018-05-04T04:00:00.0,2018-05-04T10:00:00.0,10,39113.69,0.0,35883.914,37674.434,1.0
2018-05-04T05:00:00.0,2018-05-04T11:00:00.0,11,39542.977,0.0,37479.51,38969.816,1.0
2018-05-04T06:00:00.0,2018-05-04T12:00:00.0,12,40254.395,1.0,38515.95,40851.94,0.8720157389949986
2018-05-04T07:00:00.0,2018-05-04T13:00:00.0,13,41081.355,1.0,40765.734,42577.875,0.06491059817945455
2018-05-04T08:00:00.0,2018-05-04T14:00:00.0,14,41349.688,0.0,41920.457,43584.08,0.0
2018-05-04T09:00:00.0,2018-05-04T15:00:00.0,15,41437.434,0.0,43738.848,45008.67,0.0
2018-05-04T10:00:00.0,2018-05-04T16:00:00.0,16,41449.508,0.0,43040.887,44847.97,0.0
2018-05-04T11:00:00.0,2018-05-04T17:00:00.0,17,41493.746,0.0,43723.6,45385.434,0.0
2018-05-04T12:00:00.0,2018-05-04T18:00:00.0,18,41599.434,0.0,42715.395,46310.37,0.0
2018-05-04T13:00:00.0,2018-05-04T19:00:00.0,19,41587.047,0.0,43593.664,46120.773,0.0
2018-05-04T14:00:00.0,2018-05-04T20:00:00.0,20,41060.594,0.0,41606.625,44730.883,0.0
2018-05-04T15:00:00.0,2018-05-04T21:00:00.0,21,40182.27,0.0,41417.82,44173.535,0.0
2018-05-04T16:00:00.0,2018-05-04T22:00:00.0,22,39211.098,0.0,40363.957,44362.45,0.0
2018-05-04T17:00:00.0,2018-05-04T23:00:00.0,23,38995.957,1.0,38610.305,43824.21,0.024136521941026272
2018-05-04T18:00:00.0,2018-05-05T00:00:00.0,0,39107.152,1.0,37809.844,40835.477,0.37017028224865944
2018-05-04T19:00:00.0,2018-05-05T01:00:00.0,1,37916.418,1.0,37243.496,39427.63,0.1860022740193288
2018-05-04T20:00:00.0,2018-05-05T02:00:00.0,2,35917.094,0.0,32815.465,35138.32,1.0
2018-05-04T21:00:00.0,2018-05-05T03:00:00.0,3,33565.297,1.0,30439.338,33794.676,0.9773711174895368
2018-05-04T22:00:00.0,2018-05-05T04:00:00.0,4,31640.266,1.0,28197.854,36468.547,0.34834521638202615
2018-05-04T23:00:00.0,2018-05-05T05:00:00.0,5,30341.498,1.0,25906.88,34614.44,0.5172251688073781
2018-05-05T00:00:00.0,2018-05-05T06:00:00.0,6,29503.133,1.0,28304.785,30552.729,0.561170048073007
2018-05-05T01:00:00.0,2018-05-05T07:00:00.0,7,29053.53,1.0,27902.885,30229.477,0.48990831539503976
2018-05-05T02:00:00.0,2018-05-05T08:00:00.0,8,29007.375,1.0,28572.135,30835.443,0.0762455671181907
2018-05-05T03:00:00.0,2018-05-05T09:00:00.0,9,29689.709,0.0,30327.557,32297.844,0.0
2018-05-05T04:00:00.0,2018-05-05T10:00:00.0,10,30491.307,0.0,31446.824,33344.555,0.0
2018-05-05T05:00:00.0,2018-05-05T11:00:00.0,11,31775.635,0.0,33383.71,35078.914,0.0
2018-05-05T06:00:00.0,2018-05-05T12:00:00.0,12,33786.23,0.0,34343.047,36382.88,0.0
2018-05-05T07:00:00.0,2018-05-05T13:00:00.0,13,35861.676,1.0,35780.082,37314.727,0.019074671352625847
2018-05-05T08:00:00.0,2018-05-05T14:00:00.0,14,37860.402,0.0,36110.82,37838.848,1.0
2018-05-05T09:00:00.0,2018-05-05T15:00:00.0,15,39533.977,1.0,37854.066,39617.043,0.9819579045203263
2018-05-05T10:00:00.0,2018-05-05T16:00:00.0,16,40914.168,1.0,39701.164,41230.88,0.9134669945148464
2018-05-05T11:00:00.0,2018-05-05T17:00:00.0,17,42138.08,1.0,41489.51,42733.89,0.5392838038633037
2018-05-05T12:00:00.0,2018-05-05T18:00:00.0,18,43369.316,1.0,40857.668,44071.125,0.9048412814869159
2018-05-05T13:00:00.0,2018-05-05T19:00:00.0,19,44530.688,0.0,42106.79,43885.258,1.0
2018-05-05T14:00:00.0,2018-05-05T20:00:00.0,20,45217.26,1.0,42205.867,45934.21,0.9237575875211751
2018-05-05T15:00:00.0,2018-05-05T21:00:00.0,21,45164.594,1.0,42601.945,45215.48,0.9866768326530608
2018-05-05T16:00:00.0,2018-05-05T22:00:00.0,22,44092.965,1.0,41120.6,45614.254,0.7737088210637436
2018-05-05T17:00:00.0,2018-05-05T23:00:00.0,23,42227.56,1.0,40018.043,46274.18,0.24728445857490128
2018-05-05T18:00:00.0,2018-05-06T00:00:00.0,0,41319.543,1.0,39960.082,43087.91,0.38051733939738286
2018-05-05T19:00:00.0,2018-05-06T01:00:00.0,1,39247.582,1.0,38303.31,41026.6,0.23791874442286673
2018-05-05T20:00:00.0,2018-05-06T02:00:00.0,2,36763.18,0.0,33904.297,36008.695,1.0
2018-05-05T21:00:00.0,2018-05-06T03:00:00.0,3,34280.297,0.0,30720.443,33883.97,1.0
2018-05-05T22:00:00.0,2018-05-06T04:00:00.0,4,32032.014,1.0,26749.387,33859.527,0.8708394489853628
2018-05-05T23:00:00.0,2018-05-06T05:00:00.0,5,30377.625,1.0,25756.857,32449.314,0.8121838760552929
2018-05-06T00:00:00.0,2018-05-06T06:00:00.0,6,29241.037,1.0,27222.51,30066.871,0.8352900580522065
2018-05-06T01:00:00.0,2018-05-06T07:00:00.0,7,28579.947,1.0,27933.342,29830.7,0.22943157585116486
2018-05-06T02:00:00.0,2018-05-06T08:00:00.0,8,28318.305,1.0,28251.041,30201.86,0.01588501885438813
2018-05-06T03:00:00.0,2018-05-06T09:00:00.0,9,28513.057,0.0,29579.957,31864.383,0.0
2018-05-06T04:00:00.0,2018-05-06T10:00:00.0,10,28501.393,0.0,31098.86,32778.707,0.0
2018-05-06T05:00:00.0,2018-05-06T11:00:00.0,11,29752.479,0.0,31494.326,34483.707,0.0
2018-05-06T06:00:00.0,2018-05-06T12:00:00.0,12,32161.955,0.0,33456.047,35682.72,0.0
2018-05-06T07:00:00.0,2018-05-06T13:00:00.0,13,34826.62,0.0,35072.617,37125.883,0.0
2018-05-06T08:00:00.0,2018-05-06T14:00:00.0,14,37319.617,1.0,35769.49,37864.14,0.8679264294667824
2018-05-06T09:00:00.0,2018-05-06T15:00:00.0,15,39623.47,1.0,38340.312,41017.96,0.4614733499033407
2018-05-06T10:00:00.0,2018-05-06T16:00:00.0,16,41999.99,1.0,41895.97,44380.996,0.017144427044698922
2018-05-06T11:00:00.0,2018-05-06T17:00:00.0,17,44313.92,1.0,44180.96,45935.883,0.02462014838432727
2018-05-06T12:00:00.0,2018-05-06T18:00:00.0,18,46378.645,1.0,44498.74,49153.83,0.327302255314557
2018-05-06T13:00:00.0,2018-05-06T19:00:00.0,19,48217.8,0.0,48920.543,51346.312,0.0
2018-05-06T14:00:00.0,2018-05-06T20:00:00.0,20,49509.875,0.0,50688.145,54635.812,0.0
2018-05-06T15:00:00.0,2018-05-06T21:00:00.0,21,49919.004,1.0,49625.19,52199.598,0.0365679914428997
2018-05-06T16:00:00.0,2018-05-06T22:00:00.0,22,48840.684,1.0,47071.242,51389.87,0.33724254317111496
2018-05-06T17:00:00.0,2018-05-06T23:00:00.0,23,46857.645,1.0,44677.824,51129.75,0.2253337802478205
2018-05-06T18:00:00.0,2018-05-07T00:00:00.0,0,45809.13,1.0,44788.777,47794.246,0.22762663076280157
2018-05-06T19:00:00.0,2018-05-07T01:00:00.0,1,43162.87,1.0,40657.08,44234.95,0.8243410644858572
2018-05-06T20:00:00.0,2018-05-07T02:00:00.0,2,39279.95,1.0,36980.062,39837.29,0.921938752014736
2018-05-06T21:00:00.0,2018-05-07T03:00:00.0,3,35524.83,0.0,31832.002,35398.9,1.0
2018-05-06T22:00:00.0,2018-05-07T04:00:00.0,4,32699.627,1.0,27565.434,35251.43,0.7827548457838145
2018-05-06T23:00:00.0,2018-05-07T05:00:00.0,5,30954.291,1.0,27602.414,34459.63,0.4792398087365269
2018-05-07T00:00:00.0,2018-05-07T06:00:00.0,6,29945.492,1.0,28512.924,30554.09,0.8261147993654891
2018-05-07T01:00:00.0,2018-05-07T07:00:00.0,7,29642.057,1.0,28351.096,30056.982,0.883817864324267
2018-05-07T02:00:00.0,2018-05-07T08:00:00.0,8,30256.479,1.0,29261.865,31222.717,0.5134275986002078
2018-05-07T03:00:00.0,2018-05-07T09:00:00.0,9,32595.709,1.0,31104.56,32874.03,0.9444124343257441
2018-05-07T04:00:00.0,2018-05-07T10:00:00.0,10,35034.24,1.0,33412.16,35403.766,0.9282028410967946
2018-05-07T05:00:00.0,2018-05-07T11:00:00.0,11,35840.824,1.0,34916.684,37144.05,0.346091440886698
2018-05-07T06:00:00.0,2018-05-07T12:00:00.0,12,37624.37,1.0,36070.81,38290.605,0.823749324689358
2018-05-07T07:00:00.0,2018-05-07T13:00:00.0,13,39997.73,1.0,38205.543,40405.42,0.9283460940303869
2018-05-07T08:00:00.0,2018-05-07T14:00:00.0,14,42681.73,1.0,40245.582,42944.773,0.9693954770074595
2018-05-07T09:00:00.0,2018-05-07T15:00:00.0,15,45450.52,1.0,42381.816,46195.65,0.9217325075903944
2018-05-07T10:00:00.0,2018-05-07T16:00:00.0,16,48283.75,1.0,47549.5,49491.836,0.2852032520325203
2018-05-07T11:00:00.0,2018-05-07T17:00:00.0,17,51022.496,1.0,50829.082,52352.332,0.04142836527360898
2018-05-07T12:00:00.0,2018-05-07T18:00:00.0,18,53371.453,1.0,51493.703,56443.14,0.28735479959152477
2018-05-07T13:00:00.0,2018-05-07T19:00:00.0,19,55332.39,0.0,57665.293,59629.12,0.0
2018-05-07T14:00:00.0,2018-05-07T20:00:00.0,20,56504.73,1.0,55123.63,59856.438,0.1664113700134199
2018-05-07T15:00:00.0,2018-05-07T21:00:00.0,21,56306.0,1.0,55590.63,58206.227,0.14603720817120527
2018-05-07T16:00:00.0,2018-05-07T22:00:00.0,22,54552.113,1.0,53220.625,57012.47,0.2443153062798945
2018-05-07T17:00:00.0,2018-05-07T23:00:00.0,23,52006.797,1.0,49080.676,54639.37,0.548885534173854
2018-05-07T18:00:00.0,2018-05-08T00:00:00.0,0,50422.28,0.0,47244.41,50207.863,1.0
2018-05-07T19:00:00.0,2018-05-08T01:00:00.0,1,46993.51,0.0,44039.68,46402.703,1.0
2018-05-07T20:00:00.0,2018-05-08T02:00:00.0,2,42451.684,0.0,38566.727,41421.465,1.0
2018-05-07T21:00:00.0,2018-05-08T03:00:00.0,3,38332.69,0.0,34372.723,37285.645,1.0
2018-05-07T22:00:00.0,2018-05-08T04:00:00.0,4,35394.598,1.0,29522.904,36901.777,0.9154811764705879
2018-05-07T23:00:00.0,2018-05-08T05:00:00.0,5,33335.336,1.0,27768.18,36160.887,0.776324477989095
2018-05-08T00:00:00.0,2018-05-08T06:00:00.0,6,32061.693,1.0,30195.932,33730.84,0.5514748556867229
2018-05-08T01:00:00.0,2018-05-08T07:00:00.0,7,31423.541,1.0,30257.623,33642.832,0.2345967060810819
2018-05-08T02:00:00.0,2018-05-08T08:00:00.0,8,31842.764,1.0,30866.598,34480.22,0.14246728862289504
2018-05-08T03:00:00.0,2018-05-08T09:00:00.0,9,33968.363,1.0,33052.383,35804.395,0.21837885897752532
2018-05-08T04:00:00.0,2018-05-08T10:00:00.0,10,36316.965,1.0,35188.414,38091.164,0.3024390928483183
2018-05-08T05:00:00.0,2018-05-08T11:00:00.0,11,37215.37,1.0,36853.51,40801.355,0.02889638442563772
2018-05-08T06:00:00.0,2018-05-08T12:00:00.0,12,39100.363,0.0,39639.36,43215.75,0.0
2018-05-08T07:00:00.0,2018-05-08T13:00:00.0,13,41452.656,0.0,41651.56,45028.656,0.0
2018-05-08T08:00:00.0,2018-05-08T14:00:00.0,14,43965.027,1.0,43366.684,47875.734,0.043944446069398645
2018-05-08T09:00:00.0,2018-05-08T15:00:00.0,15,46406.957,0.0,47008.848,51355.957,0.0
2018-05-08T10:00:00.0,2018-05-08T16:00:00.0,16,48894.645,0.0,50950.293,54080.164,0.0
2018-05-08T11:00:00.0,2018-05-08T17:00:00.0,17,51279.973,0.0,53237.57,55473.227,0.0
2018-05-08T12:00:00.0,2018-05-08T18:00:00.0,18,53078.83,0.0,53902.67,60653.992,0.0
2018-05-08T13:00:00.0,2018-05-08T19:00:00.0,19,54442.33,0.0,57156.383,60627.504,0.0
2018-05-08T14:00:00.0,2018-05-08T20:00:00.0,20,54828.184,1.0,54352.984,63792.34,0.018592413650944092
2018-05-08T15:00:00.0,2018-05-08T21:00:00.0,21,54127.95,0.0,55565.367,60662.13,0.0
2018-05-08T16:00:00.0,2018-05-08T22:00:00.0,22,52334.27,1.0,51498.55,59000.305,0.03559317751707756
2018-05-08T17:00:00.0,2018-05-08T23:00:00.0,23,50235.45,1.0,49260.54,58082.848,0.03527196228724752
2018-05-08T18:00:00.0,2018-05-09T00:00:00.0,0,49195.125,1.0,49027.707,54378.18,0.015340576681989064
2018-05-08T19:00:00.0,2018-05-09T01:00:00.0,1,46210.902,1.0,45884.12,49882.445,0.026224988225795706
2018-05-08T20:00:00.0,2018-05-09T02:00:00.0,2,41926.01,1.0,40469.69,43775.434,0.39103224058520697
2018-05-08T21:00:00.0,2018-05-09T03:00:00.0,3,37881.465,1.0,35155.938,40270.91,0.5607411650972106
2018-05-08T22:00:00.0,2018-05-09T04:00:00.0,4,35000.137,1.0,30017.31,41449.57,0.3826914640406964
2018-05-08T23:00:00.0,2018-05-09T05:00:00.0,5,33179.496,1.0,28066.502,40410.176,0.34491987669064333
2018-05-09T00:00:00.0,2018-05-09T06:00:00.0,6,32051.467,1.0,30993.707,34730.965,0.15641901711302894
2018-05-09T01:00:00.0,2018-05-09T07:00:00.0,7,31455.773,1.0,31124.105,33412.184,0.04933233423636355
2018-05-09T02:00:00.0,2018-05-09T08:00:00.0,8,31850.617,1.0,31598.898,33332.75,0.04943125919164205
2018-05-09T03:00:00.0,2018-05-09T09:00:00.0,9,33931.207,1.0,33836.777,35434.57,0.020137553666133963
2018-05-09T04:00:00.0,2018-05-09T10:00:00.0,10,36164.758,1.0,35971.25,37450.05,0.04313304593429458
2018-05-09T05:00:00.0,2018-05-09T11:00:00.0,11,37126.75,0.0,37607.25,39435.266,0.0
2018-05-09T06:00:00.0,2018-05-09T12:00:00.0,12,38863.684,0.0,39584.78,42664.32,0.0
2018-05-09T07:00:00.0,2018-05-09T13:00:00.0,13,41094.23,0.0,42071.44,44969.67,0.0
2018-05-09T08:00:00.0,2018-05-09T14:00:00.0,14,43498.125,0.0,43703.24,46867.008,0.0
2018-05-09T09:00:00.0,2018-05-09T15:00:00.0,15,45870.547,0.0,46365.92,50349.96,0.0
2018-05-09T10:00:00.0,2018-05-09T16:00:00.0,16,48204.043,0.0,49836.273,52521.055,0.0
2018-05-09T11:00:00.0,2018-05-09T17:00:00.0,17,50447.33,0.0,52349.09,54588.805,0.0
2018-05-09T12:00:00.0,2018-05-09T18:00:00.0,18,52122.547,0.0,52231.426,60042.74,0.0
2018-05-09T13:00:00.0,2018-05-09T19:00:00.0,19,53737.094,0.0,54884.78,59224.26,0.0
2018-05-09T14:00:00.0,2018-05-09T20:00:00.0,20,54636.527,1.0,50408.4,61169.05,0.3091811545917132
2018-05-09T15:00:00.0,2018-05-09T21:00:00.0,21,54269.348,1.0,51659.516,57901.934,0.3515532741398441
2018-05-09T16:00:00.0,2018-05-09T22:00:00.0,22,52551.324,1.0,48724.293,59078.86,0.272033430777303
2018-05-09T17:00:00.0,2018-05-09T23:00:00.0,23,50253.75,1.0,47778.555,58742.332,0.10101804720037
2018-05-09T18:00:00.0,2018-05-10T00:00:00.0,0,49159.62,1.0,48115.453,53782.297,0.07095363038985766
2018-05-09T19:00:00.0,2018-05-10T01:00:00.0,1,46270.426,1.0,44351.406,48877.492,0.3618084160902663
2018-05-09T20:00:00.0,2018-05-10T02:00:00.0,2,41996.418,1.0,40119.27,43599.79,0.5725919329491869
2018-05-09T21:00:00.0,2018-05-10T03:00:00.0,3,38106.812,1.0,34525.957,40988.984,0.5992793974054961
2018-05-09T22:00:00.0,2018-05-10T04:00:00.0,4,35303.414,1.0,30140.361,43504.57,0.2984642363821992
2018-05-09T23:00:00.0,2018-05-10T05:00:00.0,5,33402.06,1.0,28249.463,41328.67,0.31086938940557995
2018-05-10T00:00:00.0,2018-05-10T06:00:00.0,6,32235.385,1.0,30027.574,33877.918,0.6336390062224639
2018-05-10T01:00:00.0,2018-05-10T07:00:00.0,7,31643.883,1.0,29712.838,32934.81,0.6780148625474203
2018-05-10T02:00:00.0,2018-05-10T08:00:00.0,8,32165.885,1.0,30568.5,32849.523,0.8242624329723478
2018-05-10T03:00:00.0,2018-05-10T09:00:00.0,9,34326.184,1.0,32507.52,34511.227,0.9709182933705667
2018-05-10T04:00:00.0,2018-05-10T10:00:00.0,10,36562.38,0.0,34124.22,35903.277,1.0
2018-05-10T05:00:00.0,2018-05-10T11:00:00.0,11,37638.95,1.0,36127.09,39007.38,0.5461087276685629
2018-05-10T06:00:00.0,2018-05-10T12:00:00.0,12,39584.168,1.0,38984.887,42085.594,0.07688359361738159
2018-05-10T07:00:00.0,2018-05-10T13:00:00.0,13,41818.004,1.0,40964.297,44606.652,0.10830853163087653
2018-05-10T08:00:00.0,2018-05-10T14:00:00.0,14,44109.973,1.0,42679.973,47463.797,0.17479894710453667
2018-05-10T09:00:00.0,2018-05-10T15:00:00.0,15,46172.5,1.0,44271.71,50387.12,0.18938534326964046
2018-05-10T10:00:00.0,2018-05-10T16:00:00.0,16,48379.535,1.0,47799.73,51770.695,0.049797174615828034
2018-05-10T11:00:00.0,2018-05-10T17:00:00.0,17,50492.13,0.0,52461.496,55548.34,0.0
2018-05-10T12:00:00.0,2018-05-10T18:00:00.0,18,52232.14,1.0,50927.89,60916.46,0.04301036935319185
2018-05-10T13:00:00.0,2018-05-10T19:00:00.0,19,53691.723,1.0,53139.668,58419.94,0.0331426210745172
2018-05-10T14:00:00.0,2018-05-10T20:00:00.0,20,54324.043,1.0,47882.04,61126.05,0.47479166375270954
2018-05-10T15:00:00.0,2018-05-10T21:00:00.0,21,53679.168,1.0,50009.316,57616.445,0.4674121421280317
2018-05-10T16:00:00.0,2018-05-10T22:00:00.0,22,51905.266,1.0,47189.72,58438.586,0.3534960426226486
2018-05-10T17:00:00.0,2018-05-10T23:00:00.0,23,49803.387,1.0,45280.914,58030.55,0.2495339367034889
2018-05-10T18:00:00.0,2018-05-11T00:00:00.0,0,49052.965,1.0,46664.67,53805.36,0.22059893696017413
2018-05-10T19:00:00.0,2018-05-11T01:00:00.0,1,46544.19,1.0,41810.0,48686.89,0.8096594300208891
2018-05-10T20:00:00.0,2018-05-11T02:00:00.0,2,42738.176,1.0,39223.68,43202.02,0.9625512808988766
2018-05-10T21:00:00.0,2018-05-11T03:00:00.0,3,39040.715,1.0,33562.59,41970.473,0.7596216601725573
2018-05-10T22:00:00.0,2018-05-11T04:00:00.0,4,36449.215,1.0,27566.182,43577.6,0.6006123636363634
2018-05-10T23:00:00.0,2018-05-11T05:00:00.0,5,34693.785,1.0,26298.332,43862.02,0.4592378532200655
2018-05-11T00:00:00.0,2018-05-11T06:00:00.0,6,33553.56,1.0,31237.076,34119.926,0.9210191693290736
2018-05-11T01:00:00.0,2018-05-11T07:00:00.0,7,33111.89,1.0,31352.57,33801.86,0.8450536271892114
2018-05-11T02:00:00.0,2018-05-11T08:00:00.0,8,33663.832,1.0,31432.371,34040.93,0.9508400188768295
2018-05-11T03:00:00.0,2018-05-11T09:00:00.0,9,35851.41,0.0,33753.887,35746.742,1.0
2018-05-11T04:00:00.0,2018-05-11T10:00:00.0,10,38205.11,0.0,35222.977,36793.297,1.0
2018-05-11T05:00:00.0,2018-05-11T11:00:00.0,11,39359.027,0.0,37714.137,39064.46,1.0
2018-05-11T06:00:00.0,2018-05-11T12:00:00.0,12,41346.793,1.0,39899.055,42247.668,0.7059611836260489
2018-05-11T07:00:00.0,2018-05-11T13:00:00.0,13,43562.477,1.0,41746.25,44831.15,0.6601653937029505
2018-05-11T08:00:00.0,2018-05-11T14:00:00.0,14,45926.402,1.0,42907.13,47368.547,0.7945317730706561
2018-05-11T09:00:00.0,2018-05-11T15:00:00.0,15,48104.156,1.0,45497.94,50703.77,0.5011767851413496
2018-05-11T10:00:00.0,2018-05-11T16:00:00.0,16,50251.03,1.0,48502.17,52196.477,0.4507402785404083
2018-05-11T11:00:00.0,2018-05-11T17:00:00.0,17,52262.13,1.0,51968.69,55470.36,0.02678190059153415
2018-05-11T12:00:00.0,2018-05-11T18:00:00.0,18,53795.17,1.0,49550.297,61661.125,0.24337443242198795
2018-05-11T13:00:00.0,2018-05-11T19:00:00.0,19,55145.984,1.0,53449.312,59173.727,0.17176264795223567
2018-05-11T14:00:00.0,2018-05-11T20:00:00.0,20,55741.324,1.0,50053.926,65354.766,0.2753033976888817
2018-05-11T15:00:00.0,2018-05-11T21:00:00.0,21,54990.7,1.0,53035.18,61214.918,0.11242412872183107
2018-05-11T16:00:00.0,2018-05-11T22:00:00.0,22,52922.926,1.0,47269.62,60777.62,0.35230668615834404
2018-05-11T17:00:00.0,2018-05-11T23:00:00.0,23,50637.81,1.0,44409.207,60911.16,0.28428970692394556
2018-05-11T18:00:00.0,2018-05-12T00:00:00.0,0,49627.324,1.0,45652.754,55472.227,0.3288513352204909
2018-05-11T19:00:00.0,2018-05-12T01:00:00.0,1,47396.12,1.0,41989.793,50777.91,0.703976911555183
2018-05-11T20:00:00.0,2018-05-12T02:00:00.0,2,44432.434,1.0,38932.566,44886.02,0.9752656026894645
2018-05-11T21:00:00.0,2018-05-12T03:00:00.0,3,41223.92,1.0,33032.953,43490.0,0.9061720851933683
2018-05-11T22:00:00.0,2018-05-12T04:00:00.0,4,38522.246,1.0,27053.676,45198.977,0.730501872784991
2018-05-11T23:00:00.0,2018-05-12T05:00:00.0,5,36561.668,1.0,26991.135,43907.242,0.6201902258932482
2018-05-12T00:00:00.0,2018-05-12T06:00:00.0,6,35183.01,0.0,31426.844,34414.69,1.0
2018-05-12T01:00:00.0,2018-05-12T07:00:00.0,7,34399.008,0.0,31103.639,33781.77,1.0
2018-05-12T02:00:00.0,2018-05-12T08:00:00.0,8,34221.363,1.0,31925.57,34621.777,0.9489478725646076
2018-05-12T03:00:00.0,2018-05-12T09:00:00.0,9,34737.46,1.0,33865.4,35723.395,0.4433151904997525
2018-05-12T04:00:00.0,2018-05-12T10:00:00.0,10,35206.348,1.0,35147.68,36725.86,0.016344887254636897
2018-05-12T05:00:00.0,2018-05-12T11:00:00.0,11,37054.426,0.0,37185.227,38370.305,0.0
2018-05-12T06:00:00.0,2018-05-12T12:00:00.0,12,39982.77,1.0,39199.168,41369.12,0.25908590308369944
2018-05-12T07:00:00.0,2018-05-12T13:00:00.0,13,42954.52,1.0,42101.67,44019.957,0.3982816585730258
2018-05-12T08:00:00.0,2018-05-12T14:00:00.0,14,45813.016,1.0,43918.418,46993.63,0.7054232776617962
2018-05-12T09:00:00.0,2018-05-12T15:00:00.0,15,48174.81,1.0,46148.742,49730.56,0.619995034756702
2018-05-12T10:00:00.0,2018-05-12T16:00:00.0,16,50233.566,1.0,49872.625,52659.12,0.0425521038764336
2018-05-12T11:00:00.0,2018-05-12T17:00:00.0,17,52003.42,0.0,52099.516,54973.26,0.0
2018-05-12T12:00:00.0,2018-05-12T18:00:00.0,18,53573.168,1.0,48106.312,61065.22,0.3581017175700055
2018-05-12T13:00:00.0,2018-05-12T19:00:00.0,19,54769.934,1.0,52870.805,57603.47,0.3230193886215684
2018-05-12T14:00:00.0,2018-05-12T20:00:00.0,20,55254.297,1.0,49655.67,62264.895,0.39724512701028536
2018-05-12T15:00:00.0,2018-05-12T21:00:00.0,21,54684.777,1.0,51588.734,58166.26,0.44578684033989335
2018-05-12T16:00:00.0,2018-05-12T22:00:00.0,22,53089.53,1.0,45942.586,59917.22,0.5211913252117661
2018-05-12T17:00:00.0,2018-05-12T23:00:00.0,23,50881.816,1.0,43971.42,60584.81,0.34789161971976296
2018-05-12T18:00:00.0,2018-05-13T00:00:00.0,0,50013.24,1.0,46165.07,55712.566,0.3259907397663892
2018-05-12T19:00:00.0,2018-05-13T01:00:00.0,1,47864.11,1.0,44438.91,51969.836,0.4167543352601154
2018-05-12T20:00:00.0,2018-05-13T02:00:00.0,2,44955.676,0.0,38134.293,42167.38,1.0
2018-05-12T21:00:00.0,2018-05-13T03:00:00.0,3,41942.01,1.0,33215.297,42080.777,0.9873284600145931
2018-05-12T22:00:00.0,2018-05-13T04:00:00.0,4,39286.016,1.0,28262.46,44767.67,0.7826048606936085
2018-05-12T23:00:00.0,2018-05-13T05:00:00.0,5,37353.418,1.0,27184.988,44788.855,0.6410073598866497
2018-05-13T00:00:00.0,2018-05-13T06:00:00.0,6,35948.574,0.0,30261.434,35028.27,1.0
2018-05-13T01:00:00.0,2018-05-13T07:00:00.0,7,34977.535,0.0,30545.322,34716.285,1.0
2018-05-13T02:00:00.0,2018-05-13T08:00:00.0,8,34457.49,1.0,30887.246,35093.81,0.9475233300589385
2018-05-13T03:00:00.0,2018-05-13T09:00:00.0,9,34453.785,1.0,33692.586,36358.04,0.15924516531503632
2018-05-13T04:00:00.0,2018-05-13T10:00:00.0,10,34476.332,0.0,35679.09,37348.742,0.0
2018-05-13T05:00:00.0,2018-05-13T11:00:00.0,11,36185.6,0.0,38066.363,39290.625,0.0
2018-05-13T06:00:00.0,2018-05-13T12:00:00.0,12,39277.676,0.0,39351.38,41567.9,0.0
2018-05-13T07:00:00.0,2018-05-13T13:00:00.0,13,42485.52,1.0,41962.484,44126.484,0.11479726347405275
2018-05-13T08:00:00.0,2018-05-13T14:00:00.0,14,45179.516,1.0,43686.027,47463.027,0.3132885583023418
2018-05-13T09:00:00.0,2018-05-13T15:00:00.0,15,47710.66,1.0,45895.062,50264.39,0.347169700298134
2018-05-13T10:00:00.0,2018-05-13T16:00:00.0,16,49924.234,1.0,49420.22,53003.52,0.047443195759925
2018-05-13T11:00:00.0,2018-05-13T17:00:00.0,17,51899.66,0.0,52469.41,56239.445,0.0
2018-05-13T12:00:00.0,2018-05-13T18:00:00.0,18,53627.73,1.0,49003.47,62645.58,0.22688768883024968
2018-05-13T13:00:00.0,2018-05-13T19:00:00.0,19,54954.2,1.0,53506.31,59900.6,0.10158816217502782
2018-05-13T14:00:00.0,2018-05-13T20:00:00.0,20,55529.184,1.0,50533.04,64292.812,0.26209008450267485
2018-05-13T15:00:00.0,2018-05-13T21:00:00.0,21,55243.863,1.0,51816.773,58735.59,0.491330668955527
2018-05-13T16:00:00.0,2018-05-13T22:00:00.0,22,53880.793,1.0,46239.414,61786.46,0.4842287043664996
2018-05-13T17:00:00.0,2018-05-13T23:00:00.0,23,52162.12,1.0,44309.613,61412.406,0.4246103826884129
2018-05-13T18:00:00.0,2018-05-14T00:00:00.0,0,51692.875,1.0,46442.633,55476.85,0.6471142342204159
2018-05-13T19:00:00.0,2018-05-14T01:00:00.0,1,49504.715,1.0,43594.61,51849.54,0.8424504867405168
2018-05-13T20:00:00.0,2018-05-14T02:00:00.0,2,45736.89,0.0,39488.047,44052.473,1.0
2018-05-13T21:00:00.0,2018-05-14T03:00:00.0,3,41860.11,1.0,34237.402,46333.195,0.7276458584665929
2018-05-13T22:00:00.0,2018-05-14T04:00:00.0,4,39007.195,1.0,29769.404,47453.344,0.5414699134424863
2018-05-13T23:00:00.0,2018-05-14T05:00:00.0,5,37252.246,1.0,29172.104,45919.734,0.4674901190134466
2018-05-14T00:00:00.0,2018-05-14T06:00:00.0,6,36184.914,1.0,32273.559,38511.965,0.7226545237384286
2018-05-14T01:00:00.0,2018-05-14T07:00:00.0,7,35765.31,1.0,32283.352,36998.316,0.866360871334632
2018-05-14T02:00:00.0,2018-05-14T08:00:00.0,8,36430.184,1.0,32002.467,37254.848,0.9445588640207686
2018-05-14T03:00:00.0,2018-05-14T09:00:00.0,9,38662.676,1.0,34575.434,38758.656,0.9860838875515117
2018-05-14T04:00:00.0,2018-05-14T10:00:00.0,10,41022.535,0.0,37187.848,39980.33,1.0
2018-05-14T05:00:00.0,2018-05-14T11:00:00.0,11,42099.426,0.0,38911.234,41041.234,1.0
2018-05-14T06:00:00.0,2018-05-14T12:00:00.0,12,43923.594,1.0,41279.277,44050.46,0.9821861295885685
2018-05-14T07:00:00.0,2018-05-14T13:00:00.0,13,46138.105,1.0,45001.16,47509.504,0.41393709327548944
2018-05-14T08:00:00.0,2018-05-14T14:00:00.0,14,48710.434,1.0,47596.89,50694.35,0.25667695572489724
2018-05-14T09:00:00.0,2018-05-14T15:00:00.0,15,51026.25,1.0,49294.242,53170.453,0.40231195050472185
2018-05-14T10:00:00.0,2018-05-14T16:00:00.0,16,53366.926,1.0,51835.406,55046.902,0.45718272654186204
2018-05-14T11:00:00.0,2018-05-14T17:00:00.0,17,55635.004,1.0,54680.023,58109.016,0.1513978598907319
2018-05-14T12:00:00.0,2018-05-14T18:00:00.0,18,57357.473,1.0,50523.883,64716.71,0.4656726159458047
2018-05-14T13:00:00.0,2018-05-14T19:00:00.0,19,58643.016,1.0,55502.664,62939.03,0.35885627766131006
2018-05-14T14:00:00.0,2018-05-14T20:00:00.0,20,59099.81,1.0,49738.047,66541.39,0.6048106529063071
2018-05-14T15:00:00.0,2018-05-14T21:00:00.0,21,58466.285,1.0,52478.07,61567.54,0.7700115127791856
2018-05-14T16:00:00.0,2018-05-14T22:00:00.0,22,56673.188,1.0,46381.867,66344.34,0.5288064216778025
2018-05-14T17:00:00.0,2018-05-14T23:00:00.0,23,54470.996,1.0,47313.207,63047.45,0.4169360416858801
2018-05-14T18:00:00.0,2018-05-15T00:00:00.0,0,53502.83,1.0,45935.047,59293.832,0.6214922613702396
2018-05-14T19:00:00.0,2018-05-15T01:00:00.0,1,50290.906,1.0,44401.176,55477.53,0.5586973409023009
2018-05-14T20:00:00.0,2018-05-15T02:00:00.0,2,45875.098,1.0,42815.6,48700.098,0.5369292649970138
2018-05-14T21:00:00.0,2018-05-15T03:00:00.0,3,41867.266,1.0,33947.855,50401.06,0.46539080498522245
2018-05-14T22:00:00.0,2018-05-15T04:00:00.0,4,38995.582,1.0,32553.771,49219.707,0.29877152764399917
2018-05-14T23:00:00.0,2018-05-15T05:00:00.0,5,37057.45,1.0,31464.107,47477.61,0.2416001461320666
2018-05-15T00:00:00.0,2018-05-15T06:00:00.0,6,35809.363,1.0,32229.99,37354.54,0.8220833040833038
2018-05-15T01:00:00.0,2018-05-15T07:00:00.0,7,35125.6,1.0,32444.08,36764.13,0.7128057475046611
2018-05-15T02:00:00.0,2018-05-15T08:00:00.0,8,35583.09,1.0,32382.076,37298.027,0.759039062267574
2018-05-15T03:00:00.0,2018-05-15T09:00:00.0,9,37697.203,1.0,35640.51,39244.098,0.6289587820638337
2018-05-15T04:00:00.0,2018-05-15T10:00:00.0,10,39927.734,1.0,39035.332,40890.55,0.4648221225709998
2018-05-15T05:00:00.0,2018-05-15T11:00:00.0,11,40781.99,0.0,40939.42,42806.426,0.0
2018-05-15T06:00:00.0,2018-05-15T12:00:00.0,12,42466.2,0.0,43098.453,44837.86,0.0
2018-05-15T07:00:00.0,2018-05-15T13:00:00.0,13,44655.62,0.0,46678.242,48317.418,0.0
2018-05-15T08:00:00.0,2018-05-15T14:00:00.0,14,47203.22,0.0,48989.496,51298.51,0.0
2018-05-15T09:00:00.0,2018-05-15T15:00:00.0,15,49829.074,0.0,52514.074,55068.473,0.0
2018-05-15T10:00:00.0,2018-05-15T16:00:00.0,16,52660.395,0.0,55157.13,57048.6,0.0
2018-05-15T11:00:00.0,2018-05-15T17:00:00.0,17,55240.17,0.0,56284.168,58519.76,0.0
2018-05-15T12:00:00.0,2018-05-15T18:00:00.0,18,57321.082,1.0,49597.492,66992.305,0.3972566426364573
2018-05-15T13:00:00.0,2018-05-15T19:00:00.0,19,58878.547,1.0,54445.58,61260.957,0.7579983691687049
2018-05-15T14:00:00.0,2018-05-15T20:00:00.0,20,59085.934,1.0,48609.855,66759.79,0.6402654934819536
2018-05-15T15:00:00.0,2018-05-15T21:00:00.0,21,57757.957,1.0,50172.63,59556.53,0.9241731869426217
2018-05-15T16:00:00.0,2018-05-15T22:00:00.0,22,55509.64,1.0,46426.14,65296.285,0.4654635599365067
2018-05-15T17:00:00.0,2018-05-15T23:00:00.0,23,53352.207,1.0,44971.027,62538.43,0.45755286089238834
2018-05-15T18:00:00.0,2018-05-16T00:00:00.0,0,52174.797,1.0,44954.96,56412.082,0.7275939299505452
2018-05-15T19:00:00.0,2018-05-16T01:00:00.0,1,48845.547,1.0,44316.49,51876.914,0.6775318404323649
2018-05-15T20:00:00.0,2018-05-16T02:00:00.0,2,44423.26,1.0,43010.535,46874.83,0.26587933753943344
2018-05-15T21:00:00.0,2018-05-16T03:00:00.0,3,40311.96,1.0,34259.812,46948.062,0.4573709609430644
2018-05-15T22:00:00.0,2018-05-16T04:00:00.0,4,37446.785,1.0,29320.426,46094.387,0.4711862928073689
2018-05-15T23:00:00.0,2018-05-16T05:00:00.0,5,35423.395,1.0,26782.488,46206.285,0.39877041696256443
2018-05-16T00:00:00.0,2018-05-16T06:00:00.0,6,34075.902,1.0,30627.062,36624.01,0.6365997900384942
2018-05-16T01:00:00.0,2018-05-16T07:00:00.0,7,33542.914,1.0,29972.848,35579.574,0.7376737422879348
2018-05-16T02:00:00.0,2018-05-16T08:00:00.0,8,33970.504,1.0,30868.914,35663.562,0.7528058563367398
2018-05-16T03:00:00.0,2018-05-16T09:00:00.0,9,36029.035,1.0,34220.12,37327.62,0.648780582957145
2018-05-16T04:00:00.0,2018-05-16T10:00:00.0,10,38143.816,1.0,37528.953,38850.87,0.4355623268698052
2018-05-16T05:00:00.0,2018-05-16T11:00:00.0,11,39194.895,0.0,39803.35,41143.598,0.0
2018-05-16T06:00:00.0,2018-05-16T12:00:00.0,12,41377.934,0.0,42668.418,43928.61,0.0
2018-05-16T07:00:00.0,2018-05-16T13:00:00.0,13,44134.887,0.0,45698.375,46884.395,0.0
2018-05-16T08:00:00.0,2018-05-16T14:00:00.0,14,47021.0,0.0,47861.336,49492.03,0.0
2018-05-16T09:00:00.0,2018-05-16T15:00:00.0,15,50014.473,0.0,51872.414,53545.79,0.0
2018-05-16T10:00:00.0,2018-05-16T16:00:00.0,16,53290.74,0.0,54127.11,55424.0,0.0
2018-05-16T11:00:00.0,2018-05-16T17:00:00.0,17,56419.53,0.0,54958.246,56395.367,1.0
2018-05-16T12:00:00.0,2018-05-16T18:00:00.0,18,58806.688,1.0,50353.01,61655.43,0.8756090639559511
2018-05-16T13:00:00.0,2018-05-16T19:00:00.0,19,60402.574,1.0,56148.19,60971.03,0.9620949994068099
2018-05-16T14:00:00.0,2018-05-16T20:00:00.0,20,61426.387,1.0,52191.51,66132.734,0.7750442345029126
2018-05-16T15:00:00.0,2018-05-16T21:00:00.0,21,61282.652,1.0,52272.24,62771.56,0.952050111796873
2018-05-16T16:00:00.0,2018-05-16T22:00:00.0,22,59532.688,1.0,48341.645,67123.89,0.6721448376082096
2018-05-16T17:00:00.0,2018-05-16T23:00:00.0,23,56738.56,1.0,47152.723,65497.04,0.5417791830456332
2018-05-16T18:00:00.0,2018-05-17T00:00:00.0,0,54800.27,1.0,43252.78,56811.195,0.9490482430743912
2018-05-16T19:00:00.0,2018-05-17T01:00:00.0,1,51270.953,1.0,42699.684,52575.637,0.956315669987447
2018-05-16T20:00:00.0,2018-05-17T02:00:00.0,2,46463.797,1.0,42584.54,47449.324,0.9166907576771502
2018-05-16T21:00:00.0,2018-05-17T03:00:00.0,3,42056.48,1.0,33428.12,48470.465,0.6339865611085924
2018-05-16T22:00:00.0,2018-05-17T04:00:00.0,4,38741.766,1.0,31637.652,50019.996,0.2986722904823035
2018-05-16T23:00:00.0,2018-05-17T05:00:00.0,5,36528.64,1.0,28772.875,46609.234,0.3808637691563719
2018-05-17T00:00:00.0,2018-05-17T06:00:00.0,6,35011.863,1.0,30362.65,37758.676,0.7251853484466823
2018-05-17T01:00:00.0,2018-05-17T07:00:00.0,7,34234.37,1.0,29694.393,37812.05,0.6086350495442815
2018-05-17T02:00:00.0,2018-05-17T08:00:00.0,8,34668.566,1.0,30418.807,37356.586,0.6997453964674929
2018-05-17T03:00:00.0,2018-05-17T09:00:00.0,9,36516.316,1.0,34411.95,37966.586,0.6656877890621263
2018-05-17T04:00:00.0,2018-05-17T10:00:00.0,10,38617.035,1.0,37595.63,38975.973,0.8678504536142851
2018-05-17T05:00:00.0,2018-05-17T11:00:00.0,11,39941.78,1.0,39473.617,40801.03,0.2465726250826533
2018-05-17T06:00:00.0,2018-05-17T12:00:00.0,12,42494.793,1.0,42280.78,43425.688,0.0727086206896527
2018-05-17T07:00:00.0,2018-05-17T13:00:00.0,13,45512.902,0.0,45643.293,46602.24,0.0
2018-05-17T08:00:00.0,2018-05-17T14:00:00.0,14,48801.594,1.0,47464.168,48921.05,0.9737039977841371
2018-05-17T09:00:00.0,2018-05-17T15:00:00.0,15,52119.78,1.0,51999.44,53423.887,0.026965324469290567
2018-05-17T10:00:00.0,2018-05-17T16:00:00.0,16,55471.62,0.0,55967.09,57516.863,0.0
2018-05-17T11:00:00.0,2018-05-17T17:00:00.0,17,58492.55,1.0,57626.465,59561.68,0.4035910572892436
2018-05-17T12:00:00.0,2018-05-17T18:00:00.0,18,60954.574,1.0,55678.57,65818.48,0.5376601021152442
2018-05-17T13:00:00.0,2018-05-17T19:00:00.0,19,62967.113,1.0,61263.39,65668.18,0.2991941538797962
2018-05-17T14:00:00.0,2018-05-17T20:00:00.0,20,63781.645,1.0,51659.45,71269.125,0.708773084479371
2018-05-17T15:00:00.0,2018-05-17T21:00:00.0,21,63146.605,1.0,51080.984,70573.9,0.7100571257252133
2018-05-17T16:00:00.0,2018-05-17T22:00:00.0,22,60950.332,1.0,49864.082,70005.43,0.5927344351531866
2018-05-17T17:00:00.0,2018-05-17T23:00:00.0,23,58192.547,1.0,47983.395,68305.57,0.504389475414627
2018-05-17T18:00:00.0,2018-05-18T00:00:00.0,0,56547.785,1.0,46011.062,63850.355,0.6633840380047512
2018-05-17T19:00:00.0,2018-05-18T01:00:00.0,1,53044.36,1.0,43146.152,57749.227,0.7959391547561938
2018-05-17T20:00:00.0,2018-05-18T02:00:00.0,2,48347.5,1.0,42340.973,48678.48,0.9810861544262207
2018-05-17T21:00:00.0,2018-05-18T03:00:00.0,3,43925.184,1.0,34067.477,50663.617,0.6690266047081657
2018-05-17T22:00:00.0,2018-05-18T04:00:00.0,4,40793.957,1.0,32158.742,51454.54,0.4035515433569768
2018-05-17T23:00:00.0,2018-05-18T05:00:00.0,5,38426.836,1.0,29266.385,47874.652,0.4856718232925324
2018-05-18T00:00:00.0,2018-05-18T06:00:00.0,6,36766.875,1.0,30166.666,39808.402,0.804690060657657
2018-05-18T01:00:00.0,2018-05-18T07:00:00.0,7,36016.016,1.0,29376.78,41327.32,0.6019846492871817
2018-05-18T02:00:00.0,2018-05-18T08:00:00.0,8,36268.35,1.0,30753.834,41419.754,0.5315612918884248
2018-05-18T03:00:00.0,2018-05-18T09:00:00.0,9,38111.074,1.0,34355.895,40175.402,0.7504483538577531
2018-05-18T04:00:00.0,2018-05-18T10:00:00.0,10,40343.656,1.0,38457.33,40774.707,0.9278953046045545
2018-05-18T05:00:00.0,2018-05-18T11:00:00.0,11,41633.062,1.0,40583.285,42753.74,0.4697120954003378
2018-05-18T06:00:00.0,2018-05-18T12:00:00.0,12,44110.223,1.0,43750.402,45256.168,0.11232793764988103
2018-05-18T07:00:00.0,2018-05-18T13:00:00.0,13,47141.566,0.0,47914.723,49504.375,0.0
2018-05-18T08:00:00.0,2018-05-18T14:00:00.0,14,50413.082,0.0,50452.41,51903.7,0.0
2018-05-18T09:00:00.0,2018-05-18T15:00:00.0,15,53513.344,0.0,54736.465,56695.26,0.0
2018-05-18T10:00:00.0,2018-05-18T16:00:00.0,16,56487.8,0.0,58609.293,60310.445,0.0
2018-05-18T11:00:00.0,2018-05-18T17:00:00.0,17,59286.2,0.0,60852.258,64582.78,0.0
2018-05-18T12:00:00.0,2018-05-18T18:00:00.0,18,61480.168,1.0,54272.87,72263.58,0.321899478778853
2018-05-18T13:00:00.0,2018-05-18T19:00:00.0,19,62801.812,1.0,60705.62,67662.0,0.17768827676555252
2018-05-18T14:00:00.0,2018-05-18T20:00:00.0,20,63057.97,1.0,52696.035,71862.164,0.5749770269113325
2018-05-18T15:00:00.0,2018-05-18T21:00:00.0,21,61686.777,1.0,51871.324,71071.2,0.5208249471744356
2018-05-18T16:00:00.0,2018-05-18T22:00:00.0,22,59167.656,1.0,50345.19,70425.914,0.3889043485962272
2018-05-18T17:00:00.0,2018-05-18T23:00:00.0,23,56165.66,1.0,48430.402,68632.95,0.2929275191889018
2018-05-18T18:00:00.0,2018-05-19T00:00:00.0,0,54377.5,1.0,46936.777,66157.22,0.2997340772044698
2018-05-18T19:00:00.0,2018-05-19T01:00:00.0,1,51503.38,1.0,44982.31,62688.45,0.2700090304140836
2018-05-18T20:00:00.0,2018-05-19T02:00:00.0,2,47886.254,1.0,43485.61,51180.223,0.6310272727272737
2018-05-18T21:00:00.0,2018-05-19T03:00:00.0,3,44414.5,1.0,36563.08,50849.125,0.5912272951036944
2018-05-18T22:00:00.0,2018-05-19T04:00:00.0,4,41697.938,1.0,32552.068,52727.22,0.41404392660319517
2018-05-18T23:00:00.0,2018-05-19T05:00:00.0,5,39430.184,1.0,29949.684,50229.945,0.4398567816507138
2018-05-19T00:00:00.0,2018-05-19T06:00:00.0,6,37832.684,1.0,29699.643,44836.023,0.5689187750311565
2018-05-19T01:00:00.0,2018-05-19T07:00:00.0,7,36668.19,1.0,27068.959,45374.64,0.545162356307364
2018-05-19T02:00:00.0,2018-05-19T08:00:00.0,8,36251.676,1.0,27545.07,44256.293,0.5389229918123475
2018-05-19T03:00:00.0,2018-05-19T09:00:00.0,9,36534.723,1.0,32926.48,41965.26,0.3195337100224911
2018-05-19T04:00:00.0,2018-05-19T10:00:00.0,10,36894.176,1.0,36435.9,39791.273,0.04565085229878262
2018-05-19T05:00:00.0,2018-05-19T11:00:00.0,11,38958.707,0.0,39656.875,42686.293,0.0
2018-05-19T06:00:00.0,2018-05-19T12:00:00.0,12,41879.98,0.0,42651.895,44083.484,0.0
2018-05-19T07:00:00.0,2018-05-19T13:00:00.0,13,44833.62,0.0,46491.953,48018.754,0.0
2018-05-19T08:00:00.0,2018-05-19T14:00:00.0,14,47745.168,0.0,48789.195,50090.957,0.0
2018-05-19T09:00:00.0,2018-05-19T15:00:00.0,15,50296.89,0.0,52132.36,53688.695,0.0
2018-05-19T10:00:00.0,2018-05-19T16:00:00.0,16,52584.64,0.0,54366.137,55798.53,0.0
2018-05-19T11:00:00.0,2018-05-19T17:00:00.0,17,54602.387,0.0,57605.57,60932.746,0.0
2018-05-19T12:00:00.0,2018-05-19T18:00:00.0,18,56078.754,1.0,50365.047,65370.105,0.2895635789473684
2018-05-19T13:00:00.0,2018-05-19T19:00:00.0,19,56943.152,1.0,56740.54,63548.227,0.015079777365491669
2018-05-19T14:00:00.0,2018-05-19T20:00:00.0,20,57132.88,1.0,49112.43,69229.555,0.31869399122590786
2018-05-19T15:00:00.0,2018-05-19T21:00:00.0,21,56305.87,1.0,48440.598,68664.57,0.3026357775987107
2018-05-19T16:00:00.0,2018-05-19T22:00:00.0,22,54509.168,1.0,47520.84,67858.55,0.2334514319456745
2018-05-19T17:00:00.0,2018-05-19T23:00:00.0,23,52306.848,1.0,46175.094,66320.8,0.18137702331200595
2018-05-19T18:00:00.0,2018-05-20T00:00:00.0,0,51178.902,1.0,44819.086,64482.848,0.2057063730531637
2018-05-19T19:00:00.0,2018-05-20T01:00:00.0,1,49012.62,1.0,42255.99,61704.78,0.23887239047339046
2018-05-19T20:00:00.0,2018-05-20T02:00:00.0,2,46114.824,1.0,41725.418,51360.574,0.4181032697701559
2018-05-19T21:00:00.0,2018-05-20T03:00:00.0,3,43148.105,1.0,35490.574,54691.29,0.3189041626497728
2018-05-19T22:00:00.0,2018-05-20T04:00:00.0,4,40551.484,1.0,31571.957,51690.344,0.40141755996128053
2018-05-19T23:00:00.0,2018-05-20T05:00:00.0,5,38520.215,1.0,28932.182,49151.355,0.45223765826248735
2018-05-20T00:00:00.0,2018-05-20T06:00:00.0,6,37049.45,1.0,28544.594,44549.91,0.5580313106600967
2018-05-20T01:00:00.0,2018-05-20T07:00:00.0,7,36034.73,1.0,26215.414,45066.637,0.5387033367989491
2018-05-20T02:00:00.0,2018-05-20T08:00:00.0,8,35442.504,1.0,28592.438,42973.945,0.45612116393295465
2018-05-20T03:00:00.0,2018-05-20T09:00:00.0,9,35370.473,1.0,33326.516,40521.73,0.157572018362757
2018-05-20T04:00:00.0,2018-05-20T10:00:00.0,10,35294.62,0.0,36966.63,39894.0,0.0
2018-05-20T05:00:00.0,2018-05-20T11:00:00.0,11,36543.94,0.0,38409.703,40817.17,0.0
2018-05-20T06:00:00.0,2018-05-20T12:00:00.0,12,38799.723,0.0,41017.27,42476.957,0.0
2018-05-20T07:00:00.0,2018-05-20T13:00:00.0,13,40983.754,0.0,43708.957,45405.793,0.0
2018-05-20T08:00:00.0,2018-05-20T14:00:00.0,14,42774.434,0.0,46078.19,47799.586,0.0
2018-05-20T09:00:00.0,2018-05-20T15:00:00.0,15,44509.0,0.0,49252.863,51707.402,0.0
2018-05-20T10:00:00.0,2018-05-20T16:00:00.0,16,45626.574,0.0,50929.28,53430.77,0.0
2018-05-20T11:00:00.0,2018-05-20T17:00:00.0,17,46238.246,0.0,52296.66,57344.758,0.0
2018-05-20T12:00:00.0,2018-05-20T18:00:00.0,18,46532.05,0.0,48070.234,64297.035,0.0
2018-05-20T13:00:00.0,2018-05-20T19:00:00.0,19,46689.76,0.0,49858.098,58724.754,0.0
2018-05-20T14:00:00.0,2018-05-20T20:00:00.0,20,46878.14,0.0,49006.77,64867.41,0.0
2018-05-20T15:00:00.0,2018-05-20T21:00:00.0,21,46577.484,0.0,46811.63,62888.125,0.0
2018-05-20T16:00:00.0,2018-05-20T22:00:00.0,22,45369.656,1.0,43597.5,60706.9,0.032794792317644386
2018-05-20T17:00:00.0,2018-05-20T23:00:00.0,23,44209.168,1.0,42413.742,58319.754,0.03612019019997975
2018-05-20T18:00:00.0,2018-05-21T00:00:00.0,0,43839.355,1.0,41284.332,54571.06,0.07624316067281674
2018-05-20T19:00:00.0,2018-05-21T01:00:00.0,1,42106.996,1.0,38712.8,53837.055,0.09989275136399071
2018-05-20T20:00:00.0,2018-05-21T02:00:00.0,2,38918.926,1.0,38436.273,45857.617,0.021734124999093687
2018-05-20T21:00:00.0,2018-05-21T03:00:00.0,3,35777.99,1.0,31753.625,46969.336,0.13664688781808754
2018-05-20T22:00:00.0,2018-05-21T04:00:00.0,4,33518.406,1.0,28215.227,44167.18,0.21784400777149093
2018-05-20T23:00:00.0,2018-05-21T05:00:00.0,5,32057.248,1.0,28835.443,47532.95,0.0638162015362222
2018-05-21T00:00:00.0,2018-05-21T06:00:00.0,6,31191.201,1.0,26844.031,45012.555,0.11260517228529555
2018-05-21T01:00:00.0,2018-05-21T07:00:00.0,7,31044.537,1.0,24703.564,42707.34,0.24586087846565013
2018-05-21T02:00:00.0,2018-05-21T08:00:00.0,8,31921.006,1.0,24736.975,43569.832,0.29064396522332087
2018-05-21T03:00:00.0,2018-05-21T09:00:00.0,9,34376.69,1.0,29435.941,38156.043,0.6216522354845239
2018-05-21T04:00:00.0,2018-05-21T10:00:00.0,10,36823.047,1.0,33367.605,37438.137,0.9476059840881118
2018-05-21T05:00:00.0,2018-05-21T11:00:00.0,11,37962.598,1.0,34620.117,39504.953,0.8043188740678497
2018-05-21T06:00:00.0,2018-05-21T12:00:00.0,12,39735.895,1.0,36657.39,40698.027,0.888437960770295
2018-05-21T07:00:00.0,2018-05-21T13:00:00.0,13,42053.676,1.0,38876.76,43299.152,0.8451348506115893
2018-05-21T08:00:00.0,2018-05-21T14:00:00.0,14,44520.582,0.0,40609.562,43741.01,1.0
2018-05-21T09:00:00.0,2018-05-21T15:00:00.0,15,46771.504,1.0,43228.305,47404.312,0.9473857761286335
2018-05-21T10:00:00.0,2018-05-21T16:00:00.0,16,48992.203,0.0,45641.52,48463.258,1.0
2018-05-21T11:00:00.0,2018-05-21T17:00:00.0,17,50837.83,1.0,46835.02,52011.496,0.8981622751849978
2018-05-21T12:00:00.0,2018-05-21T18:00:00.0,18,52210.184,1.0,42883.023,62225.67,0.4670132104689622
2018-05-21T13:00:00.0,2018-05-21T19:00:00.0,19,53422.44,1.0,48774.83,60760.87,0.30075131541379524
2018-05-21T14:00:00.0,2018-05-21T20:00:00.0,20,53692.09,1.0,47602.37,65198.906,0.23696883530482227
2018-05-21T15:00:00.0,2018-05-21T21:00:00.0,21,53117.95,1.0,45996.17,64076.66,0.3107696807927162
2018-05-21T16:00:00.0,2018-05-21T22:00:00.0,22,51775.984,1.0,47178.688,64901.305,0.1315119949854692
2018-05-21T17:00:00.0,2018-05-21T23:00:00.0,23,49893.152,1.0,44902.582,64128.86,0.1316809538817103
2018-05-21T18:00:00.0,2018-05-22T00:00:00.0,0,48933.938,1.0,43845.17,61734.277,0.15800441164625068
2018-05-21T19:00:00.0,2018-05-22T01:00:00.0,1,46411.5,1.0,40249.496,60057.656,0.1897140152583706
2018-05-21T20:00:00.0,2018-05-22T02:00:00.0,2,42577.883,1.0,39285.07,49365.293,0.20997901997036622
2018-05-21T21:00:00.0,2018-05-22T03:00:00.0,3,38791.316,1.0,33827.473,51959.44,0.14631247515026763
2018-05-21T22:00:00.0,2018-05-22T04:00:00.0,4,36111.605,1.0,32875.348,51411.88,0.0651569898623956
2018-05-21T23:00:00.0,2018-05-22T05:00:00.0,5,34347.06,1.0,29280.59,48102.434,0.1414551097542428
2018-05-22T00:00:00.0,2018-05-22T06:00:00.0,6,33254.387,1.0,27509.092,46058.918,0.18802302774709664
2018-05-22T01:00:00.0,2018-05-22T07:00:00.0,7,32898.594,1.0,25088.645,43182.113,0.37523913531012015
2018-05-22T02:00:00.0,2018-05-22T08:00:00.0,8,33546.06,1.0,25408.975,43852.684,0.3921832203422751
2018-05-22T03:00:00.0,2018-05-22T09:00:00.0,9,35813.14,1.0,27045.55,44740.27,0.49163310258023907
2018-05-22T04:00:00.0,2018-05-22T10:00:00.0,10,38243.527,1.0,33810.89,40759.973,0.7393908161922725
2018-05-22T05:00:00.0,2018-05-22T11:00:00.0,11,39572.605,1.0,35709.24,42213.24,0.6690656763096172
2018-05-22T06:00:00.0,2018-05-22T12:00:00.0,12,41641.074,1.0,37778.266,44445.98,0.643961450540316
2018-05-22T07:00:00.0,2018-05-22T13:00:00.0,13,44291.12,1.0,40189.953,46896.316,0.6980851477449463
2018-05-22T08:00:00.0,2018-05-22T14:00:00.0,14,47150.293,1.0,42792.12,47519.332,0.9747603953860249
2018-05-22T09:00:00.0,2018-05-22T15:00:00.0,15,50000.406,1.0,44856.65,50586.844,0.9676473121232168
2018-05-22T10:00:00.0,2018-05-22T16:00:00.0,16,52396.594,1.0,47809.473,53104.86,0.9555926940639267
2018-05-22T11:00:00.0,2018-05-22T17:00:00.0,17,54560.52,1.0,47225.008,55786.56,0.9514376087950006
2018-05-22T12:00:00.0,2018-05-22T18:00:00.0,18,56131.74,1.0,43437.55,61939.383,0.8066896360485268
2018-05-22T13:00:00.0,2018-05-22T19:00:00.0,19,56982.707,1.0,46379.99,61794.293,0.8089273589615581
2018-05-22T14:00:00.0,2018-05-22T20:00:00.0,20,57113.832,1.0,47761.15,63566.32,0.6652511635887871
2018-05-22T15:00:00.0,2018-05-22T21:00:00.0,21,56526.465,1.0,47988.95,63678.703,0.5813658959537568
2018-05-22T16:00:00.0,2018-05-22T22:00:00.0,22,55042.426,1.0,46878.492,63926.176,0.4608769779725175
2018-05-22T17:00:00.0,2018-05-22T23:00:00.0,23,53131.926,1.0,44377.164,63219.535,0.43465110854076944
2018-05-22T18:00:00.0,2018-05-23T00:00:00.0,0,52068.387,1.0,42923.938,61966.145,0.46333970948071646
2018-05-22T19:00:00.0,2018-05-23T01:00:00.0,1,49218.293,1.0,42453.734,59453.598,0.31742251604122085
2018-05-22T20:00:00.0,2018-05-23T02:00:00.0,2,44995.26,1.0,38746.703,53039.547,0.38504647429915284
2018-05-22T21:00:00.0,2018-05-23T03:00:00.0,3,40996.223,1.0,37458.74,54201.37,0.08960477877635653
2018-05-22T22:00:00.0,2018-05-23T04:00:00.0,4,38025.094,1.0,34311.434,51020.246,0.0981926872172105
2018-05-22T23:00:00.0,2018-05-23T05:00:00.0,5,36102.53,1.0,29041.447,47790.246,0.2829771281748872
2018-05-23T00:00:00.0,2018-05-23T06:00:00.0,6,34809.27,1.0,25747.23,45211.645,0.43636877710973715
2018-05-23T01:00:00.0,2018-05-23T07:00:00.0,7,34247.83,1.0,24014.832,43969.543,0.5237635307005329
2018-05-23T02:00:00.0,2018-05-23T08:00:00.0,8,34748.184,1.0,24789.99,44172.383,0.5255495876062047
2018-05-23T03:00:00.0,2018-05-23T09:00:00.0,9,36743.848,1.0,29143.443,44186.06,0.5097591610117206
2018-05-23T04:00:00.0,2018-05-23T10:00:00.0,10,39000.58,1.0,35943.277,42452.266,0.44395729175493676
2018-05-23T05:00:00.0,2018-05-23T11:00:00.0,11,40598.93,1.0,38463.4,44699.445,0.2317859599248018
2018-05-23T06:00:00.0,2018-05-23T12:00:00.0,12,43024.37,1.0,40595.086,46472.508,0.34338582677165363
2018-05-23T07:00:00.0,2018-05-23T13:00:00.0,13,45706.156,1.0,42825.637,49871.113,0.3357572768823682
2018-05-23T08:00:00.0,2018-05-23T14:00:00.0,14,47992.605,1.0,45997.41,52485.082,0.18530843876203473
2018-05-23T09:00:00.0,2018-05-23T15:00:00.0,15,50019.688,1.0,48314.758,55498.51,0.11085552358093471
2018-05-23T10:00:00.0,2018-05-23T16:00:00.0,16,52056.844,0.0,53657.844,60147.2,0.0
2018-05-23T11:00:00.0,2018-05-23T17:00:00.0,17,53972.266,0.0,54209.92,62977.625,0.0
2018-05-23T12:00:00.0,2018-05-23T18:00:00.0,18,55523.254,1.0,48930.78,67245.52,0.25735311151533935
2018-05-23T13:00:00.0,2018-05-23T19:00:00.0,19,56859.863,1.0,52256.22,64065.74,0.30412940884252293
2018-05-23T14:00:00.0,2018-05-23T20:00:00.0,20,57563.207,1.0,46106.758,66543.0,0.610997702629793
2018-05-23T15:00:00.0,2018-05-23T21:00:00.0,21,57267.473,1.0,46201.39,66608.055,0.5779674070367923
2018-05-23T16:00:00.0,2018-05-23T22:00:00.0,22,55771.656,1.0,44803.49,64001.008,0.6300132993259246
2018-05-23T17:00:00.0,2018-05-23T23:00:00.0,23,53519.215,1.0,43329.04,63402.54,0.514182952182952
2018-05-23T18:00:00.0,2018-05-24T00:00:00.0,0,52329.62,1.0,42415.566,62602.88,0.48349176742989486
2018-05-23T19:00:00.0,2018-05-24T01:00:00.0,1,49537.81,1.0,39298.465,57870.15,0.5943921858008386
2018-05-23T20:00:00.0,2018-05-24T02:00:00.0,2,45272.566,1.0,38541.41,51426.617,0.5414899738073764
2018-05-23T21:00:00.0,2018-05-24T03:00:00.0,3,41305.008,1.0,31810.133,51462.316,0.4687497059847397
2018-05-23T22:00:00.0,2018-05-24T04:00:00.0,4,38341.086,1.0,28975.26,48720.445,0.4524767420138244
2018-05-23T23:00:00.0,2018-05-24T05:00:00.0,5,36442.84,1.0,26874.025,46558.92,0.4742181736053598
2018-05-24T00:00:00.0,2018-05-24T06:00:00.0,6,35220.137,1.0,27511.037,46884.105,0.31743960075072525
2018-05-24T01:00:00.0,2018-05-24T07:00:00.0,7,34559.527,1.0,25301.402,45423.15,0.4263780433659833
2018-05-24T02:00:00.0,2018-05-24T08:00:00.0,8,35024.355,1.0,25436.121,45745.31,0.44838467317806213
2018-05-24T03:00:00.0,2018-05-24T09:00:00.0,9,37151.83,1.0,26508.084,46910.72,0.5401820581428988
2018-05-24T04:00:00.0,2018-05-24T10:00:00.0,10,39442.293,1.0,35137.637,41964.76,0.7281543883583436
2018-05-24T05:00:00.0,2018-05-24T11:00:00.0,11,40763.934,1.0,38316.92,43853.13,0.3936465411247017
2018-05-24T06:00:00.0,2018-05-24T12:00:00.0,12,42979.742,1.0,40570.63,46373.27,0.34655766276734057
2018-05-24T07:00:00.0,2018-05-24T13:00:00.0,13,46060.24,1.0,42947.75,49888.184,0.4052458888629097
2018-05-24T08:00:00.0,2018-05-24T14:00:00.0,14,49277.582,1.0,45966.53,52030.598,0.5847493569420351
2018-05-24T09:00:00.0,2018-05-24T15:00:00.0,15,52357.816,1.0,49934.723,56437.746,0.27670867645303665
2018-05-24T10:00:00.0,2018-05-24T16:00:00.0,16,54996.37,1.0,53406.15,59658.918,0.12656937659831885
2018-05-24T11:00:00.0,2018-05-24T17:00:00.0,17,57167.25,1.0,54781.477,64278.11,0.12360198413098487
2018-05-24T12:00:00.0,2018-05-24T18:00:00.0,18,58639.03,1.0,51639.574,69493.81,0.3077283265484949
2018-05-24T13:00:00.0,2018-05-24T19:00:00.0,19,59605.562,1.0,52680.79,67327.63,0.44961554874987425
2018-05-24T14:00:00.0,2018-05-24T20:00:00.0,20,60040.67,1.0,48395.066,68115.76,0.6631813181146213
2018-05-24T15:00:00.0,2018-05-24T21:00:00.0,21,59644.016,1.0,47423.945,67350.04,0.7009000314189276
2018-05-24T16:00:00.0,2018-05-24T22:00:00.0,22,57992.67,1.0,47889.77,66169.484,0.5968117743383347
2018-05-24T17:00:00.0,2018-05-24T23:00:00.0,23,55693.684,1.0,45991.168,64319.414,0.5543508877520316
2018-05-24T18:00:00.0,2018-05-25T00:00:00.0,0,54191.746,1.0,44643.19,62713.63,0.5525724866217674
2018-05-24T19:00:00.0,2018-05-25T01:00:00.0,1,51394.723,1.0,39933.957,59381.645,0.6611224703236941
2018-05-24T20:00:00.0,2018-05-25T02:00:00.0,2,47402.707,1.0,36592.965,51830.473,0.8350102306829551
2018-05-24T21:00:00.0,2018-05-25T03:00:00.0,3,43252.8,1.0,34961.91,51819.195,0.4848369882156185
2018-05-24T22:00:00.0,2018-05-25T04:00:00.0,4,40167.066,1.0,30686.451,50392.31,0.4649783257332655
2018-05-24T23:00:00.0,2018-05-25T05:00:00.0,5,38016.465,1.0,28207.12,46409.96,0.5717923677884612
2018-05-25T00:00:00.0,2018-05-25T06:00:00.0,6,36573.28,1.0,25725.893,45228.89,0.6031154528002057
2018-05-25T01:00:00.0,2018-05-25T07:00:00.0,7,35925.645,1.0,25233.72,44688.727,0.5912007377748113
2018-05-25T02:00:00.0,2018-05-25T08:00:00.0,8,36172.79,1.0,25595.127,45204.746,0.5727421829237681
2018-05-25T03:00:00.0,2018-05-25T09:00:00.0,9,38068.742,1.0,29465.686,44843.99,0.608915137748267
2018-05-25T04:00:00.0,2018-05-25T10:00:00.0,10,39992.55,1.0,36772.8,43222.25,0.4985689208633099
2018-05-25T05:00:00.0,2018-05-25T11:00:00.0,11,41803.617,1.0,39248.992,44230.82,0.5237214577909997
2018-05-25T06:00:00.0,2018-05-25T12:00:00.0,12,44681.887,1.0,41546.61,46347.246,0.7618461492643994
2018-05-25T07:00:00.0,2018-05-25T13:00:00.0,13,48035.043,1.0,44212.133,49963.22,0.7782723986511076
2018-05-25T08:00:00.0,2018-05-25T14:00:00.0,14,51613.72,1.0,48134.29,53092.38,0.8260314389359138
2018-05-25T09:00:00.0,2018-05-25T15:00:00.0,15,54753.66,1.0,51892.535,56946.863,0.6207364746945903
2018-05-25T10:00:00.0,2018-05-25T16:00:00.0,16,57038.38,1.0,55409.273,59939.367,0.2568516869496378
2018-05-25T11:00:00.0,2018-05-25T17:00:00.0,17,58039.95,1.0,54210.242,62961.742,0.38580268238162907
2018-05-25T12:00:00.0,2018-05-25T18:00:00.0,18,58421.453,1.0,50424.14,67131.35,0.4604817397078356
2018-05-25T13:00:00.0,2018-05-25T19:00:00.0,19,58971.535,1.0,53944.133,65750.81,0.3649895578760284
2018-05-25T14:00:00.0,2018-05-25T20:00:00.0,20,59157.082,1.0,50896.184,70374.53,0.3620109173834194
2018-05-25T15:00:00.0,2018-05-25T21:00:00.0,21,58221.76,1.0,49787.387,69349.766,0.3743711559619791
2018-05-25T16:00:00.0,2018-05-25T22:00:00.0,22,56191.26,1.0,47828.46,67801.62,0.3526302553073403
2018-05-25T17:00:00.0,2018-05-25T23:00:00.0,23,53674.0,1.0,45937.816,65846.016,0.3021213163064831
2018-05-25T18:00:00.0,2018-05-26T00:00:00.0,0,52016.688,1.0,44684.043,63289.117,0.3111461692205195
2018-05-25T19:00:00.0,2018-05-26T01:00:00.0,1,49527.668,1.0,41503.51,60676.66,0.35229800534797967
2018-05-25T20:00:00.0,2018-05-26T02:00:00.0,2,46302.715,1.0,38673.34,51537.37,0.6675048093393411
2018-05-25T21:00:00.0,2018-05-26T03:00:00.0,3,42910.48,1.0,34281.28,54623.17,0.36218871428080246
2018-05-25T22:00:00.0,2018-05-26T04:00:00.0,4,40141.508,1.0,30735.8,50811.68,0.44175679264462137
2018-05-25T23:00:00.0,2018-05-26T05:00:00.0,5,38006.895,1.0,28176.805,47524.934,0.5149637149732054
2018-05-26T00:00:00.0,2018-05-26T06:00:00.0,6,36435.26,1.0,26850.098,46409.688,0.4815371631232575
2018-05-26T01:00:00.0,2018-05-26T07:00:00.0,7,35435.168,1.0,25127.709,44728.547,0.5478977379652976
2018-05-26T02:00:00.0,2018-05-26T08:00:00.0,8,34973.65,1.0,25689.557,46083.69,0.417508471410657
2018-05-26T03:00:00.0,2018-05-26T09:00:00.0,9,35127.88,1.0,26363.2,45725.89,0.4128370960187354
2018-05-26T04:00:00.0,2018-05-26T10:00:00.0,10,35177.582,1.0,32967.316,42018.633,0.11704958908481647
2018-05-26T05:00:00.0,2018-05-26T11:00:00.0,11,37327.766,1.0,36966.145,43109.61,0.020073563540508127
2018-05-26T06:00:00.0,2018-05-26T12:00:00.0,12,40962.938,1.0,39426.88,45087.42,0.14376879998501654
2018-05-26T07:00:00.0,2018-05-26T13:00:00.0,13,45138.53,1.0,41280.508,49273.754,0.4678510293777469
2018-05-26T08:00:00.0,2018-05-26T14:00:00.0,14,48947.547,1.0,46863.824,53117.395,0.21887485598765302
2018-05-26T09:00:00.0,2018-05-26T15:00:00.0,15,52516.797,1.0,49199.04,56884.08,0.3753654896919052
2018-05-26T10:00:00.0,2018-05-26T16:00:00.0,16,55537.34,1.0,51594.21,58663.6,0.6059530687750238
2018-05-26T11:00:00.0,2018-05-26T17:00:00.0,17,58305.64,1.0,51821.742,63782.652,0.5776259431445777
2018-05-26T12:00:00.0,2018-05-26T18:00:00.0,18,60266.64,1.0,49063.33,68978.02,0.6145015003214976
2018-05-26T13:00:00.0,2018-05-26T19:00:00.0,19,61477.434,1.0,53494.887,68007.36,0.5920581510934393
2018-05-26T14:00:00.0,2018-05-26T20:00:00.0,20,62292.535,1.0,50945.44,70749.46,0.6328756236478436
2018-05-26T15:00:00.0,2018-05-26T21:00:00.0,21,62102.875,1.0,50191.617,69795.46,0.6916710308652751
2018-05-26T16:00:00.0,2018-05-26T22:00:00.0,22,60309.12,1.0,48742.836,68333.56,0.6629588870431897
2018-05-26T17:00:00.0,2018-05-26T23:00:00.0,23,57134.344,1.0,47066.63,66831.945,0.5173721942797087
2018-05-26T18:00:00.0,2018-05-27T00:00:00.0,0,54611.33,1.0,44710.14,64417.39,0.5044793942590222
2018-05-26T19:00:00.0,2018-05-27T01:00:00.0,1,51416.45,1.0,41586.098,60934.305,0.5149848537137157
2018-05-26T20:00:00.0,2018-05-27T02:00:00.0,2,48007.324,1.0,38279.887,55713.875,0.606281750924784
2018-05-26T21:00:00.0,2018-05-27T03:00:00.0,3,44398.426,1.0,34048.438,53889.37,0.5401148880399317
2018-05-26T22:00:00.0,2018-05-27T04:00:00.0,4,41372.66,1.0,30928.434,50617.34,0.556350377231643
2018-05-26T23:00:00.0,2018-05-27T05:00:00.0,5,38966.188,1.0,30124.943,50380.84,0.38379575566540536
2018-05-27T00:00:00.0,2018-05-27T06:00:00.0,6,37275.13,1.0,28897.107,48881.242,0.3535514067294188
2018-05-27T01:00:00.0,2018-05-27T07:00:00.0,7,35966.066,1.0,26856.824,46713.438,0.42390873198053425
2018-05-27T02:00:00.0,2018-05-27T08:00:00.0,8,35158.16,1.0,26689.168,46740.44,0.3589780845347828
2018-05-27T03:00:00.0,2018-05-27T09:00:00.0,9,34792.48,1.0,27049.676,47302.98,0.29198544797413
2018-05-27T04:00:00.0,2018-05-27T10:00:00.0,10,34499.77,1.0,32254.592,43304.32,0.08374676748829715
2018-05-27T05:00:00.0,2018-05-27T11:00:00.0,11,36659.734,1.0,35690.938,43761.855,0.03868009801011097
2018-05-27T06:00:00.0,2018-05-27T12:00:00.0,12,40515.76,1.0,38797.043,46248.727,0.10515057985157628
2018-05-27T07:00:00.0,2018-05-27T13:00:00.0,13,44747.676,1.0,42017.39,51502.383,0.16183708501235647
2018-05-27T08:00:00.0,2018-05-27T14:00:00.0,14,48976.016,1.0,47420.25,55038.33,0.08449310593687129
2018-05-27T09:00:00.0,2018-05-27T15:00:00.0,15,52971.703,1.0,47824.348,59182.27,0.41381134124335267
2018-05-27T10:00:00.0,2018-05-27T16:00:00.0,16,56298.312,1.0,54166.44,62474.234,0.12876061727114513
2018-05-27T11:00:00.0,2018-05-27T17:00:00.0,17,58858.59,1.0,54932.434,68117.266,0.1734250998153753
2018-05-27T12:00:00.0,2018-05-27T18:00:00.0,18,60480.277,1.0,51024.297,71357.37,0.43542500202660733
2018-05-27T13:00:00.0,2018-05-27T19:00:00.0,19,61466.55,1.0,55749.027,70676.03,0.2931635604977041
2018-05-27T14:00:00.0,2018-05-27T20:00:00.0,20,61524.375,1.0,54436.57,73700.89,0.26944431260876434
2018-05-27T15:00:00.0,2018-05-27T21:00:00.0,21,60884.203,1.0,52635.555,71443.28,0.3875304007413433
2018-05-27T16:00:00.0,2018-05-27T22:00:00.0,22,59374.406,1.0,50515.953,69724.12,0.4283403891789277
2018-05-27T17:00:00.0,2018-05-27T23:00:00.0,23,56883.656,1.0,49084.95,67445.43,0.3631448763250885
2018-05-27T18:00:00.0,2018-05-28T00:00:00.0,0,55115.004,1.0,45263.05,64453.508,0.5248131274131277
2018-05-27T19:00:00.0,2018-05-28T01:00:00.0,1,52650.797,1.0,42766.074,61022.82,0.5764188629123264
2018-05-27T20:00:00.0,2018-05-28T02:00:00.0,2,49126.72,1.0,43357.06,53456.688,0.6299114364071483
2018-05-27T21:00:00.0,2018-05-28T03:00:00.0,3,45397.203,1.0,33908.324,52330.543,0.7174298011711953
2018-05-27T22:00:00.0,2018-05-28T04:00:00.0,4,42185.992,1.0,31538.678,48487.605,0.7245487186063123
2018-05-27T23:00:00.0,2018-05-28T05:00:00.0,5,39713.273,1.0,30277.885,47887.95,0.5661307499505998
2018-05-28T00:00:00.0,2018-05-28T06:00:00.0,6,37909.777,1.0,29036.22,49317.973,0.3856396653923049
2018-05-28T01:00:00.0,2018-05-28T07:00:00.0,7,36771.523,1.0,27852.674,47474.48,0.4162460713625439
2018-05-28T02:00:00.0,2018-05-28T08:00:00.0,8,36335.945,1.0,27672.799,47695.406,0.37704481373136456
2018-05-28T03:00:00.0,2018-05-28T09:00:00.0,9,36441.742,1.0,28647.807,48371.34,0.3128624578927079
2018-05-28T04:00:00.0,2018-05-28T10:00:00.0,10,36272.695,1.0,34282.035,46175.273,0.06090932054799936
2018-05-28T05:00:00.0,2018-05-28T11:00:00.0,11,38230.355,1.0,36936.87,47053.484,0.04181598136608192
2018-05-28T06:00:00.0,2018-05-28T12:00:00.0,12,42150.84,1.0,40732.78,48820.25,0.06560008449329488
2018-05-28T07:00:00.0,2018-05-28T13:00:00.0,13,46870.895,1.0,43466.12,53366.543,0.23386209386281523
2018-05-28T08:00:00.0,2018-05-28T14:00:00.0,14,51298.375,1.0,49160.7,56387.984,0.17102715975644134
2018-05-28T09:00:00.0,2018-05-28T15:00:00.0,15,55074.293,1.0,50857.062,60221.977,0.4086091962875948
2018-05-28T10:00:00.0,2018-05-28T16:00:00.0,16,58161.797,1.0,56468.883,64799.457,0.08376732432526318
2018-05-28T11:00:00.0,2018-05-28T17:00:00.0,17,60338.53,1.0,54465.945,69183.45,0.3192435795218466
2018-05-28T12:00:00.0,2018-05-28T18:00:00.0,18,61914.8,1.0,52485.242,71991.23,0.4692539860086834
2018-05-28T13:00:00.0,2018-05-28T19:00:00.0,19,63092.05,1.0,56884.645,72207.84,0.32941163614110264
2018-05-28T14:00:00.0,2018-05-28T20:00:00.0,20,63576.582,1.0,56350.625,73796.19,0.3448867053159086
2018-05-28T15:00:00.0,2018-05-28T21:00:00.0,21,63078.19,1.0,54002.17,73486.88,0.43679455969019965
2018-05-28T16:00:00.0,2018-05-28T22:00:00.0,22,61419.625,1.0,54072.895,70784.8,0.3893677634939555
2018-05-28T17:00:00.0,2018-05-28T23:00:00.0,23,58963.97,1.0,51664.953,70459.86,0.30172717262188603
2018-05-28T18:00:00.0,2018-05-29T00:00:00.0,0,57174.277,1.0,49953.395,66942.305,0.3636343891216406
2018-05-28T19:00:00.0,2018-05-29T01:00:00.0,1,54154.215,1.0,45597.492,61989.254,0.5407884877192581
2018-05-28T20:00:00.0,2018-05-29T02:00:00.0,2,49778.348,1.0,47068.902,55007.31,0.23015452220581353
2018-05-28T21:00:00.0,2018-05-29T03:00:00.0,3,45363.06,1.0,36140.363,55166.05,0.47171810799758535
2018-05-28T22:00:00.0,2018-05-29T04:00:00.0,4,41971.973,1.0,32541.598,51526.957,0.49390926065322155
2018-05-28T23:00:00.0,2018-05-29T05:00:00.0,5,39544.94,1.0,32220.01,47578.965,0.4572375325720191
2018-05-29T00:00:00.0,2018-05-29T06:00:00.0,6,37925.84,1.0,28560.492,48234.676,0.4555889383641901
2018-05-29T01:00:00.0,2018-05-29T07:00:00.0,7,37048.59,1.0,28449.684,46647.77,0.4491274435520531
2018-05-29T02:00:00.0,2018-05-29T08:00:00.0,8,37364.973,1.0,29514.006,47178.062,0.3980505268709241
2018-05-29T03:00:00.0,2018-05-29T09:00:00.0,9,39155.0,1.0,29571.654,48667.26,0.503454566660511
2018-05-29T04:00:00.0,2018-05-29T10:00:00.0,10,40996.86,1.0,34005.73,47549.867,0.529993161270909
2018-05-29T05:00:00.0,2018-05-29T11:00:00.0,11,43250.113,1.0,36524.043,47858.28,0.6681003723587203
2018-05-29T06:00:00.0,2018-05-29T12:00:00.0,12,46592.332,1.0,41280.89,48801.445,0.8313607050730871
2018-05-29T07:00:00.0,2018-05-29T13:00:00.0,13,50546.8,1.0,44402.016,54426.035,0.7004765717579994
2018-05-29T08:00:00.0,2018-05-29T14:00:00.0,14,54675.39,1.0,50351.145,57986.93,0.6211575785582258
2018-05-29T09:00:00.0,2018-05-29T15:00:00.0,15,58231.453,1.0,54820.082,63671.926,0.29694105912223456
2018-05-29T10:00:00.0,2018-05-29T16:00:00.0,16,61157.504,1.0,58960.824,66686.74,0.15785429399443363
2018-05-29T11:00:00.0,2018-05-29T17:00:00.0,17,63678.23,1.0,56803.633,72459.5,0.3884712377317341
2018-05-29T12:00:00.0,2018-05-29T18:00:00.0,18,65452.688,1.0,54582.75,73900.875,0.6147077127022997
2018-05-29T13:00:00.0,2018-05-29T19:00:00.0,19,66837.086,1.0,56700.055,76187.35,0.5374123339658439
2018-05-29T14:00:00.0,2018-05-29T20:00:00.0,20,67290.02,1.0,57830.016,74488.03,0.6239487005697588
2018-05-29T15:00:00.0,2018-05-29T21:00:00.0,21,66464.086,1.0,54671.875,74654.88,0.6624773941810155
2018-05-29T16:00:00.0,2018-05-29T22:00:00.0,22,64582.777,1.0,53997.484,71018.71,0.714658221974759
2018-05-29T17:00:00.0,2018-05-29T23:00:00.0,23,61788.47,1.0,52178.65,69728.31,0.5875922940179419
2018-05-29T18:00:00.0,2018-05-30T00:00:00.0,0,59679.16,1.0,51133.93,66283.37,0.6171646592003012
2018-05-29T19:00:00.0,2018-05-30T01:00:00.0,1,56294.434,1.0,46453.945,62356.71,0.7097634933933601
2018-05-29T20:00:00.0,2018-05-30T02:00:00.0,2,51524.816,1.0,47993.37,55681.7,0.42495589072282264
2018-05-29T21:00:00.0,2018-05-30T03:00:00.0,3,47030.812,1.0,37259.863,55500.38,0.5659065443081185
2018-05-29T22:00:00.0,2018-05-30T04:00:00.0,4,43737.06,1.0,35225.85,50686.27,0.5929032634304507
2018-05-29T23:00:00.0,2018-05-30T05:00:00.0,5,41312.09,1.0,32216.75,48513.65,0.6065404739919974
2018-05-30T00:00:00.0,2018-05-30T06:00:00.0,6,39660.742,1.0,30933.7,51073.98,0.3781820252277504
2018-05-30T01:00:00.0,2018-05-30T07:00:00.0,7,38798.746,1.0,29622.34,49259.723,0.4395245600455111
2018-05-30T02:00:00.0,2018-05-30T08:00:00.0,8,38863.02,1.0,29557.705,49107.332,0.45551903701747076
2018-05-30T03:00:00.0,2018-05-30T09:00:00.0,9,40457.438,1.0,30237.168,50240.15,0.5202924615669572
2018-05-30T04:00:00.0,2018-05-30T10:00:00.0,10,42335.555,1.0,33018.7,50950.035,0.5362999969066105
2018-05-30T05:00:00.0,2018-05-30T11:00:00.0,11,44130.125,1.0,37271.13,51303.74,0.47920224422442276
2018-05-30T06:00:00.0,2018-05-30T12:00:00.0,12,46974.676,1.0,44684.844,52889.6,0.15204606551840602
2018-05-30T07:00:00.0,2018-05-30T13:00:00.0,13,50295.92,1.0,46394.516,58263.78,0.21274782409528162
2018-05-30T08:00:00.0,2018-05-30T14:00:00.0,14,53720.543,1.0,50215.195,60203.117,0.24404178990833716
2018-05-30T09:00:00.0,2018-05-30T15:00:00.0,15,56985.688,1.0,55105.727,66680.445,0.05823652257727681
2018-05-30T10:00:00.0,2018-05-30T16:00:00.0,16,60073.984,1.0,58390.746,67961.234,0.065916633838881
2018-05-30T11:00:00.0,2018-05-30T17:00:00.0,17,62833.47,1.0,58632.59,70639.93,0.2424342890550782
2018-05-30T12:00:00.0,2018-05-30T18:00:00.0,18,64952.0,1.0,54440.023,74585.766,0.5403876082538401
2018-05-30T13:00:00.0,2018-05-30T19:00:00.0,19,66587.29,1.0,57444.8,73683.76,0.6152702702702696
2018-05-30T14:00:00.0,2018-05-30T20:00:00.0,20,67226.28,1.0,55912.94,75372.67,0.6474977746127825
2018-05-30T15:00:00.0,2018-05-30T21:00:00.0,21,66470.46,1.0,54581.14,74095.75,0.6943668158738647
2018-05-30T16:00:00.0,2018-05-30T22:00:00.0,22,64497.26,1.0,52901.49,72210.58,0.6800202855382088
2018-05-30T17:00:00.0,2018-05-30T23:00:00.0,23,61653.62,1.0,51605.273,70945.164,0.5362646755134042
2018-05-30T18:00:00.0,2018-05-31T00:00:00.0,0,59652.188,1.0,49566.656,67486.43,0.614947500049622
2018-05-30T19:00:00.0,2018-05-31T01:00:00.0,1,56504.668,1.0,46276.0,65918.805,0.538423668505375
2018-05-30T20:00:00.0,2018-05-31T02:00:00.0,2,51947.543,1.0,48062.566,57165.785,0.36666775519612693
2018-05-30T21:00:00.0,2018-05-31T03:00:00.0,3,47661.547,1.0,37384.805,56956.66,0.5464390648410775
2018-05-30T22:00:00.0,2018-05-31T04:00:00.0,4,44472.832,1.0,36627.27,53174.246,0.452115598947885
2018-05-30T23:00:00.0,2018-05-31T05:00:00.0,5,42158.53,1.0,34571.2,50186.95,0.47380563727816283
2018-05-31T00:00:00.0,2018-05-31T06:00:00.0,6,40541.293,1.0,32908.266,52226.734,0.3127901545095219
2018-05-31T01:00:00.0,2018-05-31T07:00:00.0,7,39641.574,1.0,31476.55,50805.812,0.359066420531938
2018-05-31T02:00:00.0,2018-05-31T08:00:00.0,8,39862.105,1.0,31345.145,50292.88,0.40712152503497606
2018-05-31T03:00:00.0,2018-05-31T09:00:00.0,9,41514.387,1.0,34286.78,52011.25,0.3339421440183615
2018-05-31T04:00:00.0,2018-05-31T10:00:00.0,10,43165.32,1.0,36944.727,51538.887,0.3657389699714815
2018-05-31T05:00:00.0,2018-05-31T11:00:00.0,11,44906.723,1.0,39274.805,51433.746,0.43201352592971876
2018-05-31T06:00:00.0,2018-05-31T12:00:00.0,12,47603.89,1.0,45843.875,51483.387,0.19099047055880192
2018-05-31T07:00:00.0,2018-05-31T13:00:00.0,13,50764.504,1.0,47265.75,55935.168,0.32685995750434615
2018-05-31T08:00:00.0,2018-05-31T14:00:00.0,14,54090.938,1.0,51262.066,57604.24,0.400889394370203
2018-05-31T09:00:00.0,2018-05-31T15:00:00.0,15,57232.504,1.0,55616.992,64006.406,0.07641844416562109
2018-05-31T10:00:00.0,2018-05-31T16:00:00.0,16,60286.78,1.0,59118.74,65780.586,0.06559554337253522
2018-05-31T11:00:00.0,2018-05-31T17:00:00.0,17,63023.957,1.0,58616.43,67481.16,0.4948004857011268
2018-05-31T12:00:00.0,2018-05-31T18:00:00.0,18,65248.996,1.0,56724.4,72803.14,0.5558273496455524
2018-05-31T13:00:00.0,2018-05-31T19:00:00.0,19,66589.54,1.0,61362.645,71600.945,0.5195253623188387
2018-05-31T14:00:00.0,2018-05-31T20:00:00.0,20,67109.79,1.0,60250.277,72864.14,0.580752750017974
2018-05-31T15:00:00.0,2018-05-31T21:00:00.0,21,66553.65,1.0,56589.645,72547.33,0.7186291200633469
2018-05-31T16:00:00.0,2018-05-31T22:00:00.0,22,64609.184,1.0,55153.55,70043.0,0.7350969736047572
2018-05-31T17:00:00.0,2018-05-31T23:00:00.0,23,62046.832,1.0,52964.664,69937.38,0.5648644740817474
2018-05-31T18:00:00.0,2018-06-01T00:00:00.0,0,60183.53,1.0,51207.363,66314.37,0.6693600287224138
2018-05-31T19:00:00.0,2018-06-01T01:00:00.0,1,57230.87,1.0,47194.375,65094.215,0.6111902632886242
2018-05-31T20:00:00.0,2018-06-01T02:00:00.0,2,52971.45,1.0,48958.95,56572.3,0.5500482975126775
2018-05-31T21:00:00.0,2018-06-01T03:00:00.0,3,48759.332,1.0,38604.336,56680.387,0.6131283635540775
2018-05-31T22:00:00.0,2018-06-01T04:00:00.0,4,45450.09,1.0,39479.96,54259.137,0.3274976773696492
2018-05-31T23:00:00.0,2018-06-01T05:00:00.0,5,43155.586,1.0,37979.297,50800.094,0.3271399090956593
2018-06-01T00:00:00.0,2018-06-01T06:00:00.0,6,41539.035,1.0,33779.605,51993.24,0.3653624510331056
2018-06-01T01:00:00.0,2018-06-01T07:00:00.0,7,40635.94,1.0,31794.883,50060.684,0.4703706821362649
2018-06-01T02:00:00.0,2018-06-01T08:00:00.0,8,40675.934,1.0,32888.676,48839.406,0.4781225030196045
2018-06-01T03:00:00.0,2018-06-01T09:00:00.0,9,42063.41,1.0,34294.266,51505.082,0.41057434924649644
2018-06-01T04:00:00.0,2018-06-01T10:00:00.0,10,43345.26,1.0,37204.312,51576.965,0.36753638000681377
2018-06-01T05:00:00.0,2018-06-01T11:00:00.0,11,45072.348,1.0,39527.473,50502.547,0.5096961190496324
2018-06-01T06:00:00.0,2018-06-01T12:00:00.0,12,47807.016,1.0,46587.418,51019.293,0.1478244019138764
2018-06-01T07:00:00.0,2018-06-01T13:00:00.0,13,51112.266,1.0,50004.582,55630.55,0.07926232575544986
2018-06-01T08:00:00.0,2018-06-01T14:00:00.0,14,54772.5,0.0,55649.17,59347.832,0.0
2018-06-01T09:00:00.0,2018-06-01T15:00:00.0,15,58057.14,1.0,57043.61,63240.684,0.05882039656278924
2018-06-01T10:00:00.0,2018-06-01T16:00:00.0,16,61319.527,1.0,60609.535,65607.61,0.04805694582494068
2018-06-01T11:00:00.0,2018-06-01T17:00:00.0,17,64476.844,1.0,60983.344,68659.89,0.4172435140116241
2018-06-01T12:00:00.0,2018-06-01T18:00:00.0,18,66591.85,1.0,58165.02,74435.32,0.5332352272727274
2018-06-01T13:00:00.0,2018-06-01T19:00:00.0,19,67645.08,1.0,61989.555,72088.76,0.6099343622494242
2018-06-01T14:00:00.0,2018-06-01T20:00:00.0,20,67843.51,1.0,57371.734,72386.2,0.8208481750658889
2018-06-01T15:00:00.0,2018-06-01T21:00:00.0,21,67070.27,1.0,54278.28,73562.41,0.7763389045655167
2018-06-01T16:00:00.0,2018-06-01T22:00:00.0,22,64981.562,1.0,53533.188,71165.77,0.7562979214014364
2018-06-01T17:00:00.0,2018-06-01T23:00:00.0,23,61989.51,1.0,52211.7,70400.695,0.5693760571888845
2018-06-01T18:00:00.0,2018-06-02T00:00:00.0,0,59895.844,1.0,51519.27,68777.72,0.47284992057017716
2018-06-01T19:00:00.0,2018-06-02T01:00:00.0,1,56991.37,1.0,47771.46,66935.84,0.4649589966232514
2018-06-01T20:00:00.0,2018-06-02T02:00:00.0,2,53790.75,1.0,48089.63,56650.66,0.7799605599830509
2018-06-01T21:00:00.0,2018-06-02T03:00:00.0,3,49430.125,1.0,37929.22,58186.965,0.6236556264859827
2018-06-01T22:00:00.0,2018-06-02T04:00:00.0,4,46212.684,1.0,37972.293,55202.883,0.45968306127910136
2018-06-01T23:00:00.0,2018-06-02T05:00:00.0,5,43929.81,1.0,37327.094,50262.26,0.5193834241468307
2018-06-02T00:00:00.0,2018-06-02T06:00:00.0,6,42219.676,1.0,33491.934,51434.67,0.4748161263679535
2018-06-02T01:00:00.0,2018-06-02T07:00:00.0,7,41019.55,1.0,32805.31,48828.383,0.5234665186829454
2018-06-02T02:00:00.0,2018-06-02T08:00:00.0,8,40373.742,1.0,34321.62,45782.523,0.5519456207892205
2018-06-02T03:00:00.0,2018-06-02T09:00:00.0,9,40391.293,1.0,34091.125,48779.97,0.3704114919887578
2018-06-02T04:00:00.0,2018-06-02T10:00:00.0,10,40509.184,1.0,36274.805,50013.41,0.18614540590372544
2018-06-02T05:00:00.0,2018-06-02T11:00:00.0,11,42523.53,1.0,39958.477,49770.363,0.1335522848909013
2018-06-02T06:00:00.0,2018-06-02T12:00:00.0,12,45991.89,1.0,44212.15,48178.125,0.40577832333151465
2018-06-02T07:00:00.0,2018-06-02T13:00:00.0,13,49956.75,1.0,48367.535,52247.14,0.3370900511207224
2018-06-02T08:00:00.0,2018-06-02T14:00:00.0,14,54019.645,0.0,55555.94,58041.633,0.0
2018-06-02T09:00:00.0,2018-06-02T15:00:00.0,15,57579.98,1.0,57067.66,60478.418,0.05192897705762159
2018-06-02T10:00:00.0,2018-06-02T16:00:00.0,16,60748.562,1.0,60148.793,63897.008,0.05699421248449745
2018-06-02T11:00:00.0,2018-06-02T17:00:00.0,17,63295.78,1.0,60746.832,66672.234,0.37264217233370966
2018-06-02T12:00:00.0,2018-06-02T18:00:00.0,18,65303.676,1.0,55709.844,73358.6,0.5803726618705033
2018-06-02T13:00:00.0,2018-06-02T19:00:00.0,19,66541.69,1.0,60620.914,70832.32,0.6448086968319658
2018-06-02T14:00:00.0,2018-06-02T20:00:00.0,20,67080.47,1.0,57056.65,71346.27,0.8256801208357811
2018-06-02T15:00:00.0,2018-06-02T21:00:00.0,21,66500.336,1.0,55034.87,71640.02,0.8122243326104837
2018-06-02T16:00:00.0,2018-06-02T22:00:00.0,22,64888.83,1.0,52754.74,69245.484,0.8636558211313407
2018-06-02T17:00:00.0,2018-06-02T23:00:00.0,23,62335.676,1.0,51345.45,68474.48,0.7449904933017024
2018-06-02T18:00:00.0,2018-06-03T00:00:00.0,0,60449.074,1.0,50569.867,66952.29,0.6841567298186146
2018-06-02T19:00:00.0,2018-06-03T01:00:00.0,1,57235.844,1.0,44628.82,65006.81,0.7095510654220332
2018-06-02T20:00:00.0,2018-06-03T02:00:00.0,2,53657.855,1.0,46749.668,56373.46,0.8445286495824936
2018-06-02T21:00:00.0,2018-06-03T03:00:00.0,3,49958.465,1.0,39781.81,53770.363,0.8550243658438614
2018-06-02T22:00:00.0,2018-06-03T04:00:00.0,4,46728.37,1.0,34305.695,54487.906,0.7045218816118106
2018-06-02T23:00:00.0,2018-06-03T05:00:00.0,5,43981.793,1.0,36770.863,48782.35,0.67968855430085
2018-06-03T00:00:00.0,2018-06-03T06:00:00.0,6,41928.293,1.0,30306.143,50060.332,0.6594654772958007
2018-06-03T01:00:00.0,2018-06-03T07:00:00.0,7,40275.062,1.0,31309.127,45677.195,0.718023262205512
2018-06-03T02:00:00.0,2018-06-03T08:00:00.0,8,39175.484,1.0,32216.537,42580.727,0.7874416347515868
2018-06-03T03:00:00.0,2018-06-03T09:00:00.0,9,38581.426,1.0,32344.76,45297.816,0.4656731373108765
2018-06-03T04:00:00.0,2018-06-03T10:00:00.0,10,37950.69,1.0,32223.006,47956.223,0.26354157586323806
2018-06-03T05:00:00.0,2018-06-03T11:00:00.0,11,39241.793,1.0,36304.11,46768.53,0.1538687159714425
2018-06-03T06:00:00.0,2018-06-03T12:00:00.0,12,42104.543,0.0,42756.496,46706.387,0.0
2018-06-03T07:00:00.0,2018-06-03T13:00:00.0,13,45653.832,0.0,47965.137,51370.05,0.0
2018-06-03T08:00:00.0,2018-06-03T14:00:00.0,14,49280.844,0.0,51256.47,53292.574,0.0
2018-06-03T09:00:00.0,2018-06-03T15:00:00.0,15,52745.027,0.0,54640.348,57127.0,0.0
2018-06-03T10:00:00.0,2018-06-03T16:00:00.0,16,55925.09,0.0,56597.9,59450.406,0.0
2018-06-03T11:00:00.0,2018-06-03T17:00:00.0,17,58692.766,1.0,58120.926,61990.008,0.050684315217536934
2018-06-03T12:00:00.0,2018-06-03T18:00:00.0,18,60967.906,1.0,49877.74,69883.7,0.5998040505827107
2018-06-03T13:00:00.0,2018-06-03T19:00:00.0,19,62563.973,1.0,56644.73,64734.56,0.8594670423273486
2018-06-03T14:00:00.0,2018-06-03T20:00:00.0,20,63361.953,1.0,54863.652,68530.02,0.7145837522970775
2018-06-03T15:00:00.0,2018-06-03T21:00:00.0,21,63072.566,1.0,51295.48,70267.29,0.7128888629873535
2018-06-03T16:00:00.0,2018-06-03T22:00:00.0,22,61469.074,1.0,51033.1,65341.18,0.8570146787495277
2018-06-03T17:00:00.0,2018-06-03T23:00:00.0,23,59085.312,1.0,50172.723,65266.625,0.66309463116641
2018-06-03T18:00:00.0,2018-06-04T00:00:00.0,0,57197.23,1.0,48521.9,65405.316,0.5256647868161775
2018-06-03T19:00:00.0,2018-06-04T01:00:00.0,1,53500.324,1.0,44934.79,64485.316,0.3867219139452379
2018-06-03T20:00:00.0,2018-06-04T02:00:00.0,2,48932.207,1.0,41950.266,52518.43,0.7725926170420643
2018-06-03T21:00:00.0,2018-06-04T03:00:00.0,3,44656.535,1.0,37895.945,50551.316,0.563222141823445
2018-06-03T22:00:00.0,2018-06-04T04:00:00.0,4,40980.25,1.0,33784.727,51546.47,0.3294368866136835
2018-06-03T23:00:00.0,2018-06-04T05:00:00.0,5,38599.062,1.0,34964.64,46119.758,0.2088511167723203
2018-06-04T00:00:00.0,2018-06-04T06:00:00.0,6,37189.266,1.0,31927.516,49628.375,0.172802986166624
2018-06-04T01:00:00.0,2018-06-04T07:00:00.0,7,36396.58,1.0,31514.623,46511.605,0.20848361992226394
2018-06-04T02:00:00.0,2018-06-04T08:00:00.0,8,36672.25,1.0,33212.234,44917.758,0.1707990493361747
2018-06-04T03:00:00.0,2018-06-04T09:00:00.0,9,38262.37,1.0,35679.418,45275.117,0.14145259482691988
2018-06-04T04:00:00.0,2018-06-04T10:00:00.0,10,39835.242,1.0,33195.57,50183.137,0.3058078225582084
2018-06-04T05:00:00.0,2018-06-04T11:00:00.0,11,41205.016,1.0,36853.098,49242.88,0.24446915503930883
2018-06-04T06:00:00.0,2018-06-04T12:00:00.0,12,42939.684,0.0,43070.824,47449.75,0.0
2018-06-04T07:00:00.0,2018-06-04T13:00:00.0,13,45455.28,0.0,47394.934,50566.062,0.0
2018-06-04T08:00:00.0,2018-06-04T14:00:00.0,14,47931.043,0.0,52181.867,54589.336,0.0
2018-06-04T09:00:00.0,2018-06-04T15:00:00.0,15,49996.996,0.0,53325.832,56348.016,0.0
2018-06-04T10:00:00.0,2018-06-04T16:00:00.0,16,52166.223,0.0,58258.715,61889.176,0.0
2018-06-04T11:00:00.0,2018-06-04T17:00:00.0,17,54361.52,0.0,58522.37,65343.69,0.0
2018-06-04T12:00:00.0,2018-06-04T18:00:00.0,18,56078.094,1.0,52686.957,70205.67,0.07708085940580664
2018-06-04T13:00:00.0,2018-06-04T19:00:00.0,19,57353.51,0.0,59695.645,69116.22,0.0
2018-06-04T14:00:00.0,2018-06-04T20:00:00.0,20,58158.715,1.0,56149.453,71467.08,0.04327370257905629
2018-06-04T15:00:00.0,2018-06-04T21:00:00.0,21,58406.293,1.0,52808.895,70380.53,0.19927686131386868
2018-06-04T16:00:00.0,2018-06-04T22:00:00.0,22,57531.074,1.0,52647.586,68824.84,0.1783359524409589
2018-06-04T17:00:00.0,2018-06-04T23:00:00.0,23,55732.566,1.0,51946.52,66212.48,0.13755856015290402
2018-06-04T18:00:00.0,2018-06-05T00:00:00.0,0,54389.89,1.0,50993.223,64214.953,0.12903761206134945
2018-06-04T19:00:00.0,2018-06-05T01:00:00.0,1,51846.598,1.0,45830.566,61810.516,0.2827535830779874
2018-06-04T20:00:00.0,2018-06-05T02:00:00.0,2,47819.77,1.0,44299.52,55886.73,0.18067483281892988
2018-06-04T21:00:00.0,2018-06-05T03:00:00.0,3,43917.254,1.0,38862.652,52981.42,0.25444210481763263
2018-06-04T22:00:00.0,2018-06-05T04:00:00.0,4,40956.223,1.0,35359.74,52068.406,0.22127204556082572
2018-06-04T23:00:00.0,2018-06-05T05:00:00.0,5,38957.96,1.0,36343.14,47829.13,0.10261767693870627
2018-06-05T00:00:00.0,2018-06-05T06:00:00.0,6,37554.695,1.0,30315.385,49397.95,0.28732470843369484
2018-06-05T01:00:00.0,2018-06-05T07:00:00.0,7,36913.355,1.0,29018.22,45381.035,0.46756384469354617
2018-06-05T02:00:00.0,2018-06-05T08:00:00.0,8,37260.703,1.0,30407.81,43427.734,0.5487655457661695
2018-06-05T03:00:00.0,2018-06-05T09:00:00.0,9,38939.434,1.0,32787.44,44942.605,0.5113608203375344
2018-06-05T04:00:00.0,2018-06-05T10:00:00.0,10,40481.28,1.0,31413.783,47424.023,0.621233939393939
2018-06-05T05:00:00.0,2018-06-05T11:00:00.0,11,42216.01,1.0,32559.39,49834.25,0.6081452867364934
2018-06-05T06:00:00.0,2018-06-05T12:00:00.0,12,44832.266,1.0,41311.367,47134.984,0.6867221023952785
2018-06-05T07:00:00.0,2018-06-05T13:00:00.0,13,48184.38,1.0,45030.61,50080.004,0.718916450311239
2018-06-05T08:00:00.0,2018-06-05T14:00:00.0,14,51989.184,1.0,49828.164,52304.113,0.9584749644886364
2018-06-05T09:00:00.0,2018-06-05T15:00:00.0,15,55773.73,0.0,51651.6,55032.414,1.0
2018-06-05T10:00:00.0,2018-06-05T16:00:00.0,16,59291.637,0.0,53758.07,58130.383,1.0
2018-06-05T11:00:00.0,2018-06-05T17:00:00.0,17,62678.41,0.0,52836.66,61859.69,1.0
2018-06-05T12:00:00.0,2018-06-05T18:00:00.0,18,65004.496,1.0,50785.598,69695.1,0.8794309873417723
2018-06-05T13:00:00.0,2018-06-05T19:00:00.0,19,66665.78,1.0,58463.543,68358.65,0.9369089718402097
2018-06-05T14:00:00.0,2018-06-05T20:00:00.0,20,67413.27,1.0,55399.273,72033.57,0.8494266009195711
2018-06-05T15:00:00.0,2018-06-05T21:00:00.0,21,67062.305,1.0,51782.26,71947.29,0.8847035624434834
2018-06-05T16:00:00.0,2018-06-05T22:00:00.0,22,65539.98,1.0,52024.055,71672.17,0.8089914353604724
2018-06-05T17:00:00.0,2018-06-05T23:00:00.0,23,62821.824,1.0,50093.457,69457.09,0.7679038259919377
2018-06-05T18:00:00.0,2018-06-06T00:00:00.0,0,60805.684,1.0,49478.93,68215.74,0.6866053912920755
2018-06-05T19:00:00.0,2018-06-06T01:00:00.0,1,57744.14,1.0,45906.27,65250.195,0.6987931659070424
2018-06-05T20:00:00.0,2018-06-06T02:00:00.0,2,53281.156,1.0,42570.777,59013.625,0.7593636929645117
2018-06-05T21:00:00.0,2018-06-06T03:00:00.0,3,48820.902,1.0,36950.918,54586.535,0.789653689330117
2018-06-05T22:00:00.0,2018-06-06T04:00:00.0,4,45306.168,1.0,35061.645,55429.3,0.5055306992764849
2018-06-05T23:00:00.0,2018-06-06T05:00:00.0,5,42702.887,1.0,33060.62,45251.98,0.9119838957555764
2018-06-06T00:00:00.0,2018-06-06T06:00:00.0,6,40790.965,1.0,30786.13,50907.36,0.49485481579869717
2018-06-06T01:00:00.0,2018-06-06T07:00:00.0,7,39898.992,1.0,29327.826,49474.375,0.5457674597434935
2018-06-06T02:00:00.0,2018-06-06T08:00:00.0,8,40046.484,1.0,29063.094,49299.92,0.5788147213838459
2018-06-06T03:00:00.0,2018-06-06T09:00:00.0,9,41472.676,1.0,30885.877,50728.125,0.5620158015210808
2018-06-06T04:00:00.0,2018-06-06T10:00:00.0,10,42804.105,1.0,31578.855,51066.277,0.6382199906669539
2018-06-06T05:00:00.0,2018-06-06T11:00:00.0,11,44540.55,1.0,33770.113,51781.883,0.6757209259087108
2018-06-06T06:00:00.0,2018-06-06T12:00:00.0,12,47322.76,1.0,43962.316,51806.1,0.3695562987736905
2018-06-06T07:00:00.0,2018-06-06T13:00:00.0,13,50989.715,1.0,48954.72,54719.484,0.2470357686453563
2018-06-06T08:00:00.0,2018-06-06T14:00:00.0,14,54996.496,1.0,52842.715,56363.684,0.6983582504049992
2018-06-06T09:00:00.0,2018-06-06T15:00:00.0,15,58664.47,1.0,56927.207,60586.543,0.45323876234630206
2018-06-06T10:00:00.0,2018-06-06T16:00:00.0,16,61847.816,1.0,61103.086,66189.82,0.04997095987969068
2018-06-06T11:00:00.0,2018-06-06T17:00:00.0,17,64730.344,1.0,58581.496,69488.14,0.6166459039916512
2018-06-06T12:00:00.0,2018-06-06T18:00:00.0,18,66877.87,1.0,53135.605,73192.36,0.8054895440301848
2018-06-06T13:00:00.0,2018-06-06T19:00:00.0,19,67768.72,1.0,58669.332,72363.15,0.7779378502292407
2018-06-06T14:00:00.0,2018-06-06T20:00:00.0,20,67841.82,1.0,55553.332,73490.42,0.805386155606408
2018-06-06T15:00:00.0,2018-06-06T21:00:00.0,21,67108.23,1.0,53012.1,72824.85,0.8373780523340518
2018-06-06T16:00:00.0,2018-06-06T22:00:00.0,22,65362.81,1.0,51465.277,71281.164,0.825509228441755
2018-06-06T17:00:00.0,2018-06-06T23:00:00.0,23,62810.418,1.0,49846.668,69375.67,0.7770051940072442
2018-06-06T18:00:00.0,2018-06-07T00:00:00.0,0,60874.402,1.0,48647.21,68667.73,0.6967798969449807
2018-06-06T19:00:00.0,2018-06-07T01:00:00.0,1,57737.348,1.0,45286.117,64853.37,0.7370381677011378
2018-06-06T20:00:00.0,2018-06-07T02:00:00.0,2,53324.656,1.0,43823.316,62003.84,0.5418901975105758
2018-06-06T21:00:00.0,2018-06-07T03:00:00.0,3,49024.332,1.0,38992.582,59226.746,0.4921730995010276
2018-06-06T22:00:00.0,2018-06-07T04:00:00.0,4,45483.24,1.0,35610.465,55735.47,0.48250771853831603
2018-06-06T23:00:00.0,2018-06-07T05:00:00.0,5,42852.254,1.0,31570.037,48531.434,0.7788884775795265
2018-06-07T00:00:00.0,2018-06-07T06:00:00.0,6,41043.082,1.0,31138.986,51239.926,0.4864871972318339
2018-06-07T01:00:00.0,2018-06-07T07:00:00.0,7,40023.62,1.0,29772.512,49886.492,0.5179066765031357
2018-06-07T02:00:00.0,2018-06-07T08:00:00.0,8,40070.35,1.0,29703.156,49873.445,0.5259350862852786
2018-06-07T03:00:00.0,2018-06-07T09:00:00.0,9,41410.953,1.0,31107.986,51314.895,0.5183195953884565
2018-06-07T04:00:00.0,2018-06-07T10:00:00.0,10,42744.695,1.0,31822.22,52140.33,0.5693873375277173
2018-06-07T05:00:00.0,2018-06-07T11:00:00.0,11,44743.777,1.0,33554.477,53683.203,0.6025714870553475
2018-06-07T06:00:00.0,2018-06-07T12:00:00.0,12,47692.51,1.0,42250.996,55774.293,0.32486070181521015
2018-06-07T07:00:00.0,2018-06-07T13:00:00.0,13,51289.215,1.0,49436.64,57525.914,0.10377037013808306
2018-06-07T08:00:00.0,2018-06-07T14:00:00.0,14,54950.355,1.0,54576.81,60620.7,0.020865143233571533
2018-06-07T09:00:00.0,2018-06-07T15:00:00.0,15,58070.332,0.0,58647.133,65602.16,0.0
2018-06-07T10:00:00.0,2018-06-07T16:00:00.0,16,60956.973,1.0,59613.445,68704.76,0.05067568488870185
2018-06-07T11:00:00.0,2018-06-07T17:00:00.0,17,63520.066,1.0,55326.914,73371.65,0.41535568176106946
2018-06-07T12:00:00.0,2018-06-07T18:00:00.0,18,65339.824,1.0,53936.05,74035.72,0.6230069340823314
2018-06-07T13:00:00.0,2018-06-07T19:00:00.0,19,66106.055,1.0,56580.742,75052.72,0.5290467355330453
2018-06-07T14:00:00.0,2018-06-07T20:00:00.0,20,65634.07,1.0,55714.855,75789.85,0.48906498018164557
2018-06-07T15:00:00.0,2018-06-07T21:00:00.0,21,63458.215,1.0,54782.434,74800.445,0.3783338327575261
2018-06-07T16:00:00.0,2018-06-07T22:00:00.0,22,60812.863,1.0,53493.527,73526.96,0.2655310619718094
2018-06-07T17:00:00.0,2018-06-07T23:00:00.0,23,58157.254,1.0,52030.887,72387.336,0.17723392849779399
2018-06-07T18:00:00.0,2018-06-08T00:00:00.0,0,56380.16,1.0,50479.13,70691.84,0.16656402639321333
2018-06-07T19:00:00.0,2018-06-08T01:00:00.0,1,53490.56,1.0,46573.215,66818.7,0.2306765058964759
2018-06-07T20:00:00.0,2018-06-08T02:00:00.0,2,49461.984,1.0,43891.91,63525.367,0.15716370554793394
2018-06-07T21:00:00.0,2018-06-08T03:00:00.0,3,45452.766,1.0,39591.676,59940.73,0.16203885919217376
2018-06-07T22:00:00.0,2018-06-08T04:00:00.0,4,42336.785,1.0,36289.625,56389.348,0.1771178937697254
2018-06-07T23:00:00.0,2018-06-08T05:00:00.0,5,40147.844,1.0,32703.271,52961.223,0.2687814620349335
2018-06-08T00:00:00.0,2018-06-08T06:00:00.0,6,38523.21,1.0,30760.486,50227.754,0.3188097461584172
2018-06-08T01:00:00.0,2018-06-08T07:00:00.0,7,37772.004,1.0,29823.875,49366.465,0.3321326788145813
2018-06-08T02:00:00.0,2018-06-08T08:00:00.0,8,37879.73,1.0,30095.87,49600.383,0.319342286997416
2018-06-08T03:00:00.0,2018-06-08T09:00:00.0,9,39151.355,1.0,31583.186,51180.285,0.2982298782785346
2018-06-08T04:00:00.0,2018-06-08T10:00:00.0,10,40223.402,1.0,33081.223,51915.508,0.2870782106975733
2018-06-08T05:00:00.0,2018-06-08T11:00:00.0,11,42306.55,1.0,36844.426,54429.715,0.18912228051716956
2018-06-08T06:00:00.0,2018-06-08T12:00:00.0,12,45188.004,1.0,44422.438,55029.902,0.023653890047018414
2018-06-08T07:00:00.0,2018-06-08T13:00:00.0,13,48973.234,0.0,50065.074,55957.684,0.0
2018-06-08T08:00:00.0,2018-06-08T14:00:00.0,14,52908.062,1.0,52366.484,56964.137,0.037878599318637615
2018-06-08T09:00:00.0,2018-06-08T15:00:00.0,15,56418.26,0.0,58575.215,62890.12,0.0
2018-06-08T10:00:00.0,2018-06-08T16:00:00.0,16,59572.875,1.0,59404.38,66058.75,0.014321736543226363
2018-06-08T11:00:00.0,2018-06-08T17:00:00.0,17,62025.035,1.0,55441.258,72170.016,0.31021982473299997
2018-06-08T12:00:00.0,2018-06-08T18:00:00.0,18,63811.645,1.0,53303.957,73329.63,0.5457629257151274
2018-06-08T13:00:00.0,2018-06-08T19:00:00.0,19,64890.285,1.0,55916.64,75347.85,0.4294966222555829
2018-06-08T14:00:00.0,2018-06-08T20:00:00.0,20,65040.438,1.0,55783.504,75230.18,0.45557823258284197
2018-06-08T15:00:00.0,2018-06-08T21:00:00.0,21,63954.715,1.0,53992.848,73536.97,0.5180195886757709
2018-06-08T16:00:00.0,2018-06-08T22:00:00.0,22,61720.64,1.0,52941.777,72364.23,0.41163527181374165
2018-06-08T17:00:00.0,2018-06-08T23:00:00.0,23,58800.668,1.0,51439.266,70989.03,0.28286919285771966
2018-06-08T18:00:00.0,2018-06-09T00:00:00.0,0,56690.984,1.0,49490.57,69426.445,0.25918185973667807
2018-06-08T19:00:00.0,2018-06-09T01:00:00.0,1,53965.766,1.0,45177.81,64766.746,0.4055360611221064
2018-06-08T20:00:00.0,2018-06-09T02:00:00.0,2,50370.7,1.0,42860.3,62322.04,0.2977765680161005
2018-06-08T21:00:00.0,2018-06-09T03:00:00.0,3,46741.938,1.0,37722.387,57281.11,0.42828684887579727
2018-06-08T22:00:00.0,2018-06-09T04:00:00.0,4,43517.09,1.0,35866.168,55829.098,0.29352339980701153
2018-06-08T23:00:00.0,2018-06-09T05:00:00.0,5,40995.855,1.0,32366.229,52380.574,0.3744052572194214
2018-06-09T00:00:00.0,2018-06-09T06:00:00.0,6,39257.066,1.0,29810.041,48748.246,0.49783673069384554
2018-06-09T01:00:00.0,2018-06-09T07:00:00.0,7,38156.777,1.0,29013.941,48731.285,0.43293589314905656
2018-06-09T02:00:00.0,2018-06-09T08:00:00.0,8,37713.965,1.0,28273.389,47826.867,0.4681247045029028
2018-06-09T03:00:00.0,2018-06-09T09:00:00.0,9,37869.453,1.0,29560.965,48876.492,0.3725942366534227
2018-06-09T04:00:00.0,2018-06-09T10:00:00.0,10,38013.363,1.0,30790.691,49718.582,0.2908464082774995
2018-06-09T05:00:00.0,2018-06-09T11:00:00.0,11,40286.34,1.0,32241.176,51279.688,0.35933541367201005
2018-06-09T06:00:00.0,2018-06-09T12:00:00.0,12,44145.926,1.0,37759.516,52738.2,0.3659630606860158
2018-06-09T07:00:00.0,2018-06-09T13:00:00.0,13,48206.363,1.0,44262.652,53969.94,0.3313781603575913
2018-06-09T08:00:00.0,2018-06-09T14:00:00.0,14,51941.047,1.0,47981.496,56160.367,0.47055040884278243
2018-06-09T09:00:00.0,2018-06-09T15:00:00.0,15,55265.03,1.0,52605.242,60739.69,0.21040943881814186
2018-06-09T10:00:00.0,2018-06-09T16:00:00.0,16,57471.24,1.0,53503.953,65985.555,0.1983835830404666
2018-06-09T11:00:00.0,2018-06-09T17:00:00.0,17,58765.547,1.0,50216.89,69819.21,0.38313183273908324
2018-06-09T12:00:00.0,2018-06-09T18:00:00.0,18,59658.152,1.0,52500.6,71190.31,0.2930595995774178
2018-06-09T13:00:00.0,2018-06-09T19:00:00.0,19,60093.113,1.0,53643.92,71716.31,0.25272011109917053
2018-06-09T14:00:00.0,2018-06-09T20:00:00.0,20,60033.25,1.0,53105.137,71811.664,0.2732127297622503
2018-06-09T15:00:00.0,2018-06-09T21:00:00.0,21,59199.2,1.0,51265.51,68791.984,0.4128564923573667
2018-06-09T16:00:00.0,2018-06-09T22:00:00.0,22,57612.98,1.0,49511.79,68031.36,0.3855065491280635
2018-06-09T17:00:00.0,2018-06-09T23:00:00.0,23,55192.73,1.0,48093.76,65102.332,0.3503333163603036
2018-06-09T18:00:00.0,2018-06-10T00:00:00.0,0,53626.594,1.0,47436.37,64167.586,0.2726261876484558
2018-06-09T19:00:00.0,2018-06-10T01:00:00.0,1,51729.207,1.0,44129.82,60352.95,0.44161217945085945
2018-06-09T20:00:00.0,2018-06-10T02:00:00.0,2,48875.645,1.0,40982.316,58296.316,0.4187040102246055
2018-06-09T21:00:00.0,2018-06-10T03:00:00.0,3,45824.848,1.0,35663.51,54463.957,0.5746962761830876
2018-06-09T22:00:00.0,2018-06-10T04:00:00.0,4,43064.12,1.0,32565.305,51663.133,0.5915013455455362
2018-06-09T23:00:00.0,2018-06-10T05:00:00.0,5,40994.746,1.0,31339.613,49136.61,0.578399377125763
2018-06-10T00:00:00.0,2018-06-10T06:00:00.0,6,39505.246,1.0,29881.084,47406.78,0.5904324474488379
2018-06-10T01:00:00.0,2018-06-10T07:00:00.0,7,38508.277,1.0,28532.773,48670.41,0.49139972350230465
2018-06-10T02:00:00.0,2018-06-10T08:00:00.0,8,38121.824,1.0,28920.01,46027.516,0.569951932341291
2018-06-10T03:00:00.0,2018-06-10T09:00:00.0,9,38127.87,1.0,29007.125,48956.543,0.42106927435569413
2018-06-10T04:00:00.0,2018-06-10T10:00:00.0,10,38057.824,1.0,31024.516,49812.984,0.2793967461806044
2018-06-10T05:00:00.0,2018-06-10T11:00:00.0,11,39810.855,1.0,33515.984,49875.89,0.2959599478006618
2018-06-10T06:00:00.0,2018-06-10T12:00:00.0,12,43430.625,1.0,38896.246,51579.844,0.2536852209554319
2018-06-10T07:00:00.0,2018-06-10T13:00:00.0,13,47384.496,1.0,45721.14,52408.22,0.12122589235857537
2018-06-10T08:00:00.0,2018-06-10T14:00:00.0,14,50947.234,1.0,50249.246,56391.746,0.03639017290562948
2018-06-10T09:00:00.0,2018-06-10T15:00:00.0,15,54433.848,1.0,52277.215,60356.78,0.13910804459777024
2018-06-10T10:00:00.0,2018-06-10T16:00:00.0,16,57481.516,1.0,52256.914,64656.746,0.35720743120547604
2018-06-10T11:00:00.0,2018-06-10T17:00:00.0,17,59839.39,1.0,48403.035,68620.36,0.6200253065142459
2018-06-10T12:00:00.0,2018-06-10T18:00:00.0,18,61425.098,1.0,49916.59,69803.41,0.6428704808521385
2018-06-10T13:00:00.0,2018-06-10T19:00:00.0,19,62363.156,1.0,51096.57,70683.2,0.636808149708939
2018-06-10T14:00:00.0,2018-06-10T20:00:00.0,20,63053.516,1.0,52600.04,71486.03,0.5982915791483674
2018-06-10T15:00:00.0,2018-06-10T21:00:00.0,21,62700.73,1.0,51977.434,69242.445,0.7134139022560523
2018-06-10T16:00:00.0,2018-06-10T22:00:00.0,22,61093.688,1.0,49045.277,67768.84,0.7477912710444427
2018-06-10T17:00:00.0,2018-06-10T23:00:00.0,23,58850.09,1.0,47652.785,66266.96,0.6816942350549144
2018-06-10T18:00:00.0,2018-06-11T00:00:00.0,0,57516.44,1.0,45291.543,65272.54,0.6985612919011501
2018-06-10T19:00:00.0,2018-06-11T01:00:00.0,1,55182.75,1.0,43090.754,61988.508,0.7423762845849801
2018-06-10T20:00:00.0,2018-06-11T02:00:00.0,2,51435.355,1.0,40839.28,58433.613,0.6828451863193594
2018-06-10T21:00:00.0,2018-06-11T03:00:00.0,3,47511.004,1.0,37559.8,54808.305,0.6398043271082994
2018-06-10T22:00:00.0,2018-06-11T04:00:00.0,4,44564.332,1.0,34508.406,54938.152,0.4855629499832039
2018-06-10T23:00:00.0,2018-06-11T05:00:00.0,5,42631.848,1.0,32192.002,51072.76,0.5972661808666085
2018-06-11T00:00:00.0,2018-06-11T06:00:00.0,6,41456.12,1.0,33181.85,49828.234,0.49454550522337354
2018-06-11T01:00:00.0,2018-06-11T07:00:00.0,7,41001.203,1.0,31792.176,47341.137,0.6661181485196008
2018-06-11T02:00:00.0,2018-06-11T08:00:00.0,8,41498.2,1.0,31440.152,47333.332,0.7317397765952344
2018-06-11T03:00:00.0,2018-06-11T09:00:00.0,9,43115.22,1.0,30507.066,49808.82,0.7620126210068662
2018-06-11T04:00:00.0,2018-06-11T10:00:00.0,10,44437.848,1.0,32415.055,52056.95,0.6990066955951778
2018-06-11T05:00:00.0,2018-06-11T11:00:00.0,11,46296.23,1.0,36664.06,51438.617,0.7601973970680731
2018-06-11T06:00:00.0,2018-06-11T12:00:00.0,12,48938.047,1.0,40550.66,53870.387,0.726872370429938
2018-06-11T07:00:00.0,2018-06-11T13:00:00.0,13,51906.387,1.0,48126.086,54608.438,0.6506021260841977
2018-06-11T08:00:00.0,2018-06-11T14:00:00.0,14,55027.52,1.0,52243.664,58659.676,0.37920422360931605
2018-06-11T09:00:00.0,2018-06-11T15:00:00.0,15,57903.11,1.0,56048.84,62761.46,0.14893576358725727
2018-06-11T10:00:00.0,2018-06-11T16:00:00.0,16,60500.74,1.0,56016.457,66951.28,0.33786840269704715
2018-06-11T11:00:00.0,2018-06-11T17:00:00.0,17,62827.816,1.0,51628.19,70228.48,0.6826427232257892
2018-06-11T12:00:00.0,2018-06-11T18:00:00.0,18,64678.125,1.0,54521.98,72985.97,0.5920657460398072
2018-06-11T13:00:00.0,2018-06-11T19:00:00.0,19,66108.305,1.0,55546.926,72330.375,0.7262154287299964
2018-06-11T14:00:00.0,2018-06-11T20:00:00.0,20,66648.9,1.0,55547.75,71963.1,0.7938902040356215
2018-06-11T15:00:00.0,2018-06-11T21:00:00.0,21,66105.74,1.0,54352.844,68779.63,0.9283336373586286
2018-06-11T16:00:00.0,2018-06-11T22:00:00.0,22,64431.863,1.0,51928.434,66636.34,0.9482382522642112
2018-06-11T17:00:00.0,2018-06-11T23:00:00.0,23,61747.016,1.0,50767.965,66309.98,0.8315393816914702
2018-06-11T18:00:00.0,2018-06-12T00:00:00.0,0,59944.676,1.0,50032.438,65286.65,0.7570724832214765
2018-06-11T19:00:00.0,2018-06-12T01:00:00.0,1,57221.38,1.0,47007.633,62000.633,0.8004431365168444
2018-06-11T20:00:00.0,2018-06-12T02:00:00.0,2,53051.812,1.0,43233.91,57859.297,0.7872382032288343
2018-06-11T21:00:00.0,2018-06-12T03:00:00.0,3,48971.38,1.0,38539.027,54988.465,0.7338033831730678
2018-06-11T22:00:00.0,2018-06-12T04:00:00.0,4,45942.05,1.0,36058.363,52316.305,0.6922113071371296
2018-06-11T23:00:00.0,2018-06-12T05:00:00.0,5,43823.27,1.0,33750.297,50379.17,0.6886435152515081
2018-06-12T00:00:00.0,2018-06-12T06:00:00.0,6,42415.555,1.0,31098.63,50682.63,0.6414248441162164
2018-06-12T01:00:00.0,2018-06-12T07:00:00.0,7,41605.59,1.0,31154.34,49772.668,0.6123265766196052
2018-06-12T02:00:00.0,2018-06-12T08:00:00.0,8,41789.145,1.0,31583.3,49754.934,0.6128494671012065
2018-06-12T03:00:00.0,2018-06-12T09:00:00.0,9,43225.973,1.0,32534.855,51773.133,0.6022742341000089
2018-06-12T04:00:00.0,2018-06-12T10:00:00.0,10,44517.082,1.0,33695.88,53086.055,0.6064939900403746
2018-06-12T05:00:00.0,2018-06-12T11:00:00.0,11,46266.703,1.0,37185.78,54869.098,0.52509611254858
2018-06-12T06:00:00.0,2018-06-12T12:00:00.0,12,48965.0,1.0,41532.066,58007.574,0.4101028226694264
2018-06-12T07:00:00.0,2018-06-12T13:00:00.0,13,52267.918,1.0,51850.16,59208.86,0.019689501211889213
2018-06-12T08:00:00.0,2018-06-12T14:00:00.0,14,55616.78,1.0,53931.594,62959.027,0.07254236052909675
2018-06-12T09:00:00.0,2018-06-12T15:00:00.0,15,58954.67,1.0,57628.387,66353.375,0.052859722238666314
2018-06-12T10:00:00.0,2018-06-12T16:00:00.0,16,61786.316,1.0,55556.69,70702.72,0.3399230028873915
2018-06-12T11:00:00.0,2018-06-12T17:00:00.0,17,64234.03,1.0,54364.676,73437.2,0.5323790596219099
2018-06-12T12:00:00.0,2018-06-12T18:00:00.0,18,65916.586,1.0,53606.164,73594.72,0.7050799871506579
2018-06-12T13:00:00.0,2018-06-12T19:00:00.0,19,66937.45,1.0,54637.863,74866.72,0.6923619256299537
2018-06-12T14:00:00.0,2018-06-12T20:00:00.0,20,66989.49,1.0,54197.516,74420.4,0.7312772210082142
2018-06-12T15:00:00.0,2018-06-12T21:00:00.0,21,66153.375,1.0,53547.03,73924.016,0.7095466183479731
2018-06-12T16:00:00.0,2018-06-12T22:00:00.0,22,64487.066,1.0,52447.637,72797.2,0.6650518495073257
2018-06-12T17:00:00.0,2018-06-12T23:00:00.0,23,61654.668,1.0,50954.605,69922.234,0.617271133363336
2018-06-12T18:00:00.0,2018-06-13T00:00:00.0,0,59519.344,1.0,49007.81,67859.51,0.6056235508761258
2018-06-12T19:00:00.0,2018-06-13T01:00:00.0,1,56492.55,1.0,46346.574,65751.67,0.5423328486300005
2018-06-12T20:00:00.0,2018-06-13T02:00:00.0,2,52340.277,1.0,42884.535,62756.77,0.45522867749419954
2018-06-12T21:00:00.0,2018-06-13T03:00:00.0,3,48294.63,1.0,39709.836,60071.324,0.3576833428325947
2018-06-12T22:00:00.0,2018-06-13T04:00:00.0,4,45107.13,1.0,36953.53,57213.96,0.3249592958386707
2018-06-12T23:00:00.0,2018-06-13T05:00:00.0,5,42820.78,1.0,33732.586,53983.69,0.4058187160537797
2018-06-13T00:00:00.0,2018-06-13T06:00:00.0,6,41363.74,1.0,31573.596,51535.043,0.48228533464658385
2018-06-13T01:00:00.0,2018-06-13T07:00:00.0,7,40640.94,1.0,30748.156,50933.055,0.481646404778314
2018-06-13T02:00:00.0,2018-06-13T08:00:00.0,8,40883.2,1.0,30420.96,50497.53,0.5391324369128748
2018-06-13T03:00:00.0,2018-06-13T09:00:00.0,9,42385.004,1.0,32538.074,51898.215,0.5159922973011811
2018-06-13T04:00:00.0,2018-06-13T10:00:00.0,10,43569.465,1.0,33515.047,53189.676,0.5204726618772771
2018-06-13T05:00:00.0,2018-06-13T11:00:00.0,11,45289.0,1.0,36229.062,55227.43,0.4571707179746051
2018-06-13T06:00:00.0,2018-06-13T12:00:00.0,12,48148.004,1.0,44632.29,54458.82,0.2541012192526376
2018-06-13T07:00:00.0,2018-06-13T13:00:00.0,13,51682.348,1.0,50251.465,56868.363,0.09346904841085057
2018-06-13T08:00:00.0,2018-06-13T14:00:00.0,14,55298.504,1.0,53552.19,61338.33,0.09978591975775934
2018-06-13T09:00:00.0,2018-06-13T15:00:00.0,15,58565.043,0.0,58886.49,65957.7,0.0
2018-06-13T10:00:00.0,2018-06-13T16:00:00.0,16,61532.348,1.0,56492.797,71168.0,0.23315323916220135
2018-06-13T11:00:00.0,2018-06-13T17:00:00.0,17,64310.402,1.0,55948.43,74893.016,0.3925527166821112
2018-06-13T12:00:00.0,2018-06-13T18:00:00.0,18,66229.484,1.0,54441.465,74404.125,0.6631410474120357
2018-06-13T13:00:00.0,2018-06-13T19:00:00.0,19,67405.85,1.0,55897.406,75789.55,0.6425965431668776
2018-06-13T14:00:00.0,2018-06-13T20:00:00.0,20,67614.055,1.0,55248.727,75622.0,0.6905963045912645
2018-06-13T15:00:00.0,2018-06-13T21:00:00.0,21,67002.76,1.0,54368.59,74621.03,0.7177329798019179
2018-06-13T16:00:00.0,2018-06-13T22:00:00.0,22,65268.47,1.0,53478.63,73783.12,0.6462507997440821
2018-06-13T17:00:00.0,2018-06-13T23:00:00.0,23,62368.89,1.0,51703.96,71975.97,0.548308996788486
2018-06-13T18:00:00.0,2018-06-14T00:00:00.0,0,60070.27,1.0,49486.832,69628.086,0.5471459966302831
2018-06-13T19:00:00.0,2018-06-14T01:00:00.0,1,56861.777,1.0,46080.76,66385.984,0.5572428248076053
2018-06-13T20:00:00.0,2018-06-14T02:00:00.0,2,52622.047,1.0,43650.375,63995.176,0.3918180777528286
2018-06-13T21:00:00.0,2018-06-14T03:00:00.0,3,48487.266,1.0,38587.17,58156.965,0.5109246516917829
2018-06-13T22:00:00.0,2018-06-14T04:00:00.0,4,45232.266,1.0,36851.188,57054.58,0.3459749030654237
2018-06-13T23:00:00.0,2018-06-14T05:00:00.0,5,42733.754,1.0,34246.867,54440.977,0.35533870829402187
2018-06-14T00:00:00.0,2018-06-14T06:00:00.0,6,41067.312,1.0,33271.24,53390.496,0.30032934544011264
2018-06-14T01:00:00.0,2018-06-14T07:00:00.0,7,40184.793,1.0,30956.691,51076.527,0.4237368492592086
2018-06-14T02:00:00.0,2018-06-14T08:00:00.0,8,40243.58,1.0,30702.422,50878.348,0.4498277857253502
2018-06-14T03:00:00.0,2018-06-14T09:00:00.0,9,41499.01,1.0,31596.084,51683.676,0.4869862052409006
2018-06-14T04:00:00.0,2018-06-14T10:00:00.0,10,42607.535,1.0,32107.168,52448.043,0.5300780823910123
2018-06-14T05:00:00.0,2018-06-14T11:00:00.0,11,44897.09,1.0,35151.58,54043.82,0.5293879432067771
2018-06-14T06:00:00.0,2018-06-14T12:00:00.0,12,48022.19,1.0,42313.402,54074.92,0.47288234367617005
2018-06-14T07:00:00.0,2018-06-14T13:00:00.0,13,51758.75,1.0,50244.027,55837.848,0.14315605928509176
2018-06-14T08:00:00.0,2018-06-14T14:00:00.0,14,55495.266,1.0,54293.246,60121.023,0.08596663273666222
2018-06-14T09:00:00.0,2018-06-14T15:00:00.0,15,58758.016,0.0,59551.46,64635.97,0.0
2018-06-14T10:00:00.0,2018-06-14T16:00:00.0,16,61603.99,1.0,58278.195,69092.7,0.18530187162705214
2018-06-14T11:00:00.0,2018-06-14T17:00:00.0,17,63440.676,1.0,56407.113,74137.66,0.3153954567910441
2018-06-14T12:00:00.0,2018-06-14T18:00:00.0,18,63774.406,1.0,54134.582,74306.22,0.45903387428571474
2018-06-14T13:00:00.0,2018-06-14T19:00:00.0,19,63738.188,1.0,55178.445,75456.555,0.35854625437772275
2018-06-14T14:00:00.0,2018-06-14T20:00:00.0,20,63692.676,1.0,55287.12,75404.484,0.3511129191958328
2018-06-14T15:00:00.0,2018-06-14T21:00:00.0,21,63082.03,1.0,54168.465,74364.04,0.3925009313960293
2018-06-14T16:00:00.0,2018-06-14T22:00:00.0,22,61893.703,1.0,53396.387,73647.75,0.3541725824937137
2018-06-14T17:00:00.0,2018-06-14T23:00:00.0,23,59666.473,1.0,51733.145,71952.11,0.30827782703312656
2018-06-14T18:00:00.0,2018-06-15T00:00:00.0,0,57832.723,1.0,49173.887,69421.77,0.368192425616444
2018-06-14T19:00:00.0,2018-06-15T01:00:00.0,1,55366.094,1.0,46307.695,66551.875,0.40344155844155816
2018-06-14T20:00:00.0,2018-06-15T02:00:00.0,2,51528.98,1.0,43972.8,64244.055,0.27693104715810785
2018-06-14T21:00:00.0,2018-06-15T03:00:00.0,3,47593.45,1.0,40318.332,60350.547,0.26220143009280356
2018-06-14T22:00:00.0,2018-06-15T04:00:00.0,4,44523.625,1.0,37574.26,57712.66,0.2355469970183162
2018-06-14T23:00:00.0,2018-06-15T05:00:00.0,5,42300.03,1.0,34620.37,54900.51,0.28623655495237277
2018-06-15T00:00:00.0,2018-06-15T06:00:00.0,6,40687.707,1.0,32468.475,52118.188,0.3519127330424436
2018-06-15T01:00:00.0,2018-06-15T07:00:00.0,7,39788.074,1.0,31240.293,51070.582,0.37418417821746963
2018-06-15T02:00:00.0,2018-06-15T08:00:00.0,8,39868.434,1.0,30624.535,50485.3,0.4361224226328799
2018-06-15T03:00:00.0,2018-06-15T09:00:00.0,9,40982.957,1.0,32585.166,52231.6,0.3678509373164091
2018-06-15T04:00:00.0,2018-06-15T10:00:00.0,10,41936.176,1.0,33668.082,53384.01,0.35377183118389155
2018-06-15T05:00:00.0,2018-06-15T11:00:00.0,11,44385.848,1.0,36677.867,54547.113,0.37472710398483444
2018-06-15T06:00:00.0,2018-06-15T12:00:00.0,12,47683.496,1.0,42688.98,54899.418,0.3360794003331485
2018-06-15T07:00:00.0,2018-06-15T13:00:00.0,13,51257.207,1.0,51160.734,55560.492,0.013742425770612493
2018-06-15T08:00:00.0,2018-06-15T14:00:00.0,14,54791.64,0.0,55626.004,59647.027,0.0
2018-06-15T09:00:00.0,2018-06-15T15:00:00.0,15,57581.234,0.0,59341.285,62235.58,0.0
2018-06-15T10:00:00.0,2018-06-15T16:00:00.0,16,60113.754,1.0,58171.133,66899.55,0.09843276728313897
2018-06-15T11:00:00.0,2018-06-15T17:00:00.0,17,62518.645,1.0,55024.66,71175.66,0.4334851680500743
2018-06-15T12:00:00.0,2018-06-15T18:00:00.0,18,64378.707,1.0,54712.004,73242.06,0.5401676072178597
2018-06-15T13:00:00.0,2018-06-15T19:00:00.0,19,65529.902,1.0,55376.773,73911.39,0.587980428613368
2018-06-15T14:00:00.0,2018-06-15T20:00:00.0,20,65463.543,1.0,54451.344,74671.625,0.5822106301861402
2018-06-15T15:00:00.0,2018-06-15T21:00:00.0,21,64452.145,1.0,53637.973,73935.74,0.5606019922044174
2018-06-15T16:00:00.0,2018-06-15T22:00:00.0,22,62388.293,1.0,52857.176,73055.56,0.4479474273439705
2018-06-15T17:00:00.0,2018-06-15T23:00:00.0,23,59605.996,1.0,51394.445,71564.55,0.3328223529411761
2018-06-15T18:00:00.0,2018-06-16T00:00:00.0,0,57663.465,1.0,48880.19,69075.17,0.3810320200081016
2018-06-15T19:00:00.0,2018-06-16T01:00:00.0,1,55297.996,1.0,45910.605,66264.95,0.4283704911278113
2018-06-15T20:00:00.0,2018-06-16T02:00:00.0,2,52018.234,1.0,43612.547,63826.805,0.3476794830481164
2018-06-15T21:00:00.0,2018-06-16T03:00:00.0,3,48579.105,1.0,40005.242,60131.89,0.365314102007125
2018-06-15T22:00:00.0,2018-06-16T04:00:00.0,4,45680.637,1.0,37112.3,57361.38,0.3603326740882121
2018-06-15T23:00:00.0,2018-06-16T05:00:00.0,5,43415.426,1.0,34342.613,54581.94,0.40491945830363524
2018-06-16T00:00:00.0,2018-06-16T06:00:00.0,6,41686.793,1.0,31859.389,52379.098,0.46094548567309385
2018-06-16T01:00:00.0,2018-06-16T07:00:00.0,7,40537.145,1.0,30443.486,49668.074,0.5463680231777275
2018-06-16T02:00:00.0,2018-06-16T08:00:00.0,8,39895.383,1.0,30285.328,49903.066,0.4811963201785072
2018-06-16T03:00:00.0,2018-06-16T09:00:00.0,9,39785.184,1.0,30139.518,50450.824,0.4535037092863826
2018-06-16T04:00:00.0,2018-06-16T10:00:00.0,10,39763.45,1.0,31085.082,51486.41,0.36424224241385195
2018-06-16T05:00:00.0,2018-06-16T11:00:00.0,11,42041.723,1.0,33972.59,52182.332,0.39565302508607925
2018-06-16T06:00:00.0,2018-06-16T12:00:00.0,12,45677.047,1.0,39537.355,53649.645,0.3812744640899292
2018-06-16T07:00:00.0,2018-06-16T13:00:00.0,13,49149.387,1.0,48087.867,52956.33,0.09487869053576412
2018-06-16T08:00:00.0,2018-06-16T14:00:00.0,14,52440.105,0.0,53135.316,57413.832,0.0
2018-06-16T09:00:00.0,2018-06-16T15:00:00.0,15,55542.17,0.0,56681.062,59846.062,0.0
2018-06-16T10:00:00.0,2018-06-16T16:00:00.0,16,58261.28,1.0,56291.32,64977.73,0.10188520919728221
2018-06-16T11:00:00.0,2018-06-16T17:00:00.0,17,60134.387,1.0,52891.44,70306.336,0.34780865200059075
2018-06-16T12:00:00.0,2018-06-16T18:00:00.0,18,61347.344,1.0,53496.484,70930.38,0.40860697958254893
2018-06-16T13:00:00.0,2018-06-16T19:00:00.0,19,62295.457,1.0,53632.535,72590.43,0.4206355785505466
2018-06-16T14:00:00.0,2018-06-16T20:00:00.0,20,62288.215,1.0,53192.17,72795.58,0.4335000934230191
2018-06-16T15:00:00.0,2018-06-16T21:00:00.0,21,61472.73,1.0,51994.188,72308.21,0.4382573496930307
2018-06-16T16:00:00.0,2018-06-16T22:00:00.0,22,59920.402,1.0,52093.957,72227.37,0.3023434945200826
2018-06-16T17:00:00.0,2018-06-16T23:00:00.0,23,57405.91,1.0,50320.668,70577.11,0.2423140794223829
2018-06-16T18:00:00.0,2018-06-17T00:00:00.0,0,55532.637,1.0,48565.676,68871.12,0.23272738153911157
2018-06-16T19:00:00.0,2018-06-17T01:00:00.0,1,53341.848,1.0,45390.902,65675.72,0.3076177966305944
2018-06-16T20:00:00.0,2018-06-17T02:00:00.0,2,50269.504,1.0,43159.723,63305.09,0.24691621896326407
2018-06-16T21:00:00.0,2018-06-17T03:00:00.0,3,47010.76,1.0,39500.082,59868.2,0.2707113949713051
2018-06-16T22:00:00.0,2018-06-17T04:00:00.0,4,44024.137,1.0,36750.33,56921.867,0.25831397846276916
2018-06-16T23:00:00.0,2018-06-17T05:00:00.0,5,41617.434,1.0,34379.633,54533.67,0.25611251945741625
2018-06-17T00:00:00.0,2018-06-17T06:00:00.0,6,39870.996,1.0,34587.72,50116.395,0.22864202411543774
2018-06-17T01:00:00.0,2018-06-17T07:00:00.0,7,38544.797,1.0,32029.37,51397.0,0.22331366616238
2018-06-17T02:00:00.0,2018-06-17T08:00:00.0,8,37723.734,1.0,33249.324,48607.777,0.16585465426631654
2018-06-17T03:00:00.0,2018-06-17T09:00:00.0,9,37461.402,1.0,32485.947,49087.836,0.1757198988804623
2018-06-17T04:00:00.0,2018-06-17T10:00:00.0,10,37133.29,1.0,33006.8,50274.81,0.11233258403471182
2018-06-17T05:00:00.0,2018-06-17T11:00:00.0,11,39384.223,1.0,34926.99,49938.38,0.17239992650759278
2018-06-17T06:00:00.0,2018-06-17T12:00:00.0,12,43036.06,1.0,39890.305,50960.086,0.15768692360839873
2018-06-17T07:00:00.0,2018-06-17T13:00:00.0,13,46171.848,0.0,47466.53,51725.56,0.0
2018-06-17T08:00:00.0,2018-06-17T14:00:00.0,14,48660.035,0.0,51017.625,55131.836,0.0
2018-06-17T09:00:00.0,2018-06-17T15:00:00.0,15,51167.082,0.0,55057.883,57796.88,0.0
2018-06-17T10:00:00.0,2018-06-17T16:00:00.0,16,53623.496,0.0,55190.43,63036.75,0.0
2018-06-17T11:00:00.0,2018-06-17T17:00:00.0,17,55368.97,1.0,52904.266,67213.664,0.06377598656314581
2018-06-17T12:00:00.0,2018-06-17T18:00:00.0,18,56592.03,1.0,50578.723,70104.13,0.18585126205936014
2018-06-17T13:00:00.0,2018-06-17T19:00:00.0,19,58017.28,1.0,53326.38,71727.24,0.1271495470557322
2018-06-17T14:00:00.0,2018-06-17T20:00:00.0,20,58391.824,1.0,53028.137,71894.586,0.15782252615870884
2018-06-17T15:00:00.0,2018-06-17T21:00:00.0,21,57796.78,1.0,50512.07,70967.14,0.25164290618016066
2018-06-17T16:00:00.0,2018-06-17T22:00:00.0,22,56423.516,1.0,49134.406,69478.24,0.25487505048650666
2018-06-17T17:00:00.0,2018-06-17T23:00:00.0,23,54508.418,1.0,47574.008,67139.805,0.24909687546718476
2018-06-17T18:00:00.0,2018-06-18T00:00:00.0,0,53453.438,1.0,47014.914,66953.83,0.20502472654955275
2018-06-17T19:00:00.0,2018-06-18T01:00:00.0,1,51864.26,1.0,39802.992,58898.902,0.729850583682893
2018-06-17T20:00:00.0,2018-06-18T02:00:00.0,2,48816.25,1.0,37750.434,57311.67,0.6200784646187704
2018-06-17T21:00:00.0,2018-06-18T03:00:00.0,3,45474.438,1.0,35223.066,55092.332,0.5295618933962352
2018-06-17T22:00:00.0,2018-06-18T04:00:00.0,4,42702.84,1.0,34709.125,53431.926,0.36698486829815014
2018-06-17T23:00:00.0,2018-06-18T05:00:00.0,5,40719.926,1.0,33222.785,53293.215,0.2781545993858717
2018-06-18T00:00:00.0,2018-06-18T06:00:00.0,6,39566.996,1.0,31350.342,51356.94,0.3388940474778451
2018-06-18T01:00:00.0,2018-06-18T07:00:00.0,7,39041.08,1.0,29236.428,49182.906,0.48431715685818705
2018-06-18T02:00:00.0,2018-06-18T08:00:00.0,8,39442.387,1.0,29648.494,48854.33,0.5184496595683038
2018-06-18T03:00:00.0,2018-06-18T09:00:00.0,9,41047.3,1.0,30437.723,49999.4,0.5781266601425977
2018-06-18T04:00:00.0,2018-06-18T10:00:00.0,10,42395.94,1.0,32085.523,50890.746,0.5888537145282329
2018-06-18T05:00:00.0,2018-06-18T11:00:00.0,11,43843.613,1.0,33005.04,51435.195,0.6590379195848094
2018-06-18T06:00:00.0,2018-06-18T12:00:00.0,12,45790.637,1.0,36945.285,51720.133,0.676909538057029
2018-06-18T07:00:00.0,2018-06-18T13:00:00.0,13,48097.496,1.0,45250.383,50086.902,0.660032940846649
2018-06-18T08:00:00.0,2018-06-18T14:00:00.0,14,50659.074,1.0,48090.582,52984.18,0.5460518579935169
2018-06-18T09:00:00.0,2018-06-18T15:00:00.0,15,52688.652,1.0,50881.895,55103.223,0.36883125491983393
2018-06-18T10:00:00.0,2018-06-18T16:00:00.0,16,54558.074,1.0,50074.027,60774.996,0.3532017934316379
2018-06-18T11:00:00.0,2018-06-18T17:00:00.0,17,56538.934,1.0,46056.914,66139.016,0.540686649952705
2018-06-18T12:00:00.0,2018-06-18T18:00:00.0,18,58016.816,1.0,47133.348,67219.7,0.5771576654261598
2018-06-18T13:00:00.0,2018-06-18T19:00:00.0,19,58849.254,1.0,48433.742,68256.336,0.5471008559732046
2018-06-18T14:00:00.0,2018-06-18T20:00:00.0,20,58865.684,1.0,48356.62,68678.305,0.5317706788466616
2018-06-18T15:00:00.0,2018-06-18T21:00:00.0,21,57972.61,1.0,47765.324,67337.77,0.5398646261395308
2018-06-18T16:00:00.0,2018-06-18T22:00:00.0,22,56487.844,1.0,49326.73,67288.984,0.3186741378675791
2018-06-18T17:00:00.0,2018-06-18T23:00:00.0,23,54207.41,1.0,47499.094,66265.84,0.25362283075943354
2018-06-18T18:00:00.0,2018-06-19T00:00:00.0,0,52979.44,1.0,44905.63,64759.902,0.3320403633383419
2018-06-18T19:00:00.0,2018-06-19T01:00:00.0,1,50865.934,1.0,42744.156,62308.953,0.3464663208803533
2018-06-18T20:00:00.0,2018-06-19T02:00:00.0,2,47316.004,1.0,40521.66,59896.812,0.24362424516908227
2018-06-18T21:00:00.0,2018-06-19T03:00:00.0,3,43879.98,1.0,36333.23,55735.797,0.3027137577691923
2018-06-18T22:00:00.0,2018-06-19T04:00:00.0,4,41204.234,1.0,33866.695,53982.58,0.2646282801042359
2018-06-18T23:00:00.0,2018-06-19T05:00:00.0,5,39329.945,1.0,31829.07,51749.742,0.282853857925577
2018-06-19T00:00:00.0,2018-06-19T06:00:00.0,6,38181.125,1.0,29898.336,49134.496,0.37336864309625367
2018-06-19T01:00:00.0,2018-06-19T07:00:00.0,7,37611.043,1.0,28618.473,48616.77,0.40742664694955877
2018-06-19T02:00:00.0,2018-06-19T08:00:00.0,8,37968.137,1.0,28844.094,48689.97,0.4257209789438876
2018-06-19T03:00:00.0,2018-06-19T09:00:00.0,9,39588.914,1.0,28768.314,48976.34,0.5655178539061081
2018-06-19T04:00:00.0,2018-06-19T10:00:00.0,10,41131.47,1.0,30464.016,50269.938,0.5712604825421372
2018-06-19T05:00:00.0,2018-06-19T11:00:00.0,11,42283.32,1.0,34428.117,50724.3,0.4666808114731777
2018-06-19T06:00:00.0,2018-06-19T12:00:00.0,12,43969.47,1.0,37165.555,51305.715,0.4651083971861191
2018-06-19T07:00:00.0,2018-06-19T13:00:00.0,13,46047.344,1.0,45255.164,51976.63,0.037901572184831166
2018-06-19T08:00:00.0,2018-06-19T14:00:00.0,14,48065.01,1.0,47639.37,52985.426,0.025656921451215405
2018-06-19T09:00:00.0,2018-06-19T15:00:00.0,15,49511.137,0.0,50528.97,54231.688,0.0
2018-06-19T10:00:00.0,2018-06-19T16:00:00.0,16,50820.06,1.0,47183.29,57430.7,0.2498011874518306
2018-06-19T11:00:00.0,2018-06-19T17:00:00.0,17,51539.8,1.0,44984.19,64462.27,0.2235303472038167
2018-06-19T12:00:00.0,2018-06-19T18:00:00.0,18,51802.785,1.0,44202.375,63605.15,0.3072137715548016
2018-06-19T13:00:00.0,2018-06-19T19:00:00.0,19,51911.67,1.0,44523.48,64030.77,0.2863331552014507
2018-06-19T14:00:00.0,2018-06-19T20:00:00.0,20,51853.26,1.0,44371.95,63426.402,0.3086972957255019
2018-06-19T15:00:00.0,2018-06-19T21:00:00.0,21,51449.16,1.0,46255.402,66185.74,0.13271646600997208
2018-06-19T16:00:00.0,2018-06-19T22:00:00.0,22,50484.87,1.0,45670.754,65577.16,0.11492352132922803
2018-06-19T17:00:00.0,2018-06-19T23:00:00.0,23,49490.348,1.0,44608.445,64289.773,0.120561282319461
2018-06-19T18:00:00.0,2018-06-20T00:00:00.0,0,49252.652,1.0,42862.54,62351.246,0.21164670679565634
2018-06-19T19:00:00.0,2018-06-20T01:00:00.0,1,47988.92,1.0,39997.74,59608.754,0.33344831460674146
2018-06-19T20:00:00.0,2018-06-20T02:00:00.0,2,45163.766,1.0,36648.633,55886.574,0.3947572309239569
2018-06-19T21:00:00.0,2018-06-20T03:00:00.0,3,42003.94,1.0,33802.176,52825.297,0.37436149494574805
2018-06-19T22:00:00.0,2018-06-20T04:00:00.0,4,39599.305,1.0,32021.145,52278.875,0.2790017318538498
2018-06-19T23:00:00.0,2018-06-20T05:00:00.0,5,38016.13,1.0,30040.43,49570.63,0.33496289867650236
2018-06-20T00:00:00.0,2018-06-20T06:00:00.0,6,37115.996,1.0,28485.4,47327.6,0.42262320621619237
2018-06-20T01:00:00.0,2018-06-20T07:00:00.0,7,36746.707,1.0,27311.803,45582.387,0.5304085205424007
2018-06-20T02:00:00.0,2018-06-20T08:00:00.0,8,37462.99,1.0,28327.86,45147.348,0.5795165573681644
2018-06-20T03:00:00.0,2018-06-20T09:00:00.0,9,39452.582,1.0,30139.305,46922.28,0.6008464625763204
2018-06-20T04:00:00.0,2018-06-20T10:00:00.0,10,41203.59,1.0,30294.271,48917.195,0.6551147356891043
2018-06-20T05:00:00.0,2018-06-20T11:00:00.0,11,42515.395,1.0,35356.58,48713.758,0.5664191690662272
2018-06-20T06:00:00.0,2018-06-20T12:00:00.0,12,43954.457,1.0,38939.062,50499.664,0.37910342301646655
2018-06-20T07:00:00.0,2018-06-20T13:00:00.0,13,45761.348,1.0,45190.76,50631.43,0.03325840481119972
2018-06-20T08:00:00.0,2018-06-20T14:00:00.0,14,47981.12,1.0,47728.668,51897.574,0.02052911759961313
2018-06-20T09:00:00.0,2018-06-20T15:00:00.0,15,50256.535,1.0,50139.797,52834.05,0.01739526780906544
2018-06-20T10:00:00.0,2018-06-20T16:00:00.0,16,52303.027,1.0,48189.418,55258.22,0.6484791983143051
2018-06-20T11:00:00.0,2018-06-20T17:00:00.0,17,53893.23,1.0,43342.49,60661.277,0.694294385004094
2018-06-20T12:00:00.0,2018-06-20T18:00:00.0,18,54909.613,1.0,45810.055,61193.46,0.6648601745339148
2018-06-20T13:00:00.0,2018-06-20T19:00:00.0,19,55486.52,1.0,45787.113,63635.21,0.5800894281678403
2018-06-20T14:00:00.0,2018-06-20T20:00:00.0,20,55300.484,1.0,45854.78,61787.12,0.6671412309165375
2018-06-20T15:00:00.0,2018-06-20T21:00:00.0,21,54640.168,1.0,43992.246,61645.957,0.6843514080287595
2018-06-20T16:00:00.0,2018-06-20T22:00:00.0,22,53527.047,1.0,43121.336,62186.3,0.5843714323768933
2018-06-20T17:00:00.0,2018-06-20T23:00:00.0,23,52003.8,1.0,43594.85,61663.297,0.4360473342793435
2018-06-20T18:00:00.0,2018-06-21T00:00:00.0,0,50926.61,1.0,42632.58,60434.297,0.4369957408283782
2018-06-20T19:00:00.0,2018-06-21T01:00:00.0,1,49081.184,1.0,39964.18,59952.387,0.41911486596852937
2018-06-20T20:00:00.0,2018-06-21T02:00:00.0,2,45698.656,1.0,37656.19,57871.03,0.3173087299900258
2018-06-20T21:00:00.0,2018-06-21T03:00:00.0,3,42345.453,1.0,36327.69,56442.836,0.1750888247707845
2018-06-20T22:00:00.0,2018-06-21T04:00:00.0,4,39758.84,1.0,32130.27,51245.52,0.31934722462389736
2018-06-20T23:00:00.0,2018-06-21T05:00:00.0,5,38005.332,1.0,29299.957,48611.508,0.4094445896985772
2018-06-21T00:00:00.0,2018-06-21T06:00:00.0,6,36892.605,1.0,29372.5,47040.492,0.3646824304930076
2018-06-21T01:00:00.0,2018-06-21T07:00:00.0,7,36429.066,1.0,30258.74,45142.703,0.34550651863454157
2018-06-21T02:00:00.0,2018-06-21T08:00:00.0,8,36913.13,1.0,29876.26,46343.086,0.36765866610025455
2018-06-21T03:00:00.0,2018-06-21T09:00:00.0,9,38685.734,1.0,29767.387,49357.523,0.41753228957382355
2018-06-21T04:00:00.0,2018-06-21T10:00:00.0,10,40361.242,1.0,30649.154,50566.04,0.4770552946100541
2018-06-21T05:00:00.0,2018-06-21T11:00:00.0,11,41968.83,1.0,34009.855,51116.645,0.4357878171501981
2018-06-21T06:00:00.0,2018-06-21T12:00:00.0,12,44378.95,1.0,38135.85,50657.414,0.4973789372267096
2018-06-21T07:00:00.0,2018-06-21T13:00:00.0,13,47415.17,1.0,44706.91,49860.438,0.5472470925031314
2018-06-21T08:00:00.0,2018-06-21T14:00:00.0,14,50501.566,1.0,48835.63,52459.047,0.42576547559134215
2018-06-21T09:00:00.0,2018-06-21T15:00:00.0,15,53355.312,0.0,49620.36,52253.875,1.0
2018-06-21T10:00:00.0,2018-06-21T16:00:00.0,16,55611.957,1.0,48772.473,56618.92,0.957974394890184
2018-06-21T11:00:00.0,2018-06-21T17:00:00.0,17,57705.36,1.0,45492.81,62056.723,0.8651568711132789
2018-06-21T12:00:00.0,2018-06-21T18:00:00.0,18,59790.707,1.0,47323.18,62060.27,0.9461104919319792
2018-06-21T13:00:00.0,2018-06-21T19:00:00.0,19,61613.41,1.0,49426.105,65043.844,0.9038565663275065
2018-06-21T14:00:00.0,2018-06-21T20:00:00.0,20,62697.59,1.0,50471.805,64775.977,0.9505160310786555
2018-06-21T15:00:00.0,2018-06-21T21:00:00.0,21,62617.266,1.0,49969.402,65394.984,0.9316125410524709
2018-06-21T16:00:00.0,2018-06-21T22:00:00.0,22,61295.98,1.0,48768.48,66624.01,0.8258335292102917
2018-06-21T17:00:00.0,2018-06-21T23:00:00.0,23,59028.188,1.0,47376.14,67429.68,0.6469347176395392
2018-06-21T18:00:00.0,2018-06-22T00:00:00.0,0,57235.59,1.0,46626.336,65967.34,0.5893303948232198
2018-06-21T19:00:00.0,2018-06-22T01:00:00.0,1,54578.297,1.0,43563.75,63486.594,0.5971301726946887
2018-06-21T20:00:00.0,2018-06-22T02:00:00.0,2,50670.62,1.0,41695.598,61266.09,0.42363267967767504
2018-06-21T21:00:00.0,2018-06-22T03:00:00.0,3,46825.996,1.0,37133.574,56307.363,0.5102146553808945
2018-06-21T22:00:00.0,2018-06-22T04:00:00.0,4,43811.516,1.0,32987.65,51746.504,0.6399250489419226
2018-06-21T23:00:00.0,2018-06-22T05:00:00.0,5,41731.06,1.0,33151.734,50481.723,0.4908251673360101
2018-06-22T00:00:00.0,2018-06-22T06:00:00.0,6,40339.84,1.0,31738.291,49774.164,0.4572326979712037
2018-06-22T01:00:00.0,2018-06-22T07:00:00.0,7,39618.676,1.0,32714.297,46693.836,0.48866394236510063
2018-06-22T02:00:00.0,2018-06-22T08:00:00.0,8,39816.74,1.0,31880.736,48072.58,0.4816747233613595
2018-06-22T03:00:00.0,2018-06-22T09:00:00.0,9,41127.035,1.0,31367.61,50408.91,0.5232609520473982
2018-06-22T04:00:00.0,2018-06-22T10:00:00.0,10,42387.035,1.0,30878.432,51042.082,0.6290033161546609
2018-06-22T05:00:00.0,2018-06-22T11:00:00.0,11,44392.16,1.0,33046.36,53228.43,0.6138031793028096
2018-06-22T06:00:00.0,2018-06-22T12:00:00.0,12,47664.203,1.0,36716.418,53413.566,0.7655225912511882
2018-06-22T07:00:00.0,2018-06-22T13:00:00.0,13,51202.746,1.0,47318.293,53247.887,0.7647052583359444
2018-06-22T08:00:00.0,2018-06-22T14:00:00.0,14,54683.395,1.0,50933.242,55082.61,0.9698394449950442
2018-06-22T09:00:00.0,2018-06-22T15:00:00.0,15,58111.55,0.0,54122.543,57556.723,1.0
2018-06-22T10:00:00.0,2018-06-22T16:00:00.0,16,61256.332,1.0,53295.492,62385.96,0.9597631264599061
2018-06-22T11:00:00.0,2018-06-22T17:00:00.0,17,64333.78,1.0,48966.137,68639.22,0.9044858827477111
2018-06-22T12:00:00.0,2018-06-22T18:00:00.0,18,66617.71,1.0,51513.566,67910.77,0.9745473635856547
2018-06-22T13:00:00.0,2018-06-22T19:00:00.0,19,67595.664,1.0,52262.254,69220.58,0.9699802623255028
2018-06-22T14:00:00.0,2018-06-22T20:00:00.0,20,67772.76,1.0,55957.87,68780.086,0.974627486934611
2018-06-22T15:00:00.0,2018-06-22T21:00:00.0,21,67448.24,1.0,54777.094,68709.87,0.9714019404353912
2018-06-22T16:00:00.0,2018-06-22T22:00:00.0,22,66019.4,1.0,50917.008,67314.85,0.9745089450500775
2018-06-22T17:00:00.0,2018-06-22T23:00:00.0,23,63287.285,1.0,49156.395,68346.77,0.8642017049939484
2018-06-22T18:00:00.0,2018-06-23T00:00:00.0,0,61023.25,1.0,47779.836,67686.32,0.7790436105192332
2018-06-22T19:00:00.0,2018-06-23T01:00:00.0,1,58305.344,1.0,46440.336,65897.875,0.6952427574770308
2018-06-22T20:00:00.0,2018-06-23T02:00:00.0,2,54709.59,1.0,42923.39,61764.61,0.7204416247837186
2018-06-22T21:00:00.0,2018-06-23T03:00:00.0,3,51081.746,1.0,39540.3,58334.53,0.7022250977980492
2018-06-22T22:00:00.0,2018-06-23T04:00:00.0,4,47796.72,1.0,36386.934,55987.414,0.6487895015906684
2018-06-22T23:00:00.0,2018-06-23T05:00:00.0,5,45034.598,1.0,33385.543,53612.91,0.6380105472464768
2018-06-23T00:00:00.0,2018-06-23T06:00:00.0,6,42924.434,1.0,31962.703,52104.867,0.5814969833408378
2018-06-23T01:00:00.0,2018-06-23T07:00:00.0,7,41303.105,1.0,30254.32,50372.934,0.5904978936990231
2018-06-23T02:00:00.0,2018-06-23T08:00:00.0,8,40236.703,1.0,29317.826,48749.87,0.6133197272685673
2018-06-23T03:00:00.0,2018-06-23T09:00:00.0,9,40031.613,1.0,30098.885,50372.816,0.48130856426630564
2018-06-23T04:00:00.0,2018-06-23T10:00:00.0,10,40036.277,1.0,30820.076,51184.027,0.4126849798252412
2018-06-23T05:00:00.0,2018-06-23T11:00:00.0,11,41710.996,1.0,32417.682,52639.723,0.42539025379795337
2018-06-23T06:00:00.0,2018-06-23T12:00:00.0,12,44862.824,1.0,35377.688,54408.484,0.49704873267732264
2018-06-23T07:00:00.0,2018-06-23T13:00:00.0,13,48328.684,1.0,46035.395,54329.598,0.14920762338143745
2018-06-23T08:00:00.0,2018-06-23T14:00:00.0,14,51997.76,1.0,50063.8,57752.46,0.12389950812527267
2018-06-23T09:00:00.0,2018-06-23T15:00:00.0,15,55317.855,0.0,55469.273,61226.266,0.0
2018-06-23T10:00:00.0,2018-06-23T16:00:00.0,16,58447.668,1.0,52908.03,68365.36,0.25500497743241785
2018-06-23T11:00:00.0,2018-06-23T17:00:00.0,17,61119.69,1.0,50915.62,71136.59,0.5085892611289586
2018-06-23T12:00:00.0,2018-06-23T18:00:00.0,18,63008.668,1.0,52947.24,72466.58,0.5286698048743449
2018-06-23T13:00:00.0,2018-06-23T19:00:00.0,19,64189.59,1.0,53804.06,72824.29,0.5847751373207198
2018-06-23T14:00:00.0,2018-06-23T20:00:00.0,20,64685.99,1.0,53978.508,72509.99,0.6413101591782179
2018-06-23T15:00:00.0,2018-06-23T21:00:00.0,21,64104.145,1.0,51700.895,69519.54,0.8191856802375009
2018-06-23T16:00:00.0,2018-06-23T22:00:00.0,22,62310.81,1.0,50676.406,69698.58,0.6982308997138598
2018-06-23T17:00:00.0,2018-06-23T23:00:00.0,23,59767.168,1.0,50911.43,70998.81,0.3916023971747583
2018-06-23T18:00:00.0,2018-06-24T00:00:00.0,0,58005.312,1.0,48816.336,68743.95,0.42822342177493095
2018-06-23T19:00:00.0,2018-06-24T01:00:00.0,1,55735.7,1.0,45940.58,66125.43,0.47268355359765035
2018-06-23T20:00:00.0,2018-06-24T02:00:00.0,2,52651.05,1.0,43632.61,63808.043,0.4026196541091303
2018-06-23T21:00:00.0,2018-06-24T03:00:00.0,3,49632.08,1.0,37907.53,58160.887,0.6432058770707013
2018-06-23T22:00:00.0,2018-06-24T04:00:00.0,4,46889.203,1.0,37904.2,57524.277,0.4224472879670674
2018-06-23T23:00:00.0,2018-06-24T05:00:00.0,5,44709.004,1.0,34057.03,54138.383,0.5563109035979126
2018-06-24T00:00:00.0,2018-06-24T06:00:00.0,6,42986.414,1.0,34106.453,53024.64,0.4433739541121248
2018-06-24T01:00:00.0,2018-06-24T07:00:00.0,7,41797.01,1.0,32459.277,50505.105,0.5323442622950824
2018-06-24T02:00:00.0,2018-06-24T08:00:00.0,8,41057.3,1.0,30801.922,50641.17,0.5313793103448279
2018-06-24T03:00:00.0,2018-06-24T09:00:00.0,9,40714.598,1.0,33031.363,49170.668,0.45565398240201105
2018-06-24T04:00:00.0,2018-06-24T10:00:00.0,10,40244.29,1.0,32199.24,51074.07,0.3657271910237286
2018-06-24T05:00:00.0,2018-06-24T11:00:00.0,11,41707.168,1.0,33432.32,51559.508,0.4197842727209051
2018-06-24T06:00:00.0,2018-06-24T12:00:00.0,12,44714.293,1.0,35102.812,54886.48,0.4737172740552081
2018-06-24T07:00:00.0,2018-06-24T13:00:00.0,13,48177.48,1.0,42393.36,55714.26,0.37977181225830403
2018-06-24T08:00:00.0,2018-06-24T14:00:00.0,14,52151.984,1.0,47705.684,57958.99,0.37876920694461086
2018-06-24T09:00:00.0,2018-06-24T15:00:00.0,15,55743.465,1.0,51369.254,58068.008,0.7616924554476563
2018-06-24T10:00:00.0,2018-06-24T16:00:00.0,16,58687.7,1.0,53459.383,61777.5,0.7250858529301977
2018-06-24T11:00:00.0,2018-06-24T17:00:00.0,17,61194.594,1.0,50981.105,69092.086,0.616945306362922
2018-06-24T12:00:00.0,2018-06-24T18:00:00.0,18,62916.26,1.0,51946.113,71229.555,0.6257032029055781
2018-06-24T13:00:00.0,2018-06-24T19:00:00.0,19,64083.0,1.0,52717.77,71474.484,0.6889354315722693
2018-06-24T14:00:00.0,2018-06-24T20:00:00.0,20,64676.41,1.0,52954.32,70461.1,0.7849036826535607
2018-06-24T15:00:00.0,2018-06-24T21:00:00.0,21,64245.11,1.0,52533.66,65402.76,0.9715620616780974
2018-06-24T16:00:00.0,2018-06-24T22:00:00.0,22,62553.746,1.0,51170.527,68543.91,0.7648687437252093
2018-06-24T17:00:00.0,2018-06-24T23:00:00.0,23,60160.035,1.0,52091.89,67492.56,0.5442354674139549
2018-06-24T18:00:00.0,2018-06-25T00:00:00.0,0,58510.832,1.0,50161.18,64385.348,0.6571789062688298
2018-06-24T19:00:00.0,2018-06-25T01:00:00.0,1,56398.19,1.0,47383.18,63584.668,0.60354591893147
2018-06-24T20:00:00.0,2018-06-25T02:00:00.0,2,52724.043,1.0,44166.832,61189.93,0.504978357338334
2018-06-24T21:00:00.0,2018-06-25T03:00:00.0,3,48726.3,1.0,41262.85,58141.777,0.39395801271505776
2018-06-24T22:00:00.0,2018-06-25T04:00:00.0,4,45753.094,1.0,39667.066,56091.156,0.2735183364839316
2018-06-24T23:00:00.0,2018-06-25T05:00:00.0,5,43682.184,1.0,36695.902,52882.832,0.3751605449591279
2018-06-25T00:00:00.0,2018-06-25T06:00:00.0,6,42351.652,1.0,33052.477,53350.074,0.4227974992814027
2018-06-25T01:00:00.0,2018-06-25T07:00:00.0,7,41747.688,1.0,31368.43,50654.977,0.5704605611434626
2018-06-25T02:00:00.0,2018-06-25T08:00:00.0,8,42093.793,1.0,30231.969,50579.523,0.6502468428546155
2018-06-25T03:00:00.0,2018-06-25T09:00:00.0,9,43574.63,1.0,31308.762,50693.605,0.7315912932057759
2018-06-25T04:00:00.0,2018-06-25T10:00:00.0,10,44369.86,1.0,31535.15,51743.793,0.7351789794364053
2018-06-25T05:00:00.0,2018-06-25T11:00:00.0,11,45543.355,1.0,33499.78,53440.023,0.6857204071145593
2018-06-25T06:00:00.0,2018-06-25T12:00:00.0,12,47774.45,1.0,35171.84,55278.926,0.722336228527311
2018-06-25T07:00:00.0,2018-06-25T13:00:00.0,13,50817.36,1.0,40096.926,58498.21,0.6496102942560763
2018-06-25T08:00:00.0,2018-06-25T14:00:00.0,14,54347.934,1.0,47657.926,60432.98,0.5438568376068379
2018-06-25T09:00:00.0,2018-06-25T15:00:00.0,15,57466.55,1.0,52031.176,60514.105,0.7436886689443838
2018-06-25T10:00:00.0,2018-06-25T16:00:00.0,16,60015.137,1.0,51203.266,63957.863,0.8127227235997939
2018-06-25T11:00:00.0,2018-06-25T17:00:00.0,17,61786.05,1.0,50088.168,69845.65,0.6658023780519193
2018-06-25T12:00:00.0,2018-06-25T18:00:00.0,18,62734.746,1.0,50671.734,70532.164,0.6913305981783868
2018-06-25T13:00:00.0,2018-06-25T19:00:00.0,19,63931.75,1.0,51885.695,72024.664,0.6760219506111251
2018-06-25T14:00:00.0,2018-06-25T20:00:00.0,20,64560.56,1.0,52410.97,72719.98,0.6761731652416249
2018-06-25T15:00:00.0,2018-06-25T21:00:00.0,21,64073.81,1.0,50327.35,67274.65,0.9260125857457306
2018-06-25T16:00:00.0,2018-06-25T22:00:00.0,22,62525.08,1.0,50751.688,71057.73,0.6447708409748109
2018-06-25T17:00:00.0,2018-06-25T23:00:00.0,23,60140.707,1.0,49847.176,70058.84,0.5172307720544377
2018-06-25T18:00:00.0,2018-06-26T00:00:00.0,0,58436.91,1.0,49486.367,67434.48,0.49756876938986605
2018-06-25T19:00:00.0,2018-06-26T01:00:00.0,1,56033.76,1.0,46165.555,65576.484,0.5155569357782386
2018-06-25T20:00:00.0,2018-06-26T02:00:00.0,2,52224.08,1.0,43460.19,63655.555,0.3793156524625683
2018-06-25T21:00:00.0,2018-06-26T03:00:00.0,3,48433.625,1.0,39129.527,58547.96,0.46133785919677034
2018-06-25T22:00:00.0,2018-06-26T04:00:00.0,4,45440.094,1.0,36239.082,55122.74,0.4763447031009345
2018-06-25T23:00:00.0,2018-06-26T05:00:00.0,5,43324.574,1.0,34567.87,53886.766,0.41394941415051834
2018-06-26T00:00:00.0,2018-06-26T06:00:00.0,6,41799.402,1.0,32480.281,52746.918,0.42586819236789564
2018-06-26T01:00:00.0,2018-06-26T07:00:00.0,7,41041.297,1.0,31033.268,51259.098,0.49037567560127343
2018-06-26T02:00:00.0,2018-06-26T08:00:00.0,8,41279.625,1.0,30681.854,50963.89,0.541722347506638
2018-06-26T03:00:00.0,2018-06-26T09:00:00.0,9,42734.55,1.0,31617.006,51671.74,0.5998348303797013
2018-06-26T04:00:00.0,2018-06-26T10:00:00.0,10,43874.06,1.0,32122.848,52266.492,0.650949706407965
2018-06-26T05:00:00.0,2018-06-26T11:00:00.0,11,45796.59,1.0,33191.504,53332.527,0.72088760771377
2018-06-26T06:00:00.0,2018-06-26T12:00:00.0,12,48848.656,1.0,35780.03,55814.273,0.7607280940249621
2018-06-26T07:00:00.0,2018-06-26T13:00:00.0,13,52445.72,1.0,39773.652,57979.12,0.8191552360359868
2018-06-26T08:00:00.0,2018-06-26T14:00:00.0,14,55892.777,1.0,43055.95,60315.664,0.8715805181117212
2018-06-26T09:00:00.0,2018-06-26T15:00:00.0,15,59236.2,1.0,53579.176,64753.117,0.511635017595113
2018-06-26T10:00:00.0,2018-06-26T16:00:00.0,16,62133.324,1.0,50318.902,67358.18,0.8158092114852062
2018-06-26T11:00:00.0,2018-06-26T17:00:00.0,17,64575.387,1.0,51016.086,70948.25,0.7991847981060632
2018-06-26T12:00:00.0,2018-06-26T18:00:00.0,18,66392.71,1.0,51767.844,71767.195,0.8590192960135709
2018-06-26T13:00:00.0,2018-06-26T19:00:00.0,19,67452.56,1.0,53053.96,72850.96,0.8548263747563245
2018-06-26T14:00:00.0,2018-06-26T20:00:00.0,20,67630.67,1.0,53189.785,73343.58,0.84309976900231
2018-06-26T15:00:00.0,2018-06-26T21:00:00.0,21,67184.93,1.0,52394.3,71914.664,0.8846613794538598
2018-06-26T16:00:00.0,2018-06-26T22:00:00.0,22,65758.25,1.0,52397.008,72636.195,0.7719074865572866
2018-06-26T17:00:00.0,2018-06-26T23:00:00.0,23,63118.934,1.0,50546.152,70781.375,0.7137799737729487
2018-06-26T18:00:00.0,2018-06-27T00:00:00.0,0,60830.12,1.0,49020.934,69256.25,0.6513308258574974
2018-06-26T19:00:00.0,2018-06-27T01:00:00.0,1,58081.176,1.0,46058.65,66158.73,0.6760000999683432
2018-06-26T20:00:00.0,2018-06-27T02:00:00.0,2,53836.99,1.0,43964.035,64247.81,0.47540777745305735
2018-06-26T21:00:00.0,2018-06-27T03:00:00.0,3,49676.543,1.0,40336.215,60449.7,0.4341927993881117
2018-06-26T22:00:00.0,2018-06-27T04:00:00.0,4,46400.66,1.0,37353.37,57597.5,0.40245401505366796
2018-06-26T23:00:00.0,2018-06-27T05:00:00.0,5,44045.05,1.0,34368.535,54611.73,0.45926111516034984
2018-06-27T00:00:00.0,2018-06-27T06:00:00.0,6,42443.37,1.0,32795.164,53016.86,0.4576164678413777
2018-06-27T01:00:00.0,2018-06-27T07:00:00.0,7,41507.71,1.0,31199.375,51380.39,0.520026619424837
2018-06-27T02:00:00.0,2018-06-27T08:00:00.0,8,41656.797,1.0,30849.162,51086.312,0.5629330316742078
2018-06-27T03:00:00.0,2018-06-27T09:00:00.0,9,42879.26,1.0,31331.227,51651.707,0.6246549284157705
2018-06-27T04:00:00.0,2018-06-27T10:00:00.0,10,43887.28,1.0,32381.32,52464.28,0.6327920240323917
2018-06-27T05:00:00.0,2018-06-27T11:00:00.0,11,45987.645,1.0,33953.652,54037.95,0.6777426777719413
2018-06-27T06:00:00.0,2018-06-27T12:00:00.0,12,49269.793,1.0,36290.64,56264.402,0.7570825431460556
2018-06-27T07:00:00.0,2018-06-27T13:00:00.0,13,52843.723,1.0,42506.25,59440.918,0.6962901658117847
2018-06-27T08:00:00.0,2018-06-27T14:00:00.0,14,56527.934,1.0,43363.973,62789.125,0.7957532950918953
2018-06-27T09:00:00.0,2018-06-27T15:00:00.0,15,60038.254,1.0,56319.734,67095.24,0.23556109858033739
2018-06-27T10:00:00.0,2018-06-27T16:00:00.0,16,63378.582,1.0,52590.688,70732.79,0.6701391862955034
2018-06-27T11:00:00.0,2018-06-27T17:00:00.0,17,66196.96,1.0,52553.164,72832.36,0.7892854270009392
2018-06-27T12:00:00.0,2018-06-27T18:00:00.0,18,68030.62,1.0,54311.527,74306.305,0.8067271794213866
2018-06-27T13:00:00.0,2018-06-27T19:00:00.0,19,68735.64,1.0,54814.79,74822.39,0.8188071447190398
2018-06-27T14:00:00.0,2018-06-27T20:00:00.0,20,69075.05,1.0,55108.746,75299.695,0.8137570725707257
2018-06-27T15:00:00.0,2018-06-27T21:00:00.0,21,68850.9,1.0,54413.344,74632.914,0.840333307750501
2018-06-27T16:00:00.0,2018-06-27T22:00:00.0,22,67678.47,1.0,53526.72,73884.66,0.8180234224892496
2018-06-27T17:00:00.0,2018-06-27T23:00:00.0,23,64876.246,1.0,51749.06,71947.51,0.7572295193546984
2018-06-27T18:00:00.0,2018-06-28T00:00:00.0,0,62408.766,1.0,50146.793,70500.68,0.6831680145506515
2018-06-27T19:00:00.0,2018-06-28T01:00:00.0,1,59362.793,1.0,47094.293,67309.09,0.6905444123764529
2018-06-27T20:00:00.0,2018-06-28T02:00:00.0,2,55099.24,1.0,44831.137,65065.75,0.5138292314038224
2018-06-27T21:00:00.0,2018-06-28T03:00:00.0,3,50901.668,1.0,41095.555,61307.7,0.4724770423593671
2018-06-27T22:00:00.0,2018-06-28T04:00:00.0,4,47378.656,1.0,38308.25,58503.53,0.40646740537693
2018-06-27T23:00:00.0,2018-06-28T05:00:00.0,5,44824.23,1.0,35364.555,55558.92,0.4416162158717446
2018-06-28T00:00:00.0,2018-06-28T06:00:00.0,6,43137.668,1.0,33979.89,54328.22,0.40811848110239685
2018-06-28T01:00:00.0,2018-06-28T07:00:00.0,7,42164.38,1.0,32165.54,52318.11,0.4928676944613286
2018-06-28T02:00:00.0,2018-06-28T08:00:00.0,8,42124.543,1.0,31608.771,51801.137,0.5385086530537493
2018-06-28T03:00:00.0,2018-06-28T09:00:00.0,9,43211.492,1.0,32381.18,52644.348,0.5637267945264907
2018-06-28T04:00:00.0,2018-06-28T10:00:00.0,10,44117.64,1.0,33478.625,53672.234,0.5497092024988126
2018-06-28T05:00:00.0,2018-06-28T11:00:00.0,11,46165.484,1.0,34503.94,54894.09,0.6310412199598606
2018-06-28T06:00:00.0,2018-06-28T12:00:00.0,12,49331.8,1.0,38234.16,58142.438,0.6053506577645006
2018-06-28T07:00:00.0,2018-06-28T13:00:00.0,13,52841.88,1.0,44062.098,58983.516,0.6595733339460292
2018-06-28T08:00:00.0,2018-06-28T14:00:00.0,14,56566.176,1.0,50320.527,64225.434,0.4065286008844163
2018-06-28T09:00:00.0,2018-06-28T15:00:00.0,15,60038.887,1.0,56425.824,67017.25,0.22990343828217624
2018-06-28T10:00:00.0,2018-06-28T16:00:00.0,16,63059.234,1.0,56203.16,71090.37,0.427160318432333
2018-06-28T11:00:00.0,2018-06-28T17:00:00.0,17,65637.53,1.0,53871.83,73923.04,0.6567980918836667
2018-06-28T12:00:00.0,2018-06-28T18:00:00.0,18,67392.57,1.0,54621.145,74855.21,0.729181857239306
2018-06-28T13:00:00.0,2018-06-28T19:00:00.0,19,68278.305,1.0,55271.992,75546.1,0.7448548375211843
2018-06-28T14:00:00.0,2018-06-28T20:00:00.0,20,68559.4,1.0,55241.945,75570.49,0.7647262561974747
2018-06-28T15:00:00.0,2018-06-28T21:00:00.0,21,67902.29,1.0,54605.395,74958.96,0.762131066938259
2018-06-28T16:00:00.0,2018-06-28T22:00:00.0,22,66392.54,1.0,51160.535,71220.25,0.886133111331113
2018-06-28T17:00:00.0,2018-06-28T23:00:00.0,23,63729.098,1.0,52184.113,72492.91,0.6249670329670327
2018-06-28T18:00:00.0,2018-06-29T00:00:00.0,0,61640.715,1.0,50177.258,70486.16,0.6178628474350661
2018-06-28T19:00:00.0,2018-06-29T01:00:00.0,1,58972.52,1.0,47386.363,67711.766,0.6277213113331189
2018-06-28T20:00:00.0,2018-06-29T02:00:00.0,2,54791.11,1.0,44888.766,65245.996,0.474828606007662
2018-06-28T21:00:00.0,2018-06-29T03:00:00.0,3,50643.582,1.0,41357.758,61533.16,0.4266500994035787
2018-06-28T22:00:00.0,2018-06-29T04:00:00.0,4,47371.824,1.0,38675.39,58817.895,0.37541686008320563
2018-06-28T23:00:00.0,2018-06-29T05:00:00.0,5,45091.01,1.0,35801.105,56118.027,0.42117132396489537
2018-06-29T00:00:00.0,2018-06-29T06:00:00.0,6,43483.05,1.0,33884.81,54192.188,0.4493680970487058
2018-06-29T01:00:00.0,2018-06-29T07:00:00.0,7,42510.613,1.0,32222.77,52326.594,0.5217713132578967
2018-06-29T02:00:00.0,2018-06-29T08:00:00.0,8,42522.23,1.0,31825.959,51961.508,0.5577305845187446
2018-06-29T03:00:00.0,2018-06-29T09:00:00.0,9,43513.06,1.0,33651.258,52905.77,0.5225970252640895
2018-06-29T04:00:00.0,2018-06-29T10:00:00.0,10,44294.66,1.0,33274.72,53590.824,0.5782335098267977
2018-06-29T05:00:00.0,2018-06-29T11:00:00.0,11,46200.34,1.0,34286.2,54588.008,0.6569159131014799
2018-06-29T06:00:00.0,2018-06-29T12:00:00.0,12,49394.625,1.0,36749.637,57095.31,0.7140578202510616
2018-06-29T07:00:00.0,2018-06-29T13:00:00.0,13,52935.785,1.0,45094.88,59444.13,0.5855147003058883
2018-06-29T08:00:00.0,2018-06-29T14:00:00.0,14,56509.766,1.0,50067.73,65041.03,0.3727519736066927
2018-06-29T09:00:00.0,2018-06-29T15:00:00.0,15,59684.953,1.0,58234.49,65318.68,0.08487393928254157
2018-06-29T10:00:00.0,2018-06-29T16:00:00.0,16,62740.77,1.0,58134.004,68751.836,0.3791667358976479
2018-06-29T11:00:00.0,2018-06-29T17:00:00.0,17,65227.8,1.0,54416.49,72455.62,0.6779962127892623
2018-06-29T12:00:00.0,2018-06-29T18:00:00.0,18,66984.68,1.0,53439.215,73809.13,0.7786143455985088
2018-06-29T13:00:00.0,2018-06-29T19:00:00.0,19,68094.68,1.0,54909.047,75126.11,0.7605696001131417
2018-06-29T14:00:00.0,2018-06-29T20:00:00.0,20,68371.82,1.0,55052.297,75288.305,0.7691557156987426
2018-06-29T15:00:00.0,2018-06-29T21:00:00.0,21,67344.07,1.0,54371.81,74473.69,0.7505238268461266
2018-06-29T16:00:00.0,2018-06-29T22:00:00.0,22,65197.656,1.0,53477.52,73708.59,0.643932619863014
2018-06-29T17:00:00.0,2018-06-29T23:00:00.0,23,62181.785,1.0,51885.41,72141.016,0.5154422671916497
2018-06-29T18:00:00.0,2018-06-30T00:00:00.0,0,60243.2,1.0,49872.004,70123.78,0.522470592539743
2018-06-29T19:00:00.0,2018-06-30T01:00:00.0,1,57768.56,1.0,46931.14,67199.35,0.5641256731846602
2018-06-29T20:00:00.0,2018-06-30T02:00:00.0,2,54405.906,1.0,44641.375,64957.664,0.46408962667686005
2018-06-29T21:00:00.0,2018-06-30T03:00:00.0,3,50870.12,1.0,40972.89,61266.953,0.477166328933677
2018-06-29T22:00:00.0,2018-06-30T04:00:00.0,4,47780.535,1.0,37986.54,58080.496,0.47664613852805926
2018-06-29T23:00:00.0,2018-06-30T05:00:00.0,5,45416.707,1.0,35072.727,55340.562,0.5192300722979775
2018-06-30T00:00:00.0,2018-06-30T06:00:00.0,6,43552.293,1.0,33770.523,54024.84,0.4683821408358128
2018-06-30T01:00:00.0,2018-06-30T07:00:00.0,7,42164.277,1.0,31706.373,51761.6,0.5397579931408342
2018-06-30T02:00:00.0,2018-06-30T08:00:00.0,8,41462.793,1.0,30867.139,50946.062,0.5512721013066207
2018-06-30T03:00:00.0,2018-06-30T09:00:00.0,9,41418.254,1.0,31224.357,51361.227,0.5115625662045779
2018-06-30T04:00:00.0,2018-06-30T10:00:00.0,10,41345.52,1.0,31849.633,52084.37,0.4431880871477111
2018-06-30T05:00:00.0,2018-06-30T11:00:00.0,11,42973.523,1.0,33643.113,53966.887,0.4245239163197936
2018-06-30T06:00:00.0,2018-06-30T12:00:00.0,12,46420.406,1.0,36730.133,56467.113,0.48324555962785465
2018-06-30T07:00:00.0,2018-06-30T13:00:00.0,13,50360.973,1.0,44062.586,56455.27,0.5152795988624456
2018-06-30T08:00:00.0,2018-06-30T14:00:00.0,14,54088.516,1.0,49190.742,62088.44,0.2879127580886141
2018-06-30T09:00:00.0,2018-06-30T15:00:00.0,15,57235.44,1.0,56971.805,62214.363,0.018583125783399358
2018-06-30T10:00:00.0,2018-06-30T16:00:00.0,16,59996.09,1.0,58720.734,65059.98,0.08229661413459012
2018-06-30T11:00:00.0,2018-06-30T17:00:00.0,17,62387.395,1.0,53199.445,71754.17,0.49105617460539686
2018-06-30T12:00:00.0,2018-06-30T18:00:00.0,18,64081.375,1.0,52311.715,72715.32,0.6396484311389563
2018-06-30T13:00:00.0,2018-06-30T19:00:00.0,19,65277.84,1.0,53594.277,73750.37,0.644522330213892
2018-06-30T14:00:00.0,2018-06-30T20:00:00.0,20,65712.76,1.0,53810.902,73985.89,0.6621713671228495
2018-06-30T15:00:00.0,2018-06-30T21:00:00.0,21,65027.2,1.0,52970.758,73175.5,0.6736224100779047
2018-06-30T16:00:00.0,2018-06-30T22:00:00.0,22,63185.098,1.0,52529.312,72703.41,0.5521750580945001
2018-06-30T17:00:00.0,2018-06-30T23:00:00.0,23,60398.855,1.0,49735.66,69713.375,0.5623931537742252
2018-06-30T18:00:00.0,2018-07-01T00:00:00.0,0,58362.51,1.0,49282.598,69465.27,0.40782268800200167
2018-06-30T19:00:00.0,2018-07-01T01:00:00.0,1,55867.31,1.0,46484.87,66692.05,0.43406625277563765
2018-06-30T20:00:00.0,2018-07-01T02:00:00.0,2,52517.215,1.0,44129.832,64388.973,0.3445515695067263
2018-06-30T21:00:00.0,2018-07-01T03:00:00.0,3,49222.543,1.0,40592.004,60824.945,0.36629901727759107
2018-06-30T22:00:00.0,2018-07-01T04:00:00.0,4,46330.45,1.0,37656.13,57852.42,0.3714564497672017
2018-06-30T23:00:00.0,2018-07-01T05:00:00.0,5,43929.87,1.0,34355.926,54558.555,0.45166780775024
2018-07-01T00:00:00.0,2018-07-01T06:00:00.0,6,42046.566,1.0,33421.39,53630.883,0.36670055900728604
2018-07-01T01:00:00.0,2018-07-01T07:00:00.0,7,40666.668,1.0,31866.549,51877.367,0.38964761820120836
2018-07-01T02:00:00.0,2018-07-01T08:00:00.0,8,39787.137,1.0,31399.18,50776.062,0.37742675310013307
2018-07-01T03:00:00.0,2018-07-01T09:00:00.0,9,39399.64,1.0,31780.527,50681.293,0.3260841638981177
2018-07-01T04:00:00.0,2018-07-01T10:00:00.0,10,38913.668,1.0,32332.06,51504.77,0.23297332766630122
2018-07-01T05:00:00.0,2018-07-01T11:00:00.0,11,40321.99,1.0,33057.242,52982.848,0.2643695223236817
2018-07-01T06:00:00.0,2018-07-01T12:00:00.0,12,43750.58,1.0,35866.93,55464.082,0.32470119794247865
2018-07-01T07:00:00.0,2018-07-01T13:00:00.0,13,47748.156,1.0,43820.875,57099.43,0.1710060507540865
2018-07-01T08:00:00.0,2018-07-01T14:00:00.0,14,51592.637,1.0,46104.848,59562.973,0.33392889526976
2018-07-01T09:00:00.0,2018-07-01T15:00:00.0,15,55543.31,1.0,54936.723,61046.46,0.03125869910038554
2018-07-01T10:00:00.0,2018-07-01T16:00:00.0,16,59145.8,1.0,57439.496,64437.875,0.11670772763037432
2018-07-01T11:00:00.0,2018-07-01T17:00:00.0,17,62289.574,1.0,54393.7,69596.305,0.5359142818919284
2018-07-01T12:00:00.0,2018-07-01T18:00:00.0,18,64743.97,1.0,53055.684,71722.625,0.7213651295272153
2018-07-01T13:00:00.0,2018-07-01T19:00:00.0,19,66366.02,1.0,53436.25,73453.586,0.75140571345072
2018-07-01T14:00:00.0,2018-07-01T20:00:00.0,20,67042.51,1.0,54633.203,74908.984,0.6988868349140005
2018-07-01T15:00:00.0,2018-07-01T21:00:00.0,21,66502.945,1.0,53786.523,74081.2,0.7220479577787982
2018-07-01T16:00:00.0,2018-07-01T22:00:00.0,22,64492.645,1.0,53062.984,72758.82,0.6456554774823893
2018-07-01T17:00:00.0,2018-07-01T23:00:00.0,23,61500.582,1.0,51946.605,72063.89,0.45354485616325374
2018-07-01T18:00:00.0,2018-07-02T00:00:00.0,0,59436.52,1.0,50387.48,70207.39,0.41991992679020823
2018-07-01T19:00:00.0,2018-07-02T01:00:00.0,1,56706.94,1.0,47100.125,67401.56,0.4504001707879866
2018-07-01T20:00:00.0,2018-07-02T02:00:00.0,2,52769.582,1.0,45030.17,65232.324,0.293269580694631
2018-07-01T21:00:00.0,2018-07-02T03:00:00.0,3,48787.016,1.0,41255.492,61435.523,0.2776501630869596
2018-07-01T22:00:00.0,2018-07-02T04:00:00.0,4,45768.61,1.0,37822.246,58133.266,0.30642582622579884
2018-07-01T23:00:00.0,2018-07-02T05:00:00.0,5,43535.023,1.0,34921.934,55071.684,0.36786442060681823
2018-07-02T00:00:00.0,2018-07-02T06:00:00.0,6,42024.926,1.0,33068.727,53217.258,0.3981378145283184
2018-07-02T01:00:00.0,2018-07-02T07:00:00.0,7,41178.438,1.0,31062.781,51331.52,0.49828645203823757
2018-07-02T02:00:00.0,2018-07-02T08:00:00.0,8,41254.098,1.0,30109.426,50397.33,0.5907571151760791
2018-07-02T03:00:00.0,2018-07-02T09:00:00.0,9,42195.574,1.0,31294.752,51358.395,0.5798531509836884
2018-07-02T04:00:00.0,2018-07-02T10:00:00.0,10,42982.957,1.0,32411.885,52821.285,0.5332791593060653
2018-07-02T05:00:00.0,2018-07-02T11:00:00.0,11,44959.316,1.0,34065.17,53701.137,0.6006343167843524
2018-07-02T06:00:00.0,2018-07-02T12:00:00.0,12,48050.28,1.0,36915.38,57115.133,0.5942076180784305
2018-07-02T07:00:00.0,2018-07-02T13:00:00.0,13,51728.34,1.0,44213.188,57941.055,0.5873368215210609
2018-07-02T08:00:00.0,2018-07-02T14:00:00.0,14,55642.844,1.0,50216.99,64266.824,0.29822686608091586
2018-07-02T09:00:00.0,2018-07-02T15:00:00.0,15,59358.168,1.0,58306.68,61593.133,0.20110516790669578
2018-07-02T10:00:00.0,2018-07-02T16:00:00.0,16,62983.52,1.0,60455.445,65680.47,0.4700333250611541
2018-07-02T11:00:00.0,2018-07-02T17:00:00.0,17,66099.375,1.0,57240.707,71358.36,0.7234445788431929
2018-07-02T12:00:00.0,2018-07-02T18:00:00.0,18,68327.77,1.0,54832.723,72872.96,0.8757048084067512
2018-07-02T13:00:00.0,2018-07-02T19:00:00.0,19,69132.445,1.0,54760.914,75143.69,0.8300048154547777
2018-07-02T14:00:00.0,2018-07-02T20:00:00.0,20,69320.4,1.0,55534.14,75730.25,0.8022195549458921
2018-07-02T15:00:00.0,2018-07-02T21:00:00.0,21,69179.18,1.0,54510.895,74748.29,0.8521746077481204
2018-07-02T16:00:00.0,2018-07-02T22:00:00.0,22,68050.54,1.0,53578.477,73631.09,0.8488303576363936
2018-07-02T17:00:00.0,2018-07-02T23:00:00.0,23,65256.207,1.0,52382.516,72455.29,0.7445972075437995
2018-07-02T18:00:00.0,2018-07-03T00:00:00.0,0,62608.5,1.0,50359.164,70583.414,0.688517574182582
2018-07-02T19:00:00.0,2018-07-03T01:00:00.0,1,59500.832,1.0,45413.8,65875.08,0.8097269444862345
2018-07-02T20:00:00.0,2018-07-03T02:00:00.0,2,55010.816,1.0,44214.46,64502.863,0.5594420783645657
2018-07-02T21:00:00.0,2018-07-03T03:00:00.0,3,50625.2,1.0,41519.902,61663.457,0.4116802636555187
2018-07-02T22:00:00.0,2018-07-03T04:00:00.0,4,46965.316,1.0,38292.918,58542.695,0.3692939063147714
2018-07-02T23:00:00.0,2018-07-03T05:00:00.0,5,44402.047,1.0,35506.37,55607.414,0.3946248930557534
2018-07-03T00:00:00.0,2018-07-03T06:00:00.0,6,42569.867,1.0,32748.223,52848.13,0.4789271363267711
2018-07-03T01:00:00.0,2018-07-03T07:00:00.0,7,41449.75,1.0,30947.271,51179.21,0.535410322957981
2018-07-03T02:00:00.0,2018-07-03T08:00:00.0,8,41324.766,1.0,30279.723,50518.594,0.5842468184262417
2018-07-03T03:00:00.0,2018-07-03T09:00:00.0,9,42289.32,1.0,31086.234,51179.586,0.6055537922487806
2018-07-03T04:00:00.0,2018-07-03T10:00:00.0,10,43036.645,1.0,33131.02,52676.387,0.512622414120326
2018-07-03T05:00:00.0,2018-07-03T11:00:00.0,11,44919.53,1.0,33429.586,53581.395,0.6279613384461837
2018-07-03T06:00:00.0,2018-07-03T12:00:00.0,12,48027.11,1.0,35881.996,56328.855,0.6690408926247379
2018-07-03T07:00:00.0,2018-07-03T13:00:00.0,13,51987.324,1.0,44084.93,60398.22,0.47109694196200486
2018-07-03T08:00:00.0,2018-07-03T14:00:00.0,14,56326.207,1.0,50915.71,65813.85,0.2621936849857314
2018-07-03T09:00:00.0,2018-07-03T15:00:00.0,15,60260.094,1.0,59725.746,64569.125,0.035207542712009404
2018-07-03T10:00:00.0,2018-07-03T16:00:00.0,16,63790.543,1.0,60516.773,68839.414,0.30988505972195035
2018-07-03T11:00:00.0,2018-07-03T17:00:00.0,17,66830.76,1.0,53283.836,73275.055,0.7957107907960852
2018-07-03T12:00:00.0,2018-07-03T18:00:00.0,18,68819.945,1.0,53746.465,73886.31,0.8760762791228333
2018-07-03T13:00:00.0,2018-07-03T19:00:00.0,19,69557.664,1.0,55077.6,75197.99,0.8465763552225655
2018-07-03T14:00:00.0,2018-07-03T20:00:00.0,20,69608.65,1.0,55311.277,75466.66,0.8349418504726437
2018-07-03T15:00:00.0,2018-07-03T21:00:00.0,21,69333.19,1.0,54346.21,74546.914,0.8698080191980804
2018-07-03T16:00:00.0,2018-07-03T22:00:00.0,22,67860.88,1.0,53214.56,73242.94,0.8590313052500085
2018-07-03T17:00:00.0,2018-07-03T23:00:00.0,23,64981.91,1.0,51442.105,71482.52,0.7930418953144789
2018-07-03T18:00:00.0,2018-07-04T00:00:00.0,0,61678.76,1.0,49002.92,69194.555,0.7238922887675867
2018-07-03T19:00:00.0,2018-07-04T01:00:00.0,1,57965.297,1.0,45919.305,66118.68,0.673021578559053
2018-07-03T20:00:00.0,2018-07-04T02:00:00.0,2,53539.895,1.0,43464.33,63585.305,0.5013908720275977
2018-07-03T21:00:00.0,2018-07-04T03:00:00.0,3,49515.2,1.0,39424.207,59535.26,0.5032729789590255
2018-07-03T22:00:00.0,2018-07-04T04:00:00.0,4,46145.344,1.0,36500.473,56721.746,0.45733071871579684
2018-07-03T23:00:00.0,2018-07-04T05:00:00.0,5,43441.36,1.0,33441.957,53514.656,0.496584005991512
2018-07-04T00:00:00.0,2018-07-04T06:00:00.0,6,41357.7,1.0,32683.719,52731.05,0.3770568046816561
2018-07-04T01:00:00.0,2018-07-04T07:00:00.0,7,40125.965,1.0,30515.305,50865.746,0.44865124892723246
2018-07-04T02:00:00.0,2018-07-04T08:00:00.0,8,39656.324,1.0,30264.1,50445.902,0.43602304900181493
2018-07-04T03:00:00.0,2018-07-04T09:00:00.0,9,39711.95,1.0,31385.371,51776.75,0.3348956861441273
2018-07-04T04:00:00.0,2018-07-04T10:00:00.0,10,39297.562,1.0,32462.502,52583.945,0.22789321499150558
2018-07-04T05:00:00.0,2018-07-04T11:00:00.0,11,40278.37,1.0,34061.72,54359.6,0.1837372600359719
2018-07-04T06:00:00.0,2018-07-04T12:00:00.0,12,42881.145,1.0,38149.465,57042.08,0.12286301418457667
2018-07-04T07:00:00.0,2018-07-04T13:00:00.0,13,46117.3,1.0,44808.8,59091.89,0.028883395580366476
2018-07-04T08:00:00.0,2018-07-04T14:00:00.0,14,49513.91,1.0,48780.73,62674.207,0.019006992525908768
2018-07-04T09:00:00.0,2018-07-04T15:00:00.0,15,52497.62,0.0,59548.113,63244.5,0.0
2018-07-04T10:00:00.0,2018-07-04T16:00:00.0,16,54681.746,0.0,59290.832,66404.12,0.0
2018-07-04T11:00:00.0,2018-07-04T17:00:00.0,17,55657.72,1.0,52144.273,72508.11,0.06394672135889751
2018-07-04T12:00:00.0,2018-07-04T18:00:00.0,18,55784.016,1.0,53195.887,73442.46,0.041804209895469256
2018-07-04T13:00:00.0,2018-07-04T19:00:00.0,19,55732.39,1.0,54557.3,74784.02,0.01991574372929983
2018-07-04T14:00:00.0,2018-07-04T20:00:00.0,20,54931.145,1.0,54658.234,74924.41,0.012298424350020168
2018-07-04T15:00:00.0,2018-07-04T21:00:00.0,21,53859.848,1.0,53642.004,73793.85,0.01184506295492618
2018-07-04T16:00:00.0,2018-07-04T22:00:00.0,22,52222.434,1.0,50985.023,71072.305,0.020810331227643527
2018-07-04T17:00:00.0,2018-07-04T23:00:00.0,23,50298.043,0.0,50858.26,71001.18,0.0
2018-07-04T18:00:00.0,2018-07-05T00:00:00.0,0,49052.457,0.0,49072.9,69374.945,0.0
2018-07-04T19:00:00.0,2018-07-05T01:00:00.0,1,47174.69,1.0,46117.89,66260.41,0.0189548697612148
2018-07-04T20:00:00.0,2018-07-05T02:00:00.0,2,45210.875,1.0,42990.293,63221.99,0.03500463095528481
2018-07-04T21:00:00.0,2018-07-05T03:00:00.0,3,42260.324,1.0,39228.027,59457.824,0.051766165724527774
2018-07-04T22:00:00.0,2018-07-05T04:00:00.0,4,39674.793,1.0,36649.145,56821.56,0.05181621491522294
2018-07-04T23:00:00.0,2018-07-05T05:00:00.0,5,37774.473,1.0,33882.137,53914.45,0.07756156276479044
2018-07-05T00:00:00.0,2018-07-05T06:00:00.0,6,36468.793,1.0,32362.81,52036.05,0.08774030806793817
2018-07-05T01:00:00.0,2018-07-05T07:00:00.0,7,35741.48,1.0,30763.893,50464.09,0.12498410785276205
2018-07-05T02:00:00.0,2018-07-05T08:00:00.0,8,36090.65,1.0,30221.34,48987.465,0.19185512753916398
2018-07-05T03:00:00.0,2018-07-05T09:00:00.0,9,37421.758,1.0,30788.336,49788.51,0.24135918593552777
2018-07-05T04:00:00.0,2018-07-05T10:00:00.0,10,38587.77,1.0,30977.56,50737.49,0.2965365742696517
2018-07-05T05:00:00.0,2018-07-05T11:00:00.0,11,40548.777,1.0,32355.652,52337.777,0.3377508037085107
2018-07-05T06:00:00.0,2018-07-05T12:00:00.0,12,43504.77,1.0,33867.43,53902.45,0.46482742709486874
2018-07-05T07:00:00.0,2018-07-05T13:00:00.0,13,47001.957,1.0,37095.11,56839.64,0.5032507073498587
2018-07-05T08:00:00.0,2018-07-05T14:00:00.0,14,50730.293,1.0,39194.938,59355.215,0.6314993667701806
2018-07-05T09:00:00.0,2018-07-05T15:00:00.0,15,54347.965,1.0,51638.6,60397.734,0.1875212645307624
2018-07-05T10:00:00.0,2018-07-05T16:00:00.0,16,57409.188,1.0,51742.582,65170.86,0.35832626052859057
2018-07-05T11:00:00.0,2018-07-05T17:00:00.0,17,59985.11,1.0,49153.97,68451.71,0.612189239503078
2018-07-05T12:00:00.0,2018-07-05T18:00:00.0,18,61418.06,1.0,51583.3,70010.62,0.5623034874822344
2018-07-05T13:00:00.0,2018-07-05T19:00:00.0,19,62497.73,1.0,52798.33,71780.63,0.5203542361964991
2018-07-05T14:00:00.0,2018-07-05T20:00:00.0,20,63292.574,1.0,52693.176,71666.37,0.6075232744783308
2018-07-05T15:00:00.0,2018-07-05T21:00:00.0,21,63155.293,1.0,52580.63,71431.4,0.6116601886792451
2018-07-05T16:00:00.0,2018-07-05T22:00:00.0,22,61473.434,1.0,51284.58,71567.81,0.5043223929215203
2018-07-05T17:00:00.0,2018-07-05T23:00:00.0,23,58970.89,1.0,49727.742,69934.945,0.4214788147827342
2018-07-05T18:00:00.0,2018-07-06T00:00:00.0,0,57140.035,1.0,48197.195,68361.81,0.39631579882550516
2018-07-05T19:00:00.0,2018-07-06T01:00:00.0,1,54296.316,1.0,45166.34,65210.62,0.4179741738154702
2018-07-05T20:00:00.0,2018-07-06T02:00:00.0,2,50291.895,1.0,42869.105,62989.8,0.2709694617616193
2018-07-05T21:00:00.0,2018-07-06T03:00:00.0,3,46542.95,1.0,39271.4,59402.316,0.2592333951762522
2018-07-05T22:00:00.0,2018-07-06T04:00:00.0,4,43408.816,1.0,36433.01,56648.477,0.23553633560578194
2018-07-05T23:00:00.0,2018-07-06T05:00:00.0,5,41153.73,1.0,33299.152,50256.48,0.4320228966411064
2018-07-06T00:00:00.0,2018-07-06T06:00:00.0,6,39510.594,1.0,29168.266,48653.234,0.556943238857229
2018-07-06T01:00:00.0,2018-07-06T07:00:00.0,7,38644.594,1.0,27631.227,47248.484,0.612451294138978
2018-07-06T02:00:00.0,2018-07-06T08:00:00.0,8,38688.016,1.0,28167.207,46919.11,0.6118123707820414
2018-07-06T03:00:00.0,2018-07-06T09:00:00.0,9,39909.29,1.0,29130.549,48002.324,0.6297031850349171
2018-07-06T04:00:00.0,2018-07-06T10:00:00.0,10,40968.73,1.0,29722.932,49803.727,0.6099888487443687
2018-07-06T05:00:00.0,2018-07-06T11:00:00.0,11,42872.055,1.0,31496.688,51592.004,0.6207299942934904
2018-07-06T06:00:00.0,2018-07-06T12:00:00.0,12,46109.14,1.0,33834.992,54054.254,0.6907814074199451
2018-07-06T07:00:00.0,2018-07-06T13:00:00.0,13,49819.066,1.0,38042.453,57873.773,0.6687947008547009
2018-07-06T08:00:00.0,2018-07-06T14:00:00.0,14,53753.97,1.0,41767.555,62190.906,0.6569952578790552
2018-07-06T09:00:00.0,2018-07-06T15:00:00.0,15,57220.62,1.0,49421.52,62226.41,0.6940730276303568
2018-07-06T10:00:00.0,2018-07-06T16:00:00.0,16,60120.684,1.0,51104.617,66019.95,0.6865459582248323
2018-07-06T11:00:00.0,2018-07-06T17:00:00.0,17,62130.47,1.0,50372.363,69302.46,0.7134660859262226
2018-07-06T12:00:00.0,2018-07-06T18:00:00.0,18,62839.59,1.0,50361.246,70621.555,0.7051239551558847
2018-07-06T13:00:00.0,2018-07-06T19:00:00.0,19,61985.7,1.0,50502.418,70805.7,0.6198764945473654
2018-07-06T14:00:00.0,2018-07-06T20:00:00.0,20,60521.473,1.0,50173.605,68592.52,0.6131524824749434
2018-07-06T15:00:00.0,2018-07-06T21:00:00.0,21,58580.688,1.0,49013.33,69132.23,0.4547013420357878
2018-07-06T16:00:00.0,2018-07-06T22:00:00.0,22,56403.53,1.0,48049.12,68190.414,0.3458975319148938
2018-07-06T17:00:00.0,2018-07-06T23:00:00.0,23,53697.895,1.0,45680.293,64252.223,0.3753460625059368
2018-07-06T18:00:00.0,2018-07-07T00:00:00.0,0,52459.53,1.0,43773.85,62225.027,0.4458575371401809
2018-07-06T19:00:00.0,2018-07-07T01:00:00.0,1,50426.39,1.0,41805.87,58401.89,0.536018739276722
2018-07-06T20:00:00.0,2018-07-07T02:00:00.0,2,47406.56,1.0,39292.79,57407.414,0.4042634732923207
2018-07-06T21:00:00.0,2018-07-07T03:00:00.0,3,44101.574,1.0,35576.78,54513.39,0.4083432048449762
2018-07-06T22:00:00.0,2018-07-07T04:00:00.0,4,41292.4,1.0,35390.605,52491.164,0.23560803919273673
2018-07-06T23:00:00.0,2018-07-07T05:00:00.0,5,39230.41,1.0,30589.346,49638.523,0.4145797151127365
2018-07-07T00:00:00.0,2018-07-07T06:00:00.0,6,37665.133,1.0,30418.209,50633.21,0.2551687875966242
2018-07-07T01:00:00.0,2018-07-07T07:00:00.0,7,36606.957,1.0,29053.545,49220.35,0.2797149565083519
2018-07-07T02:00:00.0,2018-07-07T08:00:00.0,8,36235.434,1.0,28865.953,48869.316,0.2701916107252342
2018-07-07T03:00:00.0,2018-07-07T09:00:00.0,9,36415.664,1.0,28951.982,49107.72,0.27312338262476876
2018-07-07T04:00:00.0,2018-07-07T10:00:00.0,10,36479.535,1.0,29615.855,49873.633,0.22667484003388766
2018-07-07T05:00:00.0,2018-07-07T11:00:00.0,11,38389.03,1.0,31889.27,52032.742,0.20470861904918136
2018-07-07T06:00:00.0,2018-07-07T12:00:00.0,12,41875.676,1.0,34849.773,54527.137,0.25302139484033603
2018-07-07T07:00:00.0,2018-07-07T13:00:00.0,13,45810.062,1.0,37910.543,57554.535,0.32444788256955787
2018-07-07T08:00:00.0,2018-07-07T14:00:00.0,14,49656.973,1.0,39585.91,59749.816,0.4989976344541296
2018-07-07T09:00:00.0,2018-07-07T15:00:00.0,15,52939.168,1.0,46385.652,61718.64,0.36779251588179585
2018-07-07T10:00:00.0,2018-07-07T16:00:00.0,16,55575.426,1.0,45534.875,65534.395,0.5037856473361358
2018-07-07T11:00:00.0,2018-07-07T17:00:00.0,17,57248.62,1.0,47480.9,67852.07,0.46198500580888785
2018-07-07T12:00:00.0,2018-07-07T18:00:00.0,18,58289.95,1.0,47801.586,66050.78,0.6359547310117485
2018-07-07T13:00:00.0,2018-07-07T19:00:00.0,19,58593.72,1.0,49256.145,69288.03,0.43740530458871635
2018-07-07T14:00:00.0,2018-07-07T20:00:00.0,20,58121.457,1.0,48860.04,68878.375,0.43101613818088697
2018-07-07T15:00:00.0,2018-07-07T21:00:00.0,21,56635.5,1.0,47652.5,68099.86,0.3888563228387545
2018-07-07T16:00:00.0,2018-07-07T22:00:00.0,22,54636.035,1.0,46881.977,67148.21,0.2924851485148515
2018-07-07T17:00:00.0,2018-07-07T23:00:00.0,23,52408.137,1.0,45436.125,65726.92,0.2334374713761302
2018-07-07T18:00:00.0,2018-07-08T00:00:00.0,0,51160.098,1.0,43694.344,63825.176,0.2739942936458972
2018-07-07T19:00:00.0,2018-07-08T01:00:00.0,1,49270.105,1.0,41362.516,61502.14,0.30871445679791587
2018-07-07T20:00:00.0,2018-07-08T02:00:00.0,2,46490.812,1.0,38885.81,59117.816,0.2818312904988677
2018-07-07T21:00:00.0,2018-07-08T03:00:00.0,3,43635.797,1.0,35527.438,55769.688,0.3218221299406053
2018-07-07T22:00:00.0,2018-07-08T04:00:00.0,4,41036.9,1.0,33029.63,53329.92,0.31167548644467974
2018-07-07T23:00:00.0,2018-07-08T05:00:00.0,5,38950.723,1.0,30237.854,50548.938,0.37052254427642
2018-07-08T00:00:00.0,2018-07-08T06:00:00.0,6,37339.402,1.0,29591.541,49209.41,0.3124984203742241
2018-07-08T01:00:00.0,2018-07-08T07:00:00.0,7,36245.86,1.0,27985.19,48226.418,0.33451087775712207
2018-07-08T02:00:00.0,2018-07-08T08:00:00.0,8,35660.24,1.0,27804.064,47492.02,0.31926716250020964
2018-07-08T03:00:00.0,2018-07-08T09:00:00.0,9,35639.754,1.0,28021.926,47632.25,0.3019050309970582
2018-07-08T04:00:00.0,2018-07-08T10:00:00.0,10,35413.504,1.0,29060.908,48715.555,0.20541923335574985
2018-07-08T05:00:00.0,2018-07-08T11:00:00.0,11,37061.117,1.0,30750.799,49880.1,0.21435047077633676
2018-07-08T06:00:00.0,2018-07-08T12:00:00.0,12,40582.426,1.0,33331.453,52144.22,0.29700982107050505
2018-07-08T07:00:00.0,2018-07-08T13:00:00.0,13,44379.965,1.0,35509.97,54437.863,0.44196344104820423
2018-07-08T08:00:00.0,2018-07-08T14:00:00.0,14,47741.53,1.0,37525.08,57362.758,0.5278228713370563
2018-07-08T09:00:00.0,2018-07-08T15:00:00.0,15,50418.324,1.0,42913.652,58963.07,0.44008361874434465
2018-07-08T10:00:00.0,2018-07-08T16:00:00.0,16,52153.453,1.0,44830.062,63690.84,0.30162291767470817
2018-07-08T11:00:00.0,2018-07-08T17:00:00.0,17,53283.902,1.0,46547.902,65591.664,0.24806828916143814
2018-07-08T12:00:00.0,2018-07-08T18:00:00.0,18,54189.625,1.0,46932.176,67059.62,0.25827984204978977
2018-07-08T13:00:00.0,2018-07-08T19:00:00.0,19,54818.652,1.0,48130.285,68131.695,0.2205046319549085
2018-07-08T14:00:00.0,2018-07-08T20:00:00.0,20,55015.297,1.0,47365.137,67407.555,0.2910225297740615
2018-07-08T15:00:00.0,2018-07-08T21:00:00.0,21,54535.312,1.0,45950.402,66083.336,0.3660413282722555
2018-07-08T16:00:00.0,2018-07-08T22:00:00.0,22,53254.355,1.0,45315.914,65470.57,0.3107421135064661
2018-07-08T17:00:00.0,2018-07-08T23:00:00.0,23,51470.582,1.0,41609.656,60111.49,0.5609570003167569
2018-07-08T18:00:00.0,2018-07-09T00:00:00.0,0,50626.656,1.0,39858.04,58715.355,0.629528558731347
2018-07-08T19:00:00.0,2018-07-09T01:00:00.0,1,49012.613,1.0,38669.586,57376.37,0.5972064890499691
2018-07-08T20:00:00.0,2018-07-09T02:00:00.0,2,45860.434,1.0,34668.91,54332.137,0.6261805898238784
2018-07-08T21:00:00.0,2018-07-09T03:00:00.0,3,42426.953,1.0,32107.363,51537.81,0.5575299215652886
2018-07-08T22:00:00.0,2018-07-09T04:00:00.0,4,39869.2,1.0,30659.805,49680.234,0.4706708350376906
2018-07-08T23:00:00.0,2018-07-09T05:00:00.0,5,38145.15,1.0,28607.219,47759.957,0.49627519379845
2018-07-09T00:00:00.0,2018-07-09T06:00:00.0,6,37105.81,1.0,28611.594,46646.89,0.4462966360856267
2018-07-09T01:00:00.0,2018-07-09T07:00:00.0,7,36750.746,1.0,27289.11,45610.008,0.5304840288641067
2018-07-09T02:00:00.0,2018-07-09T08:00:00.0,8,37319.492,1.0,27896.756,46193.496,0.5278097600485976
2018-07-09T03:00:00.0,2018-07-09T09:00:00.0,9,39105.52,1.0,29438.305,48501.28,0.5132124231338052
2018-07-09T04:00:00.0,2018-07-09T10:00:00.0,10,40497.113,1.0,29892.227,48849.24,0.6088962388962389
2018-07-09T05:00:00.0,2018-07-09T11:00:00.0,11,42147.137,1.0,32063.656,51161.383,0.551811819520789
2018-07-09T06:00:00.0,2018-07-09T12:00:00.0,12,44679.605,1.0,32789.11,52327.594,0.6932515680256223
2018-07-09T07:00:00.0,2018-07-09T13:00:00.0,13,47748.582,1.0,37075.953,55377.707,0.6505677890694521
2018-07-09T08:00:00.0,2018-07-09T14:00:00.0,14,50659.766,1.0,40952.54,58843.785,0.5784974573766651
2018-07-09T09:00:00.0,2018-07-09T15:00:00.0,15,53029.426,1.0,45393.836,57600.785,0.7203755468511549
2018-07-09T10:00:00.0,2018-07-09T16:00:00.0,16,54303.734,1.0,45730.57,62519.418,0.5197529745793603
2018-07-09T11:00:00.0,2018-07-09T17:00:00.0,17,54639.074,1.0,45425.574,63646.023,0.5105192703137409
2018-07-09T12:00:00.0,2018-07-09T18:00:00.0,18,54476.293,1.0,47869.777,67477.3,0.22405272895467152
2018-07-09T13:00:00.0,2018-07-09T19:00:00.0,19,54251.78,1.0,48116.453,65583.63,0.24446641937887773
2018-07-09T14:00:00.0,2018-07-09T20:00:00.0,20,54527.297,1.0,49359.86,68921.266,0.1363210552128236
2018-07-09T15:00:00.0,2018-07-09T21:00:00.0,21,54460.355,1.0,48019.273,66851.25,0.23118495069348002
2018-07-09T16:00:00.0,2018-07-09T22:00:00.0,22,53361.043,1.0,47298.64,66184.82,0.2024924763091221
2018-07-09T17:00:00.0,2018-07-09T23:00:00.0,23,51526.47,1.0,44507.1,62642.082,0.2996329178911591
2018-07-09T18:00:00.0,2018-07-10T00:00:00.0,0,50833.953,1.0,43674.062,60574.82,0.36120056701777653
2018-07-09T19:00:00.0,2018-07-10T01:00:00.0,1,49084.234,1.0,41377.07,59219.246,0.37580101647319386
2018-07-09T20:00:00.0,2018-07-10T02:00:00.0,2,45622.344,1.0,37325.16,52998.46,0.5543661955310535
2018-07-09T21:00:00.0,2018-07-10T03:00:00.0,3,42081.465,1.0,32340.844,51351.45,0.5229617539585868
2018-07-09T22:00:00.0,2018-07-10T04:00:00.0,4,39643.793,1.0,32232.53,50425.984,0.333235666772252
2018-07-09T23:00:00.0,2018-07-10T05:00:00.0,5,37830.793,1.0,28604.83,47460.355,0.48014293302903926
2018-07-10T00:00:00.0,2018-07-10T06:00:00.0,6,36601.15,1.0,29064.691,48559.703,0.2988649912716973
2018-07-10T01:00:00.0,2018-07-10T07:00:00.0,7,36085.855,1.0,27807.877,47289.15,0.36343294702729917
2018-07-10T02:00:00.0,2018-07-10T08:00:00.0,8,36566.43,1.0,27903.309,46998.92,0.4146736704123409
2018-07-10T03:00:00.0,2018-07-10T09:00:00.0,9,38150.19,1.0,28774.834,48603.355,0.44968754925503257
2018-07-10T04:00:00.0,2018-07-10T10:00:00.0,10,39545.324,1.0,29850.824,49584.09,0.4838144203927025
2018-07-10T05:00:00.0,2018-07-10T11:00:00.0,11,41348.004,1.0,31359.07,51052.94,0.5133799540385777
2018-07-10T06:00:00.0,2018-07-10T12:00:00.0,12,44289.03,1.0,33380.688,53262.19,0.5895679384020285
2018-07-10T07:00:00.0,2018-07-10T13:00:00.0,13,47776.156,1.0,35890.383,55850.344,0.6715582476216045
2018-07-10T08:00:00.0,2018-07-10T14:00:00.0,14,51774.562,1.0,38757.73,58301.395,0.7800972359397389
2018-07-10T09:00:00.0,2018-07-10T15:00:00.0,15,55439.113,1.0,48261.305,59806.566,0.7143781550542425
2018-07-10T10:00:00.0,2018-07-10T16:00:00.0,16,58606.81,1.0,48022.21,64924.65,0.7214711096007421
2018-07-10T11:00:00.0,2018-07-10T17:00:00.0,17,60745.156,1.0,48355.926,66369.195,0.8088429304832635
2018-07-10T12:00:00.0,2018-07-10T18:00:00.0,18,61785.938,1.0,47911.527,67830.33,0.8197640377290271
2018-07-10T13:00:00.0,2018-07-10T19:00:00.0,19,61484.613,1.0,49405.48,67945.04,0.7596018617126173
2018-07-10T14:00:00.0,2018-07-10T20:00:00.0,20,60387.25,1.0,49650.06,69743.64,0.5635008886660897
2018-07-10T15:00:00.0,2018-07-10T21:00:00.0,21,59191.184,1.0,47866.51,67050.81,0.6628117296767184
2018-07-10T16:00:00.0,2018-07-10T22:00:00.0,22,57696.41,1.0,46489.91,66533.43,0.6083422861381981
2018-07-10T17:00:00.0,2018-07-10T23:00:00.0,23,55762.86,1.0,46165.227,64767.797,0.5295422317818803
2018-07-10T18:00:00.0,2018-07-11T00:00:00.0,0,54618.176,1.0,44517.066,63364.582,0.5663930077540471
2018-07-10T19:00:00.0,2018-07-11T01:00:00.0,1,52374.41,1.0,41565.73,61262.285,0.5897347944196328
2018-07-10T20:00:00.0,2018-07-11T02:00:00.0,2,48644.438,1.0,39269.594,55660.023,0.631129130346645
2018-07-10T21:00:00.0,2018-07-11T03:00:00.0,3,44768.324,1.0,33537.633,52739.996,0.6535024102838781
2018-07-10T22:00:00.0,2018-07-11T04:00:00.0,4,41816.504,1.0,31597.408,49483.117,0.6300531904491857
2018-07-10T23:00:00.0,2018-07-11T05:00:00.0,5,39829.082,1.0,31257.373,46887.08,0.5891260603669367
2018-07-11T00:00:00.0,2018-07-11T06:00:00.0,6,38485.785,1.0,30304.668,50586.746,0.32651213672391044
2018-07-11T01:00:00.0,2018-07-11T07:00:00.0,7,37681.766,1.0,28936.78,49178.496,0.37591512468078075
2018-07-11T02:00:00.0,2018-07-11T08:00:00.0,8,37935.742,1.0,29194.736,49427.75,0.37589578592168243
2018-07-11T03:00:00.0,2018-07-11T09:00:00.0,9,39404.277,1.0,30102.2,50227.977,0.4301926384275898
2018-07-11T04:00:00.0,2018-07-11T10:00:00.0,10,40778.17,1.0,31885.684,50992.312,0.4360830266083885
2018-07-11T05:00:00.0,2018-07-11T11:00:00.0,11,42327.48,1.0,32603.414,52658.63,0.4719310561415827
2018-07-11T06:00:00.0,2018-07-11T12:00:00.0,12,45011.395,1.0,35278.168,55449.08,0.46762500572895155
2018-07-11T07:00:00.0,2018-07-11T13:00:00.0,13,48663.098,1.0,37959.316,58276.156,0.5496948075526507
2018-07-11T08:00:00.0,2018-07-11T14:00:00.0,14,52620.855,1.0,42953.637,62806.836,0.47576607259494286
2018-07-11T09:00:00.0,2018-07-11T15:00:00.0,15,56393.06,1.0,51287.59,63777.562,0.3356197920907629
2018-07-11T10:00:00.0,2018-07-11T16:00:00.0,16,59831.375,1.0,52860.062,67924.18,0.43125282661025605
2018-07-11T11:00:00.0,2018-07-11T17:00:00.0,17,62790.14,1.0,53050.098,69976.73,0.6371737625654748
2018-07-11T12:00:00.0,2018-07-11T18:00:00.0,18,64675.793,1.0,51908.5,71173.72,0.7754586471610659
2018-07-11T13:00:00.0,2018-07-11T19:00:00.0,19,65889.91,1.0,52409.254,70960.45,0.8541484741113269
2018-07-11T14:00:00.0,2018-07-11T20:00:00.0,20,66574.42,1.0,52590.395,72874.84,0.8108827670645852
2018-07-11T15:00:00.0,2018-07-11T21:00:00.0,21,65914.586,1.0,51488.074,71761.53,0.8375266140745592
2018-07-11T16:00:00.0,2018-07-11T22:00:00.0,22,63992.043,1.0,50820.965,71002.086,0.7611988099033044
2018-07-11T17:00:00.0,2018-07-11T23:00:00.0,23,61168.24,1.0,49240.89,66682.9,0.8037705532841133
2018-07-11T18:00:00.0,2018-07-12T00:00:00.0,0,59076.656,1.0,45475.14,63589.832,0.8783881777148234
2018-07-11T19:00:00.0,2018-07-12T01:00:00.0,1,56238.332,1.0,42767.34,61063.64,0.8641168158786583
2018-07-11T20:00:00.0,2018-07-12T02:00:00.0,2,52108.66,1.0,40082.47,55943.152,0.8851457029026754
2018-07-11T21:00:00.0,2018-07-12T03:00:00.0,3,47926.406,1.0,36363.215,51727.7,0.8800481766319834
2018-07-11T22:00:00.0,2018-07-12T04:00:00.0,4,44584.316,1.0,33218.668,53248.453,0.6231413169855192
2018-07-11T23:00:00.0,2018-07-12T05:00:00.0,5,42201.164,1.0,29944.074,49196.438,0.7375315814468891
2018-07-12T00:00:00.0,2018-07-12T06:00:00.0,6,40470.47,1.0,30354.371,49607.605,0.5470769230769236
2018-07-12T01:00:00.0,2018-07-12T07:00:00.0,7,39529.062,1.0,28447.895,48889.164,0.5776392307966749
2018-07-12T02:00:00.0,2018-07-12T08:00:00.0,8,39653.863,1.0,29447.873,49771.246,0.5040458621760333
2018-07-12T03:00:00.0,2018-07-12T09:00:00.0,9,40957.684,1.0,32600.123,49591.406,0.48492047377326597
2018-07-12T04:00:00.0,2018-07-12T10:00:00.0,10,42080.254,1.0,33506.17,51245.953,0.4690807137496874
2018-07-12T05:00:00.0,2018-07-12T11:00:00.0,11,43734.41,1.0,35153.64,52635.977,0.48297603259312744
2018-07-12T06:00:00.0,2018-07-12T12:00:00.0,12,46796.746,1.0,37047.43,55679.844,0.5430591821988184
2018-07-12T07:00:00.0,2018-07-12T13:00:00.0,13,50492.316,1.0,40279.668,59691.12,0.5483517339667461
2018-07-12T08:00:00.0,2018-07-12T14:00:00.0,14,54596.688,1.0,46849.543,62232.414,0.5067212818068847
2018-07-12T09:00:00.0,2018-07-12T15:00:00.0,15,58322.984,1.0,55217.375,64798.55,0.20664256939462447
2018-07-12T10:00:00.0,2018-07-12T16:00:00.0,16,61575.156,1.0,56426.82,68249.89,0.38196540312876137
2018-07-12T11:00:00.0,2018-07-12T17:00:00.0,17,64066.316,1.0,55807.688,72507.02,0.4898818197974055
2018-07-12T12:00:00.0,2018-07-12T18:00:00.0,18,65460.05,1.0,56143.875,73591.664,0.5627437808334209
2018-07-12T13:00:00.0,2018-07-12T19:00:00.0,19,65556.89,1.0,56186.184,75014.91,0.4956964870086345
2018-07-12T14:00:00.0,2018-07-12T20:00:00.0,20,64130.926,1.0,54860.25,74399.414,0.4527195673308354
2018-07-12T15:00:00.0,2018-07-12T21:00:00.0,21,61900.348,1.0,54084.613,73866.836,0.3127459564229378
2018-07-12T16:00:00.0,2018-07-12T22:00:00.0,22,59168.28,1.0,51801.96,71203.75,0.28780565641434797
2018-07-12T17:00:00.0,2018-07-12T23:00:00.0,23,56429.168,1.0,49506.98,67145.19,0.3084138364315011
2018-07-12T18:00:00.0,2018-07-13T00:00:00.0,0,54690.668,1.0,48699.453,64318.727,0.29404034902005066
2018-07-12T19:00:00.0,2018-07-13T01:00:00.0,1,52342.496,1.0,43471.863,61111.727,0.5053343223593533
2018-07-12T20:00:00.0,2018-07-13T02:00:00.0,2,48702.0,1.0,41253.734,55979.93,0.5107330528755322
2018-07-12T21:00:00.0,2018-07-13T03:00:00.0,3,45056.36,1.0,38416.727,51311.75,0.5276313067463514
2018-07-12T22:00:00.0,2018-07-13T04:00:00.0,4,42196.3,1.0,33599.84,52721.9,0.40722907472369985
2018-07-12T23:00:00.0,2018-07-13T05:00:00.0,5,40176.176,1.0,34289.965,51253.21,0.23828874841972159
2018-07-13T00:00:00.0,2018-07-13T06:00:00.0,6,38770.31,1.0,32155.525,52470.645,0.20858898699338274
2018-07-13T01:00:00.0,2018-07-13T07:00:00.0,7,38083.996,1.0,31155.148,51246.207,0.23524958905864185
2018-07-13T02:00:00.0,2018-07-13T08:00:00.0,8,38210.406,1.0,30599.176,50715.266,0.28574150995249514
2018-07-13T03:00:00.0,2018-07-13T09:00:00.0,9,39607.867,1.0,31533.316,51459.562,0.3296182352941172
2018-07-13T04:00:00.0,2018-07-13T10:00:00.0,10,40770.51,1.0,32058.73,52358.895,0.3708349845308861
2018-07-13T05:00:00.0,2018-07-13T11:00:00.0,11,42558.613,1.0,35126.28,54690.27,0.2881632933160024
2018-07-13T06:00:00.0,2018-07-13T12:00:00.0,12,45579.62,1.0,38257.72,57738.977,0.2817579192307381
2018-07-13T07:00:00.0,2018-07-13T13:00:00.0,13,49456.707,1.0,39074.055,59209.2,0.5290192921607776
2018-07-13T08:00:00.0,2018-07-13T14:00:00.0,14,53505.066,1.0,43373.504,62040.96,0.5788084308401537
2018-07-13T09:00:00.0,2018-07-13T15:00:00.0,15,57079.984,1.0,54656.465,66371.58,0.08641077890160902
2018-07-13T10:00:00.0,2018-07-13T16:00:00.0,16,60225.434,1.0,53912.484,70374.12,0.2939059544009521
2018-07-13T11:00:00.0,2018-07-13T17:00:00.0,17,62932.28,1.0,52989.46,72767.85,0.5050319517298975
2018-07-13T12:00:00.0,2018-07-13T18:00:00.0,18,64497.406,1.0,53423.734,73713.73,0.5843119831940288
2018-07-13T13:00:00.0,2018-07-13T19:00:00.0,19,65475.082,1.0,54639.277,74913.52,0.5636882994868833
2018-07-13T14:00:00.0,2018-07-13T20:00:00.0,20,65956.35,1.0,55048.535,75206.914,0.5758306954870224
2018-07-13T15:00:00.0,2018-07-13T21:00:00.0,21,65306.504,1.0,54585.24,74383.74,0.5765835443620791
2018-07-13T16:00:00.0,2018-07-13T22:00:00.0,22,63435.2,1.0,53512.57,73552.0,0.49100856679786975
2018-07-13T17:00:00.0,2018-07-13T23:00:00.0,23,60648.848,1.0,51814.277,71971.96,0.3869889010446074
2018-07-13T18:00:00.0,2018-07-14T00:00:00.0,0,58575.402,1.0,49912.227,70208.83,0.3667716141929036
2018-07-13T19:00:00.0,2018-07-14T01:00:00.0,1,56032.08,1.0,46627.004,66797.055,0.4376865807154534
2018-07-13T20:00:00.0,2018-07-14T02:00:00.0,2,52537.926,1.0,43726.98,64125.35,0.3757664265142145
2018-07-13T21:00:00.0,2018-07-14T03:00:00.0,3,48915.44,1.0,40214.43,60606.688,0.3665146772547575
2018-07-13T22:00:00.0,2018-07-14T04:00:00.0,4,45782.72,1.0,37261.07,57419.777,0.35960371878812875
2018-07-13T23:00:00.0,2018-07-14T05:00:00.0,5,43322.02,1.0,34176.0,54013.664,0.42808749195845935
2018-07-14T00:00:00.0,2018-07-14T06:00:00.0,6,41554.05,1.0,31847.865,52118.03,0.4607894880869856
2018-07-14T01:00:00.0,2018-07-14T07:00:00.0,7,40423.38,1.0,29872.742,49675.76,0.5606074282332051
2018-07-14T02:00:00.0,2018-07-14T08:00:00.0,8,39853.562,1.0,29750.873,49947.54,0.5004002021687186
2018-07-14T03:00:00.0,2018-07-14T09:00:00.0,9,39920.137,1.0,30117.117,50081.535,0.4833461231163716
2018-07-14T04:00:00.0,2018-07-14T10:00:00.0,10,39807.254,1.0,30637.77,50884.8,0.4132404056329953
2018-07-14T05:00:00.0,2018-07-14T11:00:00.0,11,41805.176,1.0,32694.557,50961.832,0.4976612649225299
2018-07-14T06:00:00.0,2018-07-14T12:00:00.0,12,45750.496,1.0,35575.91,54863.16,0.5509575553077314
2018-07-14T07:00:00.0,2018-07-14T13:00:00.0,13,50000.504,1.0,39289.83,58648.523,0.5978775289690376
2018-07-14T08:00:00.0,2018-07-14T14:00:00.0,14,54027.23,1.0,41477.367,60812.473,0.7560019061594669
2018-07-14T09:00:00.0,2018-07-14T15:00:00.0,15,57620.254,1.0,48895.438,64481.555,0.6095475966069743
2018-07-14T10:00:00.0,2018-07-14T16:00:00.0,16,60537.145,1.0,50944.8,67163.695,0.6647117655665404
2018-07-14T11:00:00.0,2018-07-14T17:00:00.0,17,62818.105,1.0,52234.113,71210.01,0.6059261182334839
2018-07-14T12:00:00.0,2018-07-14T18:00:00.0,18,64413.98,1.0,52251.496,71837.4,0.7132268860126613
2018-07-14T13:00:00.0,2018-07-14T19:00:00.0,19,65415.22,1.0,53584.07,72788.85,0.7053666120565716
2018-07-14T14:00:00.0,2018-07-14T20:00:00.0,20,65381.707,1.0,53377.9,72310.3,0.7335412910495818
2018-07-14T15:00:00.0,2018-07-14T21:00:00.0,21,64619.504,1.0,52050.465,70843.086,0.7838896202531644
2018-07-14T16:00:00.0,2018-07-14T22:00:00.0,22,62861.906,1.0,50236.1,69144.75,0.7823918997606161
2018-07-14T17:00:00.0,2018-07-14T23:00:00.0,23,60322.31,1.0,48399.4,67766.37,0.7046909190371993
2018-07-14T18:00:00.0,2018-07-15T00:00:00.0,0,58395.625,1.0,46755.47,65522.46,0.7120653290016327
2018-07-14T19:00:00.0,2018-07-15T01:00:00.0,1,55979.64,1.0,43427.99,62336.055,0.7770119395495734
2018-07-14T20:00:00.0,2018-07-15T02:00:00.0,2,52586.11,1.0,41673.434,60583.844,0.6400508339515841
2018-07-14T21:00:00.0,2018-07-15T03:00:00.0,3,49119.688,1.0,37506.344,55151.71,0.769074954829405
2018-07-14T22:00:00.0,2018-07-15T04:00:00.0,4,46096.44,1.0,35481.473,54586.008,0.6021026968230748
2018-07-14T23:00:00.0,2018-07-15T05:00:00.0,5,43881.094,1.0,32361.986,52636.14,0.6244287616279576
2018-07-15T00:00:00.0,2018-07-15T06:00:00.0,6,42174.418,1.0,32702.2,52935.58,0.441095361410204
2018-07-15T01:00:00.0,2018-07-15T07:00:00.0,7,41016.73,1.0,31140.04,51134.082,0.48883095076857436
2018-07-15T02:00:00.0,2018-07-15T08:00:00.0,8,40335.164,1.0,30225.627,50330.508,0.5052707954472024
2018-07-15T03:00:00.0,2018-07-15T09:00:00.0,9,40064.76,1.0,30861.168,50396.906,0.4465509128552606
2018-07-15T04:00:00.0,2018-07-15T10:00:00.0,10,39688.375,1.0,31536.23,51717.945,0.3274671014420603
2018-07-15T05:00:00.0,2018-07-15T11:00:00.0,11,41269.14,1.0,32561.018,52711.57,0.3761359039689002
2018-07-15T06:00:00.0,2018-07-15T12:00:00.0,12,44943.01,1.0,34579.38,54839.527,0.5213863414009714
2018-07-15T07:00:00.0,2018-07-15T13:00:00.0,13,49204.77,1.0,38333.027,57958.99,0.5990898566703415
2018-07-15T08:00:00.0,2018-07-15T14:00:00.0,14,53120.438,1.0,41198.3,60086.97,0.7291738851723404
2018-07-15T09:00:00.0,2018-07-15T15:00:00.0,15,56895.574,1.0,43906.32,63268.52,0.7866465409511508
2018-07-15T10:00:00.0,2018-07-15T16:00:00.0,16,60195.0,1.0,47818.027,66540.91,0.7731557767974245
2018-07-15T11:00:00.0,2018-07-15T17:00:00.0,17,62644.562,1.0,51002.008,70293.125,0.6849532229875602
2018-07-15T12:00:00.0,2018-07-15T18:00:00.0,18,64133.766,1.0,52791.95,72947.445,0.6147699257938996
2018-07-15T13:00:00.0,2018-07-15T19:00:00.0,19,65169.047,1.0,54499.53,74647.46,0.5546892165629503
2018-07-15T14:00:00.0,2018-07-15T20:00:00.0,20,65870.305,1.0,54742.594,74905.375,0.5953872641087548
2018-07-15T15:00:00.0,2018-07-15T21:00:00.0,21,65547.8,1.0,53882.254,74125.414,0.6386497226877696
2018-07-15T16:00:00.0,2018-07-15T22:00:00.0,22,63959.23,1.0,51386.78,71007.96,0.7437128825947925
2018-07-15T17:00:00.0,2018-07-15T23:00:00.0,23,61287.44,1.0,50445.375,69983.67,0.6008272055452666
2018-07-15T18:00:00.0,2018-07-16T00:00:00.0,0,59494.613,1.0,49863.027,70017.03,0.45905094393147694
2018-07-15T19:00:00.0,2018-07-16T01:00:00.0,1,57013.832,1.0,46427.8,66610.63,0.5453864008114555
2018-07-15T20:00:00.0,2018-07-16T02:00:00.0,2,53185.76,1.0,44160.434,64423.586,0.3997445078017947
2018-07-15T21:00:00.0,2018-07-16T03:00:00.0,3,49170.5,1.0,40788.613,61033.55,0.344584056559841
2018-07-15T22:00:00.0,2018-07-16T04:00:00.0,4,46086.59,1.0,38133.34,58325.746,0.31073729701414304
2018-07-15T23:00:00.0,2018-07-16T05:00:00.0,5,43830.297,1.0,34848.582,55218.12,0.3917418185975744
2018-07-16T00:00:00.0,2018-07-16T06:00:00.0,6,42286.848,1.0,32535.873,52450.996,0.480753283039955
2018-07-16T01:00:00.0,2018-07-16T07:00:00.0,7,41406.066,1.0,31240.102,51512.43,0.502728288136524
2018-07-16T02:00:00.0,2018-07-16T08:00:00.0,8,41513.715,1.0,30743.814,51006.465,0.5582850195523374
2018-07-16T03:00:00.0,2018-07-16T09:00:00.0,9,42785.285,1.0,31461.432,51537.742,0.6171258614885816
2018-07-16T04:00:00.0,2018-07-16T10:00:00.0,10,43726.76,1.0,32216.209,52336.94,0.6313102956769631
2018-07-16T05:00:00.0,2018-07-16T11:00:00.0,11,45382.473,1.0,34812.914,54130.832,0.5867922331555618
2018-07-16T06:00:00.0,2018-07-16T12:00:00.0,12,48391.938,1.0,37759.316,57091.676,0.59195623583401
2018-07-16T07:00:00.0,2018-07-16T13:00:00.0,13,52543.19,1.0,39109.14,58973.23,0.7939320743668573
2018-07-16T08:00:00.0,2018-07-16T14:00:00.0,14,56786.03,1.0,44450.145,63718.133,0.7429180073657686
2018-07-16T09:00:00.0,2018-07-16T15:00:00.0,15,60775.984,1.0,48446.344,65951.61,0.829113988217564
2018-07-16T10:00:00.0,2018-07-16T16:00:00.0,16,64253.496,1.0,51887.81,68342.875,0.8789881129012549
2018-07-16T11:00:00.0,2018-07-16T17:00:00.0,17,67263.19,1.0,53451.348,69893.16,0.9430358909919109
2018-07-16T12:00:00.0,2018-07-16T18:00:00.0,18,69235.164,1.0,54515.95,74610.625,0.8603042516835865
2018-07-16T13:00:00.0,2018-07-16T19:00:00.0,19,70292.45,1.0,55938.766,76029.94,0.840764647467726
2018-07-16T14:00:00.0,2018-07-16T20:00:00.0,20,70559.68,1.0,56868.52,76351.9,0.8271602658788768
2018-07-16T15:00:00.0,2018-07-16T21:00:00.0,21,69903.26,1.0,55875.965,74492.61,0.8808505273366465
2018-07-16T16:00:00.0,2018-07-16T22:00:00.0,22,67911.51,1.0,53952.48,72680.44,0.8731245846326873
2018-07-16T17:00:00.0,2018-07-16T23:00:00.0,23,64981.793,1.0,52864.24,71895.055,0.7376528806501977
2018-07-16T18:00:00.0,2018-07-17T00:00:00.0,0,62712.387,1.0,50094.51,69553.29,0.7550805712138297
2018-07-16T19:00:00.0,2018-07-17T01:00:00.0,1,59395.86,1.0,46618.992,64592.477,0.8366919370382271
2018-07-16T20:00:00.0,2018-07-17T02:00:00.0,2,54696.066,1.0,44983.727,65197.953,0.46380268549685355
2018-07-16T21:00:00.0,2018-07-17T03:00:00.0,3,50305.473,1.0,39828.63,58166.383,0.6300026700996518
2018-07-16T22:00:00.0,2018-07-17T04:00:00.0,4,46727.01,1.0,37092.883,55737.445,0.5310134867116225
2018-07-16T23:00:00.0,2018-07-17T05:00:00.0,5,44233.566,1.0,35289.113,54203.305,0.44982493657474465
2018-07-17T00:00:00.0,2018-07-17T06:00:00.0,6,42488.73,1.0,33663.152,53798.902,0.3870438868427798
2018-07-17T01:00:00.0,2018-07-17T07:00:00.0,7,41550.883,1.0,31466.402,51844.92,0.49045719073596816
2018-07-17T02:00:00.0,2018-07-17T08:00:00.0,8,41545.918,1.0,31064.332,51282.062,0.534174325770254
2018-07-17T03:00:00.0,2018-07-17T09:00:00.0,9,42680.926,1.0,32006.656,52173.363,0.5542160634515452
2018-07-17T04:00:00.0,2018-07-17T10:00:00.0,10,43632.027,1.0,34473.16,53689.293,0.4566986256670123
2018-07-17T05:00:00.0,2018-07-17T11:00:00.0,11,44900.098,1.0,35636.12,55072.613,0.4567063288737072
2018-07-17T06:00:00.0,2018-07-17T12:00:00.0,12,47624.074,1.0,36521.39,56810.68,0.5869398355086716
2018-07-17T07:00:00.0,2018-07-17T13:00:00.0,13,51441.74,1.0,39652.848,60065.094,0.6408606073977275
2018-07-17T08:00:00.0,2018-07-17T14:00:00.0,14,55806.547,1.0,43363.7,63624.33,0.7022961795046508
2018-07-17T09:00:00.0,2018-07-17T15:00:00.0,15,59907.434,1.0,47472.336,67416.88,0.7171786972876659
2018-07-17T10:00:00.0,2018-07-17T16:00:00.0,16,63769.53,1.0,50080.86,69341.46,0.8365016396784191
2018-07-17T11:00:00.0,2018-07-17T17:00:00.0,17,67123.86,1.0,54025.02,74294.305,0.7518623277292733
2018-07-17T12:00:00.0,2018-07-17T18:00:00.0,18,69513.79,1.0,55753.02,75954.28,0.8003780317460316
2018-07-17T13:00:00.0,2018-07-17T19:00:00.0,19,70639.07,1.0,57010.023,77208.06,0.7919131698123093
2018-07-17T14:00:00.0,2018-07-17T20:00:00.0,20,71024.38,1.0,57664.06,77848.47,0.7743432877091111
2018-07-17T15:00:00.0,2018-07-17T21:00:00.0,21,70647.414,1.0,56720.184,76954.21,0.8095147058823529
2018-07-17T16:00:00.0,2018-07-17T22:00:00.0,22,69043.46,1.0,55754.89,75835.92,0.7741128651232597
2018-07-17T17:00:00.0,2018-07-17T23:00:00.0,23,66157.62,1.0,54044.35,74264.51,0.6775668737060038
2018-07-17T18:00:00.0,2018-07-18T00:00:00.0,0,63691.203,1.0,52664.883,72705.61,0.5923256943882095
2018-07-17T19:00:00.0,2018-07-18T01:00:00.0,1,60211.01,1.0,49366.49,69602.664,0.5663183854473054
2018-07-17T20:00:00.0,2018-07-18T02:00:00.0,2,55620.266,1.0,46357.97,66543.73,0.4240948380978191
2018-07-17T21:00:00.0,2018-07-18T03:00:00.0,3,51161.01,1.0,42501.08,62640.19,0.37234730885135653
2018-07-17T22:00:00.0,2018-07-18T04:00:00.0,4,47823.01,1.0,39510.48,59613.645,0.34367502856460713
2018-07-17T23:00:00.0,2018-07-18T05:00:00.0,5,45289.152,1.0,36649.64,56706.355,0.3736678775937443
2018-07-18T00:00:00.0,2018-07-18T06:00:00.0,6,43473.0,1.0,35383.285,55633.816,0.32000661485033915
2018-07-18T01:00:00.0,2018-07-18T07:00:00.0,7,42577.19,1.0,33542.96,53868.156,0.39809388661683853
2018-07-18T02:00:00.0,2018-07-18T08:00:00.0,8,42658.332,1.0,33013.562,53317.86,0.4537248169745856
2018-07-18T03:00:00.0,2018-07-18T09:00:00.0,9,43850.09,1.0,36664.363,54494.16,0.3259275920360628
2018-07-18T04:00:00.0,2018-07-18T10:00:00.0,10,44713.434,1.0,37727.91,56410.195,0.27872900861674976
2018-07-18T05:00:00.0,2018-07-18T11:00:00.0,11,45893.34,1.0,40072.8,57283.684,0.22579930442396048
2018-07-18T06:00:00.0,2018-07-18T12:00:00.0,12,48717.55,1.0,42184.902,61207.426,0.23316823869828313
2018-07-18T07:00:00.0,2018-07-18T13:00:00.0,13,52567.51,1.0,45636.15,64032.19,0.2832461555633786
2018-07-18T08:00:00.0,2018-07-18T14:00:00.0,14,56920.547,1.0,48969.805,67506.5,0.37043056599822954
2018-07-18T09:00:00.0,2018-07-18T15:00:00.0,15,61005.594,1.0,54246.08,71197.48,0.3188109235914082
2018-07-18T10:00:00.0,2018-07-18T16:00:00.0,16,64938.562,1.0,57097.004,73990.305,0.43382702397987905
2018-07-18T11:00:00.0,2018-07-18T17:00:00.0,17,68364.414,1.0,60563.883,75356.59,0.5505776496321338
2018-07-18T12:00:00.0,2018-07-18T18:00:00.0,18,70686.51,1.0,57024.1,77168.305,0.7964857026626241
2018-07-18T13:00:00.0,2018-07-18T19:00:00.0,19,71831.0,1.0,58632.59,78777.555,0.7648131378365723
2018-07-18T14:00:00.0,2018-07-18T20:00:00.0,20,72240.9,1.0,58755.965,77636.36,0.8405445152200074
2018-07-18T15:00:00.0,2018-07-18T21:00:00.0,21,71901.98,1.0,56559.957,76403.18,0.8980712520242049
2018-07-18T16:00:00.0,2018-07-18T22:00:00.0,22,70476.37,1.0,55282.223,75472.34,0.8800129664571165
2018-07-18T17:00:00.0,2018-07-18T23:00:00.0,23,67654.87,1.0,54161.527,73793.5,0.8082418659349273
2018-07-18T18:00:00.0,2018-07-19T00:00:00.0,0,65242.45,1.0,51671.473,71812.01,0.7906486670954361
2018-07-18T19:00:00.0,2018-07-19T01:00:00.0,1,61876.69,1.0,49376.168,68433.34,0.7659237059264817
2018-07-18T20:00:00.0,2018-07-19T02:00:00.0,2,57548.17,1.0,46626.69,66544.5,0.5889500332383234
2018-07-18T21:00:00.0,2018-07-19T03:00:00.0,3,53225.234,1.0,44047.844,64138.38,0.42035429712315053
2018-07-18T22:00:00.0,2018-07-19T04:00:00.0,4,49950.453,1.0,40925.56,61143.418,0.40150401355690374
2018-07-18T23:00:00.0,2018-07-19T05:00:00.0,5,47425.293,1.0,38299.996,58308.223,0.4190388816868978
2018-07-19T00:00:00.0,2018-07-19T06:00:00.0,6,45459.59,1.0,36060.207,56253.55,0.43618526781665445
2018-07-19T01:00:00.0,2018-07-19T07:00:00.0,7,44261.543,1.0,34210.887,54466.61,0.49292598226066536
2018-07-19T02:00:00.0,2018-07-19T08:00:00.0,8,44168.19,1.0,33427.29,53543.56,0.5627347050254918
2018-07-19T03:00:00.0,2018-07-19T09:00:00.0,9,45214.848,1.0,34163.293,54367.105,0.5865488823054131
2018-07-19T04:00:00.0,2018-07-19T10:00:00.0,10,45907.863,1.0,35102.74,55200.043,0.5695100236923638
2018-07-19T05:00:00.0,2018-07-19T11:00:00.0,11,47393.496,1.0,39357.23,57777.293,0.3834404989476528
2018-07-19T06:00:00.0,2018-07-19T12:00:00.0,12,50318.316,1.0,41070.195,60821.395,0.44124746355902245
2018-07-19T07:00:00.0,2018-07-19T13:00:00.0,13,54285.527,1.0,45925.383,64227.2,0.42033890200531987
2018-07-19T08:00:00.0,2018-07-19T14:00:00.0,14,58791.074,1.0,52238.957,68571.016,0.32285271953657657
2018-07-19T09:00:00.0,2018-07-19T15:00:00.0,15,62837.137,1.0,56209.887,70856.37,0.4125155417956659
2018-07-19T10:00:00.0,2018-07-19T16:00:00.0,16,66768.71,1.0,57936.496,74319.46,0.5721911862897844
2018-07-19T11:00:00.0,2018-07-19T17:00:00.0,17,70105.35,1.0,58461.137,77755.73,0.6849156316916488
2018-07-19T12:00:00.0,2018-07-19T18:00:00.0,18,72146.664,1.0,57041.555,77300.375,0.8733626654064276
2018-07-19T13:00:00.0,2018-07-19T19:00:00.0,19,72997.43,1.0,58830.773,78935.164,0.8294924251461286
2018-07-19T14:00:00.0,2018-07-19T20:00:00.0,20,73262.19,1.0,59019.734,79257.46,0.8284167802334539
2018-07-19T15:00:00.0,2018-07-19T21:00:00.0,21,72880.09,1.0,58125.246,78408.55,0.8549599887100732
2018-07-19T16:00:00.0,2018-07-19T22:00:00.0,22,71586.73,1.0,57327.223,77465.97,0.8334471291125303
2018-07-19T17:00:00.0,2018-07-19T23:00:00.0,23,68837.35,1.0,55942.727,76056.914,0.7441787231514223
2018-07-19T18:00:00.0,2018-07-20T00:00:00.0,0,66446.25,1.0,54099.816,74353.04,0.694938847763116
2018-07-19T19:00:00.0,2018-07-20T01:00:00.0,1,63196.703,1.0,50149.125,70603.67,0.7394022245233964
2018-07-19T20:00:00.0,2018-07-20T02:00:00.0,2,58750.22,1.0,47012.277,65686.445,0.7251168822531842
2018-07-19T21:00:00.0,2018-07-20T03:00:00.0,3,54390.062,1.0,42934.535,61954.9,0.6829002658881184
2018-07-19T22:00:00.0,2018-07-20T04:00:00.0,4,50856.004,1.0,40381.22,60803.965,0.5239243859076235
2018-07-19T23:00:00.0,2018-07-20T05:00:00.0,5,48074.098,1.0,38267.062,58553.88,0.46925453667161854
2018-07-20T00:00:00.0,2018-07-20T06:00:00.0,6,45948.81,1.0,36292.188,56428.63,0.46211811804458797
2018-07-20T01:00:00.0,2018-07-20T07:00:00.0,7,44617.527,1.0,34202.945,54405.723,0.5287491976746322
2018-07-20T02:00:00.0,2018-07-20T08:00:00.0,8,44317.363,1.0,33331.016,53545.61,0.5801689546882005
2018-07-20T03:00:00.0,2018-07-20T09:00:00.0,9,45088.49,1.0,34220.973,54363.65,0.5729516654598118
2018-07-20T04:00:00.0,2018-07-20T10:00:00.0,10,45690.69,1.0,37519.38,57388.69,0.33983595789330057
2018-07-20T05:00:00.0,2018-07-20T11:00:00.0,11,46975.22,1.0,39792.67,59272.098,0.2706771597067264
2018-07-20T06:00:00.0,2018-07-20T12:00:00.0,12,50052.312,1.0,38461.36,58575.6,0.6386233969482242
2018-07-20T07:00:00.0,2018-07-20T13:00:00.0,13,54102.48,1.0,44692.527,64954.164,0.43426730060018837
2018-07-20T08:00:00.0,2018-07-20T14:00:00.0,14,58440.395,1.0,47704.19,67226.34,0.5918820432292629
2018-07-20T09:00:00.0,2018-07-20T15:00:00.0,15,62569.285,1.0,56135.32,71663.766,0.34511590683298415
2018-07-20T10:00:00.0,2018-07-20T16:00:00.0,16,66331.836,1.0,58288.473,75082.71,0.460964993394979
2018-07-20T11:00:00.0,2018-07-20T17:00:00.0,17,69549.76,1.0,56587.59,76163.875,0.774655215423541
2018-07-20T12:00:00.0,2018-07-20T18:00:00.0,18,71684.72,1.0,57023.92,77229.64,0.8529865155569547
2018-07-20T13:00:00.0,2018-07-20T19:00:00.0,19,72623.234,1.0,58356.766,78579.63,0.8304438988180205
2018-07-20T14:00:00.0,2018-07-20T20:00:00.0,20,72949.21,1.0,58727.85,78924.77,0.8288694929343313
2018-07-20T15:00:00.0,2018-07-20T21:00:00.0,21,72236.23,1.0,57693.07,77931.55,0.8453777692581537
2018-07-20T16:00:00.0,2018-07-20T22:00:00.0,22,70284.02,1.0,57006.2,77108.4,0.7723945030538589
2018-07-20T17:00:00.0,2018-07-20T23:00:00.0,23,67304.41,1.0,54698.625,74719.125,0.7267903139514154
2018-07-20T18:00:00.0,2018-07-21T00:00:00.0,0,64730.105,1.0,54088.117,74288.28,0.5496653823679796
2018-07-20T19:00:00.0,2018-07-21T01:00:00.0,1,61609.61,1.0,51096.844,71154.22,0.5447003328613202
2018-07-20T20:00:00.0,2018-07-21T02:00:00.0,2,57580.637,1.0,48235.938,68394.54,0.4326861996911059
2018-07-20T21:00:00.0,2018-07-21T03:00:00.0,3,53490.938,1.0,44335.527,64471.54,0.41650152679319385
2018-07-20T22:00:00.0,2018-07-21T04:00:00.0,4,49973.703,1.0,40117.254,59903.492,0.4965604480132076
2018-07-20T23:00:00.0,2018-07-21T05:00:00.0,5,47102.7,1.0,37701.793,57597.137,0.4491290808453226
2018-07-21T00:00:00.0,2018-07-21T06:00:00.0,6,44825.062,1.0,36241.34,56321.066,0.3679137962567819
2018-07-21T01:00:00.0,2018-07-21T07:00:00.0,7,43216.855,1.0,34084.453,54230.355,0.4140249392275144
2018-07-21T02:00:00.0,2018-07-21T08:00:00.0,8,42280.652,1.0,32940.81,53086.13,0.4328047272727272
2018-07-21T03:00:00.0,2018-07-21T09:00:00.0,9,42051.965,1.0,33180.35,53262.15,0.39323838495575203
2018-07-21T04:00:00.0,2018-07-21T10:00:00.0,10,41742.0,1.0,34220.566,54212.707,0.28235223941914944
2018-07-21T05:00:00.0,2018-07-21T11:00:00.0,11,42902.652,1.0,35143.477,55594.133,0.2873908879569345
2018-07-21T06:00:00.0,2018-07-21T12:00:00.0,12,46341.438,1.0,37253.4,57529.402,0.40481146170538235
2018-07-21T07:00:00.0,2018-07-21T13:00:00.0,13,50939.86,1.0,40094.176,60338.336,0.5660367304473698
2018-07-21T08:00:00.0,2018-07-21T14:00:00.0,14,55665.88,1.0,43771.793,63931.574,0.6622721922346093
2018-07-21T09:00:00.0,2018-07-21T15:00:00.0,15,59943.574,1.0,52400.25,69161.11,0.4081281334050567
2018-07-21T10:00:00.0,2018-07-21T16:00:00.0,16,63541.684,1.0,58564.453,71214.93,0.31002456103678955
2018-07-21T11:00:00.0,2018-07-21T17:00:00.0,17,66506.33,1.0,56909.914,74249.98,0.598147878535774
2018-07-21T12:00:00.0,2018-07-21T18:00:00.0,18,68796.07,1.0,55396.36,75565.43,0.7777710134901425
2018-07-21T13:00:00.0,2018-07-21T19:00:00.0,19,70429.61,1.0,56948.42,77130.47,0.7827352327069442
2018-07-21T14:00:00.0,2018-07-21T20:00:00.0,20,71169.9,1.0,57518.65,77662.64,0.7957631233595794
2018-07-21T15:00:00.0,2018-07-21T21:00:00.0,21,70689.76,1.0,56686.277,76871.94,0.8162690698818892
2018-07-21T16:00:00.0,2018-07-21T22:00:00.0,22,68901.12,1.0,56114.09,76171.74,0.7388414495175871
2018-07-21T17:00:00.0,2018-07-21T23:00:00.0,23,66072.32,1.0,54699.7,74859.92,0.6172521171489067
2018-07-21T18:00:00.0,2018-07-22T00:00:00.0,0,63697.56,1.0,53460.88,73600.02,0.5153965812595553
2018-07-21T19:00:00.0,2018-07-22T01:00:00.0,1,60587.47,1.0,50608.195,70772.55,0.4905289607628377
2018-07-21T20:00:00.0,2018-07-22T02:00:00.0,2,56836.863,1.0,47817.11,68081.914,0.3991869695898161
2018-07-21T21:00:00.0,2018-07-22T03:00:00.0,3,53023.855,1.0,44045.703,64300.574,0.395898569823904
2018-07-21T22:00:00.0,2018-07-22T04:00:00.0,4,49749.285,1.0,40855.242,61065.5,0.39019598805102274
2018-07-21T23:00:00.0,2018-07-22T05:00:00.0,5,47076.965,1.0,37498.234,57821.5,0.44692366142907525
2018-07-22T00:00:00.0,2018-07-22T06:00:00.0,6,44909.52,1.0,36302.805,56501.2,0.36551255411255396
2018-07-22T01:00:00.0,2018-07-22T07:00:00.0,7,43243.29,1.0,34322.543,54431.977,0.39652751795036273
2018-07-22T02:00:00.0,2018-07-22T08:00:00.0,8,42219.086,1.0,32944.84,53029.312,0.4293982389252003
2018-07-22T03:00:00.0,2018-07-22T09:00:00.0,9,41574.535,1.0,32711.105,53086.4,0.3811833813389198
2018-07-22T04:00:00.0,2018-07-22T10:00:00.0,10,40862.723,1.0,34715.4,54300.887,0.1932795237689835
2018-07-22T05:00:00.0,2018-07-22T11:00:00.0,11,41977.215,1.0,35343.66,55225.074,0.2194875564063994
2018-07-22T06:00:00.0,2018-07-22T12:00:00.0,12,45435.16,1.0,37788.26,57772.59,0.2925415696039847
2018-07-22T07:00:00.0,2018-07-22T13:00:00.0,13,49968.91,1.0,40731.402,60694.7,0.4311582037521215
2018-07-22T08:00:00.0,2018-07-22T14:00:00.0,14,54736.848,1.0,43595.99,63842.05,0.5924646187553994
2018-07-22T09:00:00.0,2018-07-22T15:00:00.0,15,59352.387,1.0,49863.312,69715.63,0.4592054290571612
2018-07-22T10:00:00.0,2018-07-22T16:00:00.0,16,63196.312,1.0,53589.9,72059.125,0.5373092401641801
2018-07-22T11:00:00.0,2018-07-22T17:00:00.0,17,66498.35,1.0,55265.14,73711.23,0.6939155402420715
2018-07-22T12:00:00.0,2018-07-22T18:00:00.0,18,68877.95,1.0,55957.137,75831.984,0.7575191687883555
2018-07-22T13:00:00.0,2018-07-22T19:00:00.0,19,70425.555,1.0,57861.766,77752.17,0.7299059548895651
2018-07-22T14:00:00.0,2018-07-22T20:00:00.0,20,71359.47,1.0,59320.957,78780.71,0.7095157564758295
2018-07-22T15:00:00.0,2018-07-22T21:00:00.0,21,71336.85,1.0,57050.98,77183.94,0.8351941496988822
2018-07-22T16:00:00.0,2018-07-22T22:00:00.0,22,70149.27,1.0,56329.63,76665.34,0.7982632434189145
2018-07-22T17:00:00.0,2018-07-22T23:00:00.0,23,67554.88,1.0,55184.258,75287.77,0.704233809789987
2018-07-22T18:00:00.0,2018-07-23T00:00:00.0,0,65339.348,1.0,53991.816,74062.04,0.6195284172470625
2018-07-22T19:00:00.0,2018-07-23T01:00:00.0,1,62210.0,1.0,51453.59,71720.28,0.5568665070121013
2018-07-22T20:00:00.0,2018-07-23T02:00:00.0,2,57850.02,1.0,48499.527,68694.94,0.4316642785889179
2018-07-22T21:00:00.0,2018-07-23T03:00:00.0,3,53402.875,1.0,44348.824,64542.496,0.405071616094869
2018-07-22T22:00:00.0,2018-07-23T04:00:00.0,4,49824.5,1.0,41806.22,62127.004,0.31191378609190723
2018-07-22T23:00:00.0,2018-07-23T05:00:00.0,5,47298.418,1.0,38577.805,58835.68,0.37318464459268796
2018-07-23T00:00:00.0,2018-07-23T06:00:00.0,6,45501.77,1.0,35724.344,55869.84,0.4728125057471261
2018-07-23T01:00:00.0,2018-07-23T07:00:00.0,7,44476.855,1.0,33609.63,53654.375,0.5777310351100602
2018-07-23T02:00:00.0,2018-07-23T08:00:00.0,8,44425.062,1.0,32552.906,52572.617,0.6674119918045278
2018-07-23T03:00:00.0,2018-07-23T09:00:00.0,9,45487.67,1.0,33182.29,53297.824,0.6984130790543932
2018-07-23T04:00:00.0,2018-07-23T10:00:00.0,10,46226.418,1.0,33743.164,53943.934,0.7084280038143675
2018-07-23T05:00:00.0,2018-07-23T11:00:00.0,11,47377.11,1.0,34841.125,55116.81,0.7089380720144409
2018-07-23T06:00:00.0,2018-07-23T12:00:00.0,12,50390.203,1.0,37077.0,57351.29,0.7669328782868065
2018-07-23T07:00:00.0,2018-07-23T13:00:00.0,13,54570.074,1.0,43323.78,62524.387,0.6549870544961077
2018-07-23T08:00:00.0,2018-07-23T14:00:00.0,14,59159.926,1.0,48883.945,67647.94,0.587710272694758
2018-07-23T09:00:00.0,2018-07-23T15:00:00.0,15,63611.363,1.0,53562.195,70237.56,0.6834930026958448
2018-07-23T10:00:00.0,2018-07-23T16:00:00.0,16,67515.336,1.0,53777.734,72923.266,0.8442096396005208
2018-07-23T11:00:00.0,2018-07-23T17:00:00.0,17,70774.01,1.0,53896.297,74208.07,0.9380950654698894
2018-07-23T12:00:00.0,2018-07-23T18:00:00.0,18,72637.92,1.0,55557.875,75585.04,0.9496471862588332
2018-07-23T13:00:00.0,2018-07-23T19:00:00.0,19,73111.19,1.0,57432.156,77647.695,0.9001181821715978
2018-07-23T14:00:00.0,2018-07-23T20:00:00.0,20,72887.61,1.0,57645.65,77811.37,0.8829759613232462
2018-07-23T15:00:00.0,2018-07-23T21:00:00.0,21,72265.44,1.0,57222.027,77387.82,0.8737267655786348
2018-07-23T16:00:00.0,2018-07-23T22:00:00.0,22,70391.195,1.0,56081.633,76355.89,0.8308330010821895
2018-07-23T17:00:00.0,2018-07-23T23:00:00.0,23,67625.44,1.0,54943.64,75153.19,0.7234861927257368
2018-07-23T18:00:00.0,2018-07-24T00:00:00.0,0,65648.8,1.0,53401.08,73574.195,0.69090960497617
2018-07-23T19:00:00.0,2018-07-24T01:00:00.0,1,62456.605,1.0,50704.63,71061.42,0.6404450041267116
2018-07-23T20:00:00.0,2018-07-24T02:00:00.0,2,57977.84,1.0,47614.2,67740.57,0.527686020396892
2018-07-23T21:00:00.0,2018-07-24T03:00:00.0,3,53711.895,1.0,43000.176,63124.758,0.5596743221515748
2018-07-23T22:00:00.0,2018-07-24T04:00:00.0,4,50245.824,1.0,40333.848,60585.19,0.480421402599306
2018-07-23T23:00:00.0,2018-07-24T05:00:00.0,5,47645.77,1.0,37305.48,57506.285,0.5220296752776321
2018-07-24T00:00:00.0,2018-07-24T06:00:00.0,6,45737.95,1.0,35869.684,56068.965,0.47874943827437844
2018-07-24T01:00:00.0,2018-07-24T07:00:00.0,7,44670.777,1.0,33180.617,53335.895,0.6278070620776584
2018-07-24T02:00:00.0,2018-07-24T08:00:00.0,8,44522.906,1.0,34009.3,54418.887,0.5280606308146133
2018-07-24T03:00:00.0,2018-07-24T09:00:00.0,9,45591.64,1.0,32873.844,53259.305,0.7177829603917435
2018-07-24T04:00:00.0,2018-07-24T10:00:00.0,10,46619.98,1.0,33862.45,54198.062,0.7232283969465649
2018-07-24T05:00:00.0,2018-07-24T11:00:00.0,11,47619.53,1.0,35287.848,55530.848,0.6942530068106073
2018-07-24T06:00:00.0,2018-07-24T12:00:00.0,12,50101.902,1.0,37900.508,58125.793,0.6845485523767502
2018-07-24T07:00:00.0,2018-07-24T13:00:00.0,13,53590.39,1.0,42065.574,62176.086,0.6330591304347827
2018-07-24T08:00:00.0,2018-07-24T14:00:00.0,14,57302.76,1.0,43852.492,63936.098,0.7850933358601926
2018-07-24T09:00:00.0,2018-07-24T15:00:00.0,15,60467.36,1.0,48885.09,69115.31,0.6320954356846471
2018-07-24T10:00:00.0,2018-07-24T16:00:00.0,16,63517.465,1.0,50490.13,70803.516,0.7445475271189554
2018-07-24T11:00:00.0,2018-07-24T17:00:00.0,17,66374.6,1.0,53863.05,74129.85,0.707437623762377
2018-07-24T12:00:00.0,2018-07-24T18:00:00.0,18,68552.38,1.0,54632.2,74786.36,0.8124830560690082
2018-07-24T13:00:00.0,2018-07-24T19:00:00.0,19,69864.04,1.0,56505.152,76667.96,0.7752337651552891
2018-07-24T14:00:00.0,2018-07-24T20:00:00.0,20,70169.22,1.0,57323.875,77599.914,0.7327611603787769
2018-07-24T15:00:00.0,2018-07-24T21:00:00.0,21,69429.13,1.0,56584.074,76758.28,0.7376123574288087
2018-07-24T16:00:00.0,2018-07-24T22:00:00.0,22,67569.57,1.0,55724.0,75953.414,0.6547053340677045
2018-07-24T17:00:00.0,2018-07-24T23:00:00.0,23,64650.61,1.0,54056.605,74384.69,0.5391959396772847
2018-07-24T18:00:00.0,2018-07-25T00:00:00.0,0,62579.99,1.0,52775.85,73063.82,0.4689396217817269
2018-07-24T19:00:00.0,2018-07-25T01:00:00.0,1,59193.027,1.0,49558.816,69862.4,0.4527963484421839
2018-07-24T20:00:00.0,2018-07-25T02:00:00.0,2,54523.215,1.0,46758.03,66827.71,0.2993904370360886
2018-07-24T21:00:00.0,2018-07-25T03:00:00.0,3,50263.23,1.0,42881.363,62957.414,0.2690956013510954
2018-07-24T22:00:00.0,2018-07-25T04:00:00.0,4,46910.98,1.0,39533.887,59744.34,0.26500950025635645
2018-07-24T23:00:00.0,2018-07-25T05:00:00.0,5,44288.125,1.0,36375.047,56527.08,0.3087642730066309
2018-07-25T00:00:00.0,2018-07-25T06:00:00.0,6,42374.26,1.0,35679.07,55882.504,0.2164052533842884
2018-07-25T01:00:00.0,2018-07-25T07:00:00.0,7,41323.65,1.0,33357.668,53627.34,0.3093037465830522
2018-07-25T02:00:00.0,2018-07-25T08:00:00.0,8,41294.926,1.0,32665.629,53041.45,0.3609615401120926
2018-07-25T03:00:00.0,2018-07-25T09:00:00.0,9,42459.55,1.0,33093.973,53430.18,0.4271651425497584
2018-07-25T04:00:00.0,2018-07-25T10:00:00.0,10,43344.4,1.0,34535.074,54260.83,0.40187856516015824
2018-07-25T05:00:00.0,2018-07-25T11:00:00.0,11,44967.746,1.0,35743.566,55945.785,0.4199733342910245
2018-07-25T06:00:00.0,2018-07-25T12:00:00.0,12,48359.582,1.0,38187.668,58360.023,0.5078882336163988
2018-07-25T07:00:00.0,2018-07-25T13:00:00.0,13,52566.2,1.0,43668.51,62031.605,0.4713326338938936
2018-07-25T08:00:00.0,2018-07-25T14:00:00.0,14,56932.12,1.0,47861.67,65655.38,0.5181015719467957
2018-07-25T09:00:00.0,2018-07-25T15:00:00.0,15,60650.973,1.0,52885.977,71313.664,0.3572628323824384
2018-07-25T10:00:00.0,2018-07-25T16:00:00.0,16,63877.582,1.0,56935.73,74530.914,0.3118247057607951
2018-07-25T11:00:00.0,2018-07-25T17:00:00.0,17,66768.805,1.0,56087.582,75720.46,0.5811880456372107
2018-07-25T12:00:00.0,2018-07-25T18:00:00.0,18,68766.85,1.0,56673.38,76820.04,0.6795802859042563
2018-07-25T13:00:00.0,2018-07-25T19:00:00.0,19,70108.88,1.0,57600.723,77718.93,0.7144142587939699
2018-07-25T14:00:00.0,2018-07-25T20:00:00.0,20,70561.62,1.0,57835.094,78062.11,0.7260770258031832
2018-07-25T15:00:00.0,2018-07-25T21:00:00.0,21,69861.664,1.0,57136.047,77420.586,0.7232382337185275
2018-07-25T16:00:00.0,2018-07-25T22:00:00.0,22,68007.37,1.0,56504.61,76689.2,0.6274476863101576
2018-07-25T17:00:00.0,2018-07-25T23:00:00.0,23,65142.902,1.0,54994.375,75269.234,0.5010158180919428
2018-07-25T18:00:00.0,2018-07-26T00:00:00.0,0,62657.215,1.0,53572.375,73799.1,0.4064950521529819
2018-07-25T19:00:00.0,2018-07-26T01:00:00.0,1,58996.84,1.0,50818.87,71069.42,0.32730330668033725
2018-07-25T20:00:00.0,2018-07-26T02:00:00.0,2,54242.074,1.0,47522.914,67552.164,0.22200108671422214
2018-07-25T21:00:00.0,2018-07-26T03:00:00.0,3,49781.832,1.0,43573.266,63935.703,0.18203836959703387
2018-07-25T22:00:00.0,2018-07-26T04:00:00.0,4,46256.625,1.0,40521.305,60682.94,0.15801052272777263
2018-07-25T23:00:00.0,2018-07-26T05:00:00.0,5,43531.88,1.0,37447.16,57546.47,0.17936616273103662
2018-07-26T00:00:00.0,2018-07-26T06:00:00.0,6,41645.133,1.0,35035.758,55365.95,0.207917988661188
2018-07-26T01:00:00.0,2018-07-26T07:00:00.0,7,40461.41,1.0,33275.66,53496.34,0.2504986849493188
2018-07-26T02:00:00.0,2018-07-26T08:00:00.0,8,40387.723,1.0,32170.486,52501.184,0.3278717919151319
2018-07-26T03:00:00.0,2018-07-26T09:00:00.0,9,41443.176,1.0,32740.588,53027.69,0.37052281897871175
2018-07-26T04:00:00.0,2018-07-26T10:00:00.0,10,42353.98,1.0,34263.586,53904.61,0.3409657712380659
2018-07-26T05:00:00.0,2018-07-26T11:00:00.0,11,43782.125,1.0,36232.668,55208.71,0.31729558598104796
2018-07-26T06:00:00.0,2018-07-26T12:00:00.0,12,46982.484,1.0,38903.195,58428.21,0.34418596688381203
2018-07-26T07:00:00.0,2018-07-26T13:00:00.0,13,51265.17,1.0,41907.805,61419.49,0.46215158205956786
2018-07-26T08:00:00.0,2018-07-26T14:00:00.0,14,55781.668,1.0,46593.79,65670.55,0.4659406833050639
2018-07-26T09:00:00.0,2018-07-26T15:00:00.0,15,60069.05,1.0,51585.586,70300.23,0.414012405504943
2018-07-26T10:00:00.0,2018-07-26T16:00:00.0,16,63800.76,1.0,57458.164,73907.56,0.29725675807553426
2018-07-26T11:00:00.0,2018-07-26T17:00:00.0,17,66846.055,1.0,56634.52,76205.42,0.5403415944214097
2018-07-26T12:00:00.0,2018-07-26T18:00:00.0,18,69048.59,1.0,56338.508,76721.97,0.7172816737698565
2018-07-26T13:00:00.0,2018-07-26T19:00:00.0,19,70326.12,1.0,57775.87,78020.984,0.7115424826402427
2018-07-26T14:00:00.0,2018-07-26T20:00:00.0,20,70657.62,1.0,58030.715,78368.45,0.7130364215267527
2018-07-26T15:00:00.0,2018-07-26T21:00:00.0,21,69770.51,1.0,57265.016,77504.58,0.7082910965695024
2018-07-26T16:00:00.0,2018-07-26T22:00:00.0,22,67671.99,1.0,56568.14,76708.14,0.5943763989614114
2018-07-26T17:00:00.0,2018-07-26T23:00:00.0,23,64758.5,1.0,55163.188,75393.12,0.4524361627451158
2018-07-26T18:00:00.0,2018-07-27T00:00:00.0,0,62576.656,1.0,53526.297,73867.37,0.3988932336389341
2018-07-26T19:00:00.0,2018-07-27T01:00:00.0,1,59183.2,1.0,50877.02,71074.71,0.339821083902586
2018-07-26T20:00:00.0,2018-07-27T02:00:00.0,2,54790.043,1.0,47297.04,67444.89,0.275607547925784
2018-07-26T21:00:00.0,2018-07-27T03:00:00.0,3,50654.38,1.0,43260.027,63569.19,0.26360110449978574
2018-07-26T22:00:00.0,2018-07-27T04:00:00.0,4,47289.8,1.0,40298.05,60415.145,0.23908161887503143
2018-07-26T23:00:00.0,2018-07-27T05:00:00.0,5,44724.63,1.0,37061.836,57124.77,0.2914068313290607
2018-07-27T00:00:00.0,2018-07-27T06:00:00.0,6,42926.293,1.0,34801.625,55074.535,0.32215469248178646
2018-07-27T01:00:00.0,2018-07-27T07:00:00.0,7,41842.8,1.0,32584.092,52502.305,0.43502574475910283
2018-07-27T02:00:00.0,2018-07-27T08:00:00.0,8,41701.098,1.0,31840.455,51879.93,0.4852684091666356
2018-07-27T03:00:00.0,2018-07-27T09:00:00.0,9,42579.92,1.0,33191.01,53159.96,0.44482231633216684
2018-07-27T04:00:00.0,2018-07-27T10:00:00.0,10,43401.047,1.0,33903.58,53492.582,0.47187916099258587
2018-07-27T05:00:00.0,2018-07-27T11:00:00.0,11,44561.234,1.0,35488.227,54983.754,0.43603829063683025
2018-07-27T06:00:00.0,2018-07-27T12:00:00.0,12,47542.11,1.0,38403.066,58033.207,0.43635449320794145
2018-07-27T07:00:00.0,2018-07-27T13:00:00.0,13,51297.234,1.0,40018.44,60381.445,0.5989809255618722
2018-07-27T08:00:00.0,2018-07-27T14:00:00.0,14,55140.082,1.0,45957.48,64949.836,0.4693843338071224
2018-07-27T09:00:00.0,2018-07-27T15:00:00.0,15,58668.402,1.0,49060.645,69031.36,0.46495250439774105
2018-07-27T10:00:00.0,2018-07-27T16:00:00.0,16,61901.67,1.0,51618.375,70384.04,0.5883283556122598
2018-07-27T11:00:00.0,2018-07-27T17:00:00.0,17,64648.63,1.0,57566.066,75793.78,0.3020682687837498
2018-07-27T12:00:00.0,2018-07-27T18:00:00.0,18,66447.17,1.0,56440.543,75998.63,0.5215871031294985
2018-07-27T13:00:00.0,2018-07-27T19:00:00.0,19,67280.04,1.0,57205.05,77535.94,0.4917427423772133
2018-07-27T14:00:00.0,2018-07-27T20:00:00.0,20,67085.77,1.0,57466.09,77511.945,0.4627177973527657
2018-07-27T15:00:00.0,2018-07-27T21:00:00.0,21,65780.305,1.0,56252.004,76188.625,0.45910684551341235
2018-07-27T16:00:00.0,2018-07-27T22:00:00.0,22,63721.598,1.0,54557.523,74288.305,0.43432895530700316
2018-07-27T17:00:00.0,2018-07-27T23:00:00.0,23,61246.83,1.0,53582.36,73509.46,0.29572119063922364
2018-07-27T18:00:00.0,2018-07-28T00:00:00.0,0,59611.91,1.0,52396.293,72412.305,0.2581562586298266
2018-07-27T19:00:00.0,2018-07-28T01:00:00.0,1,56782.285,1.0,49110.13,68958.234,0.2988001746965054
2018-07-27T20:00:00.0,2018-07-28T02:00:00.0,2,53295.33,1.0,45533.992,65551.87,0.30069979484841614
2018-07-27T21:00:00.0,2018-07-28T03:00:00.0,3,49796.176,1.0,41748.004,61770.36,0.32415508388111136
2018-07-27T22:00:00.0,2018-07-28T04:00:00.0,4,46990.86,1.0,39804.79,60040.55,0.2501269803771023
2018-07-27T23:00:00.0,2018-07-28T05:00:00.0,5,44807.01,1.0,36480.87,56658.566,0.3422130660096851
2018-07-28T00:00:00.0,2018-07-28T06:00:00.0,6,43089.125,1.0,36132.977,55742.03,0.24957450775656312
2018-07-28T01:00:00.0,2018-07-28T07:00:00.0,7,41849.824,1.0,33032.785,52335.44,0.4203124557244191
2018-07-28T02:00:00.0,2018-07-28T08:00:00.0,8,41200.617,1.0,31847.076,51898.605,0.4380273096771248
2018-07-28T03:00:00.0,2018-07-28T09:00:00.0,9,41248.68,1.0,31725.656,51186.168,0.48024236821287974
2018-07-28T04:00:00.0,2018-07-28T10:00:00.0,10,41159.49,1.0,32274.908,51865.78,0.4143752314643361
2018-07-28T05:00:00.0,2018-07-28T11:00:00.0,11,42324.492,1.0,33924.16,53410.664,0.374250896316952
2018-07-28T06:00:00.0,2018-07-28T12:00:00.0,12,45601.074,1.0,36967.066,55532.84,0.43541691738594296
2018-07-28T07:00:00.0,2018-07-28T13:00:00.0,13,49515.02,1.0,40264.594,59520.113,0.46367933858902805
2018-07-28T08:00:00.0,2018-07-28T14:00:00.0,14,53607.09,1.0,45348.758,61819.43,0.5025912153787212
2018-07-28T09:00:00.0,2018-07-28T15:00:00.0,15,57681.01,1.0,45400.2,65194.6,0.7123372167251837
2018-07-28T10:00:00.0,2018-07-28T16:00:00.0,16,61258.19,1.0,51256.918,70112.38,0.5562681473825848
2018-07-28T11:00:00.0,2018-07-28T17:00:00.0,17,64006.63,1.0,54387.41,72480.52,0.5585351108040277
2018-07-28T12:00:00.0,2018-07-28T18:00:00.0,18,65970.02,1.0,56027.586,73021.82,0.6538238854145657
2018-07-28T13:00:00.0,2018-07-28T19:00:00.0,19,67193.38,1.0,56284.21,76283.05,0.5838044710470237
2018-07-28T14:00:00.0,2018-07-28T20:00:00.0,20,67757.51,1.0,56422.555,76597.92,0.6131793538149591
2018-07-28T15:00:00.0,2018-07-28T21:00:00.0,21,67336.27,1.0,55325.824,75192.31,0.6866699941768575
2018-07-28T16:00:00.0,2018-07-28T22:00:00.0,22,65665.75,1.0,56257.145,75596.52,0.4749597701149427
2018-07-28T17:00:00.0,2018-07-28T23:00:00.0,23,62924.14,1.0,53567.91,72999.56,0.46569579903896474
2018-07-28T18:00:00.0,2018-07-29T00:00:00.0,0,60903.145,1.0,50546.273,69783.8,0.5708392171729135
2018-07-28T19:00:00.0,2018-07-29T01:00:00.0,1,58103.2,1.0,47693.156,66847.15,0.5801802032139237
2018-07-28T20:00:00.0,2018-07-29T02:00:00.0,2,54748.723,1.0,45443.574,65194.723,0.44655785466290604
2018-07-28T21:00:00.0,2018-07-29T03:00:00.0,3,51374.81,1.0,39898.484,59302.57,0.6647259370550568
2018-07-28T22:00:00.0,2018-07-29T04:00:00.0,4,48413.99,1.0,41239.08,60722.402,0.2699549493179827
2018-07-28T23:00:00.0,2018-07-29T05:00:00.0,5,45934.434,1.0,37495.895,57231.234,0.3680942844483828
2018-07-29T00:00:00.0,2018-07-29T06:00:00.0,6,44026.62,1.0,34627.105,54773.973,0.4381637699076434
2018-07-29T01:00:00.0,2018-07-29T07:00:00.0,7,42581.387,1.0,32385.94,52591.28,0.5085220498406315
2018-07-29T02:00:00.0,2018-07-29T08:00:00.0,8,41613.375,1.0,31236.29,51383.65,0.5279282982088342
2018-07-29T03:00:00.0,2018-07-29T09:00:00.0,9,41231.176,1.0,30714.992,50823.19,0.5425704851875629
2018-07-29T04:00:00.0,2018-07-29T10:00:00.0,10,40783.312,1.0,31191.73,51393.883,0.45329852108818675
2018-07-29T05:00:00.0,2018-07-29T11:00:00.0,11,41828.75,1.0,33003.023,52271.633,0.4226060669139353
2018-07-29T06:00:00.0,2018-07-29T12:00:00.0,12,45272.27,1.0,35908.86,55112.023,0.47699314123650627
2018-07-29T07:00:00.0,2018-07-29T13:00:00.0,13,49804.785,1.0,40702.59,58036.996,0.5464699123329653
2018-07-29T08:00:00.0,2018-07-29T14:00:00.0,14,54160.402,1.0,45773.926,62628.316,0.49551613258451727
2018-07-29T09:00:00.0,2018-07-29T15:00:00.0,15,57598.98,1.0,49765.11,66010.234,0.46705402975221716
2018-07-29T10:00:00.0,2018-07-29T16:00:00.0,16,60466.99,1.0,54631.508,69313.28,0.3166722953956992
2018-07-29T11:00:00.0,2018-07-29T17:00:00.0,17,63381.734,1.0,54568.945,73214.54,0.4493668040464588
2018-07-29T12:00:00.0,2018-07-29T18:00:00.0,18,66072.17,1.0,56217.016,73274.14,0.6412642802741809
2018-07-29T13:00:00.0,2018-07-29T19:00:00.0,19,67883.88,1.0,56451.22,76798.97,0.6132540861812786
2018-07-29T14:00:00.0,2018-07-29T20:00:00.0,20,68767.69,1.0,57160.887,77365.734,0.6354760256188333
2018-07-29T15:00:00.0,2018-07-29T21:00:00.0,21,68779.71,1.0,55801.08,75825.66,0.754632801373115
2018-07-29T16:00:00.0,2018-07-29T22:00:00.0,22,67757.98,1.0,54398.125,74682.14,0.7697709331829715
2018-07-29T17:00:00.0,2018-07-29T23:00:00.0,23,65400.656,1.0,52985.715,73033.195,0.7105342651392197
2018-07-29T18:00:00.0,2018-07-30T00:00:00.0,0,63709.715,1.0,50925.09,71078.76,0.7340316056103737
2018-07-29T19:00:00.0,2018-07-30T01:00:00.0,1,60823.094,1.0,47106.85,67055.76,0.808567736128078
2018-07-29T20:00:00.0,2018-07-30T02:00:00.0,2,56699.2,1.0,45203.008,65319.184,0.6302886203599061
2018-07-29T21:00:00.0,2018-07-30T03:00:00.0,3,52655.27,1.0,40032.8,59729.31,0.7438460604957372
2018-07-29T22:00:00.0,2018-07-30T04:00:00.0,4,49204.637,1.0,38044.793,57890.652,0.6140765267261082
2018-07-29T23:00:00.0,2018-07-30T05:00:00.0,5,46669.473,1.0,36301.004,56531.895,0.5231998022213471
2018-07-30T00:00:00.0,2018-07-30T06:00:00.0,6,44905.402,1.0,33426.098,53536.4,0.6291038844831219
2018-07-30T01:00:00.0,2018-07-30T07:00:00.0,7,43930.766,1.0,31718.248,51867.83,0.6892070079889764
2018-07-30T02:00:00.0,2018-07-30T08:00:00.0,8,43890.656,1.0,30388.822,50491.574,0.7877130511809696
2018-07-30T03:00:00.0,2018-07-30T09:00:00.0,9,45108.2,1.0,30480.752,50699.746,0.8507326792896056
2018-07-30T04:00:00.0,2018-07-30T10:00:00.0,10,46202.535,1.0,30743.658,51044.03,0.8880956510138742
2018-07-30T05:00:00.0,2018-07-30T11:00:00.0,11,46924.895,1.0,31936.367,52327.2,0.8628982492633037
2018-07-30T06:00:00.0,2018-07-30T12:00:00.0,12,48839.27,1.0,34864.61,55230.074,0.8068044691330031
2018-07-30T07:00:00.0,2018-07-30T13:00:00.0,13,51266.543,1.0,40839.258,59381.44,0.6141275824365539
2018-07-30T08:00:00.0,2018-07-30T14:00:00.0,14,53941.402,1.0,47708.703,65048.258,0.2565990608710639
2018-07-30T09:00:00.0,2018-07-30T15:00:00.0,15,56339.566,1.0,49102.42,67129.05,0.3233352530281635
2018-07-30T10:00:00.0,2018-07-30T16:00:00.0,16,58345.7,1.0,52668.383,70144.91,0.20759109954771623
2018-07-30T11:00:00.0,2018-07-30T17:00:00.0,17,60654.75,1.0,52776.133,72104.79,0.33366691220316386
2018-07-30T12:00:00.0,2018-07-30T18:00:00.0,18,62962.44,1.0,52076.574,72297.51,0.5707993868902717
2018-07-30T13:00:00.0,2018-07-30T19:00:00.0,19,65082.934,1.0,55251.82,71370.14,0.6954779285382079
2018-07-30T14:00:00.0,2018-07-30T20:00:00.0,20,66222.836,1.0,54750.082,71720.9,0.7935752336448598
2018-07-30T15:00:00.0,2018-07-30T21:00:00.0,21,65867.02,1.0,52709.566,71439.33,0.8268956466069148
2018-07-30T16:00:00.0,2018-07-30T22:00:00.0,22,64159.516,1.0,49994.484,67557.984,0.9229692088702429
2018-07-30T17:00:00.0,2018-07-30T23:00:00.0,23,61639.27,1.0,47575.22,66010.16,0.8893548560851637
2018-07-30T18:00:00.0,2018-07-31T00:00:00.0,0,60078.375,1.0,46281.676,62887.438,0.9380395113056682
2018-07-30T19:00:00.0,2018-07-31T01:00:00.0,1,57108.125,1.0,43282.562,60571.82,0.918315376343636
2018-07-30T20:00:00.0,2018-07-31T02:00:00.0,2,52982.645,1.0,39823.89,59231.277,0.7962187729860788
2018-07-30T21:00:00.0,2018-07-31T03:00:00.0,3,49052.48,1.0,37475.117,56549.473,0.6906305267204926
2018-07-30T22:00:00.0,2018-07-31T04:00:00.0,4,46014.145,1.0,35125.953,55135.723,0.5813622066514986
2018-07-30T23:00:00.0,2018-07-31T05:00:00.0,5,43710.938,1.0,33767.94,53933.695,0.4871279570288072
2018-07-31T00:00:00.0,2018-07-31T06:00:00.0,6,42218.707,1.0,32800.91,52809.18,0.44577798809173774
2018-07-31T01:00:00.0,2018-07-31T07:00:00.0,7,41393.723,1.0,31013.043,50510.656,0.559926361742049
2018-07-31T02:00:00.0,2018-07-31T08:00:00.0,8,41505.746,1.0,30698.299,50159.62,0.6015724503603879
2018-07-31T03:00:00.0,2018-07-31T09:00:00.0,9,42664.69,1.0,31445.93,51114.023,0.628375493362038
2018-07-31T04:00:00.0,2018-07-31T10:00:00.0,10,43741.832,1.0,32753.992,51846.93,0.6372881480124565
2018-07-31T05:00:00.0,2018-07-31T11:00:00.0,11,44909.395,1.0,33381.953,53126.598,0.6517306941007942
2018-07-31T06:00:00.0,2018-07-31T12:00:00.0,12,47220.2,1.0,34867.723,54938.535,0.7043917459809643
2018-07-31T07:00:00.0,2018-07-31T13:00:00.0,13,49778.027,1.0,39001.438,58719.645,0.5856899358862327
2018-07-31T08:00:00.0,2018-07-31T14:00:00.0,14,52712.645,1.0,40356.59,60279.812,0.7119665126013779
2018-07-31T09:00:00.0,2018-07-31T15:00:00.0,15,55070.8,1.0,44204.176,63433.918,0.6190002774438178
2018-07-31T10:00:00.0,2018-07-31T16:00:00.0,16,55942.2,1.0,46747.06,66841.93,0.4217852962791581
2018-07-31T11:00:00.0,2018-07-31T17:00:00.0,17,57290.863,1.0,49989.03,69818.18,0.26992161383285274
2018-07-31T12:00:00.0,2018-07-31T18:00:00.0,18,58550.613,1.0,51478.93,70392.55,0.27870145113102834
2018-07-31T13:00:00.0,2018-07-31T19:00:00.0,19,59543.266,1.0,53445.207,72603.85,0.1989503317243644
2018-07-31T14:00:00.0,2018-07-31T20:00:00.0,20,59956.56,1.0,53107.29,72441.67,0.24886043010915346
2018-07-31T15:00:00.0,2018-07-31T21:00:00.0,21,59390.14,1.0,52294.418,72511.38,0.24407111078959756
2018-07-31T16:00:00.0,2018-07-31T22:00:00.0,22,57912.297,1.0,51238.61,70938.805,0.22659869679155747
2018-07-31T17:00:00.0,2018-07-31T23:00:00.0,23,55531.613,1.0,49347.95,69004.17,0.1942020162474307
2018-07-31T18:00:00.0,2018-08-01T00:00:00.0,0,54011.312,1.0,48950.332,68718.06,0.1281968944039211
2018-07-31T19:00:00.0,2018-08-01T01:00:00.0,1,51413.906,1.0,42492.723,62327.32,0.4076284592166992
2018-07-31T20:00:00.0,2018-08-01T02:00:00.0,2,47398.562,1.0,38686.98,57949.05,0.4121260687784852
2018-07-31T21:00:00.0,2018-08-01T03:00:00.0,3,43575.793,1.0,37771.08,57087.406,0.1766985963757814
2018-07-31T22:00:00.0,2018-08-01T04:00:00.0,4,40567.28,1.0,33129.89,52229.168,0.30344806989999634
2018-07-31T23:00:00.0,2018-08-01T05:00:00.0,5,38406.223,1.0,32026.414,51092.047,0.22082353285568945
2018-08-01T00:00:00.0,2018-08-01T06:00:00.0,6,37002.836,1.0,31831.432,51772.95,0.13143700687713347
2018-08-01T01:00:00.0,2018-08-01T07:00:00.0,7,36253.043,1.0,30450.342,50444.97,0.16456233360476333
2018-08-01T02:00:00.0,2018-08-01T08:00:00.0,8,36470.164,1.0,29990.477,50015.117,0.20591440151025092
2018-08-01T03:00:00.0,2018-08-01T09:00:00.0,9,37889.55,1.0,30235.25,50103.6,0.2967248929465946
2018-08-01T04:00:00.0,2018-08-01T10:00:00.0,10,39022.92,1.0,30818.965,50707.99,0.3419487011531898
2018-08-01T05:00:00.0,2018-08-01T11:00:00.0,11,40505.0,1.0,32484.701,52132.375,0.3346715781845787
2018-08-01T06:00:00.0,2018-08-01T12:00:00.0,12,43536.47,1.0,34700.164,53659.45,0.4372807187017001
2018-08-01T07:00:00.0,2018-08-01T13:00:00.0,13,47274.863,1.0,38617.117,55730.49,0.5109594979786918
2018-08-01T08:00:00.0,2018-08-01T14:00:00.0,14,51275.48,1.0,40944.914,59484.348,0.6049612515460732
2018-08-01T09:00:00.0,2018-08-01T15:00:00.0,15,54973.24,1.0,43070.168,63480.23,0.6506507205966339
2018-08-01T10:00:00.0,2018-08-01T16:00:00.0,16,58015.8,1.0,45834.434,66004.64,0.6856301212717147
2018-08-01T11:00:00.0,2018-08-01T17:00:00.0,17,60865.406,1.0,49357.207,68953.28,0.657635130997682
2018-08-01T12:00:00.0,2018-08-01T18:00:00.0,18,63242.902,1.0,51303.99,70771.45,0.7009088660201864
2018-08-01T13:00:00.0,2018-08-01T19:00:00.0,19,64990.473,1.0,54827.387,74148.92,0.548136442603234
2018-08-01T14:00:00.0,2018-08-01T20:00:00.0,20,65659.52,1.0,54742.594,73775.21,0.633961223927226
2018-08-01T15:00:00.0,2018-08-01T21:00:00.0,21,65074.453,1.0,54465.19,73836.914,0.5877535580524347
2018-08-01T16:00:00.0,2018-08-01T22:00:00.0,22,63214.293,1.0,52933.402,72633.82,0.5405076859705289
2018-08-01T17:00:00.0,2018-08-01T23:00:00.0,23,60156.812,1.0,51097.57,70685.984,0.4307097980553475
2018-08-01T18:00:00.0,2018-08-02T00:00:00.0,0,57618.594,1.0,50022.945,68916.98,0.3242451609472487
2018-08-01T19:00:00.0,2018-08-02T01:00:00.0,1,53974.363,1.0,46060.63,65147.69,0.34559300571182205
2018-08-01T20:00:00.0,2018-08-02T02:00:00.0,2,49478.332,1.0,42368.344,61164.746,0.28558014856643493
2018-08-01T21:00:00.0,2018-08-02T03:00:00.0,3,45204.92,1.0,38964.594,57951.9,0.21269322184358963
2018-08-01T22:00:00.0,2018-08-02T04:00:00.0,4,41824.043,1.0,33991.797,53467.086,0.32449657793369074
2018-08-01T23:00:00.0,2018-08-02T05:00:00.0,5,39561.457,1.0,33508.176,52946.938,0.19011289705319576
2018-08-02T00:00:00.0,2018-08-02T06:00:00.0,6,37984.45,1.0,29752.643,49837.094,0.33747457698637057
2018-08-02T01:00:00.0,2018-08-02T07:00:00.0,7,37157.004,1.0,28535.324,48704.605,0.36788554582502403
2018-08-02T02:00:00.0,2018-08-02T08:00:00.0,8,37294.41,1.0,28214.781,48498.19,0.4037685359695606
2018-08-02T03:00:00.0,2018-08-02T09:00:00.0,9,38632.348,1.0,28884.777,49128.906,0.4657081011964564
2018-08-02T04:00:00.0,2018-08-02T10:00:00.0,10,39808.75,1.0,29765.2,49898.48,0.4978714970501477
2018-08-02T05:00:00.0,2018-08-02T11:00:00.0,11,41204.715,1.0,31021.633,51222.438,0.507596122927098
2018-08-02T06:00:00.0,2018-08-02T12:00:00.0,12,44170.39,1.0,33065.7,53395.83,0.585125128250881
2018-08-02T07:00:00.0,2018-08-02T13:00:00.0,13,48013.44,1.0,37840.52,57378.938,0.5382919166493182
2018-08-02T08:00:00.0,2018-08-02T14:00:00.0,14,52103.484,1.0,39877.453,60106.312,0.6863852872210918
2018-08-02T09:00:00.0,2018-08-02T15:00:00.0,15,55864.38,1.0,43504.164,63656.793,0.7009972758120786
2018-08-02T10:00:00.0,2018-08-02T16:00:00.0,16,59251.562,1.0,47914.465,68067.055,0.614497511384094
2018-08-02T11:00:00.0,2018-08-02T17:00:00.0,17,62170.074,1.0,51975.457,72037.875,0.5151138065565889
2018-08-02T12:00:00.0,2018-08-02T18:00:00.0,18,64407.31,1.0,52949.67,73171.13,0.6216782265029966
2018-08-02T13:00:00.0,2018-08-02T19:00:00.0,19,65808.09,1.0,54241.26,74483.98,0.6301434125269981
2018-08-02T14:00:00.0,2018-08-02T20:00:00.0,20,66054.37,1.0,54283.15,73683.77,0.690279723804244
2018-08-02T15:00:00.0,2018-08-02T21:00:00.0,21,65259.113,1.0,53419.24,72851.11,0.6944474915714787
2018-08-02T16:00:00.0,2018-08-02T22:00:00.0,22,63274.184,1.0,53360.93,72970.5,0.5102656943143877
2018-08-02T17:00:00.0,2018-08-02T23:00:00.0,23,60346.812,1.0,51985.363,70575.38,0.4076333989698621
2018-08-02T18:00:00.0,2018-08-03T00:00:00.0,0,58379.938,1.0,49759.48,67151.08,0.4919601523898964
2018-08-02T19:00:00.0,2018-08-03T01:00:00.0,1,55389.19,1.0,47121.375,64301.516,0.4652301003056527
2018-08-02T20:00:00.0,2018-08-03T02:00:00.0,2,51190.38,1.0,41376.61,58761.434,0.6179465591848841
2018-08-02T21:00:00.0,2018-08-03T03:00:00.0,3,47051.61,1.0,35632.29,54152.08,0.7062477247117969
2018-08-02T22:00:00.0,2018-08-03T04:00:00.0,4,43783.875,1.0,30766.465,50195.477,0.7854802916031176
2018-08-02T23:00:00.0,2018-08-03T05:00:00.0,5,41351.984,1.0,30698.965,49380.016,0.6281178048296768
2018-08-03T00:00:00.0,2018-08-03T06:00:00.0,6,39596.504,1.0,31237.803,51475.477,0.3428749057706481
2018-08-03T01:00:00.0,2018-08-03T07:00:00.0,7,38486.49,1.0,29717.31,49850.01,0.3821798812804749
2018-08-03T02:00:00.0,2018-08-03T08:00:00.0,8,38383.33,1.0,29100.227,49104.758,0.43358601116909273
2018-08-03T03:00:00.0,2018-08-03T09:00:00.0,9,39536.48,1.0,30175.836,49788.734,0.4578900549161217
2018-08-03T04:00:00.0,2018-08-03T10:00:00.0,10,40532.414,1.0,30973.982,50837.63,0.4651556362282412
2018-08-03T05:00:00.0,2018-08-03T11:00:00.0,11,41907.46,1.0,32802.07,51863.28,0.45866869200924937
2018-08-03T06:00:00.0,2018-08-03T12:00:00.0,12,45085.344,1.0,35567.16,54867.293,0.4873192389006341
2018-08-03T07:00:00.0,2018-08-03T13:00:00.0,13,49375.39,1.0,40464.332,59737.113,0.43049955337628504
2018-08-03T08:00:00.0,2018-08-03T14:00:00.0,14,53727.652,1.0,45563.74,62667.63,0.45797006588524575
2018-08-03T09:00:00.0,2018-08-03T15:00:00.0,15,57474.848,1.0,49778.453,66217.81,0.4411332170256549
2018-08-03T10:00:00.0,2018-08-03T16:00:00.0,16,60686.64,1.0,54565.74,72118.7,0.24075371399528428
2018-08-03T11:00:00.0,2018-08-03T17:00:00.0,17,63555.434,1.0,55377.33,74819.33,0.3559892557418527
2018-08-03T12:00:00.0,2018-08-03T18:00:00.0,18,65556.06,1.0,55436.31,74797.375,0.5420277775131693
2018-08-03T13:00:00.0,2018-08-03T19:00:00.0,19,66598.71,1.0,55523.285,75680.36,0.5909916002468942
2018-08-03T14:00:00.0,2018-08-03T20:00:00.0,20,66786.15,1.0,56204.17,75931.5,0.5672603629949394
2018-08-03T15:00:00.0,2018-08-03T21:00:00.0,21,65740.86,1.0,54862.863,74599.53,0.5940584741891274
2018-08-03T16:00:00.0,2018-08-03T22:00:00.0,22,63510.91,1.0,53595.66,73725.805,0.4861890019165567
2018-08-03T17:00:00.0,2018-08-03T23:00:00.0,23,60362.77,1.0,52077.297,72134.29,0.342994325174347
2018-08-03T18:00:00.0,2018-08-04T00:00:00.0,0,58254.797,1.0,48935.234,67834.016,0.48725196533550547
2018-08-03T19:00:00.0,2018-08-04T01:00:00.0,1,55235.688,1.0,46488.742,66643.75,0.37936574349637625
2018-08-03T20:00:00.0,2018-08-04T02:00:00.0,2,51458.973,1.0,43473.543,63590.438,0.31582441236639075
2018-08-03T21:00:00.0,2018-08-04T03:00:00.0,3,47733.582,1.0,38863.176,58966.3,0.39229121368739983
2018-08-03T22:00:00.0,2018-08-04T04:00:00.0,4,44636.168,1.0,33713.62,52615.992,0.6413802171622298
2018-08-03T23:00:00.0,2018-08-04T05:00:00.0,5,42134.25,1.0,31535.967,51545.996,0.554854008562871
2018-08-04T00:00:00.0,2018-08-04T06:00:00.0,6,40095.715,1.0,31419.447,51596.008,0.3723677238267617
2018-08-04T01:00:00.0,2018-08-04T07:00:00.0,7,38758.59,1.0,29610.857,49866.54,0.41094168636721795
2018-08-04T02:00:00.0,2018-08-04T08:00:00.0,8,38070.617,1.0,28935.102,49311.7,0.40502274336283167
2018-08-04T03:00:00.0,2018-08-04T09:00:00.0,9,38214.375,1.0,29937.863,48824.277,0.3869046856755433
2018-08-04T04:00:00.0,2018-08-04T10:00:00.0,10,38378.09,1.0,30470.541,50442.805,0.31413044917414173
2018-08-04T05:00:00.0,2018-08-04T11:00:00.0,11,39797.824,1.0,34497.73,50467.938,0.2170645512733217
2018-08-04T06:00:00.0,2018-08-04T12:00:00.0,12,43380.637,1.0,37532.45,53364.492,0.2717087807030449
2018-08-04T07:00:00.0,2018-08-04T13:00:00.0,13,47572.812,1.0,39919.88,58360.793,0.3462531024289576
2018-08-04T08:00:00.0,2018-08-04T14:00:00.0,14,51668.234,1.0,44134.38,60127.35,0.44647246809978136
2018-08-04T09:00:00.0,2018-08-04T15:00:00.0,15,55090.67,1.0,50246.098,63358.125,0.27184220496306094
2018-08-04T10:00:00.0,2018-08-04T16:00:00.0,16,57802.83,1.0,54485.36,67814.38,0.12136885051609342
2018-08-04T11:00:00.0,2018-08-04T17:00:00.0,17,59771.113,1.0,54153.156,71450.52,0.20750217786676003
2018-08-04T12:00:00.0,2018-08-04T18:00:00.0,18,61360.387,1.0,52837.234,72096.54,0.394623562897645
2018-08-04T13:00:00.0,2018-08-04T19:00:00.0,19,62719.125,1.0,54047.832,74143.95,0.37496773627145424
2018-08-04T14:00:00.0,2018-08-04T20:00:00.0,20,62504.953,1.0,54179.32,74393.19,0.3409042571234736
2018-08-04T15:00:00.0,2018-08-04T21:00:00.0,21,61218.973,1.0,53454.21,73725.77,0.29317168581677655
2018-08-04T16:00:00.0,2018-08-04T22:00:00.0,22,59496.562,1.0,52698.562,72935.195,0.2226400992829565
2018-08-04T17:00:00.0,2018-08-04T23:00:00.0,23,57229.816,1.0,51588.176,71755.86,0.15276705432321316
2018-08-04T18:00:00.0,2018-08-05T00:00:00.0,0,55822.035,1.0,49827.3,70068.87,0.17148405518924686
2018-08-04T19:00:00.0,2018-08-05T01:00:00.0,1,53492.26,1.0,46914.344,67024.65,0.2105644180073002
2018-08-04T20:00:00.0,2018-08-05T02:00:00.0,2,50464.34,1.0,43907.543,63971.824,0.21015351679470998
2018-08-04T21:00:00.0,2018-08-05T03:00:00.0,3,47210.22,1.0,39749.883,59951.227,0.2715684315684318
2018-08-04T22:00:00.0,2018-08-05T04:00:00.0,4,44451.113,1.0,36970.652,57368.59,0.267619378455102
2018-08-04T23:00:00.0,2018-08-05T05:00:00.0,5,42174.19,1.0,33782.277,53953.785,0.348019477208607
2018-08-05T00:00:00.0,2018-08-05T06:00:00.0,6,40401.637,1.0,32874.445,52475.41,0.2947516092575307
2018-08-05T01:00:00.0,2018-08-05T07:00:00.0,7,39232.254,1.0,29792.803,48773.555,0.4950204361005181
2018-08-05T02:00:00.0,2018-08-05T08:00:00.0,8,38555.023,1.0,29667.63,48610.836,0.44295545419254667
2018-08-05T03:00:00.0,2018-08-05T09:00:00.0,9,38397.645,1.0,31702.936,48454.816,0.32027038103234523
2018-08-05T04:00:00.0,2018-08-05T10:00:00.0,10,38254.816,1.0,31530.896,49849.996,0.2681036160814555
2018-08-05T05:00:00.0,2018-08-05T11:00:00.0,11,39486.312,1.0,35810.664,49182.934,0.14748804832993742
2018-08-05T06:00:00.0,2018-08-05T12:00:00.0,12,42985.266,1.0,38421.21,52435.12,0.20868322266656647
2018-08-05T07:00:00.0,2018-08-05T13:00:00.0,13,47202.152,1.0,39515.71,56853.88,0.39601684145270466
2018-08-05T08:00:00.0,2018-08-05T14:00:00.0,14,51120.574,1.0,42849.67,60074.555,0.4632500000000001
2018-08-05T09:00:00.0,2018-08-05T15:00:00.0,15,54556.59,1.0,49534.68,62518.08,0.2992031700110027
2018-08-05T10:00:00.0,2018-08-05T16:00:00.0,16,57597.27,1.0,51438.582,66146.43,0.35268745657319844
2018-08-05T11:00:00.0,2018-08-05T17:00:00.0,17,59777.5,1.0,52396.824,70438.34,0.33617675519771517
2018-08-05T12:00:00.0,2018-08-05T18:00:00.0,18,61340.99,1.0,52479.79,71499.28,0.4369755327241387
2018-08-05T13:00:00.0,2018-08-05T19:00:00.0,19,62525.254,1.0,53901.883,73400.48,0.39410253112223825
2018-08-05T14:00:00.0,2018-08-05T20:00:00.0,20,63194.188,1.0,53562.227,72849.73,0.49886559150131854
2018-08-05T15:00:00.0,2018-08-05T21:00:00.0,21,62899.266,1.0,51929.945,70655.914,0.6550819281961154
2018-08-05T16:00:00.0,2018-08-05T22:00:00.0,22,61480.484,1.0,50884.863,70694.016,0.5644636847749711
2018-08-05T17:00:00.0,2018-08-05T23:00:00.0,23,59244.562,1.0,50105.516,69835.96,0.4320202723399515
2018-08-05T18:00:00.0,2018-08-06T00:00:00.0,0,58042.83,1.0,49036.836,68232.05,0.4429910928072026
2018-08-05T19:00:00.0,2018-08-06T01:00:00.0,1,55557.234,1.0,46789.49,66728.875,0.389561979343192
2018-08-05T20:00:00.0,2018-08-06T02:00:00.0,2,51742.33,1.0,44509.383,64404.36,0.26278882020879796
2018-08-05T21:00:00.0,2018-08-06T03:00:00.0,3,47972.496,1.0,41291.69,61049.645,0.22571965256690904
2018-08-05T22:00:00.0,2018-08-06T04:00:00.0,4,44929.793,1.0,38661.36,58240.18,0.20139187437552308
2018-08-05T23:00:00.0,2018-08-06T05:00:00.0,5,42828.953,1.0,35406.23,55667.746,0.2670395078256031
2018-08-06T00:00:00.0,2018-08-06T06:00:00.0,6,41416.91,1.0,33195.03,52815.926,0.35321044872304225
2018-08-06T01:00:00.0,2018-08-06T07:00:00.0,7,40666.676,1.0,30928.115,51332.297,0.4579136424032611
2018-08-06T02:00:00.0,2018-08-06T08:00:00.0,8,40972.16,1.0,31290.516,50958.336,0.48563417739425696
2018-08-06T03:00:00.0,2018-08-06T09:00:00.0,9,42345.453,1.0,32300.953,51648.797,0.5355020068807343
2018-08-06T04:00:00.0,2018-08-06T10:00:00.0,10,43630.45,1.0,33147.57,52016.04,0.6020153426946555
2018-08-06T05:00:00.0,2018-08-06T11:00:00.0,11,45060.58,1.0,37464.086,50822.305,0.6253259548840404
2018-08-06T06:00:00.0,2018-08-06T12:00:00.0,12,48149.625,1.0,40042.55,53686.07,0.6694179979626826
2018-08-06T07:00:00.0,2018-08-06T13:00:00.0,13,52198.465,1.0,42022.848,57400.49,0.7740676858866757
2018-08-06T08:00:00.0,2018-08-06T14:00:00.0,14,56021.754,1.0,47112.73,59691.15,0.8336957679243553
2018-08-06T09:00:00.0,2018-08-06T15:00:00.0,15,59132.953,1.0,53423.668,63079.383,0.6644664642173815
2018-08-06T10:00:00.0,2018-08-06T16:00:00.0,16,61777.277,1.0,54504.727,66616.375,0.6798951996460567
2018-08-06T11:00:00.0,2018-08-06T17:00:00.0,17,64203.516,1.0,55087.07,70022.33,0.6962334006219654
2018-08-06T12:00:00.0,2018-08-06T18:00:00.0,18,66045.945,1.0,53773.895,73138.02,0.733108916345322
2018-08-06T13:00:00.0,2018-08-06T19:00:00.0,19,66807.305,1.0,54642.293,74064.77,0.7216564760420405
2018-08-06T14:00:00.0,2018-08-06T20:00:00.0,20,66768.96,1.0,55170.477,72433.98,0.7879968503937018
2018-08-06T15:00:00.0,2018-08-06T21:00:00.0,21,66303.24,1.0,53102.24,72103.63,0.8175166644883023
2018-08-06T16:00:00.0,2018-08-06T22:00:00.0,22,64839.332,1.0,52214.785,71386.99,0.7695452850730021
2018-08-06T17:00:00.0,2018-08-06T23:00:00.0,23,62468.7,1.0,49174.72,69628.0,0.7573135502323919
2018-08-06T18:00:00.0,2018-08-07T00:00:00.0,0,60694.39,1.0,48150.02,68261.195,0.7176017843679316
2018-08-06T19:00:00.0,2018-08-07T01:00:00.0,1,57668.074,1.0,46047.758,65916.29,0.6535030627210768
2018-08-06T20:00:00.0,2018-08-07T02:00:00.0,2,53651.49,1.0,43290.742,61241.348,0.6402387201358596
2018-08-06T21:00:00.0,2018-08-07T03:00:00.0,3,49677.004,1.0,39500.75,57402.402,0.6249339719331439
2018-08-06T22:00:00.0,2018-08-07T04:00:00.0,4,46446.72,1.0,37339.426,54830.53,0.5383273430727926
2018-08-06T23:00:00.0,2018-08-07T05:00:00.0,5,44026.2,1.0,34576.18,53233.18,0.5120873844318518
2018-08-07T00:00:00.0,2018-08-07T06:00:00.0,6,42369.53,1.0,33419.168,53564.38,0.3977499733219505
2018-08-07T01:00:00.0,2018-08-07T07:00:00.0,7,41366.176,1.0,31892.873,52087.555,0.44284351388256693
2018-08-07T02:00:00.0,2018-08-07T08:00:00.0,8,41424.062,1.0,32217.775,52073.12,0.4328860397546462
2018-08-07T03:00:00.0,2018-08-07T09:00:00.0,9,42882.844,1.0,33906.39,52363.387,0.47467184567362203
2018-08-07T04:00:00.0,2018-08-07T10:00:00.0,10,44211.797,1.0,36136.36,53372.453,0.4417774174968531
2018-08-07T05:00:00.0,2018-08-07T11:00:00.0,11,45524.11,1.0,42262.8,52617.8,0.19466340496686707
2018-08-07T06:00:00.0,2018-08-07T12:00:00.0,12,48475.44,1.0,44758.77,56402.523,0.20011579066863483
2018-08-07T07:00:00.0,2018-08-07T13:00:00.0,13,52189.297,1.0,43462.715,59938.434,0.5548811024940021
2018-08-07T08:00:00.0,2018-08-07T14:00:00.0,14,56144.88,1.0,48282.496,61407.0,0.677554223016075
2018-08-07T09:00:00.0,2018-08-07T15:00:00.0,15,59802.06,1.0,55282.684,65985.61,0.3587862113610617
2018-08-07T10:00:00.0,2018-08-07T16:00:00.0,16,63100.043,1.0,55499.664,68609.05,0.6447164451256573
2018-08-07T11:00:00.0,2018-08-07T17:00:00.0,17,65613.24,1.0,53514.85,69674.57,0.8763011677716361
2018-08-07T12:00:00.0,2018-08-07T18:00:00.0,18,67037.74,1.0,52899.758,73041.9,0.8262017026850037
2018-08-07T13:00:00.0,2018-08-07T19:00:00.0,19,67109.49,1.0,53976.832,74319.484,0.7508850384643045
2018-08-07T14:00:00.0,2018-08-07T20:00:00.0,20,66846.99,1.0,55602.766,75777.58,0.605173608027707
2018-08-07T15:00:00.0,2018-08-07T21:00:00.0,21,66296.836,1.0,55145.7,73990.35,0.6652370930023385
2018-08-07T16:00:00.0,2018-08-07T22:00:00.0,22,64787.656,1.0,53823.73,74159.37,0.5722616101846874
2018-08-07T17:00:00.0,2018-08-07T23:00:00.0,23,62675.582,1.0,52185.74,72317.23,0.539039208662828
2018-08-07T18:00:00.0,2018-08-08T00:00:00.0,0,61013.168,1.0,49993.746,70207.375,0.5831837188851597
2018-08-07T19:00:00.0,2018-08-08T01:00:00.0,1,57826.312,1.0,46926.688,67164.984,0.5711968145005087
2018-08-07T20:00:00.0,2018-08-08T02:00:00.0,2,53587.69,1.0,44468.645,64493.188,0.41779840944910457
2018-08-07T21:00:00.0,2018-08-08T03:00:00.0,3,49652.48,1.0,37521.098,57850.785,0.6736539823737752
2018-08-07T22:00:00.0,2018-08-08T04:00:00.0,4,46628.938,1.0,35295.305,54471.727,0.6640152024041012
2018-08-07T23:00:00.0,2018-08-08T05:00:00.0,5,44575.918,1.0,34569.895,54713.54,0.49393771594416536
2018-08-08T00:00:00.0,2018-08-08T06:00:00.0,6,43087.25,1.0,33400.156,53655.805,0.45968223618319237
2018-08-08T01:00:00.0,2018-08-08T07:00:00.0,7,42400.184,1.0,32078.436,52204.066,0.5238649312874514
2018-08-08T02:00:00.0,2018-08-08T08:00:00.0,8,42710.64,1.0,31948.527,52178.04,0.559178072232219
2018-08-08T03:00:00.0,2018-08-08T09:00:00.0,9,44123.87,1.0,34515.92,53592.168,0.5067932440189528
2018-08-08T04:00:00.0,2018-08-08T10:00:00.0,10,45267.316,1.0,35086.637,54708.523,0.5349281972032714
2018-08-08T05:00:00.0,2018-08-08T11:00:00.0,11,46432.934,1.0,42889.18,51992.023,0.30327676333691433
2018-08-08T06:00:00.0,2018-08-08T12:00:00.0,12,49293.062,1.0,45907.992,57042.82,0.18092648764385735
2018-08-08T07:00:00.0,2018-08-08T13:00:00.0,13,52933.387,1.0,44399.17,61326.426,0.5077394631814396
2018-08-08T08:00:00.0,2018-08-08T14:00:00.0,14,56690.793,1.0,51599.973,62722.562,0.42199449252557003
2018-08-08T09:00:00.0,2018-08-08T15:00:00.0,15,59664.438,1.0,57596.836,67594.03,0.0863726880662249
2018-08-08T10:00:00.0,2018-08-08T16:00:00.0,16,61888.535,1.0,57856.082,70962.37,0.18547823203373007
2018-08-08T11:00:00.0,2018-08-08T17:00:00.0,17,63532.02,1.0,54706.98,73126.28,0.46130421689770384
2018-08-08T12:00:00.0,2018-08-08T18:00:00.0,18,63726.668,1.0,54243.344,74483.92,0.4417981834695727
2018-08-08T13:00:00.0,2018-08-08T19:00:00.0,19,63268.395,1.0,55615.766,75456.71,0.2974441936292951
2018-08-08T14:00:00.0,2018-08-08T20:00:00.0,20,63438.94,1.0,55457.617,75942.87,0.30378428689620063
2018-08-08T15:00:00.0,2018-08-08T21:00:00.0,21,63185.918,1.0,54493.684,73310.445,0.4297246257448763
2018-08-08T16:00:00.0,2018-08-08T22:00:00.0,22,61828.77,1.0,52591.23,72612.9,0.42869668160128177
2018-08-08T17:00:00.0,2018-08-08T23:00:00.0,23,59696.125,1.0,50677.99,69856.484,0.4449067292944784
2018-08-08T18:00:00.0,2018-08-09T00:00:00.0,0,58568.55,1.0,48680.64,68373.54,0.5039074501672877
2018-08-08T19:00:00.0,2018-08-09T01:00:00.0,1,55725.285,1.0,46229.297,66569.82,0.4387151667942199
2018-08-08T20:00:00.0,2018-08-09T02:00:00.0,2,51710.418,1.0,43566.445,63693.516,0.32862372497795217
2018-08-08T21:00:00.0,2018-08-09T03:00:00.0,3,47738.42,1.0,39705.156,59961.36,0.3152153195933486
2018-08-08T22:00:00.0,2018-08-09T04:00:00.0,4,44623.598,1.0,36579.83,56724.703,0.31969956518172093
2018-08-08T23:00:00.0,2018-08-09T05:00:00.0,5,42361.996,1.0,33364.66,53614.664,0.3977866046231829
2018-08-09T00:00:00.0,2018-08-09T06:00:00.0,6,40804.8,1.0,31919.797,51909.527,0.39808330644872225
2018-08-09T01:00:00.0,2018-08-09T07:00:00.0,7,39978.02,1.0,30858.635,50689.53,0.42592571481106883
2018-08-09T02:00:00.0,2018-08-09T08:00:00.0,8,40229.64,1.0,30906.402,50601.844,0.4506981992527319
2018-08-09T03:00:00.0,2018-08-09T09:00:00.0,9,41755.598,1.0,32401.092,51947.34,0.4603129197646478
2018-08-09T04:00:00.0,2018-08-09T10:00:00.0,10,43257.69,1.0,34850.105,53231.227,0.4214511729405351
2018-08-09T05:00:00.0,2018-08-09T11:00:00.0,11,44382.496,1.0,43669.867,49733.062,0.0377852681494064
2018-08-09T06:00:00.0,2018-08-09T12:00:00.0,12,46898.137,0.0,47040.973,54228.8,0.0
2018-08-09T07:00:00.0,2018-08-09T13:00:00.0,13,50106.113,1.0,45646.32,59411.035,0.20646456110700312
2018-08-09T08:00:00.0,2018-08-09T14:00:00.0,14,53499.965,1.0,49481.152,59794.26,0.3038930151706693
2018-08-09T09:00:00.0,2018-08-09T15:00:00.0,15,56923.246,1.0,54696.133,63541.0,0.1241513498300535
2018-08-09T10:00:00.0,2018-08-09T16:00:00.0,16,60459.24,1.0,53331.473,66897.01,0.5470932920031537
2018-08-09T11:00:00.0,2018-08-09T17:00:00.0,17,63616.99,1.0,51683.793,69403.25,0.7901693309562349
2018-08-09T12:00:00.0,2018-08-09T18:00:00.0,18,65690.45,1.0,52312.92,71503.766,0.8204080229942514
2018-08-09T13:00:00.0,2018-08-09T19:00:00.0,19,66555.68,1.0,53895.37,73310.43,0.7604035048965464
2018-08-09T14:00:00.0,2018-08-09T20:00:00.0,20,65840.695,1.0,55111.965,74839.77,0.5808073294963504
2018-08-09T15:00:00.0,2018-08-09T21:00:00.0,21,64012.895,1.0,53703.21,73309.52,0.5478358166835983
2018-08-09T16:00:00.0,2018-08-09T22:00:00.0,22,61717.473,1.0,52650.875,72439.766,0.42284167756914637
2018-08-09T17:00:00.0,2018-08-09T23:00:00.0,23,59376.473,1.0,51752.074,71957.68,0.28412319718585094
2018-08-09T18:00:00.0,2018-08-10T00:00:00.0,0,57937.88,1.0,49622.633,69906.38,0.33762141925995254
2018-08-09T19:00:00.0,2018-08-10T01:00:00.0,1,54787.438,1.0,45457.65,65495.527,0.43643871675349616
2018-08-09T20:00:00.0,2018-08-10T02:00:00.0,2,50673.723,1.0,42176.125,62002.355,0.36987563176417637
2018-08-09T21:00:00.0,2018-08-10T03:00:00.0,3,47148.562,1.0,38662.535,58579.965,0.36542750276572944
2018-08-09T22:00:00.0,2018-08-10T04:00:00.0,4,44369.49,1.0,36574.348,56074.03,0.3204677584178482
2018-08-09T23:00:00.0,2018-08-10T05:00:00.0,5,42263.87,1.0,33881.914,53514.992,0.3669487373624908
2018-08-10T00:00:00.0,2018-08-10T06:00:00.0,6,40967.28,1.0,32460.176,52646.664,0.35734793166470735
2018-08-10T01:00:00.0,2018-08-10T07:00:00.0,7,40270.582,1.0,31236.912,51471.348,0.4016264002637888
2018-08-10T02:00:00.0,2018-08-10T08:00:00.0,8,40553.824,1.0,30808.43,50336.027,0.49825094804071596
2018-08-10T03:00:00.0,2018-08-10T09:00:00.0,9,42111.508,1.0,32348.852,51923.785,0.49764752730582545
2018-08-10T04:00:00.0,2018-08-10T10:00:00.0,10,43603.977,1.0,33646.516,52561.06,0.5489605780200276
2018-08-10T05:00:00.0,2018-08-10T11:00:00.0,11,44790.14,1.0,40797.52,48974.223,0.4782804712279106
2018-08-10T06:00:00.0,2018-08-10T12:00:00.0,12,47058.36,1.0,43556.016,53060.645,0.27031031554190915
2018-08-10T07:00:00.0,2018-08-10T13:00:00.0,13,49410.7,1.0,37913.31,57976.793,0.633017519393358
2018-08-10T08:00:00.0,2018-08-10T14:00:00.0,14,51695.844,1.0,41660.57,61076.344,0.531265022378821
2018-08-10T09:00:00.0,2018-08-10T15:00:00.0,15,53558.297,1.0,50630.42,64294.973,0.09191384615384626
2018-08-10T10:00:00.0,2018-08-10T16:00:00.0,16,55196.95,1.0,49913.066,68963.89,0.15012957392462947
2018-08-10T11:00:00.0,2018-08-10T17:00:00.0,17,56892.89,1.0,49700.867,69953.01,0.2501368367474898
2018-08-10T12:00:00.0,2018-08-10T18:00:00.0,18,57983.285,1.0,52096.56,72365.484,0.16481422190825634
2018-08-10T13:00:00.0,2018-08-10T19:00:00.0,19,58904.527,1.0,56021.29,74299.055,0.055822392403990236
2018-08-10T14:00:00.0,2018-08-10T20:00:00.0,20,59070.62,1.0,53924.56,73409.12,0.13626529004436724
2018-08-10T15:00:00.0,2018-08-10T21:00:00.0,21,57828.37,1.0,51897.258,72412.29,0.16328935518732007
2018-08-10T16:00:00.0,2018-08-10T22:00:00.0,22,55450.957,1.0,51143.86,69715.4,0.10622533351545783
2018-08-10T17:00:00.0,2018-08-10T23:00:00.0,23,53514.78,1.0,49243.0,68060.36,0.10207633821044676
2018-08-10T18:00:00.0,2018-08-11T00:00:00.0,0,52602.016,1.0,48170.934,68377.02,0.09586411422215142
2018-08-10T19:00:00.0,2018-08-11T01:00:00.0,1,50361.938,1.0,44228.03,64450.086,0.18008228330017464
2018-08-10T20:00:00.0,2018-08-11T02:00:00.0,2,47361.52,1.0,41401.656,61762.004,0.1674563294010886
2018-08-10T21:00:00.0,2018-08-11T03:00:00.0,3,44436.074,1.0,36346.203,56605.89,0.3197205136153759
2018-08-10T22:00:00.0,2018-08-11T04:00:00.0,4,41919.16,1.0,35089.938,55312.883,0.2251116354804881
2018-08-10T23:00:00.0,2018-08-11T05:00:00.0,5,39958.688,1.0,32647.457,52799.656,0.2616370235934665
2018-08-11T00:00:00.0,2018-08-11T06:00:00.0,6,38590.145,1.0,29142.62,47304.617,0.5374020116873331
2018-08-11T01:00:00.0,2018-08-11T07:00:00.0,7,37756.34,1.0,29474.227,48251.945,0.3919605037206636
2018-08-11T02:00:00.0,2018-08-11T08:00:00.0,8,37441.56,1.0,30013.385,47337.805,0.37016598778004045
2018-08-11T03:00:00.0,2018-08-11T09:00:00.0,9,37790.164,1.0,29927.863,49050.953,0.33964759271077055
2018-08-11T04:00:00.0,2018-08-11T10:00:00.0,10,38334.27,1.0,31026.16,49652.24,0.3082591121454442
2018-08-11T05:00:00.0,2018-08-11T11:00:00.0,11,39236.63,1.0,37684.035,45757.633,0.07624719888525802
2018-08-11T06:00:00.0,2018-08-11T12:00:00.0,12,41512.535,1.0,39933.773,46870.004,0.1025824972876774
2018-08-11T07:00:00.0,2018-08-11T13:00:00.0,13,43946.395,1.0,35904.496,55397.805,0.34205182996535277
2018-08-11T08:00:00.0,2018-08-11T14:00:00.0,14,46731.223,1.0,38493.17,56823.957,0.4069646862089315
2018-08-11T09:00:00.0,2018-08-11T15:00:00.0,15,48764.88,1.0,44448.863,56397.79,0.2592217290742007
2018-08-11T10:00:00.0,2018-08-11T16:00:00.0,16,50073.703,1.0,44744.996,61612.715,0.19589635769143038
2018-08-11T11:00:00.0,2018-08-11T17:00:00.0,17,50851.824,1.0,46932.23,65396.477,0.09035173740572393
2018-08-11T12:00:00.0,2018-08-11T18:00:00.0,18,51437.49,1.0,48235.5,66009.18,0.06843545960134954
2018-08-11T13:00:00.0,2018-08-11T19:00:00.0,19,51794.973,1.0,48915.3,65768.055,0.06296810388520897
2018-08-11T14:00:00.0,2018-08-11T20:00:00.0,20,51504.734,1.0,50031.145,69715.27,0.024377442860969385
2018-08-11T15:00:00.0,2018-08-11T21:00:00.0,21,50683.934,1.0,49451.742,68866.484,0.021312054182578036
2018-08-11T16:00:00.0,2018-08-11T22:00:00.0,22,49190.08,1.0,45986.66,65158.016,0.0607424295963989
2018-08-11T17:00:00.0,2018-08-11T23:00:00.0,23,48087.99,1.0,47762.17,67222.1,0.012857704188761787
2018-08-11T18:00:00.0,2018-08-12T00:00:00.0,0,47685.14,1.0,43886.688,63333.28,0.07823558865022688
2018-08-11T19:00:00.0,2018-08-12T01:00:00.0,1,45984.95,1.0,42471.215,62222.254,0.06710862238659066
2018-08-11T20:00:00.0,2018-08-12T02:00:00.0,2,43625.324,1.0,39753.125,59399.965,0.07939536410091563
2018-08-11T21:00:00.0,2018-08-12T03:00:00.0,3,41254.01,1.0,36142.652,56017.293,0.12930514875905663
2018-08-11T22:00:00.0,2018-08-12T04:00:00.0,4,39215.63,1.0,35033.03,53829.754,0.09839702316247162
2018-08-11T23:00:00.0,2018-08-12T05:00:00.0,5,37684.953,1.0,31822.809,51330.52,0.1766935701991642
2018-08-12T00:00:00.0,2018-08-12T06:00:00.0,6,36576.48,1.0,28048.041,47657.402,0.3810199343382132
2018-08-12T01:00:00.0,2018-08-12T07:00:00.0,7,36019.37,1.0,27398.918,46642.58,0.4043545077166715
2018-08-12T02:00:00.0,2018-08-12T08:00:00.0,8,35943.812,1.0,27270.146,46127.64,0.42611031615585426
2018-08-12T03:00:00.0,2018-08-12T09:00:00.0,9,36321.516,1.0,27098.924,46824.523,0.439985701685159
2018-08-12T04:00:00.0,2018-08-12T10:00:00.0,10,36704.344,1.0,28462.775,47007.8,0.397958268933539
2018-08-12T05:00:00.0,2018-08-12T11:00:00.0,11,37651.94,1.0,34212.99,44903.19,0.20341151596829882
2018-08-12T06:00:00.0,2018-08-12T12:00:00.0,12,40357.97,1.0,37404.637,45536.16,0.26223877520425753
2018-08-12T07:00:00.0,2018-08-12T13:00:00.0,13,43540.68,1.0,33821.887,53168.94,0.504342395579517
2018-08-12T08:00:00.0,2018-08-12T14:00:00.0,14,46360.082,1.0,35698.44,54277.58,0.6344159340349029
2018-08-12T09:00:00.0,2018-08-12T15:00:00.0,15,48839.67,1.0,38704.477,56545.848,0.6242622788715402
2018-08-12T10:00:00.0,2018-08-12T16:00:00.0,16,49959.953,1.0,41007.406,61074.734,0.40104083173085553
2018-08-12T11:00:00.0,2018-08-12T17:00:00.0,17,50686.2,1.0,43981.133,63864.645,0.22444276812529804
2018-08-12T12:00:00.0,2018-08-12T18:00:00.0,18,51462.688,1.0,45972.61,65912.93,0.14797014147708262
2018-08-12T13:00:00.0,2018-08-12T19:00:00.0,19,51720.94,1.0,48006.34,67646.72,0.07415876674058548
2018-08-12T14:00:00.0,2018-08-12T20:00:00.0,20,52261.89,1.0,47548.91,67406.69,0.11086066523927054
2018-08-12T15:00:00.0,2018-08-12T21:00:00.0,21,52469.887,1.0,46902.48,66714.05,0.1541874517439325
2018-08-12T16:00:00.0,2018-08-12T22:00:00.0,22,51490.625,1.0,46412.17,66370.81,0.1266902523265853
2018-08-12T17:00:00.0,2018-08-12T23:00:00.0,23,50252.63,1.0,44887.24,64815.215,0.1415173118256686
2018-08-12T18:00:00.0,2018-08-13T00:00:00.0,0,49813.637,1.0,43571.48,63590.734,0.19063280028702498
2018-08-12T19:00:00.0,2018-08-13T01:00:00.0,1,47909.223,1.0,40751.027,60645.535,0.2571335455965398
2018-08-12T20:00:00.0,2018-08-13T02:00:00.0,2,44928.906,1.0,38542.516,58599.08,0.19911243133317558
2018-08-12T21:00:00.0,2018-08-13T03:00:00.0,3,41951.324,1.0,36560.727,56197.617,0.14710948424331766
2018-08-12T22:00:00.0,2018-08-13T04:00:00.0,4,39845.008,1.0,33977.43,53712.383,0.17287433845555583
2018-08-12T23:00:00.0,2018-08-13T05:00:00.0,5,38385.066,1.0,30816.852,50612.57,0.29201321818108106
2018-08-13T00:00:00.0,2018-08-13T06:00:00.0,6,37556.79,1.0,30076.625,49323.195,0.302213303529093
2018-08-13T01:00:00.0,2018-08-13T07:00:00.0,7,37486.99,1.0,27603.527,48088.32,0.46751441956186174
2018-08-13T02:00:00.0,2018-08-13T08:00:00.0,8,38359.684,1.0,27792.578,47337.844,0.5749952893109335
2018-08-13T03:00:00.0,2018-08-13T09:00:00.0,9,40415.504,1.0,29008.049,48060.746,0.6770018720172966
2018-08-13T04:00:00.0,2018-08-13T10:00:00.0,10,42425.004,1.0,30502.82,49471.043,0.7250685021197191
2018-08-13T05:00:00.0,2018-08-13T11:00:00.0,11,43508.25,1.0,36316.89,47187.746,0.7738047872681768
2018-08-13T06:00:00.0,2018-08-13T12:00:00.0,12,45640.355,1.0,40816.84,47845.89,0.8068449480848902
2018-08-13T07:00:00.0,2018-08-13T13:00:00.0,13,48534.86,1.0,37813.227,54834.76,0.7271667776267909
2018-08-13T08:00:00.0,2018-08-13T14:00:00.0,14,51722.66,1.0,39240.754,55778.88,0.8819826753344578
2018-08-13T09:00:00.0,2018-08-13T15:00:00.0,15,54809.36,1.0,42811.71,57724.207,0.9216747403623016
2018-08-13T10:00:00.0,2018-08-13T16:00:00.0,16,57587.723,1.0,45433.215,61225.582,0.8950969945867222
2018-08-13T11:00:00.0,2018-08-13T17:00:00.0,17,59262.812,1.0,46733.19,63633.29,0.8692922448101535
2018-08-13T12:00:00.0,2018-08-13T18:00:00.0,18,60033.082,1.0,47244.76,64908.004,0.8513228135672573
2018-08-13T13:00:00.0,2018-08-13T19:00:00.0,19,60140.61,1.0,47272.92,67782.74,0.7232940499708593
2018-08-13T14:00:00.0,2018-08-13T20:00:00.0,20,59680.785,1.0,47355.85,67612.67,0.6930328798642007
2018-08-13T15:00:00.0,2018-08-13T21:00:00.0,21,58475.625,1.0,46050.434,65510.215,0.7403475303618862
2018-08-13T16:00:00.0,2018-08-13T22:00:00.0,22,56578.074,1.0,46124.62,65471.098,0.5744131977494841
2018-08-13T17:00:00.0,2018-08-13T23:00:00.0,23,54771.953,1.0,45178.25,64860.336,0.4766889411764706
2018-08-13T18:00:00.0,2018-08-14T00:00:00.0,0,53932.645,1.0,44373.656,64581.715,0.4500679912022118
2018-08-13T19:00:00.0,2018-08-14T01:00:00.0,1,51304.207,1.0,40898.02,59993.215,0.5828492591185414
2018-08-13T20:00:00.0,2018-08-14T02:00:00.0,2,47609.668,1.0,38324.78,57909.53,0.45202133870724703
2018-08-13T21:00:00.0,2018-08-14T03:00:00.0,3,44049.625,1.0,35407.418,54244.16,0.4239891789347347
2018-08-13T22:00:00.0,2018-08-14T04:00:00.0,4,41505.88,1.0,32221.75,51512.664,0.46528010734652775
2018-08-13T23:00:00.0,2018-08-14T05:00:00.0,5,39719.32,1.0,31959.771,52290.48,0.29097118041847636
2018-08-14T00:00:00.0,2018-08-14T06:00:00.0,6,38687.496,1.0,29527.2,49783.79,0.4120300859598853
2018-08-14T01:00:00.0,2018-08-14T07:00:00.0,7,38239.137,1.0,29027.559,48720.7,0.4403737968763129
2018-08-14T02:00:00.0,2018-08-14T08:00:00.0,8,38744.047,1.0,29300.75,49789.652,0.427823328409475
2018-08-14T03:00:00.0,2018-08-14T09:00:00.0,9,40498.324,1.0,29774.027,50155.406,0.5484744014333026
2018-08-14T04:00:00.0,2018-08-14T10:00:00.0,10,42241.508,1.0,31097.793,51169.555,0.6013290433137279
2018-08-14T05:00:00.0,2018-08-14T11:00:00.0,11,43116.95,1.0,36084.195,51555.707,0.41628971370958257
2018-08-14T06:00:00.0,2018-08-14T12:00:00.0,12,45374.5,1.0,42737.34,52183.555,0.15214610907725531
2018-08-14T07:00:00.0,2018-08-14T13:00:00.0,13,48435.547,1.0,37459.98,57748.367,0.5755969337778696
2018-08-14T08:00:00.0,2018-08-14T14:00:00.0,14,51565.62,1.0,39898.13,60045.273,0.6435865472239896
2018-08-14T09:00:00.0,2018-08-14T15:00:00.0,15,54457.324,1.0,43625.74,62653.76,0.6263282524847946
2018-08-14T10:00:00.0,2018-08-14T16:00:00.0,16,57436.812,1.0,46830.863,66448.14,0.5749870815442665
2018-08-14T11:00:00.0,2018-08-14T17:00:00.0,17,59901.855,1.0,48090.785,67826.99,0.6765246939243023
2018-08-14T12:00:00.0,2018-08-14T18:00:00.0,18,61479.355,1.0,48710.164,68870.49,0.732546049598271
2018-08-14T13:00:00.0,2018-08-14T19:00:00.0,19,62653.566,1.0,50494.34,70717.516,0.6812067274688631
2018-08-14T14:00:00.0,2018-08-14T20:00:00.0,20,62882.73,1.0,51230.98,71455.18,0.6384009373189569
2018-08-14T15:00:00.0,2018-08-14T21:00:00.0,21,62255.64,1.0,50459.348,70721.46,0.6489053684390494
2018-08-14T16:00:00.0,2018-08-14T22:00:00.0,22,60754.254,1.0,49345.348,69631.76,0.6141930110637702
2018-08-14T17:00:00.0,2018-08-14T23:00:00.0,23,58523.31,1.0,48532.82,68747.72,0.4892624673120154
2018-08-14T18:00:00.0,2018-08-15T00:00:00.0,0,57432.418,1.0,47440.438,67476.56,0.49758403808923907
2018-08-14T19:00:00.0,2018-08-15T01:00:00.0,1,54646.56,1.0,41043.09,60805.79,0.8095577030412376
2018-08-14T20:00:00.0,2018-08-15T02:00:00.0,2,50586.55,1.0,38021.66,58520.574,0.7003933437744716
2018-08-14T21:00:00.0,2018-08-15T03:00:00.0,3,46746.56,1.0,38269.656,58242.023,0.36257908884744333
2018-08-14T22:00:00.0,2018-08-15T04:00:00.0,4,43967.535,1.0,34055.48,54226.73,0.4840336729439464
2018-08-14T23:00:00.0,2018-08-15T05:00:00.0,5,42028.855,1.0,32766.514,52818.984,0.42965949283071064
2018-08-15T00:00:00.0,2018-08-15T06:00:00.0,6,40791.754,1.0,30666.514,50980.18,0.49711346422665464
2018-08-15T01:00:00.0,2018-08-15T07:00:00.0,7,40266.88,1.0,31571.557,47443.45,0.5880739166209544
2018-08-15T02:00:00.0,2018-08-15T08:00:00.0,8,40864.832,1.0,31914.475,48527.85,0.5715245495050593
2018-08-15T03:00:00.0,2018-08-15T09:00:00.0,9,42678.934,1.0,33688.195,50855.707,0.5439107501584542
2018-08-15T04:00:00.0,2018-08-15T10:00:00.0,10,44320.246,1.0,34746.668,52757.67,0.5583325337606793
2018-08-15T05:00:00.0,2018-08-15T11:00:00.0,11,44989.016,1.0,37346.71,51434.266,0.5783473759140622
2018-08-15T06:00:00.0,2018-08-15T12:00:00.0,12,47714.395,1.0,43702.555,52251.617,0.4431626596705507
2018-08-15T07:00:00.0,2018-08-15T13:00:00.0,13,51275.203,1.0,40965.24,60267.504,0.5630854112110517
2018-08-15T08:00:00.0,2018-08-15T14:00:00.0,14,55077.465,1.0,46716.277,62543.727,0.5523221400113829
2018-08-15T09:00:00.0,2018-08-15T15:00:00.0,15,58495.297,1.0,49572.855,66478.55,0.5514137042313255
2018-08-15T10:00:00.0,2018-08-15T16:00:00.0,16,61853.47,1.0,53192.043,68846.9,0.5978764283081459
2018-08-15T11:00:00.0,2018-08-15T17:00:00.0,17,64715.418,1.0,54464.84,71601.49,0.6760560875512994
2018-08-15T12:00:00.0,2018-08-15T18:00:00.0,18,66493.766,1.0,55281.06,73442.516,0.7075151140180307
2018-08-15T13:00:00.0,2018-08-15T19:00:00.0,19,67336.805,1.0,54913.324,74521.48,0.7328589746578686
2018-08-15T14:00:00.0,2018-08-15T20:00:00.0,20,67650.055,1.0,56664.504,73880.64,0.7397295981589656
2018-08-15T15:00:00.0,2018-08-15T21:00:00.0,21,67270.37,1.0,56265.297,70149.47,0.9132319074662636
2018-08-15T16:00:00.0,2018-08-15T22:00:00.0,22,65723.766,1.0,52678.918,69150.34,0.9127494883304199
2018-08-15T17:00:00.0,2018-08-15T23:00:00.0,23,63200.17,1.0,51217.11,69129.38,0.7841042997859969
2018-08-15T18:00:00.0,2018-08-16T00:00:00.0,0,61351.047,1.0,48369.145,66593.37,0.8383891652146365
2018-08-15T19:00:00.0,2018-08-16T01:00:00.0,1,57769.75,1.0,43559.523,61368.6,0.9170553492944246
2018-08-15T20:00:00.0,2018-08-16T02:00:00.0,2,53469.246,1.0,40104.31,59021.617,0.8316335624381969
2018-08-15T21:00:00.0,2018-08-16T03:00:00.0,3,49304.684,1.0,38363.66,57955.344,0.6071672579642298
2018-08-15T22:00:00.0,2018-08-16T04:00:00.0,4,46062.844,1.0,35114.188,54752.54,0.6054859660485096
2018-08-15T23:00:00.0,2018-08-16T05:00:00.0,5,43883.582,1.0,32713.969,52809.14,0.6024793403164702
2018-08-16T00:00:00.0,2018-08-16T06:00:00.0,6,42380.555,1.0,32770.7,52905.215,0.45791365918000937
2018-08-16T01:00:00.0,2018-08-16T07:00:00.0,7,41601.21,1.0,31125.965,51429.74,0.5295337803932302
2018-08-16T02:00:00.0,2018-08-16T08:00:00.0,8,41887.734,1.0,30830.27,50994.535,0.5890262024052602
2018-08-16T03:00:00.0,2018-08-16T09:00:00.0,9,43627.45,1.0,31896.033,51952.273,0.6536160847827015
2018-08-16T04:00:00.0,2018-08-16T10:00:00.0,10,45277.348,1.0,32922.582,53043.895,0.7020948080543767
2018-08-16T05:00:00.0,2018-08-16T11:00:00.0,11,45884.703,1.0,34904.316,53967.312,0.6381847788195149
2018-08-16T06:00:00.0,2018-08-16T12:00:00.0,12,48738.582,1.0,39069.78,56980.81,0.5734931492904987
2018-08-16T07:00:00.0,2018-08-16T13:00:00.0,13,52597.953,1.0,40178.01,60344.258,0.7050867654784838
2018-08-16T08:00:00.0,2018-08-16T14:00:00.0,14,56559.05,1.0,43672.723,63861.64,0.7400202011232713
2018-08-16T09:00:00.0,2018-08-16T15:00:00.0,15,60365.74,1.0,47417.176,67607.19,0.7445734369219383
2018-08-16T10:00:00.0,2018-08-16T16:00:00.0,16,63863.13,1.0,51202.37,69846.22,0.7976157390996098
2018-08-16T11:00:00.0,2018-08-16T17:00:00.0,17,66832.766,1.0,52961.15,73353.81,0.7991234119782221
2018-08-16T12:00:00.0,2018-08-16T18:00:00.0,18,68486.68,1.0,54963.3,75045.92,0.7900842459983151
2018-08-16T13:00:00.0,2018-08-16T19:00:00.0,19,69229.6,1.0,56247.766,76384.336,0.7495845389123829
2018-08-16T14:00:00.0,2018-08-16T20:00:00.0,20,68854.63,1.0,56260.914,76518.65,0.7143216903165448
2018-08-16T15:00:00.0,2018-08-16T21:00:00.0,21,67911.77,1.0,55602.832,75722.25,0.6985088287704528
2018-08-16T16:00:00.0,2018-08-16T22:00:00.0,22,66029.34,1.0,54642.656,74760.49,0.6206046389266444
2018-08-16T17:00:00.0,2018-08-16T23:00:00.0,23,63569.72,1.0,52829.348,72905.93,0.5646194685421855
2018-08-16T18:00:00.0,2018-08-17T00:00:00.0,0,61965.5,1.0,50640.477,70802.82,0.6129487518743936
2018-08-16T19:00:00.0,2018-08-17T01:00:00.0,1,58447.938,1.0,47341.723,67373.695,0.599950850219194
2018-08-16T20:00:00.0,2018-08-17T02:00:00.0,2,53973.746,1.0,43902.375,64083.902,0.4982164468722985
2018-08-16T21:00:00.0,2018-08-17T03:00:00.0,3,49920.176,1.0,40065.76,60171.934,0.4816662822984605
2018-08-16T22:00:00.0,2018-08-17T04:00:00.0,4,46765.38,1.0,37446.75,57634.87,0.4290842341976212
2018-08-16T23:00:00.0,2018-08-17T05:00:00.0,5,44595.33,1.0,34685.266,54977.99,0.47839767405771044
2018-08-17T00:00:00.0,2018-08-17T06:00:00.0,6,43073.63,1.0,33606.69,53696.637,0.44675720194736246
2018-08-17T01:00:00.0,2018-08-17T07:00:00.0,7,42190.316,1.0,32052.807,52319.89,0.5003633732909643
2018-08-17T02:00:00.0,2018-08-17T08:00:00.0,8,42220.45,1.0,31520.564,51644.26,0.5586360563483218
2018-08-17T03:00:00.0,2018-08-17T09:00:00.0,9,43748.145,1.0,31969.906,51989.82,0.6594441447689497
2018-08-17T04:00:00.0,2018-08-17T10:00:00.0,10,45265.76,1.0,33004.82,53081.47,0.6967368540675685
2018-08-17T05:00:00.0,2018-08-17T11:00:00.0,11,46021.918,1.0,34303.227,54582.234,0.641437039820968
2018-08-17T06:00:00.0,2018-08-17T12:00:00.0,12,48764.51,1.0,37136.652,57332.78,0.6377330781819599
2018-08-17T07:00:00.0,2018-08-17T13:00:00.0,13,52459.66,1.0,39953.4,60079.027,0.7139032161860965
2018-08-17T08:00:00.0,2018-08-17T14:00:00.0,14,56013.168,1.0,42897.72,63217.46,0.7507107537948854
2018-08-17T09:00:00.0,2018-08-17T15:00:00.0,15,59400.03,1.0,47073.324,67243.11,0.6974549567746626
2018-08-17T10:00:00.0,2018-08-17T16:00:00.0,16,62980.09,1.0,50249.684,70393.98,0.7303803443371961
2018-08-17T11:00:00.0,2018-08-17T17:00:00.0,17,66486.15,1.0,53291.56,73640.1,0.7550628908215333
2018-08-17T12:00:00.0,2018-08-17T18:00:00.0,18,68634.73,1.0,55231.94,75294.31,0.7828401084010838
2018-08-17T13:00:00.0,2018-08-17T19:00:00.0,19,69245.34,1.0,56076.332,76184.375,0.7644422324920014
2018-08-17T14:00:00.0,2018-08-17T20:00:00.0,20,69420.4,1.0,56163.28,76408.79,0.7643070208889448
2018-08-17T15:00:00.0,2018-08-17T21:00:00.0,21,68942.11,1.0,54940.426,75202.96,0.8128906728765781
2018-08-17T16:00:00.0,2018-08-17T22:00:00.0,22,66725.82,1.0,53857.23,74109.875,0.7356254467476774
2018-08-17T17:00:00.0,2018-08-17T23:00:00.0,23,63724.48,1.0,52377.81,72418.06,0.6209481051102604
2018-08-17T18:00:00.0,2018-08-18T00:00:00.0,0,61577.582,1.0,50432.734,70558.52,0.5987520607841732
2018-08-17T19:00:00.0,2018-08-18T01:00:00.0,1,58129.605,1.0,47061.188,67068.95,0.5977541842041226
2018-08-17T20:00:00.0,2018-08-18T02:00:00.0,2,54278.55,1.0,43652.12,63805.293,0.5505053683989675
2018-08-17T21:00:00.0,2018-08-18T03:00:00.0,3,50584.957,1.0,40198.94,60276.785,0.5320518463946958
2018-08-17T22:00:00.0,2018-08-18T04:00:00.0,4,47561.34,1.0,37071.152,57390.047,0.5301845397879793
2018-08-17T23:00:00.0,2018-08-18T05:00:00.0,5,45080.53,1.0,33981.215,54241.242,0.5880719612530103
2018-08-18T00:00:00.0,2018-08-18T06:00:00.0,6,43236.066,1.0,33676.203,53864.793,0.4509890099851092
2018-08-18T01:00:00.0,2018-08-18T07:00:00.0,7,41966.066,1.0,31516.572,51726.703,0.5315987558320375
2018-08-18T02:00:00.0,2018-08-18T08:00:00.0,8,41337.66,1.0,30984.889,51051.977,0.5295005723570034
2018-08-18T03:00:00.0,2018-08-18T09:00:00.0,9,41408.547,1.0,31601.268,51727.55,0.47641861107275973
2018-08-18T04:00:00.0,2018-08-18T10:00:00.0,10,41701.28,1.0,32460.129,52339.316,0.4350795537252517
2018-08-18T05:00:00.0,2018-08-18T11:00:00.0,11,42774.21,1.0,34041.82,53547.56,0.40384949616344645
2018-08-18T06:00:00.0,2018-08-18T12:00:00.0,12,46324.605,1.0,38043.363,56854.09,0.390490952380953
2018-08-18T07:00:00.0,2018-08-18T13:00:00.0,13,50466.125,1.0,42112.383,59921.684,0.4427831858863851
2018-08-18T08:00:00.0,2018-08-18T14:00:00.0,14,54810.58,1.0,46391.945,64082.83,0.45531619440795645
2018-08-18T09:00:00.0,2018-08-18T15:00:00.0,15,58790.3,1.0,49569.254,68581.57,0.4721887483679873
2018-08-18T10:00:00.0,2018-08-18T16:00:00.0,16,62347.25,1.0,54186.48,70896.14,0.47845473292090723
2018-08-18T11:00:00.0,2018-08-18T17:00:00.0,17,65037.45,1.0,55179.383,73607.67,0.5645686742198367
2018-08-18T12:00:00.0,2018-08-18T18:00:00.0,18,66826.97,1.0,54966.996,74581.44,0.6868307070026123
2018-08-18T13:00:00.0,2018-08-18T19:00:00.0,19,68172.73,1.0,55437.67,74645.79,0.7758659014964404
2018-08-18T14:00:00.0,2018-08-18T20:00:00.0,20,68363.37,1.0,55714.76,75911.26,0.7215644407550877
2018-08-18T15:00:00.0,2018-08-18T21:00:00.0,21,67368.57,1.0,54673.14,74890.945,0.7241346744471747
2018-08-18T16:00:00.0,2018-08-18T22:00:00.0,22,63959.94,1.0,53302.56,73485.695,0.5518855893605398
2018-08-18T17:00:00.0,2018-08-18T23:00:00.0,23,60382.918,1.0,51840.082,71978.68,0.3621780131990271
2018-08-18T18:00:00.0,2018-08-19T00:00:00.0,0,58108.676,1.0,50158.254,70227.33,0.3145046076307965
2018-08-18T19:00:00.0,2018-08-19T01:00:00.0,1,55106.832,1.0,46801.004,66927.94,0.3422675399001857
2018-08-18T20:00:00.0,2018-08-19T02:00:00.0,2,51722.168,1.0,43403.043,63670.766,0.33849504089380994
2018-08-18T21:00:00.0,2018-08-19T03:00:00.0,3,48312.344,1.0,40325.383,60354.715,0.31881900549568387
2018-08-18T22:00:00.0,2018-08-19T04:00:00.0,4,45500.84,1.0,37003.055,57260.82,0.35398283129697217
2018-08-18T23:00:00.0,2018-08-19T05:00:00.0,5,43257.12,1.0,34386.867,54585.812,0.3885381852119253
2018-08-19T00:00:00.0,2018-08-19T06:00:00.0,6,41579.97,1.0,32848.3,52975.918,0.37906877268025907
2018-08-19T01:00:00.0,2018-08-19T07:00:00.0,7,40480.082,1.0,31241.068,51386.33,0.4236692913385829
2018-08-19T02:00:00.0,2018-08-19T08:00:00.0,8,39869.363,1.0,30783.879,50949.598,0.4090031835172496
2018-08-19T03:00:00.0,2018-08-19T09:00:00.0,9,39782.914,1.0,31291.207,50389.9,0.39834130601984724
2018-08-19T04:00:00.0,2018-08-19T10:00:00.0,10,39913.34,1.0,31582.373,51282.754,0.3598733921239349
2018-08-19T05:00:00.0,2018-08-19T11:00:00.0,11,40806.37,1.0,32764.727,52714.33,0.3260617099498062
2018-08-19T06:00:00.0,2018-08-19T12:00:00.0,12,44008.59,1.0,35670.375,55120.066,0.3700562383781573
2018-08-19T07:00:00.0,2018-08-19T13:00:00.0,13,47858.91,1.0,38213.246,58514.98,0.45391658642053856
2018-08-19T08:00:00.0,2018-08-19T14:00:00.0,14,51715.098,1.0,41842.062,59841.508,0.589297821311244
2018-08-19T09:00:00.0,2018-08-19T15:00:00.0,15,55478.74,1.0,45551.945,63480.42,0.598624248154332
2018-08-19T10:00:00.0,2018-08-19T16:00:00.0,16,58823.215,1.0,51034.9,68579.93,0.39705527987093847
2018-08-19T11:00:00.0,2018-08-19T17:00:00.0,17,61621.395,1.0,54171.168,70701.125,0.40930851295924603
2018-08-19T12:00:00.0,2018-08-19T18:00:00.0,18,63710.855,1.0,53126.81,72654.02,0.5774881892704425
2018-08-19T13:00:00.0,2018-08-19T19:00:00.0,19,64991.094,1.0,54022.203,74151.055,0.5827951989619374
2018-08-19T14:00:00.0,2018-08-19T20:00:00.0,20,65323.973,1.0,54508.44,74635.85,0.5689841951539082
2018-08-19T15:00:00.0,2018-08-19T21:00:00.0,21,64996.28,1.0,53562.883,73715.66,0.6229629694476057
2018-08-19T16:00:00.0,2018-08-19T22:00:00.0,22,63701.78,1.0,53799.445,73468.53,0.5063964899037553
2018-08-19T17:00:00.0,2018-08-19T23:00:00.0,23,61590.574,1.0,51529.7,71774.766,0.49434753112451624
2018-08-19T18:00:00.0,2018-08-20T00:00:00.0,0,60153.31,1.0,49802.992,69807.65,0.5322514903646195
2018-08-19T19:00:00.0,2018-08-20T01:00:00.0,1,56934.043,1.0,47563.25,67577.97,0.44118185742759763
2018-08-19T20:00:00.0,2018-08-20T02:00:00.0,2,52663.684,1.0,44164.14,64476.293,0.3521871748955401
2018-08-19T21:00:00.0,2018-08-20T03:00:00.0,3,48696.594,1.0,41168.65,61026.023,0.2869029096867592
2018-08-19T22:00:00.0,2018-08-20T04:00:00.0,4,45763.062,1.0,36966.8,57301.164,0.37689106179180615
2018-08-19T23:00:00.0,2018-08-20T05:00:00.0,5,43602.63,1.0,36212.258,55091.19,0.3067960913626709
2018-08-20T00:00:00.0,2018-08-20T06:00:00.0,6,42295.145,1.0,32814.29,51906.02,0.49368003033072105
2018-08-20T01:00:00.0,2018-08-20T07:00:00.0,7,41725.05,1.0,31774.592,51600.02,0.5035335143231607
2018-08-20T02:00:00.0,2018-08-20T08:00:00.0,8,42301.566,1.0,31909.037,51680.56,0.5474602389858495
2018-08-20T03:00:00.0,2018-08-20T09:00:00.0,9,44297.355,1.0,34521.465,51841.0,0.6178415123789577
2018-08-20T04:00:00.0,2018-08-20T10:00:00.0,10,46160.24,1.0,35005.094,53956.105,0.6599662605266253
2018-08-20T05:00:00.0,2018-08-20T11:00:00.0,11,46624.01,1.0,36586.574,54181.49,0.628497974571853
2018-08-20T06:00:00.0,2018-08-20T12:00:00.0,12,48959.97,1.0,40244.08,58248.258,0.4705214635551714
2018-08-20T07:00:00.0,2018-08-20T13:00:00.0,13,52028.465,1.0,42863.035,61017.36,0.5090235748752754
2018-08-20T08:00:00.0,2018-08-20T14:00:00.0,14,55282.473,1.0,47281.67,64944.72,0.41339970630218015
2018-08-20T09:00:00.0,2018-08-20T15:00:00.0,15,58577.996,1.0,50677.645,68061.15,0.416130634390651
2018-08-20T10:00:00.0,2018-08-20T16:00:00.0,16,61888.496,1.0,54848.816,70760.27,0.39441071830668767
2018-08-20T11:00:00.0,2018-08-20T17:00:00.0,17,64810.062,1.0,57099.344,71508.05,0.5649361296472829
2018-08-20T12:00:00.0,2018-08-20T18:00:00.0,18,66852.38,1.0,56374.64,72913.64,0.7327515801499992
2018-08-20T13:00:00.0,2018-08-20T19:00:00.0,19,67807.29,1.0,56229.527,73249.266,0.7991620719111588
2018-08-20T14:00:00.0,2018-08-20T20:00:00.0,20,67509.164,1.0,55670.44,73378.664,0.7835028977163698
2018-08-20T15:00:00.0,2018-08-20T21:00:00.0,21,66276.62,1.0,54554.312,70977.86,0.8400134980090436
2018-08-20T16:00:00.0,2018-08-20T22:00:00.0,22,64357.688,1.0,51477.875,71030.54,0.7698917859701976
2018-08-20T17:00:00.0,2018-08-20T23:00:00.0,23,62058.234,1.0,50827.797,70924.62,0.6078191185908862
2018-08-20T18:00:00.0,2018-08-21T00:00:00.0,0,60283.363,1.0,48611.16,67409.08,0.7131463213793566
2018-08-20T19:00:00.0,2018-08-21T01:00:00.0,1,56498.395,1.0,45909.953,63204.0,0.6992675135226822
2018-08-20T20:00:00.0,2018-08-21T02:00:00.0,2,51884.918,1.0,41018.082,59738.39,0.6459592894152479
2018-08-20T21:00:00.0,2018-08-21T03:00:00.0,3,47811.875,1.0,37315.89,54723.098,0.6840417754569192
2018-08-20T22:00:00.0,2018-08-21T04:00:00.0,4,44721.45,1.0,35217.41,55285.836,0.4510881352816834
2018-08-20T23:00:00.0,2018-08-21T05:00:00.0,5,42584.44,1.0,33952.805,51885.793,0.46538669333635796
2018-08-21T00:00:00.0,2018-08-21T06:00:00.0,6,41125.387,1.0,32833.97,52990.516,0.3400027213198401
2018-08-21T01:00:00.0,2018-08-21T07:00:00.0,7,40413.16,1.0,31764.621,51942.957,0.3698778014663827
2018-08-21T02:00:00.0,2018-08-21T08:00:00.0,8,40809.11,1.0,31491.238,51685.64,0.42875406283856965
2018-08-21T03:00:00.0,2018-08-21T09:00:00.0,9,42721.9,1.0,32235.271,52464.61,0.534085275568961
2018-08-21T04:00:00.0,2018-08-21T10:00:00.0,10,44589.723,1.0,32864.516,53130.254,0.6426495726495727
2018-08-21T05:00:00.0,2018-08-21T11:00:00.0,11,44789.418,1.0,35195.586,54301.395,0.5039756367663343
2018-08-21T06:00:00.0,2018-08-21T12:00:00.0,12,47266.06,1.0,38047.35,58425.71,0.4123278624323551
2018-08-21T07:00:00.0,2018-08-21T13:00:00.0,13,50777.02,1.0,41749.367,59877.336,0.49628033172929226
2018-08-21T08:00:00.0,2018-08-21T14:00:00.0,14,54654.438,1.0,44858.55,63119.043,0.5673343630273003
2018-08-21T09:00:00.0,2018-08-21T15:00:00.0,15,58397.78,1.0,46364.84,66406.79,0.6797746716572537
2018-08-21T10:00:00.0,2018-08-21T16:00:00.0,16,62042.99,1.0,49425.3,68836.7,0.7573807891386076
2018-08-21T11:00:00.0,2018-08-21T17:00:00.0,17,65177.42,1.0,51744.223,71905.445,0.7804375792227405
2018-08-21T12:00:00.0,2018-08-21T18:00:00.0,18,67510.65,1.0,53651.45,73747.914,0.8111777063766682
2018-08-21T13:00:00.0,2018-08-21T19:00:00.0,19,68898.04,1.0,55073.754,75387.35,0.7995435320145758
2018-08-21T14:00:00.0,2018-08-21T20:00:00.0,20,69154.1,1.0,55469.13,75634.37,0.7970293654955433
2018-08-21T15:00:00.0,2018-08-21T21:00:00.0,21,68340.12,1.0,54914.57,75084.25,0.7795302988378523
2018-08-21T16:00:00.0,2018-08-21T22:00:00.0,22,66231.086,1.0,53930.293,74097.85,0.6954711919191913
2018-08-21T17:00:00.0,2018-08-21T23:00:00.0,23,63313.562,1.0,52506.81,72805.22,0.5599014582012496
2018-08-21T18:00:00.0,2018-08-22T00:00:00.0,0,61108.984,1.0,50965.156,71337.92,0.49612289332240117
2018-08-21T19:00:00.0,2018-08-22T01:00:00.0,1,57153.074,1.0,47413.957,67659.15,0.46488917302159904
2018-08-21T20:00:00.0,2018-08-22T02:00:00.0,2,52453.86,1.0,43664.902,63741.504,0.38609619984055277
2018-08-21T21:00:00.0,2018-08-22T03:00:00.0,3,48259.63,1.0,40366.34,60686.45,0.30188415793146
2018-08-21T22:00:00.0,2018-08-22T04:00:00.0,4,45007.97,1.0,37710.31,57960.55,0.2579797122832902
2018-08-21T23:00:00.0,2018-08-22T05:00:00.0,5,42769.81,1.0,34726.117,55032.85,0.3144332489602577
2018-08-22T00:00:00.0,2018-08-22T06:00:00.0,6,41200.66,1.0,33464.527,53560.23,0.29626526716032864
2018-08-22T01:00:00.0,2018-08-22T07:00:00.0,7,40298.836,1.0,31721.348,52006.09,0.35982222298122374
2018-08-22T02:00:00.0,2018-08-22T08:00:00.0,8,40586.05,1.0,31497.828,51643.36,0.4100625759690272
2018-08-22T03:00:00.0,2018-08-22T09:00:00.0,9,42524.266,1.0,32054.79,52219.324,0.5355927820872535
2018-08-22T04:00:00.0,2018-08-22T10:00:00.0,10,44387.574,1.0,32903.582,53120.39,0.6242077752083424
2018-08-22T05:00:00.0,2018-08-22T11:00:00.0,11,44751.527,1.0,34361.14,54617.12,0.5240282960199005
2018-08-22T06:00:00.0,2018-08-22T12:00:00.0,12,47106.996,1.0,38569.25,58208.605,0.3806812522073007
2018-08-22T07:00:00.0,2018-08-22T13:00:00.0,13,50473.02,1.0,44041.72,62006.14,0.25443659043659034
2018-08-22T08:00:00.0,2018-08-22T14:00:00.0,14,54282.86,1.0,47977.504,66001.55,0.2423915513072266
2018-08-22T09:00:00.0,2018-08-22T15:00:00.0,15,57998.434,1.0,49089.21,68140.59,0.44016472381981725
2018-08-22T10:00:00.0,2018-08-22T16:00:00.0,16,61733.56,1.0,51247.324,71067.69,0.5537791010443912
2018-08-22T11:00:00.0,2018-08-22T17:00:00.0,17,65169.746,1.0,53197.848,73282.17,0.6725642821410707
2018-08-22T12:00:00.0,2018-08-22T18:00:00.0,18,67590.48,1.0,54942.52,75141.5,0.7213949198785684
2018-08-22T13:00:00.0,2018-08-22T19:00:00.0,19,68920.71,1.0,56497.26,76749.63,0.7011603944072795
2018-08-22T14:00:00.0,2018-08-22T20:00:00.0,20,69380.02,1.0,57335.88,77423.875,0.6784041879230437
2018-08-22T15:00:00.0,2018-08-22T21:00:00.0,21,68795.05,1.0,56129.06,76392.695,0.7196687193078182
2018-08-22T16:00:00.0,2018-08-22T22:00:00.0,22,66842.1,1.0,55332.438,75606.836,0.6235949873814299
2018-08-22T17:00:00.0,2018-08-22T23:00:00.0,23,64273.355,1.0,54105.316,74342.46,0.5045364086573737
2018-08-22T18:00:00.0,2018-08-23T00:00:00.0,0,62272.67,1.0,52532.426,72851.96,0.46173764286234237
2018-08-22T19:00:00.0,2018-08-23T01:00:00.0,1,58444.277,1.0,49397.855,69590.19,0.4044437399535632
2018-08-22T20:00:00.0,2018-08-23T02:00:00.0,2,53769.39,1.0,45623.746,65806.83,0.32688193274870786
2018-08-22T21:00:00.0,2018-08-23T03:00:00.0,3,49312.16,1.0,41701.44,61964.355,0.28137111232364204
2018-08-22T22:00:00.0,2018-08-23T04:00:00.0,4,45896.355,1.0,38376.977,58582.535,0.2759850952673636
2018-08-22T23:00:00.0,2018-08-23T05:00:00.0,5,43525.88,1.0,35389.387,55651.06,0.3235042932819845
2018-08-23T00:00:00.0,2018-08-23T06:00:00.0,6,41863.266,1.0,33736.6,53947.203,0.3243889243311769
2018-08-23T01:00:00.0,2018-08-23T07:00:00.0,7,40962.594,1.0,32150.908,52386.7,0.3819691523487275
2018-08-23T02:00:00.0,2018-08-23T08:00:00.0,8,41246.95,1.0,31231.08,50708.543,0.5263893327246444
2018-08-23T03:00:00.0,2018-08-23T09:00:00.0,9,43016.004,1.0,31977.45,52248.082,0.5821151110037316
2018-08-23T04:00:00.0,2018-08-23T10:00:00.0,10,44855.453,1.0,34147.38,53314.14,0.6075736022580709
2018-08-23T05:00:00.0,2018-08-23T11:00:00.0,11,45147.426,1.0,35681.75,55132.32,0.4752435783879539
2018-08-23T06:00:00.0,2018-08-23T12:00:00.0,12,47598.016,1.0,37810.402,57998.75,0.47183877775738703
2018-08-23T07:00:00.0,2018-08-23T13:00:00.0,13,51315.84,1.0,44421.7,61043.273,0.3458640994967409
2018-08-23T08:00:00.0,2018-08-23T14:00:00.0,14,55562.84,1.0,49737.867,62855.285,0.3973406899565703
2018-08-23T09:00:00.0,2018-08-23T15:00:00.0,15,59753.746,1.0,50198.977,68670.98,0.5319953354754113
2018-08-23T10:00:00.0,2018-08-23T16:00:00.0,16,63787.457,1.0,52931.332,72532.68,0.5989075637982743
2018-08-23T11:00:00.0,2018-08-23T17:00:00.0,17,67051.54,1.0,54156.742,74188.305,0.7481421539379473
2018-08-23T12:00:00.0,2018-08-23T18:00:00.0,18,69013.805,1.0,55686.42,75832.7,0.7738101669090657
2018-08-23T13:00:00.0,2018-08-23T19:00:00.0,19,69660.11,1.0,57637.164,77828.51,0.6715076377025531
2018-08-23T14:00:00.0,2018-08-23T20:00:00.0,20,69793.19,1.0,57968.168,78330.09,0.6464060905069751
2018-08-23T15:00:00.0,2018-08-23T21:00:00.0,21,69338.375,1.0,56973.19,77179.77,0.6987443042058143
2018-08-23T16:00:00.0,2018-08-23T22:00:00.0,22,67325.65,1.0,56189.0,76410.3,0.5933046796975315
2018-08-23T17:00:00.0,2018-08-23T23:00:00.0,23,64964.06,1.0,54717.348,74913.73,0.5136464408056055
2018-08-23T18:00:00.0,2018-08-24T00:00:00.0,0,63117.23,1.0,52929.953,73196.484,0.5049462424675353
2018-08-23T19:00:00.0,2018-08-24T01:00:00.0,1,59517.176,1.0,49653.805,69797.47,0.4807988950276243
2018-08-23T20:00:00.0,2018-08-24T02:00:00.0,2,55068.504,1.0,46353.4,66491.7,0.3772113396642953
2018-08-23T21:00:00.0,2018-08-24T03:00:00.0,3,50869.324,1.0,42401.895,62599.688,0.35353697859495054
2018-08-23T22:00:00.0,2018-08-24T04:00:00.0,4,47544.41,1.0,39350.62,59654.477,0.3268325993369295
2018-08-23T23:00:00.0,2018-08-24T05:00:00.0,5,45122.723,1.0,36141.11,56357.844,0.3977034116083295
2018-08-24T00:00:00.0,2018-08-24T06:00:00.0,6,43490.637,1.0,34404.555,54733.637,0.40252734288375447
2018-08-24T01:00:00.0,2018-08-24T07:00:00.0,7,42536.13,1.0,32450.502,52625.316,0.49983625106942714
2018-08-24T02:00:00.0,2018-08-24T08:00:00.0,8,42656.7,1.0,31673.465,51873.137,0.5806177717118022
2018-08-24T03:00:00.0,2018-08-24T09:00:00.0,9,44258.41,1.0,31969.912,52187.504,0.6920199903272614
2018-08-24T04:00:00.0,2018-08-24T10:00:00.0,10,45920.625,1.0,34506.434,54231.63,0.6428013206652501
2018-08-24T05:00:00.0,2018-08-24T11:00:00.0,11,46253.52,1.0,36161.45,56207.035,0.5064141545070733
2018-08-24T06:00:00.0,2018-08-24T12:00:00.0,12,48926.656,1.0,36854.582,57107.668,0.6725296821774651
2018-08-24T07:00:00.0,2018-08-24T13:00:00.0,13,52646.24,1.0,43203.945,61972.21,0.5057514116472016
2018-08-24T08:00:00.0,2018-08-24T14:00:00.0,14,56390.105,1.0,51153.91,63979.574,0.3347617222604012
2018-08-24T09:00:00.0,2018-08-24T15:00:00.0,15,60006.188,1.0,47286.91,67556.99,0.7234471350457199
2018-08-24T10:00:00.0,2018-08-24T16:00:00.0,16,63324.285,1.0,50804.062,71146.0,0.7044613053668242
2018-08-24T11:00:00.0,2018-08-24T17:00:00.0,17,66409.35,1.0,54130.516,74431.875,0.6871168061480353
2018-08-24T12:00:00.0,2018-08-24T18:00:00.0,18,68551.57,1.0,56257.26,76522.266,0.6901696823482109
2018-08-24T13:00:00.0,2018-08-24T19:00:00.0,19,69479.375,1.0,57591.066,77889.09,0.6549218881945621
2018-08-24T14:00:00.0,2018-08-24T20:00:00.0,20,69582.51,1.0,57965.285,78274.01,0.6312352758834462
2018-08-24T15:00:00.0,2018-08-24T21:00:00.0,21,68712.87,1.0,57228.562,77382.28,0.6273728442615769
2018-08-24T16:00:00.0,2018-08-24T22:00:00.0,22,66327.26,1.0,56232.008,76416.66,0.5002694104233323
2018-08-24T17:00:00.0,2018-08-24T23:00:00.0,23,63500.52,1.0,54780.434,74940.234,0.37683317435174846
2018-08-24T18:00:00.0,2018-08-25T00:00:00.0,0,61243.062,1.0,52989.49,73203.08,0.334861392946385
2018-08-24T19:00:00.0,2018-08-25T01:00:00.0,1,58046.48,1.0,49428.89,69523.99,0.3702914786395322
2018-08-24T20:00:00.0,2018-08-25T02:00:00.0,2,54241.28,1.0,46434.51,66520.14,0.30225427991886405
2018-08-24T21:00:00.0,2018-08-25T03:00:00.0,3,50548.05,1.0,42632.785,62773.793,0.30929123346413734
2018-08-24T22:00:00.0,2018-08-25T04:00:00.0,4,47407.918,1.0,39338.242,59588.926,0.3183658978502519
2018-08-24T23:00:00.0,2018-08-25T05:00:00.0,5,44912.574,1.0,36243.645,56411.48,0.37205402757365824
2018-08-25T00:00:00.0,2018-08-25T06:00:00.0,6,43189.008,1.0,34551.867,54835.953,0.3649874993534148
2018-08-25T01:00:00.0,2018-08-25T07:00:00.0,7,42070.887,1.0,32896.547,53177.93,0.4122834145687073
2018-08-25T02:00:00.0,2018-08-25T08:00:00.0,8,41427.395,1.0,31943.91,52082.37,0.4461806214854303
2018-08-25T03:00:00.0,2018-08-25T09:00:00.0,9,41449.688,1.0,33053.207,53037.586,0.3551422330854442
2018-08-25T04:00:00.0,2018-08-25T10:00:00.0,10,41648.535,1.0,35849.39,52655.426,0.23552253915321908
2018-08-25T05:00:00.0,2018-08-25T11:00:00.0,11,42631.316,1.0,35924.086,55130.344,0.24150056349182164
2018-08-25T06:00:00.0,2018-08-25T12:00:00.0,12,46202.332,1.0,38932.3,57464.312,0.3081561406285724
2018-08-25T07:00:00.0,2018-08-25T13:00:00.0,13,50563.473,1.0,42653.15,59627.066,0.43720868758361736
2018-08-25T08:00:00.0,2018-08-25T14:00:00.0,14,54810.03,1.0,51915.387,60809.01,0.20841024269175315
2018-08-25T09:00:00.0,2018-08-25T15:00:00.0,15,58471.88,1.0,50960.133,68578.414,0.36595326954381185
2018-08-25T10:00:00.0,2018-08-25T16:00:00.0,16,61581.734,1.0,54930.562,70579.58,0.36361121044162314
2018-08-25T11:00:00.0,2018-08-25T17:00:00.0,17,64113.66,1.0,53609.36,73262.69,0.5637208912247353
2018-08-25T12:00:00.0,2018-08-25T18:00:00.0,18,66063.96,1.0,54951.707,74718.32,0.6138038686459748
2018-08-25T13:00:00.0,2018-08-25T19:00:00.0,19,67293.82,1.0,56118.965,76355.7,0.5959511717009721
2018-08-25T14:00:00.0,2018-08-25T20:00:00.0,20,67488.79,1.0,56433.344,76668.63,0.5853542777752879
2018-08-25T15:00:00.0,2018-08-25T21:00:00.0,21,66611.54,1.0,53411.277,72461.984,0.8152353017859467
2018-08-25T16:00:00.0,2018-08-25T22:00:00.0,22,64426.938,1.0,52307.0,72565.54,0.6762172371324898
2018-08-25T17:00:00.0,2018-08-25T23:00:00.0,23,61848.02,1.0,52893.156,72992.2,0.39997914326969325
2018-08-25T18:00:00.0,2018-08-26T00:00:00.0,0,60016.77,1.0,51257.367,71592.45,0.37366639771652616
2018-08-25T19:00:00.0,2018-08-26T01:00:00.0,1,56945.895,1.0,48172.184,68521.08,0.37439112567623795
2018-08-25T20:00:00.0,2018-08-26T02:00:00.0,2,53367.285,1.0,45387.66,65766.93,0.3069504929909722
2018-08-25T21:00:00.0,2018-08-26T03:00:00.0,3,49885.473,1.0,41466.348,61697.88,0.34820953187883885
2018-08-25T22:00:00.0,2018-08-26T04:00:00.0,4,46988.62,1.0,38822.89,59020.53,0.32805999104611294
2018-08-25T23:00:00.0,2018-08-26T05:00:00.0,5,44608.55,1.0,35520.84,55643.973,0.41092697920516313
2018-08-26T00:00:00.0,2018-08-26T06:00:00.0,6,42859.496,1.0,34382.668,54601.54,0.35358528227533637
2018-08-26T01:00:00.0,2018-08-26T07:00:00.0,7,41603.074,1.0,32041.148,52257.17,0.44999217932978647
2018-08-26T02:00:00.0,2018-08-26T08:00:00.0,8,40836.676,1.0,31358.236,51574.723,0.44238028553241787
2018-08-26T03:00:00.0,2018-08-26T09:00:00.0,9,40643.418,1.0,32339.775,52181.637,0.352265152374883
2018-08-26T04:00:00.0,2018-08-26T10:00:00.0,10,40518.23,1.0,33837.395,51664.87,0.28003012368430413
2018-08-26T05:00:00.0,2018-08-26T11:00:00.0,11,41377.16,1.0,33994.8,54048.395,0.26976048086202614
2018-08-26T06:00:00.0,2018-08-26T12:00:00.0,12,45066.402,1.0,38185.043,56610.457,0.2780450918772274
2018-08-26T07:00:00.0,2018-08-26T13:00:00.0,13,49521.062,1.0,41145.215,59345.05,0.42657871274730785
2018-08-26T08:00:00.0,2018-08-26T14:00:00.0,14,53579.184,1.0,52135.09,59425.47,0.08005278929925175
2018-08-26T09:00:00.0,2018-08-26T15:00:00.0,15,57338.766,1.0,50831.184,67186.78,0.3173609328739026
2018-08-26T10:00:00.0,2018-08-26T16:00:00.0,16,60673.48,1.0,55469.85,69250.93,0.28452034383954183
2018-08-26T11:00:00.0,2018-08-26T17:00:00.0,17,63270.223,1.0,54858.15,72571.68,0.4535110935271272
2018-08-26T12:00:00.0,2018-08-26T18:00:00.0,18,64973.95,1.0,55236.24,74470.59,0.5116296382010332
2018-08-26T13:00:00.0,2018-08-26T19:00:00.0,19,65841.27,1.0,56683.395,76017.22,0.45125345797958594
2018-08-26T14:00:00.0,2018-08-26T20:00:00.0,20,66019.555,1.0,56982.105,77205.85,0.40238912566649393
2018-08-26T15:00:00.0,2018-08-26T21:00:00.0,21,65495.277,1.0,53871.957,73279.86,0.6772774412866043
2018-08-26T16:00:00.0,2018-08-26T22:00:00.0,22,64028.594,1.0,55269.16,75259.945,0.38681194231675936
2018-08-26T17:00:00.0,2018-08-26T23:00:00.0,23,61998.562,1.0,52905.227,73254.19,0.4023829862649535
2018-08-26T18:00:00.0,2018-08-27T00:00:00.0,0,60634.887,1.0,52765.574,72269.99,0.32667327718683736
2018-08-26T19:00:00.0,2018-08-27T01:00:00.0,1,57315.543,1.0,48124.992,68396.09,0.4141500232649702
2018-08-26T20:00:00.0,2018-08-27T02:00:00.0,2,53047.293,1.0,41736.047,60195.773,0.7000703502730531
2018-08-26T21:00:00.0,2018-08-27T03:00:00.0,3,49146.645,1.0,38728.266,58166.168,0.5664742405969697
2018-08-26T22:00:00.0,2018-08-27T04:00:00.0,4,46440.004,1.0,40260.395,59798.254,0.19638013772820692
2018-08-26T23:00:00.0,2018-08-27T05:00:00.0,5,44497.23,1.0,36459.043,56272.39,0.330416616763906
2018-08-27T00:00:00.0,2018-08-27T06:00:00.0,6,43265.406,1.0,34166.36,54303.934,0.4113606067156651
2018-08-27T01:00:00.0,2018-08-27T07:00:00.0,7,42666.816,1.0,31974.693,52117.43,0.5570036417403686
2018-08-27T02:00:00.0,2018-08-27T08:00:00.0,8,43092.527,1.0,31481.252,51877.973,0.6263776564919171
2018-08-27T03:00:00.0,2018-08-27T09:00:00.0,9,45024.91,1.0,32760.42,52568.477,0.7103604264514743
2018-08-27T04:00:00.0,2018-08-27T10:00:00.0,10,46999.812,1.0,32371.17,52544.754,0.852521888105273
2018-08-27T05:00:00.0,2018-08-27T11:00:00.0,11,47205.957,1.0,37075.75,53513.848,0.7057067382812505
2018-08-27T06:00:00.0,2018-08-27T12:00:00.0,12,49828.906,1.0,39995.742,57680.13,0.6028389959277948
2018-08-27T07:00:00.0,2018-08-27T13:00:00.0,13,53461.17,1.0,45288.887,59517.797,0.6352788771170813
2018-08-27T08:00:00.0,2018-08-27T14:00:00.0,14,56999.88,1.0,55635.22,59228.734,0.28793882394304204
2018-08-27T09:00:00.0,2018-08-27T15:00:00.0,15,60335.645,1.0,57275.17,65590.805,0.26961918375574956
2018-08-27T10:00:00.0,2018-08-27T16:00:00.0,16,63235.434,1.0,59307.42,67441.1,0.4683536419023373
2018-08-27T11:00:00.0,2018-08-27T17:00:00.0,17,65714.625,1.0,59405.23,71941.99,0.5060714391449799
2018-08-27T12:00:00.0,2018-08-27T18:00:00.0,18,67441.82,1.0,55702.613,73515.45,0.7703219363177066
2018-08-27T13:00:00.0,2018-08-27T19:00:00.0,19,68759.195,1.0,56545.277,76312.586,0.708308835471821
2018-08-27T14:00:00.0,2018-08-27T20:00:00.0,20,68962.484,1.0,56707.74,76364.51,0.717104379268782
2018-08-27T15:00:00.0,2018-08-27T21:00:00.0,21,67940.24,1.0,54851.11,74597.62,0.7756626037802511
2018-08-27T16:00:00.0,2018-08-27T22:00:00.0,22,65935.6,1.0,53266.28,73125.16,0.7395334561080427
2018-08-27T17:00:00.0,2018-08-27T23:00:00.0,23,63655.066,1.0,51598.43,71646.47,0.681430008244023
2018-08-27T18:00:00.0,2018-08-28T00:00:00.0,0,61724.74,1.0,49237.8,68580.375,0.7508776294100743
2018-08-27T19:00:00.0,2018-08-28T01:00:00.0,1,58036.73,1.0,44694.867,63698.004,0.8264137513251557
2018-08-27T20:00:00.0,2018-08-28T02:00:00.0,2,53477.223,1.0,43137.473,60453.52,0.6743025819553232
2018-08-27T21:00:00.0,2018-08-28T03:00:00.0,3,49679.438,1.0,41222.367,61490.94,0.35011605052214195
2018-08-27T22:00:00.0,2018-08-28T04:00:00.0,4,46923.03,1.0,37388.992,57432.035,0.454954405337014
2018-08-27T23:00:00.0,2018-08-28T05:00:00.0,5,44952.75,1.0,35808.875,55810.668,0.4209944670804966
2018-08-28T00:00:00.0,2018-08-28T06:00:00.0,6,43667.863,1.0,34357.258,54446.254,0.4325194409751027
2018-08-28T01:00:00.0,2018-08-28T07:00:00.0,7,43067.082,1.0,32444.367,52522.203,0.5538024557965774
2018-08-28T02:00:00.0,2018-08-28T08:00:00.0,8,43486.41,1.0,31917.152,52146.703,0.6310036567338365
2018-08-28T03:00:00.0,2018-08-28T09:00:00.0,9,45391.125,1.0,32552.572,52982.03,0.7249112475494295
2018-08-28T04:00:00.0,2018-08-28T10:00:00.0,10,47392.535,1.0,33072.824,53328.36,0.8321651512128384
2018-08-28T05:00:00.0,2018-08-28T11:00:00.0,11,47538.285,1.0,37081.113,55858.094,0.6044118994008323
2018-08-28T06:00:00.0,2018-08-28T12:00:00.0,12,50075.402,1.0,41100.93,60295.96,0.4399801545654042
2018-08-28T07:00:00.0,2018-08-28T13:00:00.0,13,53500.63,1.0,46373.31,59839.348,0.5541786011713788
2018-08-28T08:00:00.0,2018-08-28T14:00:00.0,14,56982.418,1.0,56002.56,59072.22,0.20012831553565075
2018-08-28T09:00:00.0,2018-08-28T15:00:00.0,15,60349.035,1.0,58222.754,65203.484,0.1816534144475879
2018-08-28T10:00:00.0,2018-08-28T16:00:00.0,16,63687.566,1.0,59040.234,67698.32,0.567900793231095
2018-08-28T11:00:00.0,2018-08-28T17:00:00.0,17,66350.12,1.0,58540.023,71381.664,0.6926277983653981
2018-08-28T12:00:00.0,2018-08-28T18:00:00.0,18,67608.46,1.0,54328.777,74249.484,0.7808973046741733
2018-08-28T13:00:00.0,2018-08-28T19:00:00.0,19,68218.484,1.0,56196.363,76368.37,0.6723953179478661
2018-08-28T14:00:00.0,2018-08-28T20:00:00.0,20,68302.32,1.0,56631.734,76831.4,0.6412441052902348
2018-08-28T15:00:00.0,2018-08-28T21:00:00.0,21,67566.74,1.0,55593.777,75777.87,0.6676912095663573
2018-08-28T16:00:00.0,2018-08-28T22:00:00.0,22,65733.336,1.0,54476.984,74740.164,0.6018916099372287
2018-08-28T17:00:00.0,2018-08-28T23:00:00.0,23,63866.06,1.0,52753.72,73004.44,0.5896954714817998
2018-08-28T18:00:00.0,2018-08-29T00:00:00.0,0,62289.72,1.0,51267.492,71367.69,0.5890170546832705
2018-08-28T19:00:00.0,2018-08-29T01:00:00.0,1,58642.28,1.0,47741.926,67890.875,0.5756169639060053
2018-08-28T20:00:00.0,2018-08-29T02:00:00.0,2,54140.13,1.0,44886.15,65172.855,0.4191887735486348
2018-08-28T21:00:00.0,2018-08-29T03:00:00.0,3,50052.645,1.0,41125.324,61369.34,0.3918262508628162
2018-08-28T22:00:00.0,2018-08-29T04:00:00.0,4,46988.035,1.0,38184.277,58354.94,0.38377056551870115
2018-08-28T23:00:00.0,2018-08-29T05:00:00.0,5,44850.27,1.0,35168.465,55301.47,0.46458235753317684
2018-08-29T00:00:00.0,2018-08-29T06:00:00.0,6,43353.676,1.0,33679.83,53883.582,0.4607403746716815
2018-08-29T01:00:00.0,2018-08-29T07:00:00.0,7,42550.652,1.0,31922.955,51948.258,0.5568115050584801
2018-08-29T02:00:00.0,2018-08-29T08:00:00.0,8,42826.78,1.0,31454.758,51786.434,0.6087308803834495
2018-08-29T03:00:00.0,2018-08-29T09:00:00.0,9,44684.137,1.0,32138.652,52284.16,0.7160099731071092
2018-08-29T04:00:00.0,2018-08-29T10:00:00.0,10,46565.355,1.0,33057.44,53272.12,0.7830669553698115
2018-08-29T05:00:00.0,2018-08-29T11:00:00.0,11,46693.594,1.0,34615.37,54836.57,0.6746129195200513
2018-08-29T06:00:00.0,2018-08-29T12:00:00.0,12,49293.684,1.0,39260.746,59362.727,0.4983334564390446
2018-08-29T07:00:00.0,2018-08-29T13:00:00.0,13,52741.5,1.0,44892.4,60722.6,0.49226196757060936
2018-08-29T08:00:00.0,2018-08-29T14:00:00.0,14,55950.234,1.0,53423.133,56460.86,0.9386686057785532
2018-08-29T09:00:00.0,2018-08-29T15:00:00.0,15,58195.984,0.0,58824.33,63142.504,0.0
2018-08-29T10:00:00.0,2018-08-29T16:00:00.0,16,60279.355,1.0,59530.246,67005.48,0.03159116133106287
2018-08-29T11:00:00.0,2018-08-29T17:00:00.0,17,62395.234,1.0,54359.035,72941.22,0.376691478049521
2018-08-29T12:00:00.0,2018-08-29T18:00:00.0,18,63841.3,1.0,53584.156,73837.98,0.5119327808049822
2018-08-29T13:00:00.0,2018-08-29T19:00:00.0,19,65025.22,1.0,55219.625,75338.86,0.4765797493762029
2018-08-29T14:00:00.0,2018-08-29T20:00:00.0,20,65489.05,1.0,55509.36,75831.69,0.4834309967141295
2018-08-29T15:00:00.0,2018-08-29T21:00:00.0,21,64792.09,1.0,54716.32,74855.62,0.5005640033176662
2018-08-29T16:00:00.0,2018-08-29T22:00:00.0,22,62998.176,1.0,53423.72,73654.195,0.450511432009627
2018-08-29T17:00:00.0,2018-08-29T23:00:00.0,23,61045.7,1.0,52085.293,72295.21,0.3960917624741827
2018-08-29T18:00:00.0,2018-08-30T00:00:00.0,0,59422.92,1.0,50182.176,70237.9,0.4275594545454541
2018-08-29T19:00:00.0,2018-08-30T01:00:00.0,1,55896.145,1.0,46556.234,66664.6,0.4343711293260471
2018-08-29T20:00:00.0,2018-08-30T02:00:00.0,2,51533.97,1.0,43524.164,63770.06,0.3136340408163265
2018-08-29T21:00:00.0,2018-08-30T03:00:00.0,3,47477.203,1.0,40447.39,60654.66,0.2395573180136266
2018-08-29T22:00:00.0,2018-08-30T04:00:00.0,4,44557.09,1.0,37093.906,57227.867,0.2737067250605267
2018-08-29T23:00:00.0,2018-08-30T05:00:00.0,5,42454.51,1.0,33948.668,54204.418,0.3547441916147186
2018-08-30T00:00:00.0,2018-08-30T06:00:00.0,6,40902.516,1.0,31149.795,50932.09,0.48701476724016707
2018-08-30T01:00:00.0,2018-08-30T07:00:00.0,7,40006.0,1.0,30444.041,50121.9,0.47389474675202437
2018-08-30T02:00:00.0,2018-08-30T08:00:00.0,8,40266.113,1.0,30412.775,49906.19,0.5101519548607472
2018-08-30T03:00:00.0,2018-08-30T09:00:00.0,9,42263.348,1.0,32108.4,51788.28,0.5296830611380432
2018-08-30T04:00:00.0,2018-08-30T10:00:00.0,10,44470.902,1.0,32647.95,52797.2,0.6567748796215952
2018-08-30T05:00:00.0,2018-08-30T11:00:00.0,11,44769.74,1.0,35085.074,54659.234,0.49028937687260554
2018-08-30T06:00:00.0,2018-08-30T12:00:00.0,12,47249.113,1.0,37128.105,56383.56,0.5474353006532191
2018-08-30T07:00:00.0,2018-08-30T13:00:00.0,13,50787.69,1.0,44760.633,60509.363,0.2926320456630317
2018-08-30T08:00:00.0,2018-08-30T14:00:00.0,14,54412.25,1.0,53471.715,54741.16,0.868798727128081
2018-08-30T09:00:00.0,2018-08-30T15:00:00.0,15,57798.38,0.0,58664.984,61246.91,0.0
2018-08-30T10:00:00.0,2018-08-30T16:00:00.0,16,60830.676,1.0,59428.793,63843.9,0.1979586323097925
2018-08-30T11:00:00.0,2018-08-30T17:00:00.0,17,63610.207,1.0,53235.062,70846.125,0.6608071951724207
2018-08-30T12:00:00.0,2018-08-30T18:00:00.0,18,65878.516,1.0,53540.246,73052.99,0.7309251073799301
2018-08-30T13:00:00.0,2018-08-30T19:00:00.0,19,67425.81,1.0,53455.055,73142.25,0.835264083990733
2018-08-30T14:00:00.0,2018-08-30T20:00:00.0,20,67965.47,1.0,53515.996,73233.71,0.8606309859154933
2018-08-30T15:00:00.0,2018-08-30T21:00:00.0,21,67032.58,1.0,52038.547,71708.33,0.8888003671408903
2018-08-30T16:00:00.0,2018-08-30T22:00:00.0,22,64876.223,1.0,51342.45,71002.59,0.8096159466617955
2018-08-30T17:00:00.0,2018-08-30T23:00:00.0,23,62585.074,1.0,49969.71,69755.28,0.7389798213185459
2018-08-30T18:00:00.0,2018-08-31T00:00:00.0,0,60752.688,1.0,48540.562,67850.51,0.731090084046877
2018-08-30T19:00:00.0,2018-08-31T01:00:00.0,1,57062.277,1.0,45247.49,65052.355,0.6733650960066966
2018-08-30T20:00:00.0,2018-08-31T02:00:00.0,2,52484.074,1.0,42533.383,62280.418,0.507253348371634
2018-08-30T21:00:00.0,2018-08-31T03:00:00.0,3,48265.066,1.0,39313.266,59095.555,0.4125790834571159
2018-08-30T22:00:00.0,2018-08-31T04:00:00.0,4,45138.457,1.0,36093.883,55533.785,0.43579854732498663
2018-08-30T23:00:00.0,2018-08-31T05:00:00.0,5,42864.395,1.0,33258.016,52783.082,0.4851596876543676
2018-08-31T00:00:00.0,2018-08-31T06:00:00.0,6,41403.176,1.0,32511.736,52801.195,0.38691122330914074
2018-08-31T01:00:00.0,2018-08-31T07:00:00.0,7,40680.61,1.0,30678.531,50912.793,0.48944752039600314
2018-08-31T02:00:00.0,2018-08-31T08:00:00.0,8,40795.37,1.0,30227.072,50448.45,0.541925286832169
2018-08-31T03:00:00.0,2018-08-31T09:00:00.0,9,42683.734,1.0,31244.807,51411.598,0.6227511306675526
2018-08-31T04:00:00.0,2018-08-31T10:00:00.0,10,44622.016,1.0,32313.5,51985.863,0.7206301685499656
2018-08-31T05:00:00.0,2018-08-31T11:00:00.0,11,44984.684,1.0,35383.02,53283.77,0.5672080865125894
2018-08-31T06:00:00.0,2018-08-31T12:00:00.0,12,47899.387,1.0,39221.086,57425.418,0.4568689150718797
2018-08-31T07:00:00.0,2018-08-31T13:00:00.0,13,51670.504,1.0,44053.52,60007.816,0.45817667934386813
2018-08-31T08:00:00.0,2018-08-31T14:00:00.0,14,55411.938,1.0,50643.7,56811.586,0.8979977516691121
2018-08-31T09:00:00.0,2018-08-31T15:00:00.0,15,58897.89,1.0,58672.227,61004.977,0.030348453955941355
2018-08-31T10:00:00.0,2018-08-31T16:00:00.0,16,62320.426,1.0,59604.93,63749.793,0.7647778697571743
2018-08-31T11:00:00.0,2018-08-31T17:00:00.0,17,65254.99,1.0,53453.12,71408.8,0.76782454296452
2018-08-31T12:00:00.0,2018-08-31T18:00:00.0,18,67140.97,1.0,52561.63,72693.27,0.8515271999578703
2018-08-31T13:00:00.0,2018-08-31T19:00:00.0,19,68167.47,1.0,54053.19,74242.81,0.8228143783706734
2018-08-31T14:00:00.0,2018-08-31T20:00:00.0,20,68283.84,1.0,54615.445,74856.02,0.7926082413635475
2018-08-31T15:00:00.0,2018-08-31T21:00:00.0,21,66947.33,1.0,54092.97,74146.984,0.744053188319428
2018-08-31T16:00:00.0,2018-08-31T22:00:00.0,22,64148.035,1.0,53155.938,73313.195,0.5834902910000545
2018-08-31T17:00:00.0,2018-08-31T23:00:00.0,23,61380.41,1.0,51371.49,71504.11,0.4947097541414313
2018-08-31T18:00:00.0,2018-09-01T00:00:00.0,0,59415.45,1.0,48951.113,69089.055,0.5363885675462271
2018-08-31T19:00:00.0,2018-09-01T01:00:00.0,1,56330.316,1.0,46212.027,66239.43,0.50969224353628
2018-08-31T20:00:00.0,2018-09-01T02:00:00.0,2,52779.27,1.0,42920.0,63092.695,0.4791157024793385
2018-08-31T21:00:00.0,2018-09-01T03:00:00.0,3,49175.19,1.0,39616.84,59738.688,0.4537470210815768
2018-08-31T22:00:00.0,2018-09-01T04:00:00.0,4,46173.715,1.0,36690.285,56889.785,0.4435592063347588
2018-08-31T23:00:00.0,2018-09-01T05:00:00.0,5,43746.09,1.0,33843.984,54181.21,0.4756933615098734
2018-09-01T00:00:00.0,2018-09-01T06:00:00.0,6,41916.586,1.0,31766.9,52019.582,0.5021392765828764
2018-09-01T01:00:00.0,2018-09-01T07:00:00.0,7,40681.48,1.0,30498.133,50691.562,0.5079623536332055
2018-09-01T02:00:00.0,2018-09-01T08:00:00.0,8,39852.816,1.0,29990.22,50174.957,0.47888106753792625
2018-09-01T03:00:00.0,2018-09-01T09:00:00.0,9,39805.617,1.0,30434.646,50556.805,0.4366150023663038
2018-09-01T04:00:00.0,2018-09-01T10:00:00.0,10,39917.098,1.0,30898.193,50914.21,0.40908117117117115
2018-09-01T05:00:00.0,2018-09-01T11:00:00.0,11,40812.66,1.0,32879.258,52776.53,0.3187443309244955
2018-09-01T06:00:00.0,2018-09-01T12:00:00.0,12,44134.285,1.0,34968.324,55214.1,0.41297572119691844
2018-09-01T07:00:00.0,2018-09-01T13:00:00.0,13,48133.7,1.0,41280.293,58573.59,0.31475501017804375
2018-09-01T08:00:00.0,2018-09-01T14:00:00.0,14,52205.812,1.0,48996.254,54451.32,0.6595073055773765
2018-09-01T09:00:00.0,2018-09-01T15:00:00.0,15,55842.64,0.0,56214.426,58282.64,0.0
2018-09-01T10:00:00.0,2018-09-01T16:00:00.0,16,59013.47,1.0,57647.016,61239.09,0.28896842845835996
2018-09-01T11:00:00.0,2018-09-01T17:00:00.0,17,61283.082,1.0,51454.65,69845.17,0.563629139072848
2018-09-01T12:00:00.0,2018-09-01T18:00:00.0,18,62671.652,1.0,51288.883,71531.03,0.6140839205074593
2018-09-01T13:00:00.0,2018-09-01T19:00:00.0,19,63060.484,1.0,52763.305,72908.03,0.5207051293840691
2018-09-01T14:00:00.0,2018-09-01T20:00:00.0,20,63267.7,1.0,53474.344,73682.43,0.47148783059082333
2018-09-01T15:00:00.0,2018-09-01T21:00:00.0,21,62506.277,1.0,52240.414,72421.4,0.5161244428105328
2018-09-01T16:00:00.0,2018-09-01T22:00:00.0,22,60534.36,1.0,51542.785,71671.7,0.4020756812928887
2018-09-01T17:00:00.0,2018-09-01T23:00:00.0,23,58209.473,1.0,49852.473,69960.77,0.34728508831753374
2018-09-01T18:00:00.0,2018-09-02T00:00:00.0,0,56374.684,1.0,47401.39,67514.85,0.40105555704974744
2018-09-01T19:00:00.0,2018-09-02T01:00:00.0,1,53727.938,1.0,43951.7,63962.945,0.4787341127681046
2018-09-01T20:00:00.0,2018-09-02T02:00:00.0,2,50546.953,1.0,40891.06,61043.445,0.4613498908196785
2018-09-01T21:00:00.0,2018-09-02T03:00:00.0,3,47325.45,1.0,37829.324,57930.91,0.4489247301993777
2018-09-01T22:00:00.0,2018-09-02T04:00:00.0,4,44531.02,1.0,34994.086,55173.18,0.44930668804606283
2018-09-01T23:00:00.0,2018-09-02T05:00:00.0,5,42344.26,1.0,32280.123,52596.906,0.4913897085019506
2018-09-02T00:00:00.0,2018-09-02T06:00:00.0,6,40774.703,1.0,30792.871,50984.438,0.48952600975538096
2018-09-02T01:00:00.0,2018-09-02T07:00:00.0,7,39470.58,1.0,30574.79,50250.047,0.4118806696659047
2018-09-02T02:00:00.0,2018-09-02T08:00:00.0,8,38800.582,1.0,28782.666,48813.55,0.5002290479499654
2018-09-02T03:00:00.0,2018-09-02T09:00:00.0,9,38606.723,1.0,30179.416,49936.203,0.366288195305031
2018-09-02T04:00:00.0,2018-09-02T10:00:00.0,10,38641.47,1.0,32009.805,50520.797,0.2548147849245422
2018-09-02T05:00:00.0,2018-09-02T11:00:00.0,11,39322.668,1.0,35822.816,49957.348,0.12014265586474109
2018-09-02T06:00:00.0,2018-09-02T12:00:00.0,12,42306.508,1.0,36342.38,54302.574,0.2173380761371377
2018-09-02T07:00:00.0,2018-09-02T13:00:00.0,13,45554.34,1.0,40261.96,57900.645,0.17614165091710052
2018-09-02T08:00:00.0,2018-09-02T14:00:00.0,14,48663.09,1.0,47685.098,54097.25,0.05312416931813583
2018-09-02T09:00:00.0,2018-09-02T15:00:00.0,15,51469.387,0.0,51994.438,55312.715,0.0
2018-09-02T10:00:00.0,2018-09-02T16:00:00.0,16,53829.36,0.0,55113.152,60069.75,0.0
2018-09-02T11:00:00.0,2018-09-02T17:00:00.0,17,55748.23,1.0,48835.934,68397.54,0.24755461518907856
2018-09-02T12:00:00.0,2018-09-02T18:00:00.0,18,57160.58,1.0,49020.484,69185.19,0.3270371354547266
2018-09-02T13:00:00.0,2018-09-02T19:00:00.0,19,58085.547,1.0,51315.527,71138.74,0.23045667303739512
2018-09-02T14:00:00.0,2018-09-02T20:00:00.0,20,58199.74,1.0,49111.164,69463.734,0.40181808516293627
2018-09-02T15:00:00.0,2018-09-02T21:00:00.0,21,57414.125,1.0,47871.527,68146.68,0.44570358616312283
2018-09-02T16:00:00.0,2018-09-02T22:00:00.0,22,55626.22,1.0,46888.46,67116.0,0.37581914596706667
2018-09-02T17:00:00.0,2018-09-02T23:00:00.0,23,54097.793,1.0,45137.81,65185.39,0.40250200134922404
2018-09-02T18:00:00.0,2018-09-03T00:00:00.0,0,52849.906,1.0,44587.008,64556.848,0.34414695278970003
2018-09-02T19:00:00.0,2018-09-03T01:00:00.0,1,50342.645,1.0,43946.773,62765.438,0.22814183503243704
2018-09-02T20:00:00.0,2018-09-03T02:00:00.0,2,47409.01,1.0,38529.344,58641.152,0.3927746848973413
2018-09-02T21:00:00.0,2018-09-03T03:00:00.0,3,44387.62,1.0,35824.977,55882.066,0.3669193949169538
2018-09-02T22:00:00.0,2018-09-03T04:00:00.0,4,41995.95,1.0,34912.7,54609.35,0.2568488994736281
2018-09-02T23:00:00.0,2018-09-03T05:00:00.0,5,40217.54,1.0,32133.824,51766.734,0.34067439667516525
2018-09-03T00:00:00.0,2018-09-03T06:00:00.0,6,39096.52,1.0,30244.904,48118.992,0.4911296853909249
2018-09-03T01:00:00.0,2018-09-03T07:00:00.0,7,38291.2,1.0,29073.12,48128.81,0.46985562228927896
2018-09-03T02:00:00.0,2018-09-03T08:00:00.0,8,38246.258,1.0,30380.836,47375.168,0.43134469901071215
2018-09-03T03:00:00.0,2018-09-03T09:00:00.0,9,38726.44,1.0,30714.635,48411.715,0.4129476273444709
2018-09-03T04:00:00.0,2018-09-03T10:00:00.0,10,39214.543,1.0,34155.41,49069.34,0.22723980503503552
2018-09-03T05:00:00.0,2018-09-03T11:00:00.0,11,39416.01,1.0,34402.492,49545.105,0.21599499093341015
2018-09-03T06:00:00.0,2018-09-03T12:00:00.0,12,41172.363,1.0,37033.19,52840.734,0.13398116618858077
2018-09-03T07:00:00.0,2018-09-03T13:00:00.0,13,43589.19,1.0,38457.387,56976.39,0.14986214634928294
2018-09-03T08:00:00.0,2018-09-03T14:00:00.0,14,45841.14,0.0,48483.438,53433.824,0.0
2018-09-03T09:00:00.0,2018-09-03T15:00:00.0,15,47518.562,0.0,53535.723,54910.867,0.0
2018-09-03T10:00:00.0,2018-09-03T16:00:00.0,16,48844.906,0.0,54453.746,57283.11,0.0
2018-09-03T11:00:00.0,2018-09-03T17:00:00.0,17,49883.355,1.0,45514.133,63729.547,0.1131420259977106
2018-09-03T12:00:00.0,2018-09-03T18:00:00.0,18,50442.156,1.0,46302.02,63495.465,0.1139847322633318
2018-09-03T13:00:00.0,2018-09-03T19:00:00.0,19,50897.53,1.0,46588.94,64160.047,0.11796684271094467
2018-09-03T14:00:00.0,2018-09-03T20:00:00.0,20,51273.73,1.0,50349.902,67469.44,0.01921042766673583
2018-09-03T15:00:00.0,2018-09-03T21:00:00.0,21,51073.13,1.0,50262.88,66067.51,0.018750160640098143
2018-09-03T16:00:00.0,2018-09-03T22:00:00.0,22,50159.11,1.0,47383.746,66087.016,0.05098974629466502
2018-09-03T17:00:00.0,2018-09-03T23:00:00.0,23,49801.64,1.0,43562.625,63520.305,0.1916643744939012
2018-09-03T18:00:00.0,2018-09-04T00:00:00.0,0,49125.676,1.0,42101.81,61444.434,0.2621373197825574
2018-09-03T19:00:00.0,2018-09-04T01:00:00.0,1,46710.375,1.0,41887.973,59257.453,0.15043937460114884
2018-09-03T20:00:00.0,2018-09-04T02:00:00.0,2,43441.652,1.0,37784.492,54680.312,0.22110610114623597
2018-09-03T21:00:00.0,2018-09-04T03:00:00.0,3,40665.418,1.0,33773.207,50891.656,0.3252595128631516
2018-09-03T22:00:00.0,2018-09-04T04:00:00.0,4,38753.176,1.0,31092.283,49366.97,0.3535065969062784
2018-09-03T23:00:00.0,2018-09-04T05:00:00.0,5,37568.008,1.0,29916.408,49418.355,0.30824520355638746
2018-09-04T00:00:00.0,2018-09-04T06:00:00.0,6,36843.188,1.0,27708.148,45786.055,0.5098644875164258
2018-09-04T01:00:00.0,2018-09-04T07:00:00.0,7,36812.004,1.0,27012.05,45162.246,0.5736986438975391
2018-09-04T02:00:00.0,2018-09-04T08:00:00.0,8,37710.984,1.0,27454.012,45305.996,0.6356509898807832
2018-09-04T03:00:00.0,2018-09-04T09:00:00.0,9,40169.383,1.0,28684.787,46256.11,0.7625645406689614
2018-09-04T04:00:00.0,2018-09-04T10:00:00.0,10,42754.266,1.0,29844.691,46794.062,0.8882294041202412
2018-09-04T05:00:00.0,2018-09-04T11:00:00.0,11,43016.312,1.0,31254.781,48476.77,0.8026266635883611
2018-09-04T06:00:00.0,2018-09-04T12:00:00.0,12,44401.855,1.0,33100.742,50921.273,0.7337350355725819
2018-09-04T07:00:00.0,2018-09-04T13:00:00.0,13,46894.45,1.0,35814.957,52508.58,0.7768318776380121
2018-09-04T08:00:00.0,2018-09-04T14:00:00.0,14,49418.22,1.0,42879.55,50036.445,0.9725235295886456
2018-09-04T09:00:00.0,2018-09-04T15:00:00.0,15,51857.906,0.0,46965.688,49971.574,1.0
2018-09-04T10:00:00.0,2018-09-04T16:00:00.0,16,54240.8,0.0,48320.09,52573.273,1.0
2018-09-04T11:00:00.0,2018-09-04T17:00:00.0,17,56342.25,1.0,43295.492,63401.977,0.7557265578969573
2018-09-04T12:00:00.0,2018-09-04T18:00:00.0,18,57739.375,1.0,46259.062,63827.812,0.762352917243063
2018-09-04T13:00:00.0,2018-09-04T19:00:00.0,19,58863.324,1.0,46918.65,65343.69,0.7548516046070438
2018-09-04T14:00:00.0,2018-09-04T20:00:00.0,20,59120.754,1.0,47977.6,66095.055,0.7037589934432039
2018-09-04T15:00:00.0,2018-09-04T21:00:00.0,21,58278.06,1.0,48551.355,65613.91,0.6277710799772526
2018-09-04T16:00:00.0,2018-09-04T22:00:00.0,22,56176.58,1.0,47021.37,64411.02,0.5490158023120163
2018-09-04T17:00:00.0,2018-09-04T23:00:00.0,23,54807.277,1.0,45306.77,63631.633,0.5341994753304409
2018-09-04T18:00:00.0,2018-09-05T00:00:00.0,0,53569.23,1.0,42645.723,61911.258,0.6223652447847032
2018-09-04T19:00:00.0,2018-09-05T01:00:00.0,1,50550.99,1.0,39692.645,58769.215,0.6262475492916064
2018-09-04T20:00:00.0,2018-09-05T02:00:00.0,2,46758.11,1.0,37334.477,55395.527,0.5403308485653016
2018-09-04T21:00:00.0,2018-09-05T03:00:00.0,3,43276.043,1.0,34371.44,52755.227,0.4710194272586202
2018-09-04T22:00:00.0,2018-09-05T04:00:00.0,4,40737.426,1.0,31903.938,50859.15,0.43719174508705155
2018-09-04T23:00:00.0,2018-09-05T05:00:00.0,5,39033.457,1.0,29698.092,47860.914,0.5259326234624564
2018-09-05T00:00:00.0,2018-09-05T06:00:00.0,6,38025.88,1.0,28360.547,48341.496,0.46982446075120027
2018-09-05T01:00:00.0,2018-09-05T07:00:00.0,7,37761.48,1.0,27539.963,47834.84,0.5067745180524567
2018-09-05T02:00:00.0,2018-09-05T08:00:00.0,8,38523.434,1.0,27667.533,47886.66,0.5681768446223803
2018-09-05T03:00:00.0,2018-09-05T09:00:00.0,9,40911.176,1.0,28599.184,48919.016,0.6889049206994714
2018-09-05T04:00:00.0,2018-09-05T10:00:00.0,10,43487.76,1.0,29751.531,49928.242,0.7998773002115966
2018-09-05T05:00:00.0,2018-09-05T11:00:00.0,11,43854.28,1.0,31432.309,51582.52,0.7060351159511498
2018-09-05T06:00:00.0,2018-09-05T12:00:00.0,12,45453.74,1.0,34196.125,54740.066,0.5883154549066347
2018-09-05T07:00:00.0,2018-09-05T13:00:00.0,13,48284.676,1.0,35691.992,55788.094,0.7221013804237832
2018-09-05T08:00:00.0,2018-09-05T14:00:00.0,14,51400.812,1.0,44590.14,53892.543,0.8599460919514024
2018-09-05T09:00:00.0,2018-09-05T15:00:00.0,15,54048.39,1.0,50519.863,55202.656,0.8808755662650605
2018-09-05T10:00:00.0,2018-09-05T16:00:00.0,16,56431.844,1.0,52748.734,59377.965,0.6020329640637657
2018-09-05T11:00:00.0,2018-09-05T17:00:00.0,17,58133.918,1.0,45770.535,66047.5,0.6951379155146918
2018-09-05T12:00:00.0,2018-09-05T18:00:00.0,18,59003.582,1.0,47429.777,67356.42,0.6465423663989432
2018-09-05T13:00:00.0,2018-09-05T19:00:00.0,19,59594.543,1.0,49263.438,69025.87,0.5421741199746163
2018-09-05T14:00:00.0,2018-09-05T20:00:00.0,20,59176.95,1.0,47563.613,67077.86,0.6709559113765466
2018-09-05T15:00:00.0,2018-09-05T21:00:00.0,21,57978.844,1.0,46410.55,66574.39,0.6341795238714709
2018-09-05T16:00:00.0,2018-09-05T22:00:00.0,22,55988.723,1.0,45029.64,64601.18,0.6098495249601845
2018-09-05T17:00:00.0,2018-09-05T23:00:00.0,23,55037.863,1.0,43456.758,62977.453,0.6678356342797601
2018-09-05T18:00:00.0,2018-09-06T00:00:00.0,0,53712.293,1.0,42084.543,61697.086,0.6671574871879077
2018-09-05T19:00:00.0,2018-09-06T01:00:00.0,1,50622.61,1.0,38925.062,59361.17,0.6318729408945825
2018-09-05T20:00:00.0,2018-09-06T02:00:00.0,2,46815.74,1.0,36362.21,56540.83,0.5334616723780901
2018-09-05T21:00:00.0,2018-09-06T03:00:00.0,3,43426.168,1.0,32723.143,53190.5,0.542481144741703
2018-09-05T22:00:00.0,2018-09-06T04:00:00.0,4,40882.09,1.0,30526.336,50665.418,0.5263583682104583
2018-09-05T23:00:00.0,2018-09-06T05:00:00.0,5,39219.7,1.0,28680.127,48740.605,0.5470150680775561
2018-09-06T00:00:00.0,2018-09-06T06:00:00.0,6,38083.613,1.0,28686.627,48848.47,0.43729939140703056
2018-09-06T01:00:00.0,2018-09-06T07:00:00.0,7,37634.633,1.0,27999.502,47991.574,0.4665337698489771
2018-09-06T02:00:00.0,2018-09-06T08:00:00.0,8,38277.355,1.0,28165.164,48087.133,0.5140840742982176
2018-09-06T03:00:00.0,2018-09-06T09:00:00.0,9,40632.277,1.0,29768.062,49798.344,0.5781706639967235
2018-09-06T04:00:00.0,2018-09-06T10:00:00.0,10,43212.105,1.0,30380.049,50452.66,0.7415062182297213
2018-09-06T05:00:00.0,2018-09-06T11:00:00.0,11,43462.39,1.0,32628.008,52366.234,0.589995405383053
2018-09-06T06:00:00.0,2018-09-06T12:00:00.0,12,45273.203,1.0,34655.723,54420.305,0.5686983876945888
2018-09-06T07:00:00.0,2018-09-06T13:00:00.0,13,48012.895,1.0,36642.445,56449.387,0.6347898217391685
2018-09-06T08:00:00.0,2018-09-06T14:00:00.0,14,51064.465,1.0,41666.637,58722.547,0.5937780432622158
2018-09-06T09:00:00.0,2018-09-06T15:00:00.0,15,53895.14,1.0,49039.527,59389.14,0.44295381882770846
2018-09-06T10:00:00.0,2018-09-06T16:00:00.0,16,56375.11,1.0,49982.996,63836.895,0.42872835184502806
2018-09-06T11:00:00.0,2018-09-06T17:00:00.0,17,58230.145,1.0,47937.55,67919.61,0.5279883560310382
2018-09-06T12:00:00.0,2018-09-06T18:00:00.0,18,58682.926,1.0,49156.72,69013.555,0.46245991396167363
2018-09-06T13:00:00.0,2018-09-06T19:00:00.0,19,57982.05,1.0,48893.848,68777.02,0.42086176699830374
2018-09-06T14:00:00.0,2018-09-06T20:00:00.0,20,56516.098,1.0,48232.582,68311.49,0.342054670559511
2018-09-06T15:00:00.0,2018-09-06T21:00:00.0,21,54709.33,1.0,47080.42,67457.13,0.27947699621365085
2018-09-06T16:00:00.0,2018-09-06T22:00:00.0,22,53061.082,1.0,45307.37,65198.73,0.3040935121539586
2018-09-06T17:00:00.0,2018-09-06T23:00:00.0,23,52396.246,1.0,45280.11,65618.695,0.24246958322547227
2018-09-06T18:00:00.0,2018-09-07T00:00:00.0,0,51270.254,1.0,43269.242,63416.48,0.3161146658791491
2018-09-06T19:00:00.0,2018-09-07T01:00:00.0,1,48565.51,1.0,40166.98,60379.02,0.34715079297769486
2018-09-06T20:00:00.0,2018-09-07T02:00:00.0,2,45130.105,1.0,37033.24,57215.51,0.3228620143204429
2018-09-06T21:00:00.0,2018-09-07T03:00:00.0,3,41984.027,1.0,33620.914,53932.254,0.3406793650257824
2018-09-06T22:00:00.0,2018-09-07T04:00:00.0,4,39598.293,1.0,31158.51,51400.414,0.3495931000609715
2018-09-06T23:00:00.0,2018-09-07T05:00:00.0,5,37980.785,1.0,29021.29,49184.324,0.3978578599923596
2018-09-07T00:00:00.0,2018-09-07T06:00:00.0,6,37045.652,1.0,29238.344,49566.676,0.2948141128904893
2018-09-07T01:00:00.0,2018-09-07T07:00:00.0,7,36789.85,1.0,28322.094,48614.992,0.3501619153294638
2018-09-07T02:00:00.0,2018-09-07T08:00:00.0,8,37474.55,1.0,28059.572,48351.01,0.4334715741400941
2018-09-07T03:00:00.0,2018-09-07T09:00:00.0,9,39813.793,1.0,28778.162,49171.105,0.5759100418410039
2018-09-07T04:00:00.0,2018-09-07T10:00:00.0,10,42290.016,1.0,29499.232,49716.848,0.7314385528547204
2018-09-07T05:00:00.0,2018-09-07T11:00:00.0,11,42685.652,1.0,32701.791,52359.707,0.5146218297101451
2018-09-07T06:00:00.0,2018-09-07T12:00:00.0,12,44406.99,1.0,35031.668,53523.363,0.5129930389777124
2018-09-07T07:00:00.0,2018-09-07T13:00:00.0,13,47150.652,1.0,37227.305,55902.74,0.557997282983206
2018-09-07T08:00:00.0,2018-09-07T14:00:00.0,14,50088.613,1.0,42124.207,55591.01,0.6646778679755834
2018-09-07T09:00:00.0,2018-09-07T15:00:00.0,15,52839.016,1.0,48063.26,55426.066,0.755360214519814
2018-09-07T10:00:00.0,2018-09-07T16:00:00.0,16,55463.145,1.0,49211.23,58815.523,0.7587497525393263
2018-09-07T11:00:00.0,2018-09-07T17:00:00.0,17,57714.098,1.0,44683.336,64574.17,0.7647305475297196
2018-09-07T12:00:00.0,2018-09-07T18:00:00.0,18,59310.168,1.0,46347.203,65707.734,0.7848790625504636
2018-09-07T13:00:00.0,2018-09-07T19:00:00.0,19,60311.453,1.0,46563.953,66094.5,0.8285843310615829
2018-09-07T14:00:00.0,2018-09-07T20:00:00.0,20,59935.535,1.0,46480.707,66666.484,0.7807925252525253
2018-09-07T15:00:00.0,2018-09-07T21:00:00.0,21,57627.64,1.0,45265.688,65402.492,0.7019094083321376
2018-09-07T16:00:00.0,2018-09-07T22:00:00.0,22,54758.7,1.0,44693.293,64970.84,0.4932849454492201
2018-09-07T17:00:00.0,2018-09-07T23:00:00.0,23,52970.16,1.0,42469.055,62758.543,0.5325629926641456
2018-09-07T18:00:00.0,2018-09-08T00:00:00.0,0,51356.59,1.0,40466.547,60732.66,0.568982468823423
2018-09-07T19:00:00.0,2018-09-08T01:00:00.0,1,48954.953,1.0,37924.703,58092.062,0.5864263229844947
2018-09-07T20:00:00.0,2018-09-08T02:00:00.0,2,46128.066,1.0,35048.723,55186.28,0.5923027122863257
2018-09-07T21:00:00.0,2018-09-08T03:00:00.0,3,43059.92,1.0,32880.355,53122.29,0.5053726745092283
2018-09-07T22:00:00.0,2018-09-08T04:00:00.0,4,40630.125,1.0,30869.908,51222.305,0.4621211377903754
2018-09-07T23:00:00.0,2018-09-08T05:00:00.0,5,38739.965,1.0,28465.904,48584.22,0.5198192060184755
2018-09-08T00:00:00.0,2018-09-08T06:00:00.0,6,37364.418,1.0,27049.852,46666.973,0.5477609596961465
2018-09-08T01:00:00.0,2018-09-08T07:00:00.0,7,36601.285,1.0,26742.48,46178.973,0.5134194428804554
2018-09-08T02:00:00.0,2018-09-08T08:00:00.0,8,36403.457,1.0,26436.047,46143.6,0.5107010691563454
2018-09-08T03:00:00.0,2018-09-08T09:00:00.0,9,36891.418,1.0,27463.96,47592.504,0.4414899213619629
2018-09-08T04:00:00.0,2018-09-08T10:00:00.0,10,37610.434,1.0,30219.473,48201.625,0.3394352178257019
2018-09-08T05:00:00.0,2018-09-08T11:00:00.0,11,38622.316,1.0,31162.904,50594.977,0.29451020239570425
2018-09-08T06:00:00.0,2018-09-08T12:00:00.0,12,41451.66,1.0,33501.34,51465.35,0.3946631297618576
2018-09-08T07:00:00.0,2018-09-08T13:00:00.0,13,44402.406,1.0,35538.566,54403.727,0.444228467850391
2018-09-08T08:00:00.0,2018-09-08T14:00:00.0,14,47028.207,1.0,39379.723,53149.832,0.6017725191236927
2018-09-08T09:00:00.0,2018-09-08T15:00:00.0,15,49095.707,1.0,43868.42,52822.336,0.651683321847003
2018-09-08T10:00:00.0,2018-09-08T16:00:00.0,16,50649.473,1.0,45152.918,55801.582,0.5299918239540752
2018-09-08T11:00:00.0,2018-09-08T17:00:00.0,17,51480.37,1.0,40941.38,60774.42,0.5580470531526356
2018-09-08T12:00:00.0,2018-09-08T18:00:00.0,18,52021.016,1.0,41603.125,60689.41,0.5844227662364818
2018-09-08T13:00:00.0,2018-09-08T19:00:00.0,19,52198.47,1.0,42142.414,61651.59,0.5286567220866529
2018-09-08T14:00:00.0,2018-09-08T20:00:00.0,20,51901.566,1.0,41041.16,60810.402,0.5908162688241679
2018-09-08T15:00:00.0,2018-09-08T21:00:00.0,21,50939.27,1.0,40415.484,58811.49,0.6313012520082512
2018-09-08T16:00:00.0,2018-09-08T22:00:00.0,22,49341.09,1.0,39560.316,59763.77,0.4705405132813142
2018-09-08T17:00:00.0,2018-09-08T23:00:00.0,23,48603.99,1.0,39925.55,60149.78,0.3707693649685973
2018-09-08T18:00:00.0,2018-09-09T00:00:00.0,0,47541.22,1.0,38355.574,58755.777,0.40851854470883564
2018-09-08T19:00:00.0,2018-09-09T01:00:00.0,1,45599.797,1.0,35196.887,55034.367,0.5452023019281902
2018-09-08T20:00:00.0,2018-09-09T02:00:00.0,2,43369.277,1.0,31347.025,51044.508,0.696146953701559
2018-09-08T21:00:00.0,2018-09-09T03:00:00.0,3,40799.81,1.0,30271.99,50170.984,0.5537772316561651
2018-09-08T22:00:00.0,2018-09-09T04:00:00.0,4,38602.832,1.0,28396.396,48420.957,0.517990181548722
2018-09-08T23:00:00.0,2018-09-09T05:00:00.0,5,36963.957,1.0,25949.555,45318.55,0.6253009864376214
2018-09-09T00:00:00.0,2018-09-09T06:00:00.0,6,35748.996,1.0,26889.504,44074.145,0.5288318996183944
2018-09-09T01:00:00.0,2018-09-09T07:00:00.0,7,35016.14,1.0,27289.73,42268.52,0.5293439196626225
2018-09-09T02:00:00.0,2018-09-09T08:00:00.0,8,34620.816,1.0,27355.135,43741.504,0.396147606397516
2018-09-09T03:00:00.0,2018-09-09T09:00:00.0,9,34732.31,1.0,29129.191,43755.55,0.2932460434181356
2018-09-09T04:00:00.0,2018-09-09T10:00:00.0,10,35098.906,1.0,29031.627,45764.82,0.261315113652922
2018-09-09T05:00:00.0,2018-09-09T11:00:00.0,11,35772.617,1.0,29928.523,47731.016,0.2121713434887183
2018-09-09T06:00:00.0,2018-09-09T12:00:00.0,12,37921.16,1.0,31658.77,49183.66,0.2534510860299387
2018-09-09T07:00:00.0,2018-09-09T13:00:00.0,13,40386.15,1.0,33405.984,51514.094,0.29707953618666033
2018-09-09T08:00:00.0,2018-09-09T14:00:00.0,14,42633.03,1.0,35601.188,52109.55,0.365245762711864
2018-09-09T09:00:00.0,2018-09-09T15:00:00.0,15,44435.566,1.0,40065.49,52179.934,0.25851596990997655
2018-09-09T10:00:00.0,2018-09-09T16:00:00.0,16,45522.31,1.0,41810.027,55511.406,0.1433231195400698
2018-09-09T11:00:00.0,2018-09-09T17:00:00.0,17,45412.016,1.0,43190.254,59948.51,0.04389097882431957
2018-09-09T12:00:00.0,2018-09-09T18:00:00.0,18,45181.816,1.0,44046.01,61008.773,0.022251427302715034
2018-09-09T13:00:00.0,2018-09-09T19:00:00.0,19,45237.51,1.0,45013.867,61260.324,0.012349504608282868
2018-09-09T14:00:00.0,2018-09-09T20:00:00.0,20,45320.99,1.0,43683.69,60483.97,0.03060584710677826
2018-09-09T15:00:00.0,2018-09-09T21:00:00.0,21,45185.535,1.0,41560.68,58274.08,0.09396923916058939
2018-09-09T16:00:00.0,2018-09-09T22:00:00.0,22,44875.793,1.0,41728.867,58300.434,0.07466438783085785
2018-09-09T17:00:00.0,2018-09-09T23:00:00.0,23,45338.457,1.0,40730.6,57489.387,0.1475735740675138
2018-09-09T18:00:00.0,2018-09-10T00:00:00.0,0,44990.996,1.0,37678.707,55723.12,0.3296458863050056
2018-09-09T19:00:00.0,2018-09-10T01:00:00.0,1,42981.082,1.0,35931.324,52696.83,0.35573068300393645
2018-09-09T20:00:00.0,2018-09-10T02:00:00.0,2,39968.496,1.0,33114.223,50536.97,0.30997109718454763
2018-09-09T21:00:00.0,2018-09-10T03:00:00.0,3,37280.836,1.0,30531.541,48324.434,0.28725771658366434
2018-09-09T22:00:00.0,2018-09-10T04:00:00.0,4,35271.3,1.0,29628.166,47588.39,0.19370318793384209
2018-09-09T23:00:00.0,2018-09-10T05:00:00.0,5,33989.81,1.0,26874.543,44993.35,0.3088157042633566
2018-09-10T00:00:00.0,2018-09-10T06:00:00.0,6,33382.785,1.0,27530.943,43883.12,0.25422860118585405
2018-09-10T01:00:00.0,2018-09-10T07:00:00.0,7,33416.117,1.0,28146.691,41017.508,0.33671034264794947
2018-09-10T02:00:00.0,2018-09-10T08:00:00.0,8,34250.215,1.0,26345.879,42558.72,0.47687899908592285
2018-09-10T03:00:00.0,2018-09-10T09:00:00.0,9,36746.535,1.0,25362.139,43773.406,0.7090368368281095
2018-09-10T04:00:00.0,2018-09-10T10:00:00.0,10,39584.4,1.0,27209.6,43932.48,0.867877049427821
2018-09-10T05:00:00.0,2018-09-10T11:00:00.0,11,39984.785,1.0,27875.527,45202.254,0.8225646917151699
2018-09-10T06:00:00.0,2018-09-10T12:00:00.0,12,40694.37,1.0,28979.1,46288.21,0.7946306336576203
2018-09-10T07:00:00.0,2018-09-10T13:00:00.0,13,41896.277,1.0,31811.59,49321.875,0.6380521931927136
2018-09-10T08:00:00.0,2018-09-10T14:00:00.0,14,43122.15,1.0,36136.773,49091.363,0.5723923660469241
2018-09-10T09:00:00.0,2018-09-10T15:00:00.0,15,43900.23,1.0,39861.46,48509.81,0.4389865108104103
2018-09-10T10:00:00.0,2018-09-10T16:00:00.0,16,44286.74,1.0,42076.24,51334.066,0.11215562381161291
2018-09-10T11:00:00.0,2018-09-10T17:00:00.0,17,44756.145,1.0,40051.383,57051.797,0.14947385488447476
2018-09-10T12:00:00.0,2018-09-10T18:00:00.0,18,44984.613,1.0,41691.965,58292.223,0.08024591449862711
2018-09-10T13:00:00.0,2018-09-10T19:00:00.0,19,45365.42,1.0,42473.277,56370.605,0.08730550205611354
2018-09-10T14:00:00.0,2018-09-10T20:00:00.0,20,45699.285,1.0,44654.184,58364.832,0.024744284514625292
2018-09-10T15:00:00.0,2018-09-10T21:00:00.0,21,45686.19,1.0,42142.156,57409.76,0.10640140899675465
2018-09-10T16:00:00.0,2018-09-10T22:00:00.0,22,45313.137,1.0,42893.258,58034.402,0.05689458728333964
2018-09-10T17:00:00.0,2018-09-10T23:00:00.0,23,45776.75,1.0,41301.63,58606.13,0.13071140939597328
2018-09-10T18:00:00.0,2018-09-11T00:00:00.0,0,45361.39,1.0,39572.13,57313.598,0.20951886040395473
2018-09-10T19:00:00.0,2018-09-11T01:00:00.0,1,43246.008,1.0,39174.3,54895.777,0.13109525950668033
2018-09-10T20:00:00.0,2018-09-11T02:00:00.0,2,40190.83,1.0,37249.98,52421.8,0.07725476676770437
2018-09-10T21:00:00.0,2018-09-11T03:00:00.0,3,37366.56,1.0,34498.355,52097.562,0.05852260987978954
2018-09-10T22:00:00.0,2018-09-11T04:00:00.0,4,35470.777,1.0,31098.512,46519.37,0.1569709973045825
2018-09-10T23:00:00.0,2018-09-11T05:00:00.0,5,34169.43,1.0,29886.25,45712.508,0.14299981242798573
2018-09-11T00:00:00.0,2018-09-11T06:00:00.0,6,33483.348,1.0,23858.64,43806.734,0.467532140109559
2018-09-11T01:00:00.0,2018-09-11T07:00:00.0,7,33382.957,1.0,23558.662,42424.926,0.5384234821384823
2018-09-11T02:00:00.0,2018-09-11T08:00:00.0,8,34196.055,1.0,23737.58,43565.637,0.5508275075565119
2018-09-11T03:00:00.0,2018-09-11T09:00:00.0,9,36687.52,1.0,25157.299,44991.438,0.6474286537655441
2018-09-11T04:00:00.0,2018-09-11T10:00:00.0,10,39704.465,1.0,27248.166,45681.03,0.7932282815245059
2018-09-11T05:00:00.0,2018-09-11T11:00:00.0,11,39969.836,1.0,27710.945,46899.195,0.7408981485806824
2018-09-11T06:00:00.0,2018-09-11T12:00:00.0,12,40594.87,1.0,29959.19,50146.8,0.5496933042199224
2018-09-11T07:00:00.0,2018-09-11T13:00:00.0,13,41624.71,1.0,30827.201,51044.227,0.5629896458950456
2018-09-11T08:00:00.0,2018-09-11T14:00:00.0,14,42886.52,1.0,34901.75,50255.94,0.5371382295918976
2018-09-11T09:00:00.0,2018-09-11T15:00:00.0,15,44018.98,1.0,37642.848,49108.06,0.6030040625000004
2018-09-11T10:00:00.0,2018-09-11T16:00:00.0,16,45095.926,1.0,39018.78,50142.23,0.5853390079248603
2018-09-11T11:00:00.0,2018-09-11T17:00:00.0,17,46162.26,1.0,37338.95,57491.62,0.38618894232890644
2018-09-11T12:00:00.0,2018-09-11T18:00:00.0,18,47029.184,1.0,38688.188,58835.188,0.34455476713121314
2018-09-11T13:00:00.0,2018-09-11T19:00:00.0,19,47798.06,1.0,39701.777,59195.836,0.34680671456081863
2018-09-11T14:00:00.0,2018-09-11T20:00:00.0,20,48263.215,1.0,40284.89,60400.78,0.315273341220546
2018-09-11T15:00:00.0,2018-09-11T21:00:00.0,21,47990.8,1.0,40029.234,60289.07,0.3092593307593309
2018-09-11T16:00:00.0,2018-09-11T22:00:00.0,22,47218.598,1.0,39764.91,58825.273,0.30613712732029696
2018-09-11T17:00:00.0,2018-09-11T23:00:00.0,23,47456.438,1.0,38629.816,58970.812,0.3792753497489097
2018-09-11T18:00:00.0,2018-09-12T00:00:00.0,0,46899.082,1.0,38451.03,58917.85,0.34243149078726975
2018-09-11T19:00:00.0,2018-09-12T01:00:00.0,1,44785.125,1.0,35047.465,55232.793,0.4673940165616297
2018-09-11T20:00:00.0,2018-09-12T02:00:00.0,2,41546.805,1.0,32559.883,52190.285,0.4221861765361466
2018-09-11T21:00:00.0,2018-09-12T03:00:00.0,3,38503.41,1.0,29891.049,49971.348,0.37038982604111803
2018-09-11T22:00:00.0,2018-09-12T04:00:00.0,4,36405.67,1.0,27291.49,47505.992,0.4096021515927318
2018-09-11T23:00:00.0,2018-09-12T05:00:00.0,5,35227.254,1.0,25644.447,45879.797,0.4510621582209262
2018-09-12T00:00:00.0,2018-09-12T06:00:00.0,6,34602.906,1.0,24905.35,42538.168,0.5919221762028943
2018-09-12T01:00:00.0,2018-09-12T07:00:00.0,7,34511.777,1.0,24444.248,41281.76,0.675646985112033
2018-09-12T02:00:00.0,2018-09-12T08:00:00.0,8,35333.98,1.0,23880.188,42933.348,0.6810365885394082
2018-09-12T03:00:00.0,2018-09-12T09:00:00.0,9,37898.594,1.0,25203.223,44314.516,0.777655252975104
2018-09-12T04:00:00.0,2018-09-12T10:00:00.0,10,40761.28,1.0,27597.727,45768.688,0.8517684502867677
2018-09-12T05:00:00.0,2018-09-12T11:00:00.0,11,40989.113,1.0,28451.38,47650.516,0.7617603300246475
2018-09-12T06:00:00.0,2018-09-12T12:00:00.0,12,41776.004,1.0,31443.857,48834.73,0.6692596491228072
2018-09-12T07:00:00.0,2018-09-12T13:00:00.0,13,43262.957,1.0,33021.49,50012.35,0.6837042945382037
2018-09-12T08:00:00.0,2018-09-12T14:00:00.0,14,45002.3,1.0,37840.785,48924.074,0.7517358316289511
2018-09-12T09:00:00.0,2018-09-12T15:00:00.0,15,47058.42,1.0,40120.34,48998.617,0.9047342610296718
2018-09-12T10:00:00.0,2018-09-12T16:00:00.0,16,49268.594,1.0,41981.2,51331.02,0.9031221316298227
2018-09-12T11:00:00.0,2018-09-12T17:00:00.0,17,51465.152,1.0,40037.605,55814.758,0.851643449921043
2018-09-12T12:00:00.0,2018-09-12T18:00:00.0,18,53152.543,1.0,40102.8,56920.902,0.9003862562674353
2018-09-12T13:00:00.0,2018-09-12T19:00:00.0,19,54510.613,1.0,40835.652,58562.766,0.8965941157951973
2018-09-12T14:00:00.0,2018-09-12T20:00:00.0,20,55421.31,1.0,40726.65,60363.27,0.8759696725907504
2018-09-12T15:00:00.0,2018-09-12T21:00:00.0,21,55007.547,1.0,40012.742,59144.176,0.9065507595238289
2018-09-12T16:00:00.0,2018-09-12T22:00:00.0,22,53214.34,1.0,39209.867,58179.1,0.8661408234755479
2018-09-12T17:00:00.0,2018-09-12T23:00:00.0,23,52285.656,1.0,38578.19,57064.207,0.8694043222690823
2018-09-12T18:00:00.0,2018-09-13T00:00:00.0,0,51025.473,1.0,36551.74,56000.152,0.8720270463194064
2018-09-12T19:00:00.0,2018-09-13T01:00:00.0,1,48023.324,1.0,34635.773,53329.59,0.8426720426919655
2018-09-12T20:00:00.0,2018-09-13T02:00:00.0,2,44270.938,1.0,32390.607,52422.332,0.6675009096062888
2018-09-12T21:00:00.0,2018-09-13T03:00:00.0,3,40785.066,1.0,30453.13,50814.82,0.5137695047412576
2018-09-12T22:00:00.0,2018-09-13T04:00:00.0,4,38427.215,1.0,28778.354,48720.69,0.4700290748980516
2018-09-12T23:00:00.0,2018-09-13T05:00:00.0,5,36803.062,1.0,26420.09,44768.793,0.6203755624783658
2018-09-13T00:00:00.0,2018-09-13T06:00:00.0,6,35900.78,1.0,28470.824,47752.0,0.29688043758793786
2018-09-13T01:00:00.0,2018-09-13T07:00:00.0,7,35577.555,1.0,26926.074,45528.895,0.4354407001585005
2018-09-13T02:00:00.0,2018-09-13T08:00:00.0,8,36274.95,1.0,26834.646,46274.293,0.4733323804078517
2018-09-13T03:00:00.0,2018-09-13T09:00:00.0,9,38623.05,1.0,26813.082,47025.348,0.6525378450578809
2018-09-13T04:00:00.0,2018-09-13T10:00:00.0,10,41404.453,1.0,28328.049,47694.848,0.7924764537264539
2018-09-13T05:00:00.0,2018-09-13T11:00:00.0,11,41533.418,1.0,30079.584,49594.09,0.6570673283850849
2018-09-13T06:00:00.0,2018-09-13T12:00:00.0,12,42696.715,1.0,32646.816,51115.316,0.5813995285798468
2018-09-13T07:00:00.0,2018-09-13T13:00:00.0,13,44790.98,1.0,34453.332,53768.445,0.5650595909698587
2018-09-13T08:00:00.0,2018-09-13T14:00:00.0,14,47124.19,1.0,37769.434,55393.13,0.5569811399482604
2018-09-13T09:00:00.0,2018-09-13T15:00:00.0,15,49302.22,1.0,40986.246,56142.184,0.589615844901867
2018-09-13T10:00:00.0,2018-09-13T16:00:00.0,16,51618.61,1.0,44311.133,57069.945,0.6324737520217115
2018-09-13T11:00:00.0,2018-09-13T17:00:00.0,17,53719.027,1.0,44617.51,60997.49,0.6021446539504772
2018-09-13T12:00:00.0,2018-09-13T18:00:00.0,18,54885.816,1.0,44823.293,65111.812,0.49252314391305946
2018-09-13T13:00:00.0,2018-09-13T19:00:00.0,19,55568.207,1.0,47291.227,66785.67,0.36284122612650593
2018-09-13T14:00:00.0,2018-09-13T20:00:00.0,20,56012.027,1.0,47347.707,67128.69,0.38652596468515144
2018-09-13T15:00:00.0,2018-09-13T21:00:00.0,21,55381.934,1.0,47409.188,66937.79,0.3347631818773599
2018-09-13T16:00:00.0,2018-09-13T22:00:00.0,22,53764.027,1.0,46409.94,66121.81,0.27743636793195786
2018-09-13T17:00:00.0,2018-09-13T23:00:00.0,23,52836.137,1.0,44792.31,64549.94,0.3328393600137263
2018-09-13T18:00:00.0,2018-09-14T00:00:00.0,0,51664.418,1.0,43749.43,63204.594,0.3323431374257285
2018-09-13T19:00:00.0,2018-09-14T01:00:00.0,1,48763.11,1.0,40540.586,60000.055,0.3592888042297903
2018-09-13T20:00:00.0,2018-09-14T02:00:00.0,2,45097.895,1.0,38247.453,57491.746,0.2514046731873928
2018-09-13T21:00:00.0,2018-09-14T03:00:00.0,3,41641.062,1.0,35640.41,54928.74,0.1897371453586811
2018-09-13T22:00:00.0,2018-09-14T04:00:00.0,4,39168.88,1.0,32678.967,51957.72,0.22363095539649552
2018-09-13T23:00:00.0,2018-09-14T05:00:00.0,5,37462.61,1.0,29657.379,49291.688,0.31678114478114483
2018-09-14T00:00:00.0,2018-09-14T06:00:00.0,6,36251.785,1.0,27850.258,47006.773,0.387522025307055
2018-09-14T01:00:00.0,2018-09-14T07:00:00.0,7,35852.426,1.0,27684.744,46513.535,0.37901842100331673
2018-09-14T02:00:00.0,2018-09-14T08:00:00.0,8,36350.53,1.0,27629.932,46897.797,0.41272832533182713
2018-09-14T03:00:00.0,2018-09-14T09:00:00.0,9,38547.402,1.0,28042.582,47231.848,0.5873264144879866
2018-09-14T04:00:00.0,2018-09-14T10:00:00.0,10,41221.69,1.0,28981.484,48129.25,0.7414582195521575
2018-09-14T05:00:00.0,2018-09-14T11:00:00.0,11,41487.465,1.0,30399.064,49891.152,0.6256632122007512
2018-09-14T06:00:00.0,2018-09-14T12:00:00.0,12,42626.246,1.0,32565.668,52193.28,0.5233218189025424
2018-09-14T07:00:00.0,2018-09-14T13:00:00.0,13,44438.754,1.0,34399.547,53782.336,0.533266622150148
2018-09-14T08:00:00.0,2018-09-14T14:00:00.0,14,46291.574,1.0,36643.7,55450.15,0.5241297109872142
2018-09-14T09:00:00.0,2018-09-14T15:00:00.0,15,47756.926,1.0,39207.016,57770.72,0.42722746022392427
2018-09-14T10:00:00.0,2018-09-14T16:00:00.0,16,49137.11,1.0,42810.88,63209.277,0.1885338073525742
2018-09-14T11:00:00.0,2018-09-14T17:00:00.0,17,50252.75,1.0,43503.9,63502.2,0.22479696918955125
2018-09-14T12:00:00.0,2018-09-14T18:00:00.0,18,51099.97,1.0,45585.855,65445.176,0.15046382085686846
2018-09-14T13:00:00.0,2018-09-14T19:00:00.0,19,51490.2,1.0,46596.47,66121.09,0.12304738413859716
2018-09-14T14:00:00.0,2018-09-14T20:00:00.0,20,51146.145,1.0,45957.93,65698.56,0.13496183713768287
2018-09-14T15:00:00.0,2018-09-14T21:00:00.0,21,49896.676,1.0,45627.84,65487.402,0.09245081279579599
2018-09-14T16:00:00.0,2018-09-14T22:00:00.0,22,48166.16,1.0,43646.45,63302.723,0.1045494005342925
2018-09-14T17:00:00.0,2018-09-14T23:00:00.0,23,47722.11,1.0,42898.074,62382.973,0.12011203380669248
2018-09-14T18:00:00.0,2018-09-15T00:00:00.0,0,46731.125,1.0,40669.4,60217.582,0.18848149912656825
2018-09-14T19:00:00.0,2018-09-15T01:00:00.0,1,44885.77,1.0,38876.3,58761.2,0.17874266554903576
2018-09-14T20:00:00.0,2018-09-15T02:00:00.0,2,42470.035,1.0,35991.562,55765.637,0.2112885818381799
2018-09-14T21:00:00.0,2018-09-15T03:00:00.0,3,39940.254,1.0,33833.637,53375.746,0.19150129297331378
2018-09-14T22:00:00.0,2018-09-15T04:00:00.0,4,37883.184,1.0,30851.877,50543.37,0.2530488415494562
2018-09-14T23:00:00.0,2018-09-15T05:00:00.0,5,36339.87,1.0,28519.299,48071.984,0.32083123511981276
2018-09-15T00:00:00.0,2018-09-15T06:00:00.0,6,35324.344,1.0,27533.064,46317.855,0.34585512747978714
2018-09-15T01:00:00.0,2018-09-15T07:00:00.0,7,34759.656,1.0,28205.404,44757.715,0.314205665332042
2018-09-15T02:00:00.0,2018-09-15T08:00:00.0,8,34748.234,1.0,26903.314,45519.32,0.35731615184220283
2018-09-15T03:00:00.0,2018-09-15T09:00:00.0,9,35481.598,1.0,26540.52,46106.562,0.42065992023556553
2018-09-15T04:00:00.0,2018-09-15T10:00:00.0,10,36420.504,1.0,27077.807,46604.02,0.46010283603996055
2018-09-15T05:00:00.0,2018-09-15T11:00:00.0,11,37477.79,1.0,29418.105,48616.668,0.3545436830139658
2018-09-15T06:00:00.0,2018-09-15T12:00:00.0,12,40114.992,1.0,31000.357,50381.574,0.4450182128628343
2018-09-15T07:00:00.0,2018-09-15T13:00:00.0,13,43219.58,1.0,32913.61,52854.914,0.5311787340175983
2018-09-15T08:00:00.0,2018-09-15T14:00:00.0,14,46392.355,1.0,37900.03,52046.4,0.6796585071376158
2018-09-15T09:00:00.0,2018-09-15T15:00:00.0,15,49333.0,1.0,40132.996,53296.332,0.8226054477543956
2018-09-15T10:00:00.0,2018-09-15T16:00:00.0,16,51798.938,1.0,41725.258,55358.21,0.8667956590984853
2018-09-15T11:00:00.0,2018-09-15T17:00:00.0,17,53674.406,1.0,44523.1,57757.11,0.8134938447680533
2018-09-15T12:00:00.0,2018-09-15T18:00:00.0,18,54823.844,1.0,43601.207,62745.742,0.65580955365537
2018-09-15T13:00:00.0,2018-09-15T19:00:00.0,19,55310.78,1.0,44665.035,63766.277,0.6051610785463071
2018-09-15T14:00:00.0,2018-09-15T20:00:00.0,20,54682.484,1.0,44677.125,63340.348,0.5666895631353768
2018-09-15T15:00:00.0,2018-09-15T21:00:00.0,21,52712.2,1.0,43454.453,63217.21,0.4416391612555115
2018-09-15T16:00:00.0,2018-09-15T22:00:00.0,22,50469.043,1.0,43368.402,63177.258,0.2551171191553542
2018-09-15T17:00:00.0,2018-09-15T23:00:00.0,23,49557.938,1.0,43377.508,62770.824,0.1994582153911275
2018-09-15T18:00:00.0,2018-09-16T00:00:00.0,0,47817.734,1.0,39880.14,59796.836,0.3184495635144553
2018-09-15T19:00:00.0,2018-09-16T01:00:00.0,1,45567.17,1.0,38978.17,58320.992,0.22922241297228682
2018-09-15T20:00:00.0,2018-09-16T02:00:00.0,2,42866.098,1.0,34662.05,53249.668,0.3925179024065845
2018-09-15T21:00:00.0,2018-09-16T03:00:00.0,3,40415.26,1.0,31719.582,51205.668,0.4012664834402156
2018-09-15T22:00:00.0,2018-09-16T04:00:00.0,4,38263.41,1.0,29465.65,47957.82,0.4550980881047609
2018-09-15T23:00:00.0,2018-09-16T05:00:00.0,5,36687.645,1.0,28031.459,47122.11,0.4142287885985743
2018-09-16T00:00:00.0,2018-09-16T06:00:00.0,6,35478.555,1.0,25935.084,45808.7,0.46331726877738794
2018-09-16T01:00:00.0,2018-09-16T07:00:00.0,7,34768.49,1.0,25493.299,45210.793,0.4452430769230766
2018-09-16T02:00:00.0,2018-09-16T08:00:00.0,8,34412.926,1.0,25924.625,44809.29,0.4070917719403781
2018-09-16T03:00:00.0,2018-09-16T09:00:00.0,9,34558.74,1.0,26798.193,44827.35,0.37312106148968643
2018-09-16T04:00:00.0,2018-09-16T10:00:00.0,10,34906.54,1.0,27821.027,46239.098,0.2958478232448687
2018-09-16T05:00:00.0,2018-09-16T11:00:00.0,11,35759.645,1.0,29081.115,48196.93,0.2417214337630542
2018-09-16T06:00:00.0,2018-09-16T12:00:00.0,12,38602.785,1.0,32241.457,50844.312,0.23107798834939539
2018-09-16T07:00:00.0,2018-09-16T13:00:00.0,13,42334.645,1.0,33292.914,53639.28,0.3979257393922848
2018-09-16T08:00:00.0,2018-09-16T14:00:00.0,14,46125.41,1.0,35789.312,54292.066,0.6074759161543304
2018-09-16T09:00:00.0,2018-09-16T15:00:00.0,15,49884.426,1.0,39277.797,56082.29,0.7291721939953808
2018-09-16T10:00:00.0,2018-09-16T16:00:00.0,16,53101.547,1.0,42299.676,59071.87,0.7486057718001248
2018-09-16T11:00:00.0,2018-09-16T17:00:00.0,17,55398.074,1.0,43300.207,61501.28,0.7782026830203146
2018-09-16T12:00:00.0,2018-09-16T18:00:00.0,18,56727.13,1.0,42785.945,63224.418,0.8015596681477016
2018-09-16T13:00:00.0,2018-09-16T19:00:00.0,19,57598.64,1.0,44693.824,63430.836,0.8100600433425456
2018-09-16T14:00:00.0,2018-09-16T20:00:00.0,20,57888.58,1.0,45830.715,62160.676,0.8662582017649642
2018-09-16T15:00:00.0,2018-09-16T21:00:00.0,21,57057.34,1.0,45431.484,61326.605,0.8591712132328415
2018-09-16T16:00:00.0,2018-09-16T22:00:00.0,22,55251.17,1.0,43610.44,61449.97,0.761028521970492
2018-09-16T17:00:00.0,2018-09-16T23:00:00.0,23,54117.76,1.0,42195.12,59109.78,0.8297509446803685
2018-09-16T18:00:00.0,2018-09-17T00:00:00.0,0,52310.58,1.0,40523.31,57252.293,0.8294289175453564
2018-09-16T19:00:00.0,2018-09-17T01:00:00.0,1,49142.74,1.0,38643.652,55411.066,0.7213823306112623
2018-09-16T20:00:00.0,2018-09-17T02:00:00.0,2,45444.74,1.0,36165.363,53124.39,0.5868409625668445
2018-09-16T21:00:00.0,2018-09-17T03:00:00.0,3,41845.832,1.0,32232.543,49490.62,0.6046212294214124
2018-09-16T22:00:00.0,2018-09-17T04:00:00.0,4,39190.195,1.0,29385.654,49343.742,0.48377623092507593
2018-09-16T23:00:00.0,2018-09-17T05:00:00.0,5,37441.285,1.0,26704.922,45639.223,0.622426809041949
2018-09-17T00:00:00.0,2018-09-17T06:00:00.0,6,36443.79,1.0,26015.615,45931.28,0.5437449298983202
2018-09-17T01:00:00.0,2018-09-17T07:00:00.0,7,36024.688,1.0,25951.791,46089.26,0.5003838568163387
2018-09-17T02:00:00.0,2018-09-17T08:00:00.0,8,36725.63,1.0,26268.605,45546.656,0.5782475884244369
2018-09-17T03:00:00.0,2018-09-17T09:00:00.0,9,39120.953,1.0,27705.727,46533.96,0.689520101825843
2018-09-17T04:00:00.0,2018-09-17T10:00:00.0,10,41760.75,1.0,29075.215,47420.12,0.8134970961322376
2018-09-17T05:00:00.0,2018-09-17T11:00:00.0,11,42044.66,1.0,30213.56,50498.785,0.6507208349178186
2018-09-17T06:00:00.0,2018-09-17T12:00:00.0,12,44019.684,1.0,32245.629,52740.785,0.635517291398244
2018-09-17T07:00:00.0,2018-09-17T13:00:00.0,13,47268.95,1.0,35498.33,55527.14,0.6583442025264453
2018-09-17T08:00:00.0,2018-09-17T14:00:00.0,14,50902.426,1.0,38599.273,56450.973,0.8106222784880565
2018-09-17T09:00:00.0,2018-09-17T15:00:00.0,15,54598.293,1.0,43487.8,59162.312,0.8343271795022911
2018-09-17T10:00:00.0,2018-09-17T16:00:00.0,16,57807.277,1.0,47770.156,63654.773,0.7302520218348572
2018-09-17T11:00:00.0,2018-09-17T17:00:00.0,17,60584.105,1.0,46719.797,66364.37,0.8307850110213081
2018-09-17T12:00:00.0,2018-09-17T18:00:00.0,18,62383.77,1.0,46699.76,66530.05,0.9119853204047832
2018-09-17T13:00:00.0,2018-09-17T19:00:00.0,19,63150.637,1.0,47609.13,67361.484,0.9089394572357299
2018-09-17T14:00:00.0,2018-09-17T20:00:00.0,20,63284.98,1.0,49485.977,65248.125,0.9596388079267019
2018-09-17T15:00:00.0,2018-09-17T21:00:00.0,21,62665.453,0.0,47411.98,62310.82,1.0
2018-09-17T16:00:00.0,2018-09-17T22:00:00.0,22,60530.223,1.0,43868.75,62247.03,0.9706315045273706
2018-09-17T17:00:00.0,2018-09-17T23:00:00.0,23,58903.715,1.0,43044.324,60755.805,0.9668504343998658
2018-09-17T18:00:00.0,2018-09-18T00:00:00.0,0,56609.562,1.0,41924.34,58336.426,0.9666183673825128
2018-09-17T19:00:00.0,2018-09-18T01:00:00.0,1,52685.266,1.0,39025.266,56978.97,0.887498567018292
2018-09-17T20:00:00.0,2018-09-18T02:00:00.0,2,48404.97,1.0,36561.797,55137.77,0.7389023789991799
2018-09-17T21:00:00.0,2018-09-18T03:00:00.0,3,44616.03,1.0,32387.668,51001.887,0.767336446444755
2018-09-17T22:00:00.0,2018-09-18T04:00:00.0,4,41750.457,1.0,31374.53,51656.004,0.5215131753208204
2018-09-17T23:00:00.0,2018-09-18T05:00:00.0,5,39850.52,1.0,28146.57,47781.387,0.6725641965938065
2018-09-18T00:00:00.0,2018-09-18T06:00:00.0,6,38609.004,1.0,28345.064,48517.58,0.51634369253402
2018-09-18T01:00:00.0,2018-09-18T07:00:00.0,7,38038.168,1.0,27314.342,47561.887,0.5548307077677397
2018-09-18T02:00:00.0,2018-09-18T08:00:00.0,8,38520.973,1.0,27578.969,47786.117,0.576534033492132
2018-09-18T03:00:00.0,2018-09-18T09:00:00.0,9,40706.3,1.0,28900.291,48950.133,0.6603096653112294
2018-09-18T04:00:00.0,2018-09-18T10:00:00.0,10,43239.414,1.0,30108.094,50292.65,0.7581830697108243
2018-09-18T05:00:00.0,2018-09-18T11:00:00.0,11,43351.234,1.0,31776.5,52137.92,0.6249525195813403
2018-09-18T06:00:00.0,2018-09-18T12:00:00.0,12,45247.33,1.0,33995.965,54255.062,0.6016513096227649
2018-09-18T07:00:00.0,2018-09-18T13:00:00.0,13,48651.13,1.0,36977.656,57248.605,0.6379519122100191
2018-09-18T08:00:00.0,2018-09-18T14:00:00.0,14,52516.73,1.0,39363.465,59621.47,0.7563177729327003
2018-09-18T09:00:00.0,2018-09-18T15:00:00.0,15,56120.824,1.0,42987.016,63172.688,0.7583108969714534
2018-09-18T10:00:00.0,2018-09-18T16:00:00.0,16,59534.81,1.0,49606.598,67755.31,0.5866294549161483
2018-09-18T11:00:00.0,2018-09-18T17:00:00.0,17,62385.7,1.0,48880.75,69129.336,0.7813468626016202
2018-09-18T12:00:00.0,2018-09-18T18:00:00.0,18,63890.03,1.0,49495.15,69653.22,0.8404015660139776
2018-09-18T13:00:00.0,2018-09-18T19:00:00.0,19,64481.156,1.0,50681.74,70872.54,0.8032856888753369
2018-09-18T14:00:00.0,2018-09-18T20:00:00.0,20,64536.355,1.0,51823.375,69289.58,0.8554089833080427
2018-09-18T15:00:00.0,2018-09-18T21:00:00.0,21,63954.465,1.0,50164.6,68762.16,0.8693876387410673
2018-09-18T16:00:00.0,2018-09-18T22:00:00.0,22,61792.87,1.0,47341.72,66499.625,0.881605835288796
2018-09-18T17:00:00.0,2018-09-18T23:00:00.0,23,60230.14,1.0,46980.98,67183.78,0.7657229998443181
2018-09-18T18:00:00.0,2018-09-19T00:00:00.0,0,57865.047,1.0,43968.82,64257.086,0.8051948413200152
2018-09-18T19:00:00.0,2018-09-19T01:00:00.0,1,54004.934,1.0,41113.703,60297.17,0.7881967050487156
2018-09-18T20:00:00.0,2018-09-19T02:00:00.0,2,49455.906,1.0,37785.86,58143.082,0.6333895451226325
2018-09-18T21:00:00.0,2018-09-19T03:00:00.0,3,45543.676,1.0,36047.773,56142.453,0.4492027739149528
2018-09-18T22:00:00.0,2018-09-19T04:00:00.0,4,42607.613,1.0,32718.309,52942.684,0.479553298283537
2018-09-18T23:00:00.0,2018-09-19T05:00:00.0,5,40452.504,1.0,29898.057,50035.6,0.5446691455942558
2018-09-19T00:00:00.0,2018-09-19T06:00:00.0,6,39000.098,1.0,28567.51,48703.516,0.5335657092485122
2018-09-19T01:00:00.0,2018-09-19T07:00:00.0,7,38338.273,1.0,27857.342,48055.977,0.5350206880137679
2018-09-19T02:00:00.0,2018-09-19T08:00:00.0,8,38666.348,1.0,28066.125,48232.52,0.5474726329940465
2018-09-19T03:00:00.0,2018-09-19T09:00:00.0,9,40768.125,1.0,29326.27,49335.715,0.6308705493698766
2018-09-19T04:00:00.0,2018-09-19T10:00:00.0,10,43202.34,1.0,30454.277,50801.105,0.7219692068239385
2018-09-19T05:00:00.0,2018-09-19T11:00:00.0,11,43320.348,1.0,32327.857,52652.4,0.5753606157379167
2018-09-19T06:00:00.0,2018-09-19T12:00:00.0,12,45560.05,1.0,35071.83,55244.184,0.5369386445711358
2018-09-19T07:00:00.0,2018-09-19T13:00:00.0,13,49091.28,1.0,37607.703,57841.875,0.6233117103920902
2018-09-19T08:00:00.0,2018-09-19T14:00:00.0,14,52946.625,1.0,40021.227,60258.926,0.7406058391466431
2018-09-19T09:00:00.0,2018-09-19T15:00:00.0,15,56494.152,1.0,44037.25,64409.58,0.6979675225981925
2018-09-19T10:00:00.0,2018-09-19T16:00:00.0,16,59856.934,1.0,49827.227,69504.65,0.5180096144782731
2018-09-19T11:00:00.0,2018-09-19T17:00:00.0,17,62513.895,1.0,50251.34,70483.67,0.6891974350596305
2018-09-19T12:00:00.0,2018-09-19T18:00:00.0,18,64173.33,1.0,50868.86,71157.69,0.7656450078569265
2018-09-19T13:00:00.0,2018-09-19T19:00:00.0,19,64635.684,1.0,52200.887,72355.15,0.7068577117597865
2018-09-19T14:00:00.0,2018-09-19T20:00:00.0,20,64518.145,1.0,51791.9,72046.664,0.7247180324350835
2018-09-19T15:00:00.0,2018-09-19T21:00:00.0,21,63779.78,1.0,50974.715,71197.33,0.732276745009683
2018-09-19T16:00:00.0,2018-09-19T22:00:00.0,22,61228.78,1.0,49170.89,69423.516,0.671379623964414
2018-09-19T17:00:00.0,2018-09-19T23:00:00.0,23,59665.05,1.0,47788.145,67938.14,0.6613126130293985
2018-09-19T18:00:00.0,2018-09-20T00:00:00.0,0,57371.402,1.0,45204.54,65359.44,0.6851987306168974
2018-09-19T19:00:00.0,2018-09-20T01:00:00.0,1,53886.156,1.0,42225.562,62413.0,0.6409926984753456
2018-09-19T20:00:00.0,2018-09-20T02:00:00.0,2,49644.41,1.0,39227.05,59360.547,0.5322866693604674
2018-09-19T21:00:00.0,2018-09-20T03:00:00.0,3,45592.98,1.0,35671.08,55884.574,0.48303204375275316
2018-09-19T22:00:00.0,2018-09-20T04:00:00.0,4,42629.7,1.0,33233.94,53401.36,0.43695227716478197
2018-09-19T23:00:00.0,2018-09-20T05:00:00.0,5,40752.434,1.0,30395.336,50488.293,0.5286690514825194
2018-09-20T00:00:00.0,2018-09-20T06:00:00.0,6,39513.793,1.0,29237.031,49491.742,0.5136879023470052
2018-09-20T01:00:00.0,2018-09-20T07:00:00.0,7,38943.258,1.0,28692.424,48846.39,0.5160060739922695
2018-09-20T02:00:00.0,2018-09-20T08:00:00.0,8,39459.188,1.0,29005.695,49123.28,0.5363639538624146
2018-09-20T03:00:00.0,2018-09-20T09:00:00.0,9,41665.45,1.0,30385.057,50513.42,0.6106918183424628
2018-09-20T04:00:00.0,2018-09-20T10:00:00.0,10,44159.598,1.0,31248.748,51554.62,0.7362586208190434
2018-09-20T05:00:00.0,2018-09-20T11:00:00.0,11,44193.863,1.0,33144.832,53424.36,0.5826190667847269
2018-09-20T06:00:00.0,2018-09-20T12:00:00.0,12,46014.94,1.0,35915.023,56236.98,0.49442317527580926
2018-09-20T07:00:00.0,2018-09-20T13:00:00.0,13,48850.766,1.0,38283.66,58460.734,0.5439326161074199
2018-09-20T08:00:00.0,2018-09-20T14:00:00.0,14,52033.465,1.0,40322.043,60661.8,0.6378075643329406
2018-09-20T09:00:00.0,2018-09-20T15:00:00.0,15,54419.72,1.0,45645.375,65098.266,0.409931681452024
2018-09-20T10:00:00.0,2018-09-20T16:00:00.0,16,56266.906,1.0,48966.44,68647.73,0.27410726820996195
2018-09-20T11:00:00.0,2018-09-20T17:00:00.0,17,57575.375,1.0,50363.96,70091.29,0.2658335972562318
2018-09-20T12:00:00.0,2018-09-20T18:00:00.0,18,58127.97,1.0,51136.836,70606.81,0.25603538763734596
2018-09-20T13:00:00.0,2018-09-20T19:00:00.0,19,58794.676,1.0,50995.086,71096.76,0.3011666612620789
2018-09-20T14:00:00.0,2018-09-20T20:00:00.0,20,58184.55,1.0,50551.0,70769.01,0.28447265625
2018-09-20T15:00:00.0,2018-09-20T21:00:00.0,21,55848.72,1.0,49302.92,69476.625,0.20708568658026832
2018-09-20T16:00:00.0,2018-09-20T22:00:00.0,22,53428.16,1.0,48278.61,68490.49,0.12700592590487308
2018-09-20T17:00:00.0,2018-09-20T23:00:00.0,23,52571.906,1.0,46343.375,66608.234,0.18508474576271197
2018-09-20T18:00:00.0,2018-09-21T00:00:00.0,0,51154.715,1.0,44004.668,64274.17,0.2466603893386435
2018-09-20T19:00:00.0,2018-09-21T01:00:00.0,1,48569.246,1.0,41061.098,61191.54,0.27727474629075516
2018-09-20T20:00:00.0,2018-09-21T02:00:00.0,2,45307.246,1.0,38732.88,58685.04,0.2138469294600156
2018-09-20T21:00:00.0,2018-09-21T03:00:00.0,3,42244.973,1.0,35036.055,55374.242,0.24915167945463573
2018-09-20T22:00:00.0,2018-09-21T04:00:00.0,4,40063.082,1.0,32410.611,52521.254,0.28914218843266015
2018-09-20T23:00:00.0,2018-09-21T05:00:00.0,5,38856.1,1.0,29556.227,49600.68,0.43342546484535593
2018-09-21T00:00:00.0,2018-09-21T06:00:00.0,6,38140.637,1.0,29354.633,48483.035,0.42494100154406345
2018-09-21T01:00:00.0,2018-09-21T07:00:00.0,7,38069.613,1.0,28752.838,48768.734,0.436184293596113
2018-09-21T02:00:00.0,2018-09-21T08:00:00.0,8,38946.67,1.0,29214.89,48943.83,0.4875190373225533
2018-09-21T03:00:00.0,2018-09-21T09:00:00.0,9,41423.35,1.0,31344.193,50309.97,0.5581459078527738
2018-09-21T04:00:00.0,2018-09-21T10:00:00.0,10,44265.082,1.0,30489.965,50407.29,0.8136373498257451
2018-09-21T05:00:00.0,2018-09-21T11:00:00.0,11,44667.004,1.0,33181.703,52865.074,0.651175999303318
2018-09-21T06:00:00.0,2018-09-21T12:00:00.0,12,46005.24,1.0,35545.305,55372.6,0.5510001668953749
2018-09-21T07:00:00.0,2018-09-21T13:00:00.0,13,48265.78,1.0,35627.594,55406.594,0.7410401969818273
2018-09-21T08:00:00.0,2018-09-21T14:00:00.0,14,50515.203,1.0,41209.133,58333.164,0.580105497299015
2018-09-21T09:00:00.0,2018-09-21T15:00:00.0,15,52395.76,1.0,46035.7,61668.953,0.33233763417543144
2018-09-21T10:00:00.0,2018-09-21T16:00:00.0,16,54236.45,1.0,48407.027,63631.258,0.2929581712164827
2018-09-21T11:00:00.0,2018-09-21T17:00:00.0,17,55622.88,1.0,47602.797,65392.645,0.40951244234960166
2018-09-21T12:00:00.0,2018-09-21T18:00:00.0,18,55910.863,1.0,50232.484,65624.64,0.27097050073117845
2018-09-21T13:00:00.0,2018-09-21T19:00:00.0,19,55148.67,1.0,47522.49,66041.33,0.34078335724533687
2018-09-21T14:00:00.0,2018-09-21T20:00:00.0,20,54133.38,1.0,44935.945,61120.184,0.6246560708134385
2018-09-21T15:00:00.0,2018-09-21T21:00:00.0,21,52550.324,1.0,41976.016,59107.637,0.7072724035830742
2018-09-21T16:00:00.0,2018-09-21T22:00:00.0,22,50967.113,1.0,41878.13,59518.03,0.5282840280184405
2018-09-21T17:00:00.0,2018-09-21T23:00:00.0,23,50235.48,1.0,41572.953,59962.547,0.4464410676796962
2018-09-21T18:00:00.0,2018-09-22T00:00:00.0,0,48795.027,1.0,37801.69,56707.41,0.6476883680873676
2018-09-21T19:00:00.0,2018-09-22T01:00:00.0,1,46875.254,1.0,35848.387,54756.555,0.6506229092062916
2018-09-21T20:00:00.0,2018-09-22T02:00:00.0,2,44373.47,1.0,33231.633,52140.53,0.6609956345186769
2018-09-21T21:00:00.0,2018-09-22T03:00:00.0,3,41924.41,1.0,30809.072,49742.844,0.6572811226799459
2018-09-21T22:00:00.0,2018-09-22T04:00:00.0,4,39987.65,1.0,29521.55,48040.76,0.6190957630699498
2018-09-21T23:00:00.0,2018-09-22T05:00:00.0,5,38541.723,1.0,27660.168,46220.984,0.6559107659059633
2018-09-22T00:00:00.0,2018-09-22T06:00:00.0,6,37624.73,1.0,28608.729,47378.66,0.46356659475752854
2018-09-22T01:00:00.0,2018-09-22T07:00:00.0,7,37029.0,1.0,28117.219,46439.38,0.4747632190880598
2018-09-22T02:00:00.0,2018-09-22T08:00:00.0,8,36844.99,1.0,27606.047,46689.613,0.4705717336439526
2018-09-22T03:00:00.0,2018-09-22T09:00:00.0,9,37200.883,1.0,27919.32,47922.223,0.4335141865724254
2018-09-22T04:00:00.0,2018-09-22T10:00:00.0,10,37899.137,1.0,29394.025,48845.37,0.385170566237851
2018-09-22T05:00:00.0,2018-09-22T11:00:00.0,11,38665.406,1.0,30632.807,50034.848,0.34455674730090297
2018-09-22T06:00:00.0,2018-09-22T12:00:00.0,12,40140.367,1.0,31716.34,51146.54,0.37860602153661743
2018-09-22T07:00:00.0,2018-09-22T13:00:00.0,13,41698.543,1.0,34119.184,53285.934,0.31333152258264757
2018-09-22T08:00:00.0,2018-09-22T14:00:00.0,14,43235.895,1.0,34551.51,53488.344,0.4236286261710133
2018-09-22T09:00:00.0,2018-09-22T15:00:00.0,15,44599.934,1.0,37406.24,54808.246,0.34348555892667165
2018-09-22T10:00:00.0,2018-09-22T16:00:00.0,16,45801.55,1.0,38578.83,57081.707,0.304995728264795
2018-09-22T11:00:00.0,2018-09-22T17:00:00.0,17,46145.094,1.0,38650.184,58412.016,0.28715760952099273
2018-09-22T12:00:00.0,2018-09-22T18:00:00.0,18,45720.996,1.0,40432.4,60177.785,0.14003377253739682
2018-09-22T13:00:00.0,2018-09-22T19:00:00.0,19,44774.92,1.0,41490.7,61401.29,0.059542731883212054
2018-09-22T14:00:00.0,2018-09-22T20:00:00.0,20,43847.785,1.0,36685.727,56914.61,0.2485647461989489
2018-09-22T15:00:00.0,2018-09-22T21:00:00.0,21,42923.695,1.0,36688.863,53490.234,0.27434977039849967
2018-09-22T16:00:00.0,2018-09-22T22:00:00.0,22,42194.043,1.0,36161.883,53488.445,0.23992879302947254
2018-09-22T17:00:00.0,2018-09-22T23:00:00.0,23,42456.652,1.0,36223.77,54735.75,0.22371320896928593
2018-09-22T18:00:00.0,2018-09-23T00:00:00.0,0,41591.895,1.0,33717.016,50373.227,0.44962793315820776
2018-09-22T19:00:00.0,2018-09-23T01:00:00.0,1,40227.066,1.0,32746.025,50428.508,0.36020897411806574
2018-09-22T20:00:00.0,2018-09-23T02:00:00.0,2,38456.965,1.0,30387.076,49093.54,0.37480005658775795
2018-09-22T21:00:00.0,2018-09-23T03:00:00.0,3,36394.098,1.0,31537.383,48988.918,0.15117171819821634
2018-09-22T22:00:00.0,2018-09-23T04:00:00.0,4,34548.145,1.0,27027.117,43694.066,0.4102903471542059
2018-09-22T23:00:00.0,2018-09-23T05:00:00.0,5,33059.832,1.0,25036.451,44093.883,0.3566291297432406
2018-09-23T00:00:00.0,2018-09-23T06:00:00.0,6,31954.834,1.0,23073.797,40861.617,0.49865685190208886
2018-09-23T01:00:00.0,2018-09-23T07:00:00.0,7,31257.812,1.0,23953.156,39837.33,0.42594896752792116
2018-09-23T02:00:00.0,2018-09-23T08:00:00.0,8,30993.484,1.0,24646.23,40939.934,0.30368532650550606
2018-09-23T03:00:00.0,2018-09-23T09:00:00.0,9,31234.447,1.0,25842.309,41346.242,0.23942331277029327
2018-09-23T04:00:00.0,2018-09-23T10:00:00.0,10,31827.773,1.0,26429.271,43026.484,0.20813484541993865
2018-09-23T05:00:00.0,2018-09-23T11:00:00.0,11,32577.13,1.0,28953.68,44799.074,0.10348222147511331
2018-09-23T06:00:00.0,2018-09-23T12:00:00.0,12,34478.51,1.0,30005.166,45857.312,0.15548823549977286
2018-09-23T07:00:00.0,2018-09-23T13:00:00.0,13,36759.277,1.0,30562.803,50031.11,0.1989407385446519
2018-09-23T08:00:00.0,2018-09-23T14:00:00.0,14,38688.04,1.0,32327.72,50653.43,0.23839292261844405
2018-09-23T09:00:00.0,2018-09-23T15:00:00.0,15,40398.9,1.0,33153.484,51115.793,0.32651375034958535
2018-09-23T10:00:00.0,2018-09-23T16:00:00.0,16,41886.906,1.0,35435.77,54871.902,0.21712023722934046
2018-09-23T11:00:00.0,2018-09-23T17:00:00.0,17,43240.684,1.0,36356.207,56262.684,0.23663487503590921
2018-09-23T12:00:00.0,2018-09-23T18:00:00.0,18,44241.887,1.0,38074.836,58405.027,0.18010304303741834
2018-09-23T13:00:00.0,2018-09-23T19:00:00.0,19,44935.645,1.0,39469.395,59104.387,0.15127809829180427
2018-09-23T14:00:00.0,2018-09-23T20:00:00.0,20,45215.125,1.0,37643.152,56087.008,0.3386305448597185
2018-09-23T15:00:00.0,2018-09-23T21:00:00.0,21,44791.156,1.0,38140.305,55121.105,0.3071343570057582
2018-09-23T16:00:00.0,2018-09-23T22:00:00.0,22,44293.484,1.0,37707.605,55898.113,0.2604937589008964
2018-09-23T17:00:00.0,2018-09-23T23:00:00.0,23,44754.582,1.0,35908.383,53970.49,0.4810113063391497
2018-09-23T18:00:00.0,2018-09-24T00:00:00.0,0,43887.703,1.0,35271.906,54703.473,0.39613664229808343
2018-09-23T19:00:00.0,2018-09-24T01:00:00.0,1,41777.27,1.0,32093.99,51776.797,0.48509315189837626
2018-09-23T20:00:00.0,2018-09-24T02:00:00.0,2,38982.22,1.0,29726.188,46719.2,0.5823643311558006
2018-09-23T21:00:00.0,2018-09-24T03:00:00.0,3,36138.55,1.0,28703.783,48010.094,0.29647543028186596
2018-09-23T22:00:00.0,2018-09-24T04:00:00.0,4,34206.89,1.0,26831.87,47232.664,0.25967158014982095
2018-09-23T23:00:00.0,2018-09-24T05:00:00.0,5,32996.863,1.0,26531.908,46591.01,0.20420892748886366
2018-09-24T00:00:00.0,2018-09-24T06:00:00.0,6,32467.377,1.0,22277.604,40534.156,0.606613384358748
2018-09-24T01:00:00.0,2018-09-24T07:00:00.0,7,32471.01,1.0,22611.396,38374.133,0.7203597632436796
2018-09-24T02:00:00.0,2018-09-24T08:00:00.0,8,33381.47,1.0,21588.684,40471.85,0.7188049015097653
2018-09-24T03:00:00.0,2018-09-24T09:00:00.0,9,35865.17,1.0,24406.75,41210.176,0.8013093956811465
2018-09-24T04:00:00.0,2018-09-24T10:00:00.0,10,38789.453,1.0,24566.719,42804.1,0.903476928778268
2018-09-24T05:00:00.0,2018-09-24T11:00:00.0,11,39009.76,1.0,25159.055,45383.883,0.805063607422346
2018-09-24T06:00:00.0,2018-09-24T12:00:00.0,12,40275.125,1.0,27429.496,46735.664,0.7791587110015825
2018-09-24T07:00:00.0,2018-09-24T13:00:00.0,13,42425.676,1.0,28525.78,47931.32,0.842823149068394
2018-09-24T08:00:00.0,2018-09-24T14:00:00.0,14,44845.11,1.0,30233.947,49835.242,0.8731824331915184
2018-09-24T09:00:00.0,2018-09-24T15:00:00.0,15,47167.418,1.0,33304.707,52597.984,0.8453064495742798
2018-09-24T10:00:00.0,2018-09-24T16:00:00.0,16,49288.043,1.0,35951.914,55247.35,0.8130658789762598
2018-09-24T11:00:00.0,2018-09-24T17:00:00.0,17,51238.395,1.0,38356.418,57532.832,0.7878770264618525
2018-09-24T12:00:00.0,2018-09-24T18:00:00.0,18,52863.293,1.0,40425.414,59780.848,0.7464691308475412
2018-09-24T13:00:00.0,2018-09-24T19:00:00.0,19,54093.293,1.0,40901.91,60828.258,0.7744749574630471
2018-09-24T14:00:00.0,2018-09-24T20:00:00.0,20,54668.625,1.0,42863.848,62109.133,0.7010859864376807
2018-09-24T15:00:00.0,2018-09-24T21:00:00.0,21,54133.766,1.0,43170.2,59897.207,0.7651979487179492
2018-09-24T16:00:00.0,2018-09-24T22:00:00.0,22,52585.723,1.0,40661.586,58076.875,0.8048799133873926
2018-09-24T17:00:00.0,2018-09-24T23:00:00.0,23,51842.074,1.0,39607.31,58012.133,0.7783141535895688
2018-09-24T18:00:00.0,2018-09-25T00:00:00.0,0,50084.77,1.0,37666.21,56823.69,0.7547795217882552
2018-09-24T19:00:00.0,2018-09-25T01:00:00.0,1,46861.754,1.0,34315.63,52269.1,0.8224877270085962
2018-09-24T20:00:00.0,2018-09-25T02:00:00.0,2,43066.348,1.0,29489.143,48939.527,0.821564151094616
2018-09-24T21:00:00.0,2018-09-25T03:00:00.0,3,39697.402,1.0,27550.701,46410.758,0.7486199740185673
2018-09-24T22:00:00.0,2018-09-25T04:00:00.0,4,37372.38,1.0,26428.777,45147.918,0.6530928071059013
2018-09-24T23:00:00.0,2018-09-25T05:00:00.0,5,35884.586,1.0,24931.336,44980.89,0.5852893175074184
2018-09-25T00:00:00.0,2018-09-25T06:00:00.0,6,35085.76,1.0,27110.504,47320.617,0.3119663725353902
2018-09-25T01:00:00.0,2018-09-25T07:00:00.0,7,34854.1,1.0,26640.553,46447.965,0.34569237825721966
2018-09-25T02:00:00.0,2018-09-25T08:00:00.0,8,35692.207,1.0,27865.63,46558.695,0.35260748304362366
2018-09-25T03:00:00.0,2018-09-25T09:00:00.0,9,38041.84,1.0,28656.754,46876.457,0.5280153727276421
2018-09-25T04:00:00.0,2018-09-25T10:00:00.0,10,40887.613,1.0,27518.943,47937.543,0.7641816972412826
2018-09-25T05:00:00.0,2018-09-25T11:00:00.0,11,41184.676,1.0,30957.617,48716.613,0.6379661851447026
2018-09-25T06:00:00.0,2018-09-25T12:00:00.0,12,42343.84,1.0,32367.502,51594.336,0.5349885563718889
2018-09-25T07:00:00.0,2018-09-25T13:00:00.0,13,44373.887,1.0,34534.41,52545.477,0.5852761916271392
2018-09-25T08:00:00.0,2018-09-25T14:00:00.0,14,47072.062,1.0,34992.258,54631.17,0.7038307245902978
2018-09-25T09:00:00.0,2018-09-25T15:00:00.0,15,49996.406,1.0,36974.465,56548.492,0.7790226464319576
2018-09-25T10:00:00.0,2018-09-25T16:00:00.0,16,53257.24,1.0,39195.02,58471.707,0.8571391015487503
2018-09-25T11:00:00.0,2018-09-25T17:00:00.0,17,56174.375,1.0,40702.76,59937.023,0.9215703511142277
2018-09-25T12:00:00.0,2018-09-25T18:00:00.0,18,58407.78,1.0,42133.31,62321.043,0.9227405635473631
2018-09-25T13:00:00.0,2018-09-25T19:00:00.0,19,59797.375,1.0,43055.363,62827.203,0.9465049986807769
2018-09-25T14:00:00.0,2018-09-25T20:00:00.0,20,59938.52,1.0,43455.71,63087.05,0.9428154599031783
2018-09-25T15:00:00.0,2018-09-25T21:00:00.0,21,58919.094,1.0,42525.37,62444.207,0.9334376303096081
2018-09-25T16:00:00.0,2018-09-25T22:00:00.0,22,56826.03,1.0,43222.758,60227.465,0.9185389023368203
2018-09-25T17:00:00.0,2018-09-25T23:00:00.0,23,55508.406,1.0,40356.46,59771.58,0.9039114595771724
2018-09-25T18:00:00.0,2018-09-26T00:00:00.0,0,53446.33,1.0,38681.08,58834.9,0.8604401050279107
2018-09-25T19:00:00.0,2018-09-26T01:00:00.0,1,50195.574,1.0,36845.824,55159.203,0.8565751600690064
2018-09-25T20:00:00.0,2018-09-26T02:00:00.0,2,46358.418,1.0,33225.35,52774.49,0.7879262390832731
2018-09-25T21:00:00.0,2018-09-26T03:00:00.0,3,42828.168,1.0,31965.855,50124.06,0.6761186625108351
2018-09-25T22:00:00.0,2018-09-26T04:00:00.0,4,40191.03,1.0,29144.074,48191.18,0.6450880750797995
2018-09-25T23:00:00.0,2018-09-26T05:00:00.0,5,38469.613,1.0,26450.531,46084.156,0.699118774900398
2018-09-26T00:00:00.0,2018-09-26T06:00:00.0,6,37455.28,1.0,24554.559,44708.418,0.7427456358177978
2018-09-26T01:00:00.0,2018-09-26T07:00:00.0,7,37050.875,1.0,24139.441,44205.523,0.7477263996426446
2018-09-26T02:00:00.0,2018-09-26T08:00:00.0,8,37793.473,1.0,24395.645,44601.145,0.7759697679075771
2018-09-26T03:00:00.0,2018-09-26T09:00:00.0,9,40106.746,1.0,25499.807,45719.086,0.8496302834274437
2018-09-26T04:00:00.0,2018-09-26T10:00:00.0,10,42554.11,1.0,26692.744,46912.176,0.9070876314705265
2018-09-26T05:00:00.0,2018-09-26T11:00:00.0,11,42384.688,1.0,28364.03,48532.566,0.8180579977835243
2018-09-26T06:00:00.0,2018-09-26T12:00:00.0,12,43217.973,1.0,29923.146,50185.176,0.766204436730028
2018-09-26T07:00:00.0,2018-09-26T13:00:00.0,13,44811.613,1.0,32187.732,52485.367,0.7147383739027579
2018-09-26T08:00:00.0,2018-09-26T14:00:00.0,14,46567.324,1.0,33610.965,53747.47,0.7476978091684038
2018-09-26T09:00:00.0,2018-09-26T15:00:00.0,15,48017.72,1.0,35939.793,56184.676,0.673418442883965
2018-09-26T10:00:00.0,2018-09-26T16:00:00.0,16,48928.3,1.0,37611.47,57729.336,0.6144327755235545
2018-09-26T11:00:00.0,2018-09-26T17:00:00.0,17,48761.504,1.0,39741.938,59906.887,0.4031391345560554
2018-09-26T12:00:00.0,2018-09-26T18:00:00.0,18,48337.035,1.0,40319.6,60544.01,0.31495207041114043
2018-09-26T13:00:00.0,2018-09-26T19:00:00.0,19,48265.684,1.0,40598.113,60831.695,0.28666932084309155
2018-09-26T14:00:00.0,2018-09-26T20:00:00.0,20,48089.824,1.0,39786.426,59940.77,0.3410983720890671
2018-09-26T15:00:00.0,2018-09-26T21:00:00.0,21,47248.496,1.0,38797.36,58895.582,0.35573029059946903
2018-09-26T16:00:00.0,2018-09-26T22:00:00.0,22,45974.45,1.0,38212.42,58344.12,0.2972251016665336
2018-09-26T17:00:00.0,2018-09-26T23:00:00.0,23,45653.953,1.0,37151.637,57356.76,0.35626429489927164
2018-09-26T18:00:00.0,2018-09-27T00:00:00.0,0,44445.36,1.0,35356.63,55570.65,0.4073514010187604
2018-09-26T19:00:00.0,2018-09-27T01:00:00.0,1,41861.465,1.0,33177.24,53407.59,0.37104480605553225
2018-09-26T20:00:00.0,2018-09-27T02:00:00.0,2,38752.09,1.0,30747.803,50915.38,0.31572106401809386
2018-09-26T21:00:00.0,2018-09-27T03:00:00.0,3,35838.883,1.0,28406.67,48687.617,0.2672175971147347
2018-09-26T22:00:00.0,2018-09-27T04:00:00.0,4,33828.55,1.0,25979.547,46194.598,0.3016040564942604
2018-09-26T23:00:00.0,2018-09-27T05:00:00.0,5,32582.584,1.0,23777.682,43905.293,0.3855320521316544
2018-09-27T00:00:00.0,2018-09-27T06:00:00.0,6,31804.932,1.0,22726.316,42287.34,0.4337097408433826
2018-09-27T01:00:00.0,2018-09-27T07:00:00.0,7,31442.244,1.0,22855.66,42575.867,0.38191585877260215
2018-09-27T02:00:00.0,2018-09-27T08:00:00.0,8,32007.51,1.0,23070.838,42854.316,0.41114284404510865
2018-09-27T03:00:00.0,2018-09-27T09:00:00.0,9,34188.44,1.0,25654.639,44176.617,0.4275336155133381
2018-09-27T04:00:00.0,2018-09-27T10:00:00.0,10,36889.98,1.0,26626.404,45724.82,0.5690780767534193
2018-09-27T05:00:00.0,2018-09-27T11:00:00.0,11,36830.395,1.0,28191.01,47590.88,0.39961262500808
2018-09-27T06:00:00.0,2018-09-27T12:00:00.0,12,37189.207,1.0,29936.75,48677.41,0.29951749952889223
2018-09-27T07:00:00.0,2018-09-27T13:00:00.0,13,38105.516,1.0,31351.428,50198.316,0.2549803424223212
2018-09-27T08:00:00.0,2018-09-27T14:00:00.0,14,39235.35,1.0,31592.055,51171.82,0.30501290054099034
2018-09-27T09:00:00.0,2018-09-27T15:00:00.0,15,40379.742,1.0,32537.06,52330.195,0.3146361055444219
2018-09-27T10:00:00.0,2018-09-27T16:00:00.0,16,41997.465,1.0,33595.92,53654.445,0.35288940124000456
2018-09-27T11:00:00.0,2018-09-27T17:00:00.0,17,43902.125,1.0,34458.68,54796.234,0.43410850968032405
2018-09-27T12:00:00.0,2018-09-27T18:00:00.0,18,45145.723,1.0,35360.664,55118.887,0.4911654470819203
2018-09-27T13:00:00.0,2018-09-27T19:00:00.0,19,46340.63,1.0,36725.637,56739.29,0.46371248025276435
2018-09-27T14:00:00.0,2018-09-27T20:00:00.0,20,47087.72,1.0,37440.28,57375.844,0.47020163913100027
2018-09-27T15:00:00.0,2018-09-27T21:00:00.0,21,46650.137,1.0,37330.25,57209.875,0.4423231361089019
2018-09-27T16:00:00.0,2018-09-27T22:00:00.0,22,45495.99,1.0,36605.94,56468.03,0.40367924100049934
2018-09-27T17:00:00.0,2018-09-27T23:00:00.0,23,45293.94,1.0,36411.445,56599.992,0.3900192555126673
2018-09-27T18:00:00.0,2018-09-28T00:00:00.0,0,44055.86,1.0,35111.82,55111.652,0.4029887751882073
2018-09-27T19:00:00.0,2018-09-28T01:00:00.0,1,41736.38,1.0,32960.805,53165.81,0.379971185582313
2018-09-27T20:00:00.0,2018-09-28T02:00:00.0,2,38404.0,1.0,29496.691,49643.957,0.3938403741675041
2018-09-27T21:00:00.0,2018-09-28T03:00:00.0,3,35408.566,1.0,27477.012,47538.94,0.31318362303319885
2018-09-27T22:00:00.0,2018-09-28T04:00:00.0,4,33295.26,1.0,25238.861,45571.008,0.31464774879494073
2018-09-27T23:00:00.0,2018-09-28T05:00:00.0,5,31931.344,1.0,23363.791,43608.94,0.3604086656819301
2018-09-28T00:00:00.0,2018-09-28T06:00:00.0,6,31109.299,1.0,22672.207,41279.332,0.4142432129453623
2018-09-28T01:00:00.0,2018-09-28T07:00:00.0,7,30904.477,1.0,22372.1,40586.086,0.4416538143206087
2018-09-28T02:00:00.0,2018-09-28T08:00:00.0,8,31606.729,1.0,22699.025,41371.74,0.4574733816644607
2018-09-28T03:00:00.0,2018-09-28T09:00:00.0,9,33977.6,1.0,23239.754,41849.363,0.6399337518089043
2018-09-28T04:00:00.0,2018-09-28T10:00:00.0,10,36816.996,1.0,25055.512,42770.0,0.7771820480304975
2018-09-28T05:00:00.0,2018-09-28T11:00:00.0,11,37085.26,1.0,24618.822,43163.78,0.7885105915121309
2018-09-28T06:00:00.0,2018-09-28T12:00:00.0,12,37902.215,1.0,25745.756,44894.01,0.7347977876810438
2018-09-28T07:00:00.0,2018-09-28T13:00:00.0,13,39363.164,1.0,27534.88,46595.87,0.7125442492542259
2018-09-28T08:00:00.0,2018-09-28T14:00:00.0,14,41078.188,1.0,28643.834,47284.133,0.7814975243012259
2018-09-28T09:00:00.0,2018-09-28T15:00:00.0,15,42657.895,1.0,30563.365,48567.22,0.7878945818610128
2018-09-28T10:00:00.0,2018-09-28T16:00:00.0,16,44425.855,1.0,32730.28,51341.49,0.724883847020061
2018-09-28T11:00:00.0,2018-09-28T17:00:00.0,17,46041.824,1.0,34636.38,52451.633,0.7428877260949409
2018-09-28T12:00:00.0,2018-09-28T18:00:00.0,18,47106.64,1.0,37446.645,54806.21,0.6036073558853272
2018-09-28T13:00:00.0,2018-09-28T19:00:00.0,19,48266.2,1.0,37727.164,55163.895,0.6864352400360172
2018-09-28T14:00:00.0,2018-09-28T20:00:00.0,20,48673.156,1.0,38751.473,56388.344,0.6144812043722022
2018-09-28T15:00:00.0,2018-09-28T21:00:00.0,21,47972.793,1.0,37888.1,55305.94,0.6433655203961892
2018-09-28T16:00:00.0,2018-09-28T22:00:00.0,22,46522.438,1.0,39001.832,56367.37,0.3777649998984091
2018-09-28T17:00:00.0,2018-09-28T23:00:00.0,23,46200.965,1.0,37644.086,54836.105,0.4957754795807109
2018-09-28T18:00:00.0,2018-09-29T00:00:00.0,0,45143.77,1.0,35251.375,52685.24,0.6231180935033389
2018-09-28T19:00:00.0,2018-09-29T01:00:00.0,1,43432.44,1.0,33302.2,50598.527,0.6549207135777999
2018-09-28T20:00:00.0,2018-09-29T02:00:00.0,2,41026.914,1.0,29745.928,47177.22,0.7532193947326468
2018-09-28T21:00:00.0,2018-09-29T03:00:00.0,3,38408.38,1.0,27382.824,44530.574,0.7470217622358126
2018-09-28T22:00:00.0,2018-09-29T04:00:00.0,4,36307.668,1.0,25303.906,43080.27,0.7101141785806312
2018-09-28T23:00:00.0,2018-09-29T05:00:00.0,5,34781.438,1.0,25052.213,42966.082,0.5794868350075825
2018-09-29T00:00:00.0,2018-09-29T06:00:00.0,6,33834.957,1.0,24114.219,39140.176,0.7528697124836975
2018-09-29T01:00:00.0,2018-09-29T07:00:00.0,7,33331.91,1.0,24513.201,38525.57,0.726337037324264
2018-09-29T02:00:00.0,2018-09-29T08:00:00.0,8,33378.426,1.0,22945.86,41407.41,0.6190046722219544
2018-09-29T03:00:00.0,2018-09-29T09:00:00.0,9,34007.285,1.0,22470.568,42264.887,0.65002234288535
2018-09-29T04:00:00.0,2018-09-29T10:00:00.0,10,35180.973,1.0,23127.27,43351.51,0.6724321683764293
2018-09-29T05:00:00.0,2018-09-29T11:00:00.0,11,36126.535,1.0,24621.36,44603.293,0.6377891162416205
2018-09-29T06:00:00.0,2018-09-29T12:00:00.0,12,37470.723,1.0,26236.256,45929.85,0.6284791722655201
2018-09-29T07:00:00.0,2018-09-29T13:00:00.0,13,38979.12,1.0,28404.895,48142.78,0.5660157736024127
2018-09-29T08:00:00.0,2018-09-29T14:00:00.0,14,40185.285,1.0,29711.045,49451.137,0.5566170280137093
2018-09-29T09:00:00.0,2018-09-29T15:00:00.0,15,41069.92,1.0,31697.572,51429.1,0.45369193382559103
2018-09-29T10:00:00.0,2018-09-29T16:00:00.0,16,41798.12,1.0,33699.574,53635.344,0.33132573245591673
2018-09-29T11:00:00.0,2018-09-29T17:00:00.0,17,42489.566,1.0,35048.723,55067.555,0.2752836216723402
2018-09-29T12:00:00.0,2018-09-29T18:00:00.0,18,42966.668,1.0,36685.25,55539.434,0.21881021218916052
2018-09-29T13:00:00.0,2018-09-29T19:00:00.0,19,43599.434,1.0,38159.637,57363.73,0.15667507431242964
2018-09-29T14:00:00.0,2018-09-29T20:00:00.0,20,44017.613,1.0,37471.02,54991.375,0.27833277218599356
2018-09-29T15:00:00.0,2018-09-29T21:00:00.0,21,43914.324,1.0,37068.285,55511.19,0.27452223830847455
2018-09-29T16:00:00.0,2018-09-29T22:00:00.0,22,43366.074,1.0,35775.168,53795.82,0.3570154461307779
2018-09-29T17:00:00.0,2018-09-29T23:00:00.0,23,43653.97,1.0,34177.098,53140.402,0.49953217976824316
2018-09-29T18:00:00.0,2018-09-30T00:00:00.0,0,42789.64,1.0,33933.695,51864.06,0.4886938800844123
2018-09-29T19:00:00.0,2018-09-30T01:00:00.0,1,41421.113,1.0,33041.984,52186.496,0.3859304950439862
2018-09-29T20:00:00.0,2018-09-30T02:00:00.0,2,39550.87,1.0,31240.484,50487.566,0.37546696976085525
2018-09-29T21:00:00.0,2018-09-30T03:00:00.0,3,37323.07,1.0,27464.105,46089.47,0.5542682144373042
2018-09-29T22:00:00.0,2018-09-30T04:00:00.0,4,35310.527,1.0,24142.307,44056.137,0.611411361261688
2018-09-29T23:00:00.0,2018-09-30T05:00:00.0,5,33982.258,1.0,23613.582,42033.207,0.6151231474776735
2018-09-30T00:00:00.0,2018-09-30T06:00:00.0,6,33040.55,1.0,25386.123,40493.516,0.5123732933896477
2018-09-30T01:00:00.0,2018-09-30T07:00:00.0,7,32513.797,1.0,24598.176,41509.863,0.4409264151148504
2018-09-30T02:00:00.0,2018-09-30T08:00:00.0,8,32321.615,1.0,24532.697,41792.31,0.4103374458783475
2018-09-30T03:00:00.0,2018-09-30T09:00:00.0,9,32691.307,1.0,25190.57,42470.14,0.3795376023523167
2018-09-30T04:00:00.0,2018-09-30T10:00:00.0,10,33492.16,1.0,26134.688,44226.332,0.33208169383548825
2018-09-30T05:00:00.0,2018-09-30T11:00:00.0,11,34268.1,1.0,28388.15,45330.074,0.238384668613188
2018-09-30T06:00:00.0,2018-09-30T12:00:00.0,12,36549.582,1.0,29557.637,46643.69,0.3363892305860879
2018-09-30T07:00:00.0,2018-09-30T13:00:00.0,13,39191.45,1.0,31038.23,48180.867,0.45483006810186194
2018-09-30T08:00:00.0,2018-09-30T14:00:00.0,14,41561.65,1.0,30835.041,49757.098,0.6221649542208217
2018-09-30T09:00:00.0,2018-09-30T15:00:00.0,15,43725.13,1.0,32432.998,51769.742,0.6519818454201346
2018-09-30T10:00:00.0,2018-09-30T16:00:00.0,16,45699.434,1.0,34578.258,53631.582,0.6514919840941399
2018-09-30T11:00:00.0,2018-09-30T17:00:00.0,17,47404.824,1.0,37235.49,57422.13,0.5069888933838403
2018-09-30T12:00:00.0,2018-09-30T18:00:00.0,18,48692.38,1.0,37558.46,55851.73,0.6933605929410084
2018-09-30T13:00:00.0,2018-09-30T19:00:00.0,19,49484.145,1.0,38374.5,57827.29,0.6296174600727351
2018-09-30T14:00:00.0,2018-09-30T20:00:00.0,20,49698.996,1.0,37879.965,56759.76,0.7211565817278833
2018-09-30T15:00:00.0,2018-09-30T21:00:00.0,21,49189.723,1.0,37203.06,56239.336,0.7268385129129324
2018-09-30T16:00:00.0,2018-09-30T22:00:00.0,22,47958.01,1.0,36534.75,54634.785,0.7290788864302992
2018-09-30T17:00:00.0,2018-09-30T23:00:00.0,23,47759.062,1.0,35257.406,52165.695,0.8672590933524456
2018-09-30T18:00:00.0,2018-10-01T00:00:00.0,0,46314.09,1.0,34457.7,50514.98,0.8662498034652997
2018-09-30T19:00:00.0,2018-10-01T01:00:00.0,1,43942.176,1.0,32612.816,48750.78,0.8263468568880964
2018-09-30T20:00:00.0,2018-10-01T02:00:00.0,2,40629.707,1.0,29865.807,45004.473,0.8368619090479172
2018-09-30T21:00:00.0,2018-10-01T03:00:00.0,3,37635.51,1.0,28615.172,42827.547,0.7345268857556426
2018-09-30T22:00:00.0,2018-10-01T04:00:00.0,4,35558.992,1.0,27912.758,41714.016,0.5992297842873376
2018-09-30T23:00:00.0,2018-10-01T05:00:00.0,5,34343.355,1.0,27030.53,43746.5,0.385570154906801
2018-10-01T00:00:00.0,2018-10-01T06:00:00.0,6,33718.582,1.0,28588.5,41131.57,0.3360126479649753
2018-10-01T01:00:00.0,2018-10-01T07:00:00.0,7,33621.55,1.0,26589.928,43341.88,0.35444481207672063
2018-10-01T02:00:00.0,2018-10-01T08:00:00.0,8,34587.008,1.0,26396.977,43004.527,0.4872903730176461
2018-10-01T03:00:00.0,2018-10-01T09:00:00.0,9,37243.797,1.0,26449.098,43913.715,0.7086375418213903
2018-10-01T04:00:00.0,2018-10-01T10:00:00.0,10,40209.758,1.0,27161.621,45585.008,0.8336486765987055
2018-10-01T05:00:00.0,2018-10-01T11:00:00.0,11,40524.418,1.0,28249.137,48196.676,0.7042849325651012
2018-10-01T06:00:00.0,2018-10-01T12:00:00.0,12,41501.043,1.0,30378.047,49941.63,0.6251152493461988
2018-10-01T07:00:00.0,2018-10-01T13:00:00.0,13,43148.715,1.0,32684.137,51943.48,0.5799231329931743
2018-10-01T08:00:00.0,2018-10-01T14:00:00.0,14,44747.02,1.0,35629.344,52565.16,0.5708360336308143
2018-10-01T09:00:00.0,2018-10-01T15:00:00.0,15,46595.38,1.0,37013.973,55367.99,0.5408249598070739
2018-10-01T10:00:00.0,2018-10-01T16:00:00.0,16,48806.332,1.0,39910.723,57679.684,0.5011624554769839
2018-10-01T11:00:00.0,2018-10-01T17:00:00.0,17,50999.98,1.0,43504.234,58973.44,0.4713648991713371
2018-10-01T12:00:00.0,2018-10-01T18:00:00.0,18,52699.547,1.0,43245.633,62031.008,0.5060492021933505
2018-10-01T13:00:00.0,2018-10-01T19:00:00.0,19,54051.766,1.0,45119.92,62751.06,0.5122382360057656
2018-10-01T14:00:00.0,2018-10-01T20:00:00.0,20,54671.887,1.0,47395.098,63615.223,0.4055516397998892
2018-10-01T15:00:00.0,2018-10-01T21:00:00.0,21,53812.28,1.0,45706.617,61886.684,0.5017926129846292
2018-10-01T16:00:00.0,2018-10-01T22:00:00.0,22,51944.332,1.0,44014.81,60443.93,0.46783319641229365
2018-10-01T17:00:00.0,2018-10-01T23:00:00.0,23,51296.13,1.0,43176.094,58854.824,0.5331870231258176
2018-10-01T18:00:00.0,2018-10-02T00:00:00.0,0,49443.547,1.0,38630.086,56196.625,0.7045951478046327
2018-10-01T19:00:00.0,2018-10-02T01:00:00.0,1,46392.176,1.0,38092.566,54008.215,0.5397939198215679
2018-10-01T20:00:00.0,2018-10-02T02:00:00.0,2,42772.95,1.0,33995.484,50854.54,0.5382469839877162
2018-10-01T21:00:00.0,2018-10-02T03:00:00.0,3,39409.176,1.0,32366.057,47747.89,0.42233092331397404
2018-10-01T22:00:00.0,2018-10-02T04:00:00.0,4,37003.98,1.0,31759.97,46428.34,0.2536929908540934
2018-10-01T23:00:00.0,2018-10-02T05:00:00.0,5,35345.457,1.0,29509.666,47006.773,0.2193145480818536
2018-10-02T00:00:00.0,2018-10-02T06:00:00.0,6,34382.254,1.0,25878.871,44625.496,0.4145371776885494
2018-10-02T01:00:00.0,2018-10-02T07:00:00.0,7,34065.137,1.0,24489.156,44264.418,0.4707744262295082
2018-10-02T02:00:00.0,2018-10-02T08:00:00.0,8,34908.23,1.0,24396.04,44494.277,0.5426822173486152
2018-10-02T03:00:00.0,2018-10-02T09:00:00.0,9,37457.707,1.0,25683.363,45279.066,0.680564327041479
2018-10-02T04:00:00.0,2018-10-02T10:00:00.0,10,40395.758,1.0,26491.383,46479.785,0.818613646105772
2018-10-02T05:00:00.0,2018-10-02T11:00:00.0,11,40750.87,1.0,28620.32,48558.875,0.6929723897798051
2018-10-02T06:00:00.0,2018-10-02T12:00:00.0,12,41859.91,1.0,30717.953,50048.938,0.6388369715665965
2018-10-02T07:00:00.0,2018-10-02T13:00:00.0,13,43970.03,1.0,32839.97,51935.516,0.6500771992818672
2018-10-02T08:00:00.0,2018-10-02T14:00:00.0,14,46699.395,1.0,34734.62,54054.97,0.7105448956400169
2018-10-02T09:00:00.0,2018-10-02T15:00:00.0,15,49560.312,1.0,37531.08,56530.445,0.7321749278152068
2018-10-02T10:00:00.0,2018-10-02T16:00:00.0,16,52370.19,1.0,39617.008,58834.504,0.776730413190739
2018-10-02T11:00:00.0,2018-10-02T17:00:00.0,17,54593.332,1.0,41382.824,60697.715,0.8039320007968658
2018-10-02T12:00:00.0,2018-10-02T18:00:00.0,18,55914.707,1.0,43310.566,63080.01,0.7389072942119584
2018-10-02T13:00:00.0,2018-10-02T19:00:00.0,19,56537.582,1.0,45125.883,64175.19,0.6775534888627138
2018-10-02T14:00:00.0,2018-10-02T20:00:00.0,20,56415.22,1.0,45688.023,64499.848,0.6280804291555689
2018-10-02T15:00:00.0,2018-10-02T21:00:00.0,21,55396.484,1.0,45512.973,64809.844,0.5225983027417247
2018-10-02T16:00:00.0,2018-10-02T22:00:00.0,22,53725.47,1.0,45842.8,63973.89,0.38074076253813216
2018-10-02T17:00:00.0,2018-10-02T23:00:00.0,23,53324.16,1.0,43975.64,63234.117,0.47296652558676455
2018-10-02T18:00:00.0,2018-10-03T00:00:00.0,0,51624.234,1.0,41704.977,61147.188,0.5189103224575458
2018-10-02T19:00:00.0,2018-10-03T01:00:00.0,1,48852.406,1.0,38796.42,58142.277,0.5366982691884972
2018-10-02T20:00:00.0,2018-10-03T02:00:00.0,2,44988.53,1.0,36654.5,55786.695,0.3822392638036808
2018-10-02T21:00:00.0,2018-10-03T03:00:00.0,3,41531.832,1.0,33633.047,53005.004,0.3338871632440568
2018-10-02T22:00:00.0,2018-10-03T04:00:00.0,4,39089.934,1.0,30781.242,49854.39,0.3822750710988856
2018-10-02T23:00:00.0,2018-10-03T05:00:00.0,5,37532.426,1.0,28293.895,47675.71,0.4567648010352636
2018-10-03T00:00:00.0,2018-10-03T06:00:00.0,6,36590.27,1.0,26086.895,45888.152,0.5563087821590051
2018-10-03T01:00:00.0,2018-10-03T07:00:00.0,7,36369.676,1.0,26009.488,45196.1,0.5737588254858172
2018-10-03T02:00:00.0,2018-10-03T08:00:00.0,8,37109.824,1.0,26054.164,45584.3,0.6207504697210577
2018-10-03T03:00:00.0,2018-10-03T09:00:00.0,9,39506.06,1.0,27113.15,47452.75,0.6944441061470418
2018-10-03T04:00:00.0,2018-10-03T10:00:00.0,10,42355.992,1.0,28396.262,48576.43,0.8138114401043588
2018-10-03T05:00:00.0,2018-10-03T11:00:00.0,11,42542.75,1.0,30413.375,50710.31,0.6751009380181994
2018-10-03T06:00:00.0,2018-10-03T12:00:00.0,12,43893.51,1.0,33984.3,53221.355,0.528023015070538
2018-10-03T07:00:00.0,2018-10-03T13:00:00.0,13,46778.61,1.0,34760.88,55169.777,0.6603342026144875
2018-10-03T08:00:00.0,2018-10-03T14:00:00.0,14,49710.39,1.0,37985.63,57602.766,0.6752402007648183
2018-10-03T09:00:00.0,2018-10-03T15:00:00.0,15,52564.49,1.0,41448.98,60023.992,0.6764666534446385
2018-10-03T10:00:00.0,2018-10-03T16:00:00.0,16,55428.094,1.0,46174.22,63462.914,0.5651430054447998
2018-10-03T11:00:00.0,2018-10-03T17:00:00.0,17,57746.637,1.0,45510.004,65835.45,0.6825007318263134
2018-10-03T12:00:00.0,2018-10-03T18:00:00.0,18,59268.64,1.0,47019.84,67511.18,0.6753663359864024
2018-10-03T13:00:00.0,2018-10-03T19:00:00.0,19,59986.562,1.0,46165.316,66429.25,0.8015039906831313
2018-10-03T14:00:00.0,2018-10-03T20:00:00.0,20,60161.066,1.0,46528.883,66721.84,0.7923429338220854
2018-10-03T15:00:00.0,2018-10-03T21:00:00.0,21,58899.344,1.0,45795.414,66075.6,0.751721223397734
2018-10-03T16:00:00.0,2018-10-03T22:00:00.0,22,56542.77,1.0,44790.504,64948.41,0.6503319075115014
2018-10-03T17:00:00.0,2018-10-03T23:00:00.0,23,55630.895,1.0,43270.832,63477.61,0.6983215722961036
2018-10-03T18:00:00.0,2018-10-04T00:00:00.0,0,53481.566,1.0,41378.285,61582.273,0.6775417091424452
2018-10-03T19:00:00.0,2018-10-04T01:00:00.0,1,50374.246,1.0,37840.7,57933.812,0.7176365437222905
2018-10-03T20:00:00.0,2018-10-04T02:00:00.0,2,46502.45,1.0,34710.547,54904.496,0.651912652264335
2018-10-03T21:00:00.0,2018-10-04T03:00:00.0,3,42886.484,1.0,31823.594,51938.293,0.5919554830439341
2018-10-03T22:00:00.0,2018-10-04T04:00:00.0,4,40301.3,1.0,29450.621,49675.418,0.5674283282322478
2018-10-03T23:00:00.0,2018-10-04T05:00:00.0,5,38521.316,1.0,27138.018,47459.805,0.6102109150738637
2018-10-04T00:00:00.0,2018-10-04T06:00:00.0,6,37391.508,1.0,26475.764,44795.426,0.6721740918813187
2018-10-04T01:00:00.0,2018-10-04T07:00:00.0,7,36768.293,1.0,25616.88,45668.836,0.6029992227215466
2018-10-04T02:00:00.0,2018-10-04T08:00:00.0,8,37336.715,1.0,25973.072,46212.44,0.612540310179693
2018-10-04T03:00:00.0,2018-10-04T09:00:00.0,9,39625.973,1.0,27424.861,47735.84,0.6803192155905444
2018-10-04T04:00:00.0,2018-10-04T10:00:00.0,10,42154.84,1.0,28823.287,48978.938,0.7736700448579497
2018-10-04T05:00:00.0,2018-10-04T11:00:00.0,11,42409.504,1.0,30805.99,51074.39,0.6320424151438284
2018-10-04T06:00:00.0,2018-10-04T12:00:00.0,12,44159.953,1.0,32749.541,52939.29,0.619114315411176
2018-10-04T07:00:00.0,2018-10-04T13:00:00.0,13,47119.58,1.0,35438.637,55627.984,0.6426436623826763
2018-10-04T08:00:00.0,2018-10-04T14:00:00.0,14,50130.418,1.0,37289.785,57596.31,0.7309581557303233
2018-10-04T09:00:00.0,2018-10-04T15:00:00.0,15,52981.94,1.0,40512.777,60628.426,0.7114773664167094
2018-10-04T10:00:00.0,2018-10-04T16:00:00.0,16,55858.39,1.0,43797.527,63734.215,0.6873315095747327
2018-10-04T11:00:00.0,2018-10-04T17:00:00.0,17,58107.316,1.0,45631.902,65966.38,0.7012861845481025
2018-10-04T12:00:00.0,2018-10-04T18:00:00.0,18,59538.08,1.0,48098.145,67854.14,0.6434958223375621
2018-10-04T13:00:00.0,2018-10-04T19:00:00.0,19,60407.7,1.0,47244.137,67487.664,0.7577409333911281
2018-10-04T14:00:00.0,2018-10-04T20:00:00.0,20,60541.812,1.0,47155.098,67311.46,0.777455577475513
2018-10-04T15:00:00.0,2018-10-04T21:00:00.0,21,59079.99,1.0,46416.824,66660.195,0.7204294379730526
2018-10-04T16:00:00.0,2018-10-04T22:00:00.0,22,56601.285,1.0,45598.32,65723.77,0.5860331122246659
2018-10-04T17:00:00.0,2018-10-04T23:00:00.0,23,55486.84,1.0,44142.777,64317.008,0.6140384157682708
2018-10-04T18:00:00.0,2018-10-05T00:00:00.0,0,53199.52,1.0,41581.395,61756.832,0.6379218347765034
2018-10-04T19:00:00.0,2018-10-05T01:00:00.0,1,50075.89,1.0,37977.348,58046.164,0.6838521782096684
2018-10-04T20:00:00.0,2018-10-05T02:00:00.0,2,46323.656,1.0,34836.35,55018.06,0.6262403622567623
2018-10-04T21:00:00.0,2018-10-05T03:00:00.0,3,42590.02,1.0,31924.098,52026.664,0.5565574130299593
2018-10-04T22:00:00.0,2018-10-05T04:00:00.0,4,40054.492,1.0,29483.963,49664.098,0.5440989928899125
2018-10-04T23:00:00.0,2018-10-05T05:00:00.0,5,38409.95,1.0,27241.262,47522.25,0.5932303752900695
2018-10-05T00:00:00.0,2018-10-05T06:00:00.0,6,37285.105,1.0,27220.068,46743.418,0.5288157432797868
2018-10-05T01:00:00.0,2018-10-05T07:00:00.0,7,36896.492,1.0,26150.855,46356.035,0.5588564981620993
2018-10-05T02:00:00.0,2018-10-05T08:00:00.0,8,37450.652,1.0,26480.873,46479.402,0.5893165121805221
2018-10-05T03:00:00.0,2018-10-05T09:00:00.0,9,39711.19,1.0,27478.54,47756.89,0.6844869799095318
2018-10-05T04:00:00.0,2018-10-05T10:00:00.0,10,42486.91,1.0,29353.81,49255.863,0.7715166046227945
2018-10-05T05:00:00.0,2018-10-05T11:00:00.0,11,42787.684,1.0,31172.508,51133.797,0.648386612519741
2018-10-05T06:00:00.0,2018-10-05T12:00:00.0,12,44618.45,1.0,33238.344,53190.52,0.6283137920667763
2018-10-05T07:00:00.0,2018-10-05T13:00:00.0,13,47621.58,1.0,36560.62,56068.105,0.6223893501184726
2018-10-05T08:00:00.0,2018-10-05T14:00:00.0,14,50640.355,1.0,37513.15,57530.98,0.7656766890444224
2018-10-05T09:00:00.0,2018-10-05T15:00:00.0,15,53476.734,1.0,42467.88,59494.613,0.7523332760694037
2018-10-05T10:00:00.0,2018-10-05T16:00:00.0,16,56162.26,1.0,45428.188,61781.01,0.7665763245322611
2018-10-05T11:00:00.0,2018-10-05T17:00:00.0,17,58408.746,1.0,44929.047,64264.426,0.8204956524974882
2018-10-05T12:00:00.0,2018-10-05T18:00:00.0,18,59755.105,1.0,45597.266,65688.11,0.8295359427971164
2018-10-05T13:00:00.0,2018-10-05T19:00:00.0,19,60396.996,1.0,46766.535,66537.53,0.810908245875178
2018-10-05T14:00:00.0,2018-10-05T20:00:00.0,20,60106.406,1.0,46090.06,66356.875,0.813607783789083
2018-10-05T15:00:00.0,2018-10-05T21:00:00.0,21,58444.297,1.0,45376.562,65583.25,0.7525388128514868
2018-10-05T16:00:00.0,2018-10-05T22:00:00.0,22,55644.99,1.0,44561.88,64638.75,0.5956399317406139
2018-10-05T17:00:00.0,2018-10-05T23:00:00.0,23,54368.332,1.0,43237.777,63367.367,0.5972829066413462
2018-10-05T18:00:00.0,2018-10-06T00:00:00.0,0,52327.504,1.0,40931.734,61062.29,0.6207698240201921
2018-10-05T19:00:00.0,2018-10-06T01:00:00.0,1,49810.28,1.0,37707.734,57895.508,0.6782864679241526
2018-10-05T20:00:00.0,2018-10-06T02:00:00.0,2,46699.402,1.0,34707.523,54848.58,0.6714143664782177
2018-10-05T21:00:00.0,2018-10-06T03:00:00.0,3,43393.18,1.0,31996.307,52070.54,0.6236692006855035
2018-10-05T22:00:00.0,2018-10-06T04:00:00.0,4,40929.258,1.0,29227.137,49282.38,0.6511615781736131
2018-10-05T23:00:00.0,2018-10-06T05:00:00.0,5,38826.207,1.0,27071.266,47311.402,0.6464615977065596
2018-10-06T00:00:00.0,2018-10-06T06:00:00.0,6,37764.45,1.0,25833.863,46093.37,0.660403259541857
2018-10-06T01:00:00.0,2018-10-06T07:00:00.0,7,37051.08,1.0,25266.229,45531.445,0.6477731717323669
2018-10-06T02:00:00.0,2018-10-06T08:00:00.0,8,36801.008,1.0,25283.262,45425.043,0.6308892632017642
2018-10-06T03:00:00.0,2018-10-06T09:00:00.0,9,37295.188,1.0,26203.13,46420.246,0.5895297178486522
2018-10-06T04:00:00.0,2018-10-06T10:00:00.0,10,38110.656,1.0,27047.031,47284.777,0.5859673053827816
2018-10-06T05:00:00.0,2018-10-06T11:00:00.0,11,38829.246,1.0,29108.318,49279.133,0.46650173245091364
2018-10-06T06:00:00.0,2018-10-06T12:00:00.0,12,41468.9,1.0,31456.922,51453.51,0.5012701285442485
2018-10-06T07:00:00.0,2018-10-06T13:00:00.0,13,44696.168,1.0,34946.637,55073.55,0.47107485710604063
2018-10-06T08:00:00.0,2018-10-06T14:00:00.0,14,47913.418,1.0,35945.453,56381.617,0.6548169770172789
2018-10-06T09:00:00.0,2018-10-06T15:00:00.0,15,50449.31,1.0,42636.484,58572.22,0.4819483240223462
2018-10-06T10:00:00.0,2018-10-06T16:00:00.0,16,52732.63,1.0,45786.824,60713.684,0.43591647445649484
2018-10-06T11:00:00.0,2018-10-06T17:00:00.0,17,54783.887,1.0,44292.023,64163.227,0.5518109908409663
2018-10-06T12:00:00.0,2018-10-06T18:00:00.0,18,56015.016,1.0,43011.215,63246.58,0.7465042487061937
2018-10-06T13:00:00.0,2018-10-06T19:00:00.0,19,56926.625,1.0,43893.652,63888.477,0.7600175175175177
2018-10-06T14:00:00.0,2018-10-06T20:00:00.0,20,56800.63,1.0,43945.68,64147.19,0.7370472821085343
2018-10-06T15:00:00.0,2018-10-06T21:00:00.0,21,55260.938,1.0,42696.51,62997.348,0.7099571419534413
2018-10-06T16:00:00.0,2018-10-06T22:00:00.0,22,52879.31,1.0,41899.43,61919.79,0.5891468485853286
2018-10-06T17:00:00.0,2018-10-06T23:00:00.0,23,51685.965,1.0,39923.66,60004.684,0.6550153649167731
2018-10-06T18:00:00.0,2018-10-07T00:00:00.0,0,49196.145,1.0,38208.055,58277.74,0.587444079928422
2018-10-06T19:00:00.0,2018-10-07T01:00:00.0,1,46792.125,1.0,35451.72,55578.664,0.616064769815322
2018-10-06T20:00:00.0,2018-10-07T02:00:00.0,2,44196.598,1.0,33162.137,53250.49,0.5907041166226815
2018-10-06T21:00:00.0,2018-10-07T03:00:00.0,3,41643.37,1.0,30280.688,50469.94,0.6149345959039862
2018-10-06T22:00:00.0,2018-10-07T04:00:00.0,4,39665.688,1.0,28162.592,48236.902,0.6329742396919568
2018-10-06T23:00:00.0,2018-10-07T05:00:00.0,5,38093.812,1.0,25965.26,46148.27,0.6806720548977215
2018-10-07T00:00:00.0,2018-10-07T06:00:00.0,6,36989.133,1.0,27920.838,46216.37,0.4919381606443628
2018-10-07T01:00:00.0,2018-10-07T07:00:00.0,7,36232.56,1.0,26013.467,45434.06,0.548507165038033
2018-10-07T02:00:00.0,2018-10-07T08:00:00.0,8,35883.617,1.0,27302.91,44846.46,0.47979335614123986
2018-10-07T03:00:00.0,2018-10-07T09:00:00.0,9,36127.35,1.0,28153.623,45749.785,0.41373205100452526
2018-10-07T04:00:00.0,2018-10-07T10:00:00.0,10,36783.215,1.0,28450.639,47500.984,0.38543214025653927
2018-10-07T05:00:00.0,2018-10-07T11:00:00.0,11,37595.33,1.0,29905.832,49522.363,0.3076589434507738
2018-10-07T06:00:00.0,2018-10-07T12:00:00.0,12,40113.62,1.0,32452.303,50602.816,0.3585147295994811
2018-10-07T07:00:00.0,2018-10-07T13:00:00.0,13,43526.816,1.0,34770.14,51522.574,0.5420739802939396
2018-10-07T08:00:00.0,2018-10-07T14:00:00.0,14,46719.42,1.0,35634.766,53852.37,0.6930731109500934
2018-10-07T09:00:00.0,2018-10-07T15:00:00.0,15,49641.52,1.0,37889.492,55846.36,0.7637938474276705
2018-10-07T10:00:00.0,2018-10-07T16:00:00.0,16,51790.234,1.0,40708.96,57746.45,0.7579530276237398
2018-10-07T11:00:00.0,2018-10-07T17:00:00.0,17,53520.87,1.0,40935.31,58701.895,0.833817326253258
2018-10-07T12:00:00.0,2018-10-07T18:00:00.0,18,54293.0,1.0,41116.3,60634.58,0.7923421458948453
2018-10-07T13:00:00.0,2018-10-07T19:00:00.0,19,54316.156,1.0,42603.848,61328.35,0.7203685894778733
2018-10-07T14:00:00.0,2018-10-07T20:00:00.0,20,53131.3,1.0,42817.23,61736.688,0.5831993020401907
2018-10-07T15:00:00.0,2018-10-07T21:00:00.0,21,52035.22,1.0,41905.938,60506.406,0.5821377655995557
2018-10-07T16:00:00.0,2018-10-07T22:00:00.0,22,50683.223,1.0,41112.184,60164.418,0.5043761994291444
2018-10-07T17:00:00.0,2018-10-07T23:00:00.0,23,50132.574,1.0,40034.695,59033.094,0.5582800464486164
2018-10-07T18:00:00.0,2018-10-08T00:00:00.0,0,48569.582,1.0,39146.715,56749.562,0.565230247414529
2018-10-07T19:00:00.0,2018-10-08T01:00:00.0,1,46547.95,1.0,36585.168,55028.535,0.5741466645577125
2018-10-07T20:00:00.0,2018-10-08T02:00:00.0,2,43923.863,1.0,33647.418,52930.51,0.5608744087982217
2018-10-07T21:00:00.0,2018-10-08T03:00:00.0,3,41200.69,1.0,32482.21,49709.95,0.5112691235209889
2018-10-07T22:00:00.0,2018-10-08T04:00:00.0,4,38947.58,1.0,29981.01,47732.883,0.509475791696725
2018-10-07T23:00:00.0,2018-10-08T05:00:00.0,5,37628.688,1.0,27728.824,45209.297,0.6212028663706101
2018-10-08T00:00:00.0,2018-10-08T06:00:00.0,6,36862.926,1.0,26310.629,46558.656,0.5391969903116524
2018-10-08T01:00:00.0,2018-10-08T07:00:00.0,7,36752.613,1.0,26005.26,46239.152,0.557625247587723
2018-10-08T02:00:00.0,2018-10-08T08:00:00.0,8,37672.19,1.0,26579.934,46113.56,0.6238773482658959
2018-10-08T03:00:00.0,2018-10-08T09:00:00.0,9,39528.3,1.0,27784.107,47090.61,0.692819038937142
2018-10-08T04:00:00.0,2018-10-08T10:00:00.0,10,41781.41,1.0,28949.076,48035.52,0.7886456805070867
2018-10-08T05:00:00.0,2018-10-08T11:00:00.0,11,42355.36,1.0,30659.73,50215.42,0.6758903112557263
2018-10-08T06:00:00.0,2018-10-08T12:00:00.0,12,43989.484,1.0,32513.406,52141.37,0.6531941242227342
2018-10-08T07:00:00.0,2018-10-08T13:00:00.0,13,46412.703,1.0,35047.34,53831.38,0.6874903437535747
2018-10-08T08:00:00.0,2018-10-08T14:00:00.0,14,48922.125,1.0,35963.47,55240.08,0.7885378323108384
2018-10-08T09:00:00.0,2018-10-08T15:00:00.0,15,50909.582,1.0,40123.566,56365.066,0.7773986065651233
2018-10-08T10:00:00.0,2018-10-08T16:00:00.0,16,52230.05,1.0,42110.316,58086.02,0.7326421717316244
2018-10-08T11:00:00.0,2018-10-08T17:00:00.0,17,53034.184,1.0,41833.34,60081.754,0.7017486958893026
2018-10-08T12:00:00.0,2018-10-08T18:00:00.0,18,53145.137,1.0,42709.52,61514.504,0.6008729947033499
2018-10-08T13:00:00.0,2018-10-08T19:00:00.0,19,52731.13,1.0,44573.15,61889.945,0.4465264565992863
2018-10-08T14:00:00.0,2018-10-08T20:00:00.0,20,51566.13,1.0,44085.164,61860.605,0.35636778204353636
2018-10-08T15:00:00.0,2018-10-08T21:00:00.0,21,50179.33,1.0,42998.883,61143.52,0.31381196145227974
2018-10-08T16:00:00.0,2018-10-08T22:00:00.0,22,49242.426,1.0,41965.71,60484.215,0.30921071852862253
2018-10-08T17:00:00.0,2018-10-08T23:00:00.0,23,48972.11,1.0,39574.613,59362.066,0.4535599712935608
2018-10-08T18:00:00.0,2018-10-09T00:00:00.0,0,47370.934,1.0,38426.188,56721.44,0.47942628594572734
2018-10-08T19:00:00.0,2018-10-09T01:00:00.0,1,44816.562,1.0,35625.73,54306.145,0.485162097486868
2018-10-08T20:00:00.0,2018-10-09T02:00:00.0,2,41664.547,1.0,32994.8,51684.7,0.4332622285803871
2018-10-08T21:00:00.0,2018-10-09T03:00:00.0,3,38879.66,1.0,31092.637,48676.773,0.3951547505042894
2018-10-08T22:00:00.0,2018-10-09T04:00:00.0,4,36803.02,1.0,28306.166,46905.285,0.4204277844217455
2018-10-08T23:00:00.0,2018-10-09T05:00:00.0,5,35478.074,1.0,26783.812,45847.734,0.4190042433352996
2018-10-09T00:00:00.0,2018-10-09T06:00:00.0,6,34942.023,1.0,26193.166,45521.61,0.41280715090090103
2018-10-09T01:00:00.0,2018-10-09T07:00:00.0,7,34903.55,1.0,24667.879,44864.344,0.512628437080984
2018-10-09T02:00:00.0,2018-10-09T08:00:00.0,8,35856.816,1.0,26147.865,45877.37,0.4853464760131991
2018-10-09T03:00:00.0,2018-10-09T09:00:00.0,9,38428.832,1.0,27024.307,46784.938,0.6401568101536551
2018-10-09T04:00:00.0,2018-10-09T10:00:00.0,10,41343.152,1.0,28102.457,48008.367,0.7788798469173186
2018-10-09T05:00:00.0,2018-10-09T11:00:00.0,11,41743.414,1.0,30055.809,50116.492,0.6496465143587349
2018-10-09T06:00:00.0,2018-10-09T12:00:00.0,12,42504.113,1.0,31433.85,51314.996,0.6042465827483985
2018-10-09T07:00:00.0,2018-10-09T13:00:00.0,13,43841.082,1.0,33768.02,53517.613,0.5186265026296019
2018-10-09T08:00:00.0,2018-10-09T14:00:00.0,14,45458.406,1.0,33399.637,53781.98,0.6650472745415995
2018-10-09T09:00:00.0,2018-10-09T15:00:00.0,15,46925.44,1.0,35990.215,55935.656,0.5888225825519957
2018-10-09T10:00:00.0,2018-10-09T16:00:00.0,16,47681.223,1.0,37142.992,57506.15,0.5324718295152223
2018-10-09T11:00:00.0,2018-10-09T17:00:00.0,17,47925.67,1.0,38545.79,58475.285,0.44570094923572195
2018-10-09T12:00:00.0,2018-10-09T18:00:00.0,18,47961.332,1.0,39263.234,59463.24,0.3733938880494688
2018-10-09T13:00:00.0,2018-10-09T19:00:00.0,19,48167.84,1.0,41210.504,59972.61,0.273927303717555
2018-10-09T14:00:00.0,2018-10-09T20:00:00.0,20,48246.62,1.0,40144.055,59588.883,0.34916314782654734
2018-10-09T15:00:00.0,2018-10-09T21:00:00.0,21,47674.754,1.0,39079.74,58128.344,0.4102193867834702
2018-10-09T16:00:00.0,2018-10-09T22:00:00.0,22,46895.215,1.0,38504.31,58153.598,0.36712931648273367
2018-10-09T17:00:00.0,2018-10-09T23:00:00.0,23,46730.39,1.0,37290.26,57519.008,0.4383822983531455
2018-10-09T18:00:00.0,2018-10-10T00:00:00.0,0,45045.26,1.0,35787.363,55668.105,0.4365554470586069
2018-10-09T19:00:00.0,2018-10-10T01:00:00.0,1,42304.9,1.0,32772.953,52424.934,0.4722510251213653
2018-10-09T20:00:00.0,2018-10-10T02:00:00.0,2,39027.914,1.0,30804.088,50852.723,0.338040936414132
2018-10-09T21:00:00.0,2018-10-10T03:00:00.0,3,36172.824,1.0,28421.535,48578.523,0.29559339311597094
2018-10-09T22:00:00.0,2018-10-10T04:00:00.0,4,33987.344,1.0,26580.514,46929.754,0.2634427137936195
2018-10-09T23:00:00.0,2018-10-10T05:00:00.0,5,32707.447,1.0,25150.127,45038.523,0.28830180437752145
2018-10-10T00:00:00.0,2018-10-10T06:00:00.0,6,31968.195,1.0,22845.244,42322.066,0.4415592199652647
2018-10-10T01:00:00.0,2018-10-10T07:00:00.0,7,31817.99,1.0,23037.842,42472.734,0.4112307046196922
2018-10-10T02:00:00.0,2018-10-10T08:00:00.0,8,32562.752,1.0,24000.41,43277.79,0.39752228014906094
2018-10-10T03:00:00.0,2018-10-10T09:00:00.0,9,34811.535,1.0,25144.787,44215.668,0.5127771834273488
2018-10-10T04:00:00.0,2018-10-10T10:00:00.0,10,37614.848,1.0,26989.264,45271.14,0.6472148061126848
2018-10-10T05:00:00.0,2018-10-10T11:00:00.0,11,37589.242,1.0,28515.568,46347.29,0.5164214610399742
2018-10-10T06:00:00.0,2018-10-10T12:00:00.0,12,38384.07,1.0,29905.908,48234.125,0.43088329336530745
2018-10-10T07:00:00.0,2018-10-10T13:00:00.0,13,40030.81,1.0,31903.852,49017.652,0.45347767048883486
2018-10-10T08:00:00.0,2018-10-10T14:00:00.0,14,41651.53,1.0,32096.658,49770.12,0.5749696713363179
2018-10-10T09:00:00.0,2018-10-10T15:00:00.0,15,42989.445,1.0,32703.523,50503.074,0.6414413187112593
2018-10-10T10:00:00.0,2018-10-10T16:00:00.0,16,44428.516,1.0,32917.57,51510.355,0.7102681074468631
2018-10-10T11:00:00.0,2018-10-10T17:00:00.0,17,45859.69,1.0,33930.94,51810.312,0.7816482555708455
2018-10-10T12:00:00.0,2018-10-10T18:00:00.0,18,47106.613,1.0,35288.33,53670.062,0.7469655570365071
2018-10-10T13:00:00.0,2018-10-10T19:00:00.0,19,48157.55,1.0,35046.41,53203.586,0.8492590105489354
2018-10-10T14:00:00.0,2018-10-10T20:00:00.0,20,48359.527,1.0,35962.613,53483.52,0.8328542147235223
2018-10-10T15:00:00.0,2018-10-10T21:00:00.0,21,47320.58,1.0,36564.715,54139.46,0.6988559400615708
2018-10-10T16:00:00.0,2018-10-10T22:00:00.0,22,45625.902,1.0,36297.652,54231.215,0.5373556036704815
2018-10-10T17:00:00.0,2018-10-10T23:00:00.0,23,45133.363,1.0,34976.246,52307.293,0.6555682267763886
2018-10-10T18:00:00.0,2018-10-11T00:00:00.0,0,43355.95,1.0,32321.768,50332.54,0.6998932319942093
2018-10-10T19:00:00.0,2018-10-11T01:00:00.0,1,40557.49,1.0,29528.691,48554.55,0.6445570496071663
2018-10-10T20:00:00.0,2018-10-11T02:00:00.0,2,37256.027,1.0,26324.254,46153.043,0.5943315600418317
2018-10-10T21:00:00.0,2018-10-11T03:00:00.0,3,34196.125,1.0,24287.375,44626.887,0.47619679954825705
2018-10-10T22:00:00.0,2018-10-11T04:00:00.0,4,32061.428,1.0,24088.246,42867.11,0.36284340019742606
2018-10-10T23:00:00.0,2018-10-11T05:00:00.0,5,30702.07,1.0,22368.629,40609.742,0.4204415836240244
2018-10-11T00:00:00.0,2018-10-11T06:00:00.0,6,29857.154,1.0,20806.678,41083.938,0.40142088554125793
2018-10-11T01:00:00.0,2018-10-11T07:00:00.0,7,29687.303,1.0,20748.883,40940.176,0.3948740584326286
2018-10-11T02:00:00.0,2018-10-11T08:00:00.0,8,30337.264,1.0,21640.91,41274.477,0.3953147440167157
2018-10-11T03:00:00.0,2018-10-11T09:00:00.0,9,32574.252,1.0,23792.299,41629.49,0.48578493662067035
2018-10-11T04:00:00.0,2018-10-11T10:00:00.0,10,35331.03,1.0,24911.057,43604.85,0.6052868793544616
2018-10-11T05:00:00.0,2018-10-11T11:00:00.0,11,35355.652,1.0,25584.516,45460.785,0.484409947741695
2018-10-11T06:00:00.0,2018-10-11T12:00:00.0,12,35884.26,1.0,27238.379,45661.79,0.4431903003692248
2018-10-11T07:00:00.0,2018-10-11T13:00:00.0,13,36905.76,1.0,31411.986,45706.746,0.29523199928131905
2018-10-11T08:00:00.0,2018-10-11T14:00:00.0,14,37912.773,1.0,29790.25,48296.805,0.38810355265560287
2018-10-11T09:00:00.0,2018-10-11T15:00:00.0,15,39063.62,1.0,30943.895,48878.043,0.4130078686004414
2018-10-11T10:00:00.0,2018-10-11T16:00:00.0,16,40108.062,1.0,30884.465,50766.13,0.43335642369587024
2018-10-11T11:00:00.0,2018-10-11T17:00:00.0,17,41239.797,1.0,32198.713,50488.656,0.48945845629620577
2018-10-11T12:00:00.0,2018-10-11T18:00:00.0,18,42260.445,1.0,32836.047,50590.29,0.5570171896033965
2018-10-11T13:00:00.0,2018-10-11T19:00:00.0,19,43293.58,1.0,34133.914,50092.195,0.6346357927958535
2018-10-11T14:00:00.0,2018-10-11T20:00:00.0,20,43567.824,1.0,33783.652,51116.97,0.6178929872261838
2018-10-11T15:00:00.0,2018-10-11T21:00:00.0,21,42804.8,1.0,33209.152,50727.395,0.5879061532567845
2018-10-11T16:00:00.0,2018-10-11T22:00:00.0,22,42120.066,1.0,31981.797,51657.53,0.528314079932213
2018-10-11T17:00:00.0,2018-10-11T23:00:00.0,23,42487.133,1.0,31103.117,49592.188,0.7048270533078661
2018-10-11T18:00:00.0,2018-10-12T00:00:00.0,0,41305.11,1.0,30565.822,50783.773,0.5576618534953082
2018-10-11T19:00:00.0,2018-10-12T01:00:00.0,1,39161.543,1.0,28615.125,48541.25,0.5541687118262505
2018-10-11T20:00:00.0,2018-10-12T02:00:00.0,2,36260.96,1.0,25973.984,44670.484,0.5923489415055212
2018-10-11T21:00:00.0,2018-10-12T03:00:00.0,3,33479.504,1.0,24342.23,42281.473,0.5173404398308503
2018-10-11T22:00:00.0,2018-10-12T04:00:00.0,4,31535.283,1.0,22442.105,41250.527,0.4693357647012562
2018-10-11T23:00:00.0,2018-10-12T05:00:00.0,5,30275.627,1.0,20210.746,39605.516,0.535122548785952
2018-10-12T00:00:00.0,2018-10-12T06:00:00.0,6,29715.086,1.0,22282.725,38697.445,0.413069723756906
2018-10-12T01:00:00.0,2018-10-12T07:00:00.0,7,29577.64,1.0,22881.605,38885.477,0.35210896575609346
2018-10-12T02:00:00.0,2018-10-12T08:00:00.0,8,30332.127,1.0,23013.871,39008.234,0.42172275038187096
2018-10-12T03:00:00.0,2018-10-12T09:00:00.0,9,32585.305,1.0,23173.1,40586.652,0.5747446394170367
2018-10-12T04:00:00.0,2018-10-12T10:00:00.0,10,35396.53,1.0,24795.99,42177.37,0.6953884018564532
2018-10-12T05:00:00.0,2018-10-12T11:00:00.0,11,35825.84,1.0,28187.832,41275.184,0.6513726800005234
2018-10-12T06:00:00.0,2018-10-12T12:00:00.0,12,36781.027,1.0,28666.023,42760.145,0.6377773228111973
2018-10-12T07:00:00.0,2018-10-12T13:00:00.0,13,38287.176,1.0,30072.178,43445.56,0.7025216963353301
2018-10-12T08:00:00.0,2018-10-12T14:00:00.0,14,40019.84,1.0,31793.459,42980.89,0.8631622373077198
2018-10-12T09:00:00.0,2018-10-12T15:00:00.0,15,41611.176,1.0,32493.078,44033.54,0.9113969786247101
2018-10-12T10:00:00.0,2018-10-12T16:00:00.0,16,43251.164,1.0,33394.613,45258.68,0.9380113605330712
2018-10-12T11:00:00.0,2018-10-12T17:00:00.0,17,44809.75,1.0,35214.07,46298.305,0.9553539840558443
2018-10-12T12:00:00.0,2018-10-12T18:00:00.0,18,45836.74,1.0,34926.754,47893.36,0.9437316762268961
2018-10-12T13:00:00.0,2018-10-12T19:00:00.0,19,46368.92,1.0,34154.598,50067.445,0.8933480705259691
2018-10-12T14:00:00.0,2018-10-12T20:00:00.0,20,46464.156,1.0,35851.83,50020.797,0.8765962550764596
2018-10-12T15:00:00.0,2018-10-12T21:00:00.0,21,45592.848,1.0,33908.715,50073.57,0.850054107940422
2018-10-12T16:00:00.0,2018-10-12T22:00:00.0,22,44469.58,1.0,33908.086,49771.637,0.7797269864724613
2018-10-12T17:00:00.0,2018-10-12T23:00:00.0,23,44027.25,1.0,34176.918,47886.46,0.8452804255904015
2018-10-12T18:00:00.0,2018-10-13T00:00:00.0,0,42566.734,1.0,33509.367,47134.203,0.7783286055156731
2018-10-12T19:00:00.0,2018-10-13T01:00:00.0,1,40900.973,1.0,32315.379,45302.902,0.7731599699183498
2018-10-12T20:00:00.0,2018-10-13T02:00:00.0,2,38756.29,1.0,30364.068,43061.47,0.7729863522482532
2018-10-12T21:00:00.0,2018-10-13T03:00:00.0,3,36468.098,1.0,27252.31,40818.332,0.797938029815843
2018-10-12T22:00:00.0,2018-10-13T04:00:00.0,4,34640.68,1.0,23586.016,41907.2,0.6847256375330382
2018-10-12T23:00:00.0,2018-10-13T05:00:00.0,5,33104.812,1.0,22469.713,39115.99,0.7409170211620268
2018-10-13T00:00:00.0,2018-10-13T06:00:00.0,6,32345.797,1.0,23053.098,39145.605,0.6407132862616782
2018-10-13T01:00:00.0,2018-10-13T07:00:00.0,7,31937.65,1.0,23063.822,40535.434,0.5146590088751117
2018-10-13T02:00:00.0,2018-10-13T08:00:00.0,8,31992.912,1.0,22459.71,41156.723,0.5183286211719891
2018-10-13T03:00:00.0,2018-10-13T09:00:00.0,9,32696.936,1.0,23223.602,42785.12,0.4708557142315997
2018-10-13T04:00:00.0,2018-10-13T10:00:00.0,10,34001.4,1.0,24077.861,42765.29,0.5573890031186362
2018-10-13T05:00:00.0,2018-10-13T11:00:00.0,11,35321.73,1.0,25919.918,43078.734,0.5882277142947754
2018-10-13T06:00:00.0,2018-10-13T12:00:00.0,12,37371.21,1.0,26397.938,45003.63,0.6619154770472536
2018-10-13T07:00:00.0,2018-10-13T13:00:00.0,13,39810.86,1.0,29975.629,45999.35,0.7017382941636112
2018-10-13T08:00:00.0,2018-10-13T14:00:00.0,14,41971.008,1.0,33722.027,44340.543,0.9011048366206565
2018-10-13T09:00:00.0,2018-10-13T15:00:00.0,15,43774.285,1.0,34940.72,44871.555,0.9647329379525905
2018-10-13T10:00:00.0,2018-10-13T16:00:00.0,16,45098.355,1.0,36467.793,46582.03,0.9498868859156371
2018-10-13T11:00:00.0,2018-10-13T17:00:00.0,17,45496.887,1.0,38003.242,46164.703,0.9737492377722183
2018-10-13T12:00:00.0,2018-10-13T18:00:00.0,18,46041.957,1.0,37589.387,49925.844,0.8054910115513786
2018-10-13T13:00:00.0,2018-10-13T19:00:00.0,19,46348.824,1.0,34538.105,51102.324,0.8391778959769677
2018-10-13T14:00:00.0,2018-10-13T20:00:00.0,20,46472.355,1.0,35804.207,49785.37,0.8894768751977377
2018-10-13T15:00:00.0,2018-10-13T21:00:00.0,21,45912.844,1.0,34763.25,50759.074,0.8203514400947566
2018-10-13T16:00:00.0,2018-10-13T22:00:00.0,22,44982.547,1.0,34122.848,50155.71,0.7953091223875673
2018-10-13T17:00:00.0,2018-10-13T23:00:00.0,23,44629.78,1.0,34424.332,48003.676,0.8790456314512946
2018-10-13T18:00:00.0,2018-10-14T00:00:00.0,0,43297.027,1.0,33214.824,46753.97,0.8724663743723924
2018-10-13T19:00:00.0,2018-10-14T01:00:00.0,1,41564.277,1.0,32561.38,44157.75,0.9007168028842899
2018-10-13T20:00:00.0,2018-10-14T02:00:00.0,2,39502.438,1.0,30089.402,43083.61,0.8517414291075831
2018-10-13T21:00:00.0,2018-10-14T03:00:00.0,3,37371.207,1.0,28410.389,41964.418,0.773235436418476
2018-10-13T22:00:00.0,2018-10-14T04:00:00.0,4,35524.875,1.0,25630.799,43056.125,0.6237788284366329
2018-10-13T23:00:00.0,2018-10-14T05:00:00.0,5,34055.832,1.0,25465.48,41390.49,0.572766405641801
2018-10-14T00:00:00.0,2018-10-14T06:00:00.0,6,33179.375,1.0,24092.55,43122.62,0.4583112528226547
2018-10-14T01:00:00.0,2018-10-14T07:00:00.0,7,32604.29,1.0,24065.83,42716.87,0.4221759956206379
2018-10-14T02:00:00.0,2018-10-14T08:00:00.0,8,32297.201,1.0,23193.47,43030.184,0.4242411764705883
2018-10-14T03:00:00.0,2018-10-14T09:00:00.0,9,32508.18,1.0,23814.29,44198.465,0.3661997374810189
2018-10-14T04:00:00.0,2018-10-14T10:00:00.0,10,33144.332,1.0,24715.86,44829.453,0.3532219562184602
2018-10-14T05:00:00.0,2018-10-14T11:00:00.0,11,33898.51,1.0,25746.836,45924.562,0.3275618257261413
2018-10-14T06:00:00.0,2018-10-14T12:00:00.0,12,36190.855,1.0,26865.5,47115.863,0.4271030477648229
2018-10-14T07:00:00.0,2018-10-14T13:00:00.0,13,38928.92,1.0,27915.281,47788.773,0.599523636693585
2018-10-14T08:00:00.0,2018-10-14T14:00:00.0,14,41246.668,1.0,27943.928,47948.875,0.7786126377458502
2018-10-14T09:00:00.0,2018-10-14T15:00:00.0,15,43722.19,1.0,28277.295,47753.145,0.9135163043276393
2018-10-14T10:00:00.0,2018-10-14T16:00:00.0,16,46002.625,1.0,29124.775,48926.24,0.9493939370226618
2018-10-14T11:00:00.0,2018-10-14T17:00:00.0,17,48059.19,1.0,35306.5,51582.01,0.9063718010622888
2018-10-14T12:00:00.0,2018-10-14T18:00:00.0,18,49920.566,1.0,35652.004,53148.754,0.9288863068916764
2018-10-14T13:00:00.0,2018-10-14T19:00:00.0,19,51080.688,1.0,32595.852,52724.383,0.9737937661546192
2018-10-14T14:00:00.0,2018-10-14T20:00:00.0,20,51217.777,1.0,35655.79,54965.5,0.9225818398637139
2018-10-14T15:00:00.0,2018-10-14T21:00:00.0,21,50059.887,1.0,33188.688,53345.39,0.9414647021140297
2018-10-14T16:00:00.0,2018-10-14T22:00:00.0,22,48790.52,1.0,36056.484,54841.043,0.7960482429598771
2018-10-14T17:00:00.0,2018-10-14T23:00:00.0,23,48351.887,1.0,37617.492,52883.387,0.8277023683280312
2018-10-14T18:00:00.0,2018-10-15T00:00:00.0,0,46498.0,1.0,36774.527,50381.66,0.8409403053161504
2018-10-14T19:00:00.0,2018-10-15T01:00:00.0,1,43806.09,1.0,33069.68,46372.613,0.9233422354104844
2018-10-14T20:00:00.0,2018-10-15T02:00:00.0,2,40465.855,1.0,29030.318,45263.832,0.8292350820689353
2018-10-14T21:00:00.0,2018-10-15T03:00:00.0,3,37368.74,1.0,26593.883,44591.566,0.6769157052474877
2018-10-14T22:00:00.0,2018-10-15T04:00:00.0,4,35217.74,1.0,25637.703,44743.72,0.5026256483981891
2018-10-14T23:00:00.0,2018-10-15T05:00:00.0,5,33848.56,1.0,23909.111,44325.77,0.47557208964703723
2018-10-15T00:00:00.0,2018-10-15T06:00:00.0,6,32963.902,1.0,24155.49,41957.73,0.49033486238532104
2018-10-15T01:00:00.0,2018-10-15T07:00:00.0,7,32621.709,1.0,23788.916,41602.54,0.4922880570112834
2018-10-15T02:00:00.0,2018-10-15T08:00:00.0,8,33447.234,1.0,24455.47,42020.19,0.5221160092807423
2018-10-15T03:00:00.0,2018-10-15T09:00:00.0,9,35749.684,1.0,25101.81,44432.582,0.5934605052050296
2018-10-15T04:00:00.0,2018-10-15T10:00:00.0,10,38742.23,1.0,26012.582,45428.082,0.7654878946748354
2018-10-15T05:00:00.0,2018-10-15T11:00:00.0,11,39347.902,1.0,27508.914,47629.33,0.6595827014500656
2018-10-15T06:00:00.0,2018-10-15T12:00:00.0,12,40003.242,1.0,29426.896,49616.137,0.5441946121733093
2018-10-15T07:00:00.0,2018-10-15T13:00:00.0,13,40640.34,1.0,30967.61,51221.855,0.4584353914935848
2018-10-15T08:00:00.0,2018-10-15T14:00:00.0,14,40906.277,1.0,32070.203,52387.004,0.3810162117684136
2018-10-15T09:00:00.0,2018-10-15T15:00:00.0,15,40734.65,1.0,31858.875,52064.195,0.38877829806710584
2018-10-15T10:00:00.0,2018-10-15T16:00:00.0,16,40382.957,1.0,32910.188,52976.707,0.2763821886652332
2018-10-15T11:00:00.0,2018-10-15T17:00:00.0,17,39883.734,1.0,32623.47,52974.406,0.25257071126021297
2018-10-15T12:00:00.0,2018-10-15T18:00:00.0,18,39439.4,1.0,32345.887,52531.613,0.24470548600243447
2018-10-15T13:00:00.0,2018-10-15T19:00:00.0,19,39610.824,1.0,32159.172,52223.004,0.27482572129333765
2018-10-15T14:00:00.0,2018-10-15T20:00:00.0,20,40082.0,1.0,32906.473,51651.15,0.29279629011124547
2018-10-15T15:00:00.0,2018-10-15T21:00:00.0,21,40689.535,1.0,30768.63,48752.715,0.5949463077154461
2018-10-15T16:00:00.0,2018-10-15T22:00:00.0,22,41528.6,1.0,31501.537,50512.504,0.5507859007832899
2018-10-15T17:00:00.0,2018-10-15T23:00:00.0,23,41733.45,1.0,30250.594,48486.55,0.7268497441965385
2018-10-15T18:00:00.0,2018-10-16T00:00:00.0,0,40711.598,1.0,29940.453,49303.047,0.6032866421183128
2018-10-15T19:00:00.0,2018-10-16T01:00:00.0,1,38489.605,1.0,29943.838,48571.438,0.42394168656774867
2018-10-15T20:00:00.0,2018-10-16T02:00:00.0,2,35851.45,1.0,28117.41,47923.62,0.30520590776319567
2018-10-15T21:00:00.0,2018-10-16T03:00:00.0,3,33696.785,1.0,26277.867,46211.684,0.2760371172237628
2018-10-15T22:00:00.0,2018-10-16T04:00:00.0,4,32365.467,1.0,24728.43,44797.4,0.28917567152784895
2018-10-15T23:00:00.0,2018-10-16T05:00:00.0,5,31623.244,1.0,23340.44,43481.848,0.3398017335689641
2018-10-16T00:00:00.0,2018-10-16T06:00:00.0,6,31346.229,1.0,24094.71,41837.793,0.33550132783095465
2018-10-16T01:00:00.0,2018-10-16T07:00:00.0,7,31621.502,1.0,23470.139,42649.582,0.36358234403778483
2018-10-16T02:00:00.0,2018-10-16T08:00:00.0,8,32753.693,1.0,22759.049,42888.117,0.4935559448619241
2018-10-16T03:00:00.0,2018-10-16T09:00:00.0,9,35590.215,1.0,23743.12,43979.93,0.6544679084817833
2018-10-16T04:00:00.0,2018-10-16T10:00:00.0,10,38774.57,1.0,24819.734,44954.61,0.8154418185854897
2018-10-16T05:00:00.0,2018-10-16T11:00:00.0,11,39435.81,1.0,26310.447,46530.008,0.7561049951538469
2018-10-16T06:00:00.0,2018-10-16T12:00:00.0,12,39668.785,1.0,27121.46,47417.05,0.708861144945189
2018-10-16T07:00:00.0,2018-10-16T13:00:00.0,13,40119.996,1.0,29393.393,47055.67,0.6912131501490143
2018-10-16T08:00:00.0,2018-10-16T14:00:00.0,14,40321.566,1.0,28244.375,47979.91,0.6987655442339765
2018-10-16T09:00:00.0,2018-10-16T15:00:00.0,15,40131.676,1.0,28144.129,46523.38,0.7606113924346021
2018-10-16T10:00:00.0,2018-10-16T16:00:00.0,16,39898.625,1.0,29143.584,48510.297,0.6015849890849893
2018-10-16T11:00:00.0,2018-10-16T17:00:00.0,17,39650.414,1.0,27958.807,47537.617,0.6743639349309796
2018-10-16T12:00:00.0,2018-10-16T18:00:00.0,18,39197.617,1.0,29284.445,48561.51,0.5264232791012787
2018-10-16T13:00:00.0,2018-10-16T19:00:00.0,19,39298.113,1.0,28650.129,48836.34,0.5508818761384333
2018-10-16T14:00:00.0,2018-10-16T20:00:00.0,20,39614.69,1.0,28576.674,48424.09,0.6030312739744573
2018-10-16T15:00:00.0,2018-10-16T21:00:00.0,21,39811.9,1.0,29527.379,48512.67,0.5769317199654281
2018-10-16T16:00:00.0,2018-10-16T22:00:00.0,22,40587.105,1.0,30416.834,49046.28,0.5845919658851937
2018-10-16T17:00:00.0,2018-10-16T23:00:00.0,23,40789.816,1.0,30012.322,49383.72,0.6034208774136272
2018-10-16T18:00:00.0,2018-10-17T00:00:00.0,0,39703.926,1.0,29681.756,47479.066,0.6155034174027739
2018-10-16T19:00:00.0,2018-10-17T01:00:00.0,1,37676.79,1.0,30895.025,48579.996,0.2938762617093892
2018-10-16T20:00:00.0,2018-10-17T02:00:00.0,2,34982.477,1.0,30506.969,47970.844,0.12843625618140148
2018-10-16T21:00:00.0,2018-10-17T03:00:00.0,3,32867.426,1.0,26371.354,43970.863,0.2712676081184782
2018-10-16T22:00:00.0,2018-10-17T04:00:00.0,4,31578.232,1.0,24044.676,42346.824,0.34046586556022806
2018-10-16T23:00:00.0,2018-10-17T05:00:00.0,5,30750.318,1.0,23143.865,40871.547,0.3707004100155249
2018-10-17T00:00:00.0,2018-10-17T06:00:00.0,6,30488.947,1.0,24418.154,42658.375,0.21835714338944917
2018-10-17T01:00:00.0,2018-10-17T07:00:00.0,7,30612.666,1.0,23204.871,42671.79,0.2891645164954645
2018-10-17T02:00:00.0,2018-10-17T08:00:00.0,8,31700.662,1.0,24263.361,43344.793,0.3040339909471347
2018-10-17T03:00:00.0,2018-10-17T09:00:00.0,9,34438.355,1.0,24690.646,43295.75,0.5443166002498071
2018-10-17T04:00:00.0,2018-10-17T10:00:00.0,10,37585.26,1.0,26126.273,44988.645,0.6915196806856277
2018-10-17T05:00:00.0,2018-10-17T11:00:00.0,11,37934.41,1.0,27392.93,46858.305,0.5766408774575464
2018-10-17T06:00:00.0,2018-10-17T12:00:00.0,12,37952.434,1.0,28700.033,48421.453,0.44294621049687705
2018-10-17T07:00:00.0,2018-10-17T13:00:00.0,13,38183.13,1.0,29923.412,48707.406,0.38956410183580925
2018-10-17T08:00:00.0,2018-10-17T14:00:00.0,14,38197.207,1.0,29882.896,49622.008,0.356974315774695
2018-10-17T09:00:00.0,2018-10-17T15:00:00.0,15,37994.027,1.0,30346.049,49684.156,0.31340483902672495
2018-10-17T10:00:00.0,2018-10-17T16:00:00.0,16,37803.71,1.0,31101.678,49767.316,0.2560126136509155
2018-10-17T11:00:00.0,2018-10-17T17:00:00.0,17,37619.21,1.0,30442.938,48985.605,0.2995551977283746
2018-10-17T12:00:00.0,2018-10-17T18:00:00.0,18,37454.668,1.0,32320.805,48851.383,0.18907286658653816
2018-10-17T13:00:00.0,2018-10-17T19:00:00.0,19,37537.855,1.0,29853.334,46837.945,0.4124417983767627
2018-10-17T14:00:00.0,2018-10-17T20:00:00.0,20,37947.312,1.0,30064.113,49136.49,0.3433959160929662
2018-10-17T15:00:00.0,2018-10-17T21:00:00.0,21,38526.07,1.0,29004.654,47154.613,0.5455531845709872
2018-10-17T16:00:00.0,2018-10-17T22:00:00.0,22,39323.5,1.0,29395.7,47988.082,0.5627905831363279
2018-10-17T17:00:00.0,2018-10-17T23:00:00.0,23,39656.574,1.0,30529.334,47949.402,0.5443593435680255
2018-10-17T18:00:00.0,2018-10-18T00:00:00.0,0,38731.008,1.0,29764.71,47894.457,0.4899085384568166
2018-10-17T19:00:00.0,2018-10-18T01:00:00.0,1,36812.285,1.0,28603.709,45452.133,0.4762596888571276
2018-10-17T20:00:00.0,2018-10-18T02:00:00.0,2,34353.473,1.0,26888.854,45288.645,0.3304077271010474
2018-10-17T21:00:00.0,2018-10-18T03:00:00.0,3,32215.19,1.0,25781.002,42455.535,0.2977174488567988
2018-10-17T22:00:00.0,2018-10-18T04:00:00.0,4,30856.797,1.0,24243.043,41862.703,0.2809980009502208
2018-10-17T23:00:00.0,2018-10-18T05:00:00.0,5,30085.049,1.0,24367.504,40842.938,0.23834111419645942
2018-10-18T00:00:00.0,2018-10-18T06:00:00.0,6,29751.14,1.0,21862.021,41113.547,0.33735965839056165
2018-10-18T01:00:00.0,2018-10-18T07:00:00.0,7,29845.357,1.0,21731.318,40095.043,0.3933773949350295
2018-10-18T02:00:00.0,2018-10-18T08:00:00.0,8,30869.705,1.0,21824.723,40711.797,0.4608952520802742
2018-10-18T03:00:00.0,2018-10-18T09:00:00.0,9,33570.863,1.0,22423.47,41729.18,0.6406426751363767
2018-10-18T04:00:00.0,2018-10-18T10:00:00.0,10,36696.848,1.0,25213.842,43903.367,0.7027284283579267
2018-10-18T05:00:00.0,2018-10-18T11:00:00.0,11,37053.24,1.0,26071.162,45095.75,0.640370545712777
2018-10-18T06:00:00.0,2018-10-18T12:00:00.0,12,37093.48,1.0,27521.168,45674.992,0.5505161675797748
2018-10-18T07:00:00.0,2018-10-18T13:00:00.0,13,37345.11,1.0,28256.996,45041.703,0.576461617006485
2018-10-18T08:00:00.0,2018-10-18T14:00:00.0,14,37415.203,1.0,27961.664,45565.5,0.5683659817945382
2018-10-18T09:00:00.0,2018-10-18T15:00:00.0,15,37224.656,1.0,29995.09,43703.133,0.5507129254620077
2018-10-18T10:00:00.0,2018-10-18T16:00:00.0,16,37015.723,1.0,30447.242,42901.92,0.5507030569619318
2018-10-18T11:00:00.0,2018-10-18T17:00:00.0,17,36841.355,1.0,29718.695,44338.68,0.4762323559970612
2018-10-18T12:00:00.0,2018-10-18T18:00:00.0,18,36616.637,1.0,29463.023,44528.207,0.4534162912545296
2018-10-18T13:00:00.0,2018-10-18T19:00:00.0,19,36628.043,1.0,28197.635,45462.55,0.478289573922467
2018-10-18T14:00:00.0,2018-10-18T20:00:00.0,20,36669.324,1.0,28317.201,45578.08,0.47009916291049575
2018-10-18T15:00:00.0,2018-10-18T21:00:00.0,21,36836.83,1.0,29494.549,45479.582,0.4249500998003992
2018-10-18T16:00:00.0,2018-10-18T22:00:00.0,22,37763.55,1.0,30329.088,46273.25,0.43767212662822524
2018-10-18T17:00:00.0,2018-10-18T23:00:00.0,23,38225.78,1.0,30512.65,46562.19,0.4640098382563015
2018-10-18T18:00:00.0,2018-10-19T00:00:00.0,0,37488.387,1.0,30193.342,46282.586,0.41420348345640084
2018-10-18T19:00:00.0,2018-10-19T01:00:00.0,1,35833.543,1.0,28450.559,44352.76,0.43399666014050453
2018-10-18T20:00:00.0,2018-10-19T02:00:00.0,2,33647.695,1.0,26090.938,43144.758,0.3956358918873496
2018-10-18T21:00:00.0,2018-10-19T03:00:00.0,3,31515.416,1.0,25215.602,41103.55,0.31510355660504946
2018-10-18T22:00:00.0,2018-10-19T04:00:00.0,4,30065.984,1.0,24291.422,40056.29,0.2669592955255044
2018-10-18T23:00:00.0,2018-10-19T05:00:00.0,5,29220.125,1.0,23381.834,39965.62,0.24563524120292807
2018-10-19T00:00:00.0,2018-10-19T06:00:00.0,6,28772.32,1.0,21956.936,41807.977,0.23303942327082078
2018-10-19T01:00:00.0,2018-10-19T07:00:00.0,7,28862.436,1.0,22821.332,39230.184,0.26980599745539985
2018-10-19T02:00:00.0,2018-10-19T08:00:00.0,8,29759.953,1.0,22395.438,38891.344,0.4016168384691905
2018-10-19T03:00:00.0,2018-10-19T09:00:00.0,9,32173.264,1.0,23077.59,40501.48,0.5408059274940459
2018-10-19T04:00:00.0,2018-10-19T10:00:00.0,10,35062.645,1.0,24273.096,41919.27,0.6979293689566958
2018-10-19T05:00:00.0,2018-10-19T11:00:00.0,11,35679.637,1.0,25949.559,41991.254,0.689961570162786
2018-10-19T06:00:00.0,2018-10-19T12:00:00.0,12,36129.03,1.0,25892.615,44464.414,0.5941013690649576
2018-10-19T07:00:00.0,2018-10-19T13:00:00.0,13,36849.64,1.0,29468.967,41389.324,0.7103585625695658
2018-10-19T08:00:00.0,2018-10-19T14:00:00.0,14,37473.69,1.0,27914.615,43188.387,0.7208994816546402
2018-10-19T09:00:00.0,2018-10-19T15:00:00.0,15,37771.105,1.0,31552.928,40364.188,0.8307273442107337
2018-10-19T10:00:00.0,2018-10-19T16:00:00.0,16,38084.05,1.0,32213.875,39804.793,0.8982010381624975
2018-10-19T11:00:00.0,2018-10-19T17:00:00.0,17,38428.258,1.0,30948.527,43090.805,0.7052947397644199
2018-10-19T12:00:00.0,2018-10-19T18:00:00.0,18,38445.824,1.0,31562.973,45095.9,0.5159584441215979
2018-10-19T13:00:00.0,2018-10-19T19:00:00.0,19,38727.562,1.0,30101.54,46814.06,0.5299328271351771
2018-10-19T14:00:00.0,2018-10-19T20:00:00.0,20,38273.918,1.0,31060.023,46708.652,0.4279943611431496
2018-10-19T15:00:00.0,2018-10-19T21:00:00.0,21,38102.47,1.0,32198.43,45783.77,0.3804372300039277
2018-10-19T16:00:00.0,2018-10-19T22:00:00.0,22,38367.2,1.0,32434.621,46163.91,0.37606193382589115
2018-10-19T17:00:00.0,2018-10-19T23:00:00.0,23,38403.594,1.0,32033.412,46461.59,0.39276547930918865
2018-10-19T18:00:00.0,2018-10-20T00:00:00.0,0,37592.035,1.0,31774.912,45886.38,0.3415036927263011
2018-10-19T19:00:00.0,2018-10-20T01:00:00.0,1,36164.637,1.0,30773.744,43032.945,0.3896020889243498
2018-10-19T20:00:00.0,2018-10-20T02:00:00.0,2,34340.01,1.0,26808.602,43162.82,0.42712947891814773
2018-10-19T21:00:00.0,2018-10-20T03:00:00.0,3,32577.717,1.0,26601.803,40722.027,0.36045452293668906
2018-10-19T22:00:00.0,2018-10-20T04:00:00.0,4,31040.584,1.0,25545.793,38851.64,0.3427615526325958
2018-10-19T23:00:00.0,2018-10-20T05:00:00.0,5,29896.447,1.0,22695.748,38667.355,0.40954884162037675
2018-10-20T00:00:00.0,2018-10-20T06:00:00.0,6,29098.639,1.0,22973.879,38119.53,0.3282263128800441
2018-10-20T01:00:00.0,2018-10-20T07:00:00.0,7,28813.15,1.0,22853.164,37640.973,0.3259542762673674
2018-10-20T02:00:00.0,2018-10-20T08:00:00.0,8,28951.861,1.0,22734.068,37288.95,0.36741445186716015
2018-10-20T03:00:00.0,2018-10-20T09:00:00.0,9,29756.36,1.0,22704.18,39174.656,0.3691185245744986
2018-10-20T04:00:00.0,2018-10-20T10:00:00.0,10,31071.805,1.0,21826.066,42047.26,0.42113568536935037
2018-10-20T05:00:00.0,2018-10-20T11:00:00.0,11,32279.11,1.0,23681.47,43368.53,0.3842184662914751
2018-10-20T06:00:00.0,2018-10-20T12:00:00.0,12,33644.918,1.0,25753.48,43416.656,0.4022092346641891
2018-10-20T07:00:00.0,2018-10-20T13:00:00.0,13,34968.04,1.0,29122.705,41620.773,0.4402696341624864
2018-10-20T08:00:00.0,2018-10-20T14:00:00.0,14,35631.51,1.0,28017.709,43423.83,0.48924753190464726
2018-10-20T09:00:00.0,2018-10-20T15:00:00.0,15,35742.1,1.0,33203.99,38834.938,0.40936783449689307
2018-10-20T10:00:00.0,2018-10-20T16:00:00.0,16,35720.875,1.0,33709.42,39505.855,0.2383140940259487
2018-10-20T11:00:00.0,2018-10-20T17:00:00.0,17,35653.324,1.0,32740.5,41791.16,0.2036008879542006
2018-10-20T12:00:00.0,2018-10-20T18:00:00.0,18,35485.613,1.0,32226.477,42806.562,0.18593941456773286
2018-10-20T13:00:00.0,2018-10-20T19:00:00.0,19,35329.43,1.0,29829.475,46135.082,0.2245643189033314
2018-10-20T14:00:00.0,2018-10-20T20:00:00.0,20,35233.332,1.0,31012.393,44127.06,0.20361868096428304
2018-10-20T15:00:00.0,2018-10-20T21:00:00.0,21,35042.516,1.0,32183.568,43663.97,0.1215007922608628
2018-10-20T16:00:00.0,2018-10-20T22:00:00.0,22,35527.684,1.0,32475.7,43837.258,0.1408650131571584
2018-10-20T17:00:00.0,2018-10-20T23:00:00.0,23,35761.45,1.0,31920.82,43924.023,0.20113139811470335
2018-10-20T18:00:00.0,2018-10-21T00:00:00.0,0,35109.613,1.0,30804.799,43185.89,0.2392818872543354
2018-10-20T19:00:00.0,2018-10-21T01:00:00.0,1,34086.58,1.0,30465.299,41756.055,0.20213937861440867
2018-10-20T20:00:00.0,2018-10-21T02:00:00.0,2,32632.42,1.0,25751.62,41856.04,0.3675282875447929
2018-10-20T21:00:00.0,2018-10-21T03:00:00.0,3,30928.873,1.0,26322.043,38987.12,0.2630728044950851
2018-10-20T22:00:00.0,2018-10-21T04:00:00.0,4,29581.443,1.0,24856.523,37707.76,0.26904605497189726
2018-10-20T23:00:00.0,2018-10-21T05:00:00.0,5,28650.502,1.0,22212.955,38447.086,0.3151510832383125
2018-10-21T00:00:00.0,2018-10-21T06:00:00.0,6,28078.107,1.0,22262.035,38015.457,0.27140569570358686
2018-10-21T01:00:00.0,2018-10-21T07:00:00.0,7,27881.322,1.0,23936.795,35238.3,0.24121646629482504
2018-10-21T02:00:00.0,2018-10-21T08:00:00.0,8,27944.234,1.0,26067.96,32520.742,0.1652048960309224
2018-10-21T03:00:00.0,2018-10-21T09:00:00.0,9,28520.76,1.0,25357.053,34809.74,0.220914833948339
2018-10-21T04:00:00.0,2018-10-21T10:00:00.0,10,29503.854,1.0,25057.688,37066.99,0.27300897081254355
2018-10-21T05:00:00.0,2018-10-21T11:00:00.0,11,30438.24,1.0,27052.129,37241.57,0.21766542155816446
2018-10-21T06:00:00.0,2018-10-21T12:00:00.0,12,31655.5,1.0,27470.691,40813.21,0.19298867590794605
2018-10-21T07:00:00.0,2018-10-21T13:00:00.0,13,32716.729,1.0,30501.123,39858.516,0.11035442793748787
2018-10-21T08:00:00.0,2018-10-21T14:00:00.0,14,33263.816,1.0,28022.875,43628.6,0.2225131428367067
2018-10-21T09:00:00.0,2018-10-21T15:00:00.0,15,33577.074,1.0,31801.7,38960.37,0.12051945967634055
2018-10-21T10:00:00.0,2018-10-21T16:00:00.0,16,33753.746,1.0,32425.629,38043.566,0.1100207292185568
2018-10-21T11:00:00.0,2018-10-21T17:00:00.0,17,33954.574,1.0,32046.318,38596.07,0.16587299908328074
2018-10-21T12:00:00.0,2018-10-21T18:00:00.0,18,34189.78,1.0,30553.701,40406.168,0.271185831783947
2018-10-21T13:00:00.0,2018-10-21T19:00:00.0,19,34488.473,1.0,28791.758,44984.28,0.24528911810397783
2018-10-21T14:00:00.0,2018-10-21T20:00:00.0,20,34731.38,1.0,29297.455,42126.2,0.36107960741548506
2018-10-21T15:00:00.0,2018-10-21T21:00:00.0,21,34757.125,1.0,29278.242,43018.57,0.3187881594457412
2018-10-21T16:00:00.0,2018-10-21T22:00:00.0,22,35633.918,1.0,28853.959,43666.67,0.4220146966507879
2018-10-21T17:00:00.0,2018-10-21T23:00:00.0,23,36551.77,1.0,27040.32,44342.395,0.5914836006628515
2018-10-21T18:00:00.0,2018-10-22T00:00:00.0,0,35862.465,1.0,26407.088,43718.66,0.5850701997024366
2018-10-21T19:00:00.0,2018-10-22T01:00:00.0,1,34322.594,1.0,28798.291,40775.13,0.42846308418328444
2018-10-21T20:00:00.0,2018-10-22T02:00:00.0,2,32017.4,1.0,25063.111,41655.832,0.3533490265671488
2018-10-21T21:00:00.0,2018-10-22T03:00:00.0,3,29965.662,1.0,24598.64,39940.137,0.24240130794970297
2018-10-21T22:00:00.0,2018-10-22T04:00:00.0,4,28629.4,1.0,22969.115,39394.95,0.23485538718633858
2018-10-21T23:00:00.0,2018-10-22T05:00:00.0,5,27925.63,1.0,21214.34,39756.566,0.26033530571992125
2018-10-22T00:00:00.0,2018-10-22T06:00:00.0,6,27716.494,1.0,19448.154,39688.312,0.33518963596928286
2018-10-22T01:00:00.0,2018-10-22T07:00:00.0,7,27986.37,1.0,21332.953,37756.105,0.3294548216725462
2018-10-22T02:00:00.0,2018-10-22T08:00:00.0,8,29134.867,1.0,26424.328,32705.87,0.3749988765938323
2018-10-22T03:00:00.0,2018-10-22T09:00:00.0,9,31879.117,1.0,27367.156,33861.523,0.8175303543088777
2018-10-22T04:00:00.0,2018-10-22T10:00:00.0,10,35252.8,0.0,28815.83,35181.996,1.0
2018-10-22T05:00:00.0,2018-10-22T11:00:00.0,11,35906.41,1.0,30884.967,36016.98,0.9863227053075831
2018-10-22T06:00:00.0,2018-10-22T12:00:00.0,12,35974.777,1.0,29048.352,39792.332,0.7495699208810155
2018-10-22T07:00:00.0,2018-10-22T13:00:00.0,13,36213.363,1.0,33336.484,38175.35,0.6699751287350673
2018-10-22T08:00:00.0,2018-10-22T14:00:00.0,14,36239.29,1.0,29098.791,42377.664,0.569681388099639
2018-10-22T09:00:00.0,2018-10-22T15:00:00.0,15,36172.87,1.0,33751.816,38048.09,0.6162065397350995
2018-10-22T10:00:00.0,2018-10-22T16:00:00.0,16,36076.055,1.0,34253.348,37592.117,0.5845881777681183
2018-10-22T11:00:00.0,2018-10-22T17:00:00.0,17,36038.566,1.0,33067.99,38973.29,0.50563409498067
2018-10-22T12:00:00.0,2018-10-22T18:00:00.0,18,35819.31,1.0,30370.248,41282.48,0.49880036739067574
2018-10-22T13:00:00.0,2018-10-22T19:00:00.0,19,35774.918,1.0,26368.223,46683.484,0.431728688879273
2018-10-22T14:00:00.0,2018-10-22T20:00:00.0,20,35665.164,1.0,28322.883,44647.16,0.4076250179504456
2018-10-22T15:00:00.0,2018-10-22T21:00:00.0,21,35875.676,1.0,26513.354,46158.78,0.45659003219961886
2018-10-22T16:00:00.0,2018-10-22T22:00:00.0,22,37079.418,1.0,27190.168,45690.426,0.5638442196131227
2018-10-22T17:00:00.0,2018-10-22T23:00:00.0,23,37580.02,1.0,27484.229,47742.113,0.49696289509848823
2018-10-22T18:00:00.0,2018-10-23T00:00:00.0,0,36702.805,1.0,26829.033,46343.28,0.5110935272312516
2018-10-22T19:00:00.0,2018-10-23T01:00:00.0,1,34788.24,1.0,26600.326,46294.83,0.3475362722485747
2018-10-22T20:00:00.0,2018-10-23T02:00:00.0,2,32303.71,1.0,24051.965,43762.242,0.3525436969989894
2018-10-22T21:00:00.0,2018-10-23T03:00:00.0,3,30173.21,1.0,22894.549,43076.45,0.2583964380093713
2018-10-22T22:00:00.0,2018-10-23T04:00:00.0,4,28906.78,1.0,21344.475,41595.66,0.277974059623006
2018-10-22T23:00:00.0,2018-10-23T05:00:00.0,5,28244.498,1.0,19852.086,39989.625,0.3492649750168114
2018-10-23T00:00:00.0,2018-10-23T06:00:00.0,6,27990.87,1.0,21156.86,38666.793,0.3048926902816298
2018-10-23T01:00:00.0,2018-10-23T07:00:00.0,7,28221.424,1.0,22154.242,37707.832,0.3045489407179227
2018-10-23T02:00:00.0,2018-10-23T08:00:00.0,8,29332.781,1.0,26868.217,33251.043,0.29812685478597645
2018-10-23T03:00:00.0,2018-10-23T09:00:00.0,9,32103.5,1.0,28117.33,34327.11,0.7454446823353942
2018-10-23T04:00:00.0,2018-10-23T10:00:00.0,10,35346.8,1.0,29908.908,35359.805,0.9895927856840919
2018-10-23T05:00:00.0,2018-10-23T11:00:00.0,11,35916.098,1.0,31650.695,36016.375,0.9860796371953007
2018-10-23T06:00:00.0,2018-10-23T12:00:00.0,12,35956.473,1.0,30669.494,39607.438,0.6648649725014217
2018-10-23T07:00:00.0,2018-10-23T13:00:00.0,13,36238.207,1.0,34097.85,38010.47,0.5866152063050535
2018-10-23T08:00:00.0,2018-10-23T14:00:00.0,14,36370.633,1.0,31051.281,41188.34,0.5458225383887644
2018-10-23T09:00:00.0,2018-10-23T15:00:00.0,15,36178.9,1.0,35123.727,38275.758,0.22101358827955597
2018-10-23T10:00:00.0,2018-10-23T16:00:00.0,16,36049.773,1.0,35472.78,38741.02,0.06630984138428268
2018-10-23T11:00:00.0,2018-10-23T17:00:00.0,17,35997.547,1.0,34642.758,40402.11,0.10902760240786968
2018-10-23T12:00:00.0,2018-10-23T18:00:00.0,18,35915.88,1.0,32678.855,41660.723,0.2580120421808981
2018-10-23T13:00:00.0,2018-10-23T19:00:00.0,19,35965.277,1.0,28188.244,44546.188,0.45449393990642134
2018-10-23T14:00:00.0,2018-10-23T20:00:00.0,20,36002.12,1.0,29660.818,42958.88,0.4571328516150512
2018-10-23T15:00:00.0,2018-10-23T21:00:00.0,21,36121.105,1.0,28328.674,44576.42,0.462194594594595
2018-10-23T16:00:00.0,2018-10-23T22:00:00.0,22,37204.973,1.0,28408.158,45178.234,0.5454740199043273
2018-10-23T17:00:00.0,2018-10-23T23:00:00.0,23,37686.277,1.0,28313.867,45255.457,0.5977772929017698
2018-10-23T18:00:00.0,2018-10-24T00:00:00.0,0,36770.777,1.0,28493.104,44088.656,0.5569183524308017
2018-10-23T19:00:00.0,2018-10-24T01:00:00.0,1,34899.91,1.0,26668.72,44090.004,0.4490572170279232
2018-10-23T20:00:00.0,2018-10-24T02:00:00.0,2,32472.057,1.0,25416.984,42045.26,0.36231685000946534
2018-10-23T21:00:00.0,2018-10-24T03:00:00.0,3,30389.088,1.0,23616.902,41018.082,0.3030779100368055
2018-10-23T22:00:00.0,2018-10-24T04:00:00.0,4,29072.688,1.0,22728.373,39375.895,0.29005631303878265
2018-10-23T23:00:00.0,2018-10-24T05:00:00.0,5,28376.033,1.0,21734.05,38399.344,0.3184693654917983
2018-10-24T00:00:00.0,2018-10-24T06:00:00.0,6,28073.39,1.0,22108.018,38442.727,0.2652873788400362
2018-10-24T01:00:00.0,2018-10-24T07:00:00.0,7,28229.424,1.0,22082.082,38322.176,0.28599947480524013
2018-10-24T02:00:00.0,2018-10-24T08:00:00.0,8,29264.975,1.0,27285.09,33312.145,0.21247800983355078
2018-10-24T03:00:00.0,2018-10-24T09:00:00.0,9,31900.943,1.0,28690.291,34961.42,0.5222118508891114
2018-10-24T04:00:00.0,2018-10-24T10:00:00.0,10,35059.95,1.0,30536.36,35819.117,0.9512161712326483
2018-10-24T05:00:00.0,2018-10-24T11:00:00.0,11,35717.918,1.0,31994.994,36995.28,0.8723432772948334
2018-10-24T06:00:00.0,2018-10-24T12:00:00.0,12,35930.465,1.0,31844.854,39587.805,0.5511900182824028
2018-10-24T07:00:00.0,2018-10-24T13:00:00.0,13,36569.715,1.0,35261.11,37899.37,0.4925965257753683
2018-10-24T08:00:00.0,2018-10-24T14:00:00.0,14,37051.496,1.0,32608.133,40175.008,0.6575353979293628
2018-10-24T09:00:00.0,2018-10-24T15:00:00.0,15,37217.555,1.0,35563.38,37873.297,0.84263915547025
2018-10-24T10:00:00.0,2018-10-24T16:00:00.0,16,37263.434,1.0,35665.01,38030.625,0.793128422935061
2018-10-24T11:00:00.0,2018-10-24T17:00:00.0,17,37281.64,1.0,34217.543,39937.89,0.5658625768442623
2018-10-24T12:00:00.0,2018-10-24T18:00:00.0,18,37069.508,1.0,32450.19,40936.902,0.5816452936650433
2018-10-24T13:00:00.0,2018-10-24T19:00:00.0,19,37190.84,1.0,28116.209,44261.684,0.6135927741366962
2018-10-24T14:00:00.0,2018-10-24T20:00:00.0,20,37516.16,1.0,30055.604,42878.484,0.6482666954830351
2018-10-24T15:00:00.0,2018-10-24T21:00:00.0,21,37855.895,1.0,29645.67,43792.18,0.6457642579033718
2018-10-24T16:00:00.0,2018-10-24T22:00:00.0,22,38577.082,1.0,28876.428,45227.13,0.6678583793757584
2018-10-24T17:00:00.0,2018-10-24T23:00:00.0,23,38550.94,1.0,29992.121,44357.12,0.6721104168609531
2018-10-24T18:00:00.0,2018-10-25T00:00:00.0,0,37722.01,1.0,30663.36,42530.473,0.6704313470954271
2018-10-24T19:00:00.0,2018-10-25T01:00:00.0,1,35857.848,1.0,28251.8,42714.39,0.5479781427733424
2018-10-24T20:00:00.0,2018-10-25T02:00:00.0,2,33416.16,1.0,26676.969,41455.23,0.4189359351988221
2018-10-24T21:00:00.0,2018-10-25T03:00:00.0,3,31322.63,1.0,24587.693,40320.56,0.36896069538926696
2018-10-24T22:00:00.0,2018-10-25T04:00:00.0,4,29944.314,1.0,23200.691,38953.703,0.3689676953818825
2018-10-24T23:00:00.0,2018-10-25T05:00:00.0,5,29102.045,1.0,22491.69,36802.297,0.4296862100596235
2018-10-25T00:00:00.0,2018-10-25T06:00:00.0,6,28721.156,1.0,24209.861,37491.566,0.22785399880240778
2018-10-25T01:00:00.0,2018-10-25T07:00:00.0,7,28795.07,1.0,23824.348,37831.777,0.24975254761109264
2018-10-25T02:00:00.0,2018-10-25T08:00:00.0,8,29793.578,1.0,28124.941,34005.08,0.1572434918660109
2018-10-25T03:00:00.0,2018-10-25T09:00:00.0,9,32402.36,1.0,29154.723,35174.863,0.5728335200944911
2018-10-25T04:00:00.0,2018-10-25T10:00:00.0,10,35478.223,0.0,30676.008,35300.37,1.0
2018-10-25T05:00:00.0,2018-10-25T11:00:00.0,11,36024.758,1.0,31425.785,37066.85,0.9287343573236301
2018-10-25T06:00:00.0,2018-10-25T12:00:00.0,12,36146.316,1.0,32015.2,39091.656,0.6516566943630241
2018-10-25T07:00:00.0,2018-10-25T13:00:00.0,13,36561.95,1.0,33342.09,38020.457,0.8094351521798726
2018-10-25T08:00:00.0,2018-10-25T14:00:00.0,14,36749.5,1.0,32701.45,38444.965,0.8296713850265146
2018-10-25T09:00:00.0,2018-10-25T15:00:00.0,15,36586.844,1.0,34584.62,37204.293,0.8905800516462229
2018-10-25T10:00:00.0,2018-10-25T16:00:00.0,16,36394.34,1.0,34511.11,37764.12,0.6432509849856233
2018-10-25T11:00:00.0,2018-10-25T17:00:00.0,17,36257.62,1.0,34168.508,39002.59,0.3761544638294767
2018-10-25T12:00:00.0,2018-10-25T18:00:00.0,18,36065.504,1.0,33018.35,40894.902,0.2993140411656813
2018-10-25T13:00:00.0,2018-10-25T19:00:00.0,19,36113.617,1.0,30884.338,43388.363,0.3517740684305306
2018-10-25T14:00:00.0,2018-10-25T20:00:00.0,20,36157.426,1.0,32154.1,43420.105,0.25046757724439705
2018-10-25T15:00:00.0,2018-10-25T21:00:00.0,21,36187.934,1.0,32557.244,43325.82,0.22435727335155967
2018-10-25T16:00:00.0,2018-10-25T22:00:00.0,22,37068.105,1.0,31854.71,44901.316,0.3202004877422674
2018-10-25T17:00:00.0,2018-10-25T23:00:00.0,23,37726.11,1.0,32542.008,44408.3,0.3845051931118203
2018-10-25T18:00:00.0,2018-10-26T00:00:00.0,0,37000.996,1.0,33302.664,43154.395,0.2810565299644078
2018-10-25T19:00:00.0,2018-10-26T01:00:00.0,1,35275.137,1.0,28933.838,44044.85,0.35426796419196993
2018-10-25T20:00:00.0,2018-10-26T02:00:00.0,2,32963.36,1.0,27960.268,41263.754,0.2821216978331853
2018-10-25T21:00:00.0,2018-10-26T03:00:00.0,3,30804.344,1.0,25635.709,40809.66,0.22919800651010555
2018-10-25T22:00:00.0,2018-10-26T04:00:00.0,4,29449.018,1.0,25094.732,38247.816,0.215940451830264
2018-10-25T23:00:00.0,2018-10-26T05:00:00.0,5,28717.33,1.0,23726.037,38069.355,0.23970307095796753
2018-10-26T00:00:00.0,2018-10-26T06:00:00.0,6,28440.635,1.0,23724.975,37114.19,0.24585500660848283
2018-10-26T01:00:00.0,2018-10-26T07:00:00.0,7,28614.537,1.0,23257.535,36736.477,0.316623547010643
2018-10-26T02:00:00.0,2018-10-26T08:00:00.0,8,29724.22,1.0,28027.855,32915.86,0.23835804743938524
2018-10-26T03:00:00.0,2018-10-26T09:00:00.0,9,32545.133,1.0,28952.658,34602.836,0.7362551917579163
2018-10-26T04:00:00.0,2018-10-26T10:00:00.0,10,35784.754,1.0,30965.857,36129.48,0.9778017191977079
2018-10-26T05:00:00.0,2018-10-26T11:00:00.0,11,36225.152,1.0,32035.348,37884.5,0.8428504832291079
2018-10-26T06:00:00.0,2018-10-26T12:00:00.0,12,36094.96,1.0,32962.457,39263.22,0.49473398927708656
2018-10-26T07:00:00.0,2018-10-26T13:00:00.0,13,36260.277,1.0,34127.91,39075.305,0.3741161787255297
2018-10-26T08:00:00.0,2018-10-26T14:00:00.0,14,36362.105,1.0,33275.258,39312.78,0.5209220619822045
2018-10-26T09:00:00.0,2018-10-26T15:00:00.0,15,36389.71,1.0,34800.812,37502.906,0.6589265321659672
2018-10-26T10:00:00.0,2018-10-26T16:00:00.0,16,36630.074,1.0,35388.11,37742.93,0.5507471309235711
2018-10-26T11:00:00.0,2018-10-26T17:00:00.0,17,37150.42,1.0,36321.92,39051.207,0.180368516833484
2018-10-26T12:00:00.0,2018-10-26T18:00:00.0,18,37502.223,1.0,35074.426,40502.56,0.4030903896621596
2018-10-26T13:00:00.0,2018-10-26T19:00:00.0,19,37823.066,1.0,32418.414,43650.08,0.4651474994238305
2018-10-26T14:00:00.0,2018-10-26T20:00:00.0,20,37905.754,1.0,33819.88,42935.04,0.40487268770402646
2018-10-26T15:00:00.0,2018-10-26T21:00:00.0,21,37540.96,1.0,33908.86,43138.664,0.31015095893845257
2018-10-26T16:00:00.0,2018-10-26T22:00:00.0,22,37320.074,1.0,33562.375,44664.27,0.2261958502469495
2018-10-26T17:00:00.0,2018-10-26T23:00:00.0,23,37180.426,1.0,34095.16,44253.18,0.18057835478783876
2018-10-26T18:00:00.0,2018-10-27T00:00:00.0,0,36183.45,1.0,33838.31,42487.945,0.14351776040006817
2018-10-26T19:00:00.0,2018-10-27T01:00:00.0,1,34746.99,1.0,29715.459,42512.7,0.3095858749220013
2018-10-26T20:00:00.0,2018-10-27T02:00:00.0,2,32924.215,1.0,28360.016,40106.29,0.30207733288936955
2018-10-26T21:00:00.0,2018-10-27T03:00:00.0,3,31006.662,1.0,25977.053,40209.047,0.2476147609211703
2018-10-26T22:00:00.0,2018-10-27T04:00:00.0,4,29553.99,1.0,24866.682,37370.668,0.2802128492749231
2018-10-26T23:00:00.0,2018-10-27T05:00:00.0,5,28550.162,1.0,24046.006,36509.973,0.25947405010188196
2018-10-27T00:00:00.0,2018-10-27T06:00:00.0,6,27999.65,1.0,21960.646,34178.832,0.48935390827805053
2018-10-27T01:00:00.0,2018-10-27T07:00:00.0,7,27776.078,1.0,21379.42,34379.758,0.4852255606916624
2018-10-27T02:00:00.0,2018-10-27T08:00:00.0,8,28069.13,1.0,25570.021,30570.256,0.4996254917971946
2018-10-27T03:00:00.0,2018-10-27T09:00:00.0,9,28974.523,1.0,27766.342,31854.906,0.17069597606757386
2018-10-27T04:00:00.0,2018-10-27T10:00:00.0,10,30435.408,1.0,29290.197,32911.89,0.19627735675331126
2018-10-27T05:00:00.0,2018-10-27T11:00:00.0,11,31610.06,1.0,30561.318,34070.758,0.17469145083031498
2018-10-27T06:00:00.0,2018-10-27T12:00:00.0,12,32830.438,1.0,31588.73,35530.94,0.1946984188951799
2018-10-27T07:00:00.0,2018-10-27T13:00:00.0,13,33947.25,1.0,33184.547,36939.977,0.0836780059328887
2018-10-27T08:00:00.0,2018-10-27T14:00:00.0,14,34890.53,1.0,33457.777,37372.05,0.2665628649279872
2018-10-27T09:00:00.0,2018-10-27T15:00:00.0,15,35689.57,1.0,34881.406,36584.656,0.45275425105599243
2018-10-27T10:00:00.0,2018-10-27T16:00:00.0,16,36541.98,0.0,36908.664,38077.652,0.0
2018-10-27T11:00:00.0,2018-10-27T17:00:00.0,17,37511.707,1.0,37432.684,38969.57,0.01877584789996215
2018-10-27T12:00:00.0,2018-10-27T18:00:00.0,18,38609.38,1.0,37412.113,42154.996,0.1247614914104604
2018-10-27T13:00:00.0,2018-10-27T19:00:00.0,19,39653.43,1.0,33473.938,46399.29,0.459404269284552
2018-10-27T14:00:00.0,2018-10-27T20:00:00.0,20,40157.117,1.0,36610.4,47093.492,0.22599198743544657
2018-10-27T15:00:00.0,2018-10-27T21:00:00.0,21,39679.145,1.0,35389.16,46785.582,0.2826885550350635
2018-10-27T16:00:00.0,2018-10-27T22:00:00.0,22,38993.355,1.0,34349.79,47014.094,0.26752677174828543
2018-10-27T17:00:00.0,2018-10-27T23:00:00.0,23,38486.637,1.0,35057.004,45343.836,0.21914000660720254
2018-10-27T18:00:00.0,2018-10-28T00:00:00.0,0,37161.117,1.0,32835.242,42881.176,0.3734128308248885
2018-10-27T19:00:00.0,2018-10-28T01:00:00.0,1,35643.242,1.0,28675.645,42090.41,0.5359535787631111
2018-10-27T20:00:00.0,2018-10-28T02:00:00.0,2,33737.848,1.0,26821.873,38633.94,0.6546009723532398
2018-10-27T21:00:00.0,2018-10-28T03:00:00.0,3,31928.992,1.0,24188.693,37768.305,0.6276521332432572
2018-10-27T22:00:00.0,2018-10-28T04:00:00.0,4,30244.764,1.0,23139.31,35297.82,0.652717044973918
2018-10-27T23:00:00.0,2018-10-28T05:00:00.0,5,29044.53,1.0,22979.705,32741.814,0.7136693417901754
2018-10-28T00:00:00.0,2018-10-28T06:00:00.0,6,28272.912,1.0,22203.441,32010.803,0.7098880450438653
2018-10-28T01:00:00.0,2018-10-28T07:00:00.0,7,27764.342,1.0,23027.426,31449.297,0.614304297328688
2018-10-28T02:00:00.0,2018-10-28T08:00:00.0,8,27690.979,1.0,26187.963,29166.04,0.5087112855985546
2018-10-28T03:00:00.0,2018-10-28T09:00:00.0,9,28078.248,1.0,27863.537,30875.564,0.023414995757602888
2018-10-28T04:00:00.0,2018-10-28T10:00:00.0,10,28888.445,0.0,29745.414,31477.14,0.0
2018-10-28T05:00:00.0,2018-10-28T11:00:00.0,11,29602.041,0.0,31445.191,33035.344,0.0
2018-10-28T06:00:00.0,2018-10-28T12:00:00.0,12,31207.143,0.0,32509.361,34505.48,0.0
2018-10-28T07:00:00.0,2018-10-28T13:00:00.0,13,32992.805,0.0,33777.906,35839.727,0.0
2018-10-28T08:00:00.0,2018-10-28T14:00:00.0,14,34657.668,1.0,33663.645,36659.133,0.21701774288696232
2018-10-28T09:00:00.0,2018-10-28T15:00:00.0,15,36335.82,1.0,34894.188,36822.19,0.8753982916170041
2018-10-28T10:00:00.0,2018-10-28T16:00:00.0,16,38082.113,1.0,36676.746,38257.082,0.9646526835007685
2018-10-28T11:00:00.0,2018-10-28T17:00:00.0,17,39807.293,1.0,38291.7,40075.01,0.9481138305575664
2018-10-28T12:00:00.0,2018-10-28T18:00:00.0,18,41307.12,1.0,39272.98,42933.348,0.6022723046052966
2018-10-28T13:00:00.0,2018-10-28T19:00:00.0,19,42411.75,1.0,36010.555,47297.15,0.6226353220688686
2018-10-28T14:00:00.0,2018-10-28T20:00:00.0,20,42955.793,1.0,38633.062,47103.977,0.5191156507269215
2018-10-28T15:00:00.0,2018-10-28T21:00:00.0,21,42543.645,1.0,38469.215,47094.414,0.4488877283482189
2018-10-28T16:00:00.0,2018-10-28T22:00:00.0,22,42135.47,1.0,35137.07,48367.21,0.5536137630105201
2018-10-28T17:00:00.0,2018-10-28T23:00:00.0,23,41787.52,1.0,35123.94,45326.617,0.7618808329362964
2018-10-28T18:00:00.0,2018-10-29T00:00:00.0,0,40036.484,1.0,34049.16,42876.46,0.796542585050311
2018-10-28T19:00:00.0,2018-10-29T01:00:00.0,1,37630.633,1.0,29278.635,40720.695,0.8576106334086953
2018-10-28T20:00:00.0,2018-10-29T02:00:00.0,2,34751.773,1.0,27819.75,38806.242,0.7288314752801214
2018-10-28T21:00:00.0,2018-10-29T03:00:00.0,3,31975.086,1.0,25754.963,37228.53,0.5776908897328737
2018-10-28T22:00:00.0,2018-10-29T04:00:00.0,4,30061.984,1.0,24072.75,35793.688,0.5203827796567309
2018-10-28T23:00:00.0,2018-10-29T05:00:00.0,5,28889.033,1.0,23388.275,32846.367,0.6478799033073287
2018-10-29T00:00:00.0,2018-10-29T06:00:00.0,6,28212.812,1.0,22943.62,32969.59,0.5473185313270305
2018-10-29T01:00:00.0,2018-10-29T07:00:00.0,7,28240.484,1.0,23955.596,32626.045,0.489225618756284
2018-10-29T02:00:00.0,2018-10-29T08:00:00.0,8,29201.377,1.0,27772.863,30429.88,0.5695057899090155
2018-10-29T03:00:00.0,2018-10-29T09:00:00.0,9,31724.615,1.0,29661.553,32251.602,0.9160527859237543
2018-10-29T04:00:00.0,2018-10-29T10:00:00.0,10,34894.24,1.0,31037.918,35183.566,0.9769870996210351
2018-10-29T05:00:00.0,2018-10-29T11:00:00.0,11,35494.914,1.0,33077.21,36603.273,0.806127882447079
2018-10-29T06:00:00.0,2018-10-29T12:00:00.0,12,36232.727,1.0,35264.64,36728.57,0.7734766444232583
2018-10-29T07:00:00.0,2018-10-29T13:00:00.0,13,37643.918,1.0,35662.406,38599.812,0.7916577419790308
2018-10-29T08:00:00.0,2018-10-29T14:00:00.0,14,39315.73,0.0,36909.836,39285.293,1.0
2018-10-29T09:00:00.0,2018-10-29T15:00:00.0,15,41004.395,0.0,37626.945,40187.797,1.0
2018-10-29T10:00:00.0,2018-10-29T16:00:00.0,16,42608.42,0.0,39541.59,41861.83,1.0
2018-10-29T11:00:00.0,2018-10-29T17:00:00.0,17,44226.25,0.0,41163.75,43572.688,1.0
2018-10-29T12:00:00.0,2018-10-29T18:00:00.0,18,45428.027,1.0,42025.61,45943.36,0.9565658594609155
2018-10-29T13:00:00.0,2018-10-29T19:00:00.0,19,46306.55,1.0,38567.92,50112.52,0.7859238413715153
2018-10-29T14:00:00.0,2018-10-29T20:00:00.0,20,46600.08,1.0,40735.426,49502.676,0.7840243429723236
2018-10-29T15:00:00.0,2018-10-29T21:00:00.0,21,45623.418,1.0,40726.62,49559.953,0.59982464735542
2018-10-29T16:00:00.0,2018-10-29T22:00:00.0,22,44853.406,1.0,36977.45,50498.035,0.6494790105427674
2018-10-29T17:00:00.0,2018-10-29T23:00:00.0,23,44666.47,1.0,36495.832,48424.703,0.8052040772439897
2018-10-29T18:00:00.0,2018-10-30T00:00:00.0,0,43093.27,1.0,35293.566,44898.883,0.9265980355895284
2018-10-29T19:00:00.0,2018-10-30T01:00:00.0,1,40597.527,1.0,32210.566,43198.58,0.8896986575968192
2018-10-29T20:00:00.0,2018-10-30T02:00:00.0,2,37478.605,1.0,29656.686,40611.625,0.8403000010118082
2018-10-29T21:00:00.0,2018-10-30T03:00:00.0,3,34533.543,1.0,27162.53,37016.875,0.8756506067406996
2018-10-29T22:00:00.0,2018-10-30T04:00:00.0,4,32471.602,1.0,24897.852,35754.89,0.8210195606313302
2018-10-29T23:00:00.0,2018-10-30T05:00:00.0,5,31214.664,1.0,24147.06,33195.54,0.9044316385554727
2018-10-30T00:00:00.0,2018-10-30T06:00:00.0,6,30528.533,1.0,26270.639,35526.867,0.4261917705686541
2018-10-30T01:00:00.0,2018-10-30T07:00:00.0,7,30326.06,1.0,26992.045,35137.06,0.3365800973904363
2018-10-30T02:00:00.0,2018-10-30T08:00:00.0,8,31147.291,1.0,29680.475,33771.477,0.25525068468139556
2018-10-30T03:00:00.0,2018-10-30T09:00:00.0,9,33730.44,0.0,33950.36,34929.45,0.0
2018-10-30T04:00:00.0,2018-10-30T10:00:00.0,10,36962.633,1.0,34920.48,37655.22,0.8744529636242705
2018-10-30T05:00:00.0,2018-10-30T11:00:00.0,11,37390.566,1.0,36753.7,39378.504,0.11564284240214598
2018-10-30T06:00:00.0,2018-10-30T12:00:00.0,12,37954.69,1.0,37554.21,40873.145,0.038905254991542
2018-10-30T07:00:00.0,2018-10-30T13:00:00.0,13,39356.535,0.0,39572.6,42106.336,0.0
2018-10-30T08:00:00.0,2018-10-30T14:00:00.0,14,40892.63,1.0,40504.133,42925.367,0.057221179281507766
2018-10-30T09:00:00.0,2018-10-30T15:00:00.0,15,42154.637,0.0,42676.402,44201.63,0.0
2018-10-30T10:00:00.0,2018-10-30T16:00:00.0,16,43412.98,0.0,45197.22,46560.52,0.0
2018-10-30T11:00:00.0,2018-10-30T17:00:00.0,17,44718.734,0.0,47007.34,48817.027,0.0
2018-10-30T12:00:00.0,2018-10-30T18:00:00.0,18,45555.31,0.0,47343.75,49257.94,0.0
2018-10-30T13:00:00.0,2018-10-30T19:00:00.0,19,46058.152,1.0,42416.88,54597.63,0.17481383764200914
2018-10-30T14:00:00.0,2018-10-30T20:00:00.0,20,46241.703,1.0,42968.28,51028.668,0.33112286309060784
2018-10-30T15:00:00.0,2018-10-30T21:00:00.0,21,45407.965,1.0,41540.89,50470.27,0.3777595574434448
2018-10-30T16:00:00.0,2018-10-30T22:00:00.0,22,45274.918,1.0,38185.586,52334.76,0.50193378282656
2018-10-30T17:00:00.0,2018-10-30T23:00:00.0,23,45162.98,1.0,37607.293,50441.027,0.6601459420194153
2018-10-30T18:00:00.0,2018-10-31T00:00:00.0,0,43736.7,1.0,37832.203,48361.945,0.6112642513301242
2018-10-30T19:00:00.0,2018-10-31T01:00:00.0,1,41359.836,1.0,34631.074,46822.734,0.5954261203963912
2018-10-30T20:00:00.0,2018-10-31T02:00:00.0,2,38116.586,1.0,31218.078,46264.812,0.423399936991082
2018-10-30T21:00:00.0,2018-10-31T03:00:00.0,3,35232.41,1.0,27990.215,43368.684,0.4462114600643184
2018-10-30T22:00:00.0,2018-10-31T04:00:00.0,4,33242.81,1.0,26119.395,42293.758,0.39080231257406756
2018-10-30T23:00:00.0,2018-10-31T05:00:00.0,5,31929.197,1.0,24615.951,37694.355,0.6084791452640231
2018-10-31T00:00:00.0,2018-10-31T06:00:00.0,6,31161.678,1.0,27598.125,35294.094,0.43173876832286323
2018-10-31T01:00:00.0,2018-10-31T07:00:00.0,7,30980.586,1.0,28304.707,33984.215,0.44660753593163294
2018-10-31T02:00:00.0,2018-10-31T08:00:00.0,8,31898.828,1.0,30327.86,33576.215,0.4696254553734065
2018-10-31T03:00:00.0,2018-10-31T09:00:00.0,9,34406.84,1.0,33119.11,36003.516,0.4016170585292621
2018-10-31T04:00:00.0,2018-10-31T10:00:00.0,10,37583.832,0.0,35408.26,37413.17,1.0
2018-10-31T05:00:00.0,2018-10-31T11:00:00.0,11,38265.19,1.0,36474.656,38477.08,0.9664047151277018
2018-10-31T06:00:00.0,2018-10-31T12:00:00.0,12,38644.09,1.0,36601.953,40193.145,0.6252834823621862
2018-10-31T07:00:00.0,2018-10-31T13:00:00.0,13,39605.637,1.0,38421.23,41488.848,0.2980867653985054
2018-10-31T08:00:00.0,2018-10-31T14:00:00.0,14,40312.62,1.0,39146.324,41727.793,0.41127169254549634
2018-10-31T09:00:00.0,2018-10-31T15:00:00.0,15,40944.316,1.0,39821.53,42607.38,0.3259521519596047
2018-10-31T10:00:00.0,2018-10-31T16:00:00.0,16,41317.984,1.0,39982.617,42885.113,0.42632207009169687
2018-10-31T11:00:00.0,2018-10-31T17:00:00.0,17,41500.3,1.0,40545.363,42375.332,0.5404554156171332
2018-10-31T12:00:00.0,2018-10-31T18:00:00.0,18,41394.8,1.0,39702.074,45065.06,0.19553695288208628
2018-10-31T13:00:00.0,2018-10-31T19:00:00.0,19,41375.223,1.0,35737.734,48516.43,0.3921439786905927
2018-10-31T14:00:00.0,2018-10-31T20:00:00.0,20,41076.56,1.0,38004.816,45468.74,0.34033576776445723
2018-10-31T15:00:00.0,2018-10-31T21:00:00.0,21,40330.816,1.0,37117.164,44518.805,0.3797139724460113
2018-10-31T16:00:00.0,2018-10-31T22:00:00.0,22,39948.168,1.0,34112.594,47681.047,0.372485762579638
2018-10-31T17:00:00.0,2018-10-31T23:00:00.0,23,39593.004,1.0,33517.508,46938.96,0.41285961403319155
2018-10-31T18:00:00.0,2018-11-01T00:00:00.0,0,38992.793,1.0,33847.562,44738.414,0.4489779383218269
2018-10-31T19:00:00.0,2018-11-01T01:00:00.0,1,37039.266,1.0,31047.137,43788.79,0.4450127689044715
2018-10-31T20:00:00.0,2018-11-01T02:00:00.0,2,34184.5,1.0,26814.297,44329.832,0.35623121044303807
2018-10-31T21:00:00.0,2018-11-01T03:00:00.0,3,31770.86,1.0,24428.904,44244.035,0.27346808310613896
2018-10-31T22:00:00.0,2018-11-01T04:00:00.0,4,30257.166,1.0,23074.818,42569.742,0.27020623974773456
2018-10-31T23:00:00.0,2018-11-01T05:00:00.0,5,29285.697,1.0,22503.273,39641.066,0.313852429768644
2018-11-01T00:00:00.0,2018-11-01T06:00:00.0,6,28823.656,1.0,28600.725,32480.613,0.0198069241597748
2018-11-01T01:00:00.0,2018-11-01T07:00:00.0,7,28881.615,1.0,28295.969,33379.777,0.036950288757113446
2018-11-01T02:00:00.0,2018-11-01T08:00:00.0,8,29798.523,0.0,30169.205,33229.906,0.0
2018-11-01T03:00:00.0,2018-11-01T09:00:00.0,9,32195.578,0.0,32283.127,34390.79,0.0
2018-11-01T04:00:00.0,2018-11-01T10:00:00.0,10,35434.066,1.0,34465.203,36329.355,0.5365740924419762
2018-11-01T05:00:00.0,2018-11-01T11:00:00.0,11,36275.582,1.0,36091.055,37313.586,0.05230564475240944
2018-11-01T06:00:00.0,2018-11-01T12:00:00.0,12,36113.56,0.0,36307.547,38873.465,0.0
2018-11-01T07:00:00.0,2018-11-01T13:00:00.0,13,36286.543,0.0,37453.293,38862.586,0.0
2018-11-01T08:00:00.0,2018-11-01T14:00:00.0,14,36404.324,0.0,37824.242,40233.918,0.0
2018-11-01T09:00:00.0,2018-11-01T15:00:00.0,15,36247.504,0.0,37438.15,38976.902,0.0
2018-11-01T10:00:00.0,2018-11-01T16:00:00.0,16,36174.96,0.0,38394.145,39770.277,0.0
2018-11-01T11:00:00.0,2018-11-01T17:00:00.0,17,36176.582,0.0,38164.992,39732.633,0.0
2018-11-01T12:00:00.0,2018-11-01T18:00:00.0,18,36268.05,0.0,36922.96,40227.51,0.0
2018-11-01T13:00:00.0,2018-11-01T19:00:00.0,19,36365.695,1.0,33048.332,43329.48,0.20469722293648712
2018-11-01T14:00:00.0,2018-11-01T20:00:00.0,20,36464.625,1.0,34633.723,38851.082,0.3796322791164656
2018-11-01T15:00:00.0,2018-11-01T21:00:00.0,21,36391.387,1.0,35113.547,38854.22,0.23058247974316032
2018-11-01T16:00:00.0,2018-11-01T22:00:00.0,22,37332.895,1.0,32638.771,42773.074,0.43201333670666414
2018-11-01T17:00:00.0,2018-11-01T23:00:00.0,23,37885.21,1.0,32885.086,42356.316,0.5516899604006521
2018-11-01T18:00:00.0,2018-11-02T00:00:00.0,0,37324.934,1.0,32567.936,40765.45,0.645636886146564
2018-11-01T19:00:00.0,2018-11-02T01:00:00.0,1,35576.74,1.0,29514.072,41788.965,0.4886940163191291
2018-11-01T20:00:00.0,2018-11-02T02:00:00.0,2,33160.438,1.0,25102.984,42316.945,0.44096414878733825
2018-11-01T21:00:00.0,2018-11-02T03:00:00.0,3,31107.6,1.0,23135.81,42246.844,0.3499087794202067
2018-11-01T22:00:00.0,2018-11-02T04:00:00.0,4,29842.25,1.0,21651.547,40979.973,0.3614126215788284
2018-11-01T23:00:00.0,2018-11-02T05:00:00.0,5,29221.912,1.0,21844.248,39173.707,0.36484903223202203
2018-11-02T00:00:00.0,2018-11-02T06:00:00.0,6,29029.844,1.0,28535.041,29628.078,0.41288796680498124
2018-11-02T01:00:00.0,2018-11-02T07:00:00.0,7,29367.023,1.0,27466.684,30815.828,0.6230938207870197
2018-11-02T02:00:00.0,2018-11-02T08:00:00.0,8,30610.648,1.0,28820.14,30803.305,0.9695055539526835
2018-11-02T03:00:00.0,2018-11-02T09:00:00.0,9,33574.82,0.0,30683.887,32816.21,1.0
2018-11-02T04:00:00.0,2018-11-02T10:00:00.0,10,37071.39,0.0,32130.107,33995.133,1.0
2018-11-02T05:00:00.0,2018-11-02T11:00:00.0,11,37616.25,0.0,33735.58,35176.47,1.0
2018-11-02T06:00:00.0,2018-11-02T12:00:00.0,12,37237.93,0.0,34192.45,36740.13,1.0
2018-11-02T07:00:00.0,2018-11-02T13:00:00.0,13,36802.11,0.0,35133.426,36623.293,1.0
2018-11-02T08:00:00.0,2018-11-02T14:00:00.0,14,36388.355,1.0,34767.027,37116.785,0.8116301188903599
2018-11-02T09:00:00.0,2018-11-02T15:00:00.0,15,35959.668,1.0,34721.113,36361.977,0.8820589853637056
2018-11-02T10:00:00.0,2018-11-02T16:00:00.0,16,35838.15,1.0,34773.39,36390.555,0.7694454762536479
2018-11-02T11:00:00.0,2018-11-02T17:00:00.0,17,35926.906,1.0,35166.934,36923.824,0.3768655217434985
2018-11-02T12:00:00.0,2018-11-02T18:00:00.0,18,36037.918,1.0,34456.18,38262.742,0.34716440761921913
2018-11-02T13:00:00.0,2018-11-02T19:00:00.0,19,36274.406,1.0,30252.521,43086.75,0.44303825934997815
2018-11-02T14:00:00.0,2018-11-02T20:00:00.0,20,36390.504,1.0,34738.43,38663.473,0.35644924977934656
2018-11-02T15:00:00.0,2018-11-02T21:00:00.0,21,36053.613,1.0,34361.926,40104.258,0.16962759646900347
2018-11-02T16:00:00.0,2018-11-02T22:00:00.0,22,36203.254,1.0,31592.734,43499.785,0.2998684192787324
2018-11-02T17:00:00.0,2018-11-02T23:00:00.0,23,36243.945,1.0,32168.78,42624.2,0.3040330751126144
2018-11-02T18:00:00.0,2018-11-03T00:00:00.0,0,35433.05,1.0,30546.377,42324.09,0.346100478817075
2018-11-02T19:00:00.0,2018-11-03T01:00:00.0,1,34229.81,1.0,27753.557,42545.8,0.3861725278028253
2018-11-02T20:00:00.0,2018-11-03T02:00:00.0,2,32683.271,1.0,25477.56,41394.46,0.4129276158351756
2018-11-02T21:00:00.0,2018-11-03T03:00:00.0,3,30991.404,1.0,22726.111,42731.402,0.34309524013538406
2018-11-02T22:00:00.0,2018-11-03T04:00:00.0,4,29624.625,1.0,21249.377,41370.47,0.3483866927926392
2018-11-02T23:00:00.0,2018-11-03T05:00:00.0,5,28867.373,1.0,20105.223,38099.273,0.47578858507659366
2018-11-03T00:00:00.0,2018-11-03T06:00:00.0,6,28477.053,1.0,24970.756,30761.996,0.6881418909277707
2018-11-03T01:00:00.0,2018-11-03T07:00:00.0,7,28448.416,1.0,26451.04,29566.234,0.7443302479497392
2018-11-03T02:00:00.0,2018-11-03T08:00:00.0,8,28819.662,1.0,27442.328,29529.742,0.7714343960965181
2018-11-03T03:00:00.0,2018-11-03T09:00:00.0,9,29824.361,1.0,29022.344,31117.34,0.29283120067427776
2018-11-03T04:00:00.0,2018-11-03T10:00:00.0,10,31391.775,1.0,29969.488,32540.31,0.5978184624017975
2018-11-03T05:00:00.0,2018-11-03T11:00:00.0,11,32683.125,1.0,31284.03,33476.39,0.7398401223411653
2018-11-03T06:00:00.0,2018-11-03T12:00:00.0,12,33704.215,1.0,32798.434,35201.01,0.28359185014787897
2018-11-03T07:00:00.0,2018-11-03T13:00:00.0,13,34489.293,1.0,34089.707,35922.074,0.09490200283055236
2018-11-03T08:00:00.0,2018-11-03T14:00:00.0,14,34902.957,1.0,33909.21,35682.305,0.6107564964382473
2018-11-03T09:00:00.0,2018-11-03T15:00:00.0,15,35053.98,1.0,33723.26,35245.203,0.9591565569035246
2018-11-03T10:00:00.0,2018-11-03T16:00:00.0,16,35112.38,1.0,34021.863,35244.727,0.9655430777329345
2018-11-03T11:00:00.0,2018-11-03T17:00:00.0,17,35146.977,1.0,34991.695,36780.07,0.027596871239470272
2018-11-03T12:00:00.0,2018-11-03T18:00:00.0,18,35293.13,1.0,34464.67,38602.145,0.08160853221435391
2018-11-03T13:00:00.0,2018-11-03T19:00:00.0,19,35589.324,1.0,30629.746,44364.098,0.25907584871591277
2018-11-03T14:00:00.0,2018-11-03T20:00:00.0,20,35728.633,1.0,34883.16,38100.72,0.13491022663067476
2018-11-03T15:00:00.0,2018-11-03T21:00:00.0,21,35610.676,1.0,34060.39,39210.8,0.177291268917346
2018-11-03T16:00:00.0,2018-11-03T22:00:00.0,22,36312.66,1.0,30996.658,42435.96,0.4348014087889224
2018-11-03T17:00:00.0,2018-11-03T23:00:00.0,23,36714.44,1.0,32110.547,40262.9,0.6183558027923217
2018-11-03T18:00:00.0,2018-11-04T00:00:00.0,0,36100.004,1.0,30785.535,41824.742,0.4655538806820086
2018-11-03T19:00:00.0,2018-11-04T01:00:00.0,1,34781.24,1.0,29077.887,41034.445,0.45740389954957716
2018-11-03T20:00:00.0,2018-11-04T02:00:00.0,2,33205.96,1.0,26163.928,39065.477,0.5844177807768544
2018-11-03T21:00:00.0,2018-11-04T03:00:00.0,3,31495.92,1.0,22049.727,39725.28,0.5636145764257294
2018-11-03T22:00:00.0,2018-11-04T04:00:00.0,4,29878.604,1.0,20571.166,38451.25,0.5380801009275825
2018-11-03T23:00:00.0,2018-11-04T05:00:00.0,5,29047.22,1.0,18863.6,37406.645,0.5905087811424237
2018-11-04T00:00:00.0,2018-11-04T06:00:00.0,6,28497.533,1.0,25761.361,29378.504,0.8835267545173207
2018-11-04T01:00:00.0,2018-11-04T07:00:00.0,7,28030.125,1.0,26474.889,29604.746,0.49425309849967364
2018-11-04T02:00:00.0,2018-11-04T08:00:00.0,8,27987.193,1.0,27566.916,29415.22,0.10239169220915827
2018-11-04T03:00:00.0,2018-11-04T09:00:00.0,9,28222.479,0.0,29085.55,30755.428,0.0
2018-11-04T04:00:00.0,2018-11-04T10:00:00.0,10,28953.414,0.0,29795.25,31753.498,0.0
2018-11-04T05:00:00.0,2018-11-04T11:00:00.0,11,30052.734,0.0,30598.545,32285.24,0.0
2018-11-04T06:00:00.0,2018-11-04T12:00:00.0,12,31510.217,0.0,32059.045,33711.53,0.0
2018-11-04T07:00:00.0,2018-11-04T13:00:00.0,13,32924.504,0.0,33002.895,34786.926,0.0
2018-11-04T08:00:00.0,2018-11-04T14:00:00.0,14,33829.957,1.0,33325.668,34920.535,0.1962596463022528
2018-11-04T09:00:00.0,2018-11-04T15:00:00.0,15,34084.414,1.0,33166.305,34905.586,0.5515787805135774
2018-11-04T10:00:00.0,2018-11-04T16:00:00.0,16,34498.082,1.0,33249.113,34720.02,0.9477215901109718
2018-11-04T11:00:00.0,2018-11-04T17:00:00.0,17,34893.168,0.0,33322.754,34868.2,1.0
2018-11-04T12:00:00.0,2018-11-04T18:00:00.0,18,35348.31,1.0,32409.453,36547.117,0.8359949762768616
2018-11-04T13:00:00.0,2018-11-04T19:00:00.0,19,35634.867,1.0,28803.666,41941.19,0.5370234057226495
2018-11-04T14:00:00.0,2018-11-04T20:00:00.0,20,35739.477,0.0,33843.12,35659.348,1.0
2018-11-04T15:00:00.0,2018-11-04T21:00:00.0,21,35896.113,1.0,33492.867,37691.21,0.6319260894925421
2018-11-04T16:00:00.0,2018-11-04T22:00:00.0,22,37241.55,1.0,31281.46,40765.145,0.7249484367326897
2018-11-04T17:00:00.0,2018-11-04T23:00:00.0,23,37909.332,1.0,32804.324,38430.46,0.9708436373373115
2018-11-04T18:00:00.0,2018-11-05T00:00:00.0,0,37452.516,1.0,31889.445,38719.21,0.9282514713956831
2018-11-04T19:00:00.0,2018-11-05T01:00:00.0,1,36384.938,1.0,29979.217,37717.83,0.9362267167030776
2018-11-04T20:00:00.0,2018-11-05T02:00:00.0,2,34643.184,1.0,28455.553,37128.5,0.8396562375183063
2018-11-04T21:00:00.0,2018-11-05T03:00:00.0,3,32432.537,1.0,24741.307,36539.652,0.7601223827064756
2018-11-04T22:00:00.0,2018-11-05T04:00:00.0,4,30516.791,1.0,23083.37,34902.246,0.7257051290470874
2018-11-04T23:00:00.0,2018-11-05T05:00:00.0,5,29360.33,1.0,22686.322,33441.47,0.7125309874875171
2018-11-05T00:00:00.0,2018-11-05T06:00:00.0,6,28824.61,0.0,28984.99,30121.775,0.0
2018-11-05T01:00:00.0,2018-11-05T07:00:00.0,7,28683.182,0.0,28866.95,30486.031,0.0
2018-11-05T02:00:00.0,2018-11-05T08:00:00.0,8,28972.0,0.0,29263.732,30392.387,0.0
2018-11-05T03:00:00.0,2018-11-05T09:00:00.0,9,30252.002,1.0,30107.555,31200.395,0.04371455006235176
2018-11-05T04:00:00.0,2018-11-05T10:00:00.0,10,33124.223,0.0,31551.828,33043.875,1.0
2018-11-05T05:00:00.0,2018-11-05T11:00:00.0,11,36085.473,0.0,32976.38,34235.17,1.0
2018-11-05T06:00:00.0,2018-11-05T12:00:00.0,12,36543.582,0.0,33439.105,35193.45,1.0
2018-11-05T07:00:00.0,2018-11-05T13:00:00.0,13,37336.06,0.0,34397.63,36043.047,1.0
2018-11-05T08:00:00.0,2018-11-05T14:00:00.0,14,38393.31,0.0,35179.164,36235.574,1.0
2018-11-05T09:00:00.0,2018-11-05T15:00:00.0,15,39493.47,0.0,35121.695,36568.95,1.0
2018-11-05T10:00:00.0,2018-11-05T16:00:00.0,16,40446.05,0.0,36461.69,37924.43,1.0
2018-11-05T11:00:00.0,2018-11-05T17:00:00.0,17,41424.64,0.0,37317.89,39562.637,1.0
2018-11-05T12:00:00.0,2018-11-05T18:00:00.0,18,42127.78,1.0,38483.457,42765.715,0.9487094439753946
2018-11-05T13:00:00.0,2018-11-05T19:00:00.0,19,42842.652,1.0,38265.62,49795.637,0.3158496867877469
2018-11-05T14:00:00.0,2018-11-05T20:00:00.0,20,43278.85,1.0,40350.656,46363.234,0.47590750839572293
2018-11-05T15:00:00.0,2018-11-05T21:00:00.0,21,43110.277,1.0,40313.027,43763.027,0.9257931573727973
2018-11-05T16:00:00.0,2018-11-05T22:00:00.0,22,43398.93,1.0,38925.176,46734.477,0.6327109458975275
2018-11-05T17:00:00.0,2018-11-05T23:00:00.0,23,43506.39,0.0,38741.27,43081.492,1.0
2018-11-05T18:00:00.0,2018-11-06T00:00:00.0,0,42406.95,0.0,35871.13,41478.367,1.0
2018-11-05T19:00:00.0,2018-11-06T01:00:00.0,1,40838.61,0.0,34795.5,40507.254,1.0
2018-11-05T20:00:00.0,2018-11-06T02:00:00.0,2,38427.387,0.0,31050.633,37474.73,1.0
2018-11-05T21:00:00.0,2018-11-06T03:00:00.0,3,35547.543,1.0,29019.463,38245.844,0.8328487935522626
2018-11-05T22:00:00.0,2018-11-06T04:00:00.0,4,33131.242,1.0,28668.34,36734.977,0.59784111230329
2018-11-05T23:00:00.0,2018-11-06T05:00:00.0,5,31567.697,1.0,26522.47,35376.215,0.6273818348477604
2018-11-06T00:00:00.0,2018-11-06T06:00:00.0,6,30596.854,1.0,29644.918,33138.945,0.14491777413677998
2018-11-06T01:00:00.0,2018-11-06T07:00:00.0,7,30071.256,1.0,29607.436,32039.227,0.0752125213062417
2018-11-06T02:00:00.0,2018-11-06T08:00:00.0,8,30213.193,0.0,30273.766,32290.834,0.0
2018-11-06T03:00:00.0,2018-11-06T09:00:00.0,9,31409.432,0.0,31949.117,34242.5,0.0
2018-11-06T04:00:00.0,2018-11-06T10:00:00.0,10,34339.06,1.0,33921.152,35692.992,0.10955903407464009
2018-11-06T05:00:00.0,2018-11-06T11:00:00.0,11,37171.535,0.0,35426.875,37035.2,1.0
2018-11-06T06:00:00.0,2018-11-06T12:00:00.0,12,37494.395,1.0,36328.824,38723.93,0.4752320185614844
2018-11-06T07:00:00.0,2018-11-06T13:00:00.0,13,38502.66,1.0,37110.086,39841.883,0.5181191009710077
2018-11-06T08:00:00.0,2018-11-06T14:00:00.0,14,39946.56,0.0,37513.277,39918.984,1.0
2018-11-06T09:00:00.0,2018-11-06T15:00:00.0,15,41381.89,0.0,37842.594,40498.316,1.0
2018-11-06T10:00:00.0,2018-11-06T16:00:00.0,16,42766.227,0.0,38328.453,41043.184,1.0
2018-11-06T11:00:00.0,2018-11-06T17:00:00.0,17,43842.297,0.0,39733.555,41284.266,1.0
2018-11-06T12:00:00.0,2018-11-06T18:00:00.0,18,44701.64,0.0,39892.223,43434.94,1.0
2018-11-06T13:00:00.0,2018-11-06T19:00:00.0,19,45216.03,1.0,36699.76,47825.355,0.8915641506996117
2018-11-06T14:00:00.0,2018-11-06T20:00:00.0,20,45414.92,1.0,40475.19,48110.145,0.7529559386973178
2018-11-06T15:00:00.0,2018-11-06T21:00:00.0,21,45160.047,0.0,42047.043,44848.57,1.0
2018-11-06T16:00:00.0,2018-11-06T22:00:00.0,22,45478.87,0.0,38293.727,45058.08,1.0
2018-11-06T17:00:00.0,2018-11-06T23:00:00.0,23,45188.418,0.0,39271.527,42954.32,1.0
2018-11-06T18:00:00.0,2018-11-07T00:00:00.0,0,43998.09,0.0,37135.996,42873.71,1.0
2018-11-06T19:00:00.0,2018-11-07T01:00:00.0,1,42456.953,0.0,34531.188,39838.39,1.0
2018-11-06T20:00:00.0,2018-11-07T02:00:00.0,2,39949.45,0.0,31908.09,37549.85,1.0
2018-11-06T21:00:00.0,2018-11-07T03:00:00.0,3,36945.863,1.0,28539.064,37439.133,0.9805403980063246
2018-11-06T22:00:00.0,2018-11-07T04:00:00.0,4,34686.17,1.0,27672.555,35466.16,0.9684557922702431
2018-11-06T23:00:00.0,2018-11-07T05:00:00.0,5,33218.84,1.0,27024.008,35266.418,0.8790821233592749
2018-11-07T00:00:00.0,2018-11-07T06:00:00.0,6,32301.662,1.0,31686.385,33380.414,0.26225240622470125
2018-11-07T01:00:00.0,2018-11-07T07:00:00.0,7,31741.14,1.0,31566.287,33400.188,0.02988763715308343
2018-11-07T02:00:00.0,2018-11-07T08:00:00.0,8,31757.29,0.0,32594.408,34038.723,0.0
2018-11-07T03:00:00.0,2018-11-07T09:00:00.0,9,32730.799,0.0,34569.87,36048.395,0.0
2018-11-07T04:00:00.0,2018-11-07T10:00:00.0,10,35462.043,0.0,35888.74,37088.027,0.0
2018-11-07T05:00:00.0,2018-11-07T11:00:00.0,11,38370.41,1.0,37769.375,39171.04,0.3702214950918785
2018-11-07T06:00:00.0,2018-11-07T12:00:00.0,12,38891.746,1.0,38634.37,40361.582,0.0513108233394147
2018-11-07T07:00:00.0,2018-11-07T13:00:00.0,13,40171.684,1.0,39444.28,41597.992,0.22517746113989726
2018-11-07T08:00:00.0,2018-11-07T14:00:00.0,14,41629.2,1.0,39062.4,42049.367,0.9525522519870468
2018-11-07T09:00:00.0,2018-11-07T15:00:00.0,15,42943.816,0.0,39545.24,42716.21,1.0
2018-11-07T10:00:00.0,2018-11-07T16:00:00.0,16,44035.73,0.0,39874.78,43286.723,1.0
2018-11-07T11:00:00.0,2018-11-07T17:00:00.0,17,44919.168,0.0,41134.723,43292.754,1.0
2018-11-07T12:00:00.0,2018-11-07T18:00:00.0,18,45721.66,0.0,40677.316,44593.71,1.0
2018-11-07T13:00:00.0,2018-11-07T19:00:00.0,19,45929.234,1.0,36913.055,47209.59,0.9597266140360613
2018-11-07T14:00:00.0,2018-11-07T20:00:00.0,20,45609.176,1.0,38658.37,45920.258,0.9826884748089162
2018-11-07T15:00:00.0,2018-11-07T21:00:00.0,21,45084.66,0.0,40187.414,42659.953,1.0
2018-11-07T16:00:00.0,2018-11-07T22:00:00.0,22,45402.875,0.0,37957.082,43529.867,1.0
2018-11-07T17:00:00.0,2018-11-07T23:00:00.0,23,44821.31,0.0,38939.32,41165.945,1.0
2018-11-07T18:00:00.0,2018-11-08T00:00:00.0,0,43420.88,0.0,36152.395,41561.043,1.0
2018-11-07T19:00:00.0,2018-11-08T01:00:00.0,1,41777.93,0.0,34740.24,39921.668,1.0
2018-11-07T20:00:00.0,2018-11-08T02:00:00.0,2,39377.9,0.0,33089.16,38098.03,1.0
2018-11-07T21:00:00.0,2018-11-08T03:00:00.0,3,36492.254,1.0,28451.062,37509.79,0.9640766458367054
2018-11-07T22:00:00.0,2018-11-08T04:00:00.0,4,33986.105,1.0,27844.52,36303.414,0.8534887510183625
2018-11-07T23:00:00.0,2018-11-08T05:00:00.0,5,32313.303,1.0,28299.27,35643.29,0.5857658681155842
2018-11-08T00:00:00.0,2018-11-08T06:00:00.0,6,31202.11,1.0,30587.205,32068.021,0.3466813288575083
2018-11-08T01:00:00.0,2018-11-08T07:00:00.0,7,30593.889,1.0,30217.328,32101.764,0.08131444585204775
2018-11-08T02:00:00.0,2018-11-08T08:00:00.0,8,30497.795,0.0,31337.842,32683.838,0.0
2018-11-08T03:00:00.0,2018-11-08T09:00:00.0,9,31410.553,0.0,33516.54,35210.43,0.0
2018-11-08T04:00:00.0,2018-11-08T10:00:00.0,10,34090.45,0.0,35219.523,36675.637,0.0
2018-11-08T05:00:00.0,2018-11-08T11:00:00.0,11,36919.184,1.0,36101.59,37685.805,0.5298362764588944
2018-11-08T06:00:00.0,2018-11-08T12:00:00.0,12,37194.863,1.0,36740.13,39127.62,0.07503651244178569
2018-11-08T07:00:00.0,2018-11-08T13:00:00.0,13,37754.266,1.0,37542.652,40624.438,0.02271050472249913
2018-11-08T08:00:00.0,2018-11-08T14:00:00.0,14,38360.76,1.0,36580.79,41322.33,0.2810559626915407
2018-11-08T09:00:00.0,2018-11-08T15:00:00.0,15,38786.363,1.0,36282.81,41523.9,0.4586428571428558
2018-11-08T10:00:00.0,2018-11-08T16:00:00.0,16,38922.41,1.0,36484.656,41912.29,0.40647240588763073
2018-11-08T11:00:00.0,2018-11-08T17:00:00.0,17,39117.168,1.0,37958.176,41710.754,0.186942881726122
2018-11-08T12:00:00.0,2018-11-08T18:00:00.0,18,39241.26,1.0,36223.89,42690.883,0.4382196358281663
2018-11-08T13:00:00.0,2018-11-08T19:00:00.0,19,39116.098,1.0,31180.121,47363.93,0.4821229485651414
2018-11-08T14:00:00.0,2018-11-08T20:00:00.0,20,39077.73,1.0,34560.867,44566.605,0.4106045499864056
2018-11-08T15:00:00.0,2018-11-08T21:00:00.0,21,39571.49,1.0,36926.64,42891.547,0.3961549088506471
2018-11-08T16:00:00.0,2018-11-08T22:00:00.0,22,40828.39,1.0,36404.246,43351.832,0.7377370037288875
2018-11-08T17:00:00.0,2018-11-08T23:00:00.0,23,40880.297,1.0,38253.684,40909.414,0.988128703453772
2018-11-08T18:00:00.0,2018-11-09T00:00:00.0,0,40229.582,1.0,34971.906,41887.363,0.8869868414182034
2018-11-08T19:00:00.0,2018-11-09T01:00:00.0,1,39411.305,1.0,34156.977,39846.52,0.9751836879432625
2018-11-08T20:00:00.0,2018-11-09T02:00:00.0,2,37545.562,1.0,31584.805,38695.03,0.9421537120441669
2018-11-08T21:00:00.0,2018-11-09T03:00:00.0,3,35050.46,1.0,27394.44,38750.17,0.7911569709244131
2018-11-08T22:00:00.0,2018-11-09T04:00:00.0,4,32934.035,1.0,26166.607,37085.043,0.7113866385047171
2018-11-08T23:00:00.0,2018-11-09T05:00:00.0,5,31695.467,1.0,26744.094,35272.527,0.6461131646289454
2018-11-09T00:00:00.0,2018-11-09T06:00:00.0,6,30946.912,1.0,28661.084,32563.38,0.6550535933930773
2018-11-09T01:00:00.0,2018-11-09T07:00:00.0,7,30584.818,1.0,28565.426,32594.635,0.5022050762356625
2018-11-09T02:00:00.0,2018-11-09T08:00:00.0,8,30631.85,1.0,29773.066,33329.176,0.11461464256701867
2018-11-09T03:00:00.0,2018-11-09T09:00:00.0,9,31683.104,1.0,31284.736,34943.344,0.0346926926535559
2018-11-09T04:00:00.0,2018-11-09T10:00:00.0,10,34408.52,1.0,32735.637,36460.63,0.4063997676332451
2018-11-09T05:00:00.0,2018-11-09T11:00:00.0,11,37635.81,1.0,35132.9,37837.766,0.9756756971794563
2018-11-09T06:00:00.0,2018-11-09T12:00:00.0,12,38238.66,1.0,35893.336,39816.305,0.6755147686528964
2018-11-09T07:00:00.0,2018-11-09T13:00:00.0,13,38723.547,1.0,36740.773,41622.953,0.3311433630776702
2018-11-09T08:00:00.0,2018-11-09T14:00:00.0,14,38957.53,1.0,36283.836,42919.16,0.3258108312723969
2018-11-09T09:00:00.0,2018-11-09T15:00:00.0,15,38709.98,1.0,36296.832,43004.473,0.25706395866738035
2018-11-09T10:00:00.0,2018-11-09T16:00:00.0,16,38045.69,1.0,35494.74,42704.324,0.24823808654372873
2018-11-09T11:00:00.0,2018-11-09T17:00:00.0,17,37457.652,1.0,35912.656,41269.402,0.1624923474886837
2018-11-09T12:00:00.0,2018-11-09T18:00:00.0,18,37055.34,1.0,34138.066,42303.53,0.2533424807903395
2018-11-09T13:00:00.0,2018-11-09T19:00:00.0,19,36611.223,1.0,31621.275,45581.957,0.25357966036403334
2018-11-09T14:00:00.0,2018-11-09T20:00:00.0,20,36446.52,1.0,32072.25,43237.984,0.3072800513748606
2018-11-09T15:00:00.0,2018-11-09T21:00:00.0,21,36917.746,1.0,34799.14,41363.45,0.20480447039871097
2018-11-09T16:00:00.0,2018-11-09T22:00:00.0,22,38972.67,1.0,33876.773,42220.06,0.6968537943158505
2018-11-09T17:00:00.0,2018-11-09T23:00:00.0,23,39346.582,1.0,35172.977,39952.9,0.958628294980042
2018-11-09T18:00:00.0,2018-11-10T00:00:00.0,0,38878.516,1.0,32766.242,42785.395,0.6956815224463245
2018-11-09T19:00:00.0,2018-11-10T01:00:00.0,1,38362.34,1.0,30820.684,41769.23,0.8101757967562658
2018-11-09T20:00:00.0,2018-11-10T02:00:00.0,2,37327.23,1.0,28218.607,40464.48,0.871644253322909
2018-11-09T21:00:00.0,2018-11-10T03:00:00.0,3,35908.47,1.0,26092.598,40050.836,0.8277858726094953
2018-11-09T22:00:00.0,2018-11-10T04:00:00.0,4,34520.754,1.0,25633.426,39241.2,0.761861046615467
2018-11-09T23:00:00.0,2018-11-10T05:00:00.0,5,33479.195,1.0,25794.668,35981.21,0.8816622356923839
2018-11-10T00:00:00.0,2018-11-10T06:00:00.0,6,32956.316,1.0,32850.586,34869.05,0.01894031895283356
2018-11-10T01:00:00.0,2018-11-10T07:00:00.0,7,32818.047,1.0,32271.98,34988.586,0.08217097203728395
2018-11-10T02:00:00.0,2018-11-10T08:00:00.0,8,33007.473,1.0,31942.936,34032.887,0.5173673469387727
2018-11-10T03:00:00.0,2018-11-10T09:00:00.0,9,33843.07,1.0,32891.977,35800.605,0.21042533302173236
2018-11-10T04:00:00.0,2018-11-10T10:00:00.0,10,35384.344,1.0,35013.312,37674.695,0.046896380845404956
2018-11-10T05:00:00.0,2018-11-10T11:00:00.0,11,37187.96,1.0,36733.016,39098.34,0.07626894729523008
2018-11-10T06:00:00.0,2018-11-10T12:00:00.0,12,38755.39,1.0,37740.445,40472.355,0.27500681973175656
2018-11-10T07:00:00.0,2018-11-10T13:00:00.0,13,39733.16,1.0,37852.297,41461.316,0.539205942622953
2018-11-10T08:00:00.0,2018-11-10T14:00:00.0,14,39884.754,1.0,36233.4,40234.43,0.9722506555503262
2018-11-10T09:00:00.0,2018-11-10T15:00:00.0,15,39326.145,1.0,35766.42,39816.61,0.9609405958078016
2018-11-10T10:00:00.0,2018-11-10T16:00:00.0,16,38440.19,1.0,34994.24,38481.348,0.9879854924917283
2018-11-10T11:00:00.0,2018-11-10T17:00:00.0,17,37439.01,0.0,34523.48,37326.91,1.0
2018-11-10T12:00:00.0,2018-11-10T18:00:00.0,18,36646.996,1.0,32864.066,39592.258,0.6139421653626557
2018-11-10T13:00:00.0,2018-11-10T19:00:00.0,19,36058.918,1.0,29359.209,42634.02,0.508710624554339
2018-11-10T14:00:00.0,2018-11-10T20:00:00.0,20,35985.363,1.0,31246.38,40214.676,0.5525864578421922
2018-11-10T15:00:00.0,2018-11-10T21:00:00.0,21,36664.496,1.0,34023.254,38809.387,0.595314195298372
2018-11-10T16:00:00.0,2018-11-10T22:00:00.0,22,38619.777,1.0,32887.816,40415.977,0.8880013190239225
2018-11-10T17:00:00.0,2018-11-10T23:00:00.0,23,39008.63,0.0,34591.01,38748.31,1.0
2018-11-10T18:00:00.0,2018-11-11T00:00:00.0,0,38750.395,1.0,32998.04,42152.75,0.7247804927678761
2018-11-10T19:00:00.0,2018-11-11T01:00:00.0,1,38311.043,1.0,32464.19,41472.027,0.7560222752585521
2018-11-10T20:00:00.0,2018-11-11T02:00:00.0,2,37241.84,1.0,30077.906,41310.312,0.7392655098967584
2018-11-10T21:00:00.0,2018-11-11T03:00:00.0,3,35787.24,1.0,28812.709,40470.492,0.6762331767713766
2018-11-10T22:00:00.0,2018-11-11T04:00:00.0,4,34357.37,1.0,28646.693,38763.766,0.6178704777977017
2018-11-10T23:00:00.0,2018-11-11T05:00:00.0,5,33169.332,1.0,28384.934,37634.242,0.532021348898573
2018-11-11T00:00:00.0,2018-11-11T06:00:00.0,6,32483.822,1.0,31404.72,33263.684,0.6459634737234453
2018-11-11T01:00:00.0,2018-11-11T07:00:00.0,7,32101.648,1.0,32042.58,34489.652,0.014119883102118215
2018-11-11T02:00:00.0,2018-11-11T08:00:00.0,8,31937.61,0.0,32492.947,34173.74,0.0
2018-11-11T03:00:00.0,2018-11-11T09:00:00.0,9,32165.26,0.0,32612.676,35524.246,0.0
2018-11-11T04:00:00.0,2018-11-11T10:00:00.0,10,32897.2,0.0,34354.516,36264.19,0.0
2018-11-11T05:00:00.0,2018-11-11T11:00:00.0,11,33980.4,0.0,35729.707,37992.586,0.0
2018-11-11T06:00:00.0,2018-11-11T12:00:00.0,12,35280.797,0.0,36197.69,38788.613,0.0
2018-11-11T07:00:00.0,2018-11-11T13:00:00.0,13,36597.66,0.0,37419.246,40381.082,0.0
2018-11-11T08:00:00.0,2018-11-11T14:00:00.0,14,37118.137,1.0,36769.742,39842.113,0.03630601270979325
2018-11-11T09:00:00.0,2018-11-11T15:00:00.0,15,36978.41,1.0,35719.36,39117.156,0.2735089322428848
2018-11-11T10:00:00.0,2018-11-11T16:00:00.0,16,36568.63,1.0,34778.1,37797.92,0.6672442049727773
2018-11-11T11:00:00.0,2018-11-11T17:00:00.0,17,36263.652,1.0,33740.13,36948.832,0.9086594983834628
2018-11-11T12:00:00.0,2018-11-11T18:00:00.0,18,35796.348,1.0,31972.443,38758.41,0.6161675532611829
2018-11-11T13:00:00.0,2018-11-11T19:00:00.0,19,35741.613,1.0,29328.396,41759.793,0.5294644533520088
2018-11-11T14:00:00.0,2018-11-11T20:00:00.0,20,36059.48,1.0,31099.303,41192.027,0.48415510429109626
2018-11-11T15:00:00.0,2018-11-11T21:00:00.0,21,37016.64,1.0,34245.504,38864.668,0.6789943445475646
2018-11-11T16:00:00.0,2018-11-11T22:00:00.0,22,38946.99,1.0,33629.1,39213.426,0.9818566922587901
2018-11-11T17:00:00.0,2018-11-11T23:00:00.0,23,39418.566,0.0,35346.582,37325.46,1.0
2018-11-11T18:00:00.0,2018-11-12T00:00:00.0,0,38905.145,1.0,33362.6,41531.406,0.7968437317972941
2018-11-11T19:00:00.0,2018-11-12T01:00:00.0,1,38056.324,1.0,31971.168,40605.664,0.8296061329926112
2018-11-11T20:00:00.0,2018-11-12T02:00:00.0,2,36471.367,1.0,29797.26,39475.645,0.8111216176338512
2018-11-11T21:00:00.0,2018-11-12T03:00:00.0,3,34483.918,1.0,28439.133,38689.902,0.6617638888888885
2018-11-11T22:00:00.0,2018-11-12T04:00:00.0,4,32583.58,1.0,27424.13,37388.555,0.5329754504462717
2018-11-11T23:00:00.0,2018-11-12T05:00:00.0,5,31519.807,1.0,27044.936,36252.93,0.4739909871849036
2018-11-12T00:00:00.0,2018-11-12T06:00:00.0,6,31115.85,1.0,30760.281,32876.305,0.06129732739420925
2018-11-12T01:00:00.0,2018-11-12T07:00:00.0,7,31142.201,1.0,30772.527,33766.754,0.039905529678729554
2018-11-12T02:00:00.0,2018-11-12T08:00:00.0,8,31646.998,1.0,31397.97,33515.316,0.03781367697478425
2018-11-12T03:00:00.0,2018-11-12T09:00:00.0,9,33317.02,1.0,31516.496,34153.004,0.80260374604719
2018-11-12T04:00:00.0,2018-11-12T10:00:00.0,10,36419.652,0.0,33357.69,35800.715,1.0
2018-11-12T05:00:00.0,2018-11-12T11:00:00.0,11,39786.19,0.0,34298.17,35857.01,1.0
2018-11-12T06:00:00.0,2018-11-12T12:00:00.0,12,40288.848,0.0,36759.316,38706.195,1.0
2018-11-12T07:00:00.0,2018-11-12T13:00:00.0,13,40989.41,1.0,38762.266,41033.68,0.9866734295160808
2018-11-12T08:00:00.0,2018-11-12T14:00:00.0,14,41787.53,0.0,38271.3,41378.66,1.0
2018-11-12T09:00:00.0,2018-11-12T15:00:00.0,15,42366.914,0.0,38536.406,41893.297,1.0
2018-11-12T10:00:00.0,2018-11-12T16:00:00.0,16,42854.28,0.0,38717.848,41656.75,1.0
2018-11-12T11:00:00.0,2018-11-12T17:00:00.0,17,43163.3,0.0,37829.03,41641.047,1.0
2018-11-12T12:00:00.0,2018-11-12T18:00:00.0,18,43606.285,1.0,36806.285,44391.98,0.9672058927519153
2018-11-12T13:00:00.0,2018-11-12T19:00:00.0,19,43887.62,1.0,36188.387,46627.41,0.8654042392639819
2018-11-12T14:00:00.0,2018-11-12T20:00:00.0,20,44782.5,0.0,34576.957,43576.88,1.0
2018-11-12T15:00:00.0,2018-11-12T21:00:00.0,21,46517.2,0.0,39068.984,44136.555,1.0
2018-11-12T16:00:00.0,2018-11-12T22:00:00.0,22,49096.895,0.0,40450.508,45978.703,1.0
2018-11-12T17:00:00.0,2018-11-12T23:00:00.0,23,49674.887,0.0,40820.312,44280.207,1.0
2018-11-12T18:00:00.0,2018-11-13T00:00:00.0,0,49558.52,0.0,38847.26,47112.703,1.0
2018-11-12T19:00:00.0,2018-11-13T01:00:00.0,1,48779.03,0.0,38479.15,45514.29,1.0
2018-11-12T20:00:00.0,2018-11-13T02:00:00.0,2,46835.38,0.0,38885.34,45726.06,1.0
2018-11-12T21:00:00.0,2018-11-13T03:00:00.0,3,44457.11,1.0,37043.33,46045.645,0.9337413951053527
2018-11-12T22:00:00.0,2018-11-13T04:00:00.0,4,42774.105,1.0,36904.9,45637.695,0.7883204395809669
2018-11-12T23:00:00.0,2018-11-13T05:00:00.0,5,41940.12,1.0,37075.08,45894.01,0.5949638081217037
2018-11-13T00:00:00.0,2018-11-13T06:00:00.0,6,41744.63,0.0,39127.797,41002.99,1.0
2018-11-13T01:00:00.0,2018-11-13T07:00:00.0,7,41920.04,1.0,40886.926,42619.496,0.6729116737533819
2018-11-13T02:00:00.0,2018-11-13T08:00:00.0,8,42725.586,1.0,42424.812,44039.195,0.07230164228371234
2018-11-13T03:00:00.0,2018-11-13T09:00:00.0,9,44693.76,1.0,44560.07,49058.496,0.01507246926696022
2018-11-13T04:00:00.0,2018-11-13T10:00:00.0,10,48353.62,1.0,46734.363,50027.67,0.4845638339809655
2018-11-13T05:00:00.0,2018-11-13T11:00:00.0,11,52008.426,0.0,48528.49,51131.06,1.0
2018-11-13T06:00:00.0,2018-11-13T12:00:00.0,12,51953.7,0.0,49697.344,51940.805,1.0
2018-11-13T07:00:00.0,2018-11-13T13:00:00.0,13,51830.66,0.0,49392.79,50998.973,1.0
2018-11-13T08:00:00.0,2018-11-13T14:00:00.0,14,51357.504,1.0,50127.98,53471.848,0.2690950927233804
2018-11-13T09:00:00.0,2018-11-13T15:00:00.0,15,50584.84,0.0,50766.957,54840.977,0.0
2018-11-13T10:00:00.0,2018-11-13T16:00:00.0,16,49317.27,1.0,48317.293,51852.574,0.15622523200401287
2018-11-13T11:00:00.0,2018-11-13T17:00:00.0,17,47870.42,1.0,43704.652,49513.254,0.8438065341017518
2018-11-13T12:00:00.0,2018-11-13T18:00:00.0,18,46552.656,1.0,39522.11,50265.81,0.7636926639077035
2018-11-13T13:00:00.0,2018-11-13T19:00:00.0,19,45586.215,1.0,36380.805,51551.367,0.690360941024814
2018-11-13T14:00:00.0,2018-11-13T20:00:00.0,20,45730.73,1.0,34352.926,51853.49,0.7575639311382254
2018-11-13T15:00:00.0,2018-11-13T21:00:00.0,21,47202.465,1.0,38833.113,50962.66,0.8116282760032759
2018-11-13T16:00:00.0,2018-11-13T22:00:00.0,22,50553.266,1.0,41110.992,51663.22,0.9666300553744384
2018-11-13T17:00:00.0,2018-11-13T23:00:00.0,23,52148.348,0.0,40999.727,48693.56,1.0
2018-11-13T18:00:00.0,2018-11-14T00:00:00.0,0,52460.344,1.0,38697.164,55502.543,0.9310510375771172
2018-11-13T19:00:00.0,2018-11-14T01:00:00.0,1,52069.316,0.0,40786.137,50997.082,1.0
2018-11-13T20:00:00.0,2018-11-14T02:00:00.0,2,50512.77,0.0,40187.883,50468.145,1.0
2018-11-13T21:00:00.0,2018-11-14T03:00:00.0,3,48376.73,1.0,39260.46,49096.445,0.9760772569515667
2018-11-13T22:00:00.0,2018-11-14T04:00:00.0,4,46935.188,1.0,39786.7,50017.12,0.8224096583250313
2018-11-13T23:00:00.0,2018-11-14T05:00:00.0,5,46413.824,1.0,42523.895,51185.14,0.40643847595252963
2018-11-14T00:00:00.0,2018-11-14T06:00:00.0,6,46511.562,0.0,39323.777,42817.145,1.0
2018-11-14T01:00:00.0,2018-11-14T07:00:00.0,7,46935.47,0.0,39094.105,42677.992,1.0
2018-11-14T02:00:00.0,2018-11-14T08:00:00.0,8,47809.207,0.0,42213.926,44924.582,1.0
2018-11-14T03:00:00.0,2018-11-14T09:00:00.0,9,49885.73,1.0,43952.566,51442.48,0.9128839096001546
2018-11-14T04:00:00.0,2018-11-14T10:00:00.0,10,53636.41,0.0,46966.48,52447.984,1.0
2018-11-14T05:00:00.0,2018-11-14T11:00:00.0,11,56641.17,0.0,48686.547,53517.934,1.0
2018-11-14T06:00:00.0,2018-11-14T12:00:00.0,12,55320.145,0.0,51895.348,55282.348,1.0
2018-11-14T07:00:00.0,2018-11-14T13:00:00.0,13,52406.062,0.0,52955.473,56225.56,0.0
2018-11-14T08:00:00.0,2018-11-14T14:00:00.0,14,49646.812,0.0,51021.48,56580.438,0.0
2018-11-14T09:00:00.0,2018-11-14T15:00:00.0,15,47001.676,0.0,48244.86,54543.87,0.0
2018-11-14T10:00:00.0,2018-11-14T16:00:00.0,16,44492.44,1.0,42823.84,48031.285,0.20173773987206947
2018-11-14T11:00:00.0,2018-11-14T17:00:00.0,17,42550.27,1.0,39962.56,47941.62,0.20687527954014523
2018-11-14T12:00:00.0,2018-11-14T18:00:00.0,18,41070.58,1.0,34423.93,49098.984,0.413315205299978
2018-11-14T13:00:00.0,2018-11-14T19:00:00.0,19,39922.19,1.0,33470.0,51198.24,0.26338834450747844
2018-11-14T14:00:00.0,2018-11-14T20:00:00.0,20,39845.676,1.0,31526.299,50631.652,0.3819635842347288
2018-11-14T15:00:00.0,2018-11-14T21:00:00.0,21,41156.957,1.0,32362.633,47735.723,0.6312846677132397
2018-11-14T16:00:00.0,2018-11-14T22:00:00.0,22,44699.426,1.0,33108.312,48200.105,0.8937410144497172
2018-11-14T17:00:00.0,2018-11-14T23:00:00.0,23,46710.566,0.0,33888.668,45562.07,1.0
2018-11-14T18:00:00.0,2018-11-15T00:00:00.0,0,47438.707,1.0,33042.77,51149.53,0.9149851576327325
2018-11-14T19:00:00.0,2018-11-15T01:00:00.0,1,47489.87,1.0,35074.24,48901.945,0.9677267790087827
2018-11-14T20:00:00.0,2018-11-15T02:00:00.0,2,46236.63,1.0,33654.973,48720.363,0.9405012342292923
2018-11-14T21:00:00.0,2018-11-15T03:00:00.0,3,44413.863,1.0,33122.375,45093.375,0.9803117162716093
2018-11-14T22:00:00.0,2018-11-15T04:00:00.0,4,43075.145,1.0,31763.707,44439.395,0.9657572201173047
2018-11-14T23:00:00.0,2018-11-15T05:00:00.0,5,42569.137,1.0,32782.34,43479.867,0.9728590252979933
2018-11-15T00:00:00.0,2018-11-15T06:00:00.0,6,42624.55,0.0,34073.246,40013.324,1.0
2018-11-15T01:00:00.0,2018-11-15T07:00:00.0,7,43075.93,0.0,35587.94,41280.844,1.0
2018-11-15T02:00:00.0,2018-11-15T08:00:00.0,8,44007.28,0.0,37486.04,42011.504,1.0
2018-11-15T03:00:00.0,2018-11-15T09:00:00.0,9,46149.145,1.0,35038.34,46507.684,0.9846644711778851
2018-11-15T04:00:00.0,2018-11-15T10:00:00.0,10,49979.81,0.0,40266.066,46904.8,1.0
2018-11-15T05:00:00.0,2018-11-15T11:00:00.0,11,53125.285,0.0,40417.598,48673.348,1.0
2018-11-15T06:00:00.0,2018-11-15T12:00:00.0,12,51042.598,0.0,42424.637,47777.62,1.0
2018-11-15T07:00:00.0,2018-11-15T13:00:00.0,13,47611.215,0.0,42092.598,47345.227,1.0
2018-11-15T08:00:00.0,2018-11-15T14:00:00.0,14,44594.77,1.0,40332.812,48216.367,0.5749331668285453
2018-11-15T09:00:00.0,2018-11-15T15:00:00.0,15,42019.98,1.0,38077.703,47088.492,0.38562518503898224
2018-11-15T10:00:00.0,2018-11-15T16:00:00.0,16,39762.504,1.0,35673.438,43199.39,0.5798837124791056
2018-11-15T11:00:00.0,2018-11-15T17:00:00.0,17,38190.113,1.0,30038.295,45173.2,0.5712808991471107
2018-11-15T12:00:00.0,2018-11-15T18:00:00.0,18,37143.88,1.0,27007.807,46542.918,0.5349675831716434
2018-11-15T13:00:00.0,2018-11-15T19:00:00.0,19,36392.105,1.0,26201.6,45864.94,0.5338294451183395
2018-11-15T14:00:00.0,2018-11-15T20:00:00.0,20,36368.34,1.0,25420.139,45796.426,0.5688884794449134
2018-11-15T15:00:00.0,2018-11-15T21:00:00.0,21,36977.84,1.0,26687.682,46751.27,0.5238860677684423
2018-11-15T16:00:00.0,2018-11-15T22:00:00.0,22,39504.215,1.0,27730.861,47949.84,0.6490918358605327
2018-11-15T17:00:00.0,2018-11-15T23:00:00.0,23,40624.027,1.0,30085.723,49662.465,0.5707282887077998
2018-11-15T18:00:00.0,2018-11-16T00:00:00.0,0,40856.24,1.0,30386.635,50709.18,0.5281368554422232
2018-11-15T19:00:00.0,2018-11-16T01:00:00.0,1,40754.996,1.0,30500.791,50175.52,0.5392614415938348
2018-11-15T20:00:00.0,2018-11-16T02:00:00.0,2,39484.99,1.0,29116.436,48671.832,0.5558944033393813
2018-11-15T21:00:00.0,2018-11-16T03:00:00.0,3,37701.926,1.0,24641.861,44468.9,0.7698569440538765
2018-11-15T22:00:00.0,2018-11-16T04:00:00.0,4,36240.492,1.0,25652.584,45746.742,0.5498276305161903
2018-11-15T23:00:00.0,2018-11-16T05:00:00.0,5,35590.69,1.0,25326.523,40056.797,0.8200825464018238
2018-11-16T00:00:00.0,2018-11-16T06:00:00.0,6,35450.688,1.0,28526.902,37669.65,0.884296166112104
2018-11-16T01:00:00.0,2018-11-16T07:00:00.0,7,35857.63,1.0,28631.379,37978.49,0.8980190343504887
2018-11-16T02:00:00.0,2018-11-16T08:00:00.0,8,36793.12,1.0,30576.15,37286.887,0.9759677619790185
2018-11-16T03:00:00.0,2018-11-16T09:00:00.0,9,38857.04,1.0,28229.043,45190.02,0.7220880126673808
2018-11-16T04:00:00.0,2018-11-16T10:00:00.0,10,42496.414,1.0,36547.926,44015.676,0.916069242095474
2018-11-16T05:00:00.0,2018-11-16T11:00:00.0,11,45564.363,1.0,37990.855,45998.63,0.9807439899567962
2018-11-16T06:00:00.0,2018-11-16T12:00:00.0,12,44740.49,1.0,39851.812,45030.51,0.9804415060510981
2018-11-16T07:00:00.0,2018-11-16T13:00:00.0,13,42441.324,1.0,40315.926,45770.426,0.30386042482000397
2018-11-16T08:00:00.0,2018-11-16T14:00:00.0,14,40345.76,1.0,39870.57,45755.64,0.025960222519849863
2018-11-16T09:00:00.0,2018-11-16T15:00:00.0,15,38541.926,1.0,34639.168,44537.043,0.31144698614125854
2018-11-16T10:00:00.0,2018-11-16T16:00:00.0,16,37088.035,1.0,33646.81,41290.8,0.40836400094361935
2018-11-16T11:00:00.0,2018-11-16T17:00:00.0,17,36250.63,1.0,28836.355,45370.887,0.4051630494056054
2018-11-16T12:00:00.0,2018-11-16T18:00:00.0,18,35800.02,1.0,26068.746,45767.51,0.4888727142615015
2018-11-16T13:00:00.0,2018-11-16T19:00:00.0,19,35496.754,1.0,25083.906,44870.984,0.5485920402647032
2018-11-16T14:00:00.0,2018-11-16T20:00:00.0,20,35397.613,1.0,25174.666,45580.438,0.5018247385175075
2018-11-16T15:00:00.0,2018-11-16T21:00:00.0,21,35466.152,1.0,25962.193,46005.56,0.45217271681619525
2018-11-16T16:00:00.0,2018-11-16T22:00:00.0,22,37072.836,1.0,26889.834,46833.016,0.5196683469429514
2018-11-16T17:00:00.0,2018-11-16T23:00:00.0,23,37422.387,1.0,27818.783,47814.016,0.46347780253923065
2018-11-16T18:00:00.0,2018-11-17T00:00:00.0,0,37181.46,1.0,28474.514,47949.62,0.402763508758935
2018-11-16T19:00:00.0,2018-11-17T01:00:00.0,1,36968.594,1.0,28680.928,47617.81,0.3858751326527732
2018-11-16T20:00:00.0,2018-11-17T02:00:00.0,2,36246.38,1.0,26272.768,45948.082,0.5128226399441915
2018-11-16T21:00:00.0,2018-11-17T03:00:00.0,3,35008.934,1.0,25359.62,45625.387,0.45580380950647514
2018-11-16T22:00:00.0,2018-11-17T04:00:00.0,4,33762.926,1.0,24820.773,44314.535,0.42384953517517415
2018-11-16T23:00:00.0,2018-11-17T05:00:00.0,5,32806.926,1.0,22261.469,41786.195,0.5740108509903165
2018-11-17T00:00:00.0,2018-11-17T06:00:00.0,6,32319.104,1.0,23990.496,38217.45,0.6544463588606678
2018-11-17T01:00:00.0,2018-11-17T07:00:00.0,7,32264.596,1.0,23273.215,38939.93,0.6345315116201194
2018-11-17T02:00:00.0,2018-11-17T08:00:00.0,8,32612.705,1.0,26514.15,35531.39,0.7939627371075088
2018-11-17T03:00:00.0,2018-11-17T09:00:00.0,9,33441.816,1.0,23315.111,40446.12,0.6642080736123475
2018-11-17T04:00:00.0,2018-11-17T10:00:00.0,10,34983.77,1.0,29286.512,39644.555,0.5920307440548718
2018-11-17T05:00:00.0,2018-11-17T11:00:00.0,11,36650.6,1.0,30793.826,41486.54,0.587876238295562
2018-11-17T06:00:00.0,2018-11-17T12:00:00.0,12,37772.19,1.0,33795.824,39562.67,0.8110384772732175
2018-11-17T07:00:00.0,2018-11-17T13:00:00.0,13,37828.406,1.0,34809.844,40107.38,0.6273187464615183
2018-11-17T08:00:00.0,2018-11-17T14:00:00.0,14,37083.184,1.0,34427.637,38937.87,0.6602247359915812
2018-11-17T09:00:00.0,2018-11-17T15:00:00.0,15,36193.504,1.0,31264.746,39666.24,0.6565761446176444
2018-11-17T10:00:00.0,2018-11-17T16:00:00.0,16,35433.465,1.0,31535.682,36694.742,0.8826929470019066
2018-11-17T11:00:00.0,2018-11-17T17:00:00.0,17,34916.6,1.0,27594.02,42254.34,0.49904038485884267
2018-11-17T12:00:00.0,2018-11-17T18:00:00.0,18,34513.113,1.0,24943.03,45000.42,0.45764123358711195
2018-11-17T13:00:00.0,2018-11-17T19:00:00.0,19,34211.676,1.0,25876.838,45125.44,0.3776477920554326
2018-11-17T14:00:00.0,2018-11-17T20:00:00.0,20,34080.65,1.0,25990.188,45312.76,0.352635853487997
2018-11-17T15:00:00.0,2018-11-17T21:00:00.0,21,34346.26,1.0,26541.871,45806.652,0.32943387862246415
2018-11-17T16:00:00.0,2018-11-17T22:00:00.0,22,35909.863,1.0,26842.764,46197.973,0.4416647828193117
2018-11-17T17:00:00.0,2018-11-17T23:00:00.0,23,36126.49,1.0,27397.943,46593.883,0.4165553896742006
2018-11-17T18:00:00.0,2018-11-18T00:00:00.0,0,35754.926,1.0,27055.553,46622.97,0.3982738384069582
2018-11-17T19:00:00.0,2018-11-18T01:00:00.0,1,35126.844,1.0,25916.707,45268.23,0.4554350685244838
2018-11-17T20:00:00.0,2018-11-18T02:00:00.0,2,34121.348,1.0,24632.053,43735.87,0.4939170309919362
2018-11-17T21:00:00.0,2018-11-18T03:00:00.0,3,32750.021,1.0,24176.344,43553.01,0.3944929827481001
2018-11-17T22:00:00.0,2018-11-18T04:00:00.0,4,31357.584,1.0,22409.469,41872.15,0.42574388758782195
2018-11-17T23:00:00.0,2018-11-18T05:00:00.0,5,30277.703,1.0,20220.135,39363.914,0.546978709055877
2018-11-18T00:00:00.0,2018-11-18T06:00:00.0,6,29659.975,1.0,21612.57,36620.824,0.5668695164065454
2018-11-18T01:00:00.0,2018-11-18T07:00:00.0,7,29424.36,1.0,23427.578,37925.836,0.3438932110004967
2018-11-18T02:00:00.0,2018-11-18T08:00:00.0,8,29523.76,1.0,25688.682,34986.45,0.34192548072491274
2018-11-18T03:00:00.0,2018-11-18T09:00:00.0,9,29980.844,1.0,24709.008,41638.605,0.19010652160737035
2018-11-18T04:00:00.0,2018-11-18T10:00:00.0,10,31049.43,1.0,28514.393,39583.047,0.1037809014514898
2018-11-18T05:00:00.0,2018-11-18T11:00:00.0,11,32459.99,1.0,30301.795,40927.918,0.08368475515525331
2018-11-18T06:00:00.0,2018-11-18T12:00:00.0,12,34151.69,0.0,34951.047,39740.45,0.0
2018-11-18T07:00:00.0,2018-11-18T13:00:00.0,13,36314.816,0.0,36879.56,40662.465,0.0
2018-11-18T08:00:00.0,2018-11-18T14:00:00.0,14,37707.492,1.0,36635.19,40070.473,0.19106306709981005
2018-11-18T09:00:00.0,2018-11-18T15:00:00.0,15,38269.4,1.0,34939.33,41902.13,0.4597271812258307
2018-11-18T10:00:00.0,2018-11-18T16:00:00.0,16,38467.277,1.0,34781.785,38902.49,0.9664763516445373
2018-11-18T11:00:00.0,2018-11-18T17:00:00.0,17,38310.84,1.0,30293.36,43796.316,0.6686564653603303
2018-11-18T12:00:00.0,2018-11-18T18:00:00.0,18,38149.637,1.0,28332.828,44702.797,0.6785967245312357
2018-11-18T13:00:00.0,2018-11-18T19:00:00.0,19,38032.363,1.0,27600.225,46038.95,0.62020552073865
2018-11-18T14:00:00.0,2018-11-18T20:00:00.0,20,38570.145,1.0,27681.152,46011.285,0.6691501303793015
2018-11-18T15:00:00.0,2018-11-18T21:00:00.0,21,39582.19,1.0,28463.328,46148.96,0.72531687235574
2018-11-18T16:00:00.0,2018-11-18T22:00:00.0,22,41382.547,1.0,29888.188,45622.22,0.8582498803964773
2018-11-18T17:00:00.0,2018-11-18T23:00:00.0,23,41795.375,1.0,29046.404,47061.12,0.8330249477584195
2018-11-18T18:00:00.0,2018-11-19T00:00:00.0,0,41486.695,1.0,29586.344,48065.55,0.7485337321637897
2018-11-18T19:00:00.0,2018-11-19T01:00:00.0,1,40845.965,1.0,28560.035,46249.215,0.8172759627669283
2018-11-18T20:00:00.0,2018-11-19T02:00:00.0,2,39525.59,1.0,27783.467,42556.84,0.9148101358795444
2018-11-18T21:00:00.0,2018-11-19T03:00:00.0,3,37759.715,1.0,26124.693,43305.156,0.7951557931989536
2018-11-18T22:00:00.0,2018-11-19T04:00:00.0,4,36227.164,1.0,23354.12,41129.656,0.8515269734291593
2018-11-18T23:00:00.0,2018-11-19T05:00:00.0,5,35207.863,1.0,23360.3,39602.773,0.8570596528788597
2018-11-19T00:00:00.0,2018-11-19T06:00:00.0,6,34674.83,1.0,25523.725,40497.812,0.6974260464508827
2018-11-19T01:00:00.0,2018-11-19T07:00:00.0,7,34801.887,1.0,27253.871,40124.477,0.6562345843432864
2018-11-19T02:00:00.0,2018-11-19T08:00:00.0,8,35414.734,1.0,32648.902,39357.945,0.3415508035052756
2018-11-19T03:00:00.0,2018-11-19T09:00:00.0,9,36975.098,1.0,26175.37,43857.246,0.6968555760368665
2018-11-19T04:00:00.0,2018-11-19T10:00:00.0,10,39487.645,1.0,33498.074,43540.574,0.6731349629827251
2018-11-19T05:00:00.0,2018-11-19T11:00:00.0,11,42121.24,1.0,36928.188,43361.54,0.9234324633886933
2018-11-19T06:00:00.0,2018-11-19T12:00:00.0,12,43118.3,0.0,39722.688,42150.51,1.0
2018-11-19T07:00:00.0,2018-11-19T13:00:00.0,13,43493.44,0.0,40159.258,42020.387,1.0
2018-11-19T08:00:00.0,2018-11-19T14:00:00.0,14,43332.043,0.0,40427.445,42341.496,1.0
2018-11-19T09:00:00.0,2018-11-19T15:00:00.0,15,42720.633,1.0,39160.242,43546.44,0.9264049140491408
2018-11-19T10:00:00.0,2018-11-19T16:00:00.0,16,41884.9,0.0,37673.324,40958.81,1.0
2018-11-19T11:00:00.0,2018-11-19T17:00:00.0,17,40994.73,1.0,33298.25,43207.29,0.900998493139821
2018-11-19T12:00:00.0,2018-11-19T18:00:00.0,18,40365.414,1.0,31079.084,44241.438,0.8305126990393471
2018-11-19T13:00:00.0,2018-11-19T19:00:00.0,19,39769.8,1.0,29544.268,44425.383,0.8080283389643526
2018-11-19T14:00:00.0,2018-11-19T20:00:00.0,20,39678.51,1.0,29469.12,44206.06,0.8150786187370448
2018-11-19T15:00:00.0,2018-11-19T21:00:00.0,21,40428.938,1.0,28383.215,45669.137,0.8201355504221214
2018-11-19T16:00:00.0,2018-11-19T22:00:00.0,22,42717.02,1.0,30774.025,43573.97,0.9777510891792431
2018-11-19T17:00:00.0,2018-11-19T23:00:00.0,23,43183.89,1.0,30241.143,45816.383,0.9381242955802152
2018-11-19T18:00:00.0,2018-11-20T00:00:00.0,0,42883.387,1.0,30395.826,49196.1,0.7775656620381023
2018-11-19T19:00:00.0,2018-11-20T01:00:00.0,1,42279.76,1.0,30908.664,46944.285,0.834661477086154
2018-11-19T20:00:00.0,2018-11-20T02:00:00.0,2,40878.1,1.0,30670.213,44144.164,0.8845699872037944
2018-11-19T21:00:00.0,2018-11-20T03:00:00.0,3,38943.426,1.0,27819.812,47370.586,0.6258282197516604
2018-11-19T22:00:00.0,2018-11-20T04:00:00.0,4,37201.293,1.0,26984.389,42811.9,0.7508016780166877
2018-11-19T23:00:00.0,2018-11-20T05:00:00.0,5,36241.43,1.0,26412.254,42334.54,0.7074049803407603
2018-11-20T00:00:00.0,2018-11-20T06:00:00.0,6,35846.785,1.0,27572.764,43514.367,0.5352563820039672
2018-11-20T01:00:00.0,2018-11-20T07:00:00.0,7,35834.76,1.0,27270.84,43833.867,0.5316136054118017
2018-11-20T02:00:00.0,2018-11-20T08:00:00.0,8,36495.54,1.0,30931.467,40375.35,0.6608842585114598
2018-11-20T03:00:00.0,2018-11-20T09:00:00.0,9,38252.137,1.0,26358.896,46557.664,0.6602711161830601
2018-11-20T04:00:00.0,2018-11-20T10:00:00.0,10,41065.867,1.0,29363.717,47901.96,0.7292741462761053
2018-11-20T05:00:00.0,2018-11-20T11:00:00.0,11,43705.51,1.0,32909.434,49215.227,0.7746056031900874
2018-11-20T06:00:00.0,2018-11-20T12:00:00.0,12,43999.48,1.0,39748.67,45786.008,0.8288112735361894
2018-11-20T07:00:00.0,2018-11-20T13:00:00.0,13,42863.81,1.0,40513.145,46286.977,0.3328374728436379
2018-11-20T08:00:00.0,2018-11-20T14:00:00.0,14,41589.17,1.0,40434.61,45966.473,0.08774159801229191
2018-11-20T09:00:00.0,2018-11-20T15:00:00.0,15,40268.95,1.0,37561.027,46885.043,0.16480656346749162
2018-11-20T10:00:00.0,2018-11-20T16:00:00.0,16,39012.652,1.0,36394.94,43835.473,0.24529867321867366
2018-11-20T11:00:00.0,2018-11-20T17:00:00.0,17,37969.824,1.0,28288.248,46206.527,0.5743946439291421
2018-11-20T12:00:00.0,2018-11-20T18:00:00.0,18,37295.51,1.0,26361.604,45742.48,0.6173373280600494
2018-11-20T13:00:00.0,2018-11-20T19:00:00.0,19,36770.21,1.0,26155.516,45965.17,0.5662025609023248
2018-11-20T14:00:00.0,2018-11-20T20:00:00.0,20,36622.48,1.0,25291.604,44238.332,0.6758414345305431
2018-11-20T15:00:00.0,2018-11-20T21:00:00.0,21,37261.72,1.0,25417.535,44617.375,0.7067112578905567
2018-11-20T16:00:00.0,2018-11-20T22:00:00.0,22,39795.473,1.0,26645.234,46090.652,0.793886808099896
2018-11-20T17:00:00.0,2018-11-20T23:00:00.0,23,40692.457,1.0,28149.924,47283.617,0.7653122875182129
2018-11-20T18:00:00.0,2018-11-21T00:00:00.0,0,40872.51,1.0,29458.697,48641.51,0.6707564727037837
2018-11-20T19:00:00.0,2018-11-21T01:00:00.0,1,40831.76,1.0,28754.975,48068.113,0.7200695281729769
2018-11-20T20:00:00.0,2018-11-21T02:00:00.0,2,39926.74,1.0,28518.402,47720.78,0.6692550092682494
2018-11-20T21:00:00.0,2018-11-21T03:00:00.0,3,38433.656,1.0,28047.271,47385.78,0.5684891186999264
2018-11-20T22:00:00.0,2018-11-21T04:00:00.0,4,37048.035,1.0,27190.12,46568.06,0.5161773404672804
2018-11-20T23:00:00.0,2018-11-21T05:00:00.0,5,36278.89,1.0,25313.852,44858.89,0.6117430549868517
2018-11-21T00:00:00.0,2018-11-21T06:00:00.0,6,36065.035,1.0,24086.174,43979.47,0.682700075602117
2018-11-21T01:00:00.0,2018-11-21T07:00:00.0,7,36214.824,1.0,24563.195,45502.965,0.6035536525481002
2018-11-21T02:00:00.0,2018-11-21T08:00:00.0,8,36941.285,1.0,26826.223,44913.586,0.6085665329569655
2018-11-21T03:00:00.0,2018-11-21T09:00:00.0,9,38646.09,1.0,27674.072,46896.844,0.6290427504175921
2018-11-21T04:00:00.0,2018-11-21T10:00:00.0,10,41377.797,1.0,29983.016,48580.605,0.699988695713134
2018-11-21T05:00:00.0,2018-11-21T11:00:00.0,11,43881.33,1.0,31733.451,50345.57,0.761260465473539
2018-11-21T06:00:00.0,2018-11-21T12:00:00.0,12,44334.215,1.0,36210.777,46067.387,0.9341064150221721
2018-11-21T07:00:00.0,2018-11-21T13:00:00.0,13,43234.504,1.0,35964.285,47259.797,0.748013596264995
2018-11-21T08:00:00.0,2018-11-21T14:00:00.0,14,42114.207,1.0,36339.92,45564.62,0.7210701423715129
2018-11-21T09:00:00.0,2018-11-21T15:00:00.0,15,40989.047,1.0,32910.13,46309.062,0.6840163550249151
2018-11-21T10:00:00.0,2018-11-21T16:00:00.0,16,39713.34,1.0,33412.22,42634.203,0.8030560925743052
2018-11-21T11:00:00.0,2018-11-21T17:00:00.0,17,38772.574,1.0,28099.871,46415.367,0.6498225887292779
2018-11-21T12:00:00.0,2018-11-21T18:00:00.0,18,38232.832,1.0,26278.0,45910.855,0.6938247574145247
2018-11-21T13:00:00.0,2018-11-21T19:00:00.0,19,37823.6,1.0,25463.125,43989.844,0.781635814018328
2018-11-21T14:00:00.0,2018-11-21T20:00:00.0,20,37753.664,1.0,25217.982,44801.152,0.7427659704316247
2018-11-21T15:00:00.0,2018-11-21T21:00:00.0,21,38480.83,1.0,25973.23,45226.79,0.7568121567525278
2018-11-21T16:00:00.0,2018-11-21T22:00:00.0,22,40271.44,1.0,26224.346,45061.695,0.8734563345633457
2018-11-21T17:00:00.0,2018-11-21T23:00:00.0,23,40376.152,1.0,27833.104,46973.16,0.7650392148075115
2018-11-21T18:00:00.0,2018-11-22T00:00:00.0,0,39998.293,1.0,30334.355,49024.547,0.5316299982193379
2018-11-21T19:00:00.0,2018-11-22T01:00:00.0,1,39517.49,1.0,29006.184,48029.547,0.596565779121681
2018-11-21T20:00:00.0,2018-11-22T02:00:00.0,2,38377.285,1.0,28703.9,47343.445,0.5351648199033799
2018-11-21T21:00:00.0,2018-11-22T03:00:00.0,3,36821.01,1.0,27067.748,46258.055,0.5152880340228108
2018-11-21T22:00:00.0,2018-11-22T04:00:00.0,4,35206.62,1.0,25009.908,44838.055,0.5264372068688455
2018-11-21T23:00:00.0,2018-11-22T05:00:00.0,5,33984.855,1.0,23559.998,42876.41,0.573247286455876
2018-11-22T00:00:00.0,2018-11-22T06:00:00.0,6,33339.395,1.0,27197.467,42909.836,0.30587763060997974
2018-11-22T01:00:00.0,2018-11-22T07:00:00.0,7,33098.145,1.0,27457.74,43946.406,0.23125453032063373
2018-11-22T02:00:00.0,2018-11-22T08:00:00.0,8,33239.555,1.0,27599.957,45141.418,0.20315889413839094
2018-11-22T03:00:00.0,2018-11-22T09:00:00.0,9,33954.01,1.0,28023.33,44725.418,0.2500802318405027
2018-11-22T04:00:00.0,2018-11-22T10:00:00.0,10,35222.438,1.0,29330.45,48135.953,0.1925619812163666
2018-11-22T05:00:00.0,2018-11-22T11:00:00.0,11,36595.242,1.0,30347.227,48536.69,0.23328263774267063
2018-11-22T06:00:00.0,2018-11-22T12:00:00.0,12,37685.527,1.0,33690.53,47048.715,0.17497091509721896
2018-11-22T07:00:00.0,2018-11-22T13:00:00.0,13,38439.41,1.0,36290.348,46410.133,0.09041624602003577
2018-11-22T08:00:00.0,2018-11-22T14:00:00.0,14,38569.914,1.0,35949.195,45869.64,0.13632965511625042
2018-11-22T09:00:00.0,2018-11-22T15:00:00.0,15,38193.125,1.0,34359.867,45842.996,0.21970547847909494
2018-11-22T10:00:00.0,2018-11-22T16:00:00.0,16,37091.355,1.0,34273.66,42776.297,0.2164084732214236
2018-11-22T11:00:00.0,2018-11-22T17:00:00.0,17,35531.316,1.0,28683.8,46227.086,0.3049380422464561
2018-11-22T12:00:00.0,2018-11-22T18:00:00.0,18,34075.78,1.0,27028.855,45269.965,0.29844267272103275
2018-11-22T13:00:00.0,2018-11-22T19:00:00.0,19,32987.01,1.0,26194.004,45377.207,0.2486540514165476
2018-11-22T14:00:00.0,2018-11-22T20:00:00.0,20,32379.686,1.0,26784.45,45453.688,0.1757336836087793
2018-11-22T15:00:00.0,2018-11-22T21:00:00.0,21,32304.18,1.0,26495.18,46392.668,0.16656390911992577
2018-11-22T16:00:00.0,2018-11-22T22:00:00.0,22,33650.316,1.0,28025.771,47488.6,0.16314889527019008
2018-11-22T17:00:00.0,2018-11-22T23:00:00.0,23,33822.543,1.0,29329.775,47752.047,0.11676461941022542
2018-11-22T18:00:00.0,2018-11-23T00:00:00.0,0,33915.055,1.0,30369.072,48328.965,0.07962495833073864
2018-11-22T19:00:00.0,2018-11-23T01:00:00.0,1,33892.03,1.0,29714.842,48420.254,0.09902331326490729
2018-11-22T20:00:00.0,2018-11-23T02:00:00.0,2,33513.047,1.0,28683.441,45278.52,0.16550165257627927
2018-11-22T21:00:00.0,2018-11-23T03:00:00.0,3,32660.92,1.0,27175.883,43770.527,0.2152387778505897
2018-11-22T22:00:00.0,2018-11-23T04:00:00.0,4,31594.928,1.0,25572.6,41992.65,0.26768101416188717
2018-11-22T23:00:00.0,2018-11-23T05:00:00.0,5,30729.68,1.0,24952.545,40732.53,0.2666727183181561
2018-11-23T00:00:00.0,2018-11-23T06:00:00.0,6,30140.0,1.0,23091.562,37258.797,0.4953911858722422
2018-11-23T01:00:00.0,2018-11-23T07:00:00.0,7,29832.102,1.0,21483.514,37949.754,0.5130127959629637
2018-11-23T02:00:00.0,2018-11-23T08:00:00.0,8,29958.932,1.0,20990.086,38341.51,0.5313243254763224
2018-11-23T03:00:00.0,2018-11-23T09:00:00.0,9,30630.71,1.0,20732.498,41227.902,0.4683831303563372
2018-11-23T04:00:00.0,2018-11-23T10:00:00.0,10,31751.986,1.0,22926.875,42142.71,0.4248410296308245
2018-11-23T05:00:00.0,2018-11-23T11:00:00.0,11,32890.715,1.0,26122.182,45662.09,0.2374271457523942
2018-11-23T06:00:00.0,2018-11-23T12:00:00.0,12,33677.926,1.0,29325.266,43611.938,0.18174405061970897
2018-11-23T07:00:00.0,2018-11-23T13:00:00.0,13,34597.625,1.0,31594.676,41532.6,0.17869200603318294
2018-11-23T08:00:00.0,2018-11-23T14:00:00.0,14,35019.652,1.0,31138.297,42491.098,0.2309793476892081
2018-11-23T09:00:00.0,2018-11-23T15:00:00.0,15,34952.582,1.0,27590.434,46899.418,0.2903523269540932
2018-11-23T10:00:00.0,2018-11-23T16:00:00.0,16,34552.06,1.0,30580.957,42025.07,0.23829106808244835
2018-11-23T11:00:00.0,2018-11-23T17:00:00.0,17,34133.6,1.0,26587.521,46215.184,0.29545770529879856
2018-11-23T12:00:00.0,2018-11-23T18:00:00.0,18,33858.63,1.0,26443.014,45961.375,0.2882132019130391
2018-11-23T13:00:00.0,2018-11-23T19:00:00.0,19,33706.066,1.0,26953.418,45885.29,0.25246342502722413
2018-11-23T14:00:00.0,2018-11-23T20:00:00.0,20,33694.49,1.0,26953.91,45861.6,0.2521914258173599
2018-11-23T15:00:00.0,2018-11-23T21:00:00.0,21,33984.836,1.0,27035.69,46328.223,0.25771807559179527
2018-11-23T16:00:00.0,2018-11-23T22:00:00.0,22,35425.074,1.0,28001.664,47331.555,0.29477789680859007
2018-11-23T17:00:00.0,2018-11-23T23:00:00.0,23,35441.348,1.0,28936.875,47807.867,0.23497621140034533
2018-11-23T18:00:00.0,2018-11-24T00:00:00.0,0,34923.797,1.0,28785.24,48482.562,0.19042305062672935
2018-11-23T19:00:00.0,2018-11-24T01:00:00.0,1,34385.77,1.0,28702.443,46692.86,0.19589250194277855
2018-11-23T20:00:00.0,2018-11-24T02:00:00.0,2,33577.14,1.0,26803.93,45764.99,0.25326318526339026
2018-11-23T21:00:00.0,2018-11-24T03:00:00.0,3,32340.615,1.0,24691.957,43472.92,0.3330612336988405
2018-11-23T22:00:00.0,2018-11-24T04:00:00.0,4,31079.135,1.0,22837.672,41560.188,0.3904009109001836
2018-11-23T23:00:00.0,2018-11-24T05:00:00.0,5,30102.076,1.0,21920.094,39553.715,0.43349237671887336
2018-11-24T00:00:00.0,2018-11-24T06:00:00.0,6,29538.365,1.0,19298.164,37736.152,0.6016738727009514
2018-11-24T01:00:00.0,2018-11-24T07:00:00.0,7,29396.791,1.0,20721.256,37004.312,0.560636388176542
2018-11-24T02:00:00.0,2018-11-24T08:00:00.0,8,29560.959,1.0,23816.367,35164.785,0.5115099859444968
2018-11-24T03:00:00.0,2018-11-24T09:00:00.0,9,30296.037,1.0,21669.283,38587.883,0.5183645233788301
2018-11-24T04:00:00.0,2018-11-24T10:00:00.0,10,31459.795,1.0,23555.48,39044.504,0.5191425971164435
2018-11-24T05:00:00.0,2018-11-24T11:00:00.0,11,32835.117,1.0,23885.242,41543.35,0.5126970222152195
2018-11-24T06:00:00.0,2018-11-24T12:00:00.0,12,33988.547,1.0,28204.857,40034.973,0.479397479057387
2018-11-24T07:00:00.0,2018-11-24T13:00:00.0,13,34868.29,1.0,28641.67,41566.727,0.46616479507903613
2018-11-24T08:00:00.0,2018-11-24T14:00:00.0,14,35032.176,1.0,26908.69,43867.465,0.46110903956650195
2018-11-24T09:00:00.0,2018-11-24T15:00:00.0,15,34906.715,1.0,25612.92,45208.074,0.4523953352659909
2018-11-24T10:00:00.0,2018-11-24T16:00:00.0,16,34706.215,1.0,26366.252,44649.977,0.4191552579365073
2018-11-24T11:00:00.0,2018-11-24T17:00:00.0,17,34541.383,1.0,25101.14,45424.945,0.43439507263093396
2018-11-24T12:00:00.0,2018-11-24T18:00:00.0,18,34308.914,1.0,25234.389,45365.367,0.4094234782998163
2018-11-24T13:00:00.0,2018-11-24T19:00:00.0,19,33987.133,1.0,25521.13,45787.08,0.35097290598290615
2018-11-24T14:00:00.0,2018-11-24T20:00:00.0,20,33851.29,1.0,26031.879,46189.086,0.30102710875031313
2018-11-24T15:00:00.0,2018-11-24T21:00:00.0,21,34205.516,1.0,25804.31,45976.97,0.3487685038834788
2018-11-24T16:00:00.0,2018-11-24T22:00:00.0,22,35982.918,1.0,26786.826,46700.95,0.429444637723619
2018-11-24T17:00:00.0,2018-11-24T23:00:00.0,23,36165.92,1.0,26842.209,47055.285,0.4285035854417532
2018-11-24T18:00:00.0,2018-11-25T00:00:00.0,0,35706.88,1.0,26750.174,46972.21,0.3952879998582588
2018-11-24T19:00:00.0,2018-11-25T01:00:00.0,1,35075.293,1.0,25803.328,46091.07,0.42075828106184465
2018-11-24T20:00:00.0,2018-11-25T02:00:00.0,2,34081.87,1.0,24218.686,44293.477,0.48389766616774793
2018-11-24T21:00:00.0,2018-11-25T03:00:00.0,3,32716.799,1.0,22927.959,43085.938,0.47330456918100267
2018-11-24T22:00:00.0,2018-11-25T04:00:00.0,4,31141.998,1.0,20865.078,40917.113,0.5232104650518264
2018-11-24T23:00:00.0,2018-11-25T05:00:00.0,5,29867.299,1.0,19172.238,39464.64,0.5500722064179455
2018-11-25T00:00:00.0,2018-11-25T06:00:00.0,6,28975.867,1.0,21194.121,35208.93,0.6014330269834979
2018-11-25T01:00:00.0,2018-11-25T07:00:00.0,7,28470.32,1.0,22911.033,34589.727,0.45558413871517917
2018-11-25T02:00:00.0,2018-11-25T08:00:00.0,8,28231.162,1.0,24146.639,32956.03,0.4328630826161077
2018-11-25T03:00:00.0,2018-11-25T09:00:00.0,9,28482.273,1.0,22736.295,36722.773,0.3391087897039399
2018-11-25T04:00:00.0,2018-11-25T10:00:00.0,10,29089.283,1.0,24121.32,38048.008,0.2525248061100801
2018-11-25T05:00:00.0,2018-11-25T11:00:00.0,11,30006.555,1.0,24430.615,40328.76,0.24370596947646334
2018-11-25T06:00:00.0,2018-11-25T12:00:00.0,12,31077.82,1.0,28599.312,37297.246,0.15854965528666629
2018-11-25T07:00:00.0,2018-11-25T13:00:00.0,13,32717.016,1.0,30459.848,37633.215,0.1942902608664555
2018-11-25T08:00:00.0,2018-11-25T14:00:00.0,14,34157.91,1.0,29263.086,39101.812,0.4953708594280548
2018-11-25T09:00:00.0,2018-11-25T15:00:00.0,15,34991.254,1.0,27996.258,40463.406,0.6118507053906397
2018-11-25T10:00:00.0,2018-11-25T16:00:00.0,16,35538.09,1.0,29075.518,38726.824,0.7849464788732388
2018-11-25T11:00:00.0,2018-11-25T17:00:00.0,17,35754.02,1.0,26774.072,41920.117,0.6671870768473233
2018-11-25T12:00:00.0,2018-11-25T18:00:00.0,18,35901.363,1.0,27269.12,43260.508,0.573460043098042
2018-11-25T13:00:00.0,2018-11-25T19:00:00.0,19,35797.85,1.0,28073.496,42778.69,0.5468134445350219
2018-11-25T14:00:00.0,2018-11-25T20:00:00.0,20,35816.254,1.0,26121.756,44747.574,0.5379676782115809
2018-11-25T15:00:00.0,2018-11-25T21:00:00.0,21,36594.426,1.0,26738.486,44348.42,0.6093673512985628
2018-11-25T16:00:00.0,2018-11-25T22:00:00.0,22,39173.977,1.0,27248.877,44388.18,0.8188034516236543
2018-11-25T17:00:00.0,2018-11-25T23:00:00.0,23,40276.293,1.0,27808.838,43798.945,0.9033439985058928
2018-11-25T18:00:00.0,2018-11-26T00:00:00.0,0,40247.695,1.0,27618.59,44581.46,0.8723172397444292
2018-11-25T19:00:00.0,2018-11-26T01:00:00.0,1,39748.332,1.0,26828.873,44817.19,0.8449611485966048
2018-11-25T20:00:00.0,2018-11-26T02:00:00.0,2,38515.62,1.0,25863.676,43094.562,0.8620878657164293
2018-11-25T21:00:00.0,2018-11-26T03:00:00.0,3,36633.88,1.0,23155.709,42441.47,0.8225514822920812
2018-11-25T22:00:00.0,2018-11-26T04:00:00.0,4,35102.156,1.0,22309.166,41328.766,0.789045754062978
2018-11-25T23:00:00.0,2018-11-26T05:00:00.0,5,34326.74,1.0,24763.873,41539.215,0.6277596070925267
2018-11-26T00:00:00.0,2018-11-26T06:00:00.0,6,34179.56,1.0,24997.168,35764.55,0.9496230542297268
2018-11-26T01:00:00.0,2018-11-26T07:00:00.0,7,34611.05,1.0,27265.986,35030.98,0.9807696534745958
2018-11-26T02:00:00.0,2018-11-26T08:00:00.0,8,35536.74,0.0,27197.504,35499.168,1.0
2018-11-26T03:00:00.0,2018-11-26T09:00:00.0,9,37722.754,1.0,28106.133,39031.934,0.9613952613026018
2018-11-26T04:00:00.0,2018-11-26T10:00:00.0,10,41747.496,0.0,29064.756,40068.72,1.0
2018-11-26T05:00:00.0,2018-11-26T11:00:00.0,11,45943.94,0.0,32995.742,44617.76,1.0
2018-11-26T06:00:00.0,2018-11-26T12:00:00.0,12,46047.332,0.0,35375.34,42883.9,1.0
2018-11-26T07:00:00.0,2018-11-26T13:00:00.0,13,44956.637,0.0,36042.848,44183.246,1.0
2018-11-26T08:00:00.0,2018-11-26T14:00:00.0,14,43802.863,1.0,34599.598,45236.348,0.9551462285596197
2018-11-26T09:00:00.0,2018-11-26T15:00:00.0,15,42479.645,1.0,33123.734,44614.47,0.9280412813832982
2018-11-26T10:00:00.0,2018-11-26T16:00:00.0,16,41087.492,1.0,32344.135,42267.867,0.9617099388483894
2018-11-26T11:00:00.0,2018-11-26T17:00:00.0,17,39782.832,1.0,28712.26,44760.05,0.8114463574109183
2018-11-26T12:00:00.0,2018-11-26T18:00:00.0,18,38797.938,1.0,29160.414,43073.297,0.8149910749348472
2018-11-26T13:00:00.0,2018-11-26T19:00:00.0,19,38006.832,1.0,29962.697,41394.07,0.8283346795766153
2018-11-26T14:00:00.0,2018-11-26T20:00:00.0,20,37936.43,1.0,29176.062,43440.54,0.7022951834346162
2018-11-26T15:00:00.0,2018-11-26T21:00:00.0,21,39055.836,1.0,30503.72,42814.375,0.8174589709190315
2018-11-26T16:00:00.0,2018-11-26T22:00:00.0,22,42302.062,1.0,30328.209,42869.723,0.9822746504845516
2018-11-26T17:00:00.0,2018-11-26T23:00:00.0,23,44104.832,0.0,31784.53,43202.324,1.0
2018-11-26T18:00:00.0,2018-11-27T00:00:00.0,0,44431.637,1.0,30615.219,44889.836,0.9845213788650549
2018-11-26T19:00:00.0,2018-11-27T01:00:00.0,1,44299.33,1.0,30240.547,44792.004,0.9842212666732351
2018-11-26T20:00:00.0,2018-11-27T02:00:00.0,2,42966.746,1.0,29630.193,43188.17,0.9872125274122117
2018-11-26T21:00:00.0,2018-11-27T03:00:00.0,3,41121.53,1.0,26886.605,44035.18,0.9376011061300906
2018-11-26T22:00:00.0,2018-11-27T04:00:00.0,4,39510.234,1.0,26116.83,41849.87,0.9488453280631372
2018-11-26T23:00:00.0,2018-11-27T05:00:00.0,5,38685.043,1.0,23963.941,40230.355,0.9702051181128405
2018-11-27T00:00:00.0,2018-11-27T06:00:00.0,6,38656.605,1.0,22922.77,41628.086,0.9436032284697353
2018-11-27T01:00:00.0,2018-11-27T07:00:00.0,7,39040.867,1.0,26597.482,39331.414,0.9861056543988934
2018-11-27T02:00:00.0,2018-11-27T08:00:00.0,8,39919.715,1.0,26371.316,39986.367,0.9891644467399358
2018-11-27T03:00:00.0,2018-11-27T09:00:00.0,9,42010.18,1.0,29007.076,45707.473,0.9024895177950428
2018-11-27T04:00:00.0,2018-11-27T10:00:00.0,10,45841.105,1.0,28478.72,47402.12,0.9735700983737063
2018-11-27T05:00:00.0,2018-11-27T11:00:00.0,11,49428.574,1.0,32953.332,49442.53,0.9898555417082431
2018-11-27T06:00:00.0,2018-11-27T12:00:00.0,12,48247.004,1.0,36047.62,48470.98,0.9869228993790184
2018-11-27T07:00:00.0,2018-11-27T13:00:00.0,13,45625.156,1.0,33922.094,48732.85,0.911450955874452
2018-11-27T08:00:00.0,2018-11-27T14:00:00.0,14,43134.207,1.0,31676.19,50676.848,0.6841493137101405
2018-11-27T09:00:00.0,2018-11-27T15:00:00.0,15,40994.586,1.0,32468.314,48834.023,0.5388866794712464
2018-11-27T10:00:00.0,2018-11-27T16:00:00.0,16,39153.504,1.0,28035.025,47845.906,0.6121288399734276
2018-11-27T11:00:00.0,2018-11-27T17:00:00.0,17,37852.293,1.0,26996.455,46263.8,0.6160432896437138
2018-11-27T12:00:00.0,2018-11-27T18:00:00.0,18,36958.215,1.0,25946.227,45207.168,0.6307019184499868
2018-11-27T13:00:00.0,2018-11-27T19:00:00.0,19,36270.457,1.0,27588.146,44617.58,0.5182602681537476
2018-11-27T14:00:00.0,2018-11-27T20:00:00.0,20,36153.176,1.0,26912.13,44813.934,0.5300553604627144
2018-11-27T15:00:00.0,2018-11-27T21:00:00.0,21,37142.406,1.0,27411.887,44669.44,0.6167710222588628
2018-11-27T16:00:00.0,2018-11-27T22:00:00.0,22,40234.242,1.0,28250.182,46080.32,0.7883692528187963
2018-11-27T17:00:00.0,2018-11-27T23:00:00.0,23,41383.387,1.0,30191.85,46398.293,0.8123289046217975
2018-11-27T18:00:00.0,2018-11-28T00:00:00.0,0,41621.574,1.0,30167.578,50256.633,0.6279465359924825
2018-11-27T19:00:00.0,2018-11-28T01:00:00.0,1,41277.97,1.0,30484.654,48945.453,0.6531622344376767
2018-11-27T20:00:00.0,2018-11-28T02:00:00.0,2,39751.73,1.0,29679.246,48919.953,0.5435273368606705
2018-11-27T21:00:00.0,2018-11-28T03:00:00.0,3,37502.754,1.0,28209.203,47378.13,0.47185494080695844
2018-11-27T22:00:00.0,2018-11-28T04:00:00.0,4,35654.39,1.0,25637.336,45508.188,0.5076244115669131
2018-11-27T23:00:00.0,2018-11-28T05:00:00.0,5,34704.176,1.0,24232.354,42073.086,0.6571047271329746
2018-11-28T00:00:00.0,2018-11-28T06:00:00.0,6,34335.43,1.0,24923.041,43591.08,0.5077914201918778
2018-11-28T01:00:00.0,2018-11-28T07:00:00.0,7,34383.195,1.0,25272.146,43832.543,0.4830901296131592
2018-11-28T02:00:00.0,2018-11-28T08:00:00.0,8,35070.98,1.0,27284.166,45244.246,0.37862207160748507
2018-11-28T03:00:00.0,2018-11-28T09:00:00.0,9,36807.355,1.0,28698.92,47060.395,0.39292762644395934
2018-11-28T04:00:00.0,2018-11-28T10:00:00.0,10,40176.484,1.0,27484.879,46417.344,0.7859744968659574
2018-11-28T05:00:00.0,2018-11-28T11:00:00.0,11,43545.55,1.0,29052.207,47236.434,0.9164100728010504
2018-11-28T06:00:00.0,2018-11-28T12:00:00.0,12,42867.613,1.0,31944.56,48258.098,0.7848975935739757
2018-11-28T07:00:00.0,2018-11-28T13:00:00.0,13,41420.656,1.0,32894.152,49655.46,0.516145938229664
2018-11-28T08:00:00.0,2018-11-28T14:00:00.0,14,39903.32,1.0,31158.16,49352.043,0.4641619325399648
2018-11-28T09:00:00.0,2018-11-28T15:00:00.0,15,38576.67,1.0,29798.488,48289.504,0.4532001436294358
2018-11-28T10:00:00.0,2018-11-28T16:00:00.0,16,37445.91,1.0,28549.535,47213.438,0.45676923685016657
2018-11-28T11:00:00.0,2018-11-28T17:00:00.0,17,36625.793,1.0,27853.172,46185.223,0.4602335901884051
2018-11-28T12:00:00.0,2018-11-28T18:00:00.0,18,36175.56,1.0,26797.129,45817.215,0.4871592959188646
2018-11-28T13:00:00.0,2018-11-28T19:00:00.0,19,35837.316,1.0,27416.89,45782.582,0.4234267816902108
2018-11-28T14:00:00.0,2018-11-28T20:00:00.0,20,35892.13,1.0,27793.898,45934.406,0.40156655368130134
2018-11-28T15:00:00.0,2018-11-28T21:00:00.0,21,36426.184,1.0,27799.463,46262.65,0.43942609454660875
2018-11-28T16:00:00.0,2018-11-28T22:00:00.0,22,38680.49,1.0,29136.307,47633.05,0.5296570787597149
2018-11-28T17:00:00.0,2018-11-28T23:00:00.0,23,39339.168,1.0,29914.809,48932.484,0.4917554406167656
2018-11-28T18:00:00.0,2018-11-29T00:00:00.0,0,39153.145,1.0,30831.863,48867.797,0.4286878948698506
2018-11-28T19:00:00.0,2018-11-29T01:00:00.0,1,38364.832,1.0,29241.549,47522.42,0.4982585741263432
2018-11-28T20:00:00.0,2018-11-29T02:00:00.0,2,36575.004,1.0,28175.44,46555.707,0.42069475856048894
2018-11-28T21:00:00.0,2018-11-29T03:00:00.0,3,34096.535,1.0,27458.246,45840.438,0.2591035060058844
2018-11-28T22:00:00.0,2018-11-29T04:00:00.0,4,31934.002,1.0,24606.104,44028.816,0.28403508201253974
2018-11-28T23:00:00.0,2018-11-29T05:00:00.0,5,30662.875,1.0,22698.596,42062.504,0.3399074771099945
2018-11-29T00:00:00.0,2018-11-29T06:00:00.0,6,30098.18,1.0,21516.15,40532.035,0.4103891644410532
2018-11-29T01:00:00.0,2018-11-29T07:00:00.0,7,29897.97,1.0,21349.879,40698.367,0.39327858227473067
2018-11-29T02:00:00.0,2018-11-29T08:00:00.0,8,30187.352,1.0,22676.893,42224.13,0.2950718984306349
2018-11-29T03:00:00.0,2018-11-29T09:00:00.0,9,31496.37,1.0,24116.174,43729.12,0.2824667396836644
2018-11-29T04:00:00.0,2018-11-29T10:00:00.0,10,34533.926,1.0,25605.406,44927.89,0.42997697678807334
2018-11-29T05:00:00.0,2018-11-29T11:00:00.0,11,37805.984,1.0,26297.395,45560.57,0.6748388751249617
2018-11-29T06:00:00.0,2018-11-29T12:00:00.0,12,37688.7,1.0,30515.604,45049.324,0.4880275399124536
2018-11-29T07:00:00.0,2018-11-29T13:00:00.0,13,37498.797,1.0,31710.707,44462.555,0.4150932392643274
2018-11-29T08:00:00.0,2018-11-29T14:00:00.0,14,37271.375,1.0,30548.38,45426.25,0.4114239040327694
2018-11-29T09:00:00.0,2018-11-29T15:00:00.0,15,37142.81,1.0,30871.385,45451.047,0.3725999201364938
2018-11-29T10:00:00.0,2018-11-29T16:00:00.0,16,37048.938,1.0,29789.143,44958.676,0.46030240239874215
2018-11-29T11:00:00.0,2018-11-29T17:00:00.0,17,37031.656,1.0,29179.203,45796.734,0.449170225477397
2018-11-29T12:00:00.0,2018-11-29T18:00:00.0,18,37131.61,1.0,29014.29,47066.504,0.40741047795035695
2018-11-29T13:00:00.0,2018-11-29T19:00:00.0,19,37111.887,1.0,29212.895,47391.09,0.3803340149299003
2018-11-29T14:00:00.0,2018-11-29T20:00:00.0,20,37269.066,1.0,29601.969,47898.56,0.3532245605066597
2018-11-29T15:00:00.0,2018-11-29T21:00:00.0,21,37477.504,1.0,29799.621,48032.562,0.3567831324156671
2018-11-29T16:00:00.0,2018-11-29T22:00:00.0,22,38865.332,1.0,30750.615,48813.36,0.40667784765897985
2018-11-29T17:00:00.0,2018-11-29T23:00:00.0,23,39528.246,1.0,32476.438,51124.824,0.28539457078727803
2018-11-29T18:00:00.0,2018-11-30T00:00:00.0,0,39070.918,1.0,29306.889,48239.582,0.5291580481981936
2018-11-29T19:00:00.0,2018-11-30T01:00:00.0,1,38222.98,1.0,27907.879,46627.71,0.5938214044889706
2018-11-29T20:00:00.0,2018-11-30T02:00:00.0,2,36491.23,1.0,27130.348,45249.344,0.530842900147967
2018-11-29T21:00:00.0,2018-11-30T03:00:00.0,3,34220.074,1.0,23668.992,41738.21,0.6519010530310215
2018-11-29T22:00:00.0,2018-11-30T04:00:00.0,4,31908.541,1.0,21684.975,40311.69,0.5899269667844935
2018-11-29T23:00:00.0,2018-11-30T05:00:00.0,5,30413.092,1.0,21096.05,39902.523,0.491493634659035
2018-11-30T00:00:00.0,2018-11-30T06:00:00.0,6,29531.533,1.0,21865.424,38285.266,0.43877010417363743
2018-11-30T01:00:00.0,2018-11-30T07:00:00.0,7,29101.828,1.0,21064.521,38432.805,0.43121894639166575
2018-11-30T02:00:00.0,2018-11-30T08:00:00.0,8,29086.523,1.0,21507.826,39175.234,0.37051136874269824
2018-11-30T03:00:00.0,2018-11-30T09:00:00.0,9,30118.037,1.0,22528.574,40247.6,0.3693838516427663
2018-11-30T04:00:00.0,2018-11-30T10:00:00.0,10,32594.756,1.0,23988.322,42153.145,0.451484689111806
2018-11-30T05:00:00.0,2018-11-30T11:00:00.0,11,35742.043,1.0,26082.4,43350.72,0.60883820569745
2018-11-30T06:00:00.0,2018-11-30T12:00:00.0,12,36228.387,1.0,29896.744,42548.785,0.5008253879778215
2018-11-30T07:00:00.0,2018-11-30T13:00:00.0,13,36833.566,1.0,32412.275,40957.938,0.5322092645881557
2018-11-30T08:00:00.0,2018-11-30T14:00:00.0,14,37688.875,1.0,31636.688,41992.938,0.6527135054617672
2018-11-30T09:00:00.0,2018-11-30T15:00:00.0,15,38470.305,1.0,30016.854,44182.812,0.6736736527300023
2018-11-30T10:00:00.0,2018-11-30T16:00:00.0,16,38783.95,1.0,30852.559,43792.38,0.7003781262405712
2018-11-30T11:00:00.0,2018-11-30T17:00:00.0,17,39023.996,1.0,31252.71,45819.6,0.5619079708322856
2018-11-30T12:00:00.0,2018-11-30T18:00:00.0,18,39212.72,1.0,31047.9,47765.83,0.4784562196662455
2018-11-30T13:00:00.0,2018-11-30T19:00:00.0,19,39256.69,1.0,29542.777,48987.734,0.49918223986866983
2018-11-30T14:00:00.0,2018-11-30T20:00:00.0,20,39105.715,1.0,31027.963,48096.44,0.45048676391139897
2018-11-30T15:00:00.0,2018-11-30T21:00:00.0,21,39283.43,1.0,31305.012,48590.31,0.4290528425271593
2018-11-30T16:00:00.0,2018-11-30T22:00:00.0,22,40509.715,1.0,31154.287,49559.51,0.5154064757988933
2018-11-30T17:00:00.0,2018-11-30T23:00:00.0,23,40278.418,1.0,30890.982,49062.34,0.5307921487224881
2018-11-30T18:00:00.0,2018-12-01T00:00:00.0,0,39608.973,1.0,29632.736,47752.688,0.5929939893320592
2018-11-30T19:00:00.0,2018-12-01T01:00:00.0,1,38781.766,1.0,28118.229,46221.043,0.6606843440727321
2018-11-30T20:00:00.0,2018-12-01T02:00:00.0,2,37179.59,1.0,26177.967,43349.92,0.7435856279089996
2018-11-30T21:00:00.0,2018-12-01T03:00:00.0,3,35187.26,1.0,23940.56,42021.793,0.7148507560470662
2018-11-30T22:00:00.0,2018-12-01T04:00:00.0,4,33093.375,1.0,22717.764,40195.098,0.6684930271350159
2018-11-30T23:00:00.0,2018-12-01T05:00:00.0,5,31316.87,1.0,21125.703,39236.344,0.6147720376680379
2018-12-01T00:00:00.0,2018-12-01T06:00:00.0,6,30179.562,1.0,21886.24,36708.78,0.6090569481037442
2018-12-01T01:00:00.0,2018-12-01T07:00:00.0,7,29415.516,1.0,22185.531,35922.61,0.5487151603028839
2018-12-01T02:00:00.0,2018-12-01T08:00:00.0,8,29087.94,1.0,22494.691,36647.24,0.43691917492688714
2018-12-01T03:00:00.0,2018-12-01T09:00:00.0,9,29278.822,1.0,22694.98,38043.598,0.3704910401268981
2018-12-01T04:00:00.0,2018-12-01T10:00:00.0,10,30090.291,1.0,24745.17,39022.367,0.27945863369975327
2018-12-01T05:00:00.0,2018-12-01T11:00:00.0,11,31412.854,1.0,25614.709,41637.258,0.2602252149433157
2018-12-01T06:00:00.0,2018-12-01T12:00:00.0,12,32551.406,1.0,27938.53,41502.34,0.2284469155359878
2018-12-01T07:00:00.0,2018-12-01T13:00:00.0,13,34148.95,1.0,30822.547,39906.383,0.26680087233685595
2018-12-01T08:00:00.0,2018-12-01T14:00:00.0,14,35153.156,1.0,30838.973,40167.535,0.43069320925849636
2018-12-01T09:00:00.0,2018-12-01T15:00:00.0,15,35854.77,1.0,30108.846,41412.03,0.5154857236626188
2018-12-01T10:00:00.0,2018-12-01T16:00:00.0,16,36293.844,1.0,30966.63,41155.316,0.5423418890055379
2018-12-01T11:00:00.0,2018-12-01T17:00:00.0,17,36613.766,1.0,31116.621,41099.39,0.5931687227932019
2018-12-01T12:00:00.0,2018-12-01T18:00:00.0,18,36804.332,1.0,31053.598,41748.38,0.5696448508510565
2018-12-01T13:00:00.0,2018-12-01T19:00:00.0,19,36804.27,1.0,30816.832,42385.105,0.5325817124043023
2018-12-01T14:00:00.0,2018-12-01T20:00:00.0,20,36680.227,1.0,30086.973,42203.133,0.581409836065574
2018-12-01T15:00:00.0,2018-12-01T21:00:00.0,21,36446.535,1.0,29846.58,43805.906,0.4496454629263802
2018-12-01T16:00:00.0,2018-12-01T22:00:00.0,22,37400.74,1.0,30359.354,43979.12,0.531515883790388
2018-12-01T17:00:00.0,2018-12-01T23:00:00.0,23,37192.53,1.0,29773.766,44844.17,0.4856627692307695
2018-12-01T18:00:00.0,2018-12-02T00:00:00.0,0,36484.555,1.0,29293.496,43249.676,0.5282998831899759
2018-12-01T19:00:00.0,2018-12-02T01:00:00.0,1,35731.098,1.0,28615.379,41829.438,0.571072556945958
2018-12-01T20:00:00.0,2018-12-02T02:00:00.0,2,34628.16,1.0,26189.953,39691.38,0.7195526438933091
2018-12-01T21:00:00.0,2018-12-02T03:00:00.0,3,32979.14,1.0,25317.19,36785.004,0.782935459017365
2018-12-01T22:00:00.0,2018-12-02T04:00:00.0,4,31332.232,1.0,23121.617,36831.34,0.6772668425423811
2018-12-01T23:00:00.0,2018-12-02T05:00:00.0,5,29916.334,1.0,22982.318,36112.113,0.5520308605673637
2018-12-02T00:00:00.0,2018-12-02T06:00:00.0,6,29148.475,1.0,22048.506,34804.61,0.6038375114107152
2018-12-02T01:00:00.0,2018-12-02T07:00:00.0,7,28793.97,1.0,22784.264,34137.887,0.5542509472457012
2018-12-02T02:00:00.0,2018-12-02T08:00:00.0,8,28767.094,1.0,22285.586,35152.973,0.5068965815664216
2018-12-02T03:00:00.0,2018-12-02T09:00:00.0,9,29275.615,1.0,23121.572,37548.152,0.36633053323151177
2018-12-02T04:00:00.0,2018-12-02T10:00:00.0,10,30270.104,1.0,25304.102,38444.52,0.2850351592081064
2018-12-02T05:00:00.0,2018-12-02T11:00:00.0,11,31605.078,1.0,26365.225,40174.977,0.28742519901180363
2018-12-02T06:00:00.0,2018-12-02T12:00:00.0,12,32978.824,1.0,29117.451,40408.566,0.23111932739060012
2018-12-02T07:00:00.0,2018-12-02T13:00:00.0,13,33985.945,1.0,30938.037,41185.12,0.17302099424238182
2018-12-02T08:00:00.0,2018-12-02T14:00:00.0,14,34277.934,1.0,30592.893,41302.316,0.23413592855140378
2018-12-02T09:00:00.0,2018-12-02T15:00:00.0,15,34228.56,1.0,30228.865,40920.086,0.279037579136899
2018-12-02T10:00:00.0,2018-12-02T16:00:00.0,16,34315.95,1.0,29794.477,38947.875,0.4888033720388259
2018-12-02T11:00:00.0,2018-12-02T17:00:00.0,17,34522.875,1.0,30414.766,38325.19,0.5358257759910254
2018-12-02T12:00:00.0,2018-12-02T18:00:00.0,18,34675.184,1.0,30938.75,37945.965,0.561426405625115
2018-12-02T13:00:00.0,2018-12-02T19:00:00.0,19,34822.938,1.0,32097.605,38338.56,0.384165384396194
2018-12-02T14:00:00.0,2018-12-02T20:00:00.0,20,35101.918,1.0,31970.139,38184.65,0.5073235777213679
2018-12-02T15:00:00.0,2018-12-02T21:00:00.0,21,35520.406,1.0,30962.615,40022.723,0.5056821533923315
2018-12-02T16:00:00.0,2018-12-02T22:00:00.0,22,37831.574,1.0,32663.07,39604.25,0.8724129655172412
2018-12-02T17:00:00.0,2018-12-02T23:00:00.0,23,38563.266,1.0,30933.406,41143.18,0.8749930607651916
2018-12-02T18:00:00.0,2018-12-03T00:00:00.0,0,38359.348,1.0,31641.125,41300.3,0.818496059854221
2018-12-02T19:00:00.0,2018-12-03T01:00:00.0,1,37770.996,1.0,29319.42,40160.086,0.903281138996419
2018-12-02T20:00:00.0,2018-12-03T02:00:00.0,2,36155.76,1.0,26936.432,39342.18,0.8710106809903072
2018-12-02T21:00:00.0,2018-12-03T03:00:00.0,3,33862.348,1.0,27202.984,36189.12,0.8689662302635275
2018-12-02T22:00:00.0,2018-12-03T04:00:00.0,4,31849.857,1.0,23780.836,36457.777,0.7373147892149202
2018-12-02T23:00:00.0,2018-12-03T05:00:00.0,5,30728.955,1.0,23545.895,36224.676,0.6215616129570882
2018-12-03T00:00:00.0,2018-12-03T06:00:00.0,6,30085.354,1.0,22646.111,33762.742,0.7843939301304704
2018-12-03T01:00:00.0,2018-12-03T07:00:00.0,7,30047.576,1.0,23152.598,35123.844,0.6381086845372873
2018-12-03T02:00:00.0,2018-12-03T08:00:00.0,8,30563.578,1.0,24320.266,36462.6,0.5262940135473244
2018-12-03T03:00:00.0,2018-12-03T09:00:00.0,9,32105.545,1.0,25854.814,38400.12,0.49675661281732614
2018-12-03T04:00:00.0,2018-12-03T10:00:00.0,10,35562.918,1.0,28989.16,39228.188,0.7456110300554418
2018-12-03T05:00:00.0,2018-12-03T11:00:00.0,11,39301.004,1.0,30270.607,40914.727,0.9473482400209625
2018-12-03T06:00:00.0,2018-12-03T12:00:00.0,12,39384.887,1.0,31729.002,40457.777,0.9602904630612105
2018-12-03T07:00:00.0,2018-12-03T13:00:00.0,13,39054.668,1.0,34030.23,40720.07,0.8785793820039788
2018-12-03T08:00:00.0,2018-12-03T14:00:00.0,14,38713.523,1.0,35495.766,41228.125,0.612308718585169
2018-12-03T09:00:00.0,2018-12-03T15:00:00.0,15,38275.17,1.0,34677.75,39548.21,0.8664915918468911
2018-12-03T10:00:00.0,2018-12-03T16:00:00.0,16,37728.105,1.0,34779.484,38664.285,0.8858464040896947
2018-12-03T11:00:00.0,2018-12-03T17:00:00.0,17,37257.773,1.0,33486.426,37472.535,0.980804256139074
2018-12-03T12:00:00.0,2018-12-03T18:00:00.0,18,36952.42,1.0,33329.254,37570.105,0.9503609636755678
2018-12-03T13:00:00.0,2018-12-03T19:00:00.0,19,36762.03,1.0,33706.484,37003.348,0.9760704989596505
2018-12-03T14:00:00.0,2018-12-03T20:00:00.0,20,36809.156,1.0,34092.156,38386.355,0.7315280340667154
2018-12-03T15:00:00.0,2018-12-03T21:00:00.0,21,37782.97,1.0,33177.9,40624.06,0.7092146337256939
2018-12-03T16:00:00.0,2018-12-03T22:00:00.0,22,40757.01,0.0,34966.062,40356.824,1.0
2018-12-03T17:00:00.0,2018-12-03T23:00:00.0,23,41859.22,0.0,33411.633,41656.113,1.0
2018-12-03T18:00:00.0,2018-12-04T00:00:00.0,0,41947.22,0.0,33568.168,41829.79,1.0
2018-12-03T19:00:00.0,2018-12-04T01:00:00.0,1,41336.35,0.0,33169.707,41006.273,1.0
2018-12-03T20:00:00.0,2018-12-04T02:00:00.0,2,39739.16,0.0,30523.885,39735.18,1.0
2018-12-03T21:00:00.0,2018-12-04T03:00:00.0,3,37547.457,0.0,29653.318,37363.58,1.0
2018-12-03T22:00:00.0,2018-12-04T04:00:00.0,4,35717.57,1.0,26336.645,37507.074,0.9429098425087624
2018-12-03T23:00:00.0,2018-12-04T05:00:00.0,5,34914.176,1.0,26389.434,36272.19,0.9539832118184528
2018-12-04T00:00:00.0,2018-12-04T06:00:00.0,6,34834.44,1.0,23412.424,41236.105,0.7438245869898669
2018-12-04T01:00:00.0,2018-12-04T07:00:00.0,7,35144.38,1.0,25823.982,40957.504,0.7050865004189779
2018-12-04T02:00:00.0,2018-12-04T08:00:00.0,8,35962.8,1.0,27413.916,41202.875,0.7116455899198171
2018-12-04T03:00:00.0,2018-12-04T09:00:00.0,9,38062.746,1.0,29473.13,44595.184,0.6241680472268244
2018-12-04T04:00:00.0,2018-12-04T10:00:00.0,10,42103.523,1.0,32637.387,45313.434,0.8744800030212622
2018-12-04T05:00:00.0,2018-12-04T11:00:00.0,11,46014.355,1.0,34892.176,47098.18,0.9718745316701194
2018-12-04T06:00:00.0,2018-12-04T12:00:00.0,12,45681.062,1.0,36470.363,46317.336,0.978378769707384
2018-12-04T07:00:00.0,2018-12-04T13:00:00.0,13,44337.848,0.0,40190.98,43574.3,1.0
2018-12-04T08:00:00.0,2018-12-04T14:00:00.0,14,43069.45,1.0,41975.71,44065.07,0.5434939971751397
2018-12-04T09:00:00.0,2018-12-04T15:00:00.0,15,41565.74,1.0,38490.55,42660.906,0.8652520703181746
2018-12-04T10:00:00.0,2018-12-04T16:00:00.0,16,40070.004,0.0,37295.312,40059.133,1.0
2018-12-04T11:00:00.0,2018-12-04T17:00:00.0,17,38949.754,1.0,37059.023,40080.72,0.7206956789806297
2018-12-04T12:00:00.0,2018-12-04T18:00:00.0,18,38119.53,1.0,36635.418,39315.33,0.5988108217242074
2018-12-04T13:00:00.0,2018-12-04T19:00:00.0,19,37618.465,1.0,36313.098,38847.34,0.5279868469126744
2018-12-04T14:00:00.0,2018-12-04T20:00:00.0,20,37933.062,1.0,36947.105,39131.14,0.4106230270809105
2018-12-04T15:00:00.0,2018-12-04T21:00:00.0,21,39365.02,1.0,34357.617,42800.266,0.6675558098450166
2018-12-04T16:00:00.0,2018-12-04T22:00:00.0,22,42440.754,0.0,36991.875,41742.44,1.0
2018-12-04T17:00:00.0,2018-12-04T23:00:00.0,23,43587.86,0.0,36495.23,42573.887,1.0
2018-12-04T18:00:00.0,2018-12-05T00:00:00.0,0,43731.582,0.0,36989.87,43398.586,1.0
2018-12-04T19:00:00.0,2018-12-05T01:00:00.0,1,43185.63,1.0,35288.43,45293.72,0.9108211323919627
2018-12-04T20:00:00.0,2018-12-05T02:00:00.0,2,41488.125,1.0,32077.328,44880.47,0.8628741017692483
2018-12-04T21:00:00.0,2018-12-05T03:00:00.0,3,39156.316,1.0,31895.232,41143.715,0.9075981033633008
2018-12-04T22:00:00.0,2018-12-05T04:00:00.0,4,37353.746,1.0,28841.645,41573.598,0.7835278228561666
2018-12-04T23:00:00.0,2018-12-05T05:00:00.0,5,36548.66,1.0,29318.883,39969.332,0.7972700871248791
2018-12-05T00:00:00.0,2018-12-05T06:00:00.0,6,36355.785,1.0,22972.004,43308.25,0.7690347004485188
2018-12-05T01:00:00.0,2018-12-05T07:00:00.0,7,36689.06,1.0,23681.14,43432.44,0.7696936072266134
2018-12-05T02:00:00.0,2018-12-05T08:00:00.0,8,37579.066,1.0,25583.861,45261.863,0.6948915942028985
2018-12-05T03:00:00.0,2018-12-05T09:00:00.0,9,39711.69,1.0,27280.969,46806.305,0.7375191408658464
2018-12-05T04:00:00.0,2018-12-05T10:00:00.0,10,43582.504,1.0,30341.93,48256.52,0.866970506663059
2018-12-05T05:00:00.0,2018-12-05T11:00:00.0,11,47354.746,0.0,36718.23,46811.598,1.0
2018-12-05T06:00:00.0,2018-12-05T12:00:00.0,12,46787.902,1.0,38674.58,47533.14,0.9731303370786517
2018-12-05T07:00:00.0,2018-12-05T13:00:00.0,13,45139.426,1.0,42341.258,46248.703,0.8426313400658113
2018-12-05T08:00:00.0,2018-12-05T14:00:00.0,14,43554.6,1.0,40863.8,45018.914,0.7538313973952836
2018-12-05T09:00:00.0,2018-12-05T15:00:00.0,15,42104.816,1.0,39083.586,44428.445,0.6192932485941491
2018-12-05T10:00:00.0,2018-12-05T16:00:00.0,16,40645.96,1.0,38052.312,41895.18,0.7921169389509887
2018-12-05T11:00:00.0,2018-12-05T17:00:00.0,17,39511.54,1.0,36355.766,42895.043,0.46771736364407585
2018-12-05T12:00:00.0,2018-12-05T18:00:00.0,18,38664.28,1.0,34786.723,41838.01,0.5918056265984649
2018-12-05T13:00:00.0,2018-12-05T19:00:00.0,19,38093.65,1.0,34632.438,40327.363,0.6919532993761809
2018-12-05T14:00:00.0,2018-12-05T20:00:00.0,20,38309.832,1.0,35179.23,40475.344,0.6641741078572573
2018-12-05T15:00:00.0,2018-12-05T21:00:00.0,21,39769.76,1.0,29567.926,45679.195,0.7322853413540664
2018-12-05T16:00:00.0,2018-12-05T22:00:00.0,22,43019.664,1.0,35423.773,43175.914,0.9865598173455661
2018-12-05T17:00:00.0,2018-12-05T23:00:00.0,23,43944.375,1.0,34235.117,45101.727,0.966158329302044
2018-12-05T18:00:00.0,2018-12-06T00:00:00.0,0,43891.184,1.0,34771.508,46976.246,0.8749115127553422
2018-12-05T19:00:00.0,2018-12-06T01:00:00.0,1,43353.19,1.0,33771.23,49220.48,0.7120267051089373
2018-12-05T20:00:00.0,2018-12-06T02:00:00.0,2,41441.27,1.0,31340.688,48865.594,0.6387979963279314
2018-12-05T21:00:00.0,2018-12-06T03:00:00.0,3,38791.906,1.0,31171.1,45603.094,0.5519140669783327
2018-12-05T22:00:00.0,2018-12-06T04:00:00.0,4,36489.582,1.0,29212.635,45960.156,0.3802943706393964
2018-12-05T23:00:00.0,2018-12-06T05:00:00.0,5,35177.035,1.0,27747.72,43375.5,0.4544260998867073
2018-12-06T00:00:00.0,2018-12-06T06:00:00.0,6,34383.895,1.0,24987.896,44242.133,0.47773230194923894
2018-12-06T01:00:00.0,2018-12-06T07:00:00.0,7,33963.926,1.0,25092.174,43870.418,0.4490010377303078
2018-12-06T02:00:00.0,2018-12-06T08:00:00.0,8,34125.676,1.0,26877.309,45365.387,0.307765780218424
2018-12-06T03:00:00.0,2018-12-06T09:00:00.0,9,35278.918,1.0,28148.932,46698.27,0.29532624874519686
2018-12-06T04:00:00.0,2018-12-06T10:00:00.0,10,38084.434,1.0,29161.541,45950.875,0.5581877710130966
2018-12-06T05:00:00.0,2018-12-06T11:00:00.0,11,41215.37,1.0,33135.254,44314.16,0.8500428659490734
2018-12-06T06:00:00.0,2018-12-06T12:00:00.0,12,40949.426,1.0,34403.66,44548.51,0.7503843436891801
2018-12-06T07:00:00.0,2018-12-06T13:00:00.0,13,40640.324,1.0,37997.48,42693.555,0.6148788245986065
2018-12-06T08:00:00.0,2018-12-06T14:00:00.0,14,40587.176,1.0,37873.68,42406.383,0.6768629479128192
2018-12-06T09:00:00.0,2018-12-06T15:00:00.0,15,40462.66,1.0,36864.25,42610.23,0.7215196541942456
2018-12-06T10:00:00.0,2018-12-06T16:00:00.0,16,40229.77,1.0,36613.184,42117.54,0.7674851310287502
2018-12-06T11:00:00.0,2018-12-06T17:00:00.0,17,39943.75,1.0,35033.797,43326.18,0.6658538579458351
2018-12-06T12:00:00.0,2018-12-06T18:00:00.0,18,39816.91,1.0,34941.625,43141.473,0.6700126613298492
2018-12-06T13:00:00.0,2018-12-06T19:00:00.0,19,39573.3,1.0,34242.816,42849.508,0.710636860844988
2018-12-06T14:00:00.0,2018-12-06T20:00:00.0,20,39694.812,1.0,34024.72,42946.547,0.7358192997438084
2018-12-06T15:00:00.0,2018-12-06T21:00:00.0,21,40650.297,1.0,30522.428,48198.586,0.632872929816577
2018-12-06T16:00:00.0,2018-12-06T22:00:00.0,22,42372.215,1.0,34322.156,46424.418,0.7788880562600872
2018-12-06T17:00:00.0,2018-12-06T23:00:00.0,23,42416.836,1.0,32281.059,50204.668,0.6197189946517702
2018-12-06T18:00:00.0,2018-12-07T00:00:00.0,0,41975.344,1.0,33788.58,52547.605,0.3836887110841452
2018-12-06T19:00:00.0,2018-12-07T01:00:00.0,1,41089.645,1.0,33906.77,50793.21,0.36420879849216015
2018-12-06T20:00:00.0,2018-12-07T02:00:00.0,2,39189.16,1.0,32268.672,51395.2,0.260152970983317
2018-12-06T21:00:00.0,2018-12-07T03:00:00.0,3,36608.19,1.0,32433.96,50516.78,0.10531218435524312
2018-12-06T22:00:00.0,2018-12-07T04:00:00.0,4,34405.582,1.0,32137.354,50696.86,0.03945907097549883
2018-12-06T23:00:00.0,2018-12-07T05:00:00.0,5,33025.133,1.0,26646.803,45246.13,0.23247763190259507
2018-12-07T00:00:00.0,2018-12-07T06:00:00.0,6,32292.072,1.0,24719.992,43947.027,0.31065671847063675
2018-12-07T01:00:00.0,2018-12-07T07:00:00.0,7,32019.64,1.0,23632.887,42171.305,0.41236627628244626
2018-12-07T02:00:00.0,2018-12-07T08:00:00.0,8,32367.24,1.0,24219.678,42973.832,0.38017277839416613
2018-12-07T03:00:00.0,2018-12-07T09:00:00.0,9,33620.59,1.0,26671.566,44832.484,0.29252782123695104
2018-12-07T04:00:00.0,2018-12-07T10:00:00.0,10,36569.98,1.0,27675.143,46790.22,0.4359319370724512
2018-12-07T05:00:00.0,2018-12-07T11:00:00.0,11,39948.22,1.0,32723.594,46081.816,0.5753408858254284
2018-12-07T06:00:00.0,2018-12-07T12:00:00.0,12,40601.973,1.0,33735.293,46685.16,0.55596169681138
2018-12-07T07:00:00.0,2018-12-07T13:00:00.0,13,41036.09,1.0,39788.137,43949.15,0.17598824139719757
2018-12-07T08:00:00.0,2018-12-07T14:00:00.0,14,41827.3,1.0,39603.07,43623.76,0.5977361198313766
2018-12-07T09:00:00.0,2018-12-07T15:00:00.0,15,42184.01,1.0,37429.965,44888.2,0.7387026519020966
2018-12-07T10:00:00.0,2018-12-07T16:00:00.0,16,42389.367,1.0,38969.406,43725.508,0.845907946865532
2018-12-07T11:00:00.0,2018-12-07T17:00:00.0,17,42567.67,1.0,37299.797,45526.098,0.7431315149093813
2018-12-07T12:00:00.0,2018-12-07T18:00:00.0,18,42667.754,1.0,38023.207,44975.336,0.7828663043053227
2018-12-07T13:00:00.0,2018-12-07T19:00:00.0,19,42695.88,1.0,37711.33,43093.29,0.9758972308307506
2018-12-07T14:00:00.0,2018-12-07T20:00:00.0,20,43065.516,1.0,35683.902,43815.72,0.9709434836114383
2018-12-07T15:00:00.0,2018-12-07T21:00:00.0,21,44173.625,1.0,30319.676,48318.637,0.8951510382410974
2018-12-07T16:00:00.0,2018-12-07T22:00:00.0,22,45422.895,1.0,36091.348,47316.973,0.9382951569822052
2018-12-07T17:00:00.0,2018-12-07T23:00:00.0,23,44965.332,1.0,34107.793,51126.19,0.7395651862464183
2018-12-07T18:00:00.0,2018-12-08T00:00:00.0,0,44075.188,1.0,33697.277,51068.035,0.6748317812867528
2018-12-07T19:00:00.0,2018-12-08T01:00:00.0,1,43201.69,1.0,33290.746,49720.926,0.6844518660094562
2018-12-07T20:00:00.0,2018-12-08T02:00:00.0,2,41708.074,1.0,31056.07,50277.754,0.5994847836691809
2018-12-07T21:00:00.0,2018-12-08T03:00:00.0,3,39616.887,1.0,29305.521,48920.324,0.5475743756581918
2018-12-07T22:00:00.0,2018-12-08T04:00:00.0,4,37702.26,1.0,28185.207,46255.227,0.5493878217559045
2018-12-07T23:00:00.0,2018-12-08T05:00:00.0,5,36349.848,1.0,28337.693,43490.32,0.5532268006212384
2018-12-08T00:00:00.0,2018-12-08T06:00:00.0,6,35637.598,1.0,27376.35,47046.48,0.3548603858651145
2018-12-08T01:00:00.0,2018-12-08T07:00:00.0,7,35371.363,1.0,29057.838,46346.902,0.2652545898446105
2018-12-08T02:00:00.0,2018-12-08T08:00:00.0,8,35481.066,1.0,27437.186,46797.758,0.3470756671565937
2018-12-08T03:00:00.0,2018-12-08T09:00:00.0,9,36201.293,1.0,28514.277,46909.125,0.351222987033776
2018-12-08T04:00:00.0,2018-12-08T10:00:00.0,10,37653.14,1.0,31811.697,48707.33,0.23648580954153914
2018-12-08T05:00:00.0,2018-12-08T11:00:00.0,11,39439.137,1.0,34729.605,47366.9,0.27680039800017214
2018-12-08T06:00:00.0,2018-12-08T12:00:00.0,12,41382.43,1.0,36609.414,48518.547,0.3221905712638671
2018-12-08T07:00:00.0,2018-12-08T13:00:00.0,13,43221.336,1.0,41109.934,44321.094,0.7681706068296175
2018-12-08T08:00:00.0,2018-12-08T14:00:00.0,14,44424.17,1.0,39938.242,45241.613,0.9460416849281713
2018-12-08T09:00:00.0,2018-12-08T15:00:00.0,15,44833.855,1.0,37035.684,48972.355,0.7621305722566897
2018-12-08T10:00:00.0,2018-12-08T16:00:00.0,16,44607.863,1.0,39677.816,46287.543,0.8736225103208511
2018-12-08T11:00:00.0,2018-12-08T17:00:00.0,17,44178.58,1.0,37693.008,47813.21,0.7438548970403726
2018-12-08T12:00:00.0,2018-12-08T18:00:00.0,18,43722.31,1.0,38932.2,45522.52,0.8543261156333448
2018-12-08T13:00:00.0,2018-12-08T19:00:00.0,19,43586.457,0.0,38106.11,42988.008,1.0
2018-12-08T14:00:00.0,2018-12-08T20:00:00.0,20,43836.47,1.0,35219.387,43959.855,0.987590612008178
2018-12-08T15:00:00.0,2018-12-08T21:00:00.0,21,44844.223,1.0,32377.576,49616.117,0.8504503690036899
2018-12-08T16:00:00.0,2018-12-08T22:00:00.0,22,46762.23,0.0,36994.066,46308.176,1.0
2018-12-08T17:00:00.0,2018-12-08T23:00:00.0,23,46918.363,1.0,34703.7,50159.332,0.9115463859622845
2018-12-08T18:00:00.0,2018-12-09T00:00:00.0,0,46553.45,1.0,33983.516,51994.625,0.821391478029294
2018-12-08T19:00:00.0,2018-12-09T01:00:00.0,1,45944.51,1.0,32578.898,52660.746,0.7794277773917879
2018-12-08T20:00:00.0,2018-12-09T02:00:00.0,2,44910.605,1.0,31327.402,51911.918,0.7715001592885566
2018-12-08T21:00:00.0,2018-12-09T03:00:00.0,3,43319.535,1.0,30864.402,50319.58,0.7428722260615838
2018-12-08T22:00:00.0,2018-12-09T04:00:00.0,4,41703.332,1.0,31376.48,49647.59,0.6191897837216999
2018-12-08T23:00:00.0,2018-12-09T05:00:00.0,5,40631.605,1.0,31585.354,47532.402,0.6228429984290993
2018-12-09T00:00:00.0,2018-12-09T06:00:00.0,6,39995.035,1.0,29017.484,48692.992,0.6062307664293392
2018-12-09T01:00:00.0,2018-12-09T07:00:00.0,7,39762.42,1.0,29773.445,50155.88,0.48158954198403797
2018-12-09T02:00:00.0,2018-12-09T08:00:00.0,8,39968.367,1.0,31721.77,50228.402,0.4000974345483422
2018-12-09T03:00:00.0,2018-12-09T09:00:00.0,9,40584.426,1.0,33092.77,51606.195,0.3286786599374104
2018-12-09T04:00:00.0,2018-12-09T10:00:00.0,10,41644.137,1.0,33719.33,53160.03,0.3337122255741367
2018-12-09T05:00:00.0,2018-12-09T11:00:00.0,11,43090.773,1.0,38674.492,52982.816,0.1866929045023781
2018-12-09T06:00:00.0,2018-12-09T12:00:00.0,12,44344.434,1.0,40611.83,54663.973,0.13779580015523027
2018-12-09T07:00:00.0,2018-12-09T13:00:00.0,13,45124.906,0.0,45358.027,50663.133,0.0
2018-12-09T08:00:00.0,2018-12-09T14:00:00.0,14,44780.984,1.0,43823.152,51866.29,0.03834086958068204
2018-12-09T09:00:00.0,2018-12-09T15:00:00.0,15,43268.105,1.0,38797.867,55616.883,0.13795685302046878
2018-12-09T10:00:00.0,2018-12-09T16:00:00.0,16,41724.945,1.0,41475.414,50070.74,0.014954983756820948
2018-12-09T11:00:00.0,2018-12-09T17:00:00.0,17,40355.05,1.0,38299.246,50329.92,0.06297268712113079
2018-12-09T12:00:00.0,2018-12-09T18:00:00.0,18,39261.785,1.0,36600.14,46777.797,0.13364840594953434
2018-12-09T13:00:00.0,2018-12-09T19:00:00.0,19,38682.652,1.0,36668.125,45031.8,0.11404662709120353
2018-12-09T14:00:00.0,2018-12-09T20:00:00.0,20,38700.832,1.0,35392.715,46918.36,0.1608778415637244
2018-12-09T15:00:00.0,2018-12-09T21:00:00.0,21,39986.547,1.0,34066.266,53088.316,0.18989829424167817
2018-12-09T16:00:00.0,2018-12-09T22:00:00.0,22,43200.074,1.0,35873.094,47965.695,0.6888980004646902
2018-12-09T17:00:00.0,2018-12-09T23:00:00.0,23,44708.934,1.0,34595.766,53476.2,0.5658515859928221
2018-12-09T18:00:00.0,2018-12-10T00:00:00.0,0,45557.31,1.0,35906.24,55308.215,0.4952250356326344
2018-12-09T19:00:00.0,2018-12-10T01:00:00.0,1,45415.816,1.0,36421.95,55135.21,0.46406902411793177
2018-12-09T20:00:00.0,2018-12-10T02:00:00.0,2,44129.49,1.0,35721.82,53872.34,0.432064435408195
2018-12-09T21:00:00.0,2018-12-10T03:00:00.0,3,42207.496,1.0,34551.637,52973.453,0.34726265248583327
2018-12-09T22:00:00.0,2018-12-10T04:00:00.0,4,40601.348,1.0,35071.477,51815.2,0.21487838539975296
2018-12-09T23:00:00.0,2018-12-10T05:00:00.0,5,39888.605,1.0,34122.46,49947.312,0.26403266343755755
2018-12-10T00:00:00.0,2018-12-10T06:00:00.0,6,39865.906,1.0,28522.549,48712.88,0.6131788394461477
2018-12-10T01:00:00.0,2018-12-10T07:00:00.0,7,40276.996,1.0,27641.664,47749.33,0.7248345904714846
2018-12-10T02:00:00.0,2018-12-10T08:00:00.0,8,41454.363,1.0,29586.48,49826.93,0.656048002574591
2018-12-10T03:00:00.0,2018-12-10T09:00:00.0,9,43815.723,1.0,31435.334,51635.883,0.7002648601398601
2018-12-10T04:00:00.0,2018-12-10T10:00:00.0,10,48016.53,1.0,34257.51,53854.7,0.826418584444431
2018-12-10T05:00:00.0,2018-12-10T11:00:00.0,11,51831.74,1.0,36841.85,56171.008,0.9000502528907609
2018-12-10T06:00:00.0,2018-12-10T12:00:00.0,12,51268.395,1.0,37399.91,57390.855,0.8162742564663202
2018-12-10T07:00:00.0,2018-12-10T13:00:00.0,13,48705.062,1.0,44402.043,52494.375,0.55869877328487
2018-12-10T08:00:00.0,2018-12-10T14:00:00.0,14,46093.844,1.0,40675.324,55218.707,0.27665606319385133
2018-12-10T09:00:00.0,2018-12-10T15:00:00.0,15,43758.168,1.0,34116.13,54419.07,0.45353487273586096
2018-12-10T10:00:00.0,2018-12-10T16:00:00.0,16,41626.934,1.0,37795.37,48666.453,0.24622951701870074
2018-12-10T11:00:00.0,2018-12-10T17:00:00.0,17,39933.74,1.0,31097.057,49383.977,0.4688942701434738
2018-12-10T12:00:00.0,2018-12-10T18:00:00.0,18,38788.87,1.0,28380.818,48514.906,0.5314036054403027
2018-12-10T13:00:00.0,2018-12-10T19:00:00.0,19,37994.863,1.0,29652.79,47008.58,0.4641360023863802
2018-12-10T14:00:00.0,2018-12-10T20:00:00.0,20,37872.613,1.0,28182.81,47926.71,0.48288211863292163
2018-12-10T15:00:00.0,2018-12-10T21:00:00.0,21,38926.49,1.0,29429.033,49314.066,0.4585327397514376
2018-12-10T16:00:00.0,2018-12-10T22:00:00.0,22,42697.44,1.0,30022.523,49882.355,0.7399163642223027
2018-12-10T17:00:00.0,2018-12-10T23:00:00.0,23,44502.918,1.0,30611.486,50622.293,0.8168432483416379
2018-12-10T18:00:00.0,2018-12-11T00:00:00.0,0,45125.074,1.0,32073.24,52015.43,0.7638292350706143
2018-12-10T19:00:00.0,2018-12-11T01:00:00.0,1,45167.207,1.0,33899.05,53946.984,0.6136048079481949
2018-12-10T20:00:00.0,2018-12-11T02:00:00.0,2,43969.348,1.0,34003.953,54014.79,0.4962880727137818
2018-12-10T21:00:00.0,2018-12-11T03:00:00.0,3,41878.746,1.0,32510.346,52518.758,0.4412332316512917
2018-12-10T22:00:00.0,2018-12-11T04:00:00.0,4,40325.312,1.0,32706.082,51855.26,0.31737224135401276
2018-12-10T23:00:00.0,2018-12-11T05:00:00.0,5,39785.59,1.0,29402.63,49586.953,0.5267199875186986
2018-12-11T00:00:00.0,2018-12-11T06:00:00.0,6,39826.83,1.0,27047.854,46848.43,0.7506092120424261
2018-12-11T01:00:00.0,2018-12-11T07:00:00.0,7,40357.79,1.0,24942.895,43732.906,0.9318771494766016
2018-12-11T02:00:00.0,2018-12-11T08:00:00.0,8,41376.535,1.0,25595.008,44435.914,0.9417841585406975
2018-12-11T03:00:00.0,2018-12-11T09:00:00.0,9,43641.953,1.0,26871.256,45001.594,0.9755873559449285
2018-12-11T04:00:00.0,2018-12-11T10:00:00.0,10,47696.5,1.0,32862.46,50628.527,0.9404124802307192
2018-12-11T05:00:00.0,2018-12-11T11:00:00.0,11,51484.375,0.0,30329.232,48901.95,1.0
2018-12-11T06:00:00.0,2018-12-11T12:00:00.0,12,50433.973,1.0,33471.293,53039.14,0.9558636672043711
2018-12-11T07:00:00.0,2018-12-11T13:00:00.0,13,47772.81,1.0,31870.326,48799.41,0.9794480118606658
2018-12-11T08:00:00.0,2018-12-11T14:00:00.0,14,45091.26,1.0,30584.25,49779.652,0.8829027251992758
2018-12-11T09:00:00.0,2018-12-11T15:00:00.0,15,42792.91,1.0,31470.805,51519.617,0.6183465502865153
2018-12-11T10:00:00.0,2018-12-11T16:00:00.0,16,41069.48,1.0,30493.498,46639.984,0.7645705684434214
2018-12-11T11:00:00.0,2018-12-11T17:00:00.0,17,39957.06,1.0,25990.74,45513.344,0.8418335945129566
2018-12-11T12:00:00.0,2018-12-11T18:00:00.0,18,39168.73,1.0,27000.338,46821.617,0.7019205351647285
2018-12-11T13:00:00.0,2018-12-11T19:00:00.0,19,38623.53,1.0,23095.17,42525.8,0.9179586898087132
2018-12-11T14:00:00.0,2018-12-11T20:00:00.0,20,38744.926,1.0,23332.713,43112.777,0.9029362474770751
2018-12-11T15:00:00.0,2018-12-11T21:00:00.0,21,40038.203,1.0,24552.812,43397.977,0.9326664061767372
2018-12-11T16:00:00.0,2018-12-11T22:00:00.0,22,43160.637,1.0,27194.479,47402.375,0.9113944505500408
2018-12-11T17:00:00.0,2018-12-11T23:00:00.0,23,43880.363,1.0,27176.09,46676.254,0.9513607014189801
2018-12-11T18:00:00.0,2018-12-12T00:00:00.0,0,43875.754,1.0,30383.977,49509.254,0.8304207596495782
2018-12-11T19:00:00.0,2018-12-12T01:00:00.0,1,43298.375,1.0,29732.398,49223.99,0.8190717853320423
2018-12-11T20:00:00.0,2018-12-12T02:00:00.0,2,41431.895,1.0,29919.783,49451.16,0.6612980126703112
2018-12-11T21:00:00.0,2018-12-12T03:00:00.0,3,38787.11,1.0,27906.953,47976.945,0.577662330583918
2018-12-11T22:00:00.0,2018-12-12T04:00:00.0,4,36475.965,1.0,26312.363,46018.527,0.5292215568862273
2018-12-11T23:00:00.0,2018-12-12T05:00:00.0,5,35130.816,1.0,24275.76,43991.26,0.5930270270270268
2018-12-12T00:00:00.0,2018-12-12T06:00:00.0,6,34440.418,1.0,23138.918,43147.477,0.6185358612659216
2018-12-12T01:00:00.0,2018-12-12T07:00:00.0,7,34024.004,1.0,24915.365,44891.793,0.4188430667538318
2018-12-12T02:00:00.0,2018-12-12T08:00:00.0,8,34252.586,1.0,26020.41,45601.59,0.3555935321798821
2018-12-12T03:00:00.0,2018-12-12T09:00:00.0,9,35607.863,1.0,27543.85,46299.195,0.37226369305729295
2018-12-12T04:00:00.0,2018-12-12T10:00:00.0,10,38582.81,1.0,27550.326,47246.46,0.6101787810383743
2018-12-12T05:00:00.0,2018-12-12T11:00:00.0,11,41688.113,1.0,29097.885,49085.777,0.7271767191164821
2018-12-12T06:00:00.0,2018-12-12T12:00:00.0,12,41385.035,1.0,30702.26,51066.63,0.5455248143452278
2018-12-12T07:00:00.0,2018-12-12T13:00:00.0,13,40838.59,1.0,31986.484,50283.58,0.4699558411899632
2018-12-12T08:00:00.0,2018-12-12T14:00:00.0,14,40357.32,1.0,31083.117,50068.715,0.4786398274903157
2018-12-12T09:00:00.0,2018-12-12T15:00:00.0,15,39724.81,1.0,31184.957,49694.625,0.4286880078798325
2018-12-12T10:00:00.0,2018-12-12T16:00:00.0,16,38934.906,1.0,31393.338,46523.973,0.4970868189289308
2018-12-12T11:00:00.0,2018-12-12T17:00:00.0,17,38366.01,1.0,27864.928,47418.004,0.5684382668639831
2018-12-12T12:00:00.0,2018-12-12T18:00:00.0,18,37947.23,1.0,28082.066,47684.805,0.506040086725178
2018-12-12T13:00:00.0,2018-12-12T19:00:00.0,19,37556.043,1.0,26730.389,46781.734,0.5736257581130602
2018-12-12T14:00:00.0,2018-12-12T20:00:00.0,20,37548.977,1.0,26828.008,46823.855,0.566798340416178
2018-12-12T15:00:00.0,2018-12-12T21:00:00.0,21,38488.035,1.0,27932.613,47551.055,0.5702330725052509
2018-12-12T16:00:00.0,2018-12-12T22:00:00.0,22,40906.082,1.0,29046.28,48570.117,0.6914336750025042
2018-12-12T17:00:00.0,2018-12-12T23:00:00.0,23,41294.863,1.0,29430.68,49095.54,0.6846224313989159
2018-12-12T18:00:00.0,2018-12-13T00:00:00.0,0,40850.44,1.0,30286.88,49849.188,0.5738061509785651
2018-12-12T19:00:00.0,2018-12-13T01:00:00.0,1,40078.71,1.0,29562.22,49091.902,0.5710563413154089
2018-12-12T20:00:00.0,2018-12-13T02:00:00.0,2,38205.074,1.0,28434.867,47991.46,0.49923223657363064
2018-12-12T21:00:00.0,2018-12-13T03:00:00.0,3,35620.453,1.0,27098.63,46510.887,0.3882672664144309
2018-12-12T22:00:00.0,2018-12-13T04:00:00.0,4,33263.383,1.0,25607.223,45289.76,0.3027562595217595
2018-12-12T23:00:00.0,2018-12-13T05:00:00.0,5,31729.83,1.0,23460.639,43508.117,0.3419383855052886
2018-12-13T00:00:00.0,2018-12-13T06:00:00.0,6,30957.078,1.0,23207.807,40917.67,0.3857350726034827
2018-12-13T01:00:00.0,2018-12-13T07:00:00.0,7,30542.44,1.0,23303.496,40778.703,0.3449560056893421
2018-12-13T02:00:00.0,2018-12-13T08:00:00.0,8,30626.443,1.0,23320.691,41377.074,0.3285899361970471
2018-12-13T03:00:00.0,2018-12-13T09:00:00.0,9,31813.604,1.0,24438.791,42633.07,0.3298109595597033
2018-12-13T04:00:00.0,2018-12-13T10:00:00.0,10,34602.418,1.0,25987.855,44158.293,0.4520399090576914
2018-12-13T05:00:00.0,2018-12-13T11:00:00.0,11,37909.93,1.0,28015.68,45754.082,0.6059750148961307
2018-12-13T06:00:00.0,2018-12-13T12:00:00.0,12,38034.316,1.0,29823.453,47282.32,0.44504685788897275
2018-12-13T07:00:00.0,2018-12-13T13:00:00.0,13,37925.42,1.0,31012.568,47483.59,0.35435526952278784
2018-12-13T08:00:00.0,2018-12-13T14:00:00.0,14,38160.977,1.0,31094.758,47230.95,0.38634540144376445
2018-12-13T09:00:00.0,2018-12-13T15:00:00.0,15,38277.035,1.0,29985.607,48252.746,0.4150868326200715
2018-12-13T10:00:00.0,2018-12-13T16:00:00.0,16,38282.035,1.0,29982.299,47274.67,0.4628682477225103
2018-12-13T11:00:00.0,2018-12-13T17:00:00.0,17,38241.066,1.0,29013.094,47350.402,0.5060036437246961
2018-12-13T12:00:00.0,2018-12-13T18:00:00.0,18,38339.14,1.0,29660.793,46457.42,0.5309136541763906
2018-12-13T13:00:00.0,2018-12-13T19:00:00.0,19,38229.668,1.0,30786.502,46007.16,0.47962392288593503
2018-12-13T14:00:00.0,2018-12-13T20:00:00.0,20,38481.082,1.0,29281.027,46196.184,0.5809095003216818
2018-12-13T15:00:00.0,2018-12-13T21:00:00.0,21,39469.04,1.0,31744.084,47784.266,0.4658916426512969
2018-12-13T16:00:00.0,2018-12-13T22:00:00.0,22,42010.883,1.0,30705.252,48749.55,0.7219854604895256
2018-12-13T17:00:00.0,2018-12-13T23:00:00.0,23,42872.33,1.0,30770.54,49206.395,0.7666074751861042
2018-12-13T18:00:00.0,2018-12-14T00:00:00.0,0,43057.652,1.0,31406.166,49565.66,0.744998313520629
2018-12-13T19:00:00.0,2018-12-14T01:00:00.0,1,42718.215,1.0,30975.803,48552.395,0.7828602915587173
2018-12-13T20:00:00.0,2018-12-14T02:00:00.0,2,41455.85,1.0,30311.775,47551.438,0.7521254231248886
2018-12-13T21:00:00.0,2018-12-14T03:00:00.0,3,39318.277,1.0,27893.05,44543.824,0.806770682483439
2018-12-13T22:00:00.0,2018-12-14T04:00:00.0,4,37469.895,1.0,26977.297,45185.89,0.6386030541682669
2018-12-13T23:00:00.0,2018-12-14T05:00:00.0,5,36493.86,1.0,23850.594,42379.96,0.8018568511404145
2018-12-14T00:00:00.0,2018-12-14T06:00:00.0,6,36100.88,1.0,26450.951,40494.55,0.8080181562460039
2018-12-14T01:00:00.0,2018-12-14T07:00:00.0,7,36187.93,1.0,23248.326,40010.938,0.8970316992705737
2018-12-14T02:00:00.0,2018-12-14T08:00:00.0,8,36886.035,1.0,24188.951,41160.22,0.8757996727970215
2018-12-14T03:00:00.0,2018-12-14T09:00:00.0,9,38742.207,1.0,24031.154,42842.086,0.9051909474889184
2018-12-14T04:00:00.0,2018-12-14T10:00:00.0,10,42401.26,1.0,28693.93,45147.273,0.9393736685892686
2018-12-14T05:00:00.0,2018-12-14T11:00:00.0,11,46251.453,1.0,29412.607,47940.734,0.9712344537205082
2018-12-14T06:00:00.0,2018-12-14T12:00:00.0,12,46745.496,1.0,30963.797,48512.14,0.9682440459815088
2018-12-14T07:00:00.0,2018-12-14T13:00:00.0,13,46601.453,1.0,34619.26,47730.42,0.9725973413106326
2018-12-14T08:00:00.0,2018-12-14T14:00:00.0,14,46616.754,0.0,34448.55,46545.484,1.0
2018-12-14T09:00:00.0,2018-12-14T15:00:00.0,15,46436.67,1.0,31089.63,48571.46,0.9605763215978432
2018-12-14T10:00:00.0,2018-12-14T16:00:00.0,16,45765.02,1.0,30657.717,48081.152,0.9559529576810892
2018-12-14T11:00:00.0,2018-12-14T17:00:00.0,17,45165.63,1.0,29812.318,48198.68,0.940450313786962
2018-12-14T12:00:00.0,2018-12-14T18:00:00.0,18,44607.734,1.0,30479.57,45917.49,0.9729382777145625
2018-12-14T13:00:00.0,2018-12-14T19:00:00.0,19,44091.348,1.0,29545.273,45491.37,0.972142767972522
2018-12-14T14:00:00.0,2018-12-14T20:00:00.0,20,44065.812,1.0,28492.514,46350.74,0.9581440433666247
2018-12-14T15:00:00.0,2018-12-14T21:00:00.0,21,44654.344,1.0,31376.525,47288.42,0.9401510705428671
2018-12-14T16:00:00.0,2018-12-14T22:00:00.0,22,46299.785,1.0,31611.072,48439.297,0.9585000600864202
2018-12-14T17:00:00.0,2018-12-14T23:00:00.0,23,45969.797,1.0,32213.754,48624.86,0.9420914927768861
2018-12-14T18:00:00.0,2018-12-15T00:00:00.0,0,45155.91,1.0,32494.81,47673.016,0.9399981758907088
2018-12-14T19:00:00.0,2018-12-15T01:00:00.0,1,44399.074,1.0,31562.56,47315.15,0.9284817528003543
2018-12-14T20:00:00.0,2018-12-15T02:00:00.0,2,42964.785,1.0,30559.041,45182.43,0.9473256922859566
2018-12-14T21:00:00.0,2018-12-15T03:00:00.0,3,41071.13,1.0,28679.268,43186.17,0.950297745317898
2018-12-14T22:00:00.0,2018-12-15T04:00:00.0,4,39412.613,1.0,25282.697,42818.21,0.9224984711201156
2018-12-14T23:00:00.0,2018-12-15T05:00:00.0,5,38247.22,1.0,24864.553,40988.246,0.9375459427861607
2018-12-15T00:00:00.0,2018-12-15T06:00:00.0,6,37688.89,1.0,22553.984,42737.46,0.8774410010957785
2018-12-15T01:00:00.0,2018-12-15T07:00:00.0,7,37565.426,1.0,22049.896,42230.88,0.8943993228974626
2018-12-15T02:00:00.0,2018-12-15T08:00:00.0,8,37923.562,1.0,22806.38,43015.895,0.8756762236834624
2018-12-15T03:00:00.0,2018-12-15T09:00:00.0,9,38923.754,1.0,24600.53,44749.17,0.836697251386915
2018-12-15T04:00:00.0,2018-12-15T10:00:00.0,10,40818.703,1.0,26445.172,46725.84,0.8342178683474826
2018-12-15T05:00:00.0,2018-12-15T11:00:00.0,11,43100.164,1.0,28907.594,49108.38,0.8269988068596664
2018-12-15T06:00:00.0,2018-12-15T12:00:00.0,12,44535.59,1.0,30697.965,50836.887,0.8079772504362667
2018-12-15T07:00:00.0,2018-12-15T13:00:00.0,13,44074.996,1.0,31334.48,51554.67,0.7274807876856935
2018-12-15T08:00:00.0,2018-12-15T14:00:00.0,14,42588.246,1.0,33242.61,53558.66,0.42620838194382127
2018-12-15T09:00:00.0,2018-12-15T15:00:00.0,15,40819.973,1.0,30663.621,50807.406,0.5077819545408477
2018-12-15T10:00:00.0,2018-12-15T16:00:00.0,16,38968.535,1.0,29520.6,49854.72,0.4346564349212356
2018-12-15T11:00:00.0,2018-12-15T17:00:00.0,17,37256.44,1.0,28184.334,48472.074,0.4029277918014721
2018-12-15T12:00:00.0,2018-12-15T18:00:00.0,18,35878.715,1.0,28054.24,47409.44,0.32800242235487476
2018-12-15T13:00:00.0,2018-12-15T19:00:00.0,19,35134.9,1.0,27558.242,45093.734,0.37599935609795404
2018-12-15T14:00:00.0,2018-12-15T20:00:00.0,20,34852.625,1.0,26762.906,47022.137,0.31972303801598984
2018-12-15T15:00:00.0,2018-12-15T21:00:00.0,21,35575.68,1.0,27525.688,47737.996,0.3180065412919053
2018-12-15T16:00:00.0,2018-12-15T22:00:00.0,22,38234.3,1.0,28590.184,48857.1,0.4552810992810993
2018-12-15T17:00:00.0,2018-12-15T23:00:00.0,23,39375.082,1.0,29665.22,49779.277,0.467999191072381
2018-12-15T18:00:00.0,2018-12-16T00:00:00.0,0,39702.027,1.0,30262.605,50549.16,0.4358828202581928
2018-12-15T19:00:00.0,2018-12-16T01:00:00.0,1,39946.652,1.0,29871.172,50031.277,0.49957883399154934
2018-12-15T20:00:00.0,2018-12-16T02:00:00.0,2,39935.355,1.0,28666.77,48855.43,0.6066506646316577
2018-12-15T21:00:00.0,2018-12-16T03:00:00.0,3,39302.56,1.0,26828.04,46989.57,0.7096636012580115
2018-12-15T22:00:00.0,2018-12-16T04:00:00.0,4,38416.453,1.0,25893.844,46006.227,0.7158335296612167
2018-12-15T23:00:00.0,2018-12-16T05:00:00.0,5,37810.176,1.0,24290.709,44406.004,0.788335315583187
2018-12-16T00:00:00.0,2018-12-16T06:00:00.0,6,37620.848,1.0,23588.412,42672.21,0.86314491035709
2018-12-16T01:00:00.0,2018-12-16T07:00:00.0,7,37657.414,1.0,23906.021,42897.836,0.8513883787268961
2018-12-16T02:00:00.0,2018-12-16T08:00:00.0,8,37812.3,1.0,23361.26,43171.535,0.8571160679881834
2018-12-16T03:00:00.0,2018-12-16T09:00:00.0,9,38502.812,1.0,25761.152,45492.293,0.7511647765176784
2018-12-16T04:00:00.0,2018-12-16T10:00:00.0,10,39654.734,1.0,27586.72,46824.242,0.7231773724983858
2018-12-16T05:00:00.0,2018-12-16T11:00:00.0,11,41273.06,1.0,30585.236,49688.137,0.6090205750511091
2018-12-16T06:00:00.0,2018-12-16T12:00:00.0,12,42504.84,1.0,31019.928,50671.395,0.6527660502442428
2018-12-16T07:00:00.0,2018-12-16T13:00:00.0,13,42398.133,1.0,31105.066,51091.957,0.6188742069530088
2018-12-16T08:00:00.0,2018-12-16T14:00:00.0,14,41358.06,1.0,30491.852,50606.465,0.5742053550387035
2018-12-16T09:00:00.0,2018-12-16T15:00:00.0,15,39661.06,1.0,29596.146,49624.086,0.5047208785098691
2018-12-16T10:00:00.0,2018-12-16T16:00:00.0,16,37894.152,1.0,28235.062,47765.406,0.48991908601384665
2018-12-16T11:00:00.0,2018-12-16T17:00:00.0,17,36584.695,1.0,27330.734,47062.543,0.44263752236135945
2018-12-16T12:00:00.0,2018-12-16T18:00:00.0,18,35860.84,1.0,25971.324,45789.26,0.498178268076379
2018-12-16T13:00:00.0,2018-12-16T19:00:00.0,19,35368.344,1.0,25984.086,45473.125,0.46573307022370636
2018-12-16T14:00:00.0,2018-12-16T20:00:00.0,20,35488.324,1.0,26599.627,45759.367,0.4333582489007838
2018-12-16T15:00:00.0,2018-12-16T21:00:00.0,21,36442.973,1.0,27346.363,46297.73,0.46292818326390023
2018-12-16T16:00:00.0,2018-12-16T22:00:00.0,22,39199.715,1.0,27842.797,48083.605,0.6118787836187426
2018-12-16T17:00:00.0,2018-12-16T23:00:00.0,23,40161.812,1.0,29156.469,49018.652,0.5993392646391286
2018-12-16T18:00:00.0,2018-12-17T00:00:00.0,0,40247.277,1.0,29666.773,49657.92,0.554138565240981
2018-12-16T19:00:00.0,2018-12-17T01:00:00.0,1,39812.19,1.0,29228.732,49359.49,0.5476528574307862
2018-12-16T20:00:00.0,2018-12-17T02:00:00.0,2,38501.16,1.0,27644.326,47237.676,0.5993806140480051
2018-12-16T21:00:00.0,2018-12-17T03:00:00.0,3,36342.52,1.0,26138.285,46069.656,0.522202725059018
2018-12-16T22:00:00.0,2018-12-17T04:00:00.0,4,34344.973,1.0,24975.383,44980.9,0.4414670746724005
2018-12-16T23:00:00.0,2018-12-17T05:00:00.0,5,33338.26,1.0,23597.572,43278.25,0.4906026027913994
2018-12-17T00:00:00.0,2018-12-17T06:00:00.0,6,32944.293,1.0,23847.541,43589.5,0.4276125302451008
2018-12-17T01:00:00.0,2018-12-17T07:00:00.0,7,33129.7,1.0,24981.727,42721.66,0.4249116135662894
2018-12-17T02:00:00.0,2018-12-17T08:00:00.0,8,33873.22,1.0,24425.195,42538.53,0.5400366546520864
2018-12-17T03:00:00.0,2018-12-17T09:00:00.0,9,35666.234,1.0,26997.63,44197.906,0.5073875370919879
2018-12-17T04:00:00.0,2018-12-17T10:00:00.0,10,39186.207,1.0,28394.97,46271.266,0.6851890717455623
2018-12-17T05:00:00.0,2018-12-17T11:00:00.0,11,42767.69,1.0,30924.9,48211.477,0.8053831885262325
2018-12-17T06:00:00.0,2018-12-17T12:00:00.0,12,42901.812,1.0,33278.324,49076.26,0.694218148809094
2018-12-17T07:00:00.0,2018-12-17T13:00:00.0,13,42507.777,1.0,33357.84,49602.62,0.6157265004050713
2018-12-17T08:00:00.0,2018-12-17T14:00:00.0,14,41760.035,1.0,32394.273,49472.12,0.5891109057693943
2018-12-17T09:00:00.0,2018-12-17T15:00:00.0,15,40728.66,1.0,31334.357,49320.965,0.5413062647390552
2018-12-17T10:00:00.0,2018-12-17T16:00:00.0,16,39676.77,1.0,29966.887,47547.88,0.596110056925996
2018-12-17T11:00:00.0,2018-12-17T17:00:00.0,17,38805.63,1.0,28736.537,46211.07,0.6385520706150797
2018-12-17T12:00:00.0,2018-12-17T18:00:00.0,18,38305.824,1.0,27800.744,45064.55,0.6931457322483812
2018-12-17T13:00:00.0,2018-12-17T19:00:00.0,19,37863.19,1.0,26109.438,44134.23,0.7604048159134531
2018-12-17T14:00:00.0,2018-12-17T20:00:00.0,20,37667.94,1.0,26600.02,43866.82,0.7440643548080089
2018-12-17T15:00:00.0,2018-12-17T21:00:00.0,21,38364.36,1.0,27232.547,45134.492,0.7145535556731959
2018-12-17T16:00:00.0,2018-12-17T22:00:00.0,22,41057.754,1.0,28584.475,46314.465,0.8281234317405568
2018-12-17T17:00:00.0,2018-12-17T23:00:00.0,23,42050.77,1.0,30249.48,48298.094,0.7629398159149593
2018-12-17T18:00:00.0,2018-12-18T00:00:00.0,0,42048.227,1.0,30198.81,49403.977,0.7068737044466735
2018-12-17T19:00:00.0,2018-12-18T01:00:00.0,1,41600.32,1.0,30048.803,48302.1,0.73172813945334
2018-12-17T20:00:00.0,2018-12-18T02:00:00.0,2,40105.68,1.0,28954.164,47789.03,0.6657921923651482
2018-12-17T21:00:00.0,2018-12-18T03:00:00.0,3,37915.902,1.0,28067.443,46998.035,0.537511622455757
2018-12-17T22:00:00.0,2018-12-18T04:00:00.0,4,36039.41,1.0,24808.232,45002.64,0.6030476824129521
2018-12-17T23:00:00.0,2018-12-18T05:00:00.0,5,35125.31,1.0,23297.363,42906.426,0.6844056168032093
2018-12-18T00:00:00.0,2018-12-18T06:00:00.0,6,34971.44,1.0,23112.738,42277.74,0.7097273641008462
2018-12-18T01:00:00.0,2018-12-18T07:00:00.0,7,35269.25,1.0,21548.63,41789.45,0.7960079670867891
2018-12-18T02:00:00.0,2018-12-18T08:00:00.0,8,36004.11,1.0,22119.334,42611.027,0.795627225347025
2018-12-18T03:00:00.0,2018-12-18T09:00:00.0,9,37783.38,1.0,25038.764,43868.766,0.7946284141881408
2018-12-18T04:00:00.0,2018-12-18T10:00:00.0,10,41300.316,1.0,27853.664,47001.164,0.8266288398309066
2018-12-18T05:00:00.0,2018-12-18T11:00:00.0,11,44879.793,1.0,29634.04,48761.46,0.9164348171400476
2018-12-18T06:00:00.0,2018-12-18T12:00:00.0,12,44619.855,1.0,31642.6,48473.75,0.8962652599849287
2018-12-18T07:00:00.0,2018-12-18T13:00:00.0,13,43547.707,1.0,32617.143,49381.13,0.7603168119254322
2018-12-18T08:00:00.0,2018-12-18T14:00:00.0,14,42255.598,1.0,31975.633,49800.31,0.6394462649373075
2018-12-18T09:00:00.0,2018-12-18T15:00:00.0,15,40895.24,1.0,31112.732,49006.45,0.5859998175422944
2018-12-18T10:00:00.0,2018-12-18T16:00:00.0,16,39402.543,1.0,30336.055,47722.32,0.5397927367469559
2018-12-18T11:00:00.0,2018-12-18T17:00:00.0,17,38250.63,1.0,28163.176,46316.703,0.6021907318228464
2018-12-18T12:00:00.0,2018-12-18T18:00:00.0,18,37451.3,1.0,29515.518,45124.363,0.5156156716417916
2018-12-18T13:00:00.0,2018-12-18T19:00:00.0,19,36759.902,1.0,28252.271,44580.203,0.5390042804728906
2018-12-18T14:00:00.0,2018-12-18T20:00:00.0,20,36654.668,1.0,28242.877,43463.125,0.5967891288637199
2018-12-18T15:00:00.0,2018-12-18T21:00:00.0,21,37610.3,1.0,28703.494,45469.832,0.5577642053553808
2018-12-18T16:00:00.0,2018-12-18T22:00:00.0,22,40362.844,1.0,31131.129,46105.65,0.7060772248783307
2018-12-18T17:00:00.0,2018-12-18T23:00:00.0,23,41183.96,1.0,31286.014,46815.402,0.7386207573274716
2018-12-18T18:00:00.0,2018-12-19T00:00:00.0,0,41095.473,1.0,30982.234,47724.88,0.6858154411111441
2018-12-18T19:00:00.0,2018-12-19T01:00:00.0,1,40515.246,1.0,29217.062,49148.44,0.6221121998282835
2018-12-18T20:00:00.0,2018-12-19T02:00:00.0,2,38770.004,1.0,28349.076,48552.78,0.5292872861308247
2018-12-18T21:00:00.0,2018-12-19T03:00:00.0,3,36271.06,1.0,26642.164,46599.16,0.4675221886638624
2018-12-18T22:00:00.0,2018-12-19T04:00:00.0,4,33872.004,1.0,24827.682,44656.465,0.4191176847227558
2018-12-18T23:00:00.0,2018-12-19T05:00:00.0,5,32443.438,1.0,23081.467,42170.28,0.4822669944420691
2018-12-19T00:00:00.0,2018-12-19T06:00:00.0,6,31724.625,1.0,23972.746,41947.605,0.3745643617804387
2018-12-19T01:00:00.0,2018-12-19T07:00:00.0,7,31378.125,1.0,22708.883,41012.12,0.451205412921688
2018-12-19T02:00:00.0,2018-12-19T08:00:00.0,8,31597.393,1.0,22097.914,40231.074,0.544218165174939
2018-12-19T03:00:00.0,2018-12-19T09:00:00.0,9,32935.21,1.0,23911.393,43107.56,0.44465498252166824
2018-12-19T04:00:00.0,2018-12-19T10:00:00.0,10,35802.44,1.0,24942.734,44072.996,0.6235545985226448
2018-12-19T05:00:00.0,2018-12-19T11:00:00.0,11,39016.61,1.0,27710.982,46116.48,0.7024781964067679
2018-12-19T06:00:00.0,2018-12-19T12:00:00.0,12,39242.27,1.0,30629.492,47319.887,0.5297299607094492
2018-12-19T07:00:00.0,2018-12-19T13:00:00.0,13,39037.277,1.0,31177.582,49841.387,0.3568180974477962
2018-12-19T08:00:00.0,2018-12-19T14:00:00.0,14,39149.996,1.0,31714.758,48883.652,0.37774383477188633
2018-12-19T09:00:00.0,2018-12-19T15:00:00.0,15,38917.773,1.0,31107.404,48360.09,0.41292143690667704
2018-12-19T10:00:00.0,2018-12-19T16:00:00.0,16,38279.305,1.0,30415.014,47662.855,0.41882232317496365
2018-12-19T11:00:00.0,2018-12-19T17:00:00.0,17,37739.65,1.0,29777.105,47203.758,0.42056579690736784
2018-12-19T12:00:00.0,2018-12-19T18:00:00.0,18,37494.81,1.0,28890.51,46702.133,0.4686133372088194
2018-12-19T13:00:00.0,2018-12-19T19:00:00.0,19,37239.87,1.0,28004.178,45465.97,0.5534935775952835
2018-12-19T14:00:00.0,2018-12-19T20:00:00.0,20,37354.73,1.0,26880.979,45212.695,0.6300364427314882
2018-12-19T15:00:00.0,2018-12-19T21:00:00.0,21,37961.57,1.0,27323.488,45719.6,0.642140160253091
2018-12-19T16:00:00.0,2018-12-19T22:00:00.0,22,40113.566,1.0,28587.555,46990.293,0.7216313498557522
2018-12-19T17:00:00.0,2018-12-19T23:00:00.0,23,40900.04,1.0,29518.744,48548.008,0.6759347447336469
2018-12-19T18:00:00.0,2018-12-20T00:00:00.0,0,40582.8,1.0,30468.959,49001.543,0.5842444529269559
2018-12-19T19:00:00.0,2018-12-20T01:00:00.0,1,39915.035,1.0,30419.664,48905.36,0.5253370611991305
2018-12-19T20:00:00.0,2018-12-20T02:00:00.0,2,38482.56,1.0,29728.121,48155.016,0.45387028974628413
2018-12-19T21:00:00.0,2018-12-20T03:00:00.0,3,36262.18,1.0,28125.932,46088.74,0.4133660487095605
2018-12-19T22:00:00.0,2018-12-20T04:00:00.0,4,34280.176,1.0,27135.87,44519.137,0.3393862865166347
2018-12-19T23:00:00.0,2018-12-20T05:00:00.0,5,32999.277,1.0,24686.555,42578.707,0.4345959528756693
2018-12-20T00:00:00.0,2018-12-20T06:00:00.0,6,32282.162,1.0,23103.643,41078.125,0.5197443993849902
2018-12-20T01:00:00.0,2018-12-20T07:00:00.0,7,32242.057,1.0,22647.037,41136.55,0.5351146022920459
2018-12-20T02:00:00.0,2018-12-20T08:00:00.0,8,32800.387,1.0,22949.348,40864.66,0.5917329119402538
2018-12-20T03:00:00.0,2018-12-20T09:00:00.0,9,34530.473,1.0,24443.521,41901.65,0.6412755360207959
2018-12-20T04:00:00.0,2018-12-20T10:00:00.0,10,37858.78,1.0,26158.479,43787.492,0.7768312411948142
2018-12-20T05:00:00.0,2018-12-20T11:00:00.0,11,41523.76,1.0,28115.016,45534.23,0.8952009708737864
2018-12-20T06:00:00.0,2018-12-20T12:00:00.0,12,41781.395,1.0,30230.98,45930.516,0.8635597352390628
2018-12-20T07:00:00.0,2018-12-20T13:00:00.0,13,41087.957,1.0,31737.725,46189.863,0.7529418312823835
2018-12-20T08:00:00.0,2018-12-20T14:00:00.0,14,40523.57,1.0,30665.04,48684.746,0.5867192092442729
2018-12-20T09:00:00.0,2018-12-20T15:00:00.0,15,39896.434,1.0,30434.107,48497.613,0.5441506120657092
2018-12-20T10:00:00.0,2018-12-20T16:00:00.0,16,39104.125,1.0,29017.068,46552.36,0.6368521990625311
2018-12-20T11:00:00.0,2018-12-20T17:00:00.0,17,38465.824,1.0,28266.506,46284.598,0.6207112503671793
2018-12-20T12:00:00.0,2018-12-20T18:00:00.0,18,38054.504,1.0,27571.824,46058.555,0.6224368224156359
2018-12-20T13:00:00.0,2018-12-20T19:00:00.0,19,37492.99,1.0,27944.453,44490.22,0.6400952680066998
2018-12-20T14:00:00.0,2018-12-20T20:00:00.0,20,37430.676,1.0,28564.818,45027.242,0.5711727964384196
2018-12-20T15:00:00.0,2018-12-20T21:00:00.0,21,38182.84,1.0,29240.898,46479.64,0.5346857939614946
2018-12-20T16:00:00.0,2018-12-20T22:00:00.0,22,41055.95,1.0,30600.346,45683.117,0.8156244185567858
2018-12-20T17:00:00.0,2018-12-20T23:00:00.0,23,42300.5,1.0,31780.879,46368.03,0.8482228993480341
2018-12-20T18:00:00.0,2018-12-21T00:00:00.0,0,42375.277,1.0,30912.424,47569.754,0.8093217115445327
2018-12-20T19:00:00.0,2018-12-21T01:00:00.0,1,42150.426,1.0,30844.195,45894.855,0.8787292540028879
2018-12-20T20:00:00.0,2018-12-21T02:00:00.0,2,41043.973,1.0,29368.418,45474.777,0.852272745224523
2018-12-20T21:00:00.0,2018-12-21T03:00:00.0,3,39108.883,1.0,26579.096,44079.816,0.842461000589029
2018-12-20T22:00:00.0,2018-12-21T04:00:00.0,4,37337.78,1.0,25480.805,42739.223,0.8078708382877526
2018-12-20T23:00:00.0,2018-12-21T05:00:00.0,5,36395.96,1.0,23345.627,40788.523,0.8758214771878977
2018-12-21T00:00:00.0,2018-12-21T06:00:00.0,6,36044.848,1.0,23144.186,40558.016,0.8687217064019067
2018-12-21T01:00:00.0,2018-12-21T07:00:00.0,7,36174.46,1.0,22050.734,39703.67,0.9186162426646559
2018-12-21T02:00:00.0,2018-12-21T08:00:00.0,8,36898.25,1.0,22212.678,39546.957,0.9467312259206399
2018-12-21T03:00:00.0,2018-12-21T09:00:00.0,9,38750.99,1.0,23900.436,41342.926,0.9489018785682136
2018-12-21T04:00:00.0,2018-12-21T10:00:00.0,10,42099.133,1.0,26186.188,43126.52,0.9794464382695857
2018-12-21T05:00:00.0,2018-12-21T11:00:00.0,11,45526.39,0.0,26914.027,45140.543,1.0
2018-12-21T06:00:00.0,2018-12-21T12:00:00.0,12,45856.76,1.0,30210.9,46188.41,0.9864571584840719
2018-12-21T07:00:00.0,2018-12-21T13:00:00.0,13,44364.098,1.0,33931.477,48003.7,0.8692610586445447
2018-12-21T08:00:00.0,2018-12-21T14:00:00.0,14,42611.88,1.0,28720.896,46974.438,0.8876397715190028
2018-12-21T09:00:00.0,2018-12-21T15:00:00.0,15,40825.16,1.0,33659.258,49180.324,0.4292648717225831
2018-12-21T10:00:00.0,2018-12-21T16:00:00.0,16,39160.066,1.0,30417.688,47902.184,0.500013587100746
2018-12-21T11:00:00.0,2018-12-21T17:00:00.0,17,37903.24,1.0,28312.355,45193.348,0.6243933154968434
2018-12-21T12:00:00.0,2018-12-21T18:00:00.0,18,37040.52,1.0,28306.357,44775.0,0.5561453449430671
2018-12-21T13:00:00.0,2018-12-21T19:00:00.0,19,36412.66,1.0,29354.738,44219.543,0.4533489664755954
2018-12-21T14:00:00.0,2018-12-21T20:00:00.0,20,36147.87,1.0,30027.867,43893.973,0.3925045540870515
2018-12-21T15:00:00.0,2018-12-21T21:00:00.0,21,36518.605,1.0,32124.37,44654.793,0.24364229521208328
2018-12-21T16:00:00.0,2018-12-21T22:00:00.0,22,39160.438,1.0,33044.14,44381.637,0.5728577401820469
2018-12-21T17:00:00.0,2018-12-21T23:00:00.0,23,40178.34,1.0,34003.508,44192.273,0.6891250324422528
2018-12-21T18:00:00.0,2018-12-22T00:00:00.0,0,40143.668,1.0,32907.203,46700.203,0.545646435877893
2018-12-21T19:00:00.0,2018-12-22T01:00:00.0,1,40097.38,1.0,33901.85,45223.992,0.5869137483579507
2018-12-21T20:00:00.0,2018-12-22T02:00:00.0,2,39560.867,1.0,32525.152,43683.72,0.7281521618162591
2018-12-21T21:00:00.0,2018-12-22T03:00:00.0,3,38294.15,1.0,29167.084,43298.29,0.7513350582147479
2018-12-21T22:00:00.0,2018-12-22T04:00:00.0,4,36822.957,1.0,26702.824,42509.895,0.7429199115378802
2018-12-21T23:00:00.0,2018-12-22T05:00:00.0,5,35700.836,1.0,24164.586,41471.734,0.7808059942978772
2018-12-22T00:00:00.0,2018-12-22T06:00:00.0,6,35009.098,1.0,23352.885,43037.26,0.6659412402913877
2018-12-22T01:00:00.0,2018-12-22T07:00:00.0,7,34766.52,1.0,23394.053,42406.797,0.6760274961908701
2018-12-22T02:00:00.0,2018-12-22T08:00:00.0,8,34860.05,1.0,22685.889,41920.574,0.7318533277349537
2018-12-22T03:00:00.0,2018-12-22T09:00:00.0,9,35437.418,1.0,24122.781,43132.387,0.6710987007267121
2018-12-22T04:00:00.0,2018-12-22T10:00:00.0,10,36625.82,1.0,25051.36,44475.332,0.6722356805407081
2018-12-22T05:00:00.0,2018-12-22T11:00:00.0,11,38276.12,1.0,27076.2,45938.344,0.6686907372128968
2018-12-22T06:00:00.0,2018-12-22T12:00:00.0,12,39365.457,1.0,28701.871,47995.957,0.596817476635514
2018-12-22T07:00:00.0,2018-12-22T13:00:00.0,13,39344.492,1.0,29953.479,47483.973,0.5659488090263267
2018-12-22T08:00:00.0,2018-12-22T14:00:00.0,14,38282.195,1.0,28551.057,48249.883,0.4888571778309258
2018-12-22T09:00:00.0,2018-12-22T15:00:00.0,15,36916.387,1.0,28308.096,47664.06,0.39854452229122556
2018-12-22T10:00:00.0,2018-12-22T16:00:00.0,16,35740.527,1.0,27950.123,46820.695,0.34254346601747737
2018-12-22T11:00:00.0,2018-12-22T17:00:00.0,17,34861.176,1.0,27013.367,46204.723,0.3358887014581328
2018-12-22T12:00:00.0,2018-12-22T18:00:00.0,18,34312.957,1.0,25887.57,45371.566,0.3766176816790716
2018-12-22T13:00:00.0,2018-12-22T19:00:00.0,19,33952.066,1.0,25818.953,45555.51,0.34125812054889676
2018-12-22T14:00:00.0,2018-12-22T20:00:00.0,20,33979.246,1.0,26087.52,45822.7,0.3206750668193966
2018-12-22T15:00:00.0,2018-12-22T21:00:00.0,21,34377.723,1.0,27714.088,46638.676,0.2457334518335327
2018-12-22T16:00:00.0,2018-12-22T22:00:00.0,22,36470.22,1.0,29476.81,46681.0,0.33177083743842384
2018-12-22T17:00:00.0,2018-12-22T23:00:00.0,23,37217.277,1.0,30303.674,46511.586,0.366296611998274
2018-12-22T18:00:00.0,2018-12-23T00:00:00.0,0,36984.58,1.0,29233.059,49052.293,0.30622543457167783
2018-12-22T19:00:00.0,2018-12-23T01:00:00.0,1,36652.605,1.0,29962.602,46332.29,0.33547919816107197
2018-12-22T20:00:00.0,2018-12-23T02:00:00.0,2,36066.48,1.0,28232.09,44494.496,0.4661655126937028
2018-12-22T21:00:00.0,2018-12-23T03:00:00.0,3,34903.66,1.0,24951.387,43917.5,0.5458162511182858
2018-12-22T22:00:00.0,2018-12-23T04:00:00.0,4,33751.277,1.0,24632.174,43682.96,0.4604795504396606
2018-12-22T23:00:00.0,2018-12-23T05:00:00.0,5,32792.86,1.0,22911.824,42088.727,0.5282949825151181
2018-12-23T00:00:00.0,2018-12-23T06:00:00.0,6,32154.719,1.0,20773.264,40396.402,0.6451245906559215
2018-12-23T01:00:00.0,2018-12-23T07:00:00.0,7,31874.826,1.0,21151.38,40090.164,0.6209870517000466
2018-12-23T02:00:00.0,2018-12-23T08:00:00.0,8,32069.422,1.0,21275.23,41313.11,0.5714246979181832
2018-12-23T03:00:00.0,2018-12-23T09:00:00.0,9,32569.049,1.0,23049.252,43058.7,0.45511493723155194
2018-12-23T04:00:00.0,2018-12-23T10:00:00.0,10,33755.84,1.0,24706.336,43807.812,0.4514158540117792
2018-12-23T05:00:00.0,2018-12-23T11:00:00.0,11,35184.266,1.0,26917.555,45915.09,0.3814283574544571
2018-12-23T06:00:00.0,2018-12-23T12:00:00.0,12,36456.324,1.0,28594.945,47213.62,0.3587426041007707
2018-12-23T07:00:00.0,2018-12-23T13:00:00.0,13,37210.547,1.0,30570.52,46841.316,0.3344831142315462
2018-12-23T08:00:00.0,2018-12-23T14:00:00.0,14,37001.957,1.0,29504.47,47842.08,0.33577752102782177
2018-12-23T09:00:00.0,2018-12-23T15:00:00.0,15,36282.707,1.0,30020.008,46420.188,0.29129426619423343
2018-12-23T10:00:00.0,2018-12-23T16:00:00.0,16,35599.69,1.0,28257.322,45043.75,0.3854346559304979
2018-12-23T11:00:00.0,2018-12-23T17:00:00.0,17,34914.95,1.0,27325.408,43460.797,0.44517324673844916
2018-12-23T12:00:00.0,2018-12-23T18:00:00.0,18,34332.77,1.0,24218.158,42879.99,0.5774507351863611
2018-12-23T13:00:00.0,2018-12-23T19:00:00.0,19,33834.23,1.0,23980.824,43390.086,0.5142237639279097
2018-12-23T14:00:00.0,2018-12-23T20:00:00.0,20,33856.473,1.0,23533.852,43006.445,0.5557027001510574
2018-12-23T15:00:00.0,2018-12-23T21:00:00.0,21,34333.38,1.0,24608.998,44098.875,0.49804231897306933
2018-12-23T16:00:00.0,2018-12-23T22:00:00.0,22,36813.49,1.0,26808.512,46879.027,0.49719992602182367
2018-12-23T17:00:00.0,2018-12-23T23:00:00.0,23,38041.81,1.0,28962.113,47059.047,0.5032028798227797
2018-12-23T18:00:00.0,2018-12-24T00:00:00.0,0,38401.7,1.0,30953.945,45949.113,0.49383275778842206
2018-12-23T19:00:00.0,2018-12-24T01:00:00.0,1,38427.305,1.0,34309.5,44280.84,0.3427672631633231
2018-12-23T20:00:00.0,2018-12-24T02:00:00.0,2,37965.477,1.0,31576.096,44839.19,0.46615214118434245
2018-12-23T21:00:00.0,2018-12-24T03:00:00.0,3,37030.02,1.0,27652.3,46094.86,0.5157397163833852
2018-12-23T22:00:00.0,2018-12-24T04:00:00.0,4,35783.5,1.0,25263.568,44526.45,0.5849547089508672
2018-12-23T23:00:00.0,2018-12-24T05:00:00.0,5,34913.832,1.0,22718.352,42749.08,0.6936927019770566
2018-12-24T00:00:00.0,2018-12-24T06:00:00.0,6,34568.676,1.0,21263.727,38588.438,0.893685615692859
2018-12-24T01:00:00.0,2018-12-24T07:00:00.0,7,34679.215,1.0,21615.572,38660.543,0.8923722826895792
2018-12-24T02:00:00.0,2018-12-24T08:00:00.0,8,35288.133,1.0,21446.066,39738.594,0.883761751308991
2018-12-24T03:00:00.0,2018-12-24T09:00:00.0,9,36470.73,1.0,23042.102,41541.258,0.8533344030992649
2018-12-24T04:00:00.0,2018-12-24T10:00:00.0,10,38064.137,1.0,25036.326,43215.395,0.8432144163699334
2018-12-24T05:00:00.0,2018-12-24T11:00:00.0,11,39832.246,1.0,27630.371,45694.582,0.7928404600930723
2018-12-24T06:00:00.0,2018-12-24T12:00:00.0,12,40816.383,1.0,30103.488,46032.406,0.7889399667192901
2018-12-24T07:00:00.0,2018-12-24T13:00:00.0,13,40987.57,1.0,30381.562,47914.38,0.6872737213204382
2018-12-24T08:00:00.0,2018-12-24T14:00:00.0,14,40457.87,1.0,28056.312,48736.312,0.6786040485829962
2018-12-24T09:00:00.0,2018-12-24T15:00:00.0,15,39372.785,1.0,29144.49,47147.324,0.624397263898553
2018-12-24T10:00:00.0,2018-12-24T16:00:00.0,16,38078.98,1.0,28872.852,47152.55,0.5067296172200226
2018-12-24T11:00:00.0,2018-12-24T17:00:00.0,17,36937.0,1.0,28021.486,46686.695,0.45859891114250995
2018-12-24T12:00:00.0,2018-12-24T18:00:00.0,18,36155.88,1.0,27369.88,45141.965,0.4895524942600709
2018-12-24T13:00:00.0,2018-12-24T19:00:00.0,19,35578.94,1.0,26706.008,45301.207,0.4576923153217488
2018-12-24T14:00:00.0,2018-12-24T20:00:00.0,20,35323.86,1.0,27134.363,46576.79,0.35698809778347973
2018-12-24T15:00:00.0,2018-12-24T21:00:00.0,21,35631.527,1.0,28735.94,47402.715,0.27173204707056464
2018-12-24T16:00:00.0,2018-12-24T22:00:00.0,22,37255.387,1.0,28475.877,48205.906,0.3989855638278559
2018-12-24T17:00:00.0,2018-12-24T23:00:00.0,23,37092.207,1.0,30003.97,48955.0,0.27891143367355326
2018-12-24T18:00:00.0,2018-12-25T00:00:00.0,0,36288.36,1.0,29705.807,48245.14,0.25003948333239306
2018-12-24T19:00:00.0,2018-12-25T01:00:00.0,1,35620.5,1.0,33021.227,44810.203,0.09679834941036082
2018-12-24T20:00:00.0,2018-12-25T02:00:00.0,2,34852.918,1.0,30604.654,43986.586,0.1978856918299275
2018-12-24T21:00:00.0,2018-12-25T03:00:00.0,3,33691.9,1.0,26263.748,44242.41,0.3431114373975057
2018-12-24T22:00:00.0,2018-12-25T04:00:00.0,4,32190.877,1.0,25772.512,45537.734,0.2074273084742135
2018-12-24T23:00:00.0,2018-12-25T05:00:00.0,5,30982.742,1.0,23960.201,41543.633,0.3198446297149193
2018-12-25T00:00:00.0,2018-12-25T06:00:00.0,6,30087.295,1.0,22084.605,40997.277,0.3603187298886708
2018-12-25T01:00:00.0,2018-12-25T07:00:00.0,7,29451.102,1.0,21985.99,39225.027,0.37769244939312663
2018-12-25T02:00:00.0,2018-12-25T08:00:00.0,8,29189.236,1.0,22258.555,40720.652,0.2810585618342816
2018-12-25T03:00:00.0,2018-12-25T09:00:00.0,9,29380.643,1.0,24873.348,42059.684,0.13439767071529723
2018-12-25T04:00:00.0,2018-12-25T10:00:00.0,10,30030.158,1.0,26677.363,42992.72,0.08541853814263856
2018-12-25T05:00:00.0,2018-12-25T11:00:00.0,11,30894.775,1.0,28591.186,44265.086,0.05025660797669538
2018-12-25T06:00:00.0,2018-12-25T12:00:00.0,12,31705.828,1.0,30893.32,44119.918,0.02076408351875435
2018-12-25T07:00:00.0,2018-12-25T13:00:00.0,13,32880.316,1.0,32384.09,45630.2,0.016394005772600764
2018-12-25T08:00:00.0,2018-12-25T14:00:00.0,14,33849.926,1.0,31243.24,48022.75,0.054584721085001266
2018-12-25T09:00:00.0,2018-12-25T15:00:00.0,15,34387.41,1.0,33202.934,45732.74,0.029669152140635112
2018-12-25T10:00:00.0,2018-12-25T16:00:00.0,16,34426.742,1.0,31312.676,44195.035,0.11482741223460166
2018-12-25T11:00:00.0,2018-12-25T17:00:00.0,17,34023.44,1.0,28203.816,45678.15,0.2186476962450702
2018-12-25T12:00:00.0,2018-12-25T18:00:00.0,18,33561.805,1.0,27505.01,46579.336,0.19798036512792946
2018-12-25T13:00:00.0,2018-12-25T19:00:00.0,19,33111.137,1.0,27812.12,45127.883,0.18342897095733265
2018-12-25T14:00:00.0,2018-12-25T20:00:00.0,20,32803.78,1.0,28370.918,44672.336,0.14437124424442646
2018-12-25T15:00:00.0,2018-12-25T21:00:00.0,21,32892.414,1.0,28317.533,46019.02,0.13054574913567846
2018-12-25T16:00:00.0,2018-12-25T22:00:00.0,22,34530.215,1.0,29664.46,47376.297,0.14732559183551305
2018-12-25T17:00:00.0,2018-12-25T23:00:00.0,23,34910.156,1.0,28542.354,48267.95,0.20490156398675924
2018-12-25T18:00:00.0,2018-12-26T00:00:00.0,0,34613.63,1.0,31528.812,45858.71,0.09270256930543741
2018-12-25T19:00:00.0,2018-12-26T01:00:00.0,1,34177.055,0.0,34240.684,41711.934,0.0
2018-12-25T20:00:00.0,2018-12-26T02:00:00.0,2,33309.723,1.0,31258.018,41624.85,0.07993507894603233
2018-12-25T21:00:00.0,2018-12-26T03:00:00.0,3,31864.604,1.0,27040.986,42135.242,0.2006019475288101
2018-12-25T22:00:00.0,2018-12-26T04:00:00.0,4,30260.008,1.0,24561.87,40918.89,0.24024186337625197
2018-12-25T23:00:00.0,2018-12-26T05:00:00.0,5,28999.686,1.0,23423.14,39467.773,0.23909878281325203
2018-12-26T00:00:00.0,2018-12-26T06:00:00.0,6,28205.893,1.0,19941.785,38505.12,0.39934811769587825
2018-12-26T01:00:00.0,2018-12-26T07:00:00.0,7,27880.35,1.0,19721.13,38071.555,0.3983618560424861
2018-12-26T02:00:00.0,2018-12-26T08:00:00.0,8,28020.688,1.0,19564.984,38093.047,0.4195748450822801
2018-12-26T03:00:00.0,2018-12-26T09:00:00.0,9,28861.703,1.0,20153.225,39181.29,0.421928520097734
2018-12-26T04:00:00.0,2018-12-26T10:00:00.0,10,30489.898,1.0,22098.412,40163.684,0.43442696241927814
2018-12-26T05:00:00.0,2018-12-26T11:00:00.0,11,32473.826,1.0,23999.795,42861.332,0.4067214149139581
2018-12-26T06:00:00.0,2018-12-26T12:00:00.0,12,33784.68,1.0,25717.139,43202.82,0.42870154109231945
2018-12-26T07:00:00.0,2018-12-26T13:00:00.0,13,35009.73,1.0,25869.854,45431.48,0.43941879733740286
2018-12-26T08:00:00.0,2018-12-26T14:00:00.0,14,36227.508,1.0,27092.674,46709.277,0.4365497829435657
2018-12-26T09:00:00.0,2018-12-26T15:00:00.0,15,37127.484,1.0,26824.016,45138.72,0.6145266694502974
2018-12-26T10:00:00.0,2018-12-26T16:00:00.0,16,37495.965,1.0,25809.229,44522.273,0.7188212902082257
2018-12-26T11:00:00.0,2018-12-26T17:00:00.0,17,37552.746,1.0,27239.791,46981.117,0.5415089827072377
2018-12-26T12:00:00.0,2018-12-26T18:00:00.0,18,37464.895,1.0,26576.021,46805.348,0.570663320024874
2018-12-26T13:00:00.0,2018-12-26T19:00:00.0,19,37412.902,1.0,26994.096,47313.79,0.5236395959448619
2018-12-26T14:00:00.0,2018-12-26T20:00:00.0,20,37572.887,1.0,27279.336,47482.133,0.5176477662914747
2018-12-26T15:00:00.0,2018-12-26T21:00:00.0,21,38151.805,1.0,28350.658,48517.797,0.47402650965407
2018-12-26T16:00:00.0,2018-12-26T22:00:00.0,22,39361.293,1.0,28894.518,49067.22,0.5349565097841529
2018-12-26T17:00:00.0,2018-12-26T23:00:00.0,23,39232.45,1.0,29780.846,49944.83,0.44217797228300504
2018-12-26T18:00:00.0,2018-12-27T00:00:00.0,0,38634.812,1.0,29881.146,50238.1,0.3723524313830847
2018-12-26T19:00:00.0,2018-12-27T01:00:00.0,1,37859.99,1.0,29252.85,46258.93,0.5113600619498948
2018-12-26T20:00:00.0,2018-12-27T02:00:00.0,2,36544.062,1.0,25606.482,45683.246,0.5825306255194591
2018-12-26T21:00:00.0,2018-12-27T03:00:00.0,3,34632.902,1.0,24762.377,45014.53,0.4765930668617947
2018-12-26T22:00:00.0,2018-12-27T04:00:00.0,4,32711.938,1.0,23361.695,43506.7,0.4337632844532121
2018-12-26T23:00:00.0,2018-12-27T05:00:00.0,5,31374.203,1.0,22051.963,42343.34,0.4251261062940835
2018-12-27T00:00:00.0,2018-12-27T06:00:00.0,6,30544.354,1.0,23553.479,39864.5,0.36986587470918075
2018-12-27T01:00:00.0,2018-12-27T07:00:00.0,7,30245.682,1.0,22677.396,37978.395,0.4900277771039033
2018-12-27T02:00:00.0,2018-12-27T08:00:00.0,8,30208.709,1.0,22333.248,37821.63,0.515726483444105
2018-12-27T03:00:00.0,2018-12-27T09:00:00.0,9,30896.412,1.0,23517.3,39580.934,0.4250325743990194
2018-12-27T04:00:00.0,2018-12-27T10:00:00.0,10,32475.047,1.0,26529.857,40580.395,0.3603014499968883
2018-12-27T05:00:00.0,2018-12-27T11:00:00.0,11,34628.363,1.0,25396.332,43993.766,0.4933451094278614
2018-12-27T06:00:00.0,2018-12-27T12:00:00.0,12,35682.438,1.0,26239.191,46317.31,0.44509811103073826
2018-12-27T07:00:00.0,2018-12-27T13:00:00.0,13,36137.223,1.0,28063.86,46788.82,0.37437537098977686
2018-12-27T08:00:00.0,2018-12-27T14:00:00.0,14,36787.484,1.0,28697.361,46655.746,0.4089159554172103
2018-12-27T09:00:00.0,2018-12-27T15:00:00.0,15,37000.656,1.0,27565.33,47717.94,0.4411791859001259
2018-12-27T10:00:00.0,2018-12-27T16:00:00.0,16,36927.27,1.0,27109.918,47104.758,0.4832898886827454
2018-12-27T11:00:00.0,2018-12-27T17:00:00.0,17,36693.52,1.0,28457.861,47335.117,0.3834339818173252
2018-12-27T12:00:00.0,2018-12-27T18:00:00.0,18,36556.12,1.0,27620.686,46005.945,0.47405386615077694
2018-12-27T13:00:00.0,2018-12-27T19:00:00.0,19,36347.582,1.0,27978.88,46501.246,0.4113096951715089
2018-12-27T14:00:00.0,2018-12-27T20:00:00.0,20,36175.715,1.0,26801.846,45927.902,0.4816497764675074
2018-12-27T15:00:00.0,2018-12-27T21:00:00.0,21,36411.24,1.0,26942.213,46678.902,0.4625032789956905
2018-12-27T16:00:00.0,2018-12-27T22:00:00.0,22,38483.973,1.0,27839.328,47503.188,0.5762398123336824
2018-12-27T17:00:00.0,2018-12-27T23:00:00.0,23,39380.188,1.0,29062.55,48153.617,0.5746220991309332
2018-12-27T18:00:00.0,2018-12-28T00:00:00.0,0,39154.348,1.0,31126.74,49581.83,0.3811338209360812
2018-12-27T19:00:00.0,2018-12-28T01:00:00.0,1,38748.293,1.0,30660.146,49015.176,0.39122516103845406
2018-12-27T20:00:00.0,2018-12-28T02:00:00.0,2,37705.758,1.0,28607.191,45905.92,0.548080088703143
2018-12-27T21:00:00.0,2018-12-28T03:00:00.0,3,36194.473,1.0,27679.559,45814.582,0.44363360806139307
2018-12-27T22:00:00.0,2018-12-28T04:00:00.0,4,34733.55,1.0,27209.299,45894.406,0.3253738887295672
2018-12-27T23:00:00.0,2018-12-28T05:00:00.0,5,33944.695,1.0,23740.193,42404.734,0.5860566747325149
2018-12-28T00:00:00.0,2018-12-28T06:00:00.0,6,33667.316,1.0,20791.85,38298.645,0.863295434224568
2018-12-28T01:00:00.0,2018-12-28T07:00:00.0,7,33795.336,1.0,21548.65,39506.082,0.8014047768698935
2018-12-28T02:00:00.0,2018-12-28T08:00:00.0,8,34536.613,1.0,24429.268,39984.176,0.757045666093137
2018-12-28T03:00:00.0,2018-12-28T09:00:00.0,9,36162.52,1.0,29118.596,40841.63,0.6805617819130181
2018-12-28T04:00:00.0,2018-12-28T10:00:00.0,10,38867.496,1.0,32333.28,44675.152,0.5544606309768518
2018-12-28T05:00:00.0,2018-12-28T11:00:00.0,11,41708.44,1.0,31953.846,45906.844,0.8228360992462853
2018-12-28T06:00:00.0,2018-12-28T12:00:00.0,12,43086.09,1.0,33001.645,47468.23,0.8204157790469241
2018-12-28T07:00:00.0,2018-12-28T13:00:00.0,13,43321.8,1.0,34053.805,47525.773,0.8090523068720608
2018-12-28T08:00:00.0,2018-12-28T14:00:00.0,14,43188.69,1.0,34051.277,46997.203,0.830849678449422
2018-12-28T09:00:00.0,2018-12-28T15:00:00.0,15,42388.734,1.0,34307.258,47533.25,0.6972639231148344
2018-12-28T10:00:00.0,2018-12-28T16:00:00.0,16,40954.617,1.0,33424.746,46693.145,0.6232592710784897
2018-12-28T11:00:00.0,2018-12-28T17:00:00.0,17,39633.613,1.0,33196.016,46468.79,0.47222372644801075
2018-12-28T12:00:00.0,2018-12-28T18:00:00.0,18,38705.543,1.0,32150.807,45885.902,0.4578080352347191
2018-12-28T13:00:00.0,2018-12-28T19:00:00.0,19,38068.332,1.0,29590.229,45448.84,0.5639521884744201
2018-12-28T14:00:00.0,2018-12-28T20:00:00.0,20,37870.316,1.0,30221.479,44842.723,0.5428507460803979
2018-12-28T15:00:00.0,2018-12-28T21:00:00.0,21,38877.7,1.0,30618.951,44846.516,0.6459447285122955
2018-12-28T16:00:00.0,2018-12-28T22:00:00.0,22,41740.332,1.0,31924.396,45479.57,0.8514705491291054
2018-12-28T17:00:00.0,2018-12-28T23:00:00.0,23,42738.11,1.0,32266.932,45859.027,0.8957251993878389
2018-12-28T18:00:00.0,2018-12-29T00:00:00.0,0,42630.88,1.0,32582.611,46920.035,0.8249205459746082
2018-12-28T19:00:00.0,2018-12-29T01:00:00.0,1,42266.242,1.0,30542.314,47585.08,0.8090083913452494
2018-12-28T20:00:00.0,2018-12-29T02:00:00.0,2,41353.098,1.0,30615.18,46404.594,0.7989185795368925
2018-12-28T21:00:00.0,2018-12-29T03:00:00.0,3,39790.16,1.0,29400.357,45508.61,0.7500457595264253
2018-12-28T22:00:00.0,2018-12-29T04:00:00.0,4,38345.94,1.0,27292.172,44926.664,0.7224169439602813
2018-12-28T23:00:00.0,2018-12-29T05:00:00.0,5,37307.336,1.0,26081.04,42187.63,0.8203135167330532
2018-12-29T00:00:00.0,2018-12-29T06:00:00.0,6,36793.54,1.0,27665.24,46973.742,0.44957534729164894
2018-12-29T01:00:00.0,2018-12-29T07:00:00.0,7,36619.76,1.0,29786.049,49572.566,0.23596432029364622
2018-12-29T02:00:00.0,2018-12-29T08:00:00.0,8,36851.105,1.0,33734.547,47406.184,0.10287568884793104
2018-12-29T03:00:00.0,2018-12-29T09:00:00.0,9,37475.145,1.0,36832.355,47040.05,0.021178726162992906
2018-12-29T04:00:00.0,2018-12-29T10:00:00.0,10,38625.203,1.0,37796.754,49228.6,0.02373363359971388
2018-12-29T05:00:00.0,2018-12-29T11:00:00.0,11,40222.863,1.0,37832.953,52215.414,0.060197130487849616
2018-12-29T06:00:00.0,2018-12-29T12:00:00.0,12,41782.348,1.0,39511.43,52713.72,0.06363790503217048
2018-12-29T07:00:00.0,2018-12-29T13:00:00.0,13,43289.598,1.0,42640.7,54091.785,0.019671865055528818
2018-12-29T08:00:00.0,2018-12-29T14:00:00.0,14,44349.625,1.0,41141.125,50048.516,0.2577292700925805
2018-12-29T09:00:00.0,2018-12-29T15:00:00.0,15,44645.363,1.0,40527.64,51735.785,0.26862548094571254
2018-12-29T10:00:00.0,2018-12-29T16:00:00.0,16,44413.59,1.0,38049.977,52153.02,0.41023368572677876
2018-12-29T11:00:00.0,2018-12-29T17:00:00.0,17,43784.918,1.0,37517.367,47632.82,0.7110474049091248
2018-12-29T12:00:00.0,2018-12-29T18:00:00.0,18,42885.61,1.0,37745.82,47519.188,0.547951577596619
2018-12-29T13:00:00.0,2018-12-29T19:00:00.0,19,42334.844,1.0,33143.445,51512.05,0.5007171580415056
2018-12-29T14:00:00.0,2018-12-29T20:00:00.0,20,42309.45,1.0,31624.574,51354.387,0.5766581649154906
2018-12-29T15:00:00.0,2018-12-29T21:00:00.0,21,43000.637,1.0,33305.207,52700.18,0.49980307162336757
2018-12-29T16:00:00.0,2018-12-29T22:00:00.0,22,45170.99,1.0,35283.977,52645.31,0.6267535159743107
2018-12-29T17:00:00.0,2018-12-29T23:00:00.0,23,45742.418,1.0,36781.38,53050.176,0.5934358235424516
2018-12-29T18:00:00.0,2018-12-30T00:00:00.0,0,45411.27,1.0,36941.535,53861.51,0.5010691603137164
2018-12-29T19:00:00.0,2018-12-30T01:00:00.0,1,45005.49,1.0,34035.9,53849.02,0.5985596752762153
2018-12-29T20:00:00.0,2018-12-30T02:00:00.0,2,43874.668,1.0,35406.977,50532.336,0.6096423072367637
2018-12-29T21:00:00.0,2018-12-30T03:00:00.0,3,42303.92,1.0,33299.098,51626.473,0.4839159784632821
2018-12-29T22:00:00.0,2018-12-30T04:00:00.0,4,40675.51,1.0,31217.34,51571.555,0.4347372683102395
2018-12-29T23:00:00.0,2018-12-30T05:00:00.0,5,39490.516,1.0,29913.783,49695.805,0.470538444970924
2018-12-30T00:00:00.0,2018-12-30T06:00:00.0,6,38762.652,1.0,23783.158,43943.32,0.8708905563602688
2018-12-30T01:00:00.0,2018-12-30T07:00:00.0,7,38416.723,1.0,26989.256,46064.547,0.6775713019127961
2018-12-30T02:00:00.0,2018-12-30T08:00:00.0,8,38421.457,1.0,29398.87,46370.293,0.5585041596256337
2018-12-30T03:00:00.0,2018-12-30T09:00:00.0,9,38875.637,1.0,34646.82,45284.973,0.31675454813802106
2018-12-30T04:00:00.0,2018-12-30T10:00:00.0,10,39693.81,1.0,34925.69,47358.76,0.29391940919008896
2018-12-30T05:00:00.0,2018-12-30T11:00:00.0,11,40776.8,1.0,34595.363,50324.32,0.3092993835155162
2018-12-30T06:00:00.0,2018-12-30T12:00:00.0,12,41868.824,1.0,35988.324,52214.82,0.26102826821938396
2018-12-30T07:00:00.0,2018-12-30T13:00:00.0,13,43232.85,1.0,38156.277,51378.35,0.2946313450775187
2018-12-30T08:00:00.0,2018-12-30T14:00:00.0,14,44210.24,1.0,40166.746,48898.977,0.43176174496644326
2018-12-30T09:00:00.0,2018-12-30T15:00:00.0,15,44575.723,1.0,37125.27,51242.04,0.551406823805183
2018-12-30T10:00:00.0,2018-12-30T16:00:00.0,16,44555.387,1.0,31014.85,49912.273,0.8430926740571295
2018-12-30T11:00:00.0,2018-12-30T17:00:00.0,17,44056.0,1.0,34602.062,47371.11,0.8682679942740996
2018-12-30T12:00:00.0,2018-12-30T18:00:00.0,18,43495.8,1.0,32111.494,46887.504,0.895785500909913
2018-12-30T13:00:00.0,2018-12-30T19:00:00.0,19,42784.633,1.0,25601.176,45823.52,0.9480369024236374
2018-12-30T14:00:00.0,2018-12-30T20:00:00.0,20,42867.61,1.0,25802.844,45265.47,0.9601871198897567
2018-12-30T15:00:00.0,2018-12-30T21:00:00.0,21,43399.15,1.0,26122.52,45769.7,0.9610980142334505
2018-12-30T16:00:00.0,2018-12-30T22:00:00.0,22,45153.676,1.0,28105.78,46602.67,0.9746876190753211
2018-12-30T17:00:00.0,2018-12-30T23:00:00.0,23,45384.69,1.0,29156.139,47832.33,0.9567774586883859
2018-12-30T18:00:00.0,2018-12-31T00:00:00.0,0,44992.832,1.0,29599.047,49559.887,0.8964116358768635
2018-12-30T19:00:00.0,2018-12-31T01:00:00.0,1,44267.574,1.0,29365.584,48932.902,0.8881573338500289
2018-12-30T20:00:00.0,2018-12-31T02:00:00.0,2,42895.91,1.0,28462.21,47927.99,0.8693908234415207
2018-12-30T21:00:00.0,2018-12-31T03:00:00.0,3,41037.05,1.0,27210.574,47160.41,0.8154346269957367
2018-12-30T22:00:00.0,2018-12-31T04:00:00.0,4,39103.62,1.0,25541.926,45740.977,0.7873888933753267
2018-12-30T23:00:00.0,2018-12-31T05:00:00.0,5,37757.637,1.0,23675.932,43878.742,0.8203339862298197
2018-12-31T00:00:00.0,2018-12-31T06:00:00.0,6,37082.12,1.0,25405.521,45010.78,0.6717328026511336
2018-12-31T01:00:00.0,2018-12-31T07:00:00.0,7,36861.45,1.0,27402.379,45775.68,0.5274979835457326
2018-12-31T02:00:00.0,2018-12-31T08:00:00.0,8,37236.24,1.0,30846.617,43984.7,0.47467090606581847
2018-12-31T03:00:00.0,2018-12-31T09:00:00.0,9,38389.035,1.0,32210.873,42881.617,0.6433574095114437
2018-12-31T04:00:00.0,2018-12-31T10:00:00.0,10,40132.996,1.0,31983.31,44403.844,0.766206563151049
2018-12-31T05:00:00.0,2018-12-31T11:00:00.0,11,41908.652,1.0,28905.654,47637.703,0.8167952482913606
2018-12-31T06:00:00.0,2018-12-31T12:00:00.0,12,42942.81,1.0,32951.152,49849.293,0.6644698542613264
2018-12-31T07:00:00.0,2018-12-31T13:00:00.0,13,43501.918,1.0,35205.695,49331.188,0.6577243823115381
2018-12-31T08:00:00.0,2018-12-31T14:00:00.0,14,43453.387,1.0,40410.133,46369.875,0.519732673575453
2018-12-31T09:00:00.0,2018-12-31T15:00:00.0,15,42461.254,1.0,34477.3,49350.355,0.5679826624472054
2018-12-31T10:00:00.0,2018-12-31T16:00:00.0,16,41115.684,1.0,32906.59,50239.617,0.45114002979357315
2018-12-31T11:00:00.0,2018-12-31T17:00:00.0,17,39436.766,1.0,34691.367,43755.535,0.5435924147472944
2018-12-31T12:00:00.0,2018-12-31T18:00:00.0,18,37964.594,1.0,32051.65,43484.33,0.5318839759347906
2018-12-31T13:00:00.0,2018-12-31T19:00:00.0,19,36831.87,1.0,30104.152,47073.125,0.31503150779659717
2018-12-31T14:00:00.0,2018-12-31T20:00:00.0,20,36322.574,1.0,29615.521,45946.53,0.3388891656547414
2018-12-31T15:00:00.0,2018-12-31T21:00:00.0,21,36943.06,1.0,30421.096,47844.434,0.27936829537759694
2018-12-31T16:00:00.0,2018-12-31T22:00:00.0,22,39545.38,1.0,30555.074,47069.2,0.5818287258229261
2018-12-31T17:00:00.0,2018-12-31T23:00:00.0,23,40235.363,1.0,30665.666,48123.297,0.588659428571428
