DateTimeTexas,DateTime,hour,BA_total,solar_check,lower_solar,upper_solar,quantile,variance
2017-12-31T18:00:00.0,2018-01-01T00:00:00.0,0,0.001125,0,0.0,0.0,0.99,0.12886473696786538
2017-12-31T19:00:00.0,2018-01-01T01:00:00.0,1,0.0,1,0.0,0.0,0.01,0.12886473696786538
2017-12-31T20:00:00.0,2018-01-01T02:00:00.0,2,0.0,1,0.0,0.0,0.01,0.12886473696786538
2017-12-31T21:00:00.0,2018-01-01T03:00:00.0,3,0.0,1,0.0,0.0,0.01,0.12886473696786538
2017-12-31T22:00:00.0,2018-01-01T04:00:00.0,4,0.0,1,0.0,0.0,0.01,0.12886473696786538
2017-12-31T23:00:00.0,2018-01-01T05:00:00.0,5,0.0,1,0.0,0.0,0.01,0.12886473696786538
2018-01-01T00:00:00.0,2018-01-01T06:00:00.0,6,0.0,1,0.0,0.0,0.01,0.12886473696786538
2018-01-01T01:00:00.0,2018-01-01T07:00:00.0,7,0.0,1,0.0,0.0,0.01,0.12886473696786538
2018-01-01T02:00:00.0,2018-01-01T08:00:00.0,8,0.0,1,0.0,0.0,0.01,0.12886473696786538
2018-01-01T03:00:00.0,2018-01-01T09:00:00.0,9,0.0,1,0.0,0.0,0.01,0.12886473696786538
2018-01-01T04:00:00.0,2018-01-01T10:00:00.0,10,0.0,1,0.0,0.0,0.01,0.12886473696786538
2018-01-01T05:00:00.0,2018-01-01T11:00:00.0,11,0.0,1,0.0,0.0,0.01,0.12886473696786538
2018-01-01T06:00:00.0,2018-01-01T12:00:00.0,12,0.0,1,0.0,0.0,0.01,0.12886473696786538
2018-01-01T07:00:00.0,2018-01-01T13:00:00.0,13,332.1518228,0,0.0,0.0,0.99,0.12886473696786538
2018-01-01T08:00:00.0,2018-01-01T14:00:00.0,14,7978.677034,1,43.16419482,10747.41498,0.812577621,9.441752728019826e6
2018-01-01T09:00:00.0,2018-01-01T15:00:00.0,15,19656.49287,1,1.127323033,23687.54125,0.79072654,5.818770352908698e7
2018-01-01T10:00:00.0,2018-01-01T16:00:00.0,16,23008.57437,1,677.4196069,26963.02831,0.834791293,5.344133252153927e7
2018-01-01T11:00:00.0,2018-01-01T17:00:00.0,17,24744.87707,1,2375.025397,28656.44299,0.842484594,5.100049285466707e7
2018-01-01T12:00:00.0,2018-01-01T18:00:00.0,18,25332.01939,1,115.2017653,29732.36894,0.817163966,7.360141590911329e7
2018-01-01T13:00:00.0,2018-01-01T19:00:00.0,19,25747.20837,1,916.3599734,29662.56555,0.804133202,7.216636704928148e7
2018-01-01T14:00:00.0,2018-01-01T20:00:00.0,20,26723.44583,1,44.53342546,29154.4346,0.90330357,6.541285613301718e7
2018-01-01T15:00:00.0,2018-01-01T21:00:00.0,21,25812.23463,1,1246.502567,30363.55707,0.779574095,5.766009684323609e7
2018-01-01T16:00:00.0,2018-01-01T22:00:00.0,22,18081.80362,1,217.5088281,24219.69422,0.578064434,4.618361653101957e7
2018-01-01T17:00:00.0,2018-01-01T23:00:00.0,23,4108.709808,1,98.07041906,11537.35606,0.158078482,9.910458894045413e6
2018-01-01T18:00:00.0,2018-01-02T00:00:00.0,0,0.014625,0,0.0,0.0,0.99,0.12886473696786538
2018-01-01T19:00:00.0,2018-01-02T01:00:00.0,1,0.0,1,0.0,0.0,0.01,0.12886473696786538
2018-01-01T20:00:00.0,2018-01-02T02:00:00.0,2,0.0,1,0.0,0.0,0.01,0.12886473696786538
2018-01-01T21:00:00.0,2018-01-02T03:00:00.0,3,0.0,1,0.0,0.0,0.01,0.12886473696786538
2018-01-01T22:00:00.0,2018-01-02T04:00:00.0,4,0.0,1,0.0,0.0,0.01,0.12886473696786538
2018-01-01T23:00:00.0,2018-01-02T05:00:00.0,5,0.0,1,0.0,0.0,0.01,0.12886473696786538
2018-01-02T00:00:00.0,2018-01-02T06:00:00.0,6,0.0,1,0.0,0.0,0.01,0.12886473696786538
2018-01-02T01:00:00.0,2018-01-02T07:00:00.0,7,0.0,1,0.0,0.0,0.01,0.12886473696786538
2018-01-02T02:00:00.0,2018-01-02T08:00:00.0,8,0.0,1,0.0,0.0,0.01,0.12886473696786538
2018-01-02T03:00:00.0,2018-01-02T09:00:00.0,9,0.0,1,0.0,0.0,0.01,0.12886473696786538
2018-01-02T04:00:00.0,2018-01-02T10:00:00.0,10,0.0,1,0.0,0.0,0.01,0.12886473696786538
2018-01-02T05:00:00.0,2018-01-02T11:00:00.0,11,0.0,1,0.0,0.0,0.01,0.12886473696786538
2018-01-02T06:00:00.0,2018-01-02T12:00:00.0,12,0.0,1,0.0,0.0,0.01,0.12886473696786538
2018-01-02T07:00:00.0,2018-01-02T13:00:00.0,13,287.3772727,0,0.0,0.0,0.99,0.12886473696786538
2018-01-02T08:00:00.0,2018-01-02T14:00:00.0,14,5321.78557,0,7959.384169,11395.30984,0.0,728207.6478753239
2018-01-02T09:00:00.0,2018-01-02T15:00:00.0,15,6952.12661,0,17039.39938,23776.11257,0.0,1.9435106228410602e6
2018-01-02T10:00:00.0,2018-01-02T16:00:00.0,16,9729.32141,0,19713.07536,26964.55315,0.0,3.0194537914993763e6
2018-01-02T11:00:00.0,2018-01-02T17:00:00.0,17,11362.47477,0,21334.71947,25534.7311,0.0,898974.4309329987
2018-01-02T12:00:00.0,2018-01-02T18:00:00.0,18,12178.63658,0,17465.00999,29024.55848,0.0,5.7782607471805215e6
2018-01-02T13:00:00.0,2018-01-02T19:00:00.0,19,12539.95824,0,16612.14988,25990.61763,0.0,5.851532618904352e6
2018-01-02T14:00:00.0,2018-01-02T20:00:00.0,20,13465.82558,0,14203.5636,29491.97296,0.0,1.872525647234732e7
2018-01-02T15:00:00.0,2018-01-02T21:00:00.0,21,14250.45206,0,15931.34132,27231.55993,0.0,1.0751903752975404e7
2018-01-02T16:00:00.0,2018-01-02T22:00:00.0,22,11643.09478,1,8790.873347,18360.94731,0.27078686,7.672986096027434e6
2018-01-02T17:00:00.0,2018-01-02T23:00:00.0,23,3099.959817,1,1223.035212,7600.111673,0.183048701,3.1357193432888836e6
2018-01-02T18:00:00.0,2018-01-03T00:00:00.0,0,0.029223333,0,0.0,0.0,0.99,0.12886473696786538
2018-01-02T19:00:00.0,2018-01-03T01:00:00.0,1,0.0,1,0.0,0.0,0.01,0.12886473696786538
2018-01-02T20:00:00.0,2018-01-03T02:00:00.0,2,0.0,1,0.0,0.0,0.01,0.12886473696786538
2018-01-02T21:00:00.0,2018-01-03T03:00:00.0,3,0.0,1,0.0,0.0,0.01,0.12886473696786538
2018-01-02T22:00:00.0,2018-01-03T04:00:00.0,4,0.0,1,0.0,0.0,0.01,0.12886473696786538
2018-01-02T23:00:00.0,2018-01-03T05:00:00.0,5,0.0,1,0.0,0.0,0.01,0.12886473696786538
2018-01-03T00:00:00.0,2018-01-03T06:00:00.0,6,0.0,1,0.0,0.0,0.01,0.12886473696786538
2018-01-03T01:00:00.0,2018-01-03T07:00:00.0,7,0.0,1,0.0,0.0,0.01,0.12886473696786538
2018-01-03T02:00:00.0,2018-01-03T08:00:00.0,8,0.0,1,0.0,0.0,0.01,0.12886473696786538
2018-01-03T03:00:00.0,2018-01-03T09:00:00.0,9,0.0,1,0.0,0.0,0.01,0.12886473696786538
2018-01-03T04:00:00.0,2018-01-03T10:00:00.0,10,0.0,1,0.0,0.0,0.01,0.12886473696786538
2018-01-03T05:00:00.0,2018-01-03T11:00:00.0,11,0.0,1,0.0,0.0,0.01,0.12886473696786538
2018-01-03T06:00:00.0,2018-01-03T12:00:00.0,12,0.0,1,0.0,0.0,0.01,0.12886473696786538
2018-01-03T07:00:00.0,2018-01-03T13:00:00.0,13,778.2531933,0,0.0,0.0,0.99,0.12886473696786538
2018-01-03T08:00:00.0,2018-01-03T14:00:00.0,14,12851.78544,1,12420.28644,12938.91588,0.973383866,13842.922441124916
2018-01-03T09:00:00.0,2018-01-03T15:00:00.0,15,30537.32955,1,26441.17527,31765.26215,0.935912703,1.8521239431886673e6
2018-01-03T10:00:00.0,2018-01-03T16:00:00.0,16,33501.69779,1,27181.59143,35130.72978,0.655969938,5.294186659090757e6
2018-01-03T11:00:00.0,2018-01-03T17:00:00.0,17,31690.13953,1,25005.08613,33109.38395,0.762755296,4.133734455838084e6
2018-01-03T12:00:00.0,2018-01-03T18:00:00.0,18,29935.34661,1,27179.29874,35176.53796,0.409267647,4.931166023979902e6
2018-01-03T13:00:00.0,2018-01-03T19:00:00.0,19,30344.17921,1,27895.96346,30900.53647,0.806374747,665481.3519390821
2018-01-03T14:00:00.0,2018-01-03T20:00:00.0,20,31823.70544,1,28306.36488,34564.98288,0.539361305,4.1456386737817526e6
2018-01-03T15:00:00.0,2018-01-03T21:00:00.0,21,32138.73367,1,29736.00503,38348.24981,0.33704026,6.249515679029942e6
2018-01-03T16:00:00.0,2018-01-03T22:00:00.0,22,23877.40134,1,17894.14829,34951.10103,0.186628206,2.1744863690734982e7
2018-01-03T17:00:00.0,2018-01-03T23:00:00.0,23,5520.72717,1,2144.59489,14035.16723,0.092275945,9.979265674556524e6
2018-01-03T18:00:00.0,2018-01-04T00:00:00.0,0,0.716141667,0,0.0,0.0,0.99,0.12886473696786538
2018-01-03T19:00:00.0,2018-01-04T01:00:00.0,1,0.0,1,0.0,0.0,0.01,0.12886473696786538
2018-01-03T20:00:00.0,2018-01-04T02:00:00.0,2,0.0,1,0.0,0.0,0.01,0.12886473696786538
2018-01-03T21:00:00.0,2018-01-04T03:00:00.0,3,0.0,1,0.0,0.0,0.01,0.12886473696786538
2018-01-03T22:00:00.0,2018-01-04T04:00:00.0,4,0.0,1,0.0,0.0,0.01,0.12886473696786538
2018-01-03T23:00:00.0,2018-01-04T05:00:00.0,5,0.0,1,0.0,0.0,0.01,0.12886473696786538
2018-01-04T00:00:00.0,2018-01-04T06:00:00.0,6,0.0,1,0.0,0.0,0.01,0.12886473696786538
2018-01-04T01:00:00.0,2018-01-04T07:00:00.0,7,0.0,1,0.0,0.0,0.01,0.12886473696786538
2018-01-04T02:00:00.0,2018-01-04T08:00:00.0,8,0.0,1,0.0,0.0,0.01,0.12886473696786538
2018-01-04T03:00:00.0,2018-01-04T09:00:00.0,9,0.0,1,0.0,0.0,0.01,0.12886473696786538
2018-01-04T04:00:00.0,2018-01-04T10:00:00.0,10,0.0,1,0.0,0.0,0.01,0.12886473696786538
2018-01-04T05:00:00.0,2018-01-04T11:00:00.0,11,0.0,1,0.0,0.0,0.01,0.12886473696786538
2018-01-04T06:00:00.0,2018-01-04T12:00:00.0,12,0.0,1,0.0,0.0,0.01,0.12886473696786538
2018-01-04T07:00:00.0,2018-01-04T13:00:00.0,13,657.5176233,0,0.0,0.0,0.99,0.12886473696786538
2018-01-04T08:00:00.0,2018-01-04T14:00:00.0,14,10309.48704,1,7529.779018,12412.34535,0.935378119,1.0723852474945635e6
2018-01-04T09:00:00.0,2018-01-04T15:00:00.0,15,21919.22348,1,15513.84292,25881.69349,0.705916262,8.541400136175573e6
2018-01-04T10:00:00.0,2018-01-04T16:00:00.0,16,23936.68063,1,17145.47657,30739.67469,0.503675323,1.4515065192123532e7
2018-01-04T11:00:00.0,2018-01-04T17:00:00.0,17,23225.03164,1,18209.29163,29944.23138,0.43411079,1.1088142950498223e7
2018-01-04T12:00:00.0,2018-01-04T18:00:00.0,18,21736.81061,1,17988.49805,31837.585,0.321938176,1.8310578053774595e7
2018-01-04T13:00:00.0,2018-01-04T19:00:00.0,19,19976.09488,1,15046.1005,31592.29722,0.315534852,2.2222966019439578e7
2018-01-04T14:00:00.0,2018-01-04T20:00:00.0,20,18628.72559,1,14684.62871,30450.6941,0.242687814,2.279507875352025e7
2018-01-04T15:00:00.0,2018-01-04T21:00:00.0,21,14575.38327,1,11013.71042,28896.6169,0.277981839,3.348895583924544e7
2018-01-04T16:00:00.0,2018-01-04T22:00:00.0,22,8172.510242,1,5995.212075,17390.18448,0.178497041,1.2247047004804999e7
2018-01-04T17:00:00.0,2018-01-04T23:00:00.0,23,1304.535504,1,408.5324823,3492.458832,0.17143674,748721.8962940881
2018-01-04T18:00:00.0,2018-01-05T00:00:00.0,0,0.005363333,0,0.0,0.0,0.99,0.12886473696786538
2018-01-04T19:00:00.0,2018-01-05T01:00:00.0,1,0.0,1,0.0,0.0,0.01,0.12886473696786538
2018-01-04T20:00:00.0,2018-01-05T02:00:00.0,2,0.0,1,0.0,0.0,0.01,0.12886473696786538
2018-01-04T21:00:00.0,2018-01-05T03:00:00.0,3,0.0,1,0.0,0.0,0.01,0.12886473696786538
2018-01-04T22:00:00.0,2018-01-05T04:00:00.0,4,0.0,1,0.0,0.0,0.01,0.12886473696786538
2018-01-04T23:00:00.0,2018-01-05T05:00:00.0,5,0.0,1,0.0,0.0,0.01,0.12886473696786538
2018-01-05T00:00:00.0,2018-01-05T06:00:00.0,6,0.0,1,0.0,0.0,0.01,0.12886473696786538
2018-01-05T01:00:00.0,2018-01-05T07:00:00.0,7,0.0,1,0.0,0.0,0.01,0.12886473696786538
2018-01-05T02:00:00.0,2018-01-05T08:00:00.0,8,0.0,1,0.0,0.0,0.01,0.12886473696786538
2018-01-05T03:00:00.0,2018-01-05T09:00:00.0,9,0.0,1,0.0,0.0,0.01,0.12886473696786538
2018-01-05T04:00:00.0,2018-01-05T10:00:00.0,10,0.0,1,0.0,0.0,0.01,0.12886473696786538
2018-01-05T05:00:00.0,2018-01-05T11:00:00.0,11,0.0,1,0.0,0.0,0.01,0.12886473696786538
2018-01-05T06:00:00.0,2018-01-05T12:00:00.0,12,0.0,1,0.0,0.0,0.01,0.12886473696786538
2018-01-05T07:00:00.0,2018-01-05T13:00:00.0,13,235.3983424,0,0.0,0.0,0.99,0.12886473696786538
2018-01-05T08:00:00.0,2018-01-05T14:00:00.0,14,8814.035194,1,8429.911622,12921.26346,0.330336391,1.1457405065506846e6
2018-01-05T09:00:00.0,2018-01-05T15:00:00.0,15,23892.02709,1,20638.97963,28636.04659,0.671396166,4.431321358726859e6
2018-01-05T10:00:00.0,2018-01-05T16:00:00.0,16,27772.41032,1,21776.43097,29845.96146,0.684279258,4.947120674053788e6
2018-01-05T11:00:00.0,2018-01-05T17:00:00.0,17,26961.64374,1,21975.41848,33016.14995,0.369103272,1.0326718540186048e7
2018-01-05T12:00:00.0,2018-01-05T18:00:00.0,18,26308.4045,1,24171.93478,30474.5821,0.377812777,3.6852543818398714e6
2018-01-05T13:00:00.0,2018-01-05T19:00:00.0,19,26566.26386,1,22433.69923,29431.6956,0.577624648,5.243179729483008e6
2018-01-05T14:00:00.0,2018-01-05T20:00:00.0,20,28336.71875,1,21711.07635,31079.0608,0.688868576,8.803971964090943e6
2018-01-05T15:00:00.0,2018-01-05T21:00:00.0,21,28382.403,1,23084.02651,34158.45557,0.467246617,1.0578630097449899e7
2018-01-05T16:00:00.0,2018-01-05T22:00:00.0,22,20168.57066,1,17643.11654,28992.12127,0.146255635,1.1465172038144588e7
2018-01-05T17:00:00.0,2018-01-05T23:00:00.0,23,4669.551637,1,3046.524808,14021.62299,0.113316613,1.165730250500594e7
2018-01-05T18:00:00.0,2018-01-06T00:00:00.0,0,1.413756667,0,0.0,0.0,0.99,0.12886473696786538
2018-01-05T19:00:00.0,2018-01-06T01:00:00.0,1,0.0,1,0.0,0.0,0.01,0.12886473696786538
2018-01-05T20:00:00.0,2018-01-06T02:00:00.0,2,0.0,1,0.0,0.0,0.01,0.12886473696786538
2018-01-05T21:00:00.0,2018-01-06T03:00:00.0,3,0.0,1,0.0,0.0,0.01,0.12886473696786538
2018-01-05T22:00:00.0,2018-01-06T04:00:00.0,4,0.0,1,0.0,0.0,0.01,0.12886473696786538
2018-01-05T23:00:00.0,2018-01-06T05:00:00.0,5,0.0,1,0.0,0.0,0.01,0.12886473696786538
2018-01-06T00:00:00.0,2018-01-06T06:00:00.0,6,0.0,1,0.0,0.0,0.01,0.12886473696786538
2018-01-06T01:00:00.0,2018-01-06T07:00:00.0,7,0.0,1,0.0,0.0,0.01,0.12886473696786538
2018-01-06T02:00:00.0,2018-01-06T08:00:00.0,8,0.0,1,0.0,0.0,0.01,0.12886473696786538
2018-01-06T03:00:00.0,2018-01-06T09:00:00.0,9,0.0,1,0.0,0.0,0.01,0.12886473696786538
2018-01-06T04:00:00.0,2018-01-06T10:00:00.0,10,0.0,1,0.0,0.0,0.01,0.12886473696786538
2018-01-06T05:00:00.0,2018-01-06T11:00:00.0,11,0.0,1,0.0,0.0,0.01,0.12886473696786538
2018-01-06T06:00:00.0,2018-01-06T12:00:00.0,12,0.0,1,0.0,0.0,0.01,0.12886473696786538
2018-01-06T07:00:00.0,2018-01-06T13:00:00.0,13,599.7187986,0,0.0,0.0,0.99,0.12886473696786538
2018-01-06T08:00:00.0,2018-01-06T14:00:00.0,14,10542.28921,0,11132.26733,12350.19533,0.0,75233.29724992812
2018-01-06T09:00:00.0,2018-01-06T15:00:00.0,15,24449.22196,1,22078.78398,26873.33382,0.828741658,1.065777961266756e6
2018-01-06T10:00:00.0,2018-01-06T16:00:00.0,16,27054.60732,1,25584.17031,30828.84319,0.459651754,2.924814706251502e6
2018-01-06T11:00:00.0,2018-01-06T17:00:00.0,17,27146.23548,1,25113.92387,29571.14244,0.469727346,1.7735175226449966e6
2018-01-06T12:00:00.0,2018-01-06T18:00:00.0,18,26248.51126,1,23743.45317,31168.67372,0.358665387,3.8939083405520916e6
2018-01-06T13:00:00.0,2018-01-06T19:00:00.0,19,25448.393,1,23259.4161,31743.50418,0.264826715,5.51277232541585e6
2018-01-06T14:00:00.0,2018-01-06T20:00:00.0,20,23387.44249,1,21734.67515,31978.12716,0.188704019,8.098835288892388e6
2018-01-06T15:00:00.0,2018-01-06T21:00:00.0,21,22643.08892,1,18601.22049,28648.77903,0.393686695,9.318870777220488e6
2018-01-06T16:00:00.0,2018-01-06T22:00:00.0,22,16755.71097,1,11569.20025,20984.94322,0.439468029,6.2823189680710435e6
2018-01-06T17:00:00.0,2018-01-06T23:00:00.0,23,4394.117169,1,1368.924368,10546.14096,0.220880251,8.302120693741344e6
2018-01-06T18:00:00.0,2018-01-07T00:00:00.0,0,0.888445833,0,0.0,0.0,0.99,0.12886473696786538
2018-01-06T19:00:00.0,2018-01-07T01:00:00.0,1,0.0,1,0.0,0.0,0.01,0.12886473696786538
2018-01-06T20:00:00.0,2018-01-07T02:00:00.0,2,0.0,1,0.0,0.0,0.01,0.12886473696786538
2018-01-06T21:00:00.0,2018-01-07T03:00:00.0,3,0.0,1,0.0,0.0,0.01,0.12886473696786538
2018-01-06T22:00:00.0,2018-01-07T04:00:00.0,4,0.0,1,0.0,0.0,0.01,0.12886473696786538
2018-01-06T23:00:00.0,2018-01-07T05:00:00.0,5,0.0,1,0.0,0.0,0.01,0.12886473696786538
2018-01-07T00:00:00.0,2018-01-07T06:00:00.0,6,0.0,1,0.0,0.0,0.01,0.12886473696786538
2018-01-07T01:00:00.0,2018-01-07T07:00:00.0,7,0.0,1,0.0,0.0,0.01,0.12886473696786538
2018-01-07T02:00:00.0,2018-01-07T08:00:00.0,8,0.0,1,0.0,0.0,0.01,0.12886473696786538
2018-01-07T03:00:00.0,2018-01-07T09:00:00.0,9,0.0,1,0.0,0.0,0.01,0.12886473696786538
2018-01-07T04:00:00.0,2018-01-07T10:00:00.0,10,0.0,1,0.0,0.0,0.01,0.12886473696786538
2018-01-07T05:00:00.0,2018-01-07T11:00:00.0,11,0.0,1,0.0,0.0,0.01,0.12886473696786538
2018-01-07T06:00:00.0,2018-01-07T12:00:00.0,12,0.0,1,0.0,0.0,0.01,0.12886473696786538
2018-01-07T07:00:00.0,2018-01-07T13:00:00.0,13,121.1673167,0,0.0,0.0,0.99,0.12886473696786538
2018-01-07T08:00:00.0,2018-01-07T14:00:00.0,14,1578.693216,0,3189.238586,6195.92364,0.0,680256.3350836374
2018-01-07T09:00:00.0,2018-01-07T15:00:00.0,15,4156.313973,0,5972.429492,12965.63598,0.0,2.7003528166651204e6
2018-01-07T10:00:00.0,2018-01-07T16:00:00.0,16,7222.701166,0,7242.285433,17155.69295,0.0,5.739657057274967e6
2018-01-07T11:00:00.0,2018-01-07T17:00:00.0,17,10741.70223,1,8409.150805,16974.0265,0.410423097,5.751990828599811e6
2018-01-07T12:00:00.0,2018-01-07T18:00:00.0,18,13782.62991,1,10938.47978,18992.51191,0.451715777,6.19318475709343e6
2018-01-07T13:00:00.0,2018-01-07T19:00:00.0,19,14753.60614,1,9613.824221,19041.96016,0.587114369,7.664560192609876e6
2018-01-07T14:00:00.0,2018-01-07T20:00:00.0,20,15982.60774,1,9553.293331,17884.11627,0.792682753,5.364736546037942e6
2018-01-07T15:00:00.0,2018-01-07T21:00:00.0,21,17794.02466,1,12673.25067,25888.58964,0.428217249,1.4219343076973677e7
2018-01-07T16:00:00.0,2018-01-07T22:00:00.0,22,14175.46253,1,9322.082773,18527.68178,0.379265479,6.226190737480164e6
2018-01-07T17:00:00.0,2018-01-07T23:00:00.0,23,4125.868335,1,1732.009975,9656.964274,0.177944896,5.132794967762284e6
2018-01-07T18:00:00.0,2018-01-08T00:00:00.0,0,1.940676667,0,0.0,0.0,0.99,0.12886473696786538
2018-01-07T19:00:00.0,2018-01-08T01:00:00.0,1,0.0,1,0.0,0.0,0.01,0.12886473696786538
2018-01-07T20:00:00.0,2018-01-08T02:00:00.0,2,0.0,1,0.0,0.0,0.01,0.12886473696786538
2018-01-07T21:00:00.0,2018-01-08T03:00:00.0,3,0.0,1,0.0,0.0,0.01,0.12886473696786538
2018-01-07T22:00:00.0,2018-01-08T04:00:00.0,4,0.0,1,0.0,0.0,0.01,0.12886473696786538
2018-01-07T23:00:00.0,2018-01-08T05:00:00.0,5,0.0,1,0.0,0.0,0.01,0.12886473696786538
2018-01-08T00:00:00.0,2018-01-08T06:00:00.0,6,0.0,1,0.0,0.0,0.01,0.12886473696786538
2018-01-08T01:00:00.0,2018-01-08T07:00:00.0,7,0.0,1,0.0,0.0,0.01,0.12886473696786538
2018-01-08T02:00:00.0,2018-01-08T08:00:00.0,8,0.0,1,0.0,0.0,0.01,0.12886473696786538
2018-01-08T03:00:00.0,2018-01-08T09:00:00.0,9,0.0,1,0.0,0.0,0.01,0.12886473696786538
2018-01-08T04:00:00.0,2018-01-08T10:00:00.0,10,0.0,1,0.0,0.0,0.01,0.12886473696786538
2018-01-08T05:00:00.0,2018-01-08T11:00:00.0,11,0.0,1,0.0,0.0,0.01,0.12886473696786538
2018-01-08T06:00:00.0,2018-01-08T12:00:00.0,12,0.0,1,0.0,0.0,0.01,0.12886473696786538
2018-01-08T07:00:00.0,2018-01-08T13:00:00.0,13,360.556067,0,0.0,0.0,0.99,0.12886473696786538
2018-01-08T08:00:00.0,2018-01-08T14:00:00.0,14,9853.467106,0,10327.96681,11968.61976,0.0,108371.45863834023
2018-01-08T09:00:00.0,2018-01-08T15:00:00.0,15,27535.00678,1,20766.26837,33114.27866,0.786528759,9.507677845693469e6
2018-01-08T10:00:00.0,2018-01-08T16:00:00.0,16,31460.0602,1,27243.38727,34193.25751,0.59861482,4.29136885426414e6
2018-01-08T11:00:00.0,2018-01-08T17:00:00.0,17,30426.41228,1,23151.66723,37531.59607,0.42913247,1.7059835420903802e7
2018-01-08T12:00:00.0,2018-01-08T18:00:00.0,18,29110.84016,1,22172.64589,30402.65677,0.824538826,5.248675792966485e6
2018-01-08T13:00:00.0,2018-01-08T19:00:00.0,19,29349.11458,1,25570.32643,33450.8464,0.543248386,5.1093514208186865e6
2018-01-08T14:00:00.0,2018-01-08T20:00:00.0,20,30093.19605,1,23756.32192,32730.57614,0.622717097,7.285721513118267e6
2018-01-08T15:00:00.0,2018-01-08T21:00:00.0,21,30025.20425,1,26416.8955,35675.07836,0.351931086,6.719451051819921e6
2018-01-08T16:00:00.0,2018-01-08T22:00:00.0,22,22039.57364,1,16385.47211,30877.38413,0.2502028,1.6640068913760304e7
2018-01-08T17:00:00.0,2018-01-08T23:00:00.0,23,5157.187689,1,2475.226671,14050.39719,0.065994108,9.429960143949345e6
2018-01-08T18:00:00.0,2018-01-09T00:00:00.0,0,1.0713325,0,0.0,0.0,0.99,0.12886473696786538
2018-01-08T19:00:00.0,2018-01-09T01:00:00.0,1,0.0,1,0.0,0.0,0.01,0.12886473696786538
2018-01-08T20:00:00.0,2018-01-09T02:00:00.0,2,0.0,1,0.0,0.0,0.01,0.12886473696786538
2018-01-08T21:00:00.0,2018-01-09T03:00:00.0,3,0.0,1,0.0,0.0,0.01,0.12886473696786538
2018-01-08T22:00:00.0,2018-01-09T04:00:00.0,4,0.0,1,0.0,0.0,0.01,0.12886473696786538
2018-01-08T23:00:00.0,2018-01-09T05:00:00.0,5,0.0,1,0.0,0.0,0.01,0.12886473696786538
2018-01-09T00:00:00.0,2018-01-09T06:00:00.0,6,0.0,1,0.0,0.0,0.01,0.12886473696786538
2018-01-09T01:00:00.0,2018-01-09T07:00:00.0,7,0.0,1,0.0,0.0,0.01,0.12886473696786538
2018-01-09T02:00:00.0,2018-01-09T08:00:00.0,8,0.0,1,0.0,0.0,0.01,0.12886473696786538
2018-01-09T03:00:00.0,2018-01-09T09:00:00.0,9,0.0,1,0.0,0.0,0.01,0.12886473696786538
2018-01-09T04:00:00.0,2018-01-09T10:00:00.0,10,0.0,1,0.0,0.0,0.01,0.12886473696786538
2018-01-09T05:00:00.0,2018-01-09T11:00:00.0,11,0.0,1,0.0,0.0,0.01,0.12886473696786538
2018-01-09T06:00:00.0,2018-01-09T12:00:00.0,12,0.0,1,0.0,0.0,0.01,0.12886473696786538
2018-01-09T07:00:00.0,2018-01-09T13:00:00.0,13,351.666631,0,0.0,0.0,0.99,0.12886473696786538
2018-01-09T08:00:00.0,2018-01-09T14:00:00.0,14,8077.925945,0,11060.64534,13541.44747,0.0,261453.8504204303
2018-01-09T09:00:00.0,2018-01-09T15:00:00.0,15,19279.43554,0,20469.76921,29947.64691,0.0,5.778563637867928e6
2018-01-09T10:00:00.0,2018-01-09T16:00:00.0,16,22824.19991,0,27829.52051,30572.43793,0.0,250071.0039947033
2018-01-09T11:00:00.0,2018-01-09T17:00:00.0,17,23830.79599,1,22569.30942,30436.61972,0.184861243,4.033608675820589e6
2018-01-09T12:00:00.0,2018-01-09T18:00:00.0,18,23710.7538,1,22008.12101,32824.29758,0.233109915,1.0550639292260528e7
2018-01-09T13:00:00.0,2018-01-09T19:00:00.0,19,24256.9728,0,24418.985,30555.75845,0.0,2.699708846463561e6
2018-01-09T14:00:00.0,2018-01-09T20:00:00.0,20,25089.43202,1,24106.2562,34509.33915,0.163738164,8.62614248370421e6
2018-01-09T15:00:00.0,2018-01-09T21:00:00.0,21,25452.90924,1,24580.08936,30578.9151,0.168395959,3.1441761507749557e6
2018-01-09T16:00:00.0,2018-01-09T22:00:00.0,22,19194.39946,0,19902.20742,28497.6605,0.0,5.9658882997659445e6
2018-01-09T17:00:00.0,2018-01-09T23:00:00.0,23,4764.06538,1,3126.206784,11777.17769,0.082329779,5.68283282789816e6
2018-01-09T18:00:00.0,2018-01-10T00:00:00.0,0,1.444360833,0,0.0,0.0,0.99,0.12886473696786538
2018-01-09T19:00:00.0,2018-01-10T01:00:00.0,1,0.0,1,0.0,0.0,0.01,0.12886473696786538
2018-01-09T20:00:00.0,2018-01-10T02:00:00.0,2,0.0,1,0.0,0.0,0.01,0.12886473696786538
2018-01-09T21:00:00.0,2018-01-10T03:00:00.0,3,0.0,1,0.0,0.0,0.01,0.12886473696786538
2018-01-09T22:00:00.0,2018-01-10T04:00:00.0,4,0.0,1,0.0,0.0,0.01,0.12886473696786538
2018-01-09T23:00:00.0,2018-01-10T05:00:00.0,5,0.0,1,0.0,0.0,0.01,0.12886473696786538
2018-01-10T00:00:00.0,2018-01-10T06:00:00.0,6,0.0,1,0.0,0.0,0.01,0.12886473696786538
2018-01-10T01:00:00.0,2018-01-10T07:00:00.0,7,0.0,1,0.0,0.0,0.01,0.12886473696786538
2018-01-10T02:00:00.0,2018-01-10T08:00:00.0,8,0.0,1,0.0,0.0,0.01,0.12886473696786538
2018-01-10T03:00:00.0,2018-01-10T09:00:00.0,9,0.0,1,0.0,0.0,0.01,0.12886473696786538
2018-01-10T04:00:00.0,2018-01-10T10:00:00.0,10,0.0,1,0.0,0.0,0.01,0.12886473696786538
2018-01-10T05:00:00.0,2018-01-10T11:00:00.0,11,0.0,1,0.0,0.0,0.01,0.12886473696786538
2018-01-10T06:00:00.0,2018-01-10T12:00:00.0,12,0.0,1,0.0,0.0,0.01,0.12886473696786538
2018-01-10T07:00:00.0,2018-01-10T13:00:00.0,13,311.9852564,0,0.0,0.0,0.99,0.12886473696786538
2018-01-10T08:00:00.0,2018-01-10T14:00:00.0,14,4925.383135,0,6278.222252,8423.921642,0.0,240391.85710258037
2018-01-10T09:00:00.0,2018-01-10T15:00:00.0,15,14915.18548,0,16229.82971,21109.09917,0.0,1.2155398827996254e6
2018-01-10T10:00:00.0,2018-01-10T16:00:00.0,16,19735.77646,0,20276.97558,24607.79602,0.0,1.2045432084938884e6
2018-01-10T11:00:00.0,2018-01-10T17:00:00.0,17,21959.6591,1,21364.31016,24866.97847,0.333705934,1.1677057136902213e6
2018-01-10T12:00:00.0,2018-01-10T18:00:00.0,18,22947.57609,1,20844.25003,29017.87278,0.243624201,4.942348216487765e6
2018-01-10T13:00:00.0,2018-01-10T19:00:00.0,19,23518.21201,1,17891.59218,25880.9723,0.720065272,5.804245464995563e6
2018-01-10T14:00:00.0,2018-01-10T20:00:00.0,20,22344.1101,1,17934.55626,29188.18689,0.375547847,1.2390862225084424e7
2018-01-10T15:00:00.0,2018-01-10T21:00:00.0,21,20437.38066,1,18696.74463,29062.39889,0.257739463,9.708629961756349e6
2018-01-10T16:00:00.0,2018-01-10T22:00:00.0,22,14813.22349,1,13772.7632,22339.36228,0.120336318,6.95086524424386e6
2018-01-10T17:00:00.0,2018-01-10T23:00:00.0,23,3221.821895,1,2555.949009,7575.616344,0.061173648,1.942756539788913e6
2018-01-10T18:00:00.0,2018-01-11T00:00:00.0,0,3.749190833,0,0.0,0.0,0.99,0.12886473696786538
2018-01-10T19:00:00.0,2018-01-11T01:00:00.0,1,0.0,1,0.0,0.0,0.01,0.12886473696786538
2018-01-10T20:00:00.0,2018-01-11T02:00:00.0,2,0.0,1,0.0,0.0,0.01,0.12886473696786538
2018-01-10T21:00:00.0,2018-01-11T03:00:00.0,3,0.0,1,0.0,0.0,0.01,0.12886473696786538
2018-01-10T22:00:00.0,2018-01-11T04:00:00.0,4,0.0,1,0.0,0.0,0.01,0.12886473696786538
2018-01-10T23:00:00.0,2018-01-11T05:00:00.0,5,0.0,1,0.0,0.0,0.01,0.12886473696786538
2018-01-11T00:00:00.0,2018-01-11T06:00:00.0,6,0.0,1,0.0,0.0,0.01,0.12886473696786538
2018-01-11T01:00:00.0,2018-01-11T07:00:00.0,7,0.0,1,0.0,0.0,0.01,0.12886473696786538
2018-01-11T02:00:00.0,2018-01-11T08:00:00.0,8,0.0,1,0.0,0.0,0.01,0.12886473696786538
2018-01-11T03:00:00.0,2018-01-11T09:00:00.0,9,0.0,1,0.0,0.0,0.01,0.12886473696786538
2018-01-11T04:00:00.0,2018-01-11T10:00:00.0,10,0.0,1,0.0,0.0,0.01,0.12886473696786538
2018-01-11T05:00:00.0,2018-01-11T11:00:00.0,11,0.0,1,0.0,0.0,0.01,0.12886473696786538
2018-01-11T06:00:00.0,2018-01-11T12:00:00.0,12,0.0,1,0.0,0.0,0.01,0.12886473696786538
2018-01-11T07:00:00.0,2018-01-11T13:00:00.0,13,218.3844091,0,0.0,0.0,0.99,0.12886473696786538
2018-01-11T08:00:00.0,2018-01-11T14:00:00.0,14,3508.273584,0,6710.912726,11462.70073,0.0,1.3543373021554872e6
2018-01-11T09:00:00.0,2018-01-11T15:00:00.0,15,7509.94581,1,7400.576351,17053.95941,0.03589725,4.922298428839803e6
2018-01-11T10:00:00.0,2018-01-11T16:00:00.0,16,12492.05705,1,10018.61536,20615.76259,0.304509948,9.991749846502393e6
2018-01-11T11:00:00.0,2018-01-11T17:00:00.0,17,16928.46735,1,12101.5514,22501.52325,0.581318457,9.4790154780038e6
2018-01-11T12:00:00.0,2018-01-11T18:00:00.0,18,20939.94345,1,14403.59782,27807.506,0.577117501,1.6335644191539228e7
2018-01-11T13:00:00.0,2018-01-11T19:00:00.0,19,22955.06433,1,15811.01234,25915.62388,0.718580968,7.545540833037376e6
2018-01-11T14:00:00.0,2018-01-11T20:00:00.0,20,23141.78149,1,12708.62584,29902.71878,0.612277635,2.4014175712092042e7
2018-01-11T15:00:00.0,2018-01-11T21:00:00.0,21,24334.19682,1,20263.95137,36544.92734,0.356676758,2.1888710761492252e7
2018-01-11T16:00:00.0,2018-01-11T22:00:00.0,22,20231.72741,1,14480.14269,26705.44012,0.342231295,1.0686881349480093e7
2018-01-11T17:00:00.0,2018-01-11T23:00:00.0,23,6344.748654,1,2061.150576,14962.50342,0.284841601,1.5932619333127394e7
2018-01-11T18:00:00.0,2018-01-12T00:00:00.0,0,5.645129542,0,0.0,0.0,0.99,0.12886473696786538
2018-01-11T19:00:00.0,2018-01-12T01:00:00.0,1,0.0,1,0.0,0.0,0.01,0.12886473696786538
2018-01-11T20:00:00.0,2018-01-12T02:00:00.0,2,0.0,1,0.0,0.0,0.01,0.12886473696786538
2018-01-11T21:00:00.0,2018-01-12T03:00:00.0,3,0.0,1,0.0,0.0,0.01,0.12886473696786538
2018-01-11T22:00:00.0,2018-01-12T04:00:00.0,4,0.0,1,0.0,0.0,0.01,0.12886473696786538
2018-01-11T23:00:00.0,2018-01-12T05:00:00.0,5,0.0,1,0.0,0.0,0.01,0.12886473696786538
2018-01-12T00:00:00.0,2018-01-12T06:00:00.0,6,0.0,1,0.0,0.0,0.01,0.12886473696786538
2018-01-12T01:00:00.0,2018-01-12T07:00:00.0,7,0.0,1,0.0,0.0,0.01,0.12886473696786538
2018-01-12T02:00:00.0,2018-01-12T08:00:00.0,8,0.0,1,0.0,0.0,0.01,0.12886473696786538
2018-01-12T03:00:00.0,2018-01-12T09:00:00.0,9,0.0,1,0.0,0.0,0.01,0.12886473696786538
2018-01-12T04:00:00.0,2018-01-12T10:00:00.0,10,0.0,1,0.0,0.0,0.01,0.12886473696786538
2018-01-12T05:00:00.0,2018-01-12T11:00:00.0,11,0.0,1,0.0,0.0,0.01,0.12886473696786538
2018-01-12T06:00:00.0,2018-01-12T12:00:00.0,12,0.0,1,0.0,0.0,0.01,0.12886473696786538
2018-01-12T07:00:00.0,2018-01-12T13:00:00.0,13,640.3429245,0,0.0,0.0,0.99,0.12886473696786538
2018-01-12T08:00:00.0,2018-01-12T14:00:00.0,14,12690.42077,0,13870.30193,14337.07356,0.0,8066.844918102026
2018-01-12T09:00:00.0,2018-01-12T15:00:00.0,15,31746.7482,1,25397.66758,32813.22347,0.89405995,4.762028952035546e6
2018-01-12T10:00:00.0,2018-01-12T16:00:00.0,16,34679.15332,1,30142.83939,37877.2751,0.512774881,4.7319166890285015e6
2018-01-12T11:00:00.0,2018-01-12T17:00:00.0,17,32927.62712,1,26917.28423,34566.08977,0.674081539,5.033585693495989e6
2018-01-12T12:00:00.0,2018-01-12T18:00:00.0,18,31169.5411,1,26268.72689,34039.15515,0.558385801,4.914601480148315e6
2018-01-12T13:00:00.0,2018-01-12T19:00:00.0,19,31365.53447,1,26751.53291,35637.46466,0.578266795,6.880731365998507e6
2018-01-12T14:00:00.0,2018-01-12T20:00:00.0,20,32710.67173,1,26440.009,38374.72523,0.506281447,1.1201759284579515e7
2018-01-12T15:00:00.0,2018-01-12T21:00:00.0,21,33067.62988,1,26567.87341,34194.82968,0.763954553,5.2842787047435045e6
2018-01-12T16:00:00.0,2018-01-12T22:00:00.0,22,26069.07248,1,22519.45573,33000.8496,0.212163972,8.578622365623951e6
2018-01-12T17:00:00.0,2018-01-12T23:00:00.0,23,7434.229658,1,4376.370033,18768.32992,0.089251114,1.7661799471556693e7
2018-01-12T18:00:00.0,2018-01-13T00:00:00.0,0,8.217614417,0,0.0,0.0,0.99,0.12886473696786538
2018-01-12T19:00:00.0,2018-01-13T01:00:00.0,1,0.0,1,0.0,0.0,0.01,0.12886473696786538
2018-01-12T20:00:00.0,2018-01-13T02:00:00.0,2,0.0,1,0.0,0.0,0.01,0.12886473696786538
2018-01-12T21:00:00.0,2018-01-13T03:00:00.0,3,0.0,1,0.0,0.0,0.01,0.12886473696786538
2018-01-12T22:00:00.0,2018-01-13T04:00:00.0,4,0.0,1,0.0,0.0,0.01,0.12886473696786538
2018-01-12T23:00:00.0,2018-01-13T05:00:00.0,5,0.0,1,0.0,0.0,0.01,0.12886473696786538
2018-01-13T00:00:00.0,2018-01-13T06:00:00.0,6,0.0,1,0.0,0.0,0.01,0.12886473696786538
2018-01-13T01:00:00.0,2018-01-13T07:00:00.0,7,0.0,1,0.0,0.0,0.01,0.12886473696786538
2018-01-13T02:00:00.0,2018-01-13T08:00:00.0,8,0.0,1,0.0,0.0,0.01,0.12886473696786538
2018-01-13T03:00:00.0,2018-01-13T09:00:00.0,9,0.0,1,0.0,0.0,0.01,0.12886473696786538
2018-01-13T04:00:00.0,2018-01-13T10:00:00.0,10,0.0,1,0.0,0.0,0.01,0.12886473696786538
2018-01-13T05:00:00.0,2018-01-13T11:00:00.0,11,0.0,1,0.0,0.0,0.01,0.12886473696786538
2018-01-13T06:00:00.0,2018-01-13T12:00:00.0,12,0.0,1,0.0,0.0,0.01,0.12886473696786538
2018-01-13T07:00:00.0,2018-01-13T13:00:00.0,13,544.5785829,0,0.0,0.0,0.99,0.12886473696786538
2018-01-13T08:00:00.0,2018-01-13T14:00:00.0,14,12498.32779,1,11457.87009,14288.10211,0.769826289,335010.0213556886
2018-01-13T09:00:00.0,2018-01-13T15:00:00.0,15,30406.08337,1,28448.14257,32683.51856,0.76495634,1.2433280453356504e6
2018-01-13T10:00:00.0,2018-01-13T16:00:00.0,16,34110.1795,1,32040.94295,35058.99546,0.76207957,917693.6829955578
2018-01-13T11:00:00.0,2018-01-13T17:00:00.0,17,32736.11906,1,26716.36956,34823.27796,0.602844676,5.619862617435336e6
2018-01-13T12:00:00.0,2018-01-13T18:00:00.0,18,31118.03965,1,27525.85839,35316.47983,0.500221963,4.264924777685642e6
2018-01-13T13:00:00.0,2018-01-13T19:00:00.0,19,31201.02974,1,26971.48259,35889.60405,0.572692511,6.778870570242286e6
2018-01-13T14:00:00.0,2018-01-13T20:00:00.0,20,32468.36994,1,32072.0202,33832.78696,0.336515739,214018.3442581892
2018-01-13T15:00:00.0,2018-01-13T21:00:00.0,21,32679.60337,1,31603.6311,38644.31171,0.253055622,4.43501117049098e6
2018-01-13T16:00:00.0,2018-01-13T22:00:00.0,22,25922.52924,1,22089.62306,36743.44,0.212917728,1.790882664872694e7
2018-01-13T17:00:00.0,2018-01-13T23:00:00.0,23,7459.690292,1,4276.093094,18325.41918,0.113072539,1.2871416921479851e7
2018-01-13T18:00:00.0,2018-01-14T00:00:00.0,0,11.77332462,0,0.0,0.0,0.99,0.12886473696786538
2018-01-13T19:00:00.0,2018-01-14T01:00:00.0,1,0.0,1,0.0,0.0,0.01,0.12886473696786538
2018-01-13T20:00:00.0,2018-01-14T02:00:00.0,2,0.0,1,0.0,0.0,0.01,0.12886473696786538
2018-01-13T21:00:00.0,2018-01-14T03:00:00.0,3,0.0,1,0.0,0.0,0.01,0.12886473696786538
2018-01-13T22:00:00.0,2018-01-14T04:00:00.0,4,0.0,1,0.0,0.0,0.01,0.12886473696786538
2018-01-13T23:00:00.0,2018-01-14T05:00:00.0,5,0.0,1,0.0,0.0,0.01,0.12886473696786538
2018-01-14T00:00:00.0,2018-01-14T06:00:00.0,6,0.0,1,0.0,0.0,0.01,0.12886473696786538
2018-01-14T01:00:00.0,2018-01-14T07:00:00.0,7,0.0,1,0.0,0.0,0.01,0.12886473696786538
2018-01-14T02:00:00.0,2018-01-14T08:00:00.0,8,0.0,1,0.0,0.0,0.01,0.12886473696786538
2018-01-14T03:00:00.0,2018-01-14T09:00:00.0,9,0.0,1,0.0,0.0,0.01,0.12886473696786538
2018-01-14T04:00:00.0,2018-01-14T10:00:00.0,10,0.0,1,0.0,0.0,0.01,0.12886473696786538
2018-01-14T05:00:00.0,2018-01-14T11:00:00.0,11,0.0,1,0.0,0.0,0.01,0.12886473696786538
2018-01-14T06:00:00.0,2018-01-14T12:00:00.0,12,0.0,1,0.0,0.0,0.01,0.12886473696786538
2018-01-14T07:00:00.0,2018-01-14T13:00:00.0,13,539.0220561,0,0.0,0.0,0.99,0.12886473696786538
2018-01-14T08:00:00.0,2018-01-14T14:00:00.0,14,11705.11684,1,10208.16439,14839.17233,0.821938472,892871.9445975423
2018-01-14T09:00:00.0,2018-01-14T15:00:00.0,15,28254.84397,1,25796.72104,29677.1527,0.899030017,951877.4978145361
2018-01-14T10:00:00.0,2018-01-14T16:00:00.0,16,31808.11379,1,29073.80124,37555.1309,0.360175042,5.952191700750232e6
2018-01-14T11:00:00.0,2018-01-14T17:00:00.0,17,30991.70109,1,28461.42907,37017.03064,0.309596551,7.269225205342889e6
2018-01-14T12:00:00.0,2018-01-14T18:00:00.0,18,30068.79469,1,25671.99901,35842.47308,0.46076842,7.627809601114154e6
2018-01-14T13:00:00.0,2018-01-14T19:00:00.0,19,30236.26374,1,26197.58258,34522.32924,0.458079477,6.8818385446282625e6
2018-01-14T14:00:00.0,2018-01-14T20:00:00.0,20,31165.56316,1,25136.35384,33398.16742,0.699189496,5.328753000980973e6
2018-01-14T15:00:00.0,2018-01-14T21:00:00.0,21,31731.36436,1,23951.07971,37902.29715,0.520044743,1.733822105245018e7
2018-01-14T16:00:00.0,2018-01-14T22:00:00.0,22,25117.52605,1,18055.02778,32890.46049,0.336281109,1.861110075798595e7
2018-01-14T17:00:00.0,2018-01-14T23:00:00.0,23,7128.339533,1,3269.233498,18267.83069,0.118763139,1.7147796083404303e7
2018-01-14T18:00:00.0,2018-01-15T00:00:00.0,0,17.81152046,0,0.0,0.0,0.99,0.12886473696786538
2018-01-14T19:00:00.0,2018-01-15T01:00:00.0,1,0.0,1,0.0,0.0,0.01,0.12886473696786538
2018-01-14T20:00:00.0,2018-01-15T02:00:00.0,2,0.0,1,0.0,0.0,0.01,0.12886473696786538
2018-01-14T21:00:00.0,2018-01-15T03:00:00.0,3,0.0,1,0.0,0.0,0.01,0.12886473696786538
2018-01-14T22:00:00.0,2018-01-15T04:00:00.0,4,0.0,1,0.0,0.0,0.01,0.12886473696786538
2018-01-14T23:00:00.0,2018-01-15T05:00:00.0,5,0.0,1,0.0,0.0,0.01,0.12886473696786538
2018-01-15T00:00:00.0,2018-01-15T06:00:00.0,6,0.0,1,0.0,0.0,0.01,0.12886473696786538
2018-01-15T01:00:00.0,2018-01-15T07:00:00.0,7,0.0,1,0.0,0.0,0.01,0.12886473696786538
2018-01-15T02:00:00.0,2018-01-15T08:00:00.0,8,0.0,1,0.0,0.0,0.01,0.12886473696786538
2018-01-15T03:00:00.0,2018-01-15T09:00:00.0,9,0.0,1,0.0,0.0,0.01,0.12886473696786538
2018-01-15T04:00:00.0,2018-01-15T10:00:00.0,10,0.0,1,0.0,0.0,0.01,0.12886473696786538
2018-01-15T05:00:00.0,2018-01-15T11:00:00.0,11,0.0,1,0.0,0.0,0.01,0.12886473696786538
2018-01-15T06:00:00.0,2018-01-15T12:00:00.0,12,0.0,1,0.0,0.0,0.01,0.12886473696786538
2018-01-15T07:00:00.0,2018-01-15T13:00:00.0,13,638.0292663,0,0.0,0.0,0.99,0.12886473696786538
2018-01-15T08:00:00.0,2018-01-15T14:00:00.0,14,11978.11664,1,11520.00746,13457.05936,0.693654638,138516.76967790723
2018-01-15T09:00:00.0,2018-01-15T15:00:00.0,15,26430.57438,1,25377.44728,33194.21451,0.352995564,2.8003671154221296e6
2018-01-15T10:00:00.0,2018-01-15T16:00:00.0,16,29293.10837,1,25367.90345,34951.96792,0.489826878,6.469861707280993e6
2018-01-15T11:00:00.0,2018-01-15T17:00:00.0,17,27407.33848,0,29815.25686,31224.78597,0.0,113887.59874653816
2018-01-15T12:00:00.0,2018-01-15T18:00:00.0,18,24714.48482,1,24075.88222,32107.80476,0.111604103,4.529740652622104e6
2018-01-15T13:00:00.0,2018-01-15T19:00:00.0,19,22395.45476,1,21405.01297,33022.23046,0.061283601,1.0253801768841386e7
2018-01-15T14:00:00.0,2018-01-15T20:00:00.0,20,20486.95039,0,21313.96861,28648.5321,0.0,4.699644361156225e6
2018-01-15T15:00:00.0,2018-01-15T21:00:00.0,21,17944.0402,1,14724.77426,29087.13916,0.190227025,1.752483428847766e7
2018-01-15T16:00:00.0,2018-01-15T22:00:00.0,22,13000.0621,1,11414.98106,21157.71303,0.126629904,7.904156512222052e6
2018-01-15T17:00:00.0,2018-01-15T23:00:00.0,23,4516.402756,1,2660.117056,10268.44401,0.125058936,4.7296044111496955e6
2018-01-15T18:00:00.0,2018-01-16T00:00:00.0,0,17.72330242,0,0.0,0.0,0.99,0.12886473696786538
2018-01-15T19:00:00.0,2018-01-16T01:00:00.0,1,0.0,1,0.0,0.0,0.01,0.12886473696786538
2018-01-15T20:00:00.0,2018-01-16T02:00:00.0,2,0.0,1,0.0,0.0,0.01,0.12886473696786538
2018-01-15T21:00:00.0,2018-01-16T03:00:00.0,3,0.0,1,0.0,0.0,0.01,0.12886473696786538
2018-01-15T22:00:00.0,2018-01-16T04:00:00.0,4,0.0,1,0.0,0.0,0.01,0.12886473696786538
2018-01-15T23:00:00.0,2018-01-16T05:00:00.0,5,0.0,1,0.0,0.0,0.01,0.12886473696786538
2018-01-16T00:00:00.0,2018-01-16T06:00:00.0,6,0.0,1,0.0,0.0,0.01,0.12886473696786538
2018-01-16T01:00:00.0,2018-01-16T07:00:00.0,7,0.0,1,0.0,0.0,0.01,0.12886473696786538
2018-01-16T02:00:00.0,2018-01-16T08:00:00.0,8,0.0,1,0.0,0.0,0.01,0.12886473696786538
2018-01-16T03:00:00.0,2018-01-16T09:00:00.0,9,0.0,1,0.0,0.0,0.01,0.12886473696786538
2018-01-16T04:00:00.0,2018-01-16T10:00:00.0,10,0.0,1,0.0,0.0,0.01,0.12886473696786538
2018-01-16T05:00:00.0,2018-01-16T11:00:00.0,11,0.0,1,0.0,0.0,0.01,0.12886473696786538
2018-01-16T06:00:00.0,2018-01-16T12:00:00.0,12,0.0,1,0.0,0.0,0.01,0.12886473696786538
2018-01-16T07:00:00.0,2018-01-16T13:00:00.0,13,99.00711717,0,0.0,0.0,0.99,0.12886473696786538
2018-01-16T08:00:00.0,2018-01-16T14:00:00.0,14,4389.957494,1,1885.745867,8929.552598,0.65684338,3.155127146485919e6
2018-01-16T09:00:00.0,2018-01-16T15:00:00.0,15,11941.26804,1,7717.846218,21613.45215,0.437593903,1.6857630200214624e7
2018-01-16T10:00:00.0,2018-01-16T16:00:00.0,16,14890.24008,1,10206.99406,25125.04808,0.329436219,1.7187786419431806e7
2018-01-16T11:00:00.0,2018-01-16T17:00:00.0,17,16713.27216,1,13190.58262,26074.95207,0.308185904,1.3648802623473465e7
2018-01-16T12:00:00.0,2018-01-16T18:00:00.0,18,18257.91516,1,14698.10494,28753.82411,0.331582841,1.654934903623116e7
2018-01-16T13:00:00.0,2018-01-16T19:00:00.0,19,19269.69573,1,16525.96408,27091.54655,0.315799939,1.0175897836617947e7
2018-01-16T14:00:00.0,2018-01-16T20:00:00.0,20,19956.02636,1,13322.45196,26212.20886,0.522449093,1.2851543050811708e7
2018-01-16T15:00:00.0,2018-01-16T21:00:00.0,21,19497.16043,1,19340.0758,30044.49689,0.026968438,8.9292107798239e6
2018-01-16T16:00:00.0,2018-01-16T22:00:00.0,22,16420.78916,1,13803.92244,22364.13434,0.322585416,6.070233555831671e6
2018-01-16T17:00:00.0,2018-01-16T23:00:00.0,23,5433.984463,1,2328.356351,13721.84982,0.14599559,9.9517865709147e6
2018-01-16T18:00:00.0,2018-01-17T00:00:00.0,0,13.80082133,0,0.0,0.0,0.99,0.12886473696786538
2018-01-16T19:00:00.0,2018-01-17T01:00:00.0,1,0.0,1,0.0,0.0,0.01,0.12886473696786538
2018-01-16T20:00:00.0,2018-01-17T02:00:00.0,2,0.0,1,0.0,0.0,0.01,0.12886473696786538
2018-01-16T21:00:00.0,2018-01-17T03:00:00.0,3,0.0,1,0.0,0.0,0.01,0.12886473696786538
2018-01-16T22:00:00.0,2018-01-17T04:00:00.0,4,0.0,1,0.0,0.0,0.01,0.12886473696786538
2018-01-16T23:00:00.0,2018-01-17T05:00:00.0,5,0.0,1,0.0,0.0,0.01,0.12886473696786538
2018-01-17T00:00:00.0,2018-01-17T06:00:00.0,6,0.0,1,0.0,0.0,0.01,0.12886473696786538
2018-01-17T01:00:00.0,2018-01-17T07:00:00.0,7,0.0,1,0.0,0.0,0.01,0.12886473696786538
2018-01-17T02:00:00.0,2018-01-17T08:00:00.0,8,0.0,1,0.0,0.0,0.01,0.12886473696786538
2018-01-17T03:00:00.0,2018-01-17T09:00:00.0,9,0.0,1,0.0,0.0,0.01,0.12886473696786538
2018-01-17T04:00:00.0,2018-01-17T10:00:00.0,10,0.0,1,0.0,0.0,0.01,0.12886473696786538
2018-01-17T05:00:00.0,2018-01-17T11:00:00.0,11,0.0,1,0.0,0.0,0.01,0.12886473696786538
2018-01-17T06:00:00.0,2018-01-17T12:00:00.0,12,0.0,1,0.0,0.0,0.01,0.12886473696786538
2018-01-17T07:00:00.0,2018-01-17T13:00:00.0,13,722.4236399,0,0.0,0.0,0.99,0.12886473696786538
2018-01-17T08:00:00.0,2018-01-17T14:00:00.0,14,12474.67429,0,12662.61359,13136.95137,0.0,10792.118169903755
2018-01-17T09:00:00.0,2018-01-17T15:00:00.0,15,22459.91707,0,25238.4062,31213.42039,0.0,2.181321792159438e6
2018-01-17T10:00:00.0,2018-01-17T16:00:00.0,16,24516.92104,0,25788.3665,33827.04411,0.0,4.310311158389926e6
2018-01-17T11:00:00.0,2018-01-17T17:00:00.0,17,25820.42729,0,28326.95556,36816.97816,0.0,6.011650379126787e6
2018-01-17T12:00:00.0,2018-01-17T18:00:00.0,18,25450.96131,0,28063.22839,32267.88492,0.0,1.2034540794833899e6
2018-01-17T13:00:00.0,2018-01-17T19:00:00.0,19,25584.60587,1,24494.21702,38439.2753,0.131239607,1.701940018538046e7
2018-01-17T14:00:00.0,2018-01-17T20:00:00.0,20,24046.17449,0,29300.5674,33287.46281,0.0,1.0216502646334171e6
2018-01-17T15:00:00.0,2018-01-17T21:00:00.0,21,21142.65759,0,24060.44073,35849.62998,0.0,8.044545717024565e6
2018-01-17T16:00:00.0,2018-01-17T22:00:00.0,22,16154.94823,0,19378.3251,29969.30917,0.0,7.212886582463741e6
2018-01-17T17:00:00.0,2018-01-17T23:00:00.0,23,6173.30234,1,3670.40829,14303.46589,0.095677817,8.154174012633279e6
2018-01-17T18:00:00.0,2018-01-18T00:00:00.0,0,14.50849225,1,6.300958243,163.7997735,0.019536345,1702.3834036553926
2018-01-17T19:00:00.0,2018-01-18T01:00:00.0,1,0.0,1,0.0,0.0,0.01,0.12886473696786538
2018-01-17T20:00:00.0,2018-01-18T02:00:00.0,2,0.0,1,0.0,0.0,0.01,0.12886473696786538
2018-01-17T21:00:00.0,2018-01-18T03:00:00.0,3,0.0,1,0.0,0.0,0.01,0.12886473696786538
2018-01-17T22:00:00.0,2018-01-18T04:00:00.0,4,0.0,1,0.0,0.0,0.01,0.12886473696786538
2018-01-17T23:00:00.0,2018-01-18T05:00:00.0,5,0.0,1,0.0,0.0,0.01,0.12886473696786538
2018-01-18T00:00:00.0,2018-01-18T06:00:00.0,6,0.0,1,0.0,0.0,0.01,0.12886473696786538
2018-01-18T01:00:00.0,2018-01-18T07:00:00.0,7,0.0,1,0.0,0.0,0.01,0.12886473696786538
2018-01-18T02:00:00.0,2018-01-18T08:00:00.0,8,0.0,1,0.0,0.0,0.01,0.12886473696786538
2018-01-18T03:00:00.0,2018-01-18T09:00:00.0,9,0.0,1,0.0,0.0,0.01,0.12886473696786538
2018-01-18T04:00:00.0,2018-01-18T10:00:00.0,10,0.0,1,0.0,0.0,0.01,0.12886473696786538
2018-01-18T05:00:00.0,2018-01-18T11:00:00.0,11,0.0,1,0.0,0.0,0.01,0.12886473696786538
2018-01-18T06:00:00.0,2018-01-18T12:00:00.0,12,0.0,1,0.0,0.0,0.01,0.12886473696786538
2018-01-18T07:00:00.0,2018-01-18T13:00:00.0,13,457.7182757,0,0.0,0.0,0.99,0.12886473696786538
2018-01-18T08:00:00.0,2018-01-18T14:00:00.0,14,8871.833443,1,8300.499736,12085.07624,0.363339272,792291.3817999959
2018-01-18T09:00:00.0,2018-01-18T15:00:00.0,15,21159.70854,1,15255.59823,27527.24366,0.694195121,1.2333547220751524e7
2018-01-18T10:00:00.0,2018-01-18T16:00:00.0,16,25286.41277,1,19757.59081,31068.20497,0.478118553,1.0203359612111807e7
2018-01-18T11:00:00.0,2018-01-18T17:00:00.0,17,25296.74644,1,20030.6124,33615.36413,0.407312902,1.4554447287973166e7
2018-01-18T12:00:00.0,2018-01-18T18:00:00.0,18,24968.59183,1,19970.58573,28992.80053,0.62465459,6.06189486524868e6
2018-01-18T13:00:00.0,2018-01-18T19:00:00.0,19,25204.14416,1,21108.37219,30128.22726,0.631258459,6.735536190678954e6
2018-01-18T14:00:00.0,2018-01-18T20:00:00.0,20,24829.35161,1,23296.56604,28399.66715,0.368523532,2.489633955906868e6
2018-01-18T15:00:00.0,2018-01-18T21:00:00.0,21,24088.65381,1,22529.82037,31212.87117,0.223898946,6.731586139669657e6
2018-01-18T16:00:00.0,2018-01-18T22:00:00.0,22,19867.02348,1,15404.65574,25471.22763,0.410939737,8.087234794748664e6
2018-01-18T17:00:00.0,2018-01-18T23:00:00.0,23,7353.088096,1,4180.385464,14558.48803,0.127136662,7.943566742814526e6
2018-01-18T18:00:00.0,2018-01-19T00:00:00.0,0,46.2487165,1,5.048812117,451.8348049,0.026163649,14756.56002574574
2018-01-18T19:00:00.0,2018-01-19T01:00:00.0,1,0.0,1,0.0,0.0,0.01,0.12886473696786538
2018-01-18T20:00:00.0,2018-01-19T02:00:00.0,2,0.0,1,0.0,0.0,0.01,0.12886473696786538
2018-01-18T21:00:00.0,2018-01-19T03:00:00.0,3,0.0,1,0.0,0.0,0.01,0.12886473696786538
2018-01-18T22:00:00.0,2018-01-19T04:00:00.0,4,0.0,1,0.0,0.0,0.01,0.12886473696786538
2018-01-18T23:00:00.0,2018-01-19T05:00:00.0,5,0.0,1,0.0,0.0,0.01,0.12886473696786538
2018-01-19T00:00:00.0,2018-01-19T06:00:00.0,6,0.0,1,0.0,0.0,0.01,0.12886473696786538
2018-01-19T01:00:00.0,2018-01-19T07:00:00.0,7,0.0,1,0.0,0.0,0.01,0.12886473696786538
2018-01-19T02:00:00.0,2018-01-19T08:00:00.0,8,0.0,1,0.0,0.0,0.01,0.12886473696786538
2018-01-19T03:00:00.0,2018-01-19T09:00:00.0,9,0.0,1,0.0,0.0,0.01,0.12886473696786538
2018-01-19T04:00:00.0,2018-01-19T10:00:00.0,10,0.0,1,0.0,0.0,0.01,0.12886473696786538
2018-01-19T05:00:00.0,2018-01-19T11:00:00.0,11,0.0,1,0.0,0.0,0.01,0.12886473696786538
2018-01-19T06:00:00.0,2018-01-19T12:00:00.0,12,0.0,1,0.0,0.0,0.01,0.12886473696786538
2018-01-19T07:00:00.0,2018-01-19T13:00:00.0,13,500.8270648,0,0.0,0.0,0.99,0.12886473696786538
2018-01-19T08:00:00.0,2018-01-19T14:00:00.0,14,9971.839756,1,7112.733809,10371.74381,0.982092084,454194.3116170913
2018-01-19T09:00:00.0,2018-01-19T15:00:00.0,15,18429.33092,1,17151.08535,28280.75062,0.324737947,8.112180786102712e6
2018-01-19T10:00:00.0,2018-01-19T16:00:00.0,16,21867.8469,1,21258.72297,28749.66372,0.206892234,3.5274047255049944e6
2018-01-19T11:00:00.0,2018-01-19T17:00:00.0,17,23637.32344,1,19065.66295,29232.04997,0.497602948,8.672256901969671e6
2018-01-19T12:00:00.0,2018-01-19T18:00:00.0,18,24040.89021,1,22877.27297,29350.13647,0.331226824,3.4673047844792604e6
2018-01-19T13:00:00.0,2018-01-19T19:00:00.0,19,23812.02476,1,21484.28055,33323.28596,0.243471079,1.1070438149333835e7
2018-01-19T14:00:00.0,2018-01-19T20:00:00.0,20,23861.45702,1,23324.80582,33513.7203,0.122442892,8.145195463399291e6
2018-01-19T15:00:00.0,2018-01-19T21:00:00.0,21,24841.62337,1,18510.83553,33384.26805,0.466888444,1.819740459987402e7
2018-01-19T16:00:00.0,2018-01-19T22:00:00.0,22,22663.27113,1,18066.77281,27641.62447,0.437871604,7.9947843552984595e6
2018-01-19T17:00:00.0,2018-01-19T23:00:00.0,23,8074.408666,1,6069.47154,18320.72654,0.087323978,1.3658518222640336e7
2018-01-19T18:00:00.0,2018-01-20T00:00:00.0,0,51.95867575,1,3.57459384,524.2157505,0.031491099,20716.663367825342
2018-01-19T19:00:00.0,2018-01-20T01:00:00.0,1,0.0,1,0.0,0.0,0.01,0.12886473696786538
2018-01-19T20:00:00.0,2018-01-20T02:00:00.0,2,0.0,1,0.0,0.0,0.01,0.12886473696786538
2018-01-19T21:00:00.0,2018-01-20T03:00:00.0,3,0.0,1,0.0,0.0,0.01,0.12886473696786538
2018-01-19T22:00:00.0,2018-01-20T04:00:00.0,4,0.0,1,0.0,0.0,0.01,0.12886473696786538
2018-01-19T23:00:00.0,2018-01-20T05:00:00.0,5,0.0,1,0.0,0.0,0.01,0.12886473696786538
2018-01-20T00:00:00.0,2018-01-20T06:00:00.0,6,0.0,1,0.0,0.0,0.01,0.12886473696786538
2018-01-20T01:00:00.0,2018-01-20T07:00:00.0,7,0.0,1,0.0,0.0,0.01,0.12886473696786538
2018-01-20T02:00:00.0,2018-01-20T08:00:00.0,8,0.0,1,0.0,0.0,0.01,0.12886473696786538
2018-01-20T03:00:00.0,2018-01-20T09:00:00.0,9,0.0,1,0.0,0.0,0.01,0.12886473696786538
2018-01-20T04:00:00.0,2018-01-20T10:00:00.0,10,0.0,1,0.0,0.0,0.01,0.12886473696786538
2018-01-20T05:00:00.0,2018-01-20T11:00:00.0,11,0.0,1,0.0,0.0,0.01,0.12886473696786538
2018-01-20T06:00:00.0,2018-01-20T12:00:00.0,12,0.0,1,0.0,0.0,0.01,0.12886473696786538
2018-01-20T07:00:00.0,2018-01-20T13:00:00.0,13,685.8367391,0,0.0,0.0,0.99,0.12886473696786538
2018-01-20T08:00:00.0,2018-01-20T14:00:00.0,14,10235.64399,1,6799.57239,10334.09072,0.986044353,692744.1554445997
2018-01-20T09:00:00.0,2018-01-20T15:00:00.0,15,21240.38085,1,15871.16375,25072.99861,0.880887799,5.268820212358236e6
2018-01-20T10:00:00.0,2018-01-20T16:00:00.0,16,24498.22557,1,17899.35704,31119.71456,0.481151677,1.7654426384227157e7
2018-01-20T11:00:00.0,2018-01-20T17:00:00.0,17,25166.7465,1,18269.76841,30017.213,0.488337015,1.2310422592184305e7
2018-01-20T12:00:00.0,2018-01-20T18:00:00.0,18,25475.80983,1,20904.23005,32469.90539,0.38656174,1.0976856422373533e7
2018-01-20T13:00:00.0,2018-01-20T19:00:00.0,19,26312.77795,1,19952.4046,33848.97745,0.52206804,1.588828002795446e7
2018-01-20T14:00:00.0,2018-01-20T20:00:00.0,20,27403.70091,1,22239.51299,29967.23441,0.691252882,5.143224249267101e6
2018-01-20T15:00:00.0,2018-01-20T21:00:00.0,21,28084.34455,1,20863.7323,34580.64804,0.593787268,1.5566419053695798e7
2018-01-20T16:00:00.0,2018-01-20T22:00:00.0,22,25254.80847,1,19968.12948,29702.70276,0.47597951,7.855628324846268e6
2018-01-20T17:00:00.0,2018-01-20T23:00:00.0,23,8951.020196,1,5376.389101,20180.06054,0.128010938,1.6699244453768611e7
2018-01-20T18:00:00.0,2018-01-21T00:00:00.0,0,60.30496038,1,2.643741272,560.2757933,0.062936144,28089.939184903706
2018-01-20T19:00:00.0,2018-01-21T01:00:00.0,1,0.0,1,0.0,0.0,0.01,0.12886473696786538
2018-01-20T20:00:00.0,2018-01-21T02:00:00.0,2,0.0,1,0.0,0.0,0.01,0.12886473696786538
2018-01-20T21:00:00.0,2018-01-21T03:00:00.0,3,0.0,1,0.0,0.0,0.01,0.12886473696786538
2018-01-20T22:00:00.0,2018-01-21T04:00:00.0,4,0.0,1,0.0,0.0,0.01,0.12886473696786538
2018-01-20T23:00:00.0,2018-01-21T05:00:00.0,5,0.0,1,0.0,0.0,0.01,0.12886473696786538
2018-01-21T00:00:00.0,2018-01-21T06:00:00.0,6,0.0,1,0.0,0.0,0.01,0.12886473696786538
2018-01-21T01:00:00.0,2018-01-21T07:00:00.0,7,0.0,1,0.0,0.0,0.01,0.12886473696786538
2018-01-21T02:00:00.0,2018-01-21T08:00:00.0,8,0.0,1,0.0,0.0,0.01,0.12886473696786538
2018-01-21T03:00:00.0,2018-01-21T09:00:00.0,9,0.0,1,0.0,0.0,0.01,0.12886473696786538
2018-01-21T04:00:00.0,2018-01-21T10:00:00.0,10,0.0,1,0.0,0.0,0.01,0.12886473696786538
2018-01-21T05:00:00.0,2018-01-21T11:00:00.0,11,0.0,1,0.0,0.0,0.01,0.12886473696786538
2018-01-21T06:00:00.0,2018-01-21T12:00:00.0,12,0.0,1,0.0,0.0,0.01,0.12886473696786538
2018-01-21T07:00:00.0,2018-01-21T13:00:00.0,13,333.4227476,0,0.0,0.0,0.99,0.12886473696786538
2018-01-21T08:00:00.0,2018-01-21T14:00:00.0,14,7711.489056,1,5642.640924,9660.621198,0.882833907,864370.5184831917
2018-01-21T09:00:00.0,2018-01-21T15:00:00.0,15,18623.50353,1,12928.30487,22765.02894,0.736647992,7.689910345539212e6
2018-01-21T10:00:00.0,2018-01-21T16:00:00.0,16,23097.91622,1,16983.77122,24293.56853,0.792081195,4.888708842662871e6
2018-01-21T11:00:00.0,2018-01-21T17:00:00.0,17,23547.51115,1,20706.81867,24645.19488,0.679938778,1.409690010855198e6
2018-01-21T12:00:00.0,2018-01-21T18:00:00.0,18,23288.55108,1,20041.65199,29123.14428,0.317846515,6.152613864761233e6
2018-01-21T13:00:00.0,2018-01-21T19:00:00.0,19,22686.96834,1,18752.58334,26274.21666,0.506223091,5.285041801091552e6
2018-01-21T14:00:00.0,2018-01-21T20:00:00.0,20,22758.02592,1,20955.92738,28667.82674,0.232786598,5.104106014884114e6
2018-01-21T15:00:00.0,2018-01-21T21:00:00.0,21,22977.37696,1,20206.94509,31186.32668,0.324565323,9.033422029531479e6
2018-01-21T16:00:00.0,2018-01-21T22:00:00.0,22,19638.37502,1,15692.03462,22443.99688,0.442107038,3.1787181784971356e6
2018-01-21T17:00:00.0,2018-01-21T23:00:00.0,23,7146.277321,1,5301.762936,13401.52288,0.04399319,4.297014021510065e6
2018-01-21T18:00:00.0,2018-01-22T00:00:00.0,0,77.96263946,1,5.254188008,672.2427428,0.039929899,36576.03587763844
2018-01-21T19:00:00.0,2018-01-22T01:00:00.0,1,0.0,1,0.0,0.0,0.01,0.12886473696786538
2018-01-21T20:00:00.0,2018-01-22T02:00:00.0,2,0.0,1,0.0,0.0,0.01,0.12886473696786538
2018-01-21T21:00:00.0,2018-01-22T03:00:00.0,3,0.0,1,0.0,0.0,0.01,0.12886473696786538
2018-01-21T22:00:00.0,2018-01-22T04:00:00.0,4,0.0,1,0.0,0.0,0.01,0.12886473696786538
2018-01-21T23:00:00.0,2018-01-22T05:00:00.0,5,0.0,1,0.0,0.0,0.01,0.12886473696786538
2018-01-22T00:00:00.0,2018-01-22T06:00:00.0,6,0.0,1,0.0,0.0,0.01,0.12886473696786538
2018-01-22T01:00:00.0,2018-01-22T07:00:00.0,7,0.0,1,0.0,0.0,0.01,0.12886473696786538
2018-01-22T02:00:00.0,2018-01-22T08:00:00.0,8,0.0,1,0.0,0.0,0.01,0.12886473696786538
2018-01-22T03:00:00.0,2018-01-22T09:00:00.0,9,0.0,1,0.0,0.0,0.01,0.12886473696786538
2018-01-22T04:00:00.0,2018-01-22T10:00:00.0,10,0.0,1,0.0,0.0,0.01,0.12886473696786538
2018-01-22T05:00:00.0,2018-01-22T11:00:00.0,11,0.0,1,0.0,0.0,0.01,0.12886473696786538
2018-01-22T06:00:00.0,2018-01-22T12:00:00.0,12,0.0,1,0.0,0.0,0.01,0.12886473696786538
2018-01-22T07:00:00.0,2018-01-22T13:00:00.0,13,595.7424975,0,0.0,0.0,0.99,0.12886473696786538
2018-01-22T08:00:00.0,2018-01-22T14:00:00.0,14,12423.36717,1,11575.47706,14396.44997,0.791518805,363693.6161400378
2018-01-22T09:00:00.0,2018-01-22T15:00:00.0,15,32405.51036,1,25604.34115,34588.16294,0.879824967,6.491682950895786e6
2018-01-22T10:00:00.0,2018-01-22T16:00:00.0,16,35486.25743,1,27525.64737,38231.82518,0.679173382,1.164299034207058e7
2018-01-22T11:00:00.0,2018-01-22T17:00:00.0,17,34027.85157,1,30824.06568,39240.61169,0.379938306,5.532113757344723e6
2018-01-22T12:00:00.0,2018-01-22T18:00:00.0,18,32697.78447,1,27053.17918,36762.59336,0.491018059,7.249053807762265e6
2018-01-22T13:00:00.0,2018-01-22T19:00:00.0,19,32767.14009,1,27695.86148,38200.1714,0.490022038,1.0936581882024527e7
2018-01-22T14:00:00.0,2018-01-22T20:00:00.0,20,33854.84662,1,28335.88104,38555.7994,0.532899908,9.550248772473812e6
2018-01-22T15:00:00.0,2018-01-22T21:00:00.0,21,34295.51507,1,27012.18373,41179.14038,0.544258488,1.7272369620686293e7
2018-01-22T16:00:00.0,2018-01-22T22:00:00.0,22,28554.58722,1,23154.93417,39686.48671,0.235697761,2.274122685943663e7
2018-01-22T17:00:00.0,2018-01-22T23:00:00.0,23,9985.242526,1,6068.737129,21964.67387,0.13142006,2.0538552460695058e7
2018-01-22T18:00:00.0,2018-01-23T00:00:00.0,0,103.7740231,1,1.693837234,901.7597931,0.046272559,66273.12445728882
2018-01-22T19:00:00.0,2018-01-23T01:00:00.0,1,0.0,1,0.0,0.0,0.01,0.12886473696786538
2018-01-22T20:00:00.0,2018-01-23T02:00:00.0,2,0.0,1,0.0,0.0,0.01,0.12886473696786538
2018-01-22T21:00:00.0,2018-01-23T03:00:00.0,3,0.0,1,0.0,0.0,0.01,0.12886473696786538
2018-01-22T22:00:00.0,2018-01-23T04:00:00.0,4,0.0,1,0.0,0.0,0.01,0.12886473696786538
2018-01-22T23:00:00.0,2018-01-23T05:00:00.0,5,0.0,1,0.0,0.0,0.01,0.12886473696786538
2018-01-23T00:00:00.0,2018-01-23T06:00:00.0,6,0.0,1,0.0,0.0,0.01,0.12886473696786538
2018-01-23T01:00:00.0,2018-01-23T07:00:00.0,7,0.0,1,0.0,0.0,0.01,0.12886473696786538
2018-01-23T02:00:00.0,2018-01-23T08:00:00.0,8,0.0,1,0.0,0.0,0.01,0.12886473696786538
2018-01-23T03:00:00.0,2018-01-23T09:00:00.0,9,0.0,1,0.0,0.0,0.01,0.12886473696786538
2018-01-23T04:00:00.0,2018-01-23T10:00:00.0,10,0.0,1,0.0,0.0,0.01,0.12886473696786538
2018-01-23T05:00:00.0,2018-01-23T11:00:00.0,11,0.0,1,0.0,0.0,0.01,0.12886473696786538
2018-01-23T06:00:00.0,2018-01-23T12:00:00.0,12,0.0,1,0.0,0.0,0.01,0.12886473696786538
2018-01-23T07:00:00.0,2018-01-23T13:00:00.0,13,592.333197,0,0.0,0.0,0.99,0.12886473696786538
2018-01-23T08:00:00.0,2018-01-23T14:00:00.0,14,12347.75101,1,10796.27343,14996.34375,0.704161853,1.09684360615322e6
2018-01-23T09:00:00.0,2018-01-23T15:00:00.0,15,29463.4093,1,23368.31494,35503.17324,0.750121664,1.0213460346354365e7
2018-01-23T10:00:00.0,2018-01-23T16:00:00.0,16,32804.30788,1,29689.69106,39772.85688,0.357365715,8.2118013110227585e6
2018-01-23T11:00:00.0,2018-01-23T17:00:00.0,17,32059.62201,1,28403.06735,35531.45007,0.427687597,4.535717857300043e6
2018-01-23T12:00:00.0,2018-01-23T18:00:00.0,18,30916.99172,1,28913.41841,32549.78472,0.463076976,1.1761953401975632e6
2018-01-23T13:00:00.0,2018-01-23T19:00:00.0,19,30616.7203,1,29010.89872,36189.78937,0.316925575,4.0833228598959446e6
2018-01-23T14:00:00.0,2018-01-23T20:00:00.0,20,31480.56335,1,26938.51441,34194.03324,0.617874448,5.618546435199618e6
2018-01-23T15:00:00.0,2018-01-23T21:00:00.0,21,31279.144,1,28009.24054,35131.08674,0.536807695,4.01730894504416e6
2018-01-23T16:00:00.0,2018-01-23T22:00:00.0,22,25545.42967,1,18998.38502,32698.09226,0.331764104,1.2921454515307426e7
2018-01-23T17:00:00.0,2018-01-23T23:00:00.0,23,9241.436695,1,6506.406334,17627.30012,0.081747157,8.245545742045134e6
2018-01-23T18:00:00.0,2018-01-24T00:00:00.0,0,130.3801523,1,83.27402693,1146.088689,0.014251399,87263.27510820399
2018-01-23T19:00:00.0,2018-01-24T01:00:00.0,1,0.0,1,0.0,0.0,0.01,0.12886473696786538
2018-01-23T20:00:00.0,2018-01-24T02:00:00.0,2,0.0,1,0.0,0.0,0.01,0.12886473696786538
2018-01-23T21:00:00.0,2018-01-24T03:00:00.0,3,0.0,1,0.0,0.0,0.01,0.12886473696786538
2018-01-23T22:00:00.0,2018-01-24T04:00:00.0,4,0.0,1,0.0,0.0,0.01,0.12886473696786538
2018-01-23T23:00:00.0,2018-01-24T05:00:00.0,5,0.0,1,0.0,0.0,0.01,0.12886473696786538
2018-01-24T00:00:00.0,2018-01-24T06:00:00.0,6,0.0,1,0.0,0.0,0.01,0.12886473696786538
2018-01-24T01:00:00.0,2018-01-24T07:00:00.0,7,0.0,1,0.0,0.0,0.01,0.12886473696786538
2018-01-24T02:00:00.0,2018-01-24T08:00:00.0,8,0.0,1,0.0,0.0,0.01,0.12886473696786538
2018-01-24T03:00:00.0,2018-01-24T09:00:00.0,9,0.0,1,0.0,0.0,0.01,0.12886473696786538
2018-01-24T04:00:00.0,2018-01-24T10:00:00.0,10,0.0,1,0.0,0.0,0.01,0.12886473696786538
2018-01-24T05:00:00.0,2018-01-24T11:00:00.0,11,0.0,1,0.0,0.0,0.01,0.12886473696786538
2018-01-24T06:00:00.0,2018-01-24T12:00:00.0,12,0.0,1,0.0,0.0,0.01,0.12886473696786538
2018-01-24T07:00:00.0,2018-01-24T13:00:00.0,13,663.0307233,0,0.0,0.0,0.99,0.12886473696786538
2018-01-24T08:00:00.0,2018-01-24T14:00:00.0,14,13404.71256,1,12855.24446,13728.72473,0.919255485,41605.84040123224
2018-01-24T09:00:00.0,2018-01-24T15:00:00.0,15,30682.4134,1,28712.01061,35533.2541,0.639667696,3.209000674267292e6
2018-01-24T10:00:00.0,2018-01-24T16:00:00.0,16,33867.51836,1,31615.80574,36218.15933,0.553667525,1.705679808977127e6
2018-01-24T11:00:00.0,2018-01-24T17:00:00.0,17,32785.17581,1,30463.39722,38841.46042,0.33722819,6.603027783215761e6
2018-01-24T12:00:00.0,2018-01-24T18:00:00.0,18,31776.99154,1,24404.93751,32502.59194,0.890899765,4.718321992293239e6
2018-01-24T13:00:00.0,2018-01-24T19:00:00.0,19,31901.23376,1,26110.47984,38314.06865,0.610423406,1.3177015384849548e7
2018-01-24T14:00:00.0,2018-01-24T20:00:00.0,20,33213.45258,1,27880.81599,39300.85327,0.462165764,1.2266464539023876e7
2018-01-24T15:00:00.0,2018-01-24T21:00:00.0,21,33511.07603,1,28104.97922,35044.04591,0.688353022,4.339420379688621e6
2018-01-24T16:00:00.0,2018-01-24T22:00:00.0,22,28577.22494,1,20718.01118,34315.32072,0.392828608,1.3343479838213444e7
2018-01-24T17:00:00.0,2018-01-24T23:00:00.0,23,10683.95791,1,7511.675605,23599.87291,0.11838058,2.110442309111017e7
2018-01-24T18:00:00.0,2018-01-25T00:00:00.0,0,164.2817891,1,51.02563094,1432.289995,0.032475545,136779.29552168841
2018-01-24T19:00:00.0,2018-01-25T01:00:00.0,1,0.0,1,0.0,0.0,0.01,0.12886473696786538
2018-01-24T20:00:00.0,2018-01-25T02:00:00.0,2,0.0,1,0.0,0.0,0.01,0.12886473696786538
2018-01-24T21:00:00.0,2018-01-25T03:00:00.0,3,0.0,1,0.0,0.0,0.01,0.12886473696786538
2018-01-24T22:00:00.0,2018-01-25T04:00:00.0,4,0.0,1,0.0,0.0,0.01,0.12886473696786538
2018-01-24T23:00:00.0,2018-01-25T05:00:00.0,5,0.0,1,0.0,0.0,0.01,0.12886473696786538
2018-01-25T00:00:00.0,2018-01-25T06:00:00.0,6,0.0,1,0.0,0.0,0.01,0.12886473696786538
2018-01-25T01:00:00.0,2018-01-25T07:00:00.0,7,0.0,1,0.0,0.0,0.01,0.12886473696786538
2018-01-25T02:00:00.0,2018-01-25T08:00:00.0,8,0.0,1,0.0,0.0,0.01,0.12886473696786538
2018-01-25T03:00:00.0,2018-01-25T09:00:00.0,9,0.0,1,0.0,0.0,0.01,0.12886473696786538
2018-01-25T04:00:00.0,2018-01-25T10:00:00.0,10,0.0,1,0.0,0.0,0.01,0.12886473696786538
2018-01-25T05:00:00.0,2018-01-25T11:00:00.0,11,0.0,1,0.0,0.0,0.01,0.12886473696786538
2018-01-25T06:00:00.0,2018-01-25T12:00:00.0,12,0.0,1,0.0,0.0,0.01,0.12886473696786538
2018-01-25T07:00:00.0,2018-01-25T13:00:00.0,13,648.9825096,0,0.0,0.0,0.99,0.12886473696786538
2018-01-25T08:00:00.0,2018-01-25T14:00:00.0,14,11806.69504,0,13201.42485,16869.55065,0.0,322842.58132088184
2018-01-25T09:00:00.0,2018-01-25T15:00:00.0,15,27250.54282,1,26083.20815,34841.78084,0.400488472,4.388368076236129e6
2018-01-25T10:00:00.0,2018-01-25T16:00:00.0,16,29081.39718,0,31016.11659,40482.37587,0.0,6.665042380239487e6
2018-01-25T11:00:00.0,2018-01-25T17:00:00.0,17,26600.94919,0,27239.51768,33383.08292,0.0,3.5389768774045706e6
2018-01-25T12:00:00.0,2018-01-25T18:00:00.0,18,25234.98642,1,23811.15615,31983.38788,0.223653254,6.122815855107427e6
2018-01-25T13:00:00.0,2018-01-25T19:00:00.0,19,25163.2254,0,25709.14415,35093.53398,0.0,6.903164390123129e6
2018-01-25T14:00:00.0,2018-01-25T20:00:00.0,20,24041.3411,1,23656.06837,34782.65657,0.035515475,7.837084316044688e6
2018-01-25T15:00:00.0,2018-01-25T21:00:00.0,21,23046.2281,0,23409.87932,32240.09226,0.0,5.845111720821261e6
2018-01-25T16:00:00.0,2018-01-25T22:00:00.0,22,18091.93025,1,17324.24241,25391.23074,0.062682718,5.317992503453255e6
2018-01-25T17:00:00.0,2018-01-25T23:00:00.0,23,7072.396786,1,4263.116669,13419.95585,0.183899382,7.661751151120707e6
2018-01-25T18:00:00.0,2018-01-26T00:00:00.0,0,155.1027532,1,86.1507336,1222.08108,0.020435504,99252.80834016134
2018-01-25T19:00:00.0,2018-01-26T01:00:00.0,1,0.0,1,0.0,0.0,0.01,0.12886473696786538
2018-01-25T20:00:00.0,2018-01-26T02:00:00.0,2,0.0,1,0.0,0.0,0.01,0.12886473696786538
2018-01-25T21:00:00.0,2018-01-26T03:00:00.0,3,0.0,1,0.0,0.0,0.01,0.12886473696786538
2018-01-25T22:00:00.0,2018-01-26T04:00:00.0,4,0.0,1,0.0,0.0,0.01,0.12886473696786538
2018-01-25T23:00:00.0,2018-01-26T05:00:00.0,5,0.0,1,0.0,0.0,0.01,0.12886473696786538
2018-01-26T00:00:00.0,2018-01-26T06:00:00.0,6,0.0,1,0.0,0.0,0.01,0.12886473696786538
2018-01-26T01:00:00.0,2018-01-26T07:00:00.0,7,0.0,1,0.0,0.0,0.01,0.12886473696786538
2018-01-26T02:00:00.0,2018-01-26T08:00:00.0,8,0.0,1,0.0,0.0,0.01,0.12886473696786538
2018-01-26T03:00:00.0,2018-01-26T09:00:00.0,9,0.0,1,0.0,0.0,0.01,0.12886473696786538
2018-01-26T04:00:00.0,2018-01-26T10:00:00.0,10,0.0,1,0.0,0.0,0.01,0.12886473696786538
2018-01-26T05:00:00.0,2018-01-26T11:00:00.0,11,0.0,1,0.0,0.0,0.01,0.12886473696786538
2018-01-26T06:00:00.0,2018-01-26T12:00:00.0,12,0.0,1,0.0,0.0,0.01,0.12886473696786538
2018-01-26T07:00:00.0,2018-01-26T13:00:00.0,13,383.0160453,0,0.0,0.0,0.99,0.12886473696786538
2018-01-26T08:00:00.0,2018-01-26T14:00:00.0,14,6664.981383,1,3867.162876,7717.871912,0.900759948,1.1339826750751548e6
2018-01-26T09:00:00.0,2018-01-26T15:00:00.0,15,11470.21569,1,7564.57805,16685.76799,0.561538535,6.667538077671468e6
2018-01-26T10:00:00.0,2018-01-26T16:00:00.0,16,14817.11279,1,12034.11187,21648.6333,0.341172224,7.603210610116065e6
2018-01-26T11:00:00.0,2018-01-26T17:00:00.0,17,16497.02698,1,13824.981,25635.3152,0.266673424,1.2621608216599941e7
2018-01-26T12:00:00.0,2018-01-26T18:00:00.0,18,16960.13338,0,17283.37779,25214.59078,0.0,5.38844267618525e6
2018-01-26T13:00:00.0,2018-01-26T19:00:00.0,19,17791.54301,1,15826.74474,24709.6918,0.383878025,6.838772151079178e6
2018-01-26T14:00:00.0,2018-01-26T20:00:00.0,20,18139.5462,1,16957.36915,26455.63099,0.19835474,5.989137913772047e6
2018-01-26T15:00:00.0,2018-01-26T21:00:00.0,21,16486.67327,0,17485.32679,27382.34391,0.0,7.8986012878136635e6
2018-01-26T16:00:00.0,2018-01-26T22:00:00.0,22,12911.26826,1,12383.33369,21395.79362,0.10946634,6.216175374939799e6
2018-01-26T17:00:00.0,2018-01-26T23:00:00.0,23,5127.027749,1,4438.761701,11346.99339,0.06007602,3.881149719714768e6
2018-01-26T18:00:00.0,2018-01-27T00:00:00.0,0,108.5144369,1,27.06890693,806.1957601,0.050776601,45858.14778669985
2018-01-26T19:00:00.0,2018-01-27T01:00:00.0,1,0.0,1,0.0,0.0,0.01,0.12886473696786538
2018-01-26T20:00:00.0,2018-01-27T02:00:00.0,2,0.0,1,0.0,0.0,0.01,0.12886473696786538
2018-01-26T21:00:00.0,2018-01-27T03:00:00.0,3,0.0,1,0.0,0.0,0.01,0.12886473696786538
2018-01-26T22:00:00.0,2018-01-27T04:00:00.0,4,0.0,1,0.0,0.0,0.01,0.12886473696786538
2018-01-26T23:00:00.0,2018-01-27T05:00:00.0,5,0.0,1,0.0,0.0,0.01,0.12886473696786538
2018-01-27T00:00:00.0,2018-01-27T06:00:00.0,6,0.0,1,0.0,0.0,0.01,0.12886473696786538
2018-01-27T01:00:00.0,2018-01-27T07:00:00.0,7,0.0,1,0.0,0.0,0.01,0.12886473696786538
2018-01-27T02:00:00.0,2018-01-27T08:00:00.0,8,0.0,1,0.0,0.0,0.01,0.12886473696786538
2018-01-27T03:00:00.0,2018-01-27T09:00:00.0,9,0.0,1,0.0,0.0,0.01,0.12886473696786538
2018-01-27T04:00:00.0,2018-01-27T10:00:00.0,10,0.0,1,0.0,0.0,0.01,0.12886473696786538
2018-01-27T05:00:00.0,2018-01-27T11:00:00.0,11,0.0,1,0.0,0.0,0.01,0.12886473696786538
2018-01-27T06:00:00.0,2018-01-27T12:00:00.0,12,0.0,1,0.0,0.0,0.01,0.12886473696786538
2018-01-27T07:00:00.0,2018-01-27T13:00:00.0,13,325.2871866,0,0.0,0.0,0.99,0.12886473696786538
2018-01-27T08:00:00.0,2018-01-27T14:00:00.0,14,7286.742925,1,5422.069903,9327.732446,0.823055739,1.0135517202319577e6
2018-01-27T09:00:00.0,2018-01-27T15:00:00.0,15,15778.55146,1,11416.37757,23026.19228,0.59034578,1.127464734978354e7
2018-01-27T10:00:00.0,2018-01-27T16:00:00.0,16,19932.31319,1,16937.4711,26892.4083,0.437871907,8.656095792575598e6
2018-01-27T11:00:00.0,2018-01-27T17:00:00.0,17,21429.08987,1,16869.99085,30495.65317,0.360200144,1.4605109618624091e7
2018-01-27T12:00:00.0,2018-01-27T18:00:00.0,18,22062.47293,1,19144.54935,30857.97039,0.287173756,1.0712400392149448e7
2018-01-27T13:00:00.0,2018-01-27T19:00:00.0,19,22457.48907,1,18302.60287,26723.06007,0.569959068,6.320334152474821e6
2018-01-27T14:00:00.0,2018-01-27T20:00:00.0,20,23720.95942,1,18487.60548,30929.8642,0.507860112,1.3958408849902868e7
2018-01-27T15:00:00.0,2018-01-27T21:00:00.0,21,24146.16098,1,19893.86314,30234.5234,0.400955522,8.265919691668034e6
2018-01-27T16:00:00.0,2018-01-27T22:00:00.0,22,21401.83079,1,17534.93991,29235.19557,0.360729987,1.3254799575757742e7
2018-01-27T17:00:00.0,2018-01-27T23:00:00.0,23,9295.140746,1,5646.994158,18850.95437,0.20136114,1.6433968338294566e7
2018-01-27T18:00:00.0,2018-01-28T00:00:00.0,0,235.508456,1,63.40553208,1717.70911,0.072014906,227658.94544449542
2018-01-27T19:00:00.0,2018-01-28T01:00:00.0,1,0.0,1,0.0,0.0,0.01,0.12886473696786538
2018-01-27T20:00:00.0,2018-01-28T02:00:00.0,2,0.0,1,0.0,0.0,0.01,0.12886473696786538
2018-01-27T21:00:00.0,2018-01-28T03:00:00.0,3,0.0,1,0.0,0.0,0.01,0.12886473696786538
2018-01-27T22:00:00.0,2018-01-28T04:00:00.0,4,0.0,1,0.0,0.0,0.01,0.12886473696786538
2018-01-27T23:00:00.0,2018-01-28T05:00:00.0,5,0.0,1,0.0,0.0,0.01,0.12886473696786538
2018-01-28T00:00:00.0,2018-01-28T06:00:00.0,6,0.0,1,0.0,0.0,0.01,0.12886473696786538
2018-01-28T01:00:00.0,2018-01-28T07:00:00.0,7,0.0,1,0.0,0.0,0.01,0.12886473696786538
2018-01-28T02:00:00.0,2018-01-28T08:00:00.0,8,0.0,1,0.0,0.0,0.01,0.12886473696786538
2018-01-28T03:00:00.0,2018-01-28T09:00:00.0,9,0.0,1,0.0,0.0,0.01,0.12886473696786538
2018-01-28T04:00:00.0,2018-01-28T10:00:00.0,10,0.0,1,0.0,0.0,0.01,0.12886473696786538
2018-01-28T05:00:00.0,2018-01-28T11:00:00.0,11,0.0,1,0.0,0.0,0.01,0.12886473696786538
2018-01-28T06:00:00.0,2018-01-28T12:00:00.0,12,0.0,1,0.0,0.0,0.01,0.12886473696786538
2018-01-28T07:00:00.0,2018-01-28T13:00:00.0,13,689.0387269,0,0.0,0.0,0.99,0.12886473696786538
2018-01-28T08:00:00.0,2018-01-28T14:00:00.0,14,11107.25939,1,8378.724319,13369.40099,0.804530925,1.7760409054989964e6
2018-01-28T09:00:00.0,2018-01-28T15:00:00.0,15,26800.3851,1,20405.38001,33548.42364,0.65972749,1.4010018346072674e7
2018-01-28T10:00:00.0,2018-01-28T16:00:00.0,16,29700.91188,1,24929.87802,38730.58056,0.389605526,1.6352850665944338e7
2018-01-28T11:00:00.0,2018-01-28T17:00:00.0,17,28932.52286,1,25558.54904,32960.57662,0.404702963,4.67707747532773e6
2018-01-28T12:00:00.0,2018-01-28T18:00:00.0,18,28585.74636,1,22774.76317,35795.81999,0.414820233,1.6401714701117039e7
2018-01-28T13:00:00.0,2018-01-28T19:00:00.0,19,29374.70329,1,22754.77319,36539.02866,0.481503712,1.866628402851224e7
2018-01-28T14:00:00.0,2018-01-28T20:00:00.0,20,31866.64776,1,23586.0151,35149.95145,0.744797388,1.1220753425021768e7
2018-01-28T15:00:00.0,2018-01-28T21:00:00.0,21,33058.24802,1,23333.88848,34027.28136,0.885095661,7.669463043480158e6
2018-01-28T16:00:00.0,2018-01-28T22:00:00.0,22,28846.01142,1,20043.16047,36663.37581,0.494631717,2.4053034142624736e7
2018-01-28T17:00:00.0,2018-01-28T23:00:00.0,23,11657.82614,1,7654.764039,22797.07651,0.133547447,1.6283214748660207e7
2018-01-28T18:00:00.0,2018-01-29T00:00:00.0,0,287.3661089,1,95.84914362,2289.995755,0.053722729,400665.81261608703
2018-01-28T19:00:00.0,2018-01-29T01:00:00.0,1,0.0,1,0.0,0.0,0.01,0.12886473696786538
2018-01-28T20:00:00.0,2018-01-29T02:00:00.0,2,0.0,1,0.0,0.0,0.01,0.12886473696786538
2018-01-28T21:00:00.0,2018-01-29T03:00:00.0,3,0.0,1,0.0,0.0,0.01,0.12886473696786538
2018-01-28T22:00:00.0,2018-01-29T04:00:00.0,4,0.0,1,0.0,0.0,0.01,0.12886473696786538
2018-01-28T23:00:00.0,2018-01-29T05:00:00.0,5,0.0,1,0.0,0.0,0.01,0.12886473696786538
2018-01-29T00:00:00.0,2018-01-29T06:00:00.0,6,0.0,1,0.0,0.0,0.01,0.12886473696786538
2018-01-29T01:00:00.0,2018-01-29T07:00:00.0,7,0.0,1,0.0,0.0,0.01,0.12886473696786538
2018-01-29T02:00:00.0,2018-01-29T08:00:00.0,8,0.0,1,0.0,0.0,0.01,0.12886473696786538
2018-01-29T03:00:00.0,2018-01-29T09:00:00.0,9,0.0,1,0.0,0.0,0.01,0.12886473696786538
2018-01-29T04:00:00.0,2018-01-29T10:00:00.0,10,0.0,1,0.0,0.0,0.01,0.12886473696786538
2018-01-29T05:00:00.0,2018-01-29T11:00:00.0,11,0.0,1,0.0,0.0,0.01,0.12886473696786538
2018-01-29T06:00:00.0,2018-01-29T12:00:00.0,12,0.0,1,0.0,0.0,0.01,0.12886473696786538
2018-01-29T07:00:00.0,2018-01-29T13:00:00.0,13,834.6554607,0,0.0,0.0,0.99,0.12886473696786538
2018-01-29T08:00:00.0,2018-01-29T14:00:00.0,14,14929.4603,0,15560.98813,16496.44407,0.0,27318.806682914495
2018-01-29T09:00:00.0,2018-01-29T15:00:00.0,15,33799.61165,1,26219.09491,37392.8153,0.773158628,1.0643435896434546e7
2018-01-29T10:00:00.0,2018-01-29T16:00:00.0,16,36336.499,1,31793.27996,40910.73714,0.456986458,6.419004195251226e6
2018-01-29T11:00:00.0,2018-01-29T17:00:00.0,17,34851.88507,1,32232.61973,39567.65765,0.366361114,4.815556241350651e6
2018-01-29T12:00:00.0,2018-01-29T18:00:00.0,18,33279.11489,1,26306.48157,36726.6508,0.664171192,9.153320889386177e6
2018-01-29T13:00:00.0,2018-01-29T19:00:00.0,19,33184.85293,1,32120.96897,36136.03275,0.340735761,1.554245884433031e6
2018-01-29T14:00:00.0,2018-01-29T20:00:00.0,20,34280.81533,1,31285.85264,36883.68534,0.559527787,3.311795710579157e6
2018-01-29T15:00:00.0,2018-01-29T21:00:00.0,21,34893.43317,1,33539.64547,36458.66648,0.483600421,823246.528368473
2018-01-29T16:00:00.0,2018-01-29T22:00:00.0,22,30232.04951,1,25973.14272,35731.49992,0.30685404,7.057544648955584e6
2018-01-29T17:00:00.0,2018-01-29T23:00:00.0,23,12415.8582,1,8736.183214,25360.95577,0.193976797,2.7723432132079244e7
2018-01-29T18:00:00.0,2018-01-30T00:00:00.0,0,333.7357473,1,183.8054989,2364.708158,0.02712355,409841.15038770717
2018-01-29T19:00:00.0,2018-01-30T01:00:00.0,1,0.0,1,0.0,0.0,0.01,0.12886473696786538
2018-01-29T20:00:00.0,2018-01-30T02:00:00.0,2,0.0,1,0.0,0.0,0.01,0.12886473696786538
2018-01-29T21:00:00.0,2018-01-30T03:00:00.0,3,0.0,1,0.0,0.0,0.01,0.12886473696786538
2018-01-29T22:00:00.0,2018-01-30T04:00:00.0,4,0.0,1,0.0,0.0,0.01,0.12886473696786538
2018-01-29T23:00:00.0,2018-01-30T05:00:00.0,5,0.0,1,0.0,0.0,0.01,0.12886473696786538
2018-01-30T00:00:00.0,2018-01-30T06:00:00.0,6,0.0,1,0.0,0.0,0.01,0.12886473696786538
2018-01-30T01:00:00.0,2018-01-30T07:00:00.0,7,0.0,1,0.0,0.0,0.01,0.12886473696786538
2018-01-30T02:00:00.0,2018-01-30T08:00:00.0,8,0.0,1,0.0,0.0,0.01,0.12886473696786538
2018-01-30T03:00:00.0,2018-01-30T09:00:00.0,9,0.0,1,0.0,0.0,0.01,0.12886473696786538
2018-01-30T04:00:00.0,2018-01-30T10:00:00.0,10,0.0,1,0.0,0.0,0.01,0.12886473696786538
2018-01-30T05:00:00.0,2018-01-30T11:00:00.0,11,0.0,1,0.0,0.0,0.01,0.12886473696786538
2018-01-30T06:00:00.0,2018-01-30T12:00:00.0,12,0.0,1,0.0,0.0,0.01,0.12886473696786538
2018-01-30T07:00:00.0,2018-01-30T13:00:00.0,13,1004.784088,0,0.0,0.0,0.99,0.12886473696786538
2018-01-30T08:00:00.0,2018-01-30T14:00:00.0,14,14898.12677,0,15274.0518,15511.85494,0.0,2508.235688686371
2018-01-30T09:00:00.0,2018-01-30T15:00:00.0,15,31245.97146,1,28564.50414,35922.11605,0.627854803,3.9856876053756475e6
2018-01-30T10:00:00.0,2018-01-30T16:00:00.0,16,33836.06023,1,29663.09065,40099.94848,0.390732836,8.593745706249237e6
2018-01-30T11:00:00.0,2018-01-30T17:00:00.0,17,33204.38858,1,31187.66572,35843.92795,0.47638063,1.5440029982500076e6
2018-01-30T12:00:00.0,2018-01-30T18:00:00.0,18,32023.94624,1,31610.6091,39168.4591,0.103414859,4.450258712663412e6
2018-01-30T13:00:00.0,2018-01-30T19:00:00.0,19,32314.42381,1,28096.09252,33560.182,0.726473194,2.7288460407147408e6
2018-01-30T14:00:00.0,2018-01-30T20:00:00.0,20,33047.00448,1,31537.33244,37738.64006,0.303769243,3.4232861944315434e6
2018-01-30T15:00:00.0,2018-01-30T21:00:00.0,21,33319.09121,1,27698.68883,36606.6425,0.576765667,6.336323477060914e6
2018-01-30T16:00:00.0,2018-01-30T22:00:00.0,22,29094.28362,1,26890.41333,37184.74319,0.196708735,8.884312418827772e6
2018-01-30T17:00:00.0,2018-01-30T23:00:00.0,23,11473.82802,1,9860.1017,22001.629,0.110041358,1.3287619539830863e7
2018-01-30T18:00:00.0,2018-01-31T00:00:00.0,0,352.2051787,1,151.4993162,2484.301731,0.040054038,458993.7022538404
2018-01-30T19:00:00.0,2018-01-31T01:00:00.0,1,0.0,1,0.0,0.0,0.01,0.12886473696786538
2018-01-30T20:00:00.0,2018-01-31T02:00:00.0,2,0.0,1,0.0,0.0,0.01,0.12886473696786538
2018-01-30T21:00:00.0,2018-01-31T03:00:00.0,3,0.0,1,0.0,0.0,0.01,0.12886473696786538
2018-01-30T22:00:00.0,2018-01-31T04:00:00.0,4,0.0,1,0.0,0.0,0.01,0.12886473696786538
2018-01-30T23:00:00.0,2018-01-31T05:00:00.0,5,0.0,1,0.0,0.0,0.01,0.12886473696786538
2018-01-31T00:00:00.0,2018-01-31T06:00:00.0,6,0.0,1,0.0,0.0,0.01,0.12886473696786538
2018-01-31T01:00:00.0,2018-01-31T07:00:00.0,7,0.0,1,0.0,0.0,0.01,0.12886473696786538
2018-01-31T02:00:00.0,2018-01-31T08:00:00.0,8,0.0,1,0.0,0.0,0.01,0.12886473696786538
2018-01-31T03:00:00.0,2018-01-31T09:00:00.0,9,0.0,1,0.0,0.0,0.01,0.12886473696786538
2018-01-31T04:00:00.0,2018-01-31T10:00:00.0,10,0.0,1,0.0,0.0,0.01,0.12886473696786538
2018-01-31T05:00:00.0,2018-01-31T11:00:00.0,11,0.0,1,0.0,0.0,0.01,0.12886473696786538
2018-01-31T06:00:00.0,2018-01-31T12:00:00.0,12,0.0,1,0.0,0.0,0.01,0.12886473696786538
2018-01-31T07:00:00.0,2018-01-31T13:00:00.0,13,988.4989972,0,0.0,0.0,0.99,0.12886473696786538
2018-01-31T08:00:00.0,2018-01-31T14:00:00.0,14,13658.93189,1,13068.68576,17417.40932,0.461367197,965436.9342789948
2018-01-31T09:00:00.0,2018-01-31T15:00:00.0,15,29571.03977,1,21386.04481,34474.24513,0.776324942,1.369645148947525e7
2018-01-31T10:00:00.0,2018-01-31T16:00:00.0,16,32124.57565,1,29897.25947,35601.89403,0.55680916,2.5420316029081345e6
2018-01-31T11:00:00.0,2018-01-31T17:00:00.0,17,32129.04518,1,25792.50105,39849.67286,0.475759876,1.6757950137285829e7
2018-01-31T12:00:00.0,2018-01-31T18:00:00.0,18,31273.11871,1,28284.55656,32843.1496,0.62857398,1.7447654213266373e6
2018-01-31T13:00:00.0,2018-01-31T19:00:00.0,19,31923.11569,1,28092.37087,35783.23793,0.548910459,5.669655808969855e6
2018-01-31T14:00:00.0,2018-01-31T20:00:00.0,20,33237.64815,1,23758.23419,33958.32497,0.8984476,7.806687791812539e6
2018-01-31T15:00:00.0,2018-01-31T21:00:00.0,21,33695.26727,1,24924.16103,40671.99958,0.588918578,2.4960148728761554e7
2018-01-31T16:00:00.0,2018-01-31T22:00:00.0,22,29080.7077,1,19652.2182,35437.9504,0.424059605,2.2370521113247514e7
2018-01-31T17:00:00.0,2018-01-31T23:00:00.0,23,11665.47847,1,6595.239589,23800.74983,0.144918635,2.3764104247453153e7
2018-01-31T18:00:00.0,2018-02-01T00:00:00.0,0,358.3564503,1,144.2491306,2638.472652,0.070066138,481677.4501492176
2018-01-31T19:00:00.0,2018-02-01T01:00:00.0,1,0.0,1,0.0,0.0,0.01,0.12886473696786538
2018-01-31T20:00:00.0,2018-02-01T02:00:00.0,2,0.0,1,0.0,0.0,0.01,0.12886473696786538
2018-01-31T21:00:00.0,2018-02-01T03:00:00.0,3,0.0,1,0.0,0.0,0.01,0.12886473696786538
2018-01-31T22:00:00.0,2018-02-01T04:00:00.0,4,0.0,1,0.0,0.0,0.01,0.12886473696786538
2018-01-31T23:00:00.0,2018-02-01T05:00:00.0,5,0.0,1,0.0,0.0,0.01,0.12886473696786538
2018-02-01T00:00:00.0,2018-02-01T06:00:00.0,6,0.0,1,0.0,0.0,0.01,0.12886473696786538
2018-02-01T01:00:00.0,2018-02-01T07:00:00.0,7,0.0,1,0.0,0.0,0.01,0.12886473696786538
2018-02-01T02:00:00.0,2018-02-01T08:00:00.0,8,0.0,1,0.0,0.0,0.01,0.12886473696786538
2018-02-01T03:00:00.0,2018-02-01T09:00:00.0,9,0.0,1,0.0,0.0,0.01,0.12886473696786538
2018-02-01T04:00:00.0,2018-02-01T10:00:00.0,10,0.0,1,0.0,0.0,0.01,0.12886473696786538
2018-02-01T05:00:00.0,2018-02-01T11:00:00.0,11,0.0,1,0.0,0.0,0.01,0.12886473696786538
2018-02-01T06:00:00.0,2018-02-01T12:00:00.0,12,0.0,1,0.0,0.0,0.01,0.12886473696786538
2018-02-01T07:00:00.0,2018-02-01T13:00:00.0,13,828.8357903,0,0.0,0.0,0.99,0.12886473696786538
2018-02-01T08:00:00.0,2018-02-01T14:00:00.0,14,11830.33659,0,12108.93178,15139.95525,0.0,353217.54332250357
2018-02-01T09:00:00.0,2018-02-01T15:00:00.0,15,25828.6946,1,24896.20908,34200.08369,0.232271303,7.284726257064104e6
2018-02-01T10:00:00.0,2018-02-01T16:00:00.0,16,29476.10707,1,25515.93789,39232.9849,0.372850327,1.753588445766151e7
2018-02-01T11:00:00.0,2018-02-01T17:00:00.0,17,29476.62658,0,30309.08067,37644.8805,0.0,3.779002047390461e6
2018-02-01T12:00:00.0,2018-02-01T18:00:00.0,18,29114.78106,1,28407.03982,34377.98154,0.175916478,3.059088946027398e6
2018-02-01T13:00:00.0,2018-02-01T19:00:00.0,19,29503.27836,1,25459.55731,34434.1745,0.518982383,7.333799699032903e6
2018-02-01T14:00:00.0,2018-02-01T20:00:00.0,20,29725.72355,1,27192.6076,33801.17762,0.368979523,4.346515960468292e6
2018-02-01T15:00:00.0,2018-02-01T21:00:00.0,21,28945.63939,1,23169.75482,38964.12658,0.412560416,2.1951454674717665e7
2018-02-01T16:00:00.0,2018-02-01T22:00:00.0,22,23902.26911,1,18191.63924,31495.61895,0.335485079,1.256257944295144e7
2018-02-01T17:00:00.0,2018-02-01T23:00:00.0,23,9562.353517,1,6397.73445,17879.60156,0.159065786,1.1827133562107772e7
2018-02-01T18:00:00.0,2018-02-02T00:00:00.0,0,335.33447,1,30.95668274,2337.018272,0.074407001,438671.25522679556
2018-02-01T19:00:00.0,2018-02-02T01:00:00.0,1,0.0,1,0.0,0.0,0.01,0.12886473696786538
2018-02-01T20:00:00.0,2018-02-02T02:00:00.0,2,0.0,1,0.0,0.0,0.01,0.12886473696786538
2018-02-01T21:00:00.0,2018-02-02T03:00:00.0,3,0.0,1,0.0,0.0,0.01,0.12886473696786538
2018-02-01T22:00:00.0,2018-02-02T04:00:00.0,4,0.0,1,0.0,0.0,0.01,0.12886473696786538
2018-02-01T23:00:00.0,2018-02-02T05:00:00.0,5,0.0,1,0.0,0.0,0.01,0.12886473696786538
2018-02-02T00:00:00.0,2018-02-02T06:00:00.0,6,0.0,1,0.0,0.0,0.01,0.12886473696786538
2018-02-02T01:00:00.0,2018-02-02T07:00:00.0,7,0.0,1,0.0,0.0,0.01,0.12886473696786538
2018-02-02T02:00:00.0,2018-02-02T08:00:00.0,8,0.0,1,0.0,0.0,0.01,0.12886473696786538
2018-02-02T03:00:00.0,2018-02-02T09:00:00.0,9,0.0,1,0.0,0.0,0.01,0.12886473696786538
2018-02-02T04:00:00.0,2018-02-02T10:00:00.0,10,0.0,1,0.0,0.0,0.01,0.12886473696786538
2018-02-02T05:00:00.0,2018-02-02T11:00:00.0,11,0.0,1,0.0,0.0,0.01,0.12886473696786538
2018-02-02T06:00:00.0,2018-02-02T12:00:00.0,12,0.0,1,0.0,0.0,0.01,0.12886473696786538
2018-02-02T07:00:00.0,2018-02-02T13:00:00.0,13,628.5984343,0,0.0,0.0,0.99,0.12886473696786538
2018-02-02T08:00:00.0,2018-02-02T14:00:00.0,14,9262.993281,0,9669.129932,15623.08791,0.0,2.222119619304344e6
2018-02-02T09:00:00.0,2018-02-02T15:00:00.0,15,21327.49404,1,16524.12293,30726.73842,0.533003488,1.6460998083764434e7
2018-02-02T10:00:00.0,2018-02-02T16:00:00.0,16,26890.25602,1,23703.29765,36177.39996,0.361651696,1.2631930403111935e7
2018-02-02T11:00:00.0,2018-02-02T17:00:00.0,17,27791.21604,1,21914.17657,32113.79929,0.633397131,8.85954356765771e6
2018-02-02T12:00:00.0,2018-02-02T18:00:00.0,18,27596.52885,1,21806.6301,32273.34521,0.475417075,1.0657287403198361e7
2018-02-02T13:00:00.0,2018-02-02T19:00:00.0,19,27838.07534,1,24113.60305,31062.11756,0.558143019,4.434993444412708e6
2018-02-02T14:00:00.0,2018-02-02T20:00:00.0,20,28030.79208,1,21839.00321,36212.00485,0.380604042,1.9840273538129926e7
2018-02-02T15:00:00.0,2018-02-02T21:00:00.0,21,26329.72009,1,23202.41565,35610.22378,0.232617585,1.2965023561139584e7
2018-02-02T16:00:00.0,2018-02-02T22:00:00.0,22,21802.12703,1,17181.02587,28030.06215,0.321580147,1.0592224826401532e7
2018-02-02T17:00:00.0,2018-02-02T23:00:00.0,23,8035.019923,1,5830.122709,16575.85891,0.134373674,9.907790696112424e6
2018-02-02T18:00:00.0,2018-02-03T00:00:00.0,0,241.5058788,1,211.9967719,1779.759184,0.014098773,240392.45131611754
2018-02-02T19:00:00.0,2018-02-03T01:00:00.0,1,0.0,1,0.0,0.0,0.01,0.12886473696786538
2018-02-02T20:00:00.0,2018-02-03T02:00:00.0,2,0.0,1,0.0,0.0,0.01,0.12886473696786538
2018-02-02T21:00:00.0,2018-02-03T03:00:00.0,3,0.0,1,0.0,0.0,0.01,0.12886473696786538
2018-02-02T22:00:00.0,2018-02-03T04:00:00.0,4,0.0,1,0.0,0.0,0.01,0.12886473696786538
2018-02-02T23:00:00.0,2018-02-03T05:00:00.0,5,0.0,1,0.0,0.0,0.01,0.12886473696786538
2018-02-03T00:00:00.0,2018-02-03T06:00:00.0,6,0.0,1,0.0,0.0,0.01,0.12886473696786538
2018-02-03T01:00:00.0,2018-02-03T07:00:00.0,7,0.0,1,0.0,0.0,0.01,0.12886473696786538
2018-02-03T02:00:00.0,2018-02-03T08:00:00.0,8,0.0,1,0.0,0.0,0.01,0.12886473696786538
2018-02-03T03:00:00.0,2018-02-03T09:00:00.0,9,0.0,1,0.0,0.0,0.01,0.12886473696786538
2018-02-03T04:00:00.0,2018-02-03T10:00:00.0,10,0.0,1,0.0,0.0,0.01,0.12886473696786538
2018-02-03T05:00:00.0,2018-02-03T11:00:00.0,11,0.0,1,0.0,0.0,0.01,0.12886473696786538
2018-02-03T06:00:00.0,2018-02-03T12:00:00.0,12,0.0,1,0.0,0.0,0.01,0.12886473696786538
2018-02-03T07:00:00.0,2018-02-03T13:00:00.0,13,317.6071952,0,0.0,0.0,0.99,0.12886473696786538
2018-02-03T08:00:00.0,2018-02-03T14:00:00.0,14,5155.690325,0,5980.19389,14956.51163,0.0,4.900051836342514e6
2018-02-03T09:00:00.0,2018-02-03T15:00:00.0,15,11424.54923,1,9513.078054,28234.82717,0.212364429,3.101358583996421e7
2018-02-03T10:00:00.0,2018-02-03T16:00:00.0,16,15167.53709,1,14993.29608,31329.11788,0.032302647,2.5316428855059564e7
2018-02-03T11:00:00.0,2018-02-03T17:00:00.0,17,16832.81443,1,16607.76306,32668.43379,0.050693129,2.15340023208133e7
2018-02-03T12:00:00.0,2018-02-03T18:00:00.0,18,17746.58736,1,15299.59722,28428.09988,0.276192489,1.3312617164296031e7
2018-02-03T13:00:00.0,2018-02-03T19:00:00.0,19,18857.91138,1,17163.47315,28206.577,0.179434208,8.706452424644828e6
2018-02-03T14:00:00.0,2018-02-03T20:00:00.0,20,19407.16416,1,14150.89663,29212.18275,0.45598443,1.9151701334671676e7
2018-02-03T15:00:00.0,2018-02-03T21:00:00.0,21,20735.68698,1,18029.56081,30191.52076,0.278831252,1.3241443237799168e7
2018-02-03T16:00:00.0,2018-02-03T22:00:00.0,22,18790.30279,1,14451.98579,25314.36471,0.438039039,9.93791942220956e6
2018-02-03T17:00:00.0,2018-02-03T23:00:00.0,23,8841.016807,1,5622.864424,16629.4712,0.208779201,1.0845008298351377e7
2018-02-03T18:00:00.0,2018-02-04T00:00:00.0,0,437.5503939,1,60.42883059,2946.732125,0.075835219,709779.6596699362
2018-02-03T19:00:00.0,2018-02-04T01:00:00.0,1,0.0,1,0.0,0.0,0.01,0.12886473696786538
2018-02-03T20:00:00.0,2018-02-04T02:00:00.0,2,0.0,1,0.0,0.0,0.01,0.12886473696786538
2018-02-03T21:00:00.0,2018-02-04T03:00:00.0,3,0.0,1,0.0,0.0,0.01,0.12886473696786538
2018-02-03T22:00:00.0,2018-02-04T04:00:00.0,4,0.0,1,0.0,0.0,0.01,0.12886473696786538
2018-02-03T23:00:00.0,2018-02-04T05:00:00.0,5,0.0,1,0.0,0.0,0.01,0.12886473696786538
2018-02-04T00:00:00.0,2018-02-04T06:00:00.0,6,0.0,1,0.0,0.0,0.01,0.12886473696786538
2018-02-04T01:00:00.0,2018-02-04T07:00:00.0,7,0.0,1,0.0,0.0,0.01,0.12886473696786538
2018-02-04T02:00:00.0,2018-02-04T08:00:00.0,8,0.0,1,0.0,0.0,0.01,0.12886473696786538
2018-02-04T03:00:00.0,2018-02-04T09:00:00.0,9,0.0,1,0.0,0.0,0.01,0.12886473696786538
2018-02-04T04:00:00.0,2018-02-04T10:00:00.0,10,0.0,1,0.0,0.0,0.01,0.12886473696786538
2018-02-04T05:00:00.0,2018-02-04T11:00:00.0,11,0.0,1,0.0,0.0,0.01,0.12886473696786538
2018-02-04T06:00:00.0,2018-02-04T12:00:00.0,12,0.0,1,0.0,0.0,0.01,0.12886473696786538
2018-02-04T07:00:00.0,2018-02-04T13:00:00.0,13,725.797004,0,0.0,0.0,0.99,0.12886473696786538
2018-02-04T08:00:00.0,2018-02-04T14:00:00.0,14,10755.60706,1,10207.90112,16946.92593,0.307568631,1.7686539326224327e6
2018-02-04T09:00:00.0,2018-02-04T15:00:00.0,15,23361.17533,1,21397.8858,32835.75149,0.308784002,9.097611835666299e6
2018-02-04T10:00:00.0,2018-02-04T16:00:00.0,16,26730.24733,0,27418.08246,32812.22859,0.0,1.8654230741199255e6
2018-02-04T11:00:00.0,2018-02-04T17:00:00.0,17,28680.92194,1,27258.78161,33674.00984,0.279271506,3.242641925063491e6
2018-02-04T12:00:00.0,2018-02-04T18:00:00.0,18,29075.04248,1,27802.31102,32568.24168,0.272338851,1.7929093918870687e6
2018-02-04T13:00:00.0,2018-02-04T19:00:00.0,19,29388.14754,1,25734.03418,34417.35944,0.557091845,7.4582522939373255e6
2018-02-04T14:00:00.0,2018-02-04T20:00:00.0,20,30293.4031,1,24241.72825,39343.41266,0.538107675,1.8910650791383743e7
2018-02-04T15:00:00.0,2018-02-04T21:00:00.0,21,32036.09851,1,28993.43944,38191.69242,0.381501694,7.282092900571346e6
2018-02-04T16:00:00.0,2018-02-04T22:00:00.0,22,28538.78379,1,24953.43785,38117.91062,0.211524447,1.5688500129560232e7
2018-02-04T17:00:00.0,2018-02-04T23:00:00.0,23,12352.44016,1,8607.00077,23710.0459,0.179611298,1.93513557912516e7
2018-02-04T18:00:00.0,2018-02-05T00:00:00.0,0,560.7398757,1,160.4260562,3344.321488,0.065202653,806778.5046210056
2018-02-04T19:00:00.0,2018-02-05T01:00:00.0,1,0.0,1,0.0,0.0,0.01,0.12886473696786538
2018-02-04T20:00:00.0,2018-02-05T02:00:00.0,2,0.0,1,0.0,0.0,0.01,0.12886473696786538
2018-02-04T21:00:00.0,2018-02-05T03:00:00.0,3,0.0,1,0.0,0.0,0.01,0.12886473696786538
2018-02-04T22:00:00.0,2018-02-05T04:00:00.0,4,0.0,1,0.0,0.0,0.01,0.12886473696786538
2018-02-04T23:00:00.0,2018-02-05T05:00:00.0,5,0.0,1,0.0,0.0,0.01,0.12886473696786538
2018-02-05T00:00:00.0,2018-02-05T06:00:00.0,6,0.0,1,0.0,0.0,0.01,0.12886473696786538
2018-02-05T01:00:00.0,2018-02-05T07:00:00.0,7,0.0,1,0.0,0.0,0.01,0.12886473696786538
2018-02-05T02:00:00.0,2018-02-05T08:00:00.0,8,0.0,1,0.0,0.0,0.01,0.12886473696786538
2018-02-05T03:00:00.0,2018-02-05T09:00:00.0,9,0.0,1,0.0,0.0,0.01,0.12886473696786538
2018-02-05T04:00:00.0,2018-02-05T10:00:00.0,10,0.0,1,0.0,0.0,0.01,0.12886473696786538
2018-02-05T05:00:00.0,2018-02-05T11:00:00.0,11,0.0,1,0.0,0.0,0.01,0.12886473696786538
2018-02-05T06:00:00.0,2018-02-05T12:00:00.0,12,0.0,1,0.0,0.0,0.01,0.12886473696786538
2018-02-05T07:00:00.0,2018-02-05T13:00:00.0,13,1289.801813,0,0.0,0.0,0.99,0.12886473696786538
2018-02-05T08:00:00.0,2018-02-05T14:00:00.0,14,13000.4853,1,12295.19504,14817.61725,0.654622178,331955.0999765694
2018-02-05T09:00:00.0,2018-02-05T15:00:00.0,15,17564.93905,1,17117.0316,28569.24109,0.122570415,7.266782846748352e6
2018-02-05T10:00:00.0,2018-02-05T16:00:00.0,16,20235.32266,0,22030.37085,34966.25466,0.0,1.196152221411264e7
2018-02-05T11:00:00.0,2018-02-05T17:00:00.0,17,21804.11283,1,21536.01812,33329.07219,0.028736463,9.35655224642706e6
2018-02-05T12:00:00.0,2018-02-05T18:00:00.0,18,22897.93047,0,23743.10663,33540.87909,0.0,5.866348229004741e6
2018-02-05T13:00:00.0,2018-02-05T19:00:00.0,19,24030.89819,0,24425.46516,33847.73471,0.0,6.659796193801403e6
2018-02-05T14:00:00.0,2018-02-05T20:00:00.0,20,23496.01828,1,21046.67898,35394.8126,0.175328595,1.6435777062022924e7
2018-02-05T15:00:00.0,2018-02-05T21:00:00.0,21,22474.3933,1,22143.80638,36322.43047,0.045523564,1.3872742402780771e7
2018-02-05T16:00:00.0,2018-02-05T22:00:00.0,22,21640.67992,1,20321.99252,27934.80036,0.331645945,4.532878919028461e6
2018-02-05T17:00:00.0,2018-02-05T23:00:00.0,23,11990.60007,1,8039.849498,21900.56502,0.16273017,1.317165209915042e7
2018-02-05T18:00:00.0,2018-02-06T00:00:00.0,0,595.979193,1,67.3006133,3459.144712,0.065538712,844961.2091254881
2018-02-05T19:00:00.0,2018-02-06T01:00:00.0,1,0.0,1,0.0,0.0,0.01,0.12886473696786538
2018-02-05T20:00:00.0,2018-02-06T02:00:00.0,2,0.0,1,0.0,0.0,0.01,0.12886473696786538
2018-02-05T21:00:00.0,2018-02-06T03:00:00.0,3,0.0,1,0.0,0.0,0.01,0.12886473696786538
2018-02-05T22:00:00.0,2018-02-06T04:00:00.0,4,0.0,1,0.0,0.0,0.01,0.12886473696786538
2018-02-05T23:00:00.0,2018-02-06T05:00:00.0,5,0.0,1,0.0,0.0,0.01,0.12886473696786538
2018-02-06T00:00:00.0,2018-02-06T06:00:00.0,6,0.0,1,0.0,0.0,0.01,0.12886473696786538
2018-02-06T01:00:00.0,2018-02-06T07:00:00.0,7,0.0,1,0.0,0.0,0.01,0.12886473696786538
2018-02-06T02:00:00.0,2018-02-06T08:00:00.0,8,0.0,1,0.0,0.0,0.01,0.12886473696786538
2018-02-06T03:00:00.0,2018-02-06T09:00:00.0,9,0.0,1,0.0,0.0,0.01,0.12886473696786538
2018-02-06T04:00:00.0,2018-02-06T10:00:00.0,10,0.0,1,0.0,0.0,0.01,0.12886473696786538
2018-02-06T05:00:00.0,2018-02-06T11:00:00.0,11,0.0,1,0.0,0.0,0.01,0.12886473696786538
2018-02-06T06:00:00.0,2018-02-06T12:00:00.0,12,0.0,1,0.0,0.0,0.01,0.12886473696786538
2018-02-06T07:00:00.0,2018-02-06T13:00:00.0,13,513.6013436,0,0.0,0.0,0.99,0.12886473696786538
2018-02-06T08:00:00.0,2018-02-06T14:00:00.0,14,6582.741511,1,3198.349755,9071.433195,0.733901102,3.168771785023369e6
2018-02-06T09:00:00.0,2018-02-06T15:00:00.0,15,3873.488949,0,4451.222786,12086.1839,0.0,4.234017495283246e6
2018-02-06T10:00:00.0,2018-02-06T16:00:00.0,16,6063.606198,0,7453.685239,14275.34906,0.0,3.358118249211058e6
2018-02-06T11:00:00.0,2018-02-06T17:00:00.0,17,9246.739101,1,8535.55656,17912.20186,0.113888177,6.548522953556478e6
2018-02-06T12:00:00.0,2018-02-06T18:00:00.0,18,11914.51304,1,10177.75336,19691.38273,0.242437762,7.684101465828389e6
2018-02-06T13:00:00.0,2018-02-06T19:00:00.0,19,13362.15094,1,10460.06651,19702.45213,0.510255126,8.511195883872002e6
2018-02-06T14:00:00.0,2018-02-06T20:00:00.0,20,13953.91735,1,9074.425118,17979.30856,0.503091674,6.631558006411433e6
2018-02-06T15:00:00.0,2018-02-06T21:00:00.0,21,12851.31766,1,10377.72306,19387.94178,0.420576728,7.668643817008942e6
2018-02-06T16:00:00.0,2018-02-06T22:00:00.0,22,10508.33334,1,7767.832452,16873.38197,0.294392637,7.475500064008504e6
2018-02-06T17:00:00.0,2018-02-06T23:00:00.0,23,4516.668455,1,3035.109723,8248.665366,0.18929051,2.317856569958493e6
2018-02-06T18:00:00.0,2018-02-07T00:00:00.0,0,285.4415687,1,129.0916928,1524.493521,0.071062002,151260.29806399276
2018-02-06T19:00:00.0,2018-02-07T01:00:00.0,1,0.0,1,0.0,0.0,0.01,0.12886473696786538
2018-02-06T20:00:00.0,2018-02-07T02:00:00.0,2,0.0,1,0.0,0.0,0.01,0.12886473696786538
2018-02-06T21:00:00.0,2018-02-07T03:00:00.0,3,0.0,1,0.0,0.0,0.01,0.12886473696786538
2018-02-06T22:00:00.0,2018-02-07T04:00:00.0,4,0.0,1,0.0,0.0,0.01,0.12886473696786538
2018-02-06T23:00:00.0,2018-02-07T05:00:00.0,5,0.0,1,0.0,0.0,0.01,0.12886473696786538
2018-02-07T00:00:00.0,2018-02-07T06:00:00.0,6,0.0,1,0.0,0.0,0.01,0.12886473696786538
2018-02-07T01:00:00.0,2018-02-07T07:00:00.0,7,0.0,1,0.0,0.0,0.01,0.12886473696786538
2018-02-07T02:00:00.0,2018-02-07T08:00:00.0,8,0.0,1,0.0,0.0,0.01,0.12886473696786538
2018-02-07T03:00:00.0,2018-02-07T09:00:00.0,9,0.0,1,0.0,0.0,0.01,0.12886473696786538
2018-02-07T04:00:00.0,2018-02-07T10:00:00.0,10,0.0,1,0.0,0.0,0.01,0.12886473696786538
2018-02-07T05:00:00.0,2018-02-07T11:00:00.0,11,0.0,1,0.0,0.0,0.01,0.12886473696786538
2018-02-07T06:00:00.0,2018-02-07T12:00:00.0,12,0.0,1,0.0,0.0,0.01,0.12886473696786538
2018-02-07T07:00:00.0,2018-02-07T13:00:00.0,13,550.9232335,0,0.0,0.0,0.99,0.12886473696786538
2018-02-07T08:00:00.0,2018-02-07T14:00:00.0,14,7990.770571,1,3466.448102,11772.93835,0.763952267,5.302387995338015e6
2018-02-07T09:00:00.0,2018-02-07T15:00:00.0,15,19383.53,1,5481.604629,19752.28314,0.950823968,2.00061337723884e7
2018-02-07T10:00:00.0,2018-02-07T16:00:00.0,16,23993.0313,0,8921.634506,23455.15308,1.0,1.7288542677859247e7
2018-02-07T11:00:00.0,2018-02-07T17:00:00.0,17,25772.59238,0,10705.7071,25601.61522,1.0,1.5937575377223015e7
2018-02-07T12:00:00.0,2018-02-07T18:00:00.0,18,25556.87217,1,12543.3195,28572.45073,0.70610628,2.2059302304590642e7
2018-02-07T13:00:00.0,2018-02-07T19:00:00.0,19,25557.61939,1,14990.62228,26802.73129,0.823481886,8.562167611403406e6
2018-02-07T14:00:00.0,2018-02-07T20:00:00.0,20,25744.00629,1,12467.79346,29923.33425,0.736524797,2.4151094434322774e7
2018-02-07T15:00:00.0,2018-02-07T21:00:00.0,21,26420.50175,1,19454.21969,29240.32755,0.730339078,6.973965473053575e6
2018-02-07T16:00:00.0,2018-02-07T22:00:00.0,22,24374.1264,1,18038.79498,28264.63682,0.435253588,8.090135938096046e6
2018-02-07T17:00:00.0,2018-02-07T23:00:00.0,23,12117.95496,1,6950.016138,21112.9248,0.262890371,1.784556026041752e7
2018-02-07T18:00:00.0,2018-02-08T00:00:00.0,0,814.8717772,1,63.29896789,4457.472698,0.104710124,1.5924475654160194e6
2018-02-07T19:00:00.0,2018-02-08T01:00:00.0,1,0.0,1,0.0,0.0,0.01,0.12886473696786538
2018-02-07T20:00:00.0,2018-02-08T02:00:00.0,2,0.0,1,0.0,0.0,0.01,0.12886473696786538
2018-02-07T21:00:00.0,2018-02-08T03:00:00.0,3,0.0,1,0.0,0.0,0.01,0.12886473696786538
2018-02-07T22:00:00.0,2018-02-08T04:00:00.0,4,0.0,1,0.0,0.0,0.01,0.12886473696786538
2018-02-07T23:00:00.0,2018-02-08T05:00:00.0,5,0.0,1,0.0,0.0,0.01,0.12886473696786538
2018-02-08T00:00:00.0,2018-02-08T06:00:00.0,6,0.0,1,0.0,0.0,0.01,0.12886473696786538
2018-02-08T01:00:00.0,2018-02-08T07:00:00.0,7,0.0,1,0.0,0.0,0.01,0.12886473696786538
2018-02-08T02:00:00.0,2018-02-08T08:00:00.0,8,0.0,1,0.0,0.0,0.01,0.12886473696786538
2018-02-08T03:00:00.0,2018-02-08T09:00:00.0,9,0.0,1,0.0,0.0,0.01,0.12886473696786538
2018-02-08T04:00:00.0,2018-02-08T10:00:00.0,10,0.0,1,0.0,0.0,0.01,0.12886473696786538
2018-02-08T05:00:00.0,2018-02-08T11:00:00.0,11,0.0,1,0.0,0.0,0.01,0.12886473696786538
2018-02-08T06:00:00.0,2018-02-08T12:00:00.0,12,0.0,1,0.0,0.0,0.01,0.12886473696786538
2018-02-08T07:00:00.0,2018-02-08T13:00:00.0,13,1674.798444,0,0.0,0.0,0.99,0.12886473696786538
2018-02-08T08:00:00.0,2018-02-08T14:00:00.0,14,16232.36012,1,13095.03574,18952.64366,0.829491034,2.310302652374476e6
2018-02-08T09:00:00.0,2018-02-08T15:00:00.0,15,30476.45277,1,26268.44239,35832.38125,0.621878944,8.483635288781404e6
2018-02-08T10:00:00.0,2018-02-08T16:00:00.0,16,32420.22774,1,26378.47973,38303.33199,0.503598713,1.059016845428598e7
2018-02-08T11:00:00.0,2018-02-08T17:00:00.0,17,32099.6983,1,25642.48047,40391.37455,0.494295796,1.9401121394833088e7
2018-02-08T12:00:00.0,2018-02-08T18:00:00.0,18,31012.33826,1,23705.5554,34207.78881,0.699099104,9.42802498805666e6
2018-02-08T13:00:00.0,2018-02-08T19:00:00.0,19,30362.58999,1,26235.18204,34917.89178,0.499826244,6.565377213763475e6
2018-02-08T14:00:00.0,2018-02-08T20:00:00.0,20,30730.38689,1,25978.69615,34635.13168,0.60311317,6.345368108057022e6
2018-02-08T15:00:00.0,2018-02-08T21:00:00.0,21,29785.74874,1,24470.17132,36104.30362,0.408126339,1.1147165219789863e7
2018-02-08T16:00:00.0,2018-02-08T22:00:00.0,22,25863.46847,1,20369.89883,33899.32163,0.314817011,1.4845420549263e7
2018-02-08T17:00:00.0,2018-02-08T23:00:00.0,23,11244.31938,1,9641.54595,22415.47946,0.08983104,1.4302456453517973e7
2018-02-08T18:00:00.0,2018-02-09T00:00:00.0,0,751.2044879,1,60.80788812,4336.68432,0.083839683,1.6738154269135594e6
2018-02-08T19:00:00.0,2018-02-09T01:00:00.0,1,0.0,1,0.0,0.0,0.01,0.12886473696786538
2018-02-08T20:00:00.0,2018-02-09T02:00:00.0,2,0.0,1,0.0,0.0,0.01,0.12886473696786538
2018-02-08T21:00:00.0,2018-02-09T03:00:00.0,3,0.0,1,0.0,0.0,0.01,0.12886473696786538
2018-02-08T22:00:00.0,2018-02-09T04:00:00.0,4,0.0,1,0.0,0.0,0.01,0.12886473696786538
2018-02-08T23:00:00.0,2018-02-09T05:00:00.0,5,0.0,1,0.0,0.0,0.01,0.12886473696786538
2018-02-09T00:00:00.0,2018-02-09T06:00:00.0,6,0.0,1,0.0,0.0,0.01,0.12886473696786538
2018-02-09T01:00:00.0,2018-02-09T07:00:00.0,7,0.0,1,0.0,0.0,0.01,0.12886473696786538
2018-02-09T02:00:00.0,2018-02-09T08:00:00.0,8,0.0,1,0.0,0.0,0.01,0.12886473696786538
2018-02-09T03:00:00.0,2018-02-09T09:00:00.0,9,0.0,1,0.0,0.0,0.01,0.12886473696786538
2018-02-09T04:00:00.0,2018-02-09T10:00:00.0,10,0.0,1,0.0,0.0,0.01,0.12886473696786538
2018-02-09T05:00:00.0,2018-02-09T11:00:00.0,11,0.0,1,0.0,0.0,0.01,0.12886473696786538
2018-02-09T06:00:00.0,2018-02-09T12:00:00.0,12,0.0,1,0.0,0.0,0.01,0.12886473696786538
2018-02-09T07:00:00.0,2018-02-09T13:00:00.0,13,945.9154385,0,0.0,0.0,0.99,0.12886473696786538
2018-02-09T08:00:00.0,2018-02-09T14:00:00.0,14,10584.62573,1,8679.154702,14228.52764,0.653113258,1.6116171927185953e6
2018-02-09T09:00:00.0,2018-02-09T15:00:00.0,15,20953.91753,1,20484.38632,28269.71353,0.171143591,3.8045642825132012e6
2018-02-09T10:00:00.0,2018-02-09T16:00:00.0,16,22928.68524,0,23510.78225,31679.72502,0.0,5.982181739423156e6
2018-02-09T11:00:00.0,2018-02-09T17:00:00.0,17,23574.98286,0,24654.03101,35752.28307,0.0,9.426678965593576e6
2018-02-09T12:00:00.0,2018-02-09T18:00:00.0,18,23627.38011,1,22409.73476,35303.09755,0.110021592,1.2268539705897212e7
2018-02-09T13:00:00.0,2018-02-09T19:00:00.0,19,23507.58405,1,20276.42677,35682.88295,0.283471379,2.15330925345515e7
2018-02-09T14:00:00.0,2018-02-09T20:00:00.0,20,24171.39216,1,19946.98549,30725.81469,0.367464171,1.0652433747459173e7
2018-02-09T15:00:00.0,2018-02-09T21:00:00.0,21,23280.93453,1,20008.16049,29855.188,0.363346029,8.891562591536641e6
2018-02-09T16:00:00.0,2018-02-09T22:00:00.0,22,20145.50072,1,19243.84039,28768.42033,0.130032518,7.425768703915119e6
2018-02-09T17:00:00.0,2018-02-09T23:00:00.0,23,9564.411059,1,8259.419438,18109.89278,0.094535508,8.961770464030206e6
2018-02-09T18:00:00.0,2018-02-10T00:00:00.0,0,734.1522753,1,57.44508534,3795.575515,0.127401059,1.187261883186399e6
2018-02-09T19:00:00.0,2018-02-10T01:00:00.0,1,0.0,1,0.0,0.0,0.01,0.12886473696786538
2018-02-09T20:00:00.0,2018-02-10T02:00:00.0,2,0.0,1,0.0,0.0,0.01,0.12886473696786538
2018-02-09T21:00:00.0,2018-02-10T03:00:00.0,3,0.0,1,0.0,0.0,0.01,0.12886473696786538
2018-02-09T22:00:00.0,2018-02-10T04:00:00.0,4,0.0,1,0.0,0.0,0.01,0.12886473696786538
2018-02-09T23:00:00.0,2018-02-10T05:00:00.0,5,0.0,1,0.0,0.0,0.01,0.12886473696786538
2018-02-10T00:00:00.0,2018-02-10T06:00:00.0,6,0.0,1,0.0,0.0,0.01,0.12886473696786538
2018-02-10T01:00:00.0,2018-02-10T07:00:00.0,7,0.0,1,0.0,0.0,0.01,0.12886473696786538
2018-02-10T02:00:00.0,2018-02-10T08:00:00.0,8,0.0,1,0.0,0.0,0.01,0.12886473696786538
2018-02-10T03:00:00.0,2018-02-10T09:00:00.0,9,0.0,1,0.0,0.0,0.01,0.12886473696786538
2018-02-10T04:00:00.0,2018-02-10T10:00:00.0,10,0.0,1,0.0,0.0,0.01,0.12886473696786538
2018-02-10T05:00:00.0,2018-02-10T11:00:00.0,11,0.0,1,0.0,0.0,0.01,0.12886473696786538
2018-02-10T06:00:00.0,2018-02-10T12:00:00.0,12,0.0,1,0.0,0.0,0.01,0.12886473696786538
2018-02-10T07:00:00.0,2018-02-10T13:00:00.0,13,755.803601,0,0.0,0.0,0.99,0.12886473696786538
2018-02-10T08:00:00.0,2018-02-10T14:00:00.0,14,9565.577433,1,8000.334589,12880.31266,0.655947706,1.3807792401309311e6
2018-02-10T09:00:00.0,2018-02-10T15:00:00.0,15,12616.75526,1,11502.08848,22354.63772,0.241425137,8.931862224029094e6
2018-02-10T10:00:00.0,2018-02-10T16:00:00.0,16,16096.50797,0,17064.40724,30048.23004,0.0,1.0575013666623056e7
2018-02-10T11:00:00.0,2018-02-10T17:00:00.0,17,18744.81518,1,15778.65273,29787.33683,0.305244418,1.588792024054724e7
2018-02-10T12:00:00.0,2018-02-10T18:00:00.0,18,21187.79661,1,17827.84422,27088.18477,0.474141924,6.312278959908426e6
2018-02-10T13:00:00.0,2018-02-10T19:00:00.0,19,21752.82733,1,18044.23271,26706.13282,0.459178809,5.486554335369289e6
2018-02-10T14:00:00.0,2018-02-10T20:00:00.0,20,22023.68545,1,18937.98265,26724.62808,0.469662254,6.313884379446268e6
2018-02-10T15:00:00.0,2018-02-10T21:00:00.0,21,20629.6249,1,20054.34702,32221.52677,0.081901172,1.3467240469657302e7
2018-02-10T16:00:00.0,2018-02-10T22:00:00.0,22,18240.54849,1,16642.82136,25138.02785,0.247219453,6.658378989935994e6
2018-02-10T17:00:00.0,2018-02-10T23:00:00.0,23,9703.588309,1,7662.422282,20051.12182,0.126476185,1.2380236905355483e7
2018-02-10T18:00:00.0,2018-02-11T00:00:00.0,0,623.0343565,1,169.974521,3246.30325,0.074567585,706365.8510167869
2018-02-10T19:00:00.0,2018-02-11T01:00:00.0,1,0.0,1,0.0,0.0,0.01,0.12886473696786538
2018-02-10T20:00:00.0,2018-02-11T02:00:00.0,2,0.0,1,0.0,0.0,0.01,0.12886473696786538
2018-02-10T21:00:00.0,2018-02-11T03:00:00.0,3,0.0,1,0.0,0.0,0.01,0.12886473696786538
2018-02-10T22:00:00.0,2018-02-11T04:00:00.0,4,0.0,1,0.0,0.0,0.01,0.12886473696786538
2018-02-10T23:00:00.0,2018-02-11T05:00:00.0,5,0.0,1,0.0,0.0,0.01,0.12886473696786538
2018-02-11T00:00:00.0,2018-02-11T06:00:00.0,6,0.0,1,0.0,0.0,0.01,0.12886473696786538
2018-02-11T01:00:00.0,2018-02-11T07:00:00.0,7,0.0,1,0.0,0.0,0.01,0.12886473696786538
2018-02-11T02:00:00.0,2018-02-11T08:00:00.0,8,0.0,1,0.0,0.0,0.01,0.12886473696786538
2018-02-11T03:00:00.0,2018-02-11T09:00:00.0,9,0.0,1,0.0,0.0,0.01,0.12886473696786538
2018-02-11T04:00:00.0,2018-02-11T10:00:00.0,10,0.0,1,0.0,0.0,0.01,0.12886473696786538
2018-02-11T05:00:00.0,2018-02-11T11:00:00.0,11,0.0,1,0.0,0.0,0.01,0.12886473696786538
2018-02-11T06:00:00.0,2018-02-11T12:00:00.0,12,0.0,1,0.0,0.0,0.01,0.12886473696786538
2018-02-11T07:00:00.0,2018-02-11T13:00:00.0,13,1455.363691,0,0.0,0.0,0.99,0.12886473696786538
2018-02-11T08:00:00.0,2018-02-11T14:00:00.0,14,6517.718529,1,5528.402969,15663.16558,0.263103272,8.961032555091292e6
2018-02-11T09:00:00.0,2018-02-11T15:00:00.0,15,9779.181056,1,9488.251455,21686.427,0.044888328,1.1582370229690284e7
2018-02-11T10:00:00.0,2018-02-11T16:00:00.0,16,13456.33909,0,13885.32262,25321.34772,0.0,8.178487432190776e6
2018-02-11T11:00:00.0,2018-02-11T17:00:00.0,17,18264.62199,1,15044.25603,29092.10826,0.305248406,1.5308532027488172e7
2018-02-11T12:00:00.0,2018-02-11T18:00:00.0,18,20709.86584,1,16284.29873,25674.38856,0.589495236,6.133862219358683e6
2018-02-11T13:00:00.0,2018-02-11T19:00:00.0,19,22005.26045,1,15159.98392,27997.09161,0.559018171,1.6404776257311225e7
2018-02-11T14:00:00.0,2018-02-11T20:00:00.0,20,23405.03381,1,14428.66269,25978.79661,0.729004283,1.1067641187249422e7
2018-02-11T15:00:00.0,2018-02-11T21:00:00.0,21,23568.62418,1,21373.4077,30078.30761,0.305982517,6.737417692328215e6
2018-02-11T16:00:00.0,2018-02-11T22:00:00.0,22,22751.17808,1,16170.47977,25089.46501,0.675894229,5.137831640983105e6
2018-02-11T17:00:00.0,2018-02-11T23:00:00.0,23,12126.78774,1,6283.829827,21981.14745,0.244316759,2.144075914829272e7
2018-02-11T18:00:00.0,2018-02-12T00:00:00.0,0,1019.128234,1,246.5789204,4877.91433,0.088115436,1.7111123951335587e6
2018-02-11T19:00:00.0,2018-02-12T01:00:00.0,1,0.0,1,0.0,0.0,0.01,0.12886473696786538
2018-02-11T20:00:00.0,2018-02-12T02:00:00.0,2,0.0,1,0.0,0.0,0.01,0.12886473696786538
2018-02-11T21:00:00.0,2018-02-12T03:00:00.0,3,0.0,1,0.0,0.0,0.01,0.12886473696786538
2018-02-11T22:00:00.0,2018-02-12T04:00:00.0,4,0.0,1,0.0,0.0,0.01,0.12886473696786538
2018-02-11T23:00:00.0,2018-02-12T05:00:00.0,5,0.0,1,0.0,0.0,0.01,0.12886473696786538
2018-02-12T00:00:00.0,2018-02-12T06:00:00.0,6,0.0,1,0.0,0.0,0.01,0.12886473696786538
2018-02-12T01:00:00.0,2018-02-12T07:00:00.0,7,0.0,1,0.0,0.0,0.01,0.12886473696786538
2018-02-12T02:00:00.0,2018-02-12T08:00:00.0,8,0.0,1,0.0,0.0,0.01,0.12886473696786538
2018-02-12T03:00:00.0,2018-02-12T09:00:00.0,9,0.0,1,0.0,0.0,0.01,0.12886473696786538
2018-02-12T04:00:00.0,2018-02-12T10:00:00.0,10,0.0,1,0.0,0.0,0.01,0.12886473696786538
2018-02-12T05:00:00.0,2018-02-12T11:00:00.0,11,0.0,1,0.0,0.0,0.01,0.12886473696786538
2018-02-12T06:00:00.0,2018-02-12T12:00:00.0,12,0.0,1,0.0,0.0,0.01,0.12886473696786538
2018-02-12T07:00:00.0,2018-02-12T13:00:00.0,13,1737.197458,0,0.0,0.0,0.99,0.12886473696786538
2018-02-12T08:00:00.0,2018-02-12T14:00:00.0,14,12384.83615,1,11872.64409,22240.1368,0.144549054,6.294752256218612e6
2018-02-12T09:00:00.0,2018-02-12T15:00:00.0,15,23367.71751,1,22880.96483,33516.34124,0.059915405,9.571178312223792e6
2018-02-12T10:00:00.0,2018-02-12T16:00:00.0,16,26450.66807,0,26700.81845,39434.39812,0.0,1.1899773472823024e7
2018-02-12T11:00:00.0,2018-02-12T17:00:00.0,17,28168.87334,1,25105.37773,40746.74745,0.262664889,1.6728864666975021e7
2018-02-12T12:00:00.0,2018-02-12T18:00:00.0,18,29686.69173,1,28063.54787,38366.70251,0.199605728,8.178354114490986e6
2018-02-12T13:00:00.0,2018-02-12T19:00:00.0,19,30089.49444,1,26408.35185,34849.2568,0.513686176,6.5283212973355055e6
2018-02-12T14:00:00.0,2018-02-12T20:00:00.0,20,30846.73638,1,26153.96293,38241.35963,0.417431491,1.3187317070709348e7
2018-02-12T15:00:00.0,2018-02-12T21:00:00.0,21,30265.22853,1,25655.74649,38390.18045,0.453697521,1.380712519160068e7
2018-02-12T16:00:00.0,2018-02-12T22:00:00.0,22,27949.27341,1,23238.05807,33680.55385,0.543194313,8.578243786939383e6
2018-02-12T17:00:00.0,2018-02-12T23:00:00.0,23,15757.75785,1,9877.819862,26114.79665,0.174451828,1.8231842192001283e7
2018-02-12T18:00:00.0,2018-02-13T00:00:00.0,0,1227.503773,1,405.8056794,5729.184728,0.105183107,2.28811790407151e6
2018-02-12T19:00:00.0,2018-02-13T01:00:00.0,1,0.0,1,0.0,0.0,0.01,0.12886473696786538
2018-02-12T20:00:00.0,2018-02-13T02:00:00.0,2,0.0,1,0.0,0.0,0.01,0.12886473696786538
2018-02-12T21:00:00.0,2018-02-13T03:00:00.0,3,0.0,1,0.0,0.0,0.01,0.12886473696786538
2018-02-12T22:00:00.0,2018-02-13T04:00:00.0,4,0.0,1,0.0,0.0,0.01,0.12886473696786538
2018-02-12T23:00:00.0,2018-02-13T05:00:00.0,5,0.0,1,0.0,0.0,0.01,0.12886473696786538
2018-02-13T00:00:00.0,2018-02-13T06:00:00.0,6,0.0,1,0.0,0.0,0.01,0.12886473696786538
2018-02-13T01:00:00.0,2018-02-13T07:00:00.0,7,0.0,1,0.0,0.0,0.01,0.12886473696786538
2018-02-13T02:00:00.0,2018-02-13T08:00:00.0,8,0.0,1,0.0,0.0,0.01,0.12886473696786538
2018-02-13T03:00:00.0,2018-02-13T09:00:00.0,9,0.0,1,0.0,0.0,0.01,0.12886473696786538
2018-02-13T04:00:00.0,2018-02-13T10:00:00.0,10,0.0,1,0.0,0.0,0.01,0.12886473696786538
2018-02-13T05:00:00.0,2018-02-13T11:00:00.0,11,0.0,1,0.0,0.0,0.01,0.12886473696786538
2018-02-13T06:00:00.0,2018-02-13T12:00:00.0,12,0.0,1,0.0,0.0,0.01,0.12886473696786538
2018-02-13T07:00:00.0,2018-02-13T13:00:00.0,13,1193.706149,0,0.0,0.0,0.99,0.12886473696786538
2018-02-13T08:00:00.0,2018-02-13T14:00:00.0,14,6845.474914,1,5342.368264,11286.48831,0.412119743,2.8329341632772237e6
2018-02-13T09:00:00.0,2018-02-13T15:00:00.0,15,9070.262917,1,8058.261335,20627.85893,0.31068057,1.125253966753611e7
2018-02-13T10:00:00.0,2018-02-13T16:00:00.0,16,12566.19279,1,12167.15443,25291.2739,0.0417567,1.1010340331480443e7
2018-02-13T11:00:00.0,2018-02-13T17:00:00.0,17,15974.92022,1,14185.31345,22843.22336,0.331630668,5.415254079764545e6
2018-02-13T12:00:00.0,2018-02-13T18:00:00.0,18,18660.74625,1,14460.40284,24382.65522,0.456298774,9.05015450231886e6
2018-02-13T13:00:00.0,2018-02-13T19:00:00.0,19,19279.04863,1,12774.62633,26280.81762,0.521242627,1.5066630173292935e7
2018-02-13T14:00:00.0,2018-02-13T20:00:00.0,20,19117.24296,1,13838.13442,24804.21016,0.435782523,1.0149250864794493e7
2018-02-13T15:00:00.0,2018-02-13T21:00:00.0,21,18810.34908,1,11002.08752,28247.0382,0.419970814,2.5997671207232535e7
2018-02-13T16:00:00.0,2018-02-13T22:00:00.0,22,14170.65043,1,8620.755418,25137.31765,0.28984883,2.241591608286202e7
2018-02-13T17:00:00.0,2018-02-13T23:00:00.0,23,6578.482514,1,3835.041432,12071.84468,0.207199271,6.252773387632668e6
2018-02-13T18:00:00.0,2018-02-14T00:00:00.0,0,568.6242313,1,262.6265601,2486.11748,0.065884079,441676.769683335
2018-02-13T19:00:00.0,2018-02-14T01:00:00.0,1,0.0,1,0.0,0.0,0.01,0.12886473696786538
2018-02-13T20:00:00.0,2018-02-14T02:00:00.0,2,0.0,1,0.0,0.0,0.01,0.12886473696786538
2018-02-13T21:00:00.0,2018-02-14T03:00:00.0,3,0.0,1,0.0,0.0,0.01,0.12886473696786538
2018-02-13T22:00:00.0,2018-02-14T04:00:00.0,4,0.0,1,0.0,0.0,0.01,0.12886473696786538
2018-02-13T23:00:00.0,2018-02-14T05:00:00.0,5,0.0,1,0.0,0.0,0.01,0.12886473696786538
2018-02-14T00:00:00.0,2018-02-14T06:00:00.0,6,0.0,1,0.0,0.0,0.01,0.12886473696786538
2018-02-14T01:00:00.0,2018-02-14T07:00:00.0,7,0.0,1,0.0,0.0,0.01,0.12886473696786538
2018-02-14T02:00:00.0,2018-02-14T08:00:00.0,8,0.0,1,0.0,0.0,0.01,0.12886473696786538
2018-02-14T03:00:00.0,2018-02-14T09:00:00.0,9,0.0,1,0.0,0.0,0.01,0.12886473696786538
2018-02-14T04:00:00.0,2018-02-14T10:00:00.0,10,0.0,1,0.0,0.0,0.01,0.12886473696786538
2018-02-14T05:00:00.0,2018-02-14T11:00:00.0,11,0.0,1,0.0,0.0,0.01,0.12886473696786538
2018-02-14T06:00:00.0,2018-02-14T12:00:00.0,12,0.0,1,0.0,0.0,0.01,0.12886473696786538
2018-02-14T07:00:00.0,2018-02-14T13:00:00.0,13,831.2662656,0,0.0,0.0,0.99,0.12886473696786538
2018-02-14T08:00:00.0,2018-02-14T14:00:00.0,14,5398.665129,1,3026.63164,8071.061427,0.710849614,2.1006483839757927e6
2018-02-14T09:00:00.0,2018-02-14T15:00:00.0,15,11070.2319,1,6161.634564,16647.95389,0.628637327,8.25185171633628e6
2018-02-14T10:00:00.0,2018-02-14T16:00:00.0,16,15836.1772,1,8537.892686,18697.61403,0.687412976,9.19053426880759e6
2018-02-14T11:00:00.0,2018-02-14T17:00:00.0,17,19556.29743,1,11498.73177,21441.94448,0.834844634,7.847034832530528e6
2018-02-14T12:00:00.0,2018-02-14T18:00:00.0,18,21865.51552,1,19041.8729,28908.2333,0.349547249,8.45675763907969e6
2018-02-14T13:00:00.0,2018-02-14T19:00:00.0,19,23030.83442,1,19963.44993,26618.03857,0.509023017,3.890315411652863e6
2018-02-14T14:00:00.0,2018-02-14T20:00:00.0,20,25361.33872,0,17958.89774,24556.55198,1.0,4.097511191847801e6
2018-02-14T15:00:00.0,2018-02-14T21:00:00.0,21,26408.32484,1,21451.33768,29027.76813,0.501926649,4.78751161305356e6
2018-02-14T16:00:00.0,2018-02-14T22:00:00.0,22,24915.48645,1,14005.74769,26526.84324,0.801798884,1.3416236182124913e7
2018-02-14T17:00:00.0,2018-02-14T23:00:00.0,23,12724.85306,1,5539.37924,20188.02833,0.363806831,1.588038623328498e7
2018-02-14T18:00:00.0,2018-02-15T00:00:00.0,0,1137.555639,1,179.072681,5312.586758,0.071081236,2.0074556421375796e6
2018-02-14T19:00:00.0,2018-02-15T01:00:00.0,1,0.0,1,0.0,0.0,0.01,0.12886473696786538
2018-02-14T20:00:00.0,2018-02-15T02:00:00.0,2,0.0,1,0.0,0.0,0.01,0.12886473696786538
2018-02-14T21:00:00.0,2018-02-15T03:00:00.0,3,0.0,1,0.0,0.0,0.01,0.12886473696786538
2018-02-14T22:00:00.0,2018-02-15T04:00:00.0,4,0.0,1,0.0,0.0,0.01,0.12886473696786538
2018-02-14T23:00:00.0,2018-02-15T05:00:00.0,5,0.0,1,0.0,0.0,0.01,0.12886473696786538
2018-02-15T00:00:00.0,2018-02-15T06:00:00.0,6,0.0,1,0.0,0.0,0.01,0.12886473696786538
2018-02-15T01:00:00.0,2018-02-15T07:00:00.0,7,0.0,1,0.0,0.0,0.01,0.12886473696786538
2018-02-15T02:00:00.0,2018-02-15T08:00:00.0,8,0.0,1,0.0,0.0,0.01,0.12886473696786538
2018-02-15T03:00:00.0,2018-02-15T09:00:00.0,9,0.0,1,0.0,0.0,0.01,0.12886473696786538
2018-02-15T04:00:00.0,2018-02-15T10:00:00.0,10,0.0,1,0.0,0.0,0.01,0.12886473696786538
2018-02-15T05:00:00.0,2018-02-15T11:00:00.0,11,0.0,1,0.0,0.0,0.01,0.12886473696786538
2018-02-15T06:00:00.0,2018-02-15T12:00:00.0,12,0.0,1,0.0,0.0,0.01,0.12886473696786538
2018-02-15T07:00:00.0,2018-02-15T13:00:00.0,13,1323.274553,0,0.0,0.0,0.99,0.12886473696786538
2018-02-15T08:00:00.0,2018-02-15T14:00:00.0,14,6125.314937,1,5561.799172,12879.09102,0.205148278,3.3269952386121154e6
2018-02-15T09:00:00.0,2018-02-15T15:00:00.0,15,10783.24549,0,10817.77501,20567.93547,0.0,7.382423822591245e6
2018-02-15T10:00:00.0,2018-02-15T16:00:00.0,16,13395.5108,0,15747.84534,23968.58776,0.0,3.746369621521473e6
2018-02-15T11:00:00.0,2018-02-15T17:00:00.0,17,18095.59684,0,18780.77367,27442.68504,0.0,4.271656974277258e6
2018-02-15T12:00:00.0,2018-02-15T18:00:00.0,18,20784.92266,0,20915.70408,30502.98644,0.0,7.0313776047946215e6
2018-02-15T13:00:00.0,2018-02-15T19:00:00.0,19,21703.91818,1,19501.36645,31329.03652,0.240887265,1.0715500574922085e7
2018-02-15T14:00:00.0,2018-02-15T20:00:00.0,20,21315.25961,1,19110.70577,28435.97046,0.317127384,7.613369116206288e6
2018-02-15T15:00:00.0,2018-02-15T21:00:00.0,21,21263.89813,1,15099.92168,34668.6259,0.346727263,3.4223785917474866e7
2018-02-15T16:00:00.0,2018-02-15T22:00:00.0,22,18458.43319,1,11022.77702,24259.29717,0.444292949,1.20800817452057e7
2018-02-15T17:00:00.0,2018-02-15T23:00:00.0,23,9833.604702,1,4593.844656,16682.19742,0.262079552,1.1597150416946322e7
2018-02-15T18:00:00.0,2018-02-16T00:00:00.0,0,795.2342596,1,28.68304934,3708.651346,0.086348385,1.0365629529032586e6
2018-02-15T19:00:00.0,2018-02-16T01:00:00.0,1,0.0,1,0.0,0.0,0.01,0.12886473696786538
2018-02-15T20:00:00.0,2018-02-16T02:00:00.0,2,0.0,1,0.0,0.0,0.01,0.12886473696786538
2018-02-15T21:00:00.0,2018-02-16T03:00:00.0,3,0.0,1,0.0,0.0,0.01,0.12886473696786538
2018-02-15T22:00:00.0,2018-02-16T04:00:00.0,4,0.0,1,0.0,0.0,0.01,0.12886473696786538
2018-02-15T23:00:00.0,2018-02-16T05:00:00.0,5,0.0,1,0.0,0.0,0.01,0.12886473696786538
2018-02-16T00:00:00.0,2018-02-16T06:00:00.0,6,0.0,1,0.0,0.0,0.01,0.12886473696786538
2018-02-16T01:00:00.0,2018-02-16T07:00:00.0,7,0.0,1,0.0,0.0,0.01,0.12886473696786538
2018-02-16T02:00:00.0,2018-02-16T08:00:00.0,8,0.0,1,0.0,0.0,0.01,0.12886473696786538
2018-02-16T03:00:00.0,2018-02-16T09:00:00.0,9,0.0,1,0.0,0.0,0.01,0.12886473696786538
2018-02-16T04:00:00.0,2018-02-16T10:00:00.0,10,0.0,1,0.0,0.0,0.01,0.12886473696786538
2018-02-16T05:00:00.0,2018-02-16T11:00:00.0,11,0.0,1,0.0,0.0,0.01,0.12886473696786538
2018-02-16T06:00:00.0,2018-02-16T12:00:00.0,12,0.0,1,0.0,0.0,0.01,0.12886473696786538
2018-02-16T07:00:00.0,2018-02-16T13:00:00.0,13,1823.296251,0,0.0,0.0,0.99,0.12886473696786538
2018-02-16T08:00:00.0,2018-02-16T14:00:00.0,14,7939.945598,1,7428.678374,14476.35745,0.138579347,2.7391338856495917e6
2018-02-16T09:00:00.0,2018-02-16T15:00:00.0,15,12662.52716,0,14165.51801,25075.13123,0.0,1.0930702980378807e7
2018-02-16T10:00:00.0,2018-02-16T16:00:00.0,16,17226.4693,0,19136.01122,33162.56355,0.0,1.3855095331371188e7
2018-02-16T11:00:00.0,2018-02-16T17:00:00.0,17,20244.44583,0,21539.58376,30834.36921,0.0,6.13267408983469e6
2018-02-16T12:00:00.0,2018-02-16T18:00:00.0,18,21657.79749,1,18436.03654,29480.71872,0.340217535,9.147753252096057e6
2018-02-16T13:00:00.0,2018-02-16T19:00:00.0,19,22312.51776,1,19057.78373,32499.86441,0.297270055,1.5192397737239242e7
2018-02-16T14:00:00.0,2018-02-16T20:00:00.0,20,21371.61872,1,17486.05548,31110.87945,0.335659256,1.4698344854069471e7
2018-02-16T15:00:00.0,2018-02-16T21:00:00.0,21,19424.8483,1,15401.56848,29472.40657,0.263064037,1.758280624075395e7
2018-02-16T16:00:00.0,2018-02-16T22:00:00.0,22,15779.77914,1,10813.06689,21819.3235,0.44016713,1.1000160667023748e7
2018-02-16T17:00:00.0,2018-02-16T23:00:00.0,23,8007.433059,1,3792.458019,14782.3874,0.281028769,1.0965540422968e7
2018-02-16T18:00:00.0,2018-02-17T00:00:00.0,0,752.535195,1,178.2582944,3210.216575,0.078815033,714637.645723043
2018-02-16T19:00:00.0,2018-02-17T01:00:00.0,1,0.0,1,0.0,0.0,0.01,0.12886473696786538
2018-02-16T20:00:00.0,2018-02-17T02:00:00.0,2,0.0,1,0.0,0.0,0.01,0.12886473696786538
2018-02-16T21:00:00.0,2018-02-17T03:00:00.0,3,0.0,1,0.0,0.0,0.01,0.12886473696786538
2018-02-16T22:00:00.0,2018-02-17T04:00:00.0,4,0.0,1,0.0,0.0,0.01,0.12886473696786538
2018-02-16T23:00:00.0,2018-02-17T05:00:00.0,5,0.0,1,0.0,0.0,0.01,0.12886473696786538
2018-02-17T00:00:00.0,2018-02-17T06:00:00.0,6,0.0,1,0.0,0.0,0.01,0.12886473696786538
2018-02-17T01:00:00.0,2018-02-17T07:00:00.0,7,0.0,1,0.0,0.0,0.01,0.12886473696786538
2018-02-17T02:00:00.0,2018-02-17T08:00:00.0,8,0.0,1,0.0,0.0,0.01,0.12886473696786538
2018-02-17T03:00:00.0,2018-02-17T09:00:00.0,9,0.0,1,0.0,0.0,0.01,0.12886473696786538
2018-02-17T04:00:00.0,2018-02-17T10:00:00.0,10,0.0,1,0.0,0.0,0.01,0.12886473696786538
2018-02-17T05:00:00.0,2018-02-17T11:00:00.0,11,0.0,1,0.0,0.0,0.01,0.12886473696786538
2018-02-17T06:00:00.0,2018-02-17T12:00:00.0,12,0.0,1,0.0,0.0,0.01,0.12886473696786538
2018-02-17T07:00:00.0,2018-02-17T13:00:00.0,13,1523.232981,0,0.0,0.0,0.99,0.12886473696786538
2018-02-17T08:00:00.0,2018-02-17T14:00:00.0,14,11317.13839,1,5756.90655,12263.19628,0.925182447,3.3160407980444133e6
2018-02-17T09:00:00.0,2018-02-17T15:00:00.0,15,20607.71933,1,14402.94957,25208.66238,0.721272639,9.639863347327411e6
2018-02-17T10:00:00.0,2018-02-17T16:00:00.0,16,22605.13974,1,19742.56998,31363.37477,0.366043198,8.073485296821833e6
2018-02-17T11:00:00.0,2018-02-17T17:00:00.0,17,24368.30357,1,18089.527,30912.77622,0.528349007,1.5849684402889967e7
2018-02-17T12:00:00.0,2018-02-17T18:00:00.0,18,25056.03101,1,21482.14754,34945.97521,0.417388442,1.6347673065950036e7
2018-02-17T13:00:00.0,2018-02-17T19:00:00.0,19,26409.90509,1,21198.12699,29032.22532,0.663557052,4.83941926228857e6
2018-02-17T14:00:00.0,2018-02-17T20:00:00.0,20,25999.24639,1,19750.81604,30437.19722,0.570239285,9.288171141928315e6
2018-02-17T15:00:00.0,2018-02-17T21:00:00.0,21,25913.58042,1,18655.97768,30337.90026,0.609815858,1.2149797837226272e7
2018-02-17T16:00:00.0,2018-02-17T22:00:00.0,22,22282.90206,1,14162.42444,27811.23849,0.468336446,1.2640720347779453e7
2018-02-17T17:00:00.0,2018-02-17T23:00:00.0,23,12394.50827,1,5666.379949,19705.33989,0.274835293,1.48367565098795e7
2018-02-17T18:00:00.0,2018-02-18T00:00:00.0,0,1093.621243,1,386.8456515,4450.008477,0.096501149,1.2590103846980706e6
2018-02-17T19:00:00.0,2018-02-18T01:00:00.0,1,0.0,1,0.0,0.0,0.01,0.12886473696786538
2018-02-17T20:00:00.0,2018-02-18T02:00:00.0,2,0.0,1,0.0,0.0,0.01,0.12886473696786538
2018-02-17T21:00:00.0,2018-02-18T03:00:00.0,3,0.0,1,0.0,0.0,0.01,0.12886473696786538
2018-02-17T22:00:00.0,2018-02-18T04:00:00.0,4,0.0,1,0.0,0.0,0.01,0.12886473696786538
2018-02-17T23:00:00.0,2018-02-18T05:00:00.0,5,0.0,1,0.0,0.0,0.01,0.12886473696786538
2018-02-18T00:00:00.0,2018-02-18T06:00:00.0,6,0.0,1,0.0,0.0,0.01,0.12886473696786538
2018-02-18T01:00:00.0,2018-02-18T07:00:00.0,7,0.0,1,0.0,0.0,0.01,0.12886473696786538
2018-02-18T02:00:00.0,2018-02-18T08:00:00.0,8,0.0,1,0.0,0.0,0.01,0.12886473696786538
2018-02-18T03:00:00.0,2018-02-18T09:00:00.0,9,0.0,1,0.0,0.0,0.01,0.12886473696786538
2018-02-18T04:00:00.0,2018-02-18T10:00:00.0,10,0.0,1,0.0,0.0,0.01,0.12886473696786538
2018-02-18T05:00:00.0,2018-02-18T11:00:00.0,11,0.0,1,0.0,0.0,0.01,0.12886473696786538
2018-02-18T06:00:00.0,2018-02-18T12:00:00.0,12,0.0,1,0.0,0.0,0.01,0.12886473696786538
2018-02-18T07:00:00.0,2018-02-18T13:00:00.0,13,1712.285945,0,0.0,0.0,0.99,0.12886473696786538
2018-02-18T08:00:00.0,2018-02-18T14:00:00.0,14,6135.537567,1,4587.087474,12291.94094,0.341568887,4.763072377820052e6
2018-02-18T09:00:00.0,2018-02-18T15:00:00.0,15,12530.64704,1,7619.7064,19019.907,0.599561606,1.1213456499888092e7
2018-02-18T10:00:00.0,2018-02-18T16:00:00.0,16,17351.81348,1,10117.11059,20867.93325,0.672128649,9.649111757311493e6
2018-02-18T11:00:00.0,2018-02-18T17:00:00.0,17,21906.90699,1,12633.58713,25695.84023,0.61391509,1.602457953393954e7
2018-02-18T12:00:00.0,2018-02-18T18:00:00.0,18,24494.83848,1,14926.65151,27748.50599,0.738351266,1.3613062933144629e7
2018-02-18T13:00:00.0,2018-02-18T19:00:00.0,19,25074.1232,1,14352.20061,29159.71305,0.683145904,1.9736097804528713e7
2018-02-18T14:00:00.0,2018-02-18T20:00:00.0,20,25486.90648,1,15813.44328,25768.74625,0.926438345,6.470784478376687e6
2018-02-18T15:00:00.0,2018-02-18T21:00:00.0,21,24644.8658,1,15109.95086,26533.28197,0.773581954,9.220560743923128e6
2018-02-18T16:00:00.0,2018-02-18T22:00:00.0,22,20945.37498,1,10283.21948,22299.2808,0.848041148,1.0901100798357487e7
2018-02-18T17:00:00.0,2018-02-18T23:00:00.0,23,10020.12227,1,4593.405579,17998.52239,0.263390675,1.6191695890286177e7
2018-02-18T18:00:00.0,2018-02-19T00:00:00.0,0,884.2419642,1,75.63777368,3555.53113,0.083236585,870763.7949692458
2018-02-18T19:00:00.0,2018-02-19T01:00:00.0,1,0.0,1,0.0,0.0,0.01,0.12886473696786538
2018-02-18T20:00:00.0,2018-02-19T02:00:00.0,2,0.0,1,0.0,0.0,0.01,0.12886473696786538
2018-02-18T21:00:00.0,2018-02-19T03:00:00.0,3,0.0,1,0.0,0.0,0.01,0.12886473696786538
2018-02-18T22:00:00.0,2018-02-19T04:00:00.0,4,0.0,1,0.0,0.0,0.01,0.12886473696786538
2018-02-18T23:00:00.0,2018-02-19T05:00:00.0,5,0.0,1,0.0,0.0,0.01,0.12886473696786538
2018-02-19T00:00:00.0,2018-02-19T06:00:00.0,6,0.0,1,0.0,0.0,0.01,0.12886473696786538
2018-02-19T01:00:00.0,2018-02-19T07:00:00.0,7,0.0,1,0.0,0.0,0.01,0.12886473696786538
2018-02-19T02:00:00.0,2018-02-19T08:00:00.0,8,0.0,1,0.0,0.0,0.01,0.12886473696786538
2018-02-19T03:00:00.0,2018-02-19T09:00:00.0,9,0.0,1,0.0,0.0,0.01,0.12886473696786538
2018-02-19T04:00:00.0,2018-02-19T10:00:00.0,10,0.0,1,0.0,0.0,0.01,0.12886473696786538
2018-02-19T05:00:00.0,2018-02-19T11:00:00.0,11,0.0,1,0.0,0.0,0.01,0.12886473696786538
2018-02-19T06:00:00.0,2018-02-19T12:00:00.0,12,0.0,1,0.0,0.0,0.01,0.12886473696786538
2018-02-19T07:00:00.0,2018-02-19T13:00:00.0,13,1476.154238,0,0.0,0.0,0.99,0.12886473696786538
2018-02-19T08:00:00.0,2018-02-19T14:00:00.0,14,7769.971942,0,8913.623657,13101.67937,0.0,803756.9528954178
2018-02-19T09:00:00.0,2018-02-19T15:00:00.0,15,13305.02371,1,12841.94285,24003.76393,0.083131546,8.035532200236261e6
2018-02-19T10:00:00.0,2018-02-19T16:00:00.0,16,17463.96093,0,18793.38943,27533.93853,0.0,5.620273807206273e6
2018-02-19T11:00:00.0,2018-02-19T17:00:00.0,17,20704.75936,1,17314.66651,27654.34999,0.465401753,9.896570092435956e6
2018-02-19T12:00:00.0,2018-02-19T18:00:00.0,18,19893.55757,1,19157.37178,28190.98965,0.171932809,6.626351054472029e6
2018-02-19T13:00:00.0,2018-02-19T19:00:00.0,19,18697.57966,1,17832.14739,28969.56405,0.105173681,8.638713271944702e6
2018-02-19T14:00:00.0,2018-02-19T20:00:00.0,20,15342.11314,0,18115.41461,32481.16078,0.0,1.7598859931538224e7
2018-02-19T15:00:00.0,2018-02-19T21:00:00.0,21,12009.12578,0,15475.37245,31354.10274,0.0,1.5275287547547758e7
2018-02-19T16:00:00.0,2018-02-19T22:00:00.0,22,10092.03351,1,9218.124858,23748.31109,0.102674004,1.5135504637557209e7
2018-02-19T17:00:00.0,2018-02-19T23:00:00.0,23,5378.990515,1,4175.758601,11946.26975,0.130603793,5.133535563553423e6
2018-02-19T18:00:00.0,2018-02-20T00:00:00.0,0,486.7995343,1,149.8471922,2452.36643,0.097759916,494879.1260274716
2018-02-19T19:00:00.0,2018-02-20T01:00:00.0,1,0.0,1,0.0,0.0,0.01,0.12886473696786538
2018-02-19T20:00:00.0,2018-02-20T02:00:00.0,2,0.0,1,0.0,0.0,0.01,0.12886473696786538
2018-02-19T21:00:00.0,2018-02-20T03:00:00.0,3,0.0,1,0.0,0.0,0.01,0.12886473696786538
2018-02-19T22:00:00.0,2018-02-20T04:00:00.0,4,0.0,1,0.0,0.0,0.01,0.12886473696786538
2018-02-19T23:00:00.0,2018-02-20T05:00:00.0,5,0.0,1,0.0,0.0,0.01,0.12886473696786538
2018-02-20T00:00:00.0,2018-02-20T06:00:00.0,6,0.0,1,0.0,0.0,0.01,0.12886473696786538
2018-02-20T01:00:00.0,2018-02-20T07:00:00.0,7,0.0,1,0.0,0.0,0.01,0.12886473696786538
2018-02-20T02:00:00.0,2018-02-20T08:00:00.0,8,0.0,1,0.0,0.0,0.01,0.12886473696786538
2018-02-20T03:00:00.0,2018-02-20T09:00:00.0,9,0.0,1,0.0,0.0,0.01,0.12886473696786538
2018-02-20T04:00:00.0,2018-02-20T10:00:00.0,10,0.0,1,0.0,0.0,0.01,0.12886473696786538
2018-02-20T05:00:00.0,2018-02-20T11:00:00.0,11,0.0,1,0.0,0.0,0.01,0.12886473696786538
2018-02-20T06:00:00.0,2018-02-20T12:00:00.0,12,0.0,1,0.0,0.0,0.01,0.12886473696786538
2018-02-20T07:00:00.0,2018-02-20T13:00:00.0,13,653.2775264,0,0.0,0.0,0.99,0.12886473696786538
2018-02-20T08:00:00.0,2018-02-20T14:00:00.0,14,7787.802577,1,6429.479256,13017.49011,0.361397646,3.150372481385991e6
2018-02-20T09:00:00.0,2018-02-20T15:00:00.0,15,16479.95761,1,12857.96643,24213.11734,0.437566964,9.516405731212378e6
2018-02-20T10:00:00.0,2018-02-20T16:00:00.0,16,19069.0818,1,14973.01336,26341.01297,0.338305453,8.898903221177936e6
2018-02-20T11:00:00.0,2018-02-20T17:00:00.0,17,20518.86567,1,18488.67321,27618.29759,0.334825879,6.371340484318495e6
2018-02-20T12:00:00.0,2018-02-20T18:00:00.0,18,21392.51367,1,17892.54421,25575.48144,0.514533796,5.177546166808009e6
2018-02-20T13:00:00.0,2018-02-20T19:00:00.0,19,21774.95369,1,19102.44662,28634.87046,0.339215081,7.455939413097858e6
2018-02-20T14:00:00.0,2018-02-20T20:00:00.0,20,21877.52072,1,16555.84797,29102.06533,0.486305663,1.3254075835494936e7
2018-02-20T15:00:00.0,2018-02-20T21:00:00.0,21,21717.25083,1,17730.69467,29152.87572,0.307577504,1.1294418157379031e7
2018-02-20T16:00:00.0,2018-02-20T22:00:00.0,22,19229.7304,1,17317.06481,25799.08972,0.30152182,7.023775756542325e6
2018-02-20T17:00:00.0,2018-02-20T23:00:00.0,23,11338.95972,1,6868.532356,19517.47477,0.217879529,1.4585671327777922e7
2018-02-20T18:00:00.0,2018-02-21T00:00:00.0,0,1489.624689,1,247.7723786,5637.043921,0.137394516,2.442992303113645e6
2018-02-20T19:00:00.0,2018-02-21T01:00:00.0,1,0.0,1,0.0,0.0,0.01,0.12886473696786538
2018-02-20T20:00:00.0,2018-02-21T02:00:00.0,2,0.0,1,0.0,0.0,0.01,0.12886473696786538
2018-02-20T21:00:00.0,2018-02-21T03:00:00.0,3,0.0,1,0.0,0.0,0.01,0.12886473696786538
2018-02-20T22:00:00.0,2018-02-21T04:00:00.0,4,0.0,1,0.0,0.0,0.01,0.12886473696786538
2018-02-20T23:00:00.0,2018-02-21T05:00:00.0,5,0.0,1,0.0,0.0,0.01,0.12886473696786538
2018-02-21T00:00:00.0,2018-02-21T06:00:00.0,6,0.0,1,0.0,0.0,0.01,0.12886473696786538
2018-02-21T01:00:00.0,2018-02-21T07:00:00.0,7,0.0,1,0.0,0.0,0.01,0.12886473696786538
2018-02-21T02:00:00.0,2018-02-21T08:00:00.0,8,0.0,1,0.0,0.0,0.01,0.12886473696786538
2018-02-21T03:00:00.0,2018-02-21T09:00:00.0,9,0.0,1,0.0,0.0,0.01,0.12886473696786538
2018-02-21T04:00:00.0,2018-02-21T10:00:00.0,10,0.0,1,0.0,0.0,0.01,0.12886473696786538
2018-02-21T05:00:00.0,2018-02-21T11:00:00.0,11,0.0,1,0.0,0.0,0.01,0.12886473696786538
2018-02-21T06:00:00.0,2018-02-21T12:00:00.0,12,0.0,1,0.0,0.0,0.01,0.12886473696786538
2018-02-21T07:00:00.0,2018-02-21T13:00:00.0,13,1629.786729,0,0.0,0.0,0.99,0.12886473696786538
2018-02-21T08:00:00.0,2018-02-21T14:00:00.0,14,6983.596926,1,2331.790495,12003.85544,0.54886905,8.152118381613143e6
2018-02-21T09:00:00.0,2018-02-21T15:00:00.0,15,4530.002556,1,3403.208691,13080.19917,0.250288268,7.541656500261955e6
2018-02-21T10:00:00.0,2018-02-21T16:00:00.0,16,5761.941785,1,4721.563921,14877.80856,0.177874419,7.7332039830593765e6
2018-02-21T11:00:00.0,2018-02-21T17:00:00.0,17,7936.12669,1,6074.705626,17698.36294,0.257590256,1.076761603482519e7
2018-02-21T12:00:00.0,2018-02-21T18:00:00.0,18,9304.391617,1,8110.695859,15285.67356,0.220092002,4.569797554426044e6
2018-02-21T13:00:00.0,2018-02-21T19:00:00.0,19,11326.23781,1,9222.610567,17738.28857,0.346509175,6.061846798687935e6
2018-02-21T14:00:00.0,2018-02-21T20:00:00.0,20,14149.33779,1,6921.967339,15603.90944,0.771712103,6.626029003555357e6
2018-02-21T15:00:00.0,2018-02-21T21:00:00.0,21,15429.62386,1,5621.598884,16094.68372,0.917533653,1.0198850340792492e7
2018-02-21T16:00:00.0,2018-02-21T22:00:00.0,22,17393.72519,0,4136.243306,15993.45888,1.0,1.1764607343484998e7
2018-02-21T17:00:00.0,2018-02-21T23:00:00.0,23,15006.46066,1,2778.741338,25611.09586,0.379337028,4.4464777829971135e7
2018-02-21T18:00:00.0,2018-02-22T00:00:00.0,0,2064.334607,1,83.48434113,7174.684019,0.092467936,3.3812320551235303e6
2018-02-21T19:00:00.0,2018-02-22T01:00:00.0,1,0.0,1,0.0,0.0,0.01,0.12886473696786538
2018-02-21T20:00:00.0,2018-02-22T02:00:00.0,2,0.0,1,0.0,0.0,0.01,0.12886473696786538
2018-02-21T21:00:00.0,2018-02-22T03:00:00.0,3,0.0,1,0.0,0.0,0.01,0.12886473696786538
2018-02-21T22:00:00.0,2018-02-22T04:00:00.0,4,0.0,1,0.0,0.0,0.01,0.12886473696786538
2018-02-21T23:00:00.0,2018-02-22T05:00:00.0,5,0.0,1,0.0,0.0,0.01,0.12886473696786538
2018-02-22T00:00:00.0,2018-02-22T06:00:00.0,6,0.0,1,0.0,0.0,0.01,0.12886473696786538
2018-02-22T01:00:00.0,2018-02-22T07:00:00.0,7,0.0,1,0.0,0.0,0.01,0.12886473696786538
2018-02-22T02:00:00.0,2018-02-22T08:00:00.0,8,0.0,1,0.0,0.0,0.01,0.12886473696786538
2018-02-22T03:00:00.0,2018-02-22T09:00:00.0,9,0.0,1,0.0,0.0,0.01,0.12886473696786538
2018-02-22T04:00:00.0,2018-02-22T10:00:00.0,10,0.0,1,0.0,0.0,0.01,0.12886473696786538
2018-02-22T05:00:00.0,2018-02-22T11:00:00.0,11,0.0,1,0.0,0.0,0.01,0.12886473696786538
2018-02-22T06:00:00.0,2018-02-22T12:00:00.0,12,0.0,1,0.0,0.0,0.01,0.12886473696786538
2018-02-22T07:00:00.0,2018-02-22T13:00:00.0,13,2453.530822,0,0.0,0.0,0.99,0.12886473696786538
2018-02-22T08:00:00.0,2018-02-22T14:00:00.0,14,7402.663933,1,2715.151873,9319.268759,0.683702647,3.5996206299876273e6
2018-02-22T09:00:00.0,2018-02-22T15:00:00.0,15,4167.259591,0,5917.633045,14697.50159,0.0,4.943757355403915e6
2018-02-22T10:00:00.0,2018-02-22T16:00:00.0,16,6386.300824,0,7908.893728,19550.83445,0.0,1.2663575925119787e7
2018-02-22T11:00:00.0,2018-02-22T17:00:00.0,17,9919.9898,1,8777.215172,21681.08454,0.129760261,1.4116319241069436e7
2018-02-22T12:00:00.0,2018-02-22T18:00:00.0,18,12548.32039,1,11329.43018,27289.00709,0.158508177,1.9955327132542133e7
2018-02-22T13:00:00.0,2018-02-22T19:00:00.0,19,15429.64718,1,11548.56816,24818.07728,0.433683405,1.5580272552408874e7
2018-02-22T14:00:00.0,2018-02-22T20:00:00.0,20,15817.2209,1,11639.47382,22514.99414,0.406973834,1.05205393049649e7
2018-02-22T15:00:00.0,2018-02-22T21:00:00.0,21,15013.43649,1,13394.94376,25894.29425,0.208586678,1.1440620752138495e7
2018-02-22T16:00:00.0,2018-02-22T22:00:00.0,22,15086.46231,1,12514.92216,20742.50759,0.364966189,5.264320930205613e6
2018-02-22T17:00:00.0,2018-02-22T23:00:00.0,23,9314.68869,1,5299.117375,17291.65651,0.166239778,1.1067558708105922e7
2018-02-22T18:00:00.0,2018-02-23T00:00:00.0,0,1107.342752,1,200.573091,3838.602287,0.097459881,947718.3977041114
2018-02-22T19:00:00.0,2018-02-23T01:00:00.0,1,0.0,1,0.0,0.0,0.01,0.12886473696786538
2018-02-22T20:00:00.0,2018-02-23T02:00:00.0,2,0.0,1,0.0,0.0,0.01,0.12886473696786538
2018-02-22T21:00:00.0,2018-02-23T03:00:00.0,3,0.0,1,0.0,0.0,0.01,0.12886473696786538
2018-02-22T22:00:00.0,2018-02-23T04:00:00.0,4,0.0,1,0.0,0.0,0.01,0.12886473696786538
2018-02-22T23:00:00.0,2018-02-23T05:00:00.0,5,0.0,1,0.0,0.0,0.01,0.12886473696786538
2018-02-23T00:00:00.0,2018-02-23T06:00:00.0,6,0.0,1,0.0,0.0,0.01,0.12886473696786538
2018-02-23T01:00:00.0,2018-02-23T07:00:00.0,7,0.0,1,0.0,0.0,0.01,0.12886473696786538
2018-02-23T02:00:00.0,2018-02-23T08:00:00.0,8,0.0,1,0.0,0.0,0.01,0.12886473696786538
2018-02-23T03:00:00.0,2018-02-23T09:00:00.0,9,0.0,1,0.0,0.0,0.01,0.12886473696786538
2018-02-23T04:00:00.0,2018-02-23T10:00:00.0,10,0.0,1,0.0,0.0,0.01,0.12886473696786538
2018-02-23T05:00:00.0,2018-02-23T11:00:00.0,11,0.0,1,0.0,0.0,0.01,0.12886473696786538
2018-02-23T06:00:00.0,2018-02-23T12:00:00.0,12,0.0,1,0.0,0.0,0.01,0.12886473696786538
2018-02-23T07:00:00.0,2018-02-23T13:00:00.0,13,2296.964278,0,0.0,0.0,0.99,0.12886473696786538
2018-02-23T08:00:00.0,2018-02-23T14:00:00.0,14,7291.813663,1,3040.695161,7976.554715,0.795440108,1.9543992652293667e6
2018-02-23T09:00:00.0,2018-02-23T15:00:00.0,15,9848.519559,1,5450.103702,13222.88061,0.725532518,4.944259855505586e6
2018-02-23T10:00:00.0,2018-02-23T16:00:00.0,16,13887.99239,1,8330.778114,16492.78858,0.678765317,5.681798389693022e6
2018-02-23T11:00:00.0,2018-02-23T17:00:00.0,17,18060.68353,0,8959.754064,16320.14934,1.0,3.7558478415294886e6
2018-02-23T12:00:00.0,2018-02-23T18:00:00.0,18,20129.75655,1,12921.3082,22707.43648,0.741559921,8.60196892281866e6
2018-02-23T13:00:00.0,2018-02-23T19:00:00.0,19,21843.54591,1,12706.03378,22519.82247,0.926023759,7.402757462403595e6
2018-02-23T14:00:00.0,2018-02-23T20:00:00.0,20,21991.79458,1,10561.8746,23739.02938,0.778566804,1.5276779848778963e7
2018-02-23T15:00:00.0,2018-02-23T21:00:00.0,21,21153.55828,1,12630.15003,25080.50391,0.561949874,1.2577209095849931e7
2018-02-23T16:00:00.0,2018-02-23T22:00:00.0,22,19965.88945,1,8078.072735,20777.00385,0.901339933,1.257646123366931e7
2018-02-23T17:00:00.0,2018-02-23T23:00:00.0,23,13023.34306,1,4609.4995,19623.27947,0.411047185,1.7103740135156542e7
2018-02-23T18:00:00.0,2018-02-24T00:00:00.0,0,1688.026376,1,180.0352533,6315.572077,0.11967339,2.7302766667990275e6
2018-02-23T19:00:00.0,2018-02-24T01:00:00.0,1,0.0,1,0.0,0.0,0.01,0.12886473696786538
2018-02-23T20:00:00.0,2018-02-24T02:00:00.0,2,0.0,1,0.0,0.0,0.01,0.12886473696786538
2018-02-23T21:00:00.0,2018-02-24T03:00:00.0,3,0.0,1,0.0,0.0,0.01,0.12886473696786538
2018-02-23T22:00:00.0,2018-02-24T04:00:00.0,4,0.0,1,0.0,0.0,0.01,0.12886473696786538
2018-02-23T23:00:00.0,2018-02-24T05:00:00.0,5,0.0,1,0.0,0.0,0.01,0.12886473696786538
2018-02-24T00:00:00.0,2018-02-24T06:00:00.0,6,0.0,1,0.0,0.0,0.01,0.12886473696786538
2018-02-24T01:00:00.0,2018-02-24T07:00:00.0,7,0.0,1,0.0,0.0,0.01,0.12886473696786538
2018-02-24T02:00:00.0,2018-02-24T08:00:00.0,8,0.0,1,0.0,0.0,0.01,0.12886473696786538
2018-02-24T03:00:00.0,2018-02-24T09:00:00.0,9,0.0,1,0.0,0.0,0.01,0.12886473696786538
2018-02-24T04:00:00.0,2018-02-24T10:00:00.0,10,0.0,1,0.0,0.0,0.01,0.12886473696786538
2018-02-24T05:00:00.0,2018-02-24T11:00:00.0,11,0.0,1,0.0,0.0,0.01,0.12886473696786538
2018-02-24T06:00:00.0,2018-02-24T12:00:00.0,12,0.0,1,0.0,0.0,0.01,0.12886473696786538
2018-02-24T07:00:00.0,2018-02-24T13:00:00.0,13,2022.483137,0,0.0,0.0,0.99,0.12886473696786538
2018-02-24T08:00:00.0,2018-02-24T14:00:00.0,14,13970.55001,0,6184.013537,12733.68243,1.0,3.687270297595933e6
2018-02-24T09:00:00.0,2018-02-24T15:00:00.0,15,22632.17807,1,16899.57589,24157.63747,0.780656805,4.217071039269865e6
2018-02-24T10:00:00.0,2018-02-24T16:00:00.0,16,24970.07997,1,20645.65635,30618.92199,0.478529064,8.287152453371763e6
2018-02-24T11:00:00.0,2018-02-24T17:00:00.0,17,27206.60181,1,19577.37166,30434.9161,0.564878239,9.186689653222919e6
2018-02-24T12:00:00.0,2018-02-24T18:00:00.0,18,27710.32392,1,23715.02014,37422.38347,0.291502053,1.5026380640740633e7
2018-02-24T13:00:00.0,2018-02-24T19:00:00.0,19,28557.9913,1,23644.86779,32676.4072,0.56151616,6.859057963886738e6
2018-02-24T14:00:00.0,2018-02-24T20:00:00.0,20,28417.27199,1,27150.32816,36219.1832,0.188983127,6.699892945359468e6
2018-02-24T15:00:00.0,2018-02-24T21:00:00.0,21,27583.48013,1,23015.73052,35194.12311,0.311014825,1.1412720932946086e7
2018-02-24T16:00:00.0,2018-02-24T22:00:00.0,22,26131.79731,1,20517.51403,31626.39268,0.409533198,1.1034934715316176e7
2018-02-24T17:00:00.0,2018-02-24T23:00:00.0,23,16183.60092,1,10414.09215,25939.56549,0.310736593,1.9527532961649954e7
2018-02-24T18:00:00.0,2018-02-25T00:00:00.0,0,2375.916928,1,321.4467214,8831.893696,0.088302374,4.772904817740072e6
2018-02-24T19:00:00.0,2018-02-25T01:00:00.0,1,0.0,1,0.0,0.0,0.01,0.12886473696786538
2018-02-24T20:00:00.0,2018-02-25T02:00:00.0,2,0.0,1,0.0,0.0,0.01,0.12886473696786538
2018-02-24T21:00:00.0,2018-02-25T03:00:00.0,3,0.0,1,0.0,0.0,0.01,0.12886473696786538
2018-02-24T22:00:00.0,2018-02-25T04:00:00.0,4,0.0,1,0.0,0.0,0.01,0.12886473696786538
2018-02-24T23:00:00.0,2018-02-25T05:00:00.0,5,0.0,1,0.0,0.0,0.01,0.12886473696786538
2018-02-25T00:00:00.0,2018-02-25T06:00:00.0,6,0.0,1,0.0,0.0,0.01,0.12886473696786538
2018-02-25T01:00:00.0,2018-02-25T07:00:00.0,7,0.0,1,0.0,0.0,0.01,0.12886473696786538
2018-02-25T02:00:00.0,2018-02-25T08:00:00.0,8,0.0,1,0.0,0.0,0.01,0.12886473696786538
2018-02-25T03:00:00.0,2018-02-25T09:00:00.0,9,0.0,1,0.0,0.0,0.01,0.12886473696786538
2018-02-25T04:00:00.0,2018-02-25T10:00:00.0,10,0.0,1,0.0,0.0,0.01,0.12886473696786538
2018-02-25T05:00:00.0,2018-02-25T11:00:00.0,11,0.0,1,0.0,0.0,0.01,0.12886473696786538
2018-02-25T06:00:00.0,2018-02-25T12:00:00.0,12,0.0,1,0.0,0.0,0.01,0.12886473696786538
2018-02-25T07:00:00.0,2018-02-25T13:00:00.0,13,2438.746455,0,0.0,0.0,0.99,0.12886473696786538
2018-02-25T08:00:00.0,2018-02-25T14:00:00.0,14,16271.66138,1,15355.55771,21536.15853,0.355769554,1.8415886478002667e6
2018-02-25T09:00:00.0,2018-02-25T15:00:00.0,15,25910.54302,1,19755.10372,34150.10055,0.485916798,1.9566112033537388e7
2018-02-25T10:00:00.0,2018-02-25T16:00:00.0,16,26864.04691,1,21092.20634,34341.99573,0.427504788,1.5175434044643879e7
2018-02-25T11:00:00.0,2018-02-25T17:00:00.0,17,28797.15173,1,22560.22942,33833.94087,0.563198043,9.517726299863815e6
2018-02-25T12:00:00.0,2018-02-25T18:00:00.0,18,30003.78925,1,21920.54816,32064.73691,0.7162623,8.749300653106332e6
2018-02-25T13:00:00.0,2018-02-25T19:00:00.0,19,30622.33685,1,22382.04842,37818.42842,0.518663457,1.726147551302612e7
2018-02-25T14:00:00.0,2018-02-25T20:00:00.0,20,31873.63602,1,23459.20967,34954.52459,0.751774955,1.042330238740933e7
2018-02-25T15:00:00.0,2018-02-25T21:00:00.0,21,31961.21456,1,25150.88866,35956.83251,0.584581279,9.84645577712369e6
2018-02-25T16:00:00.0,2018-02-25T22:00:00.0,22,30332.21269,1,21377.8113,36418.19565,0.5231901,2.306389770830071e7
2018-02-25T17:00:00.0,2018-02-25T23:00:00.0,23,19372.01662,1,12265.06775,27477.92299,0.36832611,1.8532820026973248e7
2018-02-25T18:00:00.0,2018-02-26T00:00:00.0,0,2686.891776,1,303.486444,9594.370927,0.152846021,7.4115226800667755e6
2018-02-25T19:00:00.0,2018-02-26T01:00:00.0,1,0.0,1,0.0,0.0,0.01,0.12886473696786538
2018-02-25T20:00:00.0,2018-02-26T02:00:00.0,2,0.0,1,0.0,0.0,0.01,0.12886473696786538
2018-02-25T21:00:00.0,2018-02-26T03:00:00.0,3,0.0,1,0.0,0.0,0.01,0.12886473696786538
2018-02-25T22:00:00.0,2018-02-26T04:00:00.0,4,0.0,1,0.0,0.0,0.01,0.12886473696786538
2018-02-25T23:00:00.0,2018-02-26T05:00:00.0,5,0.0,1,0.0,0.0,0.01,0.12886473696786538
2018-02-26T00:00:00.0,2018-02-26T06:00:00.0,6,0.0,1,0.0,0.0,0.01,0.12886473696786538
2018-02-26T01:00:00.0,2018-02-26T07:00:00.0,7,0.0,1,0.0,0.0,0.01,0.12886473696786538
2018-02-26T02:00:00.0,2018-02-26T08:00:00.0,8,0.0,1,0.0,0.0,0.01,0.12886473696786538
2018-02-26T03:00:00.0,2018-02-26T09:00:00.0,9,0.0,1,0.0,0.0,0.01,0.12886473696786538
2018-02-26T04:00:00.0,2018-02-26T10:00:00.0,10,0.0,1,0.0,0.0,0.01,0.12886473696786538
2018-02-26T05:00:00.0,2018-02-26T11:00:00.0,11,0.0,1,0.0,0.0,0.01,0.12886473696786538
2018-02-26T06:00:00.0,2018-02-26T12:00:00.0,12,0.0,1,0.0,0.0,0.01,0.12886473696786538
2018-02-26T07:00:00.0,2018-02-26T13:00:00.0,13,2678.570408,0,0.0,0.0,0.99,0.12886473696786538
2018-02-26T08:00:00.0,2018-02-26T14:00:00.0,14,17212.38207,1,15485.20962,24236.44207,0.517534465,4.499119497579515e6
2018-02-26T09:00:00.0,2018-02-26T15:00:00.0,15,28830.04106,1,23648.5272,36089.14756,0.448808345,1.2876193023383975e7
2018-02-26T10:00:00.0,2018-02-26T16:00:00.0,16,31912.28912,1,26963.73354,39429.74414,0.445431995,1.5761639091551185e7
2018-02-26T11:00:00.0,2018-02-26T17:00:00.0,17,34253.92268,1,24965.0766,35616.0997,0.868953513,8.897902739369392e6
2018-02-26T12:00:00.0,2018-02-26T18:00:00.0,18,35189.03507,1,27370.121,36494.4107,0.840165158,6.05482439642477e6
2018-02-26T13:00:00.0,2018-02-26T19:00:00.0,19,35897.1831,1,29241.52405,40473.30022,0.569267366,1.00335640593369e7
2018-02-26T14:00:00.0,2018-02-26T20:00:00.0,20,36473.19207,1,29634.77538,43058.83891,0.549095268,1.5338998604470491e7
2018-02-26T15:00:00.0,2018-02-26T21:00:00.0,21,35043.32702,1,29703.2143,45037.68791,0.366991136,2.0471819832188368e7
2018-02-26T16:00:00.0,2018-02-26T22:00:00.0,22,30921.07156,1,26184.17375,41947.891,0.248117691,1.942890235295534e7
2018-02-26T17:00:00.0,2018-02-26T23:00:00.0,23,18261.12738,1,13921.84476,32250.18654,0.178253158,3.0326807168744326e7
2018-02-26T18:00:00.0,2018-02-27T00:00:00.0,0,2490.132793,1,367.2329598,8032.769953,0.138151165,4.906195544138029e6
2018-02-26T19:00:00.0,2018-02-27T01:00:00.0,1,0.0,1,0.0,0.0,0.01,0.12886473696786538
2018-02-26T20:00:00.0,2018-02-27T02:00:00.0,2,0.0,1,0.0,0.0,0.01,0.12886473696786538
2018-02-26T21:00:00.0,2018-02-27T03:00:00.0,3,0.0,1,0.0,0.0,0.01,0.12886473696786538
2018-02-26T22:00:00.0,2018-02-27T04:00:00.0,4,0.0,1,0.0,0.0,0.01,0.12886473696786538
2018-02-26T23:00:00.0,2018-02-27T05:00:00.0,5,0.0,1,0.0,0.0,0.01,0.12886473696786538
2018-02-27T00:00:00.0,2018-02-27T06:00:00.0,6,0.0,1,0.0,0.0,0.01,0.12886473696786538
2018-02-27T01:00:00.0,2018-02-27T07:00:00.0,7,0.0,1,0.0,0.0,0.01,0.12886473696786538
2018-02-27T02:00:00.0,2018-02-27T08:00:00.0,8,0.0,1,0.0,0.0,0.01,0.12886473696786538
2018-02-27T03:00:00.0,2018-02-27T09:00:00.0,9,0.0,1,0.0,0.0,0.01,0.12886473696786538
2018-02-27T04:00:00.0,2018-02-27T10:00:00.0,10,0.0,1,0.0,0.0,0.01,0.12886473696786538
2018-02-27T05:00:00.0,2018-02-27T11:00:00.0,11,0.0,1,0.0,0.0,0.01,0.12886473696786538
2018-02-27T06:00:00.0,2018-02-27T12:00:00.0,12,0.08152,0,0.0,0.0,0.99,0.12886473696786538
2018-02-27T07:00:00.0,2018-02-27T13:00:00.0,13,1637.30399,0,0.0,0.0,0.99,0.12886473696786538
2018-02-27T08:00:00.0,2018-02-27T14:00:00.0,14,5049.485149,0,7148.422524,14538.22942,0.0,3.040243768828109e6
2018-02-27T09:00:00.0,2018-02-27T15:00:00.0,15,9591.615981,1,6368.756056,14667.41429,0.508091126,5.957041527860433e6
2018-02-27T10:00:00.0,2018-02-27T16:00:00.0,16,13280.39492,1,9325.339909,19892.298,0.475995509,7.274524293429911e6
2018-02-27T11:00:00.0,2018-02-27T17:00:00.0,17,17758.29744,1,9950.235695,23093.05956,0.684417915,1.52499720152075e7
2018-02-27T12:00:00.0,2018-02-27T18:00:00.0,18,18423.75686,1,16460.93678,23890.65945,0.285540111,4.836245946772993e6
2018-02-27T13:00:00.0,2018-02-27T19:00:00.0,19,20065.79838,1,14269.46389,26172.47268,0.483343439,1.1886198007888198e7
2018-02-27T14:00:00.0,2018-02-27T20:00:00.0,20,20235.98076,1,14422.61987,26330.96173,0.42308158,1.2585292184247553e7
2018-02-27T15:00:00.0,2018-02-27T21:00:00.0,21,18190.29078,1,12139.38156,25505.56664,0.415646282,1.4832803353313744e7
2018-02-27T16:00:00.0,2018-02-27T22:00:00.0,22,14581.60678,1,9970.64881,24426.61188,0.255294184,1.7348873524506986e7
2018-02-27T17:00:00.0,2018-02-27T23:00:00.0,23,8073.768384,1,3968.798765,13651.82031,0.344344167,7.53315175715366e6
2018-02-27T18:00:00.0,2018-02-28T00:00:00.0,0,936.231705,1,119.1715036,3309.923921,0.168601561,922650.8588134926
2018-02-27T19:00:00.0,2018-02-28T01:00:00.0,1,0.0,1,0.0,0.0,0.01,0.12886473696786538
2018-02-27T20:00:00.0,2018-02-28T02:00:00.0,2,0.0,1,0.0,0.0,0.01,0.12886473696786538
2018-02-27T21:00:00.0,2018-02-28T03:00:00.0,3,0.0,1,0.0,0.0,0.01,0.12886473696786538
2018-02-27T22:00:00.0,2018-02-28T04:00:00.0,4,0.0,1,0.0,0.0,0.01,0.12886473696786538
2018-02-27T23:00:00.0,2018-02-28T05:00:00.0,5,0.0,1,0.0,0.0,0.01,0.12886473696786538
2018-02-28T00:00:00.0,2018-02-28T06:00:00.0,6,0.0,1,0.0,0.0,0.01,0.12886473696786538
2018-02-28T01:00:00.0,2018-02-28T07:00:00.0,7,0.0,1,0.0,0.0,0.01,0.12886473696786538
2018-02-28T02:00:00.0,2018-02-28T08:00:00.0,8,0.0,1,0.0,0.0,0.01,0.12886473696786538
2018-02-28T03:00:00.0,2018-02-28T09:00:00.0,9,0.0,1,0.0,0.0,0.01,0.12886473696786538
2018-02-28T04:00:00.0,2018-02-28T10:00:00.0,10,0.0,1,0.0,0.0,0.01,0.12886473696786538
2018-02-28T05:00:00.0,2018-02-28T11:00:00.0,11,0.0,1,0.0,0.0,0.01,0.12886473696786538
2018-02-28T06:00:00.0,2018-02-28T12:00:00.0,12,0.551454583,0,0.0,0.0,0.99,0.12886473696786538
2018-02-28T07:00:00.0,2018-02-28T13:00:00.0,13,1651.734626,0,0.0,0.0,0.99,0.12886473696786538
2018-02-28T08:00:00.0,2018-02-28T14:00:00.0,14,5260.995366,0,6432.247068,15671.05227,0.0,4.835041171099082e6
2018-02-28T09:00:00.0,2018-02-28T15:00:00.0,15,10671.16071,0,12654.17674,24664.43521,0.0,8.211705180661321e6
2018-02-28T10:00:00.0,2018-02-28T16:00:00.0,16,13219.27058,0,16582.16123,27307.12519,0.0,7.454965978628218e6
2018-02-28T11:00:00.0,2018-02-28T17:00:00.0,17,17409.45688,1,16957.13676,32224.68831,0.04335949,1.4875197657202661e7
2018-02-28T12:00:00.0,2018-02-28T18:00:00.0,18,20196.76944,1,15938.15664,30811.4514,0.375819693,2.0798489041637957e7
2018-02-28T13:00:00.0,2018-02-28T19:00:00.0,19,22247.63612,1,16742.36286,28891.52255,0.461768992,1.3934115070393384e7
2018-02-28T14:00:00.0,2018-02-28T20:00:00.0,20,20544.24172,1,15020.27133,28568.16836,0.39371448,1.5794816171349466e7
2018-02-28T15:00:00.0,2018-02-28T21:00:00.0,21,18239.20795,1,15635.29832,34528.49899,0.205805767,2.997798790367222e7
2018-02-28T16:00:00.0,2018-02-28T22:00:00.0,22,15032.33944,1,11813.13213,27015.97606,0.256608302,1.8620846680029154e7
2018-02-28T17:00:00.0,2018-02-28T23:00:00.0,23,7289.133776,1,4896.894442,12141.81526,0.198870065,4.447039210733905e6
2018-02-28T18:00:00.0,2018-03-01T00:00:00.0,0,980.4267061,1,63.57379881,3567.455758,0.165334661,923942.163712306
2018-02-28T19:00:00.0,2018-03-01T01:00:00.0,1,0.0,1,0.0,0.0,0.01,0.12886473696786538
2018-02-28T20:00:00.0,2018-03-01T02:00:00.0,2,0.0,1,0.0,0.0,0.01,0.12886473696786538
2018-02-28T21:00:00.0,2018-03-01T03:00:00.0,3,0.0,1,0.0,0.0,0.01,0.12886473696786538
2018-02-28T22:00:00.0,2018-03-01T04:00:00.0,4,0.0,1,0.0,0.0,0.01,0.12886473696786538
2018-02-28T23:00:00.0,2018-03-01T05:00:00.0,5,0.0,1,0.0,0.0,0.01,0.12886473696786538
2018-03-01T00:00:00.0,2018-03-01T06:00:00.0,6,0.0,1,0.0,0.0,0.01,0.12886473696786538
2018-03-01T01:00:00.0,2018-03-01T07:00:00.0,7,0.0,1,0.0,0.0,0.01,0.12886473696786538
2018-03-01T02:00:00.0,2018-03-01T08:00:00.0,8,0.0,1,0.0,0.0,0.01,0.12886473696786538
2018-03-01T03:00:00.0,2018-03-01T09:00:00.0,9,0.0,1,0.0,0.0,0.01,0.12886473696786538
2018-03-01T04:00:00.0,2018-03-01T10:00:00.0,10,0.0,1,0.0,0.0,0.01,0.12886473696786538
2018-03-01T05:00:00.0,2018-03-01T11:00:00.0,11,0.0,1,0.0,0.0,0.01,0.12886473696786538
2018-03-01T06:00:00.0,2018-03-01T12:00:00.0,12,0.391043333,0,0.0,0.0,0.99,0.12886473696786538
2018-03-01T07:00:00.0,2018-03-01T13:00:00.0,13,3375.663483,0,0.0,0.0,0.99,0.12886473696786538
2018-03-01T08:00:00.0,2018-03-01T14:00:00.0,14,15509.87074,1,14796.05236,24393.31691,0.185642687,5.8779253804398775e6
2018-03-01T09:00:00.0,2018-03-01T15:00:00.0,15,25087.59639,1,21215.6712,35681.28501,0.414810745,1.6301771635331273e7
2018-03-01T10:00:00.0,2018-03-01T16:00:00.0,16,28604.63804,1,25399.0757,39698.12027,0.279008224,1.3602027485515594e7
2018-03-01T11:00:00.0,2018-03-01T17:00:00.0,17,31462.15342,1,28425.67765,36578.34985,0.433187862,5.269575581701279e6
2018-03-01T12:00:00.0,2018-03-01T18:00:00.0,18,32904.15654,1,29380.32881,42672.21089,0.280823557,1.6364867372371674e7
2018-03-01T13:00:00.0,2018-03-01T19:00:00.0,19,33925.6857,1,30472.63818,40042.53536,0.417600721,7.581027137052774e6
2018-03-01T14:00:00.0,2018-03-01T20:00:00.0,20,35286.0101,1,26707.03937,41107.13959,0.58273883,1.849928332382846e7
2018-03-01T15:00:00.0,2018-03-01T21:00:00.0,21,36152.20031,1,27025.59305,43779.61889,0.61130791,2.4290850714528084e7
2018-03-01T16:00:00.0,2018-03-01T22:00:00.0,22,32942.16473,1,26487.94706,41649.92371,0.393558557,1.8692479719176292e7
2018-03-01T17:00:00.0,2018-03-01T23:00:00.0,23,19935.24996,1,12742.12895,33999.92642,0.191864831,3.862747595117712e7
2018-03-01T18:00:00.0,2018-03-02T00:00:00.0,0,3180.691401,1,887.4558491,11311.31018,0.086650808,8.283911956005119e6
2018-03-01T19:00:00.0,2018-03-02T01:00:00.0,1,0.0,1,0.0,0.0,0.01,0.12886473696786538
2018-03-01T20:00:00.0,2018-03-02T02:00:00.0,2,0.0,1,0.0,0.0,0.01,0.12886473696786538
2018-03-01T21:00:00.0,2018-03-02T03:00:00.0,3,0.0,1,0.0,0.0,0.01,0.12886473696786538
2018-03-01T22:00:00.0,2018-03-02T04:00:00.0,4,0.0,1,0.0,0.0,0.01,0.12886473696786538
2018-03-01T23:00:00.0,2018-03-02T05:00:00.0,5,0.0,1,0.0,0.0,0.01,0.12886473696786538
2018-03-02T00:00:00.0,2018-03-02T06:00:00.0,6,0.0,1,0.0,0.0,0.01,0.12886473696786538
2018-03-02T01:00:00.0,2018-03-02T07:00:00.0,7,0.0,1,0.0,0.0,0.01,0.12886473696786538
2018-03-02T02:00:00.0,2018-03-02T08:00:00.0,8,0.0,1,0.0,0.0,0.01,0.12886473696786538
2018-03-02T03:00:00.0,2018-03-02T09:00:00.0,9,0.0,1,0.0,0.0,0.01,0.12886473696786538
2018-03-02T04:00:00.0,2018-03-02T10:00:00.0,10,0.0,1,0.0,0.0,0.01,0.12886473696786538
2018-03-02T05:00:00.0,2018-03-02T11:00:00.0,11,0.0,1,0.0,0.0,0.01,0.12886473696786538
2018-03-02T06:00:00.0,2018-03-02T12:00:00.0,12,3.921957083,0,0.0,0.0,0.99,0.12886473696786538
2018-03-02T07:00:00.0,2018-03-02T13:00:00.0,13,5349.812593,0,0.0,0.0,0.99,0.12886473696786538
2018-03-02T08:00:00.0,2018-03-02T14:00:00.0,14,24069.05258,1,23940.28178,29791.74593,0.106860888,1.518240971541047e6
2018-03-02T09:00:00.0,2018-03-02T15:00:00.0,15,35925.23921,1,30167.36642,39946.76851,0.716624058,8.50926072936058e6
2018-03-02T10:00:00.0,2018-03-02T16:00:00.0,16,38129.7747,1,33937.73033,44080.63187,0.457720613,9.065798099719048e6
2018-03-02T11:00:00.0,2018-03-02T17:00:00.0,17,38422.77229,1,29193.67298,46116.09199,0.543525319,2.876379994782996e7
2018-03-02T12:00:00.0,2018-03-02T18:00:00.0,18,37743.4655,1,31762.84373,42139.12697,0.490209068,9.440762059957504e6
2018-03-02T13:00:00.0,2018-03-02T19:00:00.0,19,37784.66182,1,33947.25386,39998.65464,0.625486397,3.5942123485064507e6
2018-03-02T14:00:00.0,2018-03-02T20:00:00.0,20,38165.50997,1,35424.05571,44349.73648,0.358851944,6.887558742521286e6
2018-03-02T15:00:00.0,2018-03-02T21:00:00.0,21,37147.15325,1,32764.99419,43131.73579,0.45136849,1.1382498483748198e7
2018-03-02T16:00:00.0,2018-03-02T22:00:00.0,22,34573.66312,1,27147.20317,37608.74562,0.588581584,9.504363851783276e6
2018-03-02T17:00:00.0,2018-03-02T23:00:00.0,23,21325.37699,1,16602.88919,30302.86595,0.286169723,1.6260435911844134e7
2018-03-02T18:00:00.0,2018-03-03T00:00:00.0,0,3362.672286,1,1477.282709,10881.3016,0.098450646,6.925071920877896e6
2018-03-02T19:00:00.0,2018-03-03T01:00:00.0,1,0.0,1,0.0,0.0,0.01,0.12886473696786538
2018-03-02T20:00:00.0,2018-03-03T02:00:00.0,2,0.0,1,0.0,0.0,0.01,0.12886473696786538
2018-03-02T21:00:00.0,2018-03-03T03:00:00.0,3,0.0,1,0.0,0.0,0.01,0.12886473696786538
2018-03-02T22:00:00.0,2018-03-03T04:00:00.0,4,0.0,1,0.0,0.0,0.01,0.12886473696786538
2018-03-02T23:00:00.0,2018-03-03T05:00:00.0,5,0.0,1,0.0,0.0,0.01,0.12886473696786538
2018-03-03T00:00:00.0,2018-03-03T06:00:00.0,6,0.0,1,0.0,0.0,0.01,0.12886473696786538
2018-03-03T01:00:00.0,2018-03-03T07:00:00.0,7,0.0,1,0.0,0.0,0.01,0.12886473696786538
2018-03-03T02:00:00.0,2018-03-03T08:00:00.0,8,0.0,1,0.0,0.0,0.01,0.12886473696786538
2018-03-03T03:00:00.0,2018-03-03T09:00:00.0,9,0.0,1,0.0,0.0,0.01,0.12886473696786538
2018-03-03T04:00:00.0,2018-03-03T10:00:00.0,10,0.0,1,0.0,0.0,0.01,0.12886473696786538
2018-03-03T05:00:00.0,2018-03-03T11:00:00.0,11,0.0,1,0.0,0.0,0.01,0.12886473696786538
2018-03-03T06:00:00.0,2018-03-03T12:00:00.0,12,6.348394167,0,0.0,0.0,0.99,0.12886473696786538
2018-03-03T07:00:00.0,2018-03-03T13:00:00.0,13,5637.445773,0,0.0,0.0,0.99,0.12886473696786538
2018-03-03T08:00:00.0,2018-03-03T14:00:00.0,14,21464.99088,1,14349.69392,29281.84866,0.680436729,1.5297938063144028e7
2018-03-03T09:00:00.0,2018-03-03T15:00:00.0,15,28686.51622,1,15551.13352,32379.14258,0.721653348,2.409400960359311e7
2018-03-03T10:00:00.0,2018-03-03T16:00:00.0,16,28219.42191,1,18176.65692,38627.04041,0.449600546,3.2524070203148484e7
2018-03-03T11:00:00.0,2018-03-03T17:00:00.0,17,25616.30311,1,18566.87476,36850.25445,0.386455497,3.3870513910450935e7
2018-03-03T12:00:00.0,2018-03-03T18:00:00.0,18,24451.52213,1,19757.8514,34958.78816,0.288976207,1.746900889060378e7
2018-03-03T13:00:00.0,2018-03-03T19:00:00.0,19,24862.73003,1,20063.23666,35717.93881,0.315306352,2.0139673260591984e7
2018-03-03T14:00:00.0,2018-03-03T20:00:00.0,20,25123.55561,1,16329.83908,36600.19955,0.505214772,3.2711954241764307e7
2018-03-03T15:00:00.0,2018-03-03T21:00:00.0,21,24120.4968,1,13625.2087,31477.82044,0.48719725,2.842141938562298e7
2018-03-03T16:00:00.0,2018-03-03T22:00:00.0,22,23225.67528,1,12459.80568,27049.40647,0.641226184,1.6978805698196232e7
2018-03-03T17:00:00.0,2018-03-03T23:00:00.0,23,14547.72233,1,5240.553422,22974.72795,0.390656064,2.537954451243031e7
2018-03-03T18:00:00.0,2018-03-04T00:00:00.0,0,2331.07245,1,847.3678569,7489.679694,0.120393285,3.4950180008666217e6
2018-03-03T19:00:00.0,2018-03-04T01:00:00.0,1,0.0,1,0.0,0.0,0.01,0.12886473696786538
2018-03-03T20:00:00.0,2018-03-04T02:00:00.0,2,0.0,1,0.0,0.0,0.01,0.12886473696786538
2018-03-03T21:00:00.0,2018-03-04T03:00:00.0,3,0.0,1,0.0,0.0,0.01,0.12886473696786538
2018-03-03T22:00:00.0,2018-03-04T04:00:00.0,4,0.0,1,0.0,0.0,0.01,0.12886473696786538
2018-03-03T23:00:00.0,2018-03-04T05:00:00.0,5,0.0,1,0.0,0.0,0.01,0.12886473696786538
2018-03-04T00:00:00.0,2018-03-04T06:00:00.0,6,0.0,1,0.0,0.0,0.01,0.12886473696786538
2018-03-04T01:00:00.0,2018-03-04T07:00:00.0,7,0.0,1,0.0,0.0,0.01,0.12886473696786538
2018-03-04T02:00:00.0,2018-03-04T08:00:00.0,8,0.0,1,0.0,0.0,0.01,0.12886473696786538
2018-03-04T03:00:00.0,2018-03-04T09:00:00.0,9,0.0,1,0.0,0.0,0.01,0.12886473696786538
2018-03-04T04:00:00.0,2018-03-04T10:00:00.0,10,0.0,1,0.0,0.0,0.01,0.12886473696786538
2018-03-04T05:00:00.0,2018-03-04T11:00:00.0,11,0.0,1,0.0,0.0,0.01,0.12886473696786538
2018-03-04T06:00:00.0,2018-03-04T12:00:00.0,12,4.2922025,0,0.0,0.0,0.99,0.12886473696786538
2018-03-04T07:00:00.0,2018-03-04T13:00:00.0,13,3463.933921,0,0.0,0.0,0.99,0.12886473696786538
2018-03-04T08:00:00.0,2018-03-04T14:00:00.0,14,11264.34775,1,7177.618204,13616.8447,0.709468356,3.8311916348748505e6
2018-03-04T09:00:00.0,2018-03-04T15:00:00.0,15,16256.50639,1,13666.7263,22958.57539,0.367448095,7.347087093582928e6
2018-03-04T10:00:00.0,2018-03-04T16:00:00.0,16,19929.71797,1,15467.50646,29152.42167,0.343675722,1.3299015387156844e7
2018-03-04T11:00:00.0,2018-03-04T17:00:00.0,17,22967.70827,1,16798.43495,26411.8434,0.63422914,8.802067359238863e6
2018-03-04T12:00:00.0,2018-03-04T18:00:00.0,18,26796.29479,1,23863.74293,31574.54367,0.558208845,5.43064025526619e6
2018-03-04T13:00:00.0,2018-03-04T19:00:00.0,19,27844.24078,1,20632.14165,31133.78455,0.691779251,1.0148942616404772e7
2018-03-04T14:00:00.0,2018-03-04T20:00:00.0,20,27869.62517,1,20562.69792,29738.41367,0.731966412,7.010232333018899e6
2018-03-04T15:00:00.0,2018-03-04T21:00:00.0,21,28331.46785,1,24798.59833,38185.53355,0.328256799,1.4010705322259903e7
2018-03-04T16:00:00.0,2018-03-04T22:00:00.0,22,26797.31569,1,20627.67914,32090.76045,0.512164409,1.2507554934051037e7
2018-03-04T17:00:00.0,2018-03-04T23:00:00.0,23,18165.60938,1,12387.5375,28224.62789,0.282090093,1.7617266276344e7
2018-03-04T18:00:00.0,2018-03-05T00:00:00.0,0,3407.313012,1,1013.304087,11294.70286,0.107036207,7.935348667447135e6
2018-03-04T19:00:00.0,2018-03-05T01:00:00.0,1,0.0,1,0.0,0.0,0.01,0.12886473696786538
2018-03-04T20:00:00.0,2018-03-05T02:00:00.0,2,0.0,1,0.0,0.0,0.01,0.12886473696786538
2018-03-04T21:00:00.0,2018-03-05T03:00:00.0,3,0.0,1,0.0,0.0,0.01,0.12886473696786538
2018-03-04T22:00:00.0,2018-03-05T04:00:00.0,4,0.0,1,0.0,0.0,0.01,0.12886473696786538
2018-03-04T23:00:00.0,2018-03-05T05:00:00.0,5,0.0,1,0.0,0.0,0.01,0.12886473696786538
2018-03-05T00:00:00.0,2018-03-05T06:00:00.0,6,0.0,1,0.0,0.0,0.01,0.12886473696786538
2018-03-05T01:00:00.0,2018-03-05T07:00:00.0,7,0.0,1,0.0,0.0,0.01,0.12886473696786538
2018-03-05T02:00:00.0,2018-03-05T08:00:00.0,8,0.0,1,0.0,0.0,0.01,0.12886473696786538
2018-03-05T03:00:00.0,2018-03-05T09:00:00.0,9,0.0,1,0.0,0.0,0.01,0.12886473696786538
2018-03-05T04:00:00.0,2018-03-05T10:00:00.0,10,0.0,1,0.0,0.0,0.01,0.12886473696786538
2018-03-05T05:00:00.0,2018-03-05T11:00:00.0,11,0.0,1,0.0,0.0,0.01,0.12886473696786538
2018-03-05T06:00:00.0,2018-03-05T12:00:00.0,12,6.83250225,0,0.0,0.0,0.99,0.12886473696786538
2018-03-05T07:00:00.0,2018-03-05T13:00:00.0,13,4917.383732,0,0.0,0.0,0.99,0.12886473696786538
2018-03-05T08:00:00.0,2018-03-05T14:00:00.0,14,17770.15596,1,16438.97835,19687.73994,0.808459942,572936.8139086366
2018-03-05T09:00:00.0,2018-03-05T15:00:00.0,15,26098.22752,0,26131.90661,36100.38509,0.0,6.9653413969448805e6
2018-03-05T10:00:00.0,2018-03-05T16:00:00.0,16,29797.89187,1,25146.05798,35180.11174,0.484968281,8.240988248843789e6
2018-03-05T11:00:00.0,2018-03-05T17:00:00.0,17,32425.61668,1,26578.83343,39192.88422,0.470854,1.1816696194052339e7
2018-03-05T12:00:00.0,2018-03-05T18:00:00.0,18,33260.58042,1,29711.73478,37589.70811,0.468156964,4.838769278628349e6
2018-03-05T13:00:00.0,2018-03-05T19:00:00.0,19,33027.20428,1,31781.36209,39219.32986,0.243639997,4.256106751626253e6
2018-03-05T14:00:00.0,2018-03-05T20:00:00.0,20,34185.97392,1,27357.90062,35755.19692,0.806914178,6.096385180669665e6
2018-03-05T15:00:00.0,2018-03-05T21:00:00.0,21,31924.2462,1,28102.93659,39958.80444,0.229440198,1.1362310587382078e7
2018-03-05T16:00:00.0,2018-03-05T22:00:00.0,22,26245.0918,1,20223.91224,34766.46132,0.320951963,1.8858303721495748e7
2018-03-05T17:00:00.0,2018-03-05T23:00:00.0,23,13887.22055,1,11309.51,24149.69852,0.098759993,1.3296374544528961e7
2018-03-05T18:00:00.0,2018-03-06T00:00:00.0,0,2125.988471,1,672.5940507,6096.628634,0.12233428,2.1985435649832226e6
2018-03-05T19:00:00.0,2018-03-06T01:00:00.0,1,0.0,1,0.0,0.0,0.01,0.12886473696786538
2018-03-05T20:00:00.0,2018-03-06T02:00:00.0,2,0.0,1,0.0,0.0,0.01,0.12886473696786538
2018-03-05T21:00:00.0,2018-03-06T03:00:00.0,3,0.0,1,0.0,0.0,0.01,0.12886473696786538
2018-03-05T22:00:00.0,2018-03-06T04:00:00.0,4,0.0,1,0.0,0.0,0.01,0.12886473696786538
2018-03-05T23:00:00.0,2018-03-06T05:00:00.0,5,0.0,1,0.0,0.0,0.01,0.12886473696786538
2018-03-06T00:00:00.0,2018-03-06T06:00:00.0,6,0.0,1,0.0,0.0,0.01,0.12886473696786538
2018-03-06T01:00:00.0,2018-03-06T07:00:00.0,7,0.0,1,0.0,0.0,0.01,0.12886473696786538
2018-03-06T02:00:00.0,2018-03-06T08:00:00.0,8,0.0,1,0.0,0.0,0.01,0.12886473696786538
2018-03-06T03:00:00.0,2018-03-06T09:00:00.0,9,0.0,1,0.0,0.0,0.01,0.12886473696786538
2018-03-06T04:00:00.0,2018-03-06T10:00:00.0,10,0.0,1,0.0,0.0,0.01,0.12886473696786538
2018-03-06T05:00:00.0,2018-03-06T11:00:00.0,11,0.0,1,0.0,0.0,0.01,0.12886473696786538
2018-03-06T06:00:00.0,2018-03-06T12:00:00.0,12,17.45756583,0,0.0,0.0,0.99,0.12886473696786538
2018-03-06T07:00:00.0,2018-03-06T13:00:00.0,13,6245.607475,0,0.0,0.0,0.99,0.12886473696786538
2018-03-06T08:00:00.0,2018-03-06T14:00:00.0,14,24371.33238,1,21562.62226,27835.52033,0.80117695,1.9597284037411213e6
2018-03-06T09:00:00.0,2018-03-06T15:00:00.0,15,33574.85726,1,27206.112,41196.51236,0.439153484,1.490858373935771e7
2018-03-06T10:00:00.0,2018-03-06T16:00:00.0,16,34982.5707,1,30616.67945,40557.8253,0.467768517,6.331544311598539e6
2018-03-06T11:00:00.0,2018-03-06T17:00:00.0,17,35748.74455,1,27565.98819,41400.72996,0.555990657,1.7037128229761362e7
2018-03-06T12:00:00.0,2018-03-06T18:00:00.0,18,36494.33649,1,27005.72423,39922.10022,0.661038166,1.741941569718623e7
2018-03-06T13:00:00.0,2018-03-06T19:00:00.0,19,36638.15023,1,28710.72591,40893.04268,0.617152351,1.2977101048269749e7
2018-03-06T14:00:00.0,2018-03-06T20:00:00.0,20,36441.79348,1,29721.87227,42179.00256,0.494214202,1.3215945002687931e7
2018-03-06T15:00:00.0,2018-03-06T21:00:00.0,21,36668.85805,1,25353.79099,42766.80969,0.600501513,3.088985750140834e7
2018-03-06T16:00:00.0,2018-03-06T22:00:00.0,22,33942.81294,1,20127.54253,38563.65616,0.644132359,2.9595618872255087e7
2018-03-06T17:00:00.0,2018-03-06T23:00:00.0,23,19484.06651,1,12666.66468,32698.89761,0.207559211,3.79197331548661e7
2018-03-06T18:00:00.0,2018-03-07T00:00:00.0,0,2911.840233,1,590.9068306,10396.37218,0.110200589,7.876702398538403e6
2018-03-06T19:00:00.0,2018-03-07T01:00:00.0,1,0.0,1,0.0,0.0,0.01,0.12886473696786538
2018-03-06T20:00:00.0,2018-03-07T02:00:00.0,2,0.0,1,0.0,0.0,0.01,0.12886473696786538
2018-03-06T21:00:00.0,2018-03-07T03:00:00.0,3,0.0,1,0.0,0.0,0.01,0.12886473696786538
2018-03-06T22:00:00.0,2018-03-07T04:00:00.0,4,0.0,1,0.0,0.0,0.01,0.12886473696786538
2018-03-06T23:00:00.0,2018-03-07T05:00:00.0,5,0.0,1,0.0,0.0,0.01,0.12886473696786538
2018-03-07T00:00:00.0,2018-03-07T06:00:00.0,6,0.0,1,0.0,0.0,0.01,0.12886473696786538
2018-03-07T01:00:00.0,2018-03-07T07:00:00.0,7,0.0,1,0.0,0.0,0.01,0.12886473696786538
2018-03-07T02:00:00.0,2018-03-07T08:00:00.0,8,0.0,1,0.0,0.0,0.01,0.12886473696786538
2018-03-07T03:00:00.0,2018-03-07T09:00:00.0,9,0.0,1,0.0,0.0,0.01,0.12886473696786538
2018-03-07T04:00:00.0,2018-03-07T10:00:00.0,10,0.0,1,0.0,0.0,0.01,0.12886473696786538
2018-03-07T05:00:00.0,2018-03-07T11:00:00.0,11,0.0,1,0.0,0.0,0.01,0.12886473696786538
2018-03-07T06:00:00.0,2018-03-07T12:00:00.0,12,43.897518,0,0.0,0.0,0.99,0.12886473696786538
2018-03-07T07:00:00.0,2018-03-07T13:00:00.0,13,8709.425901,0,0.0,0.0,0.99,0.12886473696786538
2018-03-07T08:00:00.0,2018-03-07T14:00:00.0,14,30779.80233,1,27263.97133,32319.43251,0.952945223,1.4443616452815533e6
2018-03-07T09:00:00.0,2018-03-07T15:00:00.0,15,38995.74561,1,31593.56948,45736.70147,0.594748484,1.33737769364779e7
2018-03-07T10:00:00.0,2018-03-07T16:00:00.0,16,39754.87194,1,35403.33232,42116.4224,0.61406242,4.184581301879406e6
2018-03-07T11:00:00.0,2018-03-07T17:00:00.0,17,39677.5784,1,38205.96798,43717.94129,0.33987366,2.2974727886464596e6
2018-03-07T12:00:00.0,2018-03-07T18:00:00.0,18,39386.98427,1,38530.62627,46229.91539,0.145187526,4.613447585719109e6
2018-03-07T13:00:00.0,2018-03-07T19:00:00.0,19,39232.7451,1,31944.37367,45975.57817,0.547573865,1.8019900224694014e7
2018-03-07T14:00:00.0,2018-03-07T20:00:00.0,20,39399.49349,1,36365.5487,40583.95468,0.642208921,1.4201709337112904e6
2018-03-07T15:00:00.0,2018-03-07T21:00:00.0,21,38949.56961,1,36749.05935,42048.66288,0.358987528,2.0109480761303902e6
2018-03-07T16:00:00.0,2018-03-07T22:00:00.0,22,35946.9444,1,34805.95647,42113.90278,0.12097276,4.084420707905054e6
2018-03-07T17:00:00.0,2018-03-07T23:00:00.0,23,19467.6658,1,18211.91328,32529.24595,0.091360355,1.921527456301093e7
2018-03-07T18:00:00.0,2018-03-08T00:00:00.0,0,2718.872291,1,847.4293985,9078.81469,0.139593119,6.063674357369464e6
2018-03-07T19:00:00.0,2018-03-08T01:00:00.0,1,0.0,1,0.0,0.0,0.01,0.12886473696786538
2018-03-07T20:00:00.0,2018-03-08T02:00:00.0,2,0.0,1,0.0,0.0,0.01,0.12886473696786538
2018-03-07T21:00:00.0,2018-03-08T03:00:00.0,3,0.0,1,0.0,0.0,0.01,0.12886473696786538
2018-03-07T22:00:00.0,2018-03-08T04:00:00.0,4,0.0,1,0.0,0.0,0.01,0.12886473696786538
2018-03-07T23:00:00.0,2018-03-08T05:00:00.0,5,0.0,1,0.0,0.0,0.01,0.12886473696786538
2018-03-08T00:00:00.0,2018-03-08T06:00:00.0,6,0.0,1,0.0,0.0,0.01,0.12886473696786538
2018-03-08T01:00:00.0,2018-03-08T07:00:00.0,7,0.0,1,0.0,0.0,0.01,0.12886473696786538
2018-03-08T02:00:00.0,2018-03-08T08:00:00.0,8,0.0,1,0.0,0.0,0.01,0.12886473696786538
2018-03-08T03:00:00.0,2018-03-08T09:00:00.0,9,0.0,1,0.0,0.0,0.01,0.12886473696786538
2018-03-08T04:00:00.0,2018-03-08T10:00:00.0,10,0.0,1,0.0,0.0,0.01,0.12886473696786538
2018-03-08T05:00:00.0,2018-03-08T11:00:00.0,11,0.0,1,0.0,0.0,0.01,0.12886473696786538
2018-03-08T06:00:00.0,2018-03-08T12:00:00.0,12,28.23568992,0,0.0,0.0,0.99,0.12886473696786538
2018-03-08T07:00:00.0,2018-03-08T13:00:00.0,13,3347.617821,0,0.0,0.0,0.99,0.12886473696786538
2018-03-08T08:00:00.0,2018-03-08T14:00:00.0,14,12674.49396,0,12862.5069,25837.29571,0.0,9.207208061163604e6
2018-03-08T09:00:00.0,2018-03-08T15:00:00.0,15,23359.10744,1,22387.38997,35398.40752,0.221683123,1.3975858839555383e7
2018-03-08T10:00:00.0,2018-03-08T16:00:00.0,16,29322.48456,1,23851.78889,42257.70869,0.43268584,2.898376878586328e7
2018-03-08T11:00:00.0,2018-03-08T17:00:00.0,17,32187.22878,1,25764.68677,41196.00094,0.463585514,1.8659341113068104e7
2018-03-08T12:00:00.0,2018-03-08T18:00:00.0,18,34404.97371,1,27771.70681,41128.92043,0.60686832,1.552718985191822e7
2018-03-08T13:00:00.0,2018-03-08T19:00:00.0,19,34351.11946,1,27074.75181,37314.05206,0.70589556,7.765185027797222e6
2018-03-08T14:00:00.0,2018-03-08T20:00:00.0,20,33409.06148,1,27910.00574,42640.49617,0.372778802,1.7984556853292465e7
2018-03-08T15:00:00.0,2018-03-08T21:00:00.0,21,32318.90917,1,28923.76375,39917.65508,0.300142681,9.704248283776283e6
2018-03-08T16:00:00.0,2018-03-08T22:00:00.0,22,28455.50162,1,22495.92676,41230.70901,0.33027822,3.1140307613619685e7
2018-03-08T17:00:00.0,2018-03-08T23:00:00.0,23,16979.64008,1,13633.68757,25508.03267,0.140970875,1.107260274277991e7
2018-03-08T18:00:00.0,2018-03-09T00:00:00.0,0,2909.178947,1,983.291023,8628.151981,0.193298309,6.050271843854744e6
2018-03-08T19:00:00.0,2018-03-09T01:00:00.0,1,0.0,1,0.0,0.0,0.01,0.12886473696786538
2018-03-08T20:00:00.0,2018-03-09T02:00:00.0,2,0.0,1,0.0,0.0,0.01,0.12886473696786538
2018-03-08T21:00:00.0,2018-03-09T03:00:00.0,3,0.0,1,0.0,0.0,0.01,0.12886473696786538
2018-03-08T22:00:00.0,2018-03-09T04:00:00.0,4,0.0,1,0.0,0.0,0.01,0.12886473696786538
2018-03-08T23:00:00.0,2018-03-09T05:00:00.0,5,0.0,1,0.0,0.0,0.01,0.12886473696786538
2018-03-09T00:00:00.0,2018-03-09T06:00:00.0,6,0.0,1,0.0,0.0,0.01,0.12886473696786538
2018-03-09T01:00:00.0,2018-03-09T07:00:00.0,7,0.0,1,0.0,0.0,0.01,0.12886473696786538
2018-03-09T02:00:00.0,2018-03-09T08:00:00.0,8,0.0,1,0.0,0.0,0.01,0.12886473696786538
2018-03-09T03:00:00.0,2018-03-09T09:00:00.0,9,0.0,1,0.0,0.0,0.01,0.12886473696786538
2018-03-09T04:00:00.0,2018-03-09T10:00:00.0,10,0.0,1,0.0,0.0,0.01,0.12886473696786538
2018-03-09T05:00:00.0,2018-03-09T11:00:00.0,11,0.0,1,0.0,0.0,0.01,0.12886473696786538
2018-03-09T06:00:00.0,2018-03-09T12:00:00.0,12,35.57401517,0,0.0,0.0,0.99,0.12886473696786538
2018-03-09T07:00:00.0,2018-03-09T13:00:00.0,13,5334.699013,0,0.0,0.0,0.99,0.12886473696786538
2018-03-09T08:00:00.0,2018-03-09T14:00:00.0,14,18572.79897,0,21121.99261,30668.70911,0.0,4.8130930503953695e6
2018-03-09T09:00:00.0,2018-03-09T15:00:00.0,15,25850.00585,1,20725.1215,34452.15023,0.458229721,1.6623159578722e7
2018-03-09T10:00:00.0,2018-03-09T16:00:00.0,16,28175.99388,1,27215.78246,37774.38229,0.1909377,9.028713370372415e6
2018-03-09T11:00:00.0,2018-03-09T17:00:00.0,17,28733.22353,1,24051.56453,38842.85266,0.343378919,1.7450894082727432e7
2018-03-09T12:00:00.0,2018-03-09T18:00:00.0,18,28723.29081,1,19506.06562,33960.68507,0.568931425,1.748145139266765e7
2018-03-09T13:00:00.0,2018-03-09T19:00:00.0,19,27248.29404,1,18272.57374,36241.46696,0.451866108,2.199484636141503e7
2018-03-09T14:00:00.0,2018-03-09T20:00:00.0,20,25219.35378,1,17304.16812,39003.47608,0.353955038,4.677995434109616e7
2018-03-09T15:00:00.0,2018-03-09T21:00:00.0,21,24738.84616,1,14464.64083,33793.93519,0.448880694,3.1441770709329605e7
2018-03-09T16:00:00.0,2018-03-09T22:00:00.0,22,21363.32021,1,11130.20833,31464.04791,0.436638286,3.4065959895092905e7
2018-03-09T17:00:00.0,2018-03-09T23:00:00.0,23,12351.36718,1,4723.418969,20561.8532,0.306974969,2.481511519929868e7
2018-03-09T18:00:00.0,2018-03-10T00:00:00.0,0,2162.632182,1,687.9689585,6068.542408,0.066773153,1.6690866383155137e6
2018-03-09T19:00:00.0,2018-03-10T01:00:00.0,1,0.0,1,0.0,0.0,0.01,0.12886473696786538
2018-03-09T20:00:00.0,2018-03-10T02:00:00.0,2,0.0,1,0.0,0.0,0.01,0.12886473696786538
2018-03-09T21:00:00.0,2018-03-10T03:00:00.0,3,0.0,1,0.0,0.0,0.01,0.12886473696786538
2018-03-09T22:00:00.0,2018-03-10T04:00:00.0,4,0.0,1,0.0,0.0,0.01,0.12886473696786538
2018-03-09T23:00:00.0,2018-03-10T05:00:00.0,5,0.0,1,0.0,0.0,0.01,0.12886473696786538
2018-03-10T00:00:00.0,2018-03-10T06:00:00.0,6,0.0,1,0.0,0.0,0.01,0.12886473696786538
2018-03-10T01:00:00.0,2018-03-10T07:00:00.0,7,0.0,1,0.0,0.0,0.01,0.12886473696786538
2018-03-10T02:00:00.0,2018-03-10T08:00:00.0,8,0.0,1,0.0,0.0,0.01,0.12886473696786538
2018-03-10T03:00:00.0,2018-03-10T09:00:00.0,9,0.0,1,0.0,0.0,0.01,0.12886473696786538
2018-03-10T04:00:00.0,2018-03-10T10:00:00.0,10,0.0,1,0.0,0.0,0.01,0.12886473696786538
2018-03-10T05:00:00.0,2018-03-10T11:00:00.0,11,0.0,1,0.0,0.0,0.01,0.12886473696786538
2018-03-10T06:00:00.0,2018-03-10T12:00:00.0,12,40.97355608,0,0.0,0.0,0.99,0.12886473696786538
2018-03-10T07:00:00.0,2018-03-10T13:00:00.0,13,5645.919493,0,0.0,0.0,0.99,0.12886473696786538
2018-03-10T08:00:00.0,2018-03-10T14:00:00.0,14,18959.75973,1,14117.79776,23525.00327,0.847862912,4.978478494138002e6
2018-03-10T09:00:00.0,2018-03-10T15:00:00.0,15,27204.84011,1,21448.77154,29051.0664,0.721015482,5.50814361798656e6
2018-03-10T10:00:00.0,2018-03-10T16:00:00.0,16,30953.10463,1,21967.35232,32579.53905,0.783689823,8.845397317710876e6
2018-03-10T11:00:00.0,2018-03-10T17:00:00.0,17,32506.51938,1,22383.37372,35191.76189,0.79993091,1.2107747889466763e7
2018-03-10T12:00:00.0,2018-03-10T18:00:00.0,18,33940.65715,1,27564.10392,37642.30221,0.700434138,7.839036386824727e6
2018-03-10T13:00:00.0,2018-03-10T19:00:00.0,19,35779.53124,1,27183.8459,39928.47167,0.523086787,1.1553336636525393e7
2018-03-10T14:00:00.0,2018-03-10T20:00:00.0,20,36702.12955,1,24923.13215,36728.21037,0.985947293,8.751979042971134e6
2018-03-10T15:00:00.0,2018-03-10T21:00:00.0,21,34606.98993,1,31285.10643,40910.93527,0.255727761,7.689169371829987e6
2018-03-10T16:00:00.0,2018-03-10T22:00:00.0,22,27199.73952,1,26543.3553,39181.96545,0.094086506,1.3976037497656465e7
2018-03-10T17:00:00.0,2018-03-10T23:00:00.0,23,14163.44268,0,15688.9662,23407.96802,0.0,4.892086792172551e6
2018-03-10T18:00:00.0,2018-03-11T00:00:00.0,0,2282.87899,1,838.1460877,7687.701147,0.14451273,3.712281319889374e6
2018-03-10T19:00:00.0,2018-03-11T01:00:00.0,1,0.0,1,0.0,0.0,0.01,0.12886473696786538
2018-03-10T20:00:00.0,2018-03-11T02:00:00.0,2,0.0,1,0.0,0.0,0.01,0.12886473696786538
2018-03-10T21:00:00.0,2018-03-11T03:00:00.0,3,0.0,1,0.0,0.0,0.01,0.12886473696786538
2018-03-10T22:00:00.0,2018-03-11T04:00:00.0,4,0.0,1,0.0,0.0,0.01,0.12886473696786538
2018-03-10T23:00:00.0,2018-03-11T05:00:00.0,5,0.0,1,0.0,0.0,0.01,0.12886473696786538
2018-03-11T00:00:00.0,2018-03-11T06:00:00.0,6,0.0,1,0.0,0.0,0.01,0.12886473696786538
2018-03-11T01:00:00.0,2018-03-11T07:00:00.0,7,0.0,1,0.0,0.0,0.01,0.12886473696786538
2018-03-11T03:00:00.0,2018-03-11T08:00:00.0,8,0.0,1,0.0,0.0,0.01,0.12886473696786538
2018-03-11T04:00:00.0,2018-03-11T09:00:00.0,9,0.0,1,0.0,0.0,0.01,0.12886473696786538
2018-03-11T05:00:00.0,2018-03-11T10:00:00.0,10,0.0,1,0.0,0.0,0.01,0.12886473696786538
2018-03-11T06:00:00.0,2018-03-11T11:00:00.0,11,0.0,1,0.0,0.0,0.01,0.12886473696786538
2018-03-11T07:00:00.0,2018-03-11T12:00:00.0,12,7.129748333,0,0.0,0.0,0.99,0.12886473696786538
2018-03-11T08:00:00.0,2018-03-11T13:00:00.0,13,1649.547383,1,1200.439747,4705.843506,0.332824176,903474.0349451127
2018-03-11T09:00:00.0,2018-03-11T14:00:00.0,14,5660.740775,0,5727.945011,22089.138,0.0,1.957354820718427e7
2018-03-11T10:00:00.0,2018-03-11T15:00:00.0,15,11110.42294,1,7248.218936,26846.82488,0.334225599,3.081208866821283e7
2018-03-11T11:00:00.0,2018-03-11T16:00:00.0,16,14730.70267,1,10123.25934,28887.88983,0.310041233,3.0965583006566346e7
2018-03-11T12:00:00.0,2018-03-11T17:00:00.0,17,18402.47408,1,12286.69341,31137.59024,0.355993896,2.8875413602143347e7
2018-03-11T13:00:00.0,2018-03-11T18:00:00.0,18,21026.68033,1,13841.89747,37624.20606,0.402456132,3.811735079910362e7
2018-03-11T14:00:00.0,2018-03-11T19:00:00.0,19,21004.83278,1,13492.81139,34866.55789,0.433213753,4.3094610780347705e7
2018-03-11T15:00:00.0,2018-03-11T20:00:00.0,20,23227.84217,1,11850.25722,35513.83304,0.452996837,4.8778109331104875e7
2018-03-11T16:00:00.0,2018-03-11T21:00:00.0,21,25089.96209,1,10345.59189,36229.27032,0.513316144,6.049838540225339e7
2018-03-11T17:00:00.0,2018-03-11T22:00:00.0,22,22294.70429,1,7477.048387,29154.5841,0.606109893,3.682681925029093e7
2018-03-11T18:00:00.0,2018-03-11T23:00:00.0,23,13527.55477,1,2827.518405,22753.30446,0.393787113,2.6681070518866956e7
2018-03-11T19:00:00.0,2018-03-12T00:00:00.0,0,2166.62487,1,647.6707958,7157.741308,0.114913907,3.6428916756459028e6
2018-03-11T20:00:00.0,2018-03-12T01:00:00.0,1,0.0,1,0.0,0.0,0.01,0.12886473696786538
2018-03-11T21:00:00.0,2018-03-12T02:00:00.0,2,0.0,1,0.0,0.0,0.01,0.12886473696786538
2018-03-11T22:00:00.0,2018-03-12T03:00:00.0,3,0.0,1,0.0,0.0,0.01,0.12886473696786538
2018-03-11T23:00:00.0,2018-03-12T04:00:00.0,4,0.0,1,0.0,0.0,0.01,0.12886473696786538
2018-03-12T00:00:00.0,2018-03-12T05:00:00.0,5,0.0,1,0.0,0.0,0.01,0.12886473696786538
2018-03-12T01:00:00.0,2018-03-12T06:00:00.0,6,0.0,1,0.0,0.0,0.01,0.12886473696786538
2018-03-12T02:00:00.0,2018-03-12T07:00:00.0,7,0.0,1,0.0,0.0,0.01,0.12886473696786538
2018-03-12T03:00:00.0,2018-03-12T08:00:00.0,8,0.0,1,0.0,0.0,0.01,0.12886473696786538
2018-03-12T04:00:00.0,2018-03-12T09:00:00.0,9,0.0,1,0.0,0.0,0.01,0.12886473696786538
2018-03-12T05:00:00.0,2018-03-12T10:00:00.0,10,0.0,1,0.0,0.0,0.01,0.12886473696786538
2018-03-12T06:00:00.0,2018-03-12T11:00:00.0,11,0.0,1,0.0,0.0,0.01,0.12886473696786538
2018-03-12T07:00:00.0,2018-03-12T12:00:00.0,12,126.0942156,0,0.0,0.0,0.99,0.12886473696786538
2018-03-12T08:00:00.0,2018-03-12T13:00:00.0,13,7573.264102,1,5525.122932,9499.344267,0.846289896,931647.8750131726
2018-03-12T09:00:00.0,2018-03-12T14:00:00.0,14,18919.23761,0,21935.91209,35880.26542,0.0,1.0011968398427367e7
2018-03-12T10:00:00.0,2018-03-12T15:00:00.0,15,23951.17365,1,19375.9251,38365.31698,0.345954583,2.9247262977137446e7
2018-03-12T11:00:00.0,2018-03-12T16:00:00.0,16,28464.12808,1,24773.20761,44359.44138,0.273709152,3.470531398516774e7
2018-03-12T12:00:00.0,2018-03-12T17:00:00.0,17,33016.44969,1,26885.63565,45590.72776,0.35309234,2.8602433709103107e7
2018-03-12T13:00:00.0,2018-03-12T18:00:00.0,18,36576.73374,1,27095.24597,45047.53726,0.625648185,2.9170591551301718e7
2018-03-12T14:00:00.0,2018-03-12T19:00:00.0,19,38197.42663,1,26588.51913,39184.90484,0.905631817,1.0072732383002996e7
2018-03-12T15:00:00.0,2018-03-12T20:00:00.0,20,37969.65035,1,28306.73501,45666.11771,0.575191038,2.7204780157950163e7
2018-03-12T16:00:00.0,2018-03-12T21:00:00.0,21,36295.67196,1,32452.77541,40716.7456,0.432437909,4.664375777709961e6
2018-03-12T17:00:00.0,2018-03-12T22:00:00.0,22,33136.11518,1,28014.73544,39439.43819,0.382895204,1.1248097112723827e7
2018-03-12T18:00:00.0,2018-03-12T23:00:00.0,23,20404.00699,1,13809.4516,31605.76566,0.260275185,2.5709956531534314e7
2018-03-12T19:00:00.0,2018-03-13T00:00:00.0,0,3954.215738,1,1024.292583,11794.04132,0.223040768,1.2260196706971347e7
2018-03-12T20:00:00.0,2018-03-13T01:00:00.0,1,0.0,1,0.0,0.0,0.01,0.12886473696786538
2018-03-12T21:00:00.0,2018-03-13T02:00:00.0,2,0.0,1,0.0,0.0,0.01,0.12886473696786538
2018-03-12T22:00:00.0,2018-03-13T03:00:00.0,3,0.0,1,0.0,0.0,0.01,0.12886473696786538
2018-03-12T23:00:00.0,2018-03-13T04:00:00.0,4,0.0,1,0.0,0.0,0.01,0.12886473696786538
2018-03-13T00:00:00.0,2018-03-13T05:00:00.0,5,0.0,1,0.0,0.0,0.01,0.12886473696786538
2018-03-13T01:00:00.0,2018-03-13T06:00:00.0,6,0.0,1,0.0,0.0,0.01,0.12886473696786538
2018-03-13T02:00:00.0,2018-03-13T07:00:00.0,7,0.0,1,0.0,0.0,0.01,0.12886473696786538
2018-03-13T03:00:00.0,2018-03-13T08:00:00.0,8,0.0,1,0.0,0.0,0.01,0.12886473696786538
2018-03-13T04:00:00.0,2018-03-13T09:00:00.0,9,0.0,1,0.0,0.0,0.01,0.12886473696786538
2018-03-13T05:00:00.0,2018-03-13T10:00:00.0,10,0.0,1,0.0,0.0,0.01,0.12886473696786538
2018-03-13T06:00:00.0,2018-03-13T11:00:00.0,11,0.0,1,0.0,0.0,0.01,0.12886473696786538
2018-03-13T07:00:00.0,2018-03-13T12:00:00.0,12,78.78738871,0,0.0,0.0,0.99,0.12886473696786538
2018-03-13T08:00:00.0,2018-03-13T13:00:00.0,13,7122.426131,1,4632.823616,8559.64652,0.87562206,998451.7010415755
2018-03-13T09:00:00.0,2018-03-13T14:00:00.0,14,22269.30269,1,20579.43779,30538.50493,0.416586244,6.424556992730975e6
2018-03-13T10:00:00.0,2018-03-13T15:00:00.0,15,30791.29413,1,23106.92425,39886.2605,0.598440171,2.1394148257073045e7
2018-03-13T11:00:00.0,2018-03-13T16:00:00.0,16,34225.74192,1,22936.00612,42209.20256,0.702717472,3.047523747569263e7
2018-03-13T12:00:00.0,2018-03-13T17:00:00.0,17,36234.82748,1,28300.59308,43951.32078,0.502234928,2.051548625745821e7
2018-03-13T13:00:00.0,2018-03-13T18:00:00.0,18,36728.6026,1,29056.50776,39629.92883,0.698761717,9.251791173665047e6
2018-03-13T14:00:00.0,2018-03-13T19:00:00.0,19,37089.4264,1,26890.4038,44140.38686,0.547620626,2.6022547857760906e7
2018-03-13T15:00:00.0,2018-03-13T20:00:00.0,20,37735.86036,1,29580.60036,44745.73407,0.610274648,2.0469254022113323e7
2018-03-13T16:00:00.0,2018-03-13T21:00:00.0,21,37664.69584,1,26469.51555,38574.48358,0.904597741,1.10462126111722e7
2018-03-13T17:00:00.0,2018-03-13T22:00:00.0,22,35016.11181,1,27128.35828,41252.82799,0.452536982,1.6987306403229713e7
2018-03-13T18:00:00.0,2018-03-13T23:00:00.0,23,21984.14303,1,12708.89692,32084.57864,0.3119926,2.845834637306416e7
2018-03-13T19:00:00.0,2018-03-14T00:00:00.0,0,4166.488245,1,1271.947663,12396.07623,0.10048951,8.973884431170858e6
2018-03-13T20:00:00.0,2018-03-14T01:00:00.0,1,0.0,1,0.0,0.0,0.01,0.12886473696786538
2018-03-13T21:00:00.0,2018-03-14T02:00:00.0,2,0.0,1,0.0,0.0,0.01,0.12886473696786538
2018-03-13T22:00:00.0,2018-03-14T03:00:00.0,3,0.0,1,0.0,0.0,0.01,0.12886473696786538
2018-03-13T23:00:00.0,2018-03-14T04:00:00.0,4,0.0,1,0.0,0.0,0.01,0.12886473696786538
2018-03-14T00:00:00.0,2018-03-14T05:00:00.0,5,0.0,1,0.0,0.0,0.01,0.12886473696786538
2018-03-14T01:00:00.0,2018-03-14T06:00:00.0,6,0.0,1,0.0,0.0,0.01,0.12886473696786538
2018-03-14T02:00:00.0,2018-03-14T07:00:00.0,7,0.0,1,0.0,0.0,0.01,0.12886473696786538
2018-03-14T03:00:00.0,2018-03-14T08:00:00.0,8,0.0,1,0.0,0.0,0.01,0.12886473696786538
2018-03-14T04:00:00.0,2018-03-14T09:00:00.0,9,0.0,1,0.0,0.0,0.01,0.12886473696786538
2018-03-14T05:00:00.0,2018-03-14T10:00:00.0,10,0.0,1,0.0,0.0,0.01,0.12886473696786538
2018-03-14T06:00:00.0,2018-03-14T11:00:00.0,11,0.0,1,0.0,0.0,0.01,0.12886473696786538
2018-03-14T07:00:00.0,2018-03-14T12:00:00.0,12,206.1769319,0,0.0,0.0,0.99,0.12886473696786538
2018-03-14T08:00:00.0,2018-03-14T13:00:00.0,13,9717.17446,0,7719.059672,9299.083185,1.0,102993.91544639319
2018-03-14T09:00:00.0,2018-03-14T14:00:00.0,14,28215.19747,1,26282.55215,37073.48913,0.389011074,8.495864413501263e6
2018-03-14T10:00:00.0,2018-03-14T15:00:00.0,15,36347.94227,1,31574.44243,42279.38,0.545321749,9.723213619726181e6
2018-03-14T11:00:00.0,2018-03-14T16:00:00.0,16,37112.88147,1,28676.16043,43687.43574,0.58157927,1.5551485130238771e7
2018-03-14T12:00:00.0,2018-03-14T17:00:00.0,17,37954.1845,1,29785.80411,41299.55668,0.573036472,1.211187012939477e7
2018-03-14T13:00:00.0,2018-03-14T18:00:00.0,18,38573.06781,1,30741.87595,43482.51965,0.583309484,1.4423461313857555e7
2018-03-14T14:00:00.0,2018-03-14T19:00:00.0,19,38135.51156,1,35102.87887,43252.35695,0.414976251,6.266049695831537e6
2018-03-14T15:00:00.0,2018-03-14T20:00:00.0,20,37411.96461,1,35011.10227,46491.11139,0.231318386,1.1396749826807737e7
2018-03-14T16:00:00.0,2018-03-14T21:00:00.0,21,36391.11199,1,31637.1584,40025.11078,0.615457528,4.744444632577181e6
2018-03-14T17:00:00.0,2018-03-14T22:00:00.0,22,32548.21501,1,25900.94694,39947.37752,0.477934688,1.6069981667979717e7
2018-03-14T18:00:00.0,2018-03-14T23:00:00.0,23,20400.0891,1,14916.79496,33693.00639,0.214904638,3.0555300989626646e7
2018-03-14T19:00:00.0,2018-03-15T00:00:00.0,0,4004.114077,1,1248.887934,12189.66575,0.164288415,1.0377476944264196e7
2018-03-14T20:00:00.0,2018-03-15T01:00:00.0,1,0.0,1,0.0,0.0,0.01,0.12886473696786538
2018-03-14T21:00:00.0,2018-03-15T02:00:00.0,2,0.0,1,0.0,0.0,0.01,0.12886473696786538
2018-03-14T22:00:00.0,2018-03-15T03:00:00.0,3,0.0,1,0.0,0.0,0.01,0.12886473696786538
2018-03-14T23:00:00.0,2018-03-15T04:00:00.0,4,0.0,1,0.0,0.0,0.01,0.12886473696786538
2018-03-15T00:00:00.0,2018-03-15T05:00:00.0,5,0.0,1,0.0,0.0,0.01,0.12886473696786538
2018-03-15T01:00:00.0,2018-03-15T06:00:00.0,6,0.0,1,0.0,0.0,0.01,0.12886473696786538
2018-03-15T02:00:00.0,2018-03-15T07:00:00.0,7,0.0,1,0.0,0.0,0.01,0.12886473696786538
2018-03-15T03:00:00.0,2018-03-15T08:00:00.0,8,0.0,1,0.0,0.0,0.01,0.12886473696786538
2018-03-15T04:00:00.0,2018-03-15T09:00:00.0,9,0.0,1,0.0,0.0,0.01,0.12886473696786538
2018-03-15T05:00:00.0,2018-03-15T10:00:00.0,10,0.0,1,0.0,0.0,0.01,0.12886473696786538
2018-03-15T06:00:00.0,2018-03-15T11:00:00.0,11,0.0,1,0.0,0.0,0.01,0.12886473696786538
2018-03-15T07:00:00.0,2018-03-15T12:00:00.0,12,205.0742415,0,0.0,0.0,0.99,0.12886473696786538
2018-03-15T08:00:00.0,2018-03-15T13:00:00.0,13,7784.5141,1,5394.432929,11045.81241,0.87697941,1.2313165049531683e6
2018-03-15T09:00:00.0,2018-03-15T14:00:00.0,14,20360.95746,1,19162.2966,32267.9646,0.2422858,1.0622628793877184e7
2018-03-15T10:00:00.0,2018-03-15T15:00:00.0,15,23169.56554,1,20140.03585,38122.20583,0.240033401,2.3920030312981844e7
2018-03-15T11:00:00.0,2018-03-15T16:00:00.0,16,23139.35861,1,21487.56176,42950.87266,0.105985095,3.4365378508981824e7
2018-03-15T12:00:00.0,2018-03-15T17:00:00.0,17,26719.71407,1,21889.8277,37574.29465,0.341450027,1.6296986871302605e7
2018-03-15T13:00:00.0,2018-03-15T18:00:00.0,18,27455.90185,1,23216.11159,34460.8803,0.367712481,1.1903152223184943e7
2018-03-15T14:00:00.0,2018-03-15T19:00:00.0,19,26176.31502,1,25162.72606,33451.57765,0.229130968,6.093999841532707e6
2018-03-15T15:00:00.0,2018-03-15T20:00:00.0,20,24899.93608,1,22628.21117,35336.76126,0.185257039,1.3489897183967948e7
2018-03-15T16:00:00.0,2018-03-15T21:00:00.0,21,23588.83055,1,16742.67806,31031.82767,0.419097443,1.670925664866066e7
2018-03-15T17:00:00.0,2018-03-15T22:00:00.0,22,20782.6086,1,16699.95988,29845.35897,0.341742372,1.3706576295796216e7
2018-03-15T18:00:00.0,2018-03-15T23:00:00.0,23,13793.86454,1,8196.463282,19205.10359,0.283642446,9.775460780077368e6
2018-03-15T19:00:00.0,2018-03-16T00:00:00.0,0,3145.979396,1,1332.104278,7952.273377,0.160066456,3.3015692176853195e6
2018-03-15T20:00:00.0,2018-03-16T01:00:00.0,1,0.0,1,0.0,0.0,0.01,0.12886473696786538
2018-03-15T21:00:00.0,2018-03-16T02:00:00.0,2,0.0,1,0.0,0.0,0.01,0.12886473696786538
2018-03-15T22:00:00.0,2018-03-16T03:00:00.0,3,0.0,1,0.0,0.0,0.01,0.12886473696786538
2018-03-15T23:00:00.0,2018-03-16T04:00:00.0,4,0.0,1,0.0,0.0,0.01,0.12886473696786538
2018-03-16T00:00:00.0,2018-03-16T05:00:00.0,5,0.0,1,0.0,0.0,0.01,0.12886473696786538
2018-03-16T01:00:00.0,2018-03-16T06:00:00.0,6,0.0,1,0.0,0.0,0.01,0.12886473696786538
2018-03-16T02:00:00.0,2018-03-16T07:00:00.0,7,0.0,1,0.0,0.0,0.01,0.12886473696786538
2018-03-16T03:00:00.0,2018-03-16T08:00:00.0,8,0.0,1,0.0,0.0,0.01,0.12886473696786538
2018-03-16T04:00:00.0,2018-03-16T09:00:00.0,9,0.0,1,0.0,0.0,0.01,0.12886473696786538
2018-03-16T05:00:00.0,2018-03-16T10:00:00.0,10,0.0,1,0.0,0.0,0.01,0.12886473696786538
2018-03-16T06:00:00.0,2018-03-16T11:00:00.0,11,0.0,1,0.0,0.0,0.01,0.12886473696786538
2018-03-16T07:00:00.0,2018-03-16T12:00:00.0,12,144.6173638,0,0.0,0.0,0.99,0.12886473696786538
2018-03-16T08:00:00.0,2018-03-16T13:00:00.0,13,7923.864021,1,5413.94661,8305.927065,0.98469141,330622.97587717324
2018-03-16T09:00:00.0,2018-03-16T14:00:00.0,14,24574.62213,1,22647.14943,29818.38954,0.665551628,2.9412664097133875e6
2018-03-16T10:00:00.0,2018-03-16T15:00:00.0,15,30716.18777,1,28052.43896,37282.56897,0.495765965,5.589108312593579e6
2018-03-16T11:00:00.0,2018-03-16T16:00:00.0,16,32334.23764,1,31796.20714,40494.52856,0.107156563,6.253915629144192e6
2018-03-16T12:00:00.0,2018-03-16T17:00:00.0,17,34351.16708,1,32161.2713,36180.1569,0.663084514,1.343566673920393e6
2018-03-16T13:00:00.0,2018-03-16T18:00:00.0,18,35399.66484,1,33549.59917,39974.97328,0.340626345,3.754781416864872e6
2018-03-16T14:00:00.0,2018-03-16T19:00:00.0,19,35618.58637,1,30360.81207,42875.70321,0.432766197,1.27870203767879e7
2018-03-16T15:00:00.0,2018-03-16T20:00:00.0,20,35464.92095,1,27877.41409,40741.05546,0.492619142,1.4500409242275238e7
2018-03-16T16:00:00.0,2018-03-16T21:00:00.0,21,34875.07934,1,31338.74449,39223.74257,0.467588445,5.832263585171461e6
2018-03-16T17:00:00.0,2018-03-16T22:00:00.0,22,32062.30957,1,27366.67302,41579.02748,0.275613978,1.778095396085334e7
2018-03-16T18:00:00.0,2018-03-16T23:00:00.0,23,19410.89593,1,13133.91084,31269.90828,0.219555124,2.6116071018429637e7
2018-03-16T19:00:00.0,2018-03-17T00:00:00.0,0,4024.087896,1,1406.260643,11605.87131,0.207286753,1.0159196771445632e7
2018-03-16T20:00:00.0,2018-03-17T01:00:00.0,1,0.324225,0,0.0,0.0,0.99,0.12886473696786538
2018-03-16T21:00:00.0,2018-03-17T02:00:00.0,2,0.0,1,0.0,0.0,0.01,0.12886473696786538
2018-03-16T22:00:00.0,2018-03-17T03:00:00.0,3,0.0,1,0.0,0.0,0.01,0.12886473696786538
2018-03-16T23:00:00.0,2018-03-17T04:00:00.0,4,0.0,1,0.0,0.0,0.01,0.12886473696786538
2018-03-17T00:00:00.0,2018-03-17T05:00:00.0,5,0.0,1,0.0,0.0,0.01,0.12886473696786538
2018-03-17T01:00:00.0,2018-03-17T06:00:00.0,6,0.0,1,0.0,0.0,0.01,0.12886473696786538
2018-03-17T02:00:00.0,2018-03-17T07:00:00.0,7,0.0,1,0.0,0.0,0.01,0.12886473696786538
2018-03-17T03:00:00.0,2018-03-17T08:00:00.0,8,0.0,1,0.0,0.0,0.01,0.12886473696786538
2018-03-17T04:00:00.0,2018-03-17T09:00:00.0,9,0.0,1,0.0,0.0,0.01,0.12886473696786538
2018-03-17T05:00:00.0,2018-03-17T10:00:00.0,10,0.0,1,0.0,0.0,0.01,0.12886473696786538
2018-03-17T06:00:00.0,2018-03-17T11:00:00.0,11,0.0,1,0.0,0.0,0.01,0.12886473696786538
2018-03-17T07:00:00.0,2018-03-17T12:00:00.0,12,145.4605044,0,0.0,0.0,0.99,0.12886473696786538
2018-03-17T08:00:00.0,2018-03-17T13:00:00.0,13,3350.422385,1,2484.378459,6442.127062,0.5203987,996754.8672622554
2018-03-17T09:00:00.0,2018-03-17T14:00:00.0,14,8589.640852,0,9313.875093,23489.7705,0.0,1.2914771264473498e7
2018-03-17T10:00:00.0,2018-03-17T15:00:00.0,15,13634.68662,1,12548.01324,31359.11581,0.115104299,2.540868421624899e7
2018-03-17T11:00:00.0,2018-03-17T16:00:00.0,16,18941.20717,1,15449.94852,35458.38321,0.251070221,3.1221138106512666e7
2018-03-17T12:00:00.0,2018-03-17T17:00:00.0,17,25937.71324,1,18898.30215,31732.01057,0.581952121,1.6789036052319407e7
2018-03-17T13:00:00.0,2018-03-17T18:00:00.0,18,30214.45458,1,24425.05131,36091.11425,0.495437885,1.2755495552855015e7
2018-03-17T14:00:00.0,2018-03-17T19:00:00.0,19,31206.03437,1,24012.88524,42021.25397,0.332079016,2.8432798455929995e7
2018-03-17T15:00:00.0,2018-03-17T20:00:00.0,20,30973.72413,1,21271.63604,36076.36071,0.658304371,1.6827110628396034e7
2018-03-17T16:00:00.0,2018-03-17T21:00:00.0,21,29312.55798,1,22763.24294,35449.29546,0.458927372,1.407851454517734e7
2018-03-17T17:00:00.0,2018-03-17T22:00:00.0,22,25893.07757,1,17191.20732,34720.77998,0.448561337,2.5504507633036733e7
2018-03-17T18:00:00.0,2018-03-17T23:00:00.0,23,18586.0969,1,9812.790032,26973.15898,0.436982569,2.596769752995199e7
2018-03-17T19:00:00.0,2018-03-18T00:00:00.0,0,4227.286876,1,2266.345409,11016.74753,0.173838767,6.53032350824327e6
2018-03-17T20:00:00.0,2018-03-18T01:00:00.0,1,0.67059,0,0.0,0.0,0.99,0.12886473696786538
2018-03-17T21:00:00.0,2018-03-18T02:00:00.0,2,0.0,1,0.0,0.0,0.01,0.12886473696786538
2018-03-17T22:00:00.0,2018-03-18T03:00:00.0,3,0.0,1,0.0,0.0,0.01,0.12886473696786538
2018-03-17T23:00:00.0,2018-03-18T04:00:00.0,4,0.0,1,0.0,0.0,0.01,0.12886473696786538
2018-03-18T00:00:00.0,2018-03-18T05:00:00.0,5,0.0,1,0.0,0.0,0.01,0.12886473696786538
2018-03-18T01:00:00.0,2018-03-18T06:00:00.0,6,0.0,1,0.0,0.0,0.01,0.12886473696786538
2018-03-18T02:00:00.0,2018-03-18T07:00:00.0,7,0.0,1,0.0,0.0,0.01,0.12886473696786538
2018-03-18T03:00:00.0,2018-03-18T08:00:00.0,8,0.0,1,0.0,0.0,0.01,0.12886473696786538
2018-03-18T04:00:00.0,2018-03-18T09:00:00.0,9,0.0,1,0.0,0.0,0.01,0.12886473696786538
2018-03-18T05:00:00.0,2018-03-18T10:00:00.0,10,0.0,1,0.0,0.0,0.01,0.12886473696786538
2018-03-18T06:00:00.0,2018-03-18T11:00:00.0,11,0.0,1,0.0,0.0,0.01,0.12886473696786538
2018-03-18T07:00:00.0,2018-03-18T12:00:00.0,12,35.90287704,0,0.0,0.0,0.99,0.12886473696786538
2018-03-18T08:00:00.0,2018-03-18T13:00:00.0,13,3071.211183,1,1295.537399,3336.919123,0.974858449,241263.201975069
2018-03-18T09:00:00.0,2018-03-18T14:00:00.0,14,11830.78226,1,4586.98574,13635.76659,0.869421348,7.099193047497928e6
2018-03-18T10:00:00.0,2018-03-18T15:00:00.0,15,19880.33512,1,13967.38277,27810.00696,0.486469916,1.6163972043912888e7
2018-03-18T11:00:00.0,2018-03-18T16:00:00.0,16,25071.30889,1,14797.56308,32875.57605,0.615777367,2.7593094148261666e7
2018-03-18T12:00:00.0,2018-03-18T17:00:00.0,17,27872.46188,1,19342.58338,30398.80541,0.812982106,1.0843619665607333e7
2018-03-18T13:00:00.0,2018-03-18T18:00:00.0,18,30193.07529,1,28603.54892,39837.79432,0.251640329,1.1269264936877966e7
2018-03-18T14:00:00.0,2018-03-18T19:00:00.0,19,31208.88971,1,28188.14935,36618.72777,0.416366488,5.62980791415751e6
2018-03-18T15:00:00.0,2018-03-18T20:00:00.0,20,33088.89912,1,26949.88411,35716.67885,0.682823599,7.417289922525406e6
2018-03-18T16:00:00.0,2018-03-18T21:00:00.0,21,31746.35325,1,29788.49028,39351.7668,0.217461955,7.268934572881937e6
2018-03-18T17:00:00.0,2018-03-18T22:00:00.0,22,30537.3501,1,27151.35493,36377.11253,0.352896449,6.3216454492919445e6
2018-03-18T18:00:00.0,2018-03-18T23:00:00.0,23,22083.05494,1,15202.44679,32980.59782,0.357590459,2.8383388960074186e7
2018-03-18T19:00:00.0,2018-03-19T00:00:00.0,0,5292.442039,1,2507.650194,14667.96584,0.11249016,1.0145893884949297e7
2018-03-18T20:00:00.0,2018-03-19T01:00:00.0,1,0.3971475,0,0.0,0.0,0.99,0.12886473696786538
2018-03-18T21:00:00.0,2018-03-19T02:00:00.0,2,0.0,1,0.0,0.0,0.01,0.12886473696786538
2018-03-18T22:00:00.0,2018-03-19T03:00:00.0,3,0.0,1,0.0,0.0,0.01,0.12886473696786538
2018-03-18T23:00:00.0,2018-03-19T04:00:00.0,4,0.0,1,0.0,0.0,0.01,0.12886473696786538
2018-03-19T00:00:00.0,2018-03-19T05:00:00.0,5,0.0,1,0.0,0.0,0.01,0.12886473696786538
2018-03-19T01:00:00.0,2018-03-19T06:00:00.0,6,0.0,1,0.0,0.0,0.01,0.12886473696786538
2018-03-19T02:00:00.0,2018-03-19T07:00:00.0,7,0.0,1,0.0,0.0,0.01,0.12886473696786538
2018-03-19T03:00:00.0,2018-03-19T08:00:00.0,8,0.0,1,0.0,0.0,0.01,0.12886473696786538
2018-03-19T04:00:00.0,2018-03-19T09:00:00.0,9,0.0,1,0.0,0.0,0.01,0.12886473696786538
2018-03-19T05:00:00.0,2018-03-19T10:00:00.0,10,0.0,1,0.0,0.0,0.01,0.12886473696786538
2018-03-19T06:00:00.0,2018-03-19T11:00:00.0,11,0.0,1,0.0,0.0,0.01,0.12886473696786538
2018-03-19T07:00:00.0,2018-03-19T12:00:00.0,12,336.0999382,0,0.0,0.0,0.99,0.12886473696786538
2018-03-19T08:00:00.0,2018-03-19T13:00:00.0,13,12060.81931,0,7647.992241,9186.998924,1.0,120002.30596143752
2018-03-19T09:00:00.0,2018-03-19T14:00:00.0,14,32011.78007,1,26335.54326,34487.27795,0.911243767,4.261619680361867e6
2018-03-19T10:00:00.0,2018-03-19T15:00:00.0,15,37679.97532,1,31080.34616,44975.92985,0.501117204,1.9092158433009386e7
2018-03-19T11:00:00.0,2018-03-19T16:00:00.0,16,38646.25396,1,34014.37267,42201.86696,0.596851777,6.088462913018227e6
2018-03-19T12:00:00.0,2018-03-19T17:00:00.0,17,38894.11827,1,29621.42,44311.92906,0.643768047,1.6110232631342173e7
2018-03-19T13:00:00.0,2018-03-19T18:00:00.0,18,38694.21204,1,33999.60284,46862.72725,0.450313292,1.3284051745874166e7
2018-03-19T14:00:00.0,2018-03-19T19:00:00.0,19,38755.65048,1,32151.93946,46204.29736,0.426492185,1.676444303704238e7
2018-03-19T15:00:00.0,2018-03-19T20:00:00.0,20,37517.36273,1,33655.95217,45118.63009,0.386959524,1.2124131693351269e7
2018-03-19T16:00:00.0,2018-03-19T21:00:00.0,21,36391.93137,1,30434.76205,46053.24795,0.406587083,1.69998194578135e7
2018-03-19T17:00:00.0,2018-03-19T22:00:00.0,22,35529.05212,1,25069.69004,38082.49863,0.749805069,1.2996824917458773e7
2018-03-19T18:00:00.0,2018-03-19T23:00:00.0,23,24711.58415,1,17579.70306,37685.05434,0.220511152,3.253683778135407e7
2018-03-19T19:00:00.0,2018-03-20T00:00:00.0,0,5506.006625,1,3177.736625,14079.58676,0.106774726,9.052087225638539e6
2018-03-19T20:00:00.0,2018-03-20T01:00:00.0,1,0.500874167,0,0.0,0.0,0.99,0.12886473696786538
2018-03-19T21:00:00.0,2018-03-20T02:00:00.0,2,0.0,1,0.0,0.0,0.01,0.12886473696786538
2018-03-19T22:00:00.0,2018-03-20T03:00:00.0,3,0.0,1,0.0,0.0,0.01,0.12886473696786538
2018-03-19T23:00:00.0,2018-03-20T04:00:00.0,4,0.0,1,0.0,0.0,0.01,0.12886473696786538
2018-03-20T00:00:00.0,2018-03-20T05:00:00.0,5,0.0,1,0.0,0.0,0.01,0.12886473696786538
2018-03-20T01:00:00.0,2018-03-20T06:00:00.0,6,0.0,1,0.0,0.0,0.01,0.12886473696786538
2018-03-20T02:00:00.0,2018-03-20T07:00:00.0,7,0.0,1,0.0,0.0,0.01,0.12886473696786538
2018-03-20T03:00:00.0,2018-03-20T08:00:00.0,8,0.0,1,0.0,0.0,0.01,0.12886473696786538
2018-03-20T04:00:00.0,2018-03-20T09:00:00.0,9,0.0,1,0.0,0.0,0.01,0.12886473696786538
2018-03-20T05:00:00.0,2018-03-20T10:00:00.0,10,0.0,1,0.0,0.0,0.01,0.12886473696786538
2018-03-20T06:00:00.0,2018-03-20T11:00:00.0,11,0.0,1,0.0,0.0,0.01,0.12886473696786538
2018-03-20T07:00:00.0,2018-03-20T12:00:00.0,12,554.7466031,0,0.0,0.0,0.99,0.12886473696786538
2018-03-20T08:00:00.0,2018-03-20T13:00:00.0,13,14567.72004,0,12044.74451,12406.59452,1.0,6426.193924874067
2018-03-20T09:00:00.0,2018-03-20T14:00:00.0,14,35799.80061,1,32436.09893,40509.56181,0.683317543,4.386494162367582e6
2018-03-20T10:00:00.0,2018-03-20T15:00:00.0,15,40266.06504,0,35358.63213,40061.17353,1.0,1.828393937037468e6
2018-03-20T11:00:00.0,2018-03-20T16:00:00.0,16,40304.39665,1,37720.62725,42023.18621,0.577285401,1.5288342128584385e6
2018-03-20T12:00:00.0,2018-03-20T17:00:00.0,17,39877.19438,1,35659.12924,46288.00101,0.420651068,9.887183078609943e6
2018-03-20T13:00:00.0,2018-03-20T18:00:00.0,18,39361.91003,1,33356.84294,45071.82958,0.51087359,1.1576022200638056e7
2018-03-20T14:00:00.0,2018-03-20T19:00:00.0,19,39601.29733,1,31015.96468,45265.23404,0.671771416,1.7088701515075684e7
2018-03-20T15:00:00.0,2018-03-20T20:00:00.0,20,39814.17857,1,34204.55092,47227.2194,0.432886985,1.4064734665544987e7
2018-03-20T16:00:00.0,2018-03-20T21:00:00.0,21,39818.33573,1,32035.01928,43695.25386,0.575407173,1.1099807103410006e7
2018-03-20T17:00:00.0,2018-03-20T22:00:00.0,22,37796.38722,1,35499.62099,39987.8401,0.347454374,1.8262409557330608e6
2018-03-20T18:00:00.0,2018-03-20T23:00:00.0,23,26470.00948,1,22501.44247,39295.31077,0.139736382,2.199318584883988e7
2018-03-20T19:00:00.0,2018-03-21T00:00:00.0,0,6306.081301,1,2950.476714,17544.21117,0.075961514,1.509596606483689e7
2018-03-20T20:00:00.0,2018-03-21T01:00:00.0,1,1.439780833,0,0.0,0.0,0.99,0.12886473696786538
2018-03-20T21:00:00.0,2018-03-21T02:00:00.0,2,0.0,1,0.0,0.0,0.01,0.12886473696786538
2018-03-20T22:00:00.0,2018-03-21T03:00:00.0,3,0.0,1,0.0,0.0,0.01,0.12886473696786538
2018-03-20T23:00:00.0,2018-03-21T04:00:00.0,4,0.0,1,0.0,0.0,0.01,0.12886473696786538
2018-03-21T00:00:00.0,2018-03-21T05:00:00.0,5,0.0,1,0.0,0.0,0.01,0.12886473696786538
2018-03-21T01:00:00.0,2018-03-21T06:00:00.0,6,0.0,1,0.0,0.0,0.01,0.12886473696786538
2018-03-21T02:00:00.0,2018-03-21T07:00:00.0,7,0.0,1,0.0,0.0,0.01,0.12886473696786538
2018-03-21T03:00:00.0,2018-03-21T08:00:00.0,8,0.0,1,0.0,0.0,0.01,0.12886473696786538
2018-03-21T04:00:00.0,2018-03-21T09:00:00.0,9,0.0,1,0.0,0.0,0.01,0.12886473696786538
2018-03-21T05:00:00.0,2018-03-21T10:00:00.0,10,0.0,1,0.0,0.0,0.01,0.12886473696786538
2018-03-21T06:00:00.0,2018-03-21T11:00:00.0,11,0.0,1,0.0,0.0,0.01,0.12886473696786538
2018-03-21T07:00:00.0,2018-03-21T12:00:00.0,12,603.12157,0,0.0,0.0,0.99,0.12886473696786538
2018-03-21T08:00:00.0,2018-03-21T13:00:00.0,13,12285.64062,1,10589.86028,12636.2786,0.959845772,193483.1093545258
2018-03-21T09:00:00.0,2018-03-21T14:00:00.0,14,29578.0696,0,31594.30722,33576.20628,0.0,127219.79740345478
2018-03-21T10:00:00.0,2018-03-21T15:00:00.0,15,34556.52412,1,32329.03512,46351.21285,0.199288307,1.6282107141937733e7
2018-03-21T11:00:00.0,2018-03-21T16:00:00.0,16,36105.40782,1,33268.50445,40698.22371,0.461246373,4.234529520837307e6
2018-03-21T12:00:00.0,2018-03-21T17:00:00.0,17,37122.6172,1,30417.19214,44292.87346,0.48809214,1.5371052559253693e7
2018-03-21T13:00:00.0,2018-03-21T18:00:00.0,18,37895.4273,1,35102.03064,44324.00573,0.307688088,7.111059679324865e6
2018-03-21T14:00:00.0,2018-03-21T19:00:00.0,19,38143.13644,1,31955.89056,43570.40562,0.499032825,1.2118107528579712e7
2018-03-21T15:00:00.0,2018-03-21T20:00:00.0,20,38539.91259,1,30659.238,40320.36463,0.694070018,7.675470389860153e6
2018-03-21T16:00:00.0,2018-03-21T21:00:00.0,21,38453.38363,1,34071.62141,43795.58694,0.405043366,8.362058414982319e6
2018-03-21T17:00:00.0,2018-03-21T22:00:00.0,22,34856.93202,1,32778.78586,38110.23782,0.198452325,2.0981109983673096e6
2018-03-21T18:00:00.0,2018-03-21T23:00:00.0,23,23530.03075,1,19615.40886,36504.46197,0.185932013,2.7390440082259655e7
2018-03-21T19:00:00.0,2018-03-22T00:00:00.0,0,5540.5198,1,3468.115189,13546.88622,0.108498826,8.279594651527956e6
2018-03-21T20:00:00.0,2018-03-22T01:00:00.0,1,0.936330833,0,0.0,0.0,0.99,0.12886473696786538
2018-03-21T21:00:00.0,2018-03-22T02:00:00.0,2,0.0,1,0.0,0.0,0.01,0.12886473696786538
2018-03-21T22:00:00.0,2018-03-22T03:00:00.0,3,0.0,1,0.0,0.0,0.01,0.12886473696786538
2018-03-21T23:00:00.0,2018-03-22T04:00:00.0,4,0.0,1,0.0,0.0,0.01,0.12886473696786538
2018-03-22T00:00:00.0,2018-03-22T05:00:00.0,5,0.0,1,0.0,0.0,0.01,0.12886473696786538
2018-03-22T01:00:00.0,2018-03-22T06:00:00.0,6,0.0,1,0.0,0.0,0.01,0.12886473696786538
2018-03-22T02:00:00.0,2018-03-22T07:00:00.0,7,0.0,1,0.0,0.0,0.01,0.12886473696786538
2018-03-22T03:00:00.0,2018-03-22T08:00:00.0,8,0.0,1,0.0,0.0,0.01,0.12886473696786538
2018-03-22T04:00:00.0,2018-03-22T09:00:00.0,9,0.0,1,0.0,0.0,0.01,0.12886473696786538
2018-03-22T05:00:00.0,2018-03-22T10:00:00.0,10,0.0,1,0.0,0.0,0.01,0.12886473696786538
2018-03-22T06:00:00.0,2018-03-22T11:00:00.0,11,0.0,1,0.0,0.0,0.01,0.12886473696786538
2018-03-22T07:00:00.0,2018-03-22T12:00:00.0,12,498.2241289,0,0.0,0.0,0.99,0.12886473696786538
2018-03-22T08:00:00.0,2018-03-22T13:00:00.0,13,12410.9337,0,10907.8822,12346.35208,1.0,36803.296209305525
2018-03-22T09:00:00.0,2018-03-22T14:00:00.0,14,31182.74657,1,30704.44729,38536.1764,0.237192666,2.5777807990790606e6
2018-03-22T10:00:00.0,2018-03-22T15:00:00.0,15,36882.29558,1,29768.13791,44691.21058,0.485695724,1.6789629337055683e7
2018-03-22T11:00:00.0,2018-03-22T16:00:00.0,16,37475.28717,1,36202.79311,41063.30555,0.421031153,1.6688333902521133e6
2018-03-22T12:00:00.0,2018-03-22T17:00:00.0,17,38206.03578,1,32484.89829,40155.66944,0.759492464,4.298668178881645e6
2018-03-22T13:00:00.0,2018-03-22T18:00:00.0,18,37385.1383,1,29479.24188,42277.35324,0.523093475,1.530248414994073e7
2018-03-22T14:00:00.0,2018-03-22T19:00:00.0,19,37008.24777,1,33138.43853,41277.38952,0.505699837,6.315690363414288e6
2018-03-22T15:00:00.0,2018-03-22T20:00:00.0,20,36591.23597,1,33131.29096,40807.4058,0.486948332,4.491877471606731e6
2018-03-22T16:00:00.0,2018-03-22T21:00:00.0,21,36770.80503,1,32295.4078,40372.83586,0.583749179,6.393841306610107e6
2018-03-22T17:00:00.0,2018-03-22T22:00:00.0,22,35337.47398,1,30481.84183,43847.96811,0.409091824,1.7034753303453684e7
2018-03-22T18:00:00.0,2018-03-22T23:00:00.0,23,23687.60116,1,16900.4855,33533.81855,0.251415881,2.285879380080998e7
2018-03-22T19:00:00.0,2018-03-23T00:00:00.0,0,5544.301301,1,2390.129359,14042.17712,0.123167289,1.1216600120552614e7
2018-03-22T20:00:00.0,2018-03-23T01:00:00.0,1,0.7758325,0,0.0,0.0,0.99,0.12886473696786538
2018-03-22T21:00:00.0,2018-03-23T02:00:00.0,2,0.0,1,0.0,0.0,0.01,0.12886473696786538
2018-03-22T22:00:00.0,2018-03-23T03:00:00.0,3,0.0,1,0.0,0.0,0.01,0.12886473696786538
2018-03-22T23:00:00.0,2018-03-23T04:00:00.0,4,0.0,1,0.0,0.0,0.01,0.12886473696786538
2018-03-23T00:00:00.0,2018-03-23T05:00:00.0,5,0.0,1,0.0,0.0,0.01,0.12886473696786538
2018-03-23T01:00:00.0,2018-03-23T06:00:00.0,6,0.0,1,0.0,0.0,0.01,0.12886473696786538
2018-03-23T02:00:00.0,2018-03-23T07:00:00.0,7,0.0,1,0.0,0.0,0.01,0.12886473696786538
2018-03-23T03:00:00.0,2018-03-23T08:00:00.0,8,0.0,1,0.0,0.0,0.01,0.12886473696786538
2018-03-23T04:00:00.0,2018-03-23T09:00:00.0,9,0.0,1,0.0,0.0,0.01,0.12886473696786538
2018-03-23T05:00:00.0,2018-03-23T10:00:00.0,10,0.0,1,0.0,0.0,0.01,0.12886473696786538
2018-03-23T06:00:00.0,2018-03-23T11:00:00.0,11,0.0,1,0.0,0.0,0.01,0.12886473696786538
2018-03-23T07:00:00.0,2018-03-23T12:00:00.0,12,489.695756,0,0.0,0.0,0.99,0.12886473696786538
2018-03-23T08:00:00.0,2018-03-23T13:00:00.0,13,5908.252895,0,8614.685512,12255.58957,0.0,652107.2650344521
2018-03-23T09:00:00.0,2018-03-23T14:00:00.0,14,11976.55987,0,18899.7755,35363.86882,0.0,1.3080250506543279e7
2018-03-23T10:00:00.0,2018-03-23T15:00:00.0,15,14950.46643,0,16510.41653,36616.80558,0.0,2.6657528844283044e7
2018-03-23T11:00:00.0,2018-03-23T16:00:00.0,16,19668.26192,0,22131.22658,36088.25493,0.0,1.2872602511105776e7
2018-03-23T12:00:00.0,2018-03-23T17:00:00.0,17,24455.27853,0,24745.8603,36742.74773,0.0,9.931898718639374e6
2018-03-23T13:00:00.0,2018-03-23T18:00:00.0,18,26308.53859,1,22183.05399,36395.51563,0.367630707,1.5979958302737117e7
2018-03-23T14:00:00.0,2018-03-23T19:00:00.0,19,27259.1028,1,20036.5208,38164.24862,0.425681385,2.4890082700724006e7
2018-03-23T15:00:00.0,2018-03-23T20:00:00.0,20,27313.46277,1,19716.11439,34854.54663,0.520452936,1.5981404640596509e7
2018-03-23T16:00:00.0,2018-03-23T21:00:00.0,21,26529.1543,1,18607.29486,39339.23507,0.454009543,3.8256258030861735e7
2018-03-23T17:00:00.0,2018-03-23T22:00:00.0,22,25066.08621,1,14051.67914,31060.63036,0.529640688,2.357394523254478e7
2018-03-23T18:00:00.0,2018-03-23T23:00:00.0,23,16144.07376,1,8577.374519,23548.78991,0.394895526,1.902736004630071e7
2018-03-23T19:00:00.0,2018-03-24T00:00:00.0,0,4050.418721,1,1654.426022,9781.10413,0.15783877,5.259370045850918e6
2018-03-23T20:00:00.0,2018-03-24T01:00:00.0,1,1.271285833,0,0.0,0.0,0.99,0.12886473696786538
2018-03-23T21:00:00.0,2018-03-24T02:00:00.0,2,0.0,1,0.0,0.0,0.01,0.12886473696786538
2018-03-23T22:00:00.0,2018-03-24T03:00:00.0,3,0.0,1,0.0,0.0,0.01,0.12886473696786538
2018-03-23T23:00:00.0,2018-03-24T04:00:00.0,4,0.0,1,0.0,0.0,0.01,0.12886473696786538
2018-03-24T00:00:00.0,2018-03-24T05:00:00.0,5,0.0,1,0.0,0.0,0.01,0.12886473696786538
2018-03-24T01:00:00.0,2018-03-24T06:00:00.0,6,0.0,1,0.0,0.0,0.01,0.12886473696786538
2018-03-24T02:00:00.0,2018-03-24T07:00:00.0,7,0.0,1,0.0,0.0,0.01,0.12886473696786538
2018-03-24T03:00:00.0,2018-03-24T08:00:00.0,8,0.0,1,0.0,0.0,0.01,0.12886473696786538
2018-03-24T04:00:00.0,2018-03-24T09:00:00.0,9,0.0,1,0.0,0.0,0.01,0.12886473696786538
2018-03-24T05:00:00.0,2018-03-24T10:00:00.0,10,0.0,1,0.0,0.0,0.01,0.12886473696786538
2018-03-24T06:00:00.0,2018-03-24T11:00:00.0,11,0.0,1,0.0,0.0,0.01,0.12886473696786538
2018-03-24T07:00:00.0,2018-03-24T12:00:00.0,12,307.1952375,0,0.0,0.0,0.99,0.12886473696786538
2018-03-24T08:00:00.0,2018-03-24T13:00:00.0,13,5989.574341,0,7496.211892,11553.6636,0.0,685301.8123605102
2018-03-24T09:00:00.0,2018-03-24T14:00:00.0,14,17365.72508,0,22389.66682,32550.61725,0.0,3.526029160381317e6
2018-03-24T10:00:00.0,2018-03-24T15:00:00.0,15,21808.97038,1,20655.98494,35779.57308,0.118994352,2.07824547000494e7
2018-03-24T11:00:00.0,2018-03-24T16:00:00.0,16,25109.87184,1,21836.07931,39549.34189,0.322112572,2.320999948212421e7
2018-03-24T12:00:00.0,2018-03-24T17:00:00.0,17,26623.69845,1,26609.20544,40607.28967,0.010769961,1.3825039755180836e7
2018-03-24T13:00:00.0,2018-03-24T18:00:00.0,18,28543.92316,1,23262.37361,38591.09266,0.454589569,1.9641981803723693e7
2018-03-24T14:00:00.0,2018-03-24T19:00:00.0,19,30176.4015,1,26421.78632,35546.88843,0.479924296,6.979574715355277e6
2018-03-24T15:00:00.0,2018-03-24T20:00:00.0,20,30388.86828,1,23713.28797,36284.26432,0.560276041,1.5744414012802482e7
2018-03-24T16:00:00.0,2018-03-24T21:00:00.0,21,29519.40994,1,22363.5423,39413.38517,0.38315287,2.553265860394168e7
2018-03-24T17:00:00.0,2018-03-24T22:00:00.0,22,27371.37127,1,20790.87995,31421.04654,0.479875393,1.0988515508722544e7
2018-03-24T18:00:00.0,2018-03-24T23:00:00.0,23,18275.8494,1,12427.09975,28372.46965,0.271828313,1.8031734898310483e7
2018-03-24T19:00:00.0,2018-03-25T00:00:00.0,0,4714.236043,1,2559.360163,11539.64996,0.188382104,7.5538348287916705e6
2018-03-24T20:00:00.0,2018-03-25T01:00:00.0,1,1.030169167,0,0.0,0.0,0.99,0.12886473696786538
2018-03-24T21:00:00.0,2018-03-25T02:00:00.0,2,0.0,1,0.0,0.0,0.01,0.12886473696786538
2018-03-24T22:00:00.0,2018-03-25T03:00:00.0,3,0.0,1,0.0,0.0,0.01,0.12886473696786538
2018-03-24T23:00:00.0,2018-03-25T04:00:00.0,4,0.0,1,0.0,0.0,0.01,0.12886473696786538
2018-03-25T00:00:00.0,2018-03-25T05:00:00.0,5,0.0,1,0.0,0.0,0.01,0.12886473696786538
2018-03-25T01:00:00.0,2018-03-25T06:00:00.0,6,0.0,1,0.0,0.0,0.01,0.12886473696786538
2018-03-25T02:00:00.0,2018-03-25T07:00:00.0,7,0.0,1,0.0,0.0,0.01,0.12886473696786538
2018-03-25T03:00:00.0,2018-03-25T08:00:00.0,8,0.0,1,0.0,0.0,0.01,0.12886473696786538
2018-03-25T04:00:00.0,2018-03-25T09:00:00.0,9,0.0,1,0.0,0.0,0.01,0.12886473696786538
2018-03-25T05:00:00.0,2018-03-25T10:00:00.0,10,0.0,1,0.0,0.0,0.01,0.12886473696786538
2018-03-25T06:00:00.0,2018-03-25T11:00:00.0,11,0.0,1,0.0,0.0,0.01,0.12886473696786538
2018-03-25T07:00:00.0,2018-03-25T12:00:00.0,12,394.4261937,0,0.0,0.0,0.99,0.12886473696786538
2018-03-25T08:00:00.0,2018-03-25T13:00:00.0,13,7799.154298,1,6474.214838,11982.75466,0.529407801,1.8562524549790919e6
2018-03-25T09:00:00.0,2018-03-25T14:00:00.0,14,19153.74126,1,18348.64762,30337.06642,0.158919472,9.588643918089092e6
2018-03-25T10:00:00.0,2018-03-25T15:00:00.0,15,24996.75707,1,20483.71267,32303.42737,0.542218466,1.1756848941915035e7
2018-03-25T11:00:00.0,2018-03-25T16:00:00.0,16,27740.49376,1,24000.17056,35401.60045,0.42930807,1.01893921894902e7
2018-03-25T12:00:00.0,2018-03-25T17:00:00.0,17,29227.25871,1,27283.08253,34335.82817,0.399232515,3.8814970679905415e6
2018-03-25T13:00:00.0,2018-03-25T18:00:00.0,18,30039.91157,1,24233.76717,37829.62073,0.513323712,1.393095960936737e7
2018-03-25T14:00:00.0,2018-03-25T19:00:00.0,19,30029.31582,1,25554.23528,34312.86601,0.536602567,6.202239754072785e6
2018-03-25T15:00:00.0,2018-03-25T20:00:00.0,20,29419.37109,1,22638.39696,39964.85518,0.468118956,2.975261016054511e7
2018-03-25T16:00:00.0,2018-03-25T21:00:00.0,21,26291.20736,1,18008.57492,35224.15844,0.483491688,2.286228601896262e7
2018-03-25T17:00:00.0,2018-03-25T22:00:00.0,22,19807.93805,1,17599.49434,31080.23377,0.218642198,1.7754972431313157e7
2018-03-25T18:00:00.0,2018-03-25T23:00:00.0,23,11834.09024,1,8749.049708,17883.75944,0.268433675,8.049910208984226e6
2018-03-25T19:00:00.0,2018-03-26T00:00:00.0,0,2810.51556,1,1473.815309,6340.895784,0.074735293,1.594193863505613e6
2018-03-25T20:00:00.0,2018-03-26T01:00:00.0,1,1.5263775,0,0.0,0.0,0.99,0.12886473696786538
2018-03-25T21:00:00.0,2018-03-26T02:00:00.0,2,0.0,1,0.0,0.0,0.01,0.12886473696786538
2018-03-25T22:00:00.0,2018-03-26T03:00:00.0,3,0.0,1,0.0,0.0,0.01,0.12886473696786538
2018-03-25T23:00:00.0,2018-03-26T04:00:00.0,4,0.0,1,0.0,0.0,0.01,0.12886473696786538
2018-03-26T00:00:00.0,2018-03-26T05:00:00.0,5,0.0,1,0.0,0.0,0.01,0.12886473696786538
2018-03-26T01:00:00.0,2018-03-26T06:00:00.0,6,0.0,1,0.0,0.0,0.01,0.12886473696786538
2018-03-26T02:00:00.0,2018-03-26T07:00:00.0,7,0.0,1,0.0,0.0,0.01,0.12886473696786538
2018-03-26T03:00:00.0,2018-03-26T08:00:00.0,8,0.0,1,0.0,0.0,0.01,0.12886473696786538
2018-03-26T04:00:00.0,2018-03-26T09:00:00.0,9,0.0,1,0.0,0.0,0.01,0.12886473696786538
2018-03-26T05:00:00.0,2018-03-26T10:00:00.0,10,0.0,1,0.0,0.0,0.01,0.12886473696786538
2018-03-26T06:00:00.0,2018-03-26T11:00:00.0,11,0.0,1,0.0,0.0,0.01,0.12886473696786538
2018-03-26T07:00:00.0,2018-03-26T12:00:00.0,12,179.084694,0,0.0,0.0,0.99,0.12886473696786538
2018-03-26T08:00:00.0,2018-03-26T13:00:00.0,13,3841.954943,0,4683.511682,9755.357438,0.0,1.5802041325106025e6
2018-03-26T09:00:00.0,2018-03-26T14:00:00.0,14,9747.183154,0,13378.17395,27645.55993,0.0,1.3151148827471137e7
2018-03-26T10:00:00.0,2018-03-26T15:00:00.0,15,14406.54518,0,15005.71409,28890.80021,0.0,1.5380839964800954e7
2018-03-26T11:00:00.0,2018-03-26T16:00:00.0,16,21408.0151,1,16247.06385,30575.95084,0.482176864,1.6518713413812757e7
2018-03-26T12:00:00.0,2018-03-26T17:00:00.0,17,23448.90061,1,19808.81051,34631.54676,0.334722164,1.781733460579312e7
2018-03-26T13:00:00.0,2018-03-26T18:00:00.0,18,26334.93719,1,22089.62772,37852.8794,0.348080175,2.3143441325420618e7
2018-03-26T14:00:00.0,2018-03-26T19:00:00.0,19,27512.16111,1,23076.95022,38481.49472,0.379989429,2.099473053171277e7
2018-03-26T15:00:00.0,2018-03-26T20:00:00.0,20,26866.35639,1,22013.1385,34800.66741,0.373134743,1.197227909573698e7
2018-03-26T16:00:00.0,2018-03-26T21:00:00.0,21,24330.75334,1,20864.92302,36265.85847,0.257994041,1.8123027621728897e7
2018-03-26T17:00:00.0,2018-03-26T22:00:00.0,22,19743.24281,1,14518.70298,32588.67353,0.267001301,3.0344236202991843e7
2018-03-26T18:00:00.0,2018-03-26T23:00:00.0,23,12229.21021,1,9291.354752,18267.39842,0.167681483,6.204426352986962e6
2018-03-26T19:00:00.0,2018-03-27T00:00:00.0,0,2352.174926,1,853.6017091,6460.332542,0.096915628,2.327719838466745e6
2018-03-26T20:00:00.0,2018-03-27T01:00:00.0,1,0.4548775,0,0.0,0.0,0.99,0.12886473696786538
2018-03-26T21:00:00.0,2018-03-27T02:00:00.0,2,0.0,1,0.0,0.0,0.01,0.12886473696786538
2018-03-26T22:00:00.0,2018-03-27T03:00:00.0,3,0.0,1,0.0,0.0,0.01,0.12886473696786538
2018-03-26T23:00:00.0,2018-03-27T04:00:00.0,4,0.0,1,0.0,0.0,0.01,0.12886473696786538
2018-03-27T00:00:00.0,2018-03-27T05:00:00.0,5,0.0,1,0.0,0.0,0.01,0.12886473696786538
2018-03-27T01:00:00.0,2018-03-27T06:00:00.0,6,0.0,1,0.0,0.0,0.01,0.12886473696786538
2018-03-27T02:00:00.0,2018-03-27T07:00:00.0,7,0.0,1,0.0,0.0,0.01,0.12886473696786538
2018-03-27T03:00:00.0,2018-03-27T08:00:00.0,8,0.0,1,0.0,0.0,0.01,0.12886473696786538
2018-03-27T04:00:00.0,2018-03-27T09:00:00.0,9,0.0,1,0.0,0.0,0.01,0.12886473696786538
2018-03-27T05:00:00.0,2018-03-27T10:00:00.0,10,0.0,1,0.0,0.0,0.01,0.12886473696786538
2018-03-27T06:00:00.0,2018-03-27T11:00:00.0,11,0.0,1,0.0,0.0,0.01,0.12886473696786538
2018-03-27T07:00:00.0,2018-03-27T12:00:00.0,12,311.1196014,0,0.0,0.0,0.99,0.12886473696786538
2018-03-27T08:00:00.0,2018-03-27T13:00:00.0,13,2857.006326,0,2977.567654,5395.412473,0.0,450315.65141333826
2018-03-27T09:00:00.0,2018-03-27T14:00:00.0,14,5711.033203,0,8824.158773,13462.53955,0.0,1.5159028697558641e6
2018-03-27T10:00:00.0,2018-03-27T15:00:00.0,15,8201.618,0,9061.019442,19073.75075,0.0,7.908162768036604e6
2018-03-27T11:00:00.0,2018-03-27T16:00:00.0,16,10287.68579,0,12547.51274,25463.1282,0.0,1.0913973416077495e7
2018-03-27T12:00:00.0,2018-03-27T17:00:00.0,17,12409.20017,0,14786.15774,25913.92509,0.0,9.80531721694833e6
2018-03-27T13:00:00.0,2018-03-27T18:00:00.0,18,12833.63121,0,16363.12336,24452.63077,0.0,4.553895556340933e6
2018-03-27T14:00:00.0,2018-03-27T19:00:00.0,19,13713.55363,0,16671.56175,25821.32378,0.0,6.02343500455749e6
2018-03-27T15:00:00.0,2018-03-27T20:00:00.0,20,13937.46152,1,12475.57566,23487.31418,0.159855902,1.0551900121393502e7
2018-03-27T16:00:00.0,2018-03-27T21:00:00.0,21,12542.61561,0,14077.96739,22993.59106,0.0,6.082375296293616e6
2018-03-27T17:00:00.0,2018-03-27T22:00:00.0,22,11544.83315,1,11184.65729,19847.16779,0.081042021,6.052404438463777e6
2018-03-27T18:00:00.0,2018-03-27T23:00:00.0,23,8377.904844,1,5275.278215,12780.163,0.343607334,5.092264640695289e6
2018-03-27T19:00:00.0,2018-03-28T00:00:00.0,0,1718.666951,1,748.1279964,4842.522364,0.135649803,1.1949906232684832e6
2018-03-27T20:00:00.0,2018-03-28T01:00:00.0,1,2.209009833,0,0.0,0.0,0.99,0.12886473696786538
2018-03-27T21:00:00.0,2018-03-28T02:00:00.0,2,0.0,1,0.0,0.0,0.01,0.12886473696786538
2018-03-27T22:00:00.0,2018-03-28T03:00:00.0,3,0.0,1,0.0,0.0,0.01,0.12886473696786538
2018-03-27T23:00:00.0,2018-03-28T04:00:00.0,4,0.0,1,0.0,0.0,0.01,0.12886473696786538
2018-03-28T00:00:00.0,2018-03-28T05:00:00.0,5,0.0,1,0.0,0.0,0.01,0.12886473696786538
2018-03-28T01:00:00.0,2018-03-28T06:00:00.0,6,0.0,1,0.0,0.0,0.01,0.12886473696786538
2018-03-28T02:00:00.0,2018-03-28T07:00:00.0,7,0.0,1,0.0,0.0,0.01,0.12886473696786538
2018-03-28T03:00:00.0,2018-03-28T08:00:00.0,8,0.0,1,0.0,0.0,0.01,0.12886473696786538
2018-03-28T04:00:00.0,2018-03-28T09:00:00.0,9,0.0,1,0.0,0.0,0.01,0.12886473696786538
2018-03-28T05:00:00.0,2018-03-28T10:00:00.0,10,0.0,1,0.0,0.0,0.01,0.12886473696786538
2018-03-28T06:00:00.0,2018-03-28T11:00:00.0,11,0.0,1,0.0,0.0,0.01,0.12886473696786538
2018-03-28T07:00:00.0,2018-03-28T12:00:00.0,12,144.8892933,0,0.0,0.0,0.99,0.12886473696786538
2018-03-28T08:00:00.0,2018-03-28T13:00:00.0,13,5607.516306,1,1060.348239,5833.371983,0.975150817,1.9017754599495865e6
2018-03-28T09:00:00.0,2018-03-28T14:00:00.0,14,5698.232608,1,4418.449015,19610.93538,0.155862922,1.85699152800605e7
2018-03-28T10:00:00.0,2018-03-28T15:00:00.0,15,10209.75581,1,6068.770355,22498.5799,0.318925301,1.8223803441711426e7
2018-03-28T11:00:00.0,2018-03-28T16:00:00.0,16,14569.82653,1,7526.369794,25890.71781,0.513328333,2.4062411327869833e7
2018-03-28T12:00:00.0,2018-03-28T17:00:00.0,17,17502.14369,1,10927.32795,29160.63053,0.446204472,2.227933722906071e7
2018-03-28T13:00:00.0,2018-03-28T18:00:00.0,18,21090.10246,1,10671.91751,29826.36183,0.60739967,3.0840068295478404e7
2018-03-28T14:00:00.0,2018-03-28T19:00:00.0,19,23658.62897,1,11158.20983,27939.67437,0.781467946,2.234012521478659e7
2018-03-28T15:00:00.0,2018-03-28T20:00:00.0,20,22579.06618,1,11463.12513,27619.05933,0.76012966,2.1672928763508976e7
2018-03-28T16:00:00.0,2018-03-28T21:00:00.0,21,22806.6054,1,14716.49694,31824.95946,0.504017085,2.1759140288080335e7
2018-03-28T17:00:00.0,2018-03-28T22:00:00.0,22,23363.43616,1,11756.57485,26981.21143,0.756313977,1.6379557441170573e7
2018-03-28T18:00:00.0,2018-03-28T23:00:00.0,23,17222.52006,1,6007.795836,23074.88702,0.450158946,2.2711555904173493e7
2018-03-28T19:00:00.0,2018-03-29T00:00:00.0,0,4879.271525,1,2735.738997,10266.67442,0.091555937,3.6405902250320017e6
2018-03-28T20:00:00.0,2018-03-29T01:00:00.0,1,9.306882917,0,0.0,0.0,0.99,0.12886473696786538
2018-03-28T21:00:00.0,2018-03-29T02:00:00.0,2,0.0,1,0.0,0.0,0.01,0.12886473696786538
2018-03-28T22:00:00.0,2018-03-29T03:00:00.0,3,0.0,1,0.0,0.0,0.01,0.12886473696786538
2018-03-28T23:00:00.0,2018-03-29T04:00:00.0,4,0.0,1,0.0,0.0,0.01,0.12886473696786538
2018-03-29T00:00:00.0,2018-03-29T05:00:00.0,5,0.0,1,0.0,0.0,0.01,0.12886473696786538
2018-03-29T01:00:00.0,2018-03-29T06:00:00.0,6,0.0,1,0.0,0.0,0.01,0.12886473696786538
2018-03-29T02:00:00.0,2018-03-29T07:00:00.0,7,0.0,1,0.0,0.0,0.01,0.12886473696786538
2018-03-29T03:00:00.0,2018-03-29T08:00:00.0,8,0.0,1,0.0,0.0,0.01,0.12886473696786538
2018-03-29T04:00:00.0,2018-03-29T09:00:00.0,9,0.0,1,0.0,0.0,0.01,0.12886473696786538
2018-03-29T05:00:00.0,2018-03-29T10:00:00.0,10,0.0,1,0.0,0.0,0.01,0.12886473696786538
2018-03-29T06:00:00.0,2018-03-29T11:00:00.0,11,0.0,1,0.0,0.0,0.01,0.12886473696786538
2018-03-29T07:00:00.0,2018-03-29T12:00:00.0,12,1059.754242,0,0.0,0.0,0.99,0.12886473696786538
2018-03-29T08:00:00.0,2018-03-29T13:00:00.0,13,13777.66974,1,9866.00641,14820.44699,0.949643816,1.433501181217745e6
2018-03-29T09:00:00.0,2018-03-29T14:00:00.0,14,28687.84104,1,25408.46719,39097.593,0.469246523,1.4248854937945008e7
2018-03-29T10:00:00.0,2018-03-29T15:00:00.0,15,34440.80088,1,28218.08856,43409.0234,0.515107154,2.0027153071670055e7
2018-03-29T11:00:00.0,2018-03-29T16:00:00.0,16,37275.52722,1,34039.4952,46924.64047,0.368420714,1.2178283337376356e7
2018-03-29T12:00:00.0,2018-03-29T17:00:00.0,17,38429.08336,1,30873.85989,45316.34287,0.52543893,1.66288422035985e7
2018-03-29T13:00:00.0,2018-03-29T18:00:00.0,18,38890.38268,1,32682.09336,44545.65362,0.435633882,1.1585285076118708e7
2018-03-29T14:00:00.0,2018-03-29T19:00:00.0,19,39041.94801,1,31691.08374,44460.04984,0.59030682,1.2956447836471796e7
2018-03-29T15:00:00.0,2018-03-29T20:00:00.0,20,38808.26654,1,26951.3282,44158.97926,0.641137846,2.8635331481460094e7
2018-03-29T16:00:00.0,2018-03-29T21:00:00.0,21,37660.75777,1,30311.29765,45825.28564,0.465276385,2.324837352155304e7
2018-03-29T17:00:00.0,2018-03-29T22:00:00.0,22,35173.77219,1,25577.32638,39829.9555,0.622028374,1.6454911812958956e7
2018-03-29T18:00:00.0,2018-03-29T23:00:00.0,23,25868.91737,1,13383.39521,36714.79621,0.366814093,4.316642158754647e7
2018-03-29T19:00:00.0,2018-03-30T00:00:00.0,0,7233.008094,1,3866.724493,15202.13347,0.147593376,1.1511765695554644e7
2018-03-29T20:00:00.0,2018-03-30T01:00:00.0,1,13.21871413,0,0.0,0.0,0.99,0.12886473696786538
2018-03-29T21:00:00.0,2018-03-30T02:00:00.0,2,0.0,1,0.0,0.0,0.01,0.12886473696786538
2018-03-29T22:00:00.0,2018-03-30T03:00:00.0,3,0.0,1,0.0,0.0,0.01,0.12886473696786538
2018-03-29T23:00:00.0,2018-03-30T04:00:00.0,4,0.0,1,0.0,0.0,0.01,0.12886473696786538
2018-03-30T00:00:00.0,2018-03-30T05:00:00.0,5,0.0,1,0.0,0.0,0.01,0.12886473696786538
2018-03-30T01:00:00.0,2018-03-30T06:00:00.0,6,0.0,1,0.0,0.0,0.01,0.12886473696786538
2018-03-30T02:00:00.0,2018-03-30T07:00:00.0,7,0.0,1,0.0,0.0,0.01,0.12886473696786538
2018-03-30T03:00:00.0,2018-03-30T08:00:00.0,8,0.0,1,0.0,0.0,0.01,0.12886473696786538
2018-03-30T04:00:00.0,2018-03-30T09:00:00.0,9,0.0,1,0.0,0.0,0.01,0.12886473696786538
2018-03-30T05:00:00.0,2018-03-30T10:00:00.0,10,0.0,1,0.0,0.0,0.01,0.12886473696786538
2018-03-30T06:00:00.0,2018-03-30T11:00:00.0,11,0.0,1,0.0,0.0,0.01,0.12886473696786538
2018-03-30T07:00:00.0,2018-03-30T12:00:00.0,12,1525.258695,0,0.0,0.0,0.99,0.12886473696786538
2018-03-30T08:00:00.0,2018-03-30T13:00:00.0,13,17178.08293,0,12446.71928,15578.83464,1.0,476707.2828588784
2018-03-30T09:00:00.0,2018-03-30T14:00:00.0,14,34311.5611,1,32745.05896,38232.82722,0.564169543,1.9831432270944118e6
2018-03-30T10:00:00.0,2018-03-30T15:00:00.0,15,38526.16586,1,37104.0461,44850.20725,0.324502929,4.616460511254787e6
2018-03-30T11:00:00.0,2018-03-30T16:00:00.0,16,38973.83981,1,33102.73682,43635.38473,0.676275344,9.083549573209763e6
2018-03-30T12:00:00.0,2018-03-30T17:00:00.0,17,39531.28372,1,34658.4815,41624.68242,0.734069363,3.695623373910904e6
2018-03-30T13:00:00.0,2018-03-30T18:00:00.0,18,39794.90653,1,30512.87068,40747.83563,0.862558234,1.0009405139556408e7
2018-03-30T14:00:00.0,2018-03-30T19:00:00.0,19,39804.00815,1,35859.2905,40583.14261,0.792934298,1.6913770207943916e6
2018-03-30T15:00:00.0,2018-03-30T20:00:00.0,20,39945.79302,1,32678.70853,46519.39531,0.491951102,1.4564068580424309e7
2018-03-30T16:00:00.0,2018-03-30T21:00:00.0,21,39879.89934,1,31188.68698,43771.51556,0.519429931,1.4415818154981136e7
2018-03-30T17:00:00.0,2018-03-30T22:00:00.0,22,38038.01481,1,28151.71519,46646.129,0.427365597,2.7069381294334173e7
2018-03-30T18:00:00.0,2018-03-30T23:00:00.0,23,27618.36529,1,16421.19315,39389.05193,0.343382457,4.566481734557116e7
2018-03-30T19:00:00.0,2018-03-31T00:00:00.0,0,7826.655839,1,3423.426661,19485.47892,0.150800868,2.1935978943751216e7
2018-03-30T20:00:00.0,2018-03-31T01:00:00.0,1,18.26961954,0,0.0,0.0,0.99,0.12886473696786538
2018-03-30T21:00:00.0,2018-03-31T02:00:00.0,2,0.0,1,0.0,0.0,0.01,0.12886473696786538
2018-03-30T22:00:00.0,2018-03-31T03:00:00.0,3,0.0,1,0.0,0.0,0.01,0.12886473696786538
2018-03-30T23:00:00.0,2018-03-31T04:00:00.0,4,0.0,1,0.0,0.0,0.01,0.12886473696786538
2018-03-31T00:00:00.0,2018-03-31T05:00:00.0,5,0.0,1,0.0,0.0,0.01,0.12886473696786538
2018-03-31T01:00:00.0,2018-03-31T06:00:00.0,6,0.0,1,0.0,0.0,0.01,0.12886473696786538
2018-03-31T02:00:00.0,2018-03-31T07:00:00.0,7,0.0,1,0.0,0.0,0.01,0.12886473696786538
2018-03-31T03:00:00.0,2018-03-31T08:00:00.0,8,0.0,1,0.0,0.0,0.01,0.12886473696786538
2018-03-31T04:00:00.0,2018-03-31T09:00:00.0,9,0.0,1,0.0,0.0,0.01,0.12886473696786538
2018-03-31T05:00:00.0,2018-03-31T10:00:00.0,10,0.0,1,0.0,0.0,0.01,0.12886473696786538
2018-03-31T06:00:00.0,2018-03-31T11:00:00.0,11,0.0,1,0.0,0.0,0.01,0.12886473696786538
2018-03-31T07:00:00.0,2018-03-31T12:00:00.0,12,1719.054555,0,0.0,0.0,0.99,0.12886473696786538
2018-03-31T08:00:00.0,2018-03-31T13:00:00.0,13,17420.43275,0,14278.14662,15744.83197,1.0,128449.86611688137
2018-03-31T09:00:00.0,2018-03-31T14:00:00.0,14,33980.06337,1,28340.78708,37819.44898,0.799346276,5.73192932940352e6
2018-03-31T10:00:00.0,2018-03-31T15:00:00.0,15,37605.09646,1,29063.10728,42658.09575,0.620177277,1.5157688889330626e7
2018-03-31T11:00:00.0,2018-03-31T16:00:00.0,16,36911.75317,1,29804.71619,41968.37908,0.663302838,1.4142516559256077e7
2018-03-31T12:00:00.0,2018-03-31T17:00:00.0,17,37640.58044,1,35639.29888,41226.23714,0.428446675,2.6561499001049995e6
2018-03-31T13:00:00.0,2018-03-31T18:00:00.0,18,37533.07396,1,32530.82539,40573.98821,0.626015857,6.111555614377737e6
2018-03-31T14:00:00.0,2018-03-31T19:00:00.0,19,37958.18739,1,29590.92235,44279.60742,0.549597724,1.949561349392748e7
2018-03-31T15:00:00.0,2018-03-31T20:00:00.0,20,38518.39924,1,29500.82058,46542.69079,0.550947092,2.2029925458794355e7
2018-03-31T16:00:00.0,2018-03-31T21:00:00.0,21,37524.66928,1,28403.57519,45879.52042,0.555570759,2.82902689334476e7
2018-03-31T17:00:00.0,2018-03-31T22:00:00.0,22,33129.35969,1,22276.70228,42920.48878,0.488351502,3.824201136194277e7
2018-03-31T18:00:00.0,2018-03-31T23:00:00.0,23,22135.91846,1,17505.75049,31172.09291,0.180541143,1.4713330787397146e7
2018-03-31T19:00:00.0,2018-04-01T00:00:00.0,0,6459.406874,1,3204.676486,14603.89914,0.128134,9.279169536221698e6
2018-03-31T20:00:00.0,2018-04-01T01:00:00.0,1,13.41361392,0,0.0,0.0,0.99,0.12886473696786538
2018-03-31T21:00:00.0,2018-04-01T02:00:00.0,2,0.0,1,0.0,0.0,0.01,0.12886473696786538
2018-03-31T22:00:00.0,2018-04-01T03:00:00.0,3,0.0,1,0.0,0.0,0.01,0.12886473696786538
2018-03-31T23:00:00.0,2018-04-01T04:00:00.0,4,0.0,1,0.0,0.0,0.01,0.12886473696786538
2018-04-01T00:00:00.0,2018-04-01T05:00:00.0,5,0.0,1,0.0,0.0,0.01,0.12886473696786538
2018-04-01T01:00:00.0,2018-04-01T06:00:00.0,6,0.0,1,0.0,0.0,0.01,0.12886473696786538
2018-04-01T02:00:00.0,2018-04-01T07:00:00.0,7,0.0,1,0.0,0.0,0.01,0.12886473696786538
2018-04-01T03:00:00.0,2018-04-01T08:00:00.0,8,0.0,1,0.0,0.0,0.01,0.12886473696786538
2018-04-01T04:00:00.0,2018-04-01T09:00:00.0,9,0.0,1,0.0,0.0,0.01,0.12886473696786538
2018-04-01T05:00:00.0,2018-04-01T10:00:00.0,10,0.0,1,0.0,0.0,0.01,0.12886473696786538
2018-04-01T06:00:00.0,2018-04-01T11:00:00.0,11,0.0,1,0.0,0.0,0.01,0.12886473696786538
2018-04-01T07:00:00.0,2018-04-01T12:00:00.0,12,909.3072528,0,0.0,0.0,0.99,0.12886473696786538
2018-04-01T08:00:00.0,2018-04-01T13:00:00.0,13,8773.648997,1,7180.353317,12814.65083,0.584619357,1.7172475818124712e6
2018-04-01T09:00:00.0,2018-04-01T14:00:00.0,14,17149.12527,0,19795.17517,28649.36838,0.0,4.6468241694417e6
2018-04-01T10:00:00.0,2018-04-01T15:00:00.0,15,22147.60536,1,17132.29211,31460.04229,0.430157433,1.7838049506541252e7
2018-04-01T11:00:00.0,2018-04-01T16:00:00.0,16,25659.45149,1,23778.41684,32748.66825,0.330963159,6.953706099301219e6
2018-04-01T12:00:00.0,2018-04-01T17:00:00.0,17,27930.24653,1,23147.14886,39994.50198,0.387045319,2.5806138708981156e7
2018-04-01T13:00:00.0,2018-04-01T18:00:00.0,18,28456.42429,1,22131.16048,35028.28024,0.616487438,1.1727899592220902e7
2018-04-01T14:00:00.0,2018-04-01T19:00:00.0,19,29072.77015,1,22746.13709,38632.2566,0.34995424,2.051220113872373e7
2018-04-01T15:00:00.0,2018-04-01T20:00:00.0,20,28392.23868,1,20701.98022,34012.63057,0.580025169,1.5412499497226834e7
2018-04-01T16:00:00.0,2018-04-01T21:00:00.0,21,26939.68152,1,19753.87634,40181.54721,0.328102885,3.936198625640464e7
2018-04-01T17:00:00.0,2018-04-01T22:00:00.0,22,21593.91026,1,17477.1106,34381.07538,0.259416305,2.683713740757191e7
2018-04-01T18:00:00.0,2018-04-01T23:00:00.0,23,14216.81065,1,10138.46598,21529.61129,0.281577039,1.1095432902294755e7
2018-04-01T19:00:00.0,2018-04-02T00:00:00.0,0,3840.113632,1,1600.421056,9207.041554,0.144171147,4.058045978281036e6
2018-04-01T20:00:00.0,2018-04-02T01:00:00.0,1,10.55992271,0,0.0,0.0,0.99,0.12886473696786538
2018-04-01T21:00:00.0,2018-04-02T02:00:00.0,2,0.0,1,0.0,0.0,0.01,0.12886473696786538
2018-04-01T22:00:00.0,2018-04-02T03:00:00.0,3,0.0,1,0.0,0.0,0.01,0.12886473696786538
2018-04-01T23:00:00.0,2018-04-02T04:00:00.0,4,0.0,1,0.0,0.0,0.01,0.12886473696786538
2018-04-02T00:00:00.0,2018-04-02T05:00:00.0,5,0.0,1,0.0,0.0,0.01,0.12886473696786538
2018-04-02T01:00:00.0,2018-04-02T06:00:00.0,6,0.0,1,0.0,0.0,0.01,0.12886473696786538
2018-04-02T02:00:00.0,2018-04-02T07:00:00.0,7,0.0,1,0.0,0.0,0.01,0.12886473696786538
2018-04-02T03:00:00.0,2018-04-02T08:00:00.0,8,0.0,1,0.0,0.0,0.01,0.12886473696786538
2018-04-02T04:00:00.0,2018-04-02T09:00:00.0,9,0.0,1,0.0,0.0,0.01,0.12886473696786538
2018-04-02T05:00:00.0,2018-04-02T10:00:00.0,10,0.0,1,0.0,0.0,0.01,0.12886473696786538
2018-04-02T06:00:00.0,2018-04-02T11:00:00.0,11,0.0,1,0.0,0.0,0.01,0.12886473696786538
2018-04-02T07:00:00.0,2018-04-02T12:00:00.0,12,471.6838444,0,0.0,0.0,0.99,0.12886473696786538
2018-04-02T08:00:00.0,2018-04-02T13:00:00.0,13,5049.544625,1,2809.771536,6925.848355,0.69302182,1.319496137066193e6
2018-04-02T09:00:00.0,2018-04-02T14:00:00.0,14,9889.276239,1,7825.25088,16562.44324,0.401850132,5.6832181881008e6
2018-04-02T10:00:00.0,2018-04-02T15:00:00.0,15,14762.76363,1,10416.75393,23142.3969,0.49738602,1.2473282938240409e7
2018-04-02T11:00:00.0,2018-04-02T16:00:00.0,16,20688.88265,1,14999.99778,26499.15846,0.587536476,1.0113951592744112e7
2018-04-02T12:00:00.0,2018-04-02T17:00:00.0,17,24716.76503,1,15034.13324,25768.77442,0.870628782,1.076135120500946e7
2018-04-02T13:00:00.0,2018-04-02T18:00:00.0,18,28129.52211,1,22407.83315,33775.78737,0.465841271,1.0903611371954799e7
2018-04-02T14:00:00.0,2018-04-02T19:00:00.0,19,30126.27328,1,22958.86559,37385.42154,0.462556054,1.8307860482747793e7
2018-04-02T15:00:00.0,2018-04-02T20:00:00.0,20,31741.1363,1,20954.71895,37023.42044,0.610340398,2.4715227256905794e7
2018-04-02T16:00:00.0,2018-04-02T21:00:00.0,21,31232.48294,1,22559.74113,37534.2685,0.527462079,2.2700264286369443e7
2018-04-02T17:00:00.0,2018-04-02T22:00:00.0,22,30522.92316,1,22653.40146,33806.2535,0.662402444,1.0347334353255391e7
2018-04-02T18:00:00.0,2018-04-02T23:00:00.0,23,22957.81311,1,12810.28773,33397.9239,0.378119907,2.9231522877598405e7
2018-04-02T19:00:00.0,2018-04-03T00:00:00.0,0,6527.851983,1,4228.846331,15160.24395,0.131455032,1.0924017513588369e7
2018-04-02T20:00:00.0,2018-04-03T01:00:00.0,1,21.86895938,0,0.0,0.0,0.99,0.12886473696786538
2018-04-02T21:00:00.0,2018-04-03T02:00:00.0,2,0.0,1,0.0,0.0,0.01,0.12886473696786538
2018-04-02T22:00:00.0,2018-04-03T03:00:00.0,3,0.0,1,0.0,0.0,0.01,0.12886473696786538
2018-04-02T23:00:00.0,2018-04-03T04:00:00.0,4,0.0,1,0.0,0.0,0.01,0.12886473696786538
2018-04-03T00:00:00.0,2018-04-03T05:00:00.0,5,0.0,1,0.0,0.0,0.01,0.12886473696786538
2018-04-03T01:00:00.0,2018-04-03T06:00:00.0,6,0.0,1,0.0,0.0,0.01,0.12886473696786538
2018-04-03T02:00:00.0,2018-04-03T07:00:00.0,7,0.0,1,0.0,0.0,0.01,0.12886473696786538
2018-04-03T03:00:00.0,2018-04-03T08:00:00.0,8,0.0,1,0.0,0.0,0.01,0.12886473696786538
2018-04-03T04:00:00.0,2018-04-03T09:00:00.0,9,0.0,1,0.0,0.0,0.01,0.12886473696786538
2018-04-03T05:00:00.0,2018-04-03T10:00:00.0,10,0.0,1,0.0,0.0,0.01,0.12886473696786538
2018-04-03T06:00:00.0,2018-04-03T11:00:00.0,11,0.0,1,0.0,0.0,0.01,0.12886473696786538
2018-04-03T07:00:00.0,2018-04-03T12:00:00.0,12,1223.278112,0,0.0,0.0,0.99,0.12886473696786538
2018-04-03T08:00:00.0,2018-04-03T13:00:00.0,13,12179.42917,1,9650.788034,13884.00446,0.929524052,1.0071510825614333e6
2018-04-03T09:00:00.0,2018-04-03T14:00:00.0,14,25075.15546,1,21787.96169,31432.67681,0.619532451,6.655377538160801e6
2018-04-03T10:00:00.0,2018-04-03T15:00:00.0,15,29006.52612,1,24378.95223,35784.46852,0.523612488,1.1222093112148762e7
2018-04-03T11:00:00.0,2018-04-03T16:00:00.0,16,31255.35864,1,27624.75313,36767.09151,0.38261012,6.189835294877887e6
2018-04-03T12:00:00.0,2018-04-03T17:00:00.0,17,31603.33964,1,30476.72708,42164.9745,0.071956051,1.2679671245624065e7
2018-04-03T13:00:00.0,2018-04-03T18:00:00.0,18,32503.29464,1,26466.68622,40326.46716,0.562881332,1.780996383178544e7
2018-04-03T14:00:00.0,2018-04-03T19:00:00.0,19,32429.90327,1,25531.47145,44923.95182,0.332615824,3.2075189090942144e7
2018-04-03T15:00:00.0,2018-04-03T20:00:00.0,20,30980.75502,1,29431.80235,43405.06538,0.220452556,1.9013380981865168e7
2018-04-03T16:00:00.0,2018-04-03T21:00:00.0,21,29481.66065,1,25332.20746,41455.99803,0.25845256,1.9754130998660326e7
2018-04-03T17:00:00.0,2018-04-03T22:00:00.0,22,28261.4716,1,17873.6134,35525.61027,0.561480582,2.7547968481603026e7
2018-04-03T18:00:00.0,2018-04-03T23:00:00.0,23,21646.469,1,12271.10774,32172.04904,0.348458076,2.8225362912571073e7
2018-04-03T19:00:00.0,2018-04-04T00:00:00.0,0,6737.954008,1,4468.055335,14127.60575,0.101778412,8.3185866629562825e6
2018-04-03T20:00:00.0,2018-04-04T01:00:00.0,1,27.15382596,0,0.0,0.0,0.99,0.12886473696786538
2018-04-03T21:00:00.0,2018-04-04T02:00:00.0,2,0.0,1,0.0,0.0,0.01,0.12886473696786538
2018-04-03T22:00:00.0,2018-04-04T03:00:00.0,3,0.0,1,0.0,0.0,0.01,0.12886473696786538
2018-04-03T23:00:00.0,2018-04-04T04:00:00.0,4,0.0,1,0.0,0.0,0.01,0.12886473696786538
2018-04-04T00:00:00.0,2018-04-04T05:00:00.0,5,0.0,1,0.0,0.0,0.01,0.12886473696786538
2018-04-04T01:00:00.0,2018-04-04T06:00:00.0,6,0.0,1,0.0,0.0,0.01,0.12886473696786538
2018-04-04T02:00:00.0,2018-04-04T07:00:00.0,7,0.0,1,0.0,0.0,0.01,0.12886473696786538
2018-04-04T03:00:00.0,2018-04-04T08:00:00.0,8,0.0,1,0.0,0.0,0.01,0.12886473696786538
2018-04-04T04:00:00.0,2018-04-04T09:00:00.0,9,0.0,1,0.0,0.0,0.01,0.12886473696786538
2018-04-04T05:00:00.0,2018-04-04T10:00:00.0,10,0.0,1,0.0,0.0,0.01,0.12886473696786538
2018-04-04T06:00:00.0,2018-04-04T11:00:00.0,11,0.0,1,0.0,0.0,0.01,0.12886473696786538
2018-04-04T07:00:00.0,2018-04-04T12:00:00.0,12,2174.864375,0,0.0,0.0,0.99,0.12886473696786538
2018-04-04T08:00:00.0,2018-04-04T13:00:00.0,13,17926.21449,1,14833.8711,19954.45687,0.931700911,1.2952983098641932e6
2018-04-04T09:00:00.0,2018-04-04T14:00:00.0,14,32323.18867,1,25280.39506,41059.12695,0.609348908,2.0318362563037634e7
2018-04-04T10:00:00.0,2018-04-04T15:00:00.0,15,36297.72132,1,27484.31775,41949.68058,0.58542933,1.844183823957038e7
2018-04-04T11:00:00.0,2018-04-04T16:00:00.0,16,37615.60444,1,33526.91102,47273.54563,0.400068445,1.4707485828499794e7
2018-04-04T12:00:00.0,2018-04-04T17:00:00.0,17,38137.57493,1,33280.44886,41514.73471,0.580430352,5.156655121696711e6
2018-04-04T13:00:00.0,2018-04-04T18:00:00.0,18,38494.53547,1,32955.70338,42090.20886,0.662851097,7.520760318310261e6
2018-04-04T14:00:00.0,2018-04-04T19:00:00.0,19,38674.59902,1,28889.54132,40056.97969,0.834356555,9.293451106168032e6
2018-04-04T15:00:00.0,2018-04-04T20:00:00.0,20,38437.93128,1,29369.10451,44599.99424,0.530446914,1.8598066805885077e7
2018-04-04T16:00:00.0,2018-04-04T21:00:00.0,21,37943.5789,1,31949.03347,47362.66276,0.418728221,1.767012011982155e7
2018-04-04T17:00:00.0,2018-04-04T22:00:00.0,22,35604.74322,1,32319.7777,38827.28828,0.408088944,3.230024328420639e6
2018-04-04T18:00:00.0,2018-04-04T23:00:00.0,23,25963.32712,1,20287.08442,37398.75545,0.239272426,2.368081470197761e7
2018-04-04T19:00:00.0,2018-04-05T00:00:00.0,0,7862.315467,1,5563.010877,16105.11321,0.098947787,9.258512178363651e6
2018-04-04T20:00:00.0,2018-04-05T01:00:00.0,1,38.91710113,0,0.0,0.0,0.99,0.12886473696786538
2018-04-04T21:00:00.0,2018-04-05T02:00:00.0,2,0.0,1,0.0,0.0,0.01,0.12886473696786538
2018-04-04T22:00:00.0,2018-04-05T03:00:00.0,3,0.0,1,0.0,0.0,0.01,0.12886473696786538
2018-04-04T23:00:00.0,2018-04-05T04:00:00.0,4,0.0,1,0.0,0.0,0.01,0.12886473696786538
2018-04-05T00:00:00.0,2018-04-05T05:00:00.0,5,0.0,1,0.0,0.0,0.01,0.12886473696786538
2018-04-05T01:00:00.0,2018-04-05T06:00:00.0,6,0.0,1,0.0,0.0,0.01,0.12886473696786538
2018-04-05T02:00:00.0,2018-04-05T07:00:00.0,7,0.0,1,0.0,0.0,0.01,0.12886473696786538
2018-04-05T03:00:00.0,2018-04-05T08:00:00.0,8,0.0,1,0.0,0.0,0.01,0.12886473696786538
2018-04-05T04:00:00.0,2018-04-05T09:00:00.0,9,0.0,1,0.0,0.0,0.01,0.12886473696786538
2018-04-05T05:00:00.0,2018-04-05T10:00:00.0,10,0.0,1,0.0,0.0,0.01,0.12886473696786538
2018-04-05T06:00:00.0,2018-04-05T11:00:00.0,11,0.0,1,0.0,0.0,0.01,0.12886473696786538
2018-04-05T07:00:00.0,2018-04-05T12:00:00.0,12,1781.629318,0,0.0,0.0,0.99,0.12886473696786538
2018-04-05T08:00:00.0,2018-04-05T13:00:00.0,13,13995.71045,1,9265.822446,15741.90912,0.882035339,3.301371086613044e6
2018-04-05T09:00:00.0,2018-04-05T14:00:00.0,14,26155.95725,1,20547.47849,31634.84689,0.728881555,8.81050247473526e6
2018-04-05T10:00:00.0,2018-04-05T15:00:00.0,15,30342.42433,1,23162.27754,39814.83398,0.556547267,2.1214042310973883e7
2018-04-05T11:00:00.0,2018-04-05T16:00:00.0,16,31102.65982,1,30717.63388,43118.15412,0.043707487,1.3102064508637905e7
2018-04-05T12:00:00.0,2018-04-05T17:00:00.0,17,31611.30961,1,29484.68335,41923.18666,0.199845787,1.209309912848568e7
2018-04-05T13:00:00.0,2018-04-05T18:00:00.0,18,31242.94515,1,28190.7641,38195.77464,0.390265548,8.355142011277914e6
2018-04-05T14:00:00.0,2018-04-05T19:00:00.0,19,31214.98804,1,26215.31569,41059.31471,0.314749921,1.9296101330517292e7
2018-04-05T15:00:00.0,2018-04-05T20:00:00.0,20,30837.20769,1,26126.87102,35654.24254,0.49872419,7.887621979165792e6
2018-04-05T16:00:00.0,2018-04-05T21:00:00.0,21,29492.42412,1,21743.12217,35880.16976,0.592874915,1.7672521918191314e7
2018-04-05T17:00:00.0,2018-04-05T22:00:00.0,22,25432.49516,1,22074.46935,32873.74167,0.381836125,1.0381823883449197e7
2018-04-05T18:00:00.0,2018-04-05T23:00:00.0,23,15123.83466,1,14882.50403,23815.92124,0.032779253,6.052910962301195e6
2018-04-05T19:00:00.0,2018-04-06T00:00:00.0,0,4297.333576,1,3499.344673,9572.446645,0.093298422,3.487398690969087e6
2018-04-05T20:00:00.0,2018-04-06T01:00:00.0,1,23.39255117,0,0.0,0.0,0.99,0.12886473696786538
2018-04-05T21:00:00.0,2018-04-06T02:00:00.0,2,0.0,1,0.0,0.0,0.01,0.12886473696786538
2018-04-05T22:00:00.0,2018-04-06T03:00:00.0,3,0.0,1,0.0,0.0,0.01,0.12886473696786538
2018-04-05T23:00:00.0,2018-04-06T04:00:00.0,4,0.0,1,0.0,0.0,0.01,0.12886473696786538
2018-04-06T00:00:00.0,2018-04-06T05:00:00.0,5,0.0,1,0.0,0.0,0.01,0.12886473696786538
2018-04-06T01:00:00.0,2018-04-06T06:00:00.0,6,0.0,1,0.0,0.0,0.01,0.12886473696786538
2018-04-06T02:00:00.0,2018-04-06T07:00:00.0,7,0.0,1,0.0,0.0,0.01,0.12886473696786538
2018-04-06T03:00:00.0,2018-04-06T08:00:00.0,8,0.0,1,0.0,0.0,0.01,0.12886473696786538
2018-04-06T04:00:00.0,2018-04-06T09:00:00.0,9,0.0,1,0.0,0.0,0.01,0.12886473696786538
2018-04-06T05:00:00.0,2018-04-06T10:00:00.0,10,0.0,1,0.0,0.0,0.01,0.12886473696786538
2018-04-06T06:00:00.0,2018-04-06T11:00:00.0,11,0.0,1,0.0,0.0,0.01,0.12886473696786538
2018-04-06T07:00:00.0,2018-04-06T12:00:00.0,12,1329.633599,0,0.0,0.0,0.99,0.12886473696786538
2018-04-06T08:00:00.0,2018-04-06T13:00:00.0,13,10809.53304,0,5810.305709,10710.09029,1.0,1.8956073394207507e6
2018-04-06T09:00:00.0,2018-04-06T14:00:00.0,14,20522.4043,1,14655.47789,27279.08521,0.606873019,1.1672207374132812e7
2018-04-06T10:00:00.0,2018-04-06T15:00:00.0,15,23490.28683,1,22597.75675,29791.22288,0.223431429,4.267322002945185e6
2018-04-06T11:00:00.0,2018-04-06T16:00:00.0,16,25443.01565,0,25911.30595,35565.1708,0.0,6.525614802634239e6
2018-04-06T12:00:00.0,2018-04-06T17:00:00.0,17,25384.77128,1,24094.27015,33106.10839,0.237846079,7.73014168677628e6
2018-04-06T13:00:00.0,2018-04-06T18:00:00.0,18,24482.8668,0,25569.43601,38866.06519,0.0,1.247541193116498e7
2018-04-06T14:00:00.0,2018-04-06T19:00:00.0,19,23563.81833,1,22752.91827,36185.46058,0.091687526,1.3697196446027517e7
2018-04-06T15:00:00.0,2018-04-06T20:00:00.0,20,21939.15627,1,19888.60282,36187.6194,0.12859543,2.2536199499737024e7
2018-04-06T16:00:00.0,2018-04-06T21:00:00.0,21,19548.0108,1,17468.96549,32633.86604,0.199645239,2.009039917284131e7
2018-04-06T17:00:00.0,2018-04-06T22:00:00.0,22,17519.4248,1,15337.74093,26419.06406,0.241862269,1.056821927782917e7
2018-04-06T18:00:00.0,2018-04-06T23:00:00.0,23,12113.52261,1,9035.013498,18136.59093,0.283240998,7.387188055191904e6
2018-04-06T19:00:00.0,2018-04-07T00:00:00.0,0,3661.162312,1,1426.67486,7183.347841,0.126434653,1.9362219544769116e6
2018-04-06T20:00:00.0,2018-04-07T01:00:00.0,1,26.29565546,0,0.0,0.0,0.99,0.12886473696786538
2018-04-06T21:00:00.0,2018-04-07T02:00:00.0,2,0.0,1,0.0,0.0,0.01,0.12886473696786538
2018-04-06T22:00:00.0,2018-04-07T03:00:00.0,3,0.0,1,0.0,0.0,0.01,0.12886473696786538
2018-04-06T23:00:00.0,2018-04-07T04:00:00.0,4,0.0,1,0.0,0.0,0.01,0.12886473696786538
2018-04-07T00:00:00.0,2018-04-07T05:00:00.0,5,0.0,1,0.0,0.0,0.01,0.12886473696786538
2018-04-07T01:00:00.0,2018-04-07T06:00:00.0,6,0.0,1,0.0,0.0,0.01,0.12886473696786538
2018-04-07T02:00:00.0,2018-04-07T07:00:00.0,7,0.0,1,0.0,0.0,0.01,0.12886473696786538
2018-04-07T03:00:00.0,2018-04-07T08:00:00.0,8,0.0,1,0.0,0.0,0.01,0.12886473696786538
2018-04-07T04:00:00.0,2018-04-07T09:00:00.0,9,0.0,1,0.0,0.0,0.01,0.12886473696786538
2018-04-07T05:00:00.0,2018-04-07T10:00:00.0,10,0.0,1,0.0,0.0,0.01,0.12886473696786538
2018-04-07T06:00:00.0,2018-04-07T11:00:00.0,11,0.0,1,0.0,0.0,0.01,0.12886473696786538
2018-04-07T07:00:00.0,2018-04-07T12:00:00.0,12,240.9814032,0,0.0,0.0,0.99,0.12886473696786538
2018-04-07T08:00:00.0,2018-04-07T13:00:00.0,13,1848.22551,0,4134.867317,10607.44879,0.0,2.339552741259642e6
2018-04-07T09:00:00.0,2018-04-07T14:00:00.0,14,4294.19661,0,9804.188493,25026.8252,0.0,1.4369855358284265e7
2018-04-07T10:00:00.0,2018-04-07T15:00:00.0,15,7610.899863,0,12433.23091,28626.07681,0.0,1.6736951895867229e7
2018-04-07T11:00:00.0,2018-04-07T16:00:00.0,16,13279.96983,0,16613.31,32070.16017,0.0,1.5140144161037982e7
2018-04-07T12:00:00.0,2018-04-07T17:00:00.0,17,19331.43828,0,19927.65415,34023.26297,0.0,1.594037751214993e7
2018-04-07T13:00:00.0,2018-04-07T18:00:00.0,18,22760.75416,0,23558.78175,35961.87379,0.0,1.2191734543908358e7
2018-04-07T14:00:00.0,2018-04-07T19:00:00.0,19,25084.27313,1,21193.76236,34308.35647,0.375796033,1.3970803946582556e7
2018-04-07T15:00:00.0,2018-04-07T20:00:00.0,20,26213.19066,1,18807.39304,37335.12978,0.426177757,2.9854491172560573e7
2018-04-07T16:00:00.0,2018-04-07T21:00:00.0,21,26032.31321,1,24191.34749,42330.16924,0.138738472,2.321159471527314e7
2018-04-07T17:00:00.0,2018-04-07T22:00:00.0,22,26987.46795,1,22293.54952,38741.67493,0.373757289,2.351094304209602e7
2018-04-07T18:00:00.0,2018-04-07T23:00:00.0,23,21430.76924,1,15364.89074,29073.28855,0.285922138,1.3272363932919502e7
2018-04-07T19:00:00.0,2018-04-08T00:00:00.0,0,7394.304179,1,5678.686112,14296.84971,0.063735569,5.127959728872672e6
2018-04-07T20:00:00.0,2018-04-08T01:00:00.0,1,53.14981771,1,16.53503513,470.1031246,0.053642199,17403.132931404107
2018-04-07T21:00:00.0,2018-04-08T02:00:00.0,2,0.0,1,0.0,0.0,0.01,0.12886473696786538
2018-04-07T22:00:00.0,2018-04-08T03:00:00.0,3,0.0,1,0.0,0.0,0.01,0.12886473696786538
2018-04-07T23:00:00.0,2018-04-08T04:00:00.0,4,0.0,1,0.0,0.0,0.01,0.12886473696786538
2018-04-08T00:00:00.0,2018-04-08T05:00:00.0,5,0.0,1,0.0,0.0,0.01,0.12886473696786538
2018-04-08T01:00:00.0,2018-04-08T06:00:00.0,6,0.0,1,0.0,0.0,0.01,0.12886473696786538
2018-04-08T02:00:00.0,2018-04-08T07:00:00.0,7,0.0,1,0.0,0.0,0.01,0.12886473696786538
2018-04-08T03:00:00.0,2018-04-08T08:00:00.0,8,0.0,1,0.0,0.0,0.01,0.12886473696786538
2018-04-08T04:00:00.0,2018-04-08T09:00:00.0,9,0.0,1,0.0,0.0,0.01,0.12886473696786538
2018-04-08T05:00:00.0,2018-04-08T10:00:00.0,10,0.0,1,0.0,0.0,0.01,0.12886473696786538
2018-04-08T06:00:00.0,2018-04-08T11:00:00.0,11,0.0,1,0.0,0.0,0.01,0.12886473696786538
2018-04-08T07:00:00.0,2018-04-08T12:00:00.0,12,2974.858037,0,0.0,0.0,0.99,0.12886473696786538
2018-04-08T08:00:00.0,2018-04-08T13:00:00.0,13,16258.85874,1,12560.65451,17880.9986,0.87946229,1.995956426512152e6
2018-04-08T09:00:00.0,2018-04-08T14:00:00.0,14,25697.48792,0,26686.07933,37979.62386,0.0,7.235935209916711e6
2018-04-08T10:00:00.0,2018-04-08T15:00:00.0,15,29155.81336,1,25776.54572,38818.10587,0.317784588,1.465482594453299e7
2018-04-08T11:00:00.0,2018-04-08T16:00:00.0,16,31576.77211,1,27664.06423,40141.63957,0.436613246,1.2657125124876857e7
2018-04-08T12:00:00.0,2018-04-08T17:00:00.0,17,33358.06323,1,28308.96826,41870.04961,0.459742793,1.7316534478282213e7
2018-04-08T13:00:00.0,2018-04-08T18:00:00.0,18,34049.95963,1,30465.09112,44329.30362,0.337398529,1.5293287964927673e7
2018-04-08T14:00:00.0,2018-04-08T19:00:00.0,19,33749.07753,1,29507.97406,44940.42159,0.355407465,2.1890086358607054e7
2018-04-08T15:00:00.0,2018-04-08T20:00:00.0,20,32807.4701,1,26788.38991,43073.66632,0.399550894,2.2207453387414694e7
2018-04-08T16:00:00.0,2018-04-08T21:00:00.0,21,31729.44039,1,31081.80444,39151.60051,0.105593316,5.070498539230108e6
2018-04-08T17:00:00.0,2018-04-08T22:00:00.0,22,31030.09347,1,26216.90756,36939.36898,0.489019103,9.660203991185665e6
2018-04-08T18:00:00.0,2018-04-08T23:00:00.0,23,23861.21563,1,18753.85424,31916.41687,0.18145643,1.2580370606735826e7
2018-04-08T19:00:00.0,2018-04-09T00:00:00.0,0,7384.396507,1,5944.422931,16100.52196,0.09431391,8.590578079857707e6
2018-04-08T20:00:00.0,2018-04-09T01:00:00.0,1,64.43844229,1,35.75970154,663.4894759,0.04678503,40128.57366665709
2018-04-08T21:00:00.0,2018-04-09T02:00:00.0,2,0.0,1,0.0,0.0,0.01,0.12886473696786538
2018-04-08T22:00:00.0,2018-04-09T03:00:00.0,3,0.0,1,0.0,0.0,0.01,0.12886473696786538
2018-04-08T23:00:00.0,2018-04-09T04:00:00.0,4,0.0,1,0.0,0.0,0.01,0.12886473696786538
2018-04-09T00:00:00.0,2018-04-09T05:00:00.0,5,0.0,1,0.0,0.0,0.01,0.12886473696786538
2018-04-09T01:00:00.0,2018-04-09T06:00:00.0,6,0.0,1,0.0,0.0,0.01,0.12886473696786538
2018-04-09T02:00:00.0,2018-04-09T07:00:00.0,7,0.0,1,0.0,0.0,0.01,0.12886473696786538
2018-04-09T03:00:00.0,2018-04-09T08:00:00.0,8,0.0,1,0.0,0.0,0.01,0.12886473696786538
2018-04-09T04:00:00.0,2018-04-09T09:00:00.0,9,0.0,1,0.0,0.0,0.01,0.12886473696786538
2018-04-09T05:00:00.0,2018-04-09T10:00:00.0,10,0.0,1,0.0,0.0,0.01,0.12886473696786538
2018-04-09T06:00:00.0,2018-04-09T11:00:00.0,11,0.0,1,0.0,0.0,0.01,0.12886473696786538
2018-04-09T07:00:00.0,2018-04-09T12:00:00.0,12,2026.325817,0,0.0,0.0,0.99,0.12886473696786538
2018-04-09T08:00:00.0,2018-04-09T13:00:00.0,13,11569.38244,1,11503.66191,20494.88232,0.021594034,5.496515183219075e6
2018-04-09T09:00:00.0,2018-04-09T14:00:00.0,14,18543.93783,0,22391.13532,35834.43931,0.0,1.2242277964437842e7
2018-04-09T10:00:00.0,2018-04-09T15:00:00.0,15,22216.56664,0,24101.80329,38887.8956,0.0,1.4875203087748885e7
2018-04-09T11:00:00.0,2018-04-09T16:00:00.0,16,24542.22832,0,27855.15406,42108.43984,0.0,9.69521489828837e6
2018-04-09T12:00:00.0,2018-04-09T17:00:00.0,17,25599.29464,0,26953.42223,39816.6088,0.0,1.3291997384526253e7
2018-04-09T13:00:00.0,2018-04-09T18:00:00.0,18,27633.27175,1,26966.82372,39098.72831,0.086252966,1.2497085654503465e7
2018-04-09T14:00:00.0,2018-04-09T19:00:00.0,19,27899.06924,1,24982.08677,40275.19093,0.202251264,1.7125357228443384e7
2018-04-09T15:00:00.0,2018-04-09T20:00:00.0,20,26608.74779,1,23401.86854,36325.43872,0.254735827,1.4402345583648086e7
2018-04-09T16:00:00.0,2018-04-09T21:00:00.0,21,24315.28719,1,22519.32612,36470.90116,0.174833028,1.3925259322588205e7
2018-04-09T17:00:00.0,2018-04-09T22:00:00.0,22,19819.68282,1,16514.77043,30547.55255,0.294181025,1.8298288961785734e7
2018-04-09T18:00:00.0,2018-04-09T23:00:00.0,23,13984.09991,1,11014.63814,20514.5245,0.209997321,7.557687989006162e6
2018-04-09T19:00:00.0,2018-04-10T00:00:00.0,0,4529.372147,1,2338.486021,9048.739021,0.200791801,3.737024262635514e6
2018-04-09T20:00:00.0,2018-04-10T01:00:00.0,1,54.81577058,1,12.02823724,564.4670172,0.062387268,23526.821888660343
2018-04-09T21:00:00.0,2018-04-10T02:00:00.0,2,0.0,1,0.0,0.0,0.01,0.12886473696786538
2018-04-09T22:00:00.0,2018-04-10T03:00:00.0,3,0.0,1,0.0,0.0,0.01,0.12886473696786538
2018-04-09T23:00:00.0,2018-04-10T04:00:00.0,4,0.0,1,0.0,0.0,0.01,0.12886473696786538
2018-04-10T00:00:00.0,2018-04-10T05:00:00.0,5,0.0,1,0.0,0.0,0.01,0.12886473696786538
2018-04-10T01:00:00.0,2018-04-10T06:00:00.0,6,0.0,1,0.0,0.0,0.01,0.12886473696786538
2018-04-10T02:00:00.0,2018-04-10T07:00:00.0,7,0.0,1,0.0,0.0,0.01,0.12886473696786538
2018-04-10T03:00:00.0,2018-04-10T08:00:00.0,8,0.0,1,0.0,0.0,0.01,0.12886473696786538
2018-04-10T04:00:00.0,2018-04-10T09:00:00.0,9,0.0,1,0.0,0.0,0.01,0.12886473696786538
2018-04-10T05:00:00.0,2018-04-10T10:00:00.0,10,0.0,1,0.0,0.0,0.01,0.12886473696786538
2018-04-10T06:00:00.0,2018-04-10T11:00:00.0,11,0.0,1,0.0,0.0,0.01,0.12886473696786538
2018-04-10T07:00:00.0,2018-04-10T12:00:00.0,12,3128.906885,0,0.0,0.0,0.99,0.12886473696786538
2018-04-10T08:00:00.0,2018-04-10T13:00:00.0,13,20641.27365,1,14201.22726,23000.9427,0.936364934,4.93752419813484e6
2018-04-10T09:00:00.0,2018-04-10T14:00:00.0,14,35409.59037,1,29984.62335,42424.23415,0.60648147,1.2731002543285847e7
2018-04-10T10:00:00.0,2018-04-10T15:00:00.0,15,38362.2603,1,34507.90559,46458.56177,0.341358099,1.1358939132980824e7
2018-04-10T11:00:00.0,2018-04-10T16:00:00.0,16,39123.22368,1,31456.24297,41132.57189,0.686114587,7.104519468683958e6
2018-04-10T12:00:00.0,2018-04-10T17:00:00.0,17,39396.33191,1,32549.16292,40820.50752,0.765846388,4.972335247471809e6
2018-04-10T13:00:00.0,2018-04-10T18:00:00.0,18,39874.26205,1,38100.26851,46542.67786,0.350827999,6.34715813137126e6
2018-04-10T14:00:00.0,2018-04-10T19:00:00.0,19,40202.73981,1,32880.20083,40807.03154,0.895777708,5.537006591774702e6
2018-04-10T15:00:00.0,2018-04-10T20:00:00.0,20,40154.46366,1,30919.99404,44240.45409,0.669197305,1.3763627228276491e7
2018-04-10T16:00:00.0,2018-04-10T21:00:00.0,21,40048.95541,1,38406.0609,44356.46235,0.269557215,3.2476108348009586e6
2018-04-10T17:00:00.0,2018-04-10T22:00:00.0,22,38440.72507,1,30183.3212,44946.03183,0.551374467,2.0281058082250834e7
2018-04-10T18:00:00.0,2018-04-10T23:00:00.0,23,28837.90373,1,23716.40777,37125.64758,0.238165921,1.4726225887497663e7
2018-04-10T19:00:00.0,2018-04-11T00:00:00.0,0,9237.085381,1,6946.462934,19726.47935,0.085935859,1.321943407215175e7
2018-04-10T20:00:00.0,2018-04-11T01:00:00.0,1,112.6021581,1,53.66211267,1095.282208,0.019800922,83397.44366500305
2018-04-10T21:00:00.0,2018-04-11T02:00:00.0,2,0.0,1,0.0,0.0,0.01,0.12886473696786538
2018-04-10T22:00:00.0,2018-04-11T03:00:00.0,3,0.0,1,0.0,0.0,0.01,0.12886473696786538
2018-04-10T23:00:00.0,2018-04-11T04:00:00.0,4,0.0,1,0.0,0.0,0.01,0.12886473696786538
2018-04-11T00:00:00.0,2018-04-11T05:00:00.0,5,0.0,1,0.0,0.0,0.01,0.12886473696786538
2018-04-11T01:00:00.0,2018-04-11T06:00:00.0,6,0.0,1,0.0,0.0,0.01,0.12886473696786538
2018-04-11T02:00:00.0,2018-04-11T07:00:00.0,7,0.0,1,0.0,0.0,0.01,0.12886473696786538
2018-04-11T03:00:00.0,2018-04-11T08:00:00.0,8,0.0,1,0.0,0.0,0.01,0.12886473696786538
2018-04-11T04:00:00.0,2018-04-11T09:00:00.0,9,0.0,1,0.0,0.0,0.01,0.12886473696786538
2018-04-11T05:00:00.0,2018-04-11T10:00:00.0,10,0.0,1,0.0,0.0,0.01,0.12886473696786538
2018-04-11T06:00:00.0,2018-04-11T11:00:00.0,11,0.0,1,0.0,0.0,0.01,0.12886473696786538
2018-04-11T07:00:00.0,2018-04-11T12:00:00.0,12,3221.492224,0,0.0,0.0,0.99,0.12886473696786538
2018-04-11T08:00:00.0,2018-04-11T13:00:00.0,13,21504.03609,1,19063.41966,23954.91753,0.95689066,701534.9309626222
2018-04-11T09:00:00.0,2018-04-11T14:00:00.0,14,36427.30421,0,36458.11333,40750.70352,0.0,954711.8464708328
2018-04-11T10:00:00.0,2018-04-11T15:00:00.0,15,39030.07367,1,33839.64567,42573.12858,0.544894693,6.132486933742046e6
2018-04-11T11:00:00.0,2018-04-11T16:00:00.0,16,39252.74963,1,32933.31921,41284.91441,0.641589306,6.504389355833769e6
2018-04-11T12:00:00.0,2018-04-11T17:00:00.0,17,39419.69503,1,32714.21668,43050.5441,0.543839397,8.792861620677471e6
2018-04-11T13:00:00.0,2018-04-11T18:00:00.0,18,39616.05369,1,34907.06047,40505.87062,0.723970401,2.8756172605540752e6
2018-04-11T14:00:00.0,2018-04-11T19:00:00.0,19,39902.75988,1,37878.68195,45173.1434,0.408896845,4.804579405013561e6
2018-04-11T15:00:00.0,2018-04-11T20:00:00.0,20,40074.41393,1,37308.59873,47864.4726,0.382127526,9.915370801938534e6
2018-04-11T16:00:00.0,2018-04-11T21:00:00.0,21,39892.23258,1,34920.12752,44501.99794,0.482227459,7.433043062889099e6
2018-04-11T17:00:00.0,2018-04-11T22:00:00.0,22,37968.56506,1,31377.87015,44723.52091,0.471543301,1.641132943841505e7
2018-04-11T18:00:00.0,2018-04-11T23:00:00.0,23,28237.31883,1,24158.58675,37855.29379,0.177993102,1.5268974343047142e7
2018-04-11T19:00:00.0,2018-04-12T00:00:00.0,0,9029.726972,1,5498.035607,20498.9732,0.175571747,2.2103424819322765e7
2018-04-11T20:00:00.0,2018-04-12T01:00:00.0,1,115.4470955,1,1.093209673,1032.755737,0.028427688,68411.68669847725
2018-04-11T21:00:00.0,2018-04-12T02:00:00.0,2,0.0,1,0.0,0.0,0.01,0.12886473696786538
2018-04-11T22:00:00.0,2018-04-12T03:00:00.0,3,0.0,1,0.0,0.0,0.01,0.12886473696786538
2018-04-11T23:00:00.0,2018-04-12T04:00:00.0,4,0.0,1,0.0,0.0,0.01,0.12886473696786538
2018-04-12T00:00:00.0,2018-04-12T05:00:00.0,5,0.0,1,0.0,0.0,0.01,0.12886473696786538
2018-04-12T01:00:00.0,2018-04-12T06:00:00.0,6,0.0,1,0.0,0.0,0.01,0.12886473696786538
2018-04-12T02:00:00.0,2018-04-12T07:00:00.0,7,0.0,1,0.0,0.0,0.01,0.12886473696786538
2018-04-12T03:00:00.0,2018-04-12T08:00:00.0,8,0.0,1,0.0,0.0,0.01,0.12886473696786538
2018-04-12T04:00:00.0,2018-04-12T09:00:00.0,9,0.0,1,0.0,0.0,0.01,0.12886473696786538
2018-04-12T05:00:00.0,2018-04-12T10:00:00.0,10,0.0,1,0.0,0.0,0.01,0.12886473696786538
2018-04-12T06:00:00.0,2018-04-12T11:00:00.0,11,0.0,1,0.0,0.0,0.01,0.12886473696786538
2018-04-12T07:00:00.0,2018-04-12T12:00:00.0,12,2770.750688,0,0.0,0.0,0.99,0.12886473696786538
2018-04-12T08:00:00.0,2018-04-12T13:00:00.0,13,13673.93935,0,15642.46494,20003.90822,0.0,1.155531973422289e6
2018-04-12T09:00:00.0,2018-04-12T14:00:00.0,14,24715.3855,0,32521.71421,38976.43345,0.0,2.0673938506114483e6
2018-04-12T10:00:00.0,2018-04-12T15:00:00.0,15,29993.6783,1,27632.7626,43242.83893,0.188976855,2.062718063344288e7
2018-04-12T11:00:00.0,2018-04-12T16:00:00.0,16,34077.75662,1,30692.3892,41409.1436,0.410727722,8.83269876318121e6
2018-04-12T12:00:00.0,2018-04-12T17:00:00.0,17,36643.57405,1,33338.08426,40113.73417,0.541918375,3.583594017941475e6
2018-04-12T13:00:00.0,2018-04-12T18:00:00.0,18,37921.16016,1,33445.97799,42208.79835,0.644056169,5.914639652166367e6
2018-04-12T14:00:00.0,2018-04-12T19:00:00.0,19,38123.55518,1,31811.70983,47179.71269,0.389834865,1.9615810286934137e7
2018-04-12T15:00:00.0,2018-04-12T20:00:00.0,20,36477.26927,1,31516.94045,44481.83612,0.264589551,1.1603005865977764e7
2018-04-12T16:00:00.0,2018-04-12T21:00:00.0,21,35198.04944,1,29576.24586,46309.72766,0.402368363,2.5002945714399338e7
2018-04-12T17:00:00.0,2018-04-12T22:00:00.0,22,32761.25811,1,24516.99074,37634.72918,0.555029598,1.3041955086637855e7
2018-04-12T18:00:00.0,2018-04-12T23:00:00.0,23,22302.87878,1,14227.29181,30069.31393,0.302108289,2.039066534718442e7
2018-04-12T19:00:00.0,2018-04-13T00:00:00.0,0,6516.852773,1,3930.818963,14201.28542,0.116064506,8.465779480159149e6
2018-04-12T20:00:00.0,2018-04-13T01:00:00.0,1,74.15613663,1,9.375563431,734.856649,0.094575184,48759.091305076756
2018-04-12T21:00:00.0,2018-04-13T02:00:00.0,2,0.0,1,0.0,0.0,0.01,0.12886473696786538
2018-04-12T22:00:00.0,2018-04-13T03:00:00.0,3,0.0,1,0.0,0.0,0.01,0.12886473696786538
2018-04-12T23:00:00.0,2018-04-13T04:00:00.0,4,0.0,1,0.0,0.0,0.01,0.12886473696786538
2018-04-13T00:00:00.0,2018-04-13T05:00:00.0,5,0.0,1,0.0,0.0,0.01,0.12886473696786538
2018-04-13T01:00:00.0,2018-04-13T06:00:00.0,6,0.0,1,0.0,0.0,0.01,0.12886473696786538
2018-04-13T02:00:00.0,2018-04-13T07:00:00.0,7,0.0,1,0.0,0.0,0.01,0.12886473696786538
2018-04-13T03:00:00.0,2018-04-13T08:00:00.0,8,0.0,1,0.0,0.0,0.01,0.12886473696786538
2018-04-13T04:00:00.0,2018-04-13T09:00:00.0,9,0.0,1,0.0,0.0,0.01,0.12886473696786538
2018-04-13T05:00:00.0,2018-04-13T10:00:00.0,10,0.0,1,0.0,0.0,0.01,0.12886473696786538
2018-04-13T06:00:00.0,2018-04-13T11:00:00.0,11,0.0,1,0.0,0.0,0.01,0.12886473696786538
2018-04-13T07:00:00.0,2018-04-13T12:00:00.0,12,1367.278289,0,0.0,0.0,0.99,0.12886473696786538
2018-04-13T08:00:00.0,2018-04-13T13:00:00.0,13,11370.41026,1,11075.14245,12907.02069,0.474695266,212103.2328259498
2018-04-13T09:00:00.0,2018-04-13T14:00:00.0,14,22473.95778,1,21810.42434,30980.66633,0.136623633,6.130082231158972e6
2018-04-13T10:00:00.0,2018-04-13T15:00:00.0,15,25574.62744,1,23624.30805,32532.96188,0.281565575,6.935108150825381e6
2018-04-13T11:00:00.0,2018-04-13T16:00:00.0,16,27902.33158,1,24903.97541,36168.02354,0.342035449,1.1072588307569623e7
2018-04-13T12:00:00.0,2018-04-13T17:00:00.0,17,31004.0455,1,29025.4599,35756.22371,0.429054923,3.437019365606308e6
2018-04-13T13:00:00.0,2018-04-13T18:00:00.0,18,32525.63976,1,31869.25737,42159.88134,0.099856934,8.928839256296635e6
2018-04-13T14:00:00.0,2018-04-13T19:00:00.0,19,33033.76908,1,31920.69105,39272.54535,0.164988271,3.8386670094025135e6
2018-04-13T15:00:00.0,2018-04-13T20:00:00.0,20,33394.12773,1,25692.9027,41492.80471,0.404123313,2.0098638716277122e7
2018-04-13T16:00:00.0,2018-04-13T21:00:00.0,21,31690.73809,0,33054.09799,44512.30518,0.0,1.1219495038512945e7
2018-04-13T17:00:00.0,2018-04-13T22:00:00.0,22,29185.15426,0,30190.66784,35919.14994,0.0,2.739508543938637e6
2018-04-13T18:00:00.0,2018-04-13T23:00:00.0,23,21974.63705,1,21371.68252,30092.58029,0.044347817,5.804735954399586e6
2018-04-13T19:00:00.0,2018-04-14T00:00:00.0,0,7741.725974,1,6433.301129,15466.78007,0.102746006,7.761346179705471e6
2018-04-13T20:00:00.0,2018-04-14T01:00:00.0,1,154.9740585,1,119.4955405,1495.022391,0.024640986,152571.74099553574
2018-04-13T21:00:00.0,2018-04-14T02:00:00.0,2,0.0,1,0.0,0.0,0.01,0.12886473696786538
2018-04-13T22:00:00.0,2018-04-14T03:00:00.0,3,0.0,1,0.0,0.0,0.01,0.12886473696786538
2018-04-13T23:00:00.0,2018-04-14T04:00:00.0,4,0.0,1,0.0,0.0,0.01,0.12886473696786538
2018-04-14T00:00:00.0,2018-04-14T05:00:00.0,5,0.0,1,0.0,0.0,0.01,0.12886473696786538
2018-04-14T01:00:00.0,2018-04-14T06:00:00.0,6,0.0,1,0.0,0.0,0.01,0.12886473696786538
2018-04-14T02:00:00.0,2018-04-14T07:00:00.0,7,0.0,1,0.0,0.0,0.01,0.12886473696786538
2018-04-14T03:00:00.0,2018-04-14T08:00:00.0,8,0.0,1,0.0,0.0,0.01,0.12886473696786538
2018-04-14T04:00:00.0,2018-04-14T09:00:00.0,9,0.0,1,0.0,0.0,0.01,0.12886473696786538
2018-04-14T05:00:00.0,2018-04-14T10:00:00.0,10,0.0,1,0.0,0.0,0.01,0.12886473696786538
2018-04-14T06:00:00.0,2018-04-14T11:00:00.0,11,0.0,1,0.0,0.0,0.01,0.12886473696786538
2018-04-14T07:00:00.0,2018-04-14T12:00:00.0,12,2637.627008,0,0.0,0.0,0.99,0.12886473696786538
2018-04-14T08:00:00.0,2018-04-14T13:00:00.0,13,17490.0938,1,12616.69539,26863.12059,0.608646844,1.4544548130851746e7
2018-04-14T09:00:00.0,2018-04-14T14:00:00.0,14,30788.68495,1,23502.56356,40238.1551,0.586850209,2.0618808701025724e7
2018-04-14T10:00:00.0,2018-04-14T15:00:00.0,15,33183.5916,1,29367.06139,46997.08245,0.256054932,2.5810248083012342e7
2018-04-14T11:00:00.0,2018-04-14T16:00:00.0,16,34742.3659,1,27630.06252,48113.81533,0.386151716,3.510036754690671e7
2018-04-14T12:00:00.0,2018-04-14T17:00:00.0,17,36286.12563,1,29349.01949,42494.96364,0.536655736,1.310392057959199e7
2018-04-14T13:00:00.0,2018-04-14T18:00:00.0,18,38423.07386,1,32958.24699,44398.48337,0.516699111,1.0653584438211441e7
2018-04-14T14:00:00.0,2018-04-14T19:00:00.0,19,39859.72081,1,35115.5723,46516.8223,0.523561332,1.0619045210201979e7
2018-04-14T15:00:00.0,2018-04-14T20:00:00.0,20,39458.92785,1,30946.54177,43841.97005,0.581382064,1.1250509360674381e7
2018-04-14T16:00:00.0,2018-04-14T21:00:00.0,21,38994.08304,1,24115.11807,42495.17884,0.729796123,2.799885970901251e7
2018-04-14T17:00:00.0,2018-04-14T22:00:00.0,22,37943.64933,1,21876.95152,40924.06497,0.775716035,2.7718175009832382e7
2018-04-14T18:00:00.0,2018-04-14T23:00:00.0,23,30348.48231,1,15259.60295,37485.08237,0.571664387,4.6006263267600656e7
2018-04-14T19:00:00.0,2018-04-15T00:00:00.0,0,10549.60266,1,4847.184555,20135.46944,0.205152904,2.0913233862329185e7
2018-04-14T20:00:00.0,2018-04-15T01:00:00.0,1,183.5516521,1,10.24080704,1573.580911,0.034531839,210051.67045520595
2018-04-14T21:00:00.0,2018-04-15T02:00:00.0,2,0.0,1,0.0,0.0,0.01,0.12886473696786538
2018-04-14T22:00:00.0,2018-04-15T03:00:00.0,3,0.0,1,0.0,0.0,0.01,0.12886473696786538
2018-04-14T23:00:00.0,2018-04-15T04:00:00.0,4,0.0,1,0.0,0.0,0.01,0.12886473696786538
2018-04-15T00:00:00.0,2018-04-15T05:00:00.0,5,0.0,1,0.0,0.0,0.01,0.12886473696786538
2018-04-15T01:00:00.0,2018-04-15T06:00:00.0,6,0.0,1,0.0,0.0,0.01,0.12886473696786538
2018-04-15T02:00:00.0,2018-04-15T07:00:00.0,7,0.0,1,0.0,0.0,0.01,0.12886473696786538
2018-04-15T03:00:00.0,2018-04-15T08:00:00.0,8,0.0,1,0.0,0.0,0.01,0.12886473696786538
2018-04-15T04:00:00.0,2018-04-15T09:00:00.0,9,0.0,1,0.0,0.0,0.01,0.12886473696786538
2018-04-15T05:00:00.0,2018-04-15T10:00:00.0,10,0.0,1,0.0,0.0,0.01,0.12886473696786538
2018-04-15T06:00:00.0,2018-04-15T11:00:00.0,11,0.0,1,0.0,0.0,0.01,0.12886473696786538
2018-04-15T07:00:00.0,2018-04-15T12:00:00.0,12,5208.177487,0,0.0,0.0,0.99,0.12886473696786538
2018-04-15T08:00:00.0,2018-04-15T13:00:00.0,13,26767.76859,0,23662.78628,24496.52871,1.0,32107.291541576385
2018-04-15T09:00:00.0,2018-04-15T14:00:00.0,14,39874.96619,1,36234.07279,43923.71241,0.582765903,5.049997662706852e6
2018-04-15T10:00:00.0,2018-04-15T15:00:00.0,15,40479.43607,1,38244.53605,42271.13415,0.495658459,1.1788232437679768e6
2018-04-15T11:00:00.0,2018-04-15T16:00:00.0,16,40476.07051,1,38978.42787,43491.86476,0.38887519,1.8398624804961681e6
2018-04-15T12:00:00.0,2018-04-15T17:00:00.0,17,40452.44985,1,40055.40332,41199.88059,0.367816468,110772.06018018723
2018-04-15T13:00:00.0,2018-04-15T18:00:00.0,18,40400.66305,1,32788.76136,46008.97443,0.494626968,1.4956494573935509e7
2018-04-15T14:00:00.0,2018-04-15T19:00:00.0,19,40384.17645,1,39032.48873,45924.73913,0.283324539,3.796806580014229e6
2018-04-15T15:00:00.0,2018-04-15T20:00:00.0,20,40398.97068,1,37635.87292,46511.0616,0.379900441,6.983102963138819e6
2018-04-15T16:00:00.0,2018-04-15T21:00:00.0,21,40339.38253,1,39815.52474,45197.17337,0.176694431,2.5647877386546135e6
2018-04-15T17:00:00.0,2018-04-15T22:00:00.0,22,39460.58071,1,35375.17239,44545.45983,0.411191798,5.785446028911352e6
2018-04-15T18:00:00.0,2018-04-15T23:00:00.0,23,31284.36503,1,28731.35355,40801.74798,0.154027301,1.2995806393435001e7
2018-04-15T19:00:00.0,2018-04-16T00:00:00.0,0,11303.30025,1,8004.996319,23653.69857,0.142642724,1.9856619956781447e7
2018-04-15T20:00:00.0,2018-04-16T01:00:00.0,1,226.6610049,1,72.82983908,1949.874635,0.041469593,246872.47358075646
2018-04-15T21:00:00.0,2018-04-16T02:00:00.0,2,0.0,1,0.0,0.0,0.01,0.12886473696786538
2018-04-15T22:00:00.0,2018-04-16T03:00:00.0,3,0.0,1,0.0,0.0,0.01,0.12886473696786538
2018-04-15T23:00:00.0,2018-04-16T04:00:00.0,4,0.0,1,0.0,0.0,0.01,0.12886473696786538
2018-04-16T00:00:00.0,2018-04-16T05:00:00.0,5,0.0,1,0.0,0.0,0.01,0.12886473696786538
2018-04-16T01:00:00.0,2018-04-16T06:00:00.0,6,0.0,1,0.0,0.0,0.01,0.12886473696786538
2018-04-16T02:00:00.0,2018-04-16T07:00:00.0,7,0.0,1,0.0,0.0,0.01,0.12886473696786538
2018-04-16T03:00:00.0,2018-04-16T08:00:00.0,8,0.0,1,0.0,0.0,0.01,0.12886473696786538
2018-04-16T04:00:00.0,2018-04-16T09:00:00.0,9,0.0,1,0.0,0.0,0.01,0.12886473696786538
2018-04-16T05:00:00.0,2018-04-16T10:00:00.0,10,0.0,1,0.0,0.0,0.01,0.12886473696786538
2018-04-16T06:00:00.0,2018-04-16T11:00:00.0,11,0.0,1,0.0,0.0,0.01,0.12886473696786538
2018-04-16T07:00:00.0,2018-04-16T12:00:00.0,12,5381.810636,0,0.0,0.0,0.99,0.12886473696786538
2018-04-16T08:00:00.0,2018-04-16T13:00:00.0,13,26123.59227,0,19915.67392,24296.12148,1.0,779002.7535440922
2018-04-16T09:00:00.0,2018-04-16T14:00:00.0,14,39451.59252,0,32749.31277,39390.63134,1.0,3.6412917996041775e6
2018-04-16T10:00:00.0,2018-04-16T15:00:00.0,15,40399.16694,1,33867.98418,40576.04281,0.946696916,3.861686329933405e6
2018-04-16T11:00:00.0,2018-04-16T16:00:00.0,16,40381.98521,1,33285.45529,41919.37658,0.78358503,5.893301380768299e6
2018-04-16T12:00:00.0,2018-04-16T17:00:00.0,17,40361.67483,1,32716.26772,44569.67259,0.689377145,1.1060872355145216e7
2018-04-16T13:00:00.0,2018-04-16T18:00:00.0,18,40405.60733,1,35633.68059,45145.32454,0.400222588,6.775702009040117e6
2018-04-16T14:00:00.0,2018-04-16T19:00:00.0,19,40357.06406,1,38905.21771,41295.34858,0.68696492,461325.4631795883
2018-04-16T15:00:00.0,2018-04-16T20:00:00.0,20,39768.73793,1,38272.74788,43511.89986,0.287952943,2.5829206788601875e6
2018-04-16T16:00:00.0,2018-04-16T21:00:00.0,21,39717.15344,1,38103.50174,40849.958,0.573137054,718653.4741015434
2018-04-16T17:00:00.0,2018-04-16T22:00:00.0,22,38039.96278,1,37881.59418,41043.79122,0.05323903,843220.0473577976
2018-04-16T18:00:00.0,2018-04-16T23:00:00.0,23,28888.49555,1,22536.57278,36715.47991,0.225266551,1.2809947063615918e7
2018-04-16T19:00:00.0,2018-04-17T00:00:00.0,0,9727.391733,1,6986.934653,20297.15283,0.117662546,1.7419262358060956e7
2018-04-16T20:00:00.0,2018-04-17T01:00:00.0,1,193.9581415,1,57.45428333,1513.553683,0.036659488,136402.2864699976
2018-04-16T21:00:00.0,2018-04-17T02:00:00.0,2,0.0,1,0.0,0.0,0.01,0.12886473696786538
2018-04-16T22:00:00.0,2018-04-17T03:00:00.0,3,0.0,1,0.0,0.0,0.01,0.12886473696786538
2018-04-16T23:00:00.0,2018-04-17T04:00:00.0,4,0.0,1,0.0,0.0,0.01,0.12886473696786538
2018-04-17T00:00:00.0,2018-04-17T05:00:00.0,5,0.0,1,0.0,0.0,0.01,0.12886473696786538
2018-04-17T01:00:00.0,2018-04-17T06:00:00.0,6,0.0,1,0.0,0.0,0.01,0.12886473696786538
2018-04-17T02:00:00.0,2018-04-17T07:00:00.0,7,0.0,1,0.0,0.0,0.01,0.12886473696786538
2018-04-17T03:00:00.0,2018-04-17T08:00:00.0,8,0.0,1,0.0,0.0,0.01,0.12886473696786538
2018-04-17T04:00:00.0,2018-04-17T09:00:00.0,9,0.0,1,0.0,0.0,0.01,0.12886473696786538
2018-04-17T05:00:00.0,2018-04-17T10:00:00.0,10,0.0,1,0.0,0.0,0.01,0.12886473696786538
2018-04-17T06:00:00.0,2018-04-17T11:00:00.0,11,0.399333333,0,0.0,0.0,0.99,0.12886473696786538
2018-04-17T07:00:00.0,2018-04-17T12:00:00.0,12,4472.782743,0,0.0,0.0,0.99,0.12886473696786538
2018-04-17T08:00:00.0,2018-04-17T13:00:00.0,13,21230.82534,1,19012.51203,22587.38116,0.982938518,287630.8974033594
2018-04-17T09:00:00.0,2018-04-17T14:00:00.0,14,34016.28427,1,31829.03534,37870.78001,0.649160597,2.7045356396250725e6
2018-04-17T10:00:00.0,2018-04-17T15:00:00.0,15,36949.10272,1,32382.27499,45495.73729,0.350715857,1.2922859476892471e7
2018-04-17T11:00:00.0,2018-04-17T16:00:00.0,16,37853.76666,1,37764.08649,46987.35424,0.034771929,6.698930941429853e6
2018-04-17T12:00:00.0,2018-04-17T17:00:00.0,17,38641.06551,1,32808.70695,47079.07143,0.4329348,1.8167413541373253e7
2018-04-17T13:00:00.0,2018-04-17T18:00:00.0,18,38131.8239,1,33732.20497,40328.3069,0.537326697,3.595504060035944e6
2018-04-17T14:00:00.0,2018-04-17T19:00:00.0,19,38219.43062,1,38000.15098,42031.48681,0.071643593,1.2466083522741795e6
2018-04-17T15:00:00.0,2018-04-17T20:00:00.0,20,37779.35577,1,31697.36837,47137.81033,0.417265684,2.17306479654119e7
2018-04-17T16:00:00.0,2018-04-17T21:00:00.0,21,35546.39324,1,34282.14265,42524.61039,0.192699587,5.836614273465872e6
2018-04-17T17:00:00.0,2018-04-17T22:00:00.0,22,31468.44875,0,31508.46789,39790.88328,0.0,5.558011715465069e6
2018-04-17T18:00:00.0,2018-04-17T23:00:00.0,23,24112.87311,1,22078.14312,33040.97672,0.145234781,1.090159138235271e7
2018-04-17T19:00:00.0,2018-04-18T00:00:00.0,0,8065.712757,1,6591.604158,18391.22254,0.12509127,1.2783709417966247e7
2018-04-17T20:00:00.0,2018-04-18T01:00:00.0,1,162.7998947,1,33.56884962,1200.846996,0.041788941,104163.93137978506
2018-04-17T21:00:00.0,2018-04-18T02:00:00.0,2,0.0,1,0.0,0.0,0.01,0.12886473696786538
2018-04-17T22:00:00.0,2018-04-18T03:00:00.0,3,0.0,1,0.0,0.0,0.01,0.12886473696786538
2018-04-17T23:00:00.0,2018-04-18T04:00:00.0,4,0.0,1,0.0,0.0,0.01,0.12886473696786538
2018-04-18T00:00:00.0,2018-04-18T05:00:00.0,5,0.0,1,0.0,0.0,0.01,0.12886473696786538
2018-04-18T01:00:00.0,2018-04-18T06:00:00.0,6,0.0,1,0.0,0.0,0.01,0.12886473696786538
2018-04-18T02:00:00.0,2018-04-18T07:00:00.0,7,0.0,1,0.0,0.0,0.01,0.12886473696786538
2018-04-18T03:00:00.0,2018-04-18T08:00:00.0,8,0.0,1,0.0,0.0,0.01,0.12886473696786538
2018-04-18T04:00:00.0,2018-04-18T09:00:00.0,9,0.0,1,0.0,0.0,0.01,0.12886473696786538
2018-04-18T05:00:00.0,2018-04-18T10:00:00.0,10,0.0,1,0.0,0.0,0.01,0.12886473696786538
2018-04-18T06:00:00.0,2018-04-18T11:00:00.0,11,0.0503375,0,0.0,0.0,0.99,0.12886473696786538
2018-04-18T07:00:00.0,2018-04-18T12:00:00.0,12,4185.709289,0,0.0,0.0,0.99,0.12886473696786538
2018-04-18T08:00:00.0,2018-04-18T13:00:00.0,13,20570.2162,1,16662.34155,24311.61574,0.915623946,2.7927945520865917e6
2018-04-18T09:00:00.0,2018-04-18T14:00:00.0,14,33125.65101,1,31393.67451,41280.43102,0.288908519,7.335836255710363e6
2018-04-18T10:00:00.0,2018-04-18T15:00:00.0,15,34681.48621,1,33613.44941,45629.28104,0.141947589,1.2186536558489561e7
2018-04-18T11:00:00.0,2018-04-18T16:00:00.0,16,36061.93572,1,35781.4703,44830.86752,0.056097806,5.955519294141769e6
2018-04-18T12:00:00.0,2018-04-18T17:00:00.0,17,37478.73206,1,32609.97536,43104.42975,0.45328821,1.084277915521741e7
2018-04-18T13:00:00.0,2018-04-18T18:00:00.0,18,38451.71023,1,31467.1142,43456.13843,0.551086493,1.321132002485013e7
2018-04-18T14:00:00.0,2018-04-18T19:00:00.0,19,38061.39784,1,30356.42986,45415.07367,0.569781181,2.039943791286254e7
2018-04-18T15:00:00.0,2018-04-18T20:00:00.0,20,35450.79249,1,32979.51898,46275.60267,0.181796482,1.410115067987609e7
2018-04-18T16:00:00.0,2018-04-18T21:00:00.0,21,34176.38558,1,33933.29963,40937.61571,0.075486948,3.497698237146616e6
2018-04-18T17:00:00.0,2018-04-18T22:00:00.0,22,33140.89801,1,26643.64994,39976.4686,0.498683952,1.4281695395495653e7
2018-04-18T18:00:00.0,2018-04-18T23:00:00.0,23,25700.61464,1,18621.09264,31482.3406,0.358001326,1.3846418719029427e7
2018-04-18T19:00:00.0,2018-04-19T00:00:00.0,0,9658.436544,1,5655.014791,17249.98036,0.227579104,1.2552694738250285e7
2018-04-18T20:00:00.0,2018-04-19T01:00:00.0,1,266.2041651,1,111.3617,1898.050992,0.061711705,268213.3626699492
2018-04-18T21:00:00.0,2018-04-19T02:00:00.0,2,0.0,1,0.0,0.0,0.01,0.12886473696786538
2018-04-18T22:00:00.0,2018-04-19T03:00:00.0,3,0.0,1,0.0,0.0,0.01,0.12886473696786538
2018-04-18T23:00:00.0,2018-04-19T04:00:00.0,4,0.0,1,0.0,0.0,0.01,0.12886473696786538
2018-04-19T00:00:00.0,2018-04-19T05:00:00.0,5,0.0,1,0.0,0.0,0.01,0.12886473696786538
2018-04-19T01:00:00.0,2018-04-19T06:00:00.0,6,0.0,1,0.0,0.0,0.01,0.12886473696786538
2018-04-19T02:00:00.0,2018-04-19T07:00:00.0,7,0.0,1,0.0,0.0,0.01,0.12886473696786538
2018-04-19T03:00:00.0,2018-04-19T08:00:00.0,8,0.0,1,0.0,0.0,0.01,0.12886473696786538
2018-04-19T04:00:00.0,2018-04-19T09:00:00.0,9,0.0,1,0.0,0.0,0.01,0.12886473696786538
2018-04-19T05:00:00.0,2018-04-19T10:00:00.0,10,0.0,1,0.0,0.0,0.01,0.12886473696786538
2018-04-19T06:00:00.0,2018-04-19T11:00:00.0,11,2.225678333,0,0.0,0.0,0.99,0.12886473696786538
2018-04-19T07:00:00.0,2018-04-19T12:00:00.0,12,3957.051213,0,0.0,0.0,0.99,0.12886473696786538
2018-04-19T08:00:00.0,2018-04-19T13:00:00.0,13,15540.77578,1,14503.00408,23169.55772,0.225207823,4.466723814593375e6
2018-04-19T09:00:00.0,2018-04-19T14:00:00.0,14,25126.17553,1,21016.58633,35508.24221,0.378646469,1.4889681137594938e7
2018-04-19T10:00:00.0,2018-04-19T15:00:00.0,15,30623.61383,1,25825.42796,42796.5132,0.461702978,2.5618127287721038e7
2018-04-19T11:00:00.0,2018-04-19T16:00:00.0,16,35228.56374,1,26676.51467,44303.29355,0.472780685,2.8195663213824987e7
2018-04-19T12:00:00.0,2018-04-19T17:00:00.0,17,37232.63234,1,27597.54297,38445.25273,0.890820715,9.83092697254157e6
2018-04-19T13:00:00.0,2018-04-19T18:00:00.0,18,37657.88309,1,27201.6894,42670.21717,0.667314363,1.859810629513693e7
2018-04-19T14:00:00.0,2018-04-19T19:00:00.0,19,38671.99461,1,28092.70573,44264.96089,0.662495418,1.8409287305594683e7
2018-04-19T15:00:00.0,2018-04-19T20:00:00.0,20,38401.87574,1,28349.85992,41288.35346,0.664304827,1.3028328498929977e7
2018-04-19T16:00:00.0,2018-04-19T21:00:00.0,21,37839.71805,1,22746.70349,45567.70958,0.611919393,4.106379150794649e7
2018-04-19T17:00:00.0,2018-04-19T22:00:00.0,22,37226.40843,1,23426.0202,43519.02744,0.572307459,3.6007155346452e7
2018-04-19T18:00:00.0,2018-04-19T23:00:00.0,23,28920.6721,1,13866.89076,38613.75707,0.466161245,4.2028455993715644e7
2018-04-19T19:00:00.0,2018-04-20T00:00:00.0,0,10236.34723,1,4020.948741,20703.75567,0.260191074,2.768417318556267e7
2018-04-19T20:00:00.0,2018-04-20T01:00:00.0,1,248.040912,1,14.55696415,1785.575364,0.054728574,244513.82438549562
2018-04-19T21:00:00.0,2018-04-20T02:00:00.0,2,0.0,1,0.0,0.0,0.01,0.12886473696786538
2018-04-19T22:00:00.0,2018-04-20T03:00:00.0,3,0.0,1,0.0,0.0,0.01,0.12886473696786538
2018-04-19T23:00:00.0,2018-04-20T04:00:00.0,4,0.0,1,0.0,0.0,0.01,0.12886473696786538
2018-04-20T00:00:00.0,2018-04-20T05:00:00.0,5,0.0,1,0.0,0.0,0.01,0.12886473696786538
2018-04-20T01:00:00.0,2018-04-20T06:00:00.0,6,0.0,1,0.0,0.0,0.01,0.12886473696786538
2018-04-20T02:00:00.0,2018-04-20T07:00:00.0,7,0.0,1,0.0,0.0,0.01,0.12886473696786538
2018-04-20T03:00:00.0,2018-04-20T08:00:00.0,8,0.0,1,0.0,0.0,0.01,0.12886473696786538
2018-04-20T04:00:00.0,2018-04-20T09:00:00.0,9,0.0,1,0.0,0.0,0.01,0.12886473696786538
2018-04-20T05:00:00.0,2018-04-20T10:00:00.0,10,0.0,1,0.0,0.0,0.01,0.12886473696786538
2018-04-20T06:00:00.0,2018-04-20T11:00:00.0,11,2.145038167,0,0.0,0.0,0.99,0.12886473696786538
2018-04-20T07:00:00.0,2018-04-20T12:00:00.0,12,3409.548268,0,0.0,0.0,0.99,0.12886473696786538
2018-04-20T08:00:00.0,2018-04-20T13:00:00.0,13,15481.89262,1,11051.50623,24712.04998,0.547352569,1.2978627863111675e7
2018-04-20T09:00:00.0,2018-04-20T14:00:00.0,14,23433.35789,1,21821.23558,37915.39696,0.139645162,2.0622258321527123e7
2018-04-20T10:00:00.0,2018-04-20T15:00:00.0,15,26517.34454,1,19084.76578,37842.21531,0.393233892,3.07689607745651e7
2018-04-20T11:00:00.0,2018-04-20T16:00:00.0,16,28063.65127,1,23099.64761,40139.38209,0.390826985,2.194433023495388e7
2018-04-20T12:00:00.0,2018-04-20T17:00:00.0,17,30034.20822,1,26691.83894,41168.95729,0.360251046,1.8006691125543833e7
2018-04-20T13:00:00.0,2018-04-20T18:00:00.0,18,30369.93924,1,26104.38095,44094.03199,0.325519879,3.0938570847438574e7
2018-04-20T14:00:00.0,2018-04-20T19:00:00.0,19,30085.83568,1,24929.06868,44629.32845,0.336445351,3.476756446004796e7
2018-04-20T15:00:00.0,2018-04-20T20:00:00.0,20,30499.7417,1,24453.36003,41151.16281,0.383656286,2.4601154450703025e7
2018-04-20T16:00:00.0,2018-04-20T21:00:00.0,21,29808.09941,1,21723.43223,36955.41903,0.484570485,1.7456359723401785e7
2018-04-20T17:00:00.0,2018-04-20T22:00:00.0,22,28334.00245,1,17906.97917,36898.95222,0.514969429,3.0696822536001563e7
2018-04-20T18:00:00.0,2018-04-20T23:00:00.0,23,20915.82247,1,13096.3906,28675.49478,0.398582135,1.8181270864812672e7
2018-04-20T19:00:00.0,2018-04-21T00:00:00.0,0,7105.643695,1,4450.750354,15904.48001,0.169270699,1.0678301705166638e7
2018-04-20T20:00:00.0,2018-04-21T01:00:00.0,1,168.5157901,1,49.70455829,1271.248132,0.029964645,96329.69567633909
2018-04-20T21:00:00.0,2018-04-21T02:00:00.0,2,0.0,1,0.0,0.0,0.01,0.12886473696786538
2018-04-20T22:00:00.0,2018-04-21T03:00:00.0,3,0.0,1,0.0,0.0,0.01,0.12886473696786538
2018-04-20T23:00:00.0,2018-04-21T04:00:00.0,4,0.0,1,0.0,0.0,0.01,0.12886473696786538
2018-04-21T00:00:00.0,2018-04-21T05:00:00.0,5,0.0,1,0.0,0.0,0.01,0.12886473696786538
2018-04-21T01:00:00.0,2018-04-21T06:00:00.0,6,0.0,1,0.0,0.0,0.01,0.12886473696786538
2018-04-21T02:00:00.0,2018-04-21T07:00:00.0,7,0.0,1,0.0,0.0,0.01,0.12886473696786538
2018-04-21T03:00:00.0,2018-04-21T08:00:00.0,8,0.0,1,0.0,0.0,0.01,0.12886473696786538
2018-04-21T04:00:00.0,2018-04-21T09:00:00.0,9,0.0,1,0.0,0.0,0.01,0.12886473696786538
2018-04-21T05:00:00.0,2018-04-21T10:00:00.0,10,0.0,1,0.0,0.0,0.01,0.12886473696786538
2018-04-21T06:00:00.0,2018-04-21T11:00:00.0,11,0.483859583,0,0.0,0.0,0.99,0.12886473696786538
2018-04-21T07:00:00.0,2018-04-21T12:00:00.0,12,2614.284319,0,0.0,0.0,0.99,0.12886473696786538
2018-04-21T08:00:00.0,2018-04-21T13:00:00.0,13,12582.07437,1,7862.925744,13775.62113,0.883440951,2.978917550956607e6
2018-04-21T09:00:00.0,2018-04-21T14:00:00.0,14,20170.88106,1,13411.63286,27492.35741,0.539036143,1.5383777104656756e7
2018-04-21T10:00:00.0,2018-04-21T15:00:00.0,15,22662.99895,1,16857.33522,26384.69023,0.595946594,8.318096063811123e6
2018-04-21T11:00:00.0,2018-04-21T16:00:00.0,16,23757.35003,1,18707.42948,30859.30246,0.353541021,1.148137794760561e7
2018-04-21T12:00:00.0,2018-04-21T17:00:00.0,17,23450.31772,1,21434.98134,31197.50985,0.255108905,7.5354823875956535e6
2018-04-21T13:00:00.0,2018-04-21T18:00:00.0,18,25383.33061,1,21414.34885,30987.32395,0.481852791,8.301397953789473e6
2018-04-21T14:00:00.0,2018-04-21T19:00:00.0,19,25118.27725,1,23804.56709,31756.18887,0.207782845,4.967852320516944e6
2018-04-21T15:00:00.0,2018-04-21T20:00:00.0,20,25344.58604,1,22529.58947,29120.87794,0.520509793,4.093469094619751e6
2018-04-21T16:00:00.0,2018-04-21T21:00:00.0,21,24518.84103,1,20323.72517,32419.6463,0.330760341,1.0878386917668223e7
2018-04-21T17:00:00.0,2018-04-21T22:00:00.0,22,25161.78887,1,20528.72448,30711.56007,0.58477037,8.322222272785902e6
2018-04-21T18:00:00.0,2018-04-21T23:00:00.0,23,21727.33223,1,12533.54855,27197.2176,0.579227275,1.7933961586716592e7
2018-04-21T19:00:00.0,2018-04-22T00:00:00.0,0,9181.141589,1,5340.416403,16200.71922,0.256041956,1.1235955955227822e7
2018-04-21T20:00:00.0,2018-04-22T01:00:00.0,1,343.5804,1,15.73821521,2382.410158,0.048180413,426372.22911457415
2018-04-21T21:00:00.0,2018-04-22T02:00:00.0,2,0.0,1,0.0,0.0,0.01,0.12886473696786538
2018-04-21T22:00:00.0,2018-04-22T03:00:00.0,3,0.0,1,0.0,0.0,0.01,0.12886473696786538
2018-04-21T23:00:00.0,2018-04-22T04:00:00.0,4,0.0,1,0.0,0.0,0.01,0.12886473696786538
2018-04-22T00:00:00.0,2018-04-22T05:00:00.0,5,0.0,1,0.0,0.0,0.01,0.12886473696786538
2018-04-22T01:00:00.0,2018-04-22T06:00:00.0,6,0.0,1,0.0,0.0,0.01,0.12886473696786538
2018-04-22T02:00:00.0,2018-04-22T07:00:00.0,7,0.0,1,0.0,0.0,0.01,0.12886473696786538
2018-04-22T03:00:00.0,2018-04-22T08:00:00.0,8,0.0,1,0.0,0.0,0.01,0.12886473696786538
2018-04-22T04:00:00.0,2018-04-22T09:00:00.0,9,0.0,1,0.0,0.0,0.01,0.12886473696786538
2018-04-22T05:00:00.0,2018-04-22T10:00:00.0,10,0.0,1,0.0,0.0,0.01,0.12886473696786538
2018-04-22T06:00:00.0,2018-04-22T11:00:00.0,11,3.060731667,0,0.0,0.0,0.99,0.12886473696786538
2018-04-22T07:00:00.0,2018-04-22T12:00:00.0,12,5230.56981,0,0.0,0.0,0.99,0.12886473696786538
2018-04-22T08:00:00.0,2018-04-22T13:00:00.0,13,19100.13772,1,17605.50283,23240.83826,0.519326581,1.853310536502242e6
2018-04-22T09:00:00.0,2018-04-22T14:00:00.0,14,29179.13965,1,25060.98823,37868.96018,0.574805969,1.3387303574114442e7
2018-04-22T10:00:00.0,2018-04-22T15:00:00.0,15,34003.47719,1,32378.47111,40279.52927,0.380712257,4.526081382963419e6
2018-04-22T11:00:00.0,2018-04-22T16:00:00.0,16,36346.43528,1,33169.57777,40377.27209,0.531209816,5.564985513504267e6
2018-04-22T12:00:00.0,2018-04-22T17:00:00.0,17,37537.88346,1,30667.16826,41720.54948,0.603360023,1.0436120629659176e7
2018-04-22T13:00:00.0,2018-04-22T18:00:00.0,18,37804.98605,1,30363.6267,40459.27503,0.742969892,8.664360762033463e6
2018-04-22T14:00:00.0,2018-04-22T19:00:00.0,19,37270.91705,1,29199.74125,43118.18032,0.482556448,1.860176426486063e7
2018-04-22T15:00:00.0,2018-04-22T20:00:00.0,20,36458.17188,1,32870.74408,42180.6108,0.477210716,8.092965526689768e6
2018-04-22T16:00:00.0,2018-04-22T21:00:00.0,21,35320.06897,1,26599.98611,44433.94043,0.3059636,2.7382213037271976e7
2018-04-22T17:00:00.0,2018-04-22T22:00:00.0,22,31033.67443,1,22259.07143,39812.23059,0.541501437,2.5400479712895155e7
2018-04-22T18:00:00.0,2018-04-22T23:00:00.0,23,21432.91316,1,14514.28103,30441.9535,0.289079735,2.1884969944002867e7
2018-04-22T19:00:00.0,2018-04-23T00:00:00.0,0,8406.443389,1,5632.280203,17802.5971,0.129339841,1.1321776603345186e7
2018-04-22T20:00:00.0,2018-04-23T01:00:00.0,1,265.6473997,1,32.11920193,1750.494247,0.068308213,219252.68390087108
2018-04-22T21:00:00.0,2018-04-23T02:00:00.0,2,0.0,1,0.0,0.0,0.01,0.12886473696786538
2018-04-22T22:00:00.0,2018-04-23T03:00:00.0,3,0.0,1,0.0,0.0,0.01,0.12886473696786538
2018-04-22T23:00:00.0,2018-04-23T04:00:00.0,4,0.0,1,0.0,0.0,0.01,0.12886473696786538
2018-04-23T00:00:00.0,2018-04-23T05:00:00.0,5,0.0,1,0.0,0.0,0.01,0.12886473696786538
2018-04-23T01:00:00.0,2018-04-23T06:00:00.0,6,0.0,1,0.0,0.0,0.01,0.12886473696786538
2018-04-23T02:00:00.0,2018-04-23T07:00:00.0,7,0.0,1,0.0,0.0,0.01,0.12886473696786538
2018-04-23T03:00:00.0,2018-04-23T08:00:00.0,8,0.0,1,0.0,0.0,0.01,0.12886473696786538
2018-04-23T04:00:00.0,2018-04-23T09:00:00.0,9,0.0,1,0.0,0.0,0.01,0.12886473696786538
2018-04-23T05:00:00.0,2018-04-23T10:00:00.0,10,0.0,1,0.0,0.0,0.01,0.12886473696786538
2018-04-23T06:00:00.0,2018-04-23T11:00:00.0,11,5.477584167,0,0.0,0.0,0.99,0.12886473696786538
2018-04-23T07:00:00.0,2018-04-23T12:00:00.0,12,5725.568914,0,0.0,0.0,0.99,0.12886473696786538
2018-04-23T08:00:00.0,2018-04-23T13:00:00.0,13,23563.98123,1,17557.60096,26380.48272,0.888183228,5.215489338351488e6
2018-04-23T09:00:00.0,2018-04-23T14:00:00.0,14,34299.12535,1,31358.50493,42398.03179,0.43575684,1.0969379106194973e7
2018-04-23T10:00:00.0,2018-04-23T15:00:00.0,15,36349.29281,1,31603.59158,40303.91984,0.585513299,7.054650662345171e6
2018-04-23T11:00:00.0,2018-04-23T16:00:00.0,16,37182.13557,1,33103.1089,40821.82701,0.599488556,4.873762176275492e6
2018-04-23T12:00:00.0,2018-04-23T17:00:00.0,17,37819.68229,1,30212.96484,41848.2656,0.668817784,1.2166875367680788e7
2018-04-23T13:00:00.0,2018-04-23T18:00:00.0,18,38663.47118,1,32764.98528,44955.03994,0.542259605,1.3832726846704006e7
2018-04-23T14:00:00.0,2018-04-23T19:00:00.0,19,38938.70157,1,28671.68359,41227.07198,0.713052892,1.2070059059844255e7
2018-04-23T15:00:00.0,2018-04-23T20:00:00.0,20,38048.94154,1,27064.64494,40597.37991,0.740573918,1.802630282322502e7
2018-04-23T16:00:00.0,2018-04-23T21:00:00.0,21,37940.16288,1,33073.38027,38268.95778,0.911988259,2.0148195809977055e6
2018-04-23T17:00:00.0,2018-04-23T22:00:00.0,22,37624.74053,1,28230.88183,40397.48529,0.724282776,1.2711402038497448e7
2018-04-23T18:00:00.0,2018-04-23T23:00:00.0,23,30082.87914,1,18542.22548,38388.19699,0.508886419,2.942624995775354e7
2018-04-23T19:00:00.0,2018-04-24T00:00:00.0,0,11623.72984,1,7328.588343,23667.68463,0.145307027,2.219278021350926e7
2018-04-23T20:00:00.0,2018-04-24T01:00:00.0,1,430.4115556,1,37.6950364,3098.916206,0.083489762,819001.2765014851
2018-04-23T21:00:00.0,2018-04-24T02:00:00.0,2,0.0,1,0.0,0.0,0.01,0.12886473696786538
2018-04-23T22:00:00.0,2018-04-24T03:00:00.0,3,0.0,1,0.0,0.0,0.01,0.12886473696786538
2018-04-23T23:00:00.0,2018-04-24T04:00:00.0,4,0.0,1,0.0,0.0,0.01,0.12886473696786538
2018-04-24T00:00:00.0,2018-04-24T05:00:00.0,5,0.0,1,0.0,0.0,0.01,0.12886473696786538
2018-04-24T01:00:00.0,2018-04-24T06:00:00.0,6,0.0,1,0.0,0.0,0.01,0.12886473696786538
2018-04-24T02:00:00.0,2018-04-24T07:00:00.0,7,0.0,1,0.0,0.0,0.01,0.12886473696786538
2018-04-24T03:00:00.0,2018-04-24T08:00:00.0,8,0.0,1,0.0,0.0,0.01,0.12886473696786538
2018-04-24T04:00:00.0,2018-04-24T09:00:00.0,9,0.0,1,0.0,0.0,0.01,0.12886473696786538
2018-04-24T05:00:00.0,2018-04-24T10:00:00.0,10,0.0,1,0.0,0.0,0.01,0.12886473696786538
2018-04-24T06:00:00.0,2018-04-24T11:00:00.0,11,12.93520525,0,0.0,0.0,0.99,0.12886473696786538
2018-04-24T07:00:00.0,2018-04-24T12:00:00.0,12,6746.40174,0,0.0,0.0,0.99,0.12886473696786538
2018-04-24T08:00:00.0,2018-04-24T13:00:00.0,13,25784.56865,1,20892.85477,26440.20367,0.957841627,1.6882057900996804e6
2018-04-24T09:00:00.0,2018-04-24T14:00:00.0,14,36971.14983,1,35062.5591,43765.11667,0.39381198,4.785950962384224e6
2018-04-24T10:00:00.0,2018-04-24T15:00:00.0,15,39070.25322,1,30745.86787,40968.13738,0.817624141,8.089265992119074e6
2018-04-24T11:00:00.0,2018-04-24T16:00:00.0,16,39071.4321,1,33200.80833,41243.12901,0.598456777,5.086381586906195e6
2018-04-24T12:00:00.0,2018-04-24T17:00:00.0,17,39264.6914,1,34250.02839,45746.86715,0.467605099,1.2265269609496832e7
2018-04-24T13:00:00.0,2018-04-24T18:00:00.0,18,38897.48889,1,31641.26086,43466.85194,0.580334767,1.182471663743329e7
2018-04-24T14:00:00.0,2018-04-24T19:00:00.0,19,37558.16767,1,37126.0628,42521.40204,0.122935658,2.146662609677553e6
2018-04-24T15:00:00.0,2018-04-24T20:00:00.0,20,35680.1903,1,35523.99207,41594.30656,0.051063037,3.5084151406502724e6
2018-04-24T16:00:00.0,2018-04-24T21:00:00.0,21,33061.84201,1,31108.57756,43391.87385,0.247571557,1.4409267815940619e7
2018-04-24T17:00:00.0,2018-04-24T22:00:00.0,22,31454.15897,1,27471.05861,36482.46258,0.336103595,6.071942478726268e6
2018-04-24T18:00:00.0,2018-04-24T23:00:00.0,23,23172.5125,1,16897.4067,32240.85987,0.307831059,1.805977955429542e7
2018-04-24T19:00:00.0,2018-04-25T00:00:00.0,0,8606.005565,1,4804.514579,17736.08951,0.11763149,1.218177849430728e7
2018-04-24T20:00:00.0,2018-04-25T01:00:00.0,1,334.7718744,1,43.0915304,2252.456176,0.071806892,448584.71499118814
2018-04-24T21:00:00.0,2018-04-25T02:00:00.0,2,0.0,1,0.0,0.0,0.01,0.12886473696786538
2018-04-24T22:00:00.0,2018-04-25T03:00:00.0,3,0.0,1,0.0,0.0,0.01,0.12886473696786538
2018-04-24T23:00:00.0,2018-04-25T04:00:00.0,4,0.0,1,0.0,0.0,0.01,0.12886473696786538
2018-04-25T00:00:00.0,2018-04-25T05:00:00.0,5,0.0,1,0.0,0.0,0.01,0.12886473696786538
2018-04-25T01:00:00.0,2018-04-25T06:00:00.0,6,0.0,1,0.0,0.0,0.01,0.12886473696786538
2018-04-25T02:00:00.0,2018-04-25T07:00:00.0,7,0.0,1,0.0,0.0,0.01,0.12886473696786538
2018-04-25T03:00:00.0,2018-04-25T08:00:00.0,8,0.0,1,0.0,0.0,0.01,0.12886473696786538
2018-04-25T04:00:00.0,2018-04-25T09:00:00.0,9,0.0,1,0.0,0.0,0.01,0.12886473696786538
2018-04-25T05:00:00.0,2018-04-25T10:00:00.0,10,0.0,1,0.0,0.0,0.01,0.12886473696786538
2018-04-25T06:00:00.0,2018-04-25T11:00:00.0,11,4.302335417,0,0.0,0.0,0.99,0.12886473696786538
2018-04-25T07:00:00.0,2018-04-25T12:00:00.0,12,2887.656345,0,0.0,0.0,0.99,0.12886473696786538
2018-04-25T08:00:00.0,2018-04-25T13:00:00.0,13,9220.61958,1,7808.25405,18734.00322,0.179323136,8.976982737848043e6
2018-04-25T09:00:00.0,2018-04-25T14:00:00.0,14,13620.38484,0,15259.62548,28294.39121,0.0,1.1376031821587026e7
2018-04-25T10:00:00.0,2018-04-25T15:00:00.0,15,15944.23167,1,13271.48561,25864.94416,0.294117635,1.0599639695069373e7
2018-04-25T11:00:00.0,2018-04-25T16:00:00.0,16,16458.13493,1,15263.0836,28535.40677,0.157614456,1.153521729309702e7
2018-04-25T12:00:00.0,2018-04-25T17:00:00.0,17,18162.4754,1,15870.01351,24967.04994,0.33459566,7.737606315999091e6
2018-04-25T13:00:00.0,2018-04-25T18:00:00.0,18,20222.58389,1,17148.95127,25442.55867,0.481229302,5.407347418394864e6
2018-04-25T14:00:00.0,2018-04-25T19:00:00.0,19,21649.47619,1,16070.01506,26553.9458,0.481520071,9.276160645244896e6
2018-04-25T15:00:00.0,2018-04-25T20:00:00.0,20,21453.30189,1,14317.38133,26431.78851,0.567977436,1.305870189594388e7
2018-04-25T16:00:00.0,2018-04-25T21:00:00.0,21,22447.25583,1,13218.60067,34398.60196,0.572455112,3.6816252299826086e7
2018-04-25T17:00:00.0,2018-04-25T22:00:00.0,22,22595.44538,1,10450.87607,27971.53945,0.643474482,2.3895331065984428e7
2018-04-25T18:00:00.0,2018-04-25T23:00:00.0,23,18796.66411,1,7121.964655,25255.86831,0.51399437,2.5427271017766356e7
2018-04-25T19:00:00.0,2018-04-26T00:00:00.0,0,8812.637658,1,5417.237546,17130.30011,0.148728028,1.059420295450595e7
2018-04-25T20:00:00.0,2018-04-26T01:00:00.0,1,497.5747678,1,54.01204429,3089.22463,0.049842275,684473.4769756915
2018-04-25T21:00:00.0,2018-04-26T02:00:00.0,2,0.0,1,0.0,0.0,0.01,0.12886473696786538
2018-04-25T22:00:00.0,2018-04-26T03:00:00.0,3,0.0,1,0.0,0.0,0.01,0.12886473696786538
2018-04-25T23:00:00.0,2018-04-26T04:00:00.0,4,0.0,1,0.0,0.0,0.01,0.12886473696786538
2018-04-26T00:00:00.0,2018-04-26T05:00:00.0,5,0.0,1,0.0,0.0,0.01,0.12886473696786538
2018-04-26T01:00:00.0,2018-04-26T06:00:00.0,6,0.0,1,0.0,0.0,0.01,0.12886473696786538
2018-04-26T02:00:00.0,2018-04-26T07:00:00.0,7,0.0,1,0.0,0.0,0.01,0.12886473696786538
2018-04-26T03:00:00.0,2018-04-26T08:00:00.0,8,0.0,1,0.0,0.0,0.01,0.12886473696786538
2018-04-26T04:00:00.0,2018-04-26T09:00:00.0,9,0.0,1,0.0,0.0,0.01,0.12886473696786538
2018-04-26T05:00:00.0,2018-04-26T10:00:00.0,10,0.0,1,0.0,0.0,0.01,0.12886473696786538
2018-04-26T06:00:00.0,2018-04-26T11:00:00.0,11,21.60727,0,0.0,0.0,0.99,0.12886473696786538
2018-04-26T07:00:00.0,2018-04-26T12:00:00.0,12,6470.480603,0,0.0,0.0,0.99,0.12886473696786538
2018-04-26T08:00:00.0,2018-04-26T13:00:00.0,13,22733.59523,1,19760.08617,25077.01951,0.937690937,1.2039109371711016e6
2018-04-26T09:00:00.0,2018-04-26T14:00:00.0,14,34186.97043,1,26335.15408,42344.28259,0.581420752,2.079253679228449e7
2018-04-26T10:00:00.0,2018-04-26T15:00:00.0,15,37015.35167,1,29366.57977,40347.46637,0.660485956,9.967822139280796e6
2018-04-26T11:00:00.0,2018-04-26T16:00:00.0,16,38534.61855,1,32295.49811,44406.18456,0.5547214,1.155569421073246e7
2018-04-26T12:00:00.0,2018-04-26T17:00:00.0,17,38947.29481,1,31716.28509,44262.19185,0.566698084,1.0100065910514116e7
2018-04-26T13:00:00.0,2018-04-26T18:00:00.0,18,38912.84828,1,35970.3089,40344.14234,0.642803101,1.5485101073422432e6
2018-04-26T14:00:00.0,2018-04-26T19:00:00.0,19,39351.36326,1,32536.42301,46694.66671,0.441411153,1.6125323886441946e7
2018-04-26T15:00:00.0,2018-04-26T20:00:00.0,20,39001.23134,1,29846.74041,43871.04107,0.568897837,1.6226868489886045e7
2018-04-26T16:00:00.0,2018-04-26T21:00:00.0,21,38130.587,1,30902.20158,44133.41576,0.496994678,1.4890501623228073e7
2018-04-26T17:00:00.0,2018-04-26T22:00:00.0,22,34850.10447,1,32186.38518,43244.02338,0.219593191,1.1752316300388336e7
2018-04-26T18:00:00.0,2018-04-26T23:00:00.0,23,25767.07148,1,22894.09088,35611.77318,0.17406981,1.3941816420248032e7
2018-04-26T19:00:00.0,2018-04-27T00:00:00.0,0,9543.245825,1,6425.566208,19795.41175,0.181614775,1.4198123035682738e7
2018-04-26T20:00:00.0,2018-04-27T01:00:00.0,1,381.4997666,1,41.61836377,2536.885806,0.065585932,434906.4281379492
2018-04-26T21:00:00.0,2018-04-27T02:00:00.0,2,0.0,1,0.0,0.0,0.01,0.12886473696786538
2018-04-26T22:00:00.0,2018-04-27T03:00:00.0,3,0.0,1,0.0,0.0,0.01,0.12886473696786538
2018-04-26T23:00:00.0,2018-04-27T04:00:00.0,4,0.0,1,0.0,0.0,0.01,0.12886473696786538
2018-04-27T00:00:00.0,2018-04-27T05:00:00.0,5,0.0,1,0.0,0.0,0.01,0.12886473696786538
2018-04-27T01:00:00.0,2018-04-27T06:00:00.0,6,0.0,1,0.0,0.0,0.01,0.12886473696786538
2018-04-27T02:00:00.0,2018-04-27T07:00:00.0,7,0.0,1,0.0,0.0,0.01,0.12886473696786538
2018-04-27T03:00:00.0,2018-04-27T08:00:00.0,8,0.0,1,0.0,0.0,0.01,0.12886473696786538
2018-04-27T04:00:00.0,2018-04-27T09:00:00.0,9,0.0,1,0.0,0.0,0.01,0.12886473696786538
2018-04-27T05:00:00.0,2018-04-27T10:00:00.0,10,0.0,1,0.0,0.0,0.01,0.12886473696786538
2018-04-27T06:00:00.0,2018-04-27T11:00:00.0,11,27.69878008,0,0.0,0.0,0.99,0.12886473696786538
2018-04-27T07:00:00.0,2018-04-27T12:00:00.0,12,6303.162408,0,0.0,0.0,0.99,0.12886473696786538
2018-04-27T08:00:00.0,2018-04-27T13:00:00.0,13,22622.6475,1,16419.60506,24918.16854,0.896441599,5.208436837577879e6
2018-04-27T09:00:00.0,2018-04-27T14:00:00.0,14,32372.53179,1,25769.1693,39573.61629,0.564774587,1.9791139924076796e7
2018-04-27T10:00:00.0,2018-04-27T15:00:00.0,15,36181.77074,1,34397.11949,42612.81811,0.309285847,5.3556369783988e6
2018-04-27T11:00:00.0,2018-04-27T16:00:00.0,16,37537.53077,1,36878.99039,47337.09449,0.14015757,8.74703900121975e6
2018-04-27T12:00:00.0,2018-04-27T17:00:00.0,17,38223.75786,1,32753.19044,42778.38718,0.522404635,9.973703053208828e6
2018-04-27T13:00:00.0,2018-04-27T18:00:00.0,18,38044.55961,1,29381.82184,41589.00657,0.639769489,1.2267589313863754e7
2018-04-27T14:00:00.0,2018-04-27T19:00:00.0,19,37684.78728,1,31498.5141,40744.63078,0.587460795,7.720385502854347e6
2018-04-27T15:00:00.0,2018-04-27T20:00:00.0,20,36304.96886,1,27386.29538,39498.44157,0.644966031,1.1161816441969633e7
2018-04-27T16:00:00.0,2018-04-27T21:00:00.0,21,35100.1327,1,24596.70618,44982.16841,0.492743256,4.048696772379851e7
2018-04-27T17:00:00.0,2018-04-27T22:00:00.0,22,32522.32257,1,20407.05655,41039.6256,0.537586457,3.6028938027299166e7
2018-04-27T18:00:00.0,2018-04-27T23:00:00.0,23,24823.09332,1,17219.58023,29907.4973,0.348499022,1.0518360763121247e7
2018-04-27T19:00:00.0,2018-04-28T00:00:00.0,0,9648.944032,1,6675.554671,17916.4037,0.109558574,9.01309774824825e6
2018-04-27T20:00:00.0,2018-04-28T01:00:00.0,1,422.4884283,1,90.37503436,2742.901444,0.07725841,530707.5193065694
2018-04-27T21:00:00.0,2018-04-28T02:00:00.0,2,0.0,1,0.0,0.0,0.01,0.12886473696786538
2018-04-27T22:00:00.0,2018-04-28T03:00:00.0,3,0.0,1,0.0,0.0,0.01,0.12886473696786538
2018-04-27T23:00:00.0,2018-04-28T04:00:00.0,4,0.0,1,0.0,0.0,0.01,0.12886473696786538
2018-04-28T00:00:00.0,2018-04-28T05:00:00.0,5,0.0,1,0.0,0.0,0.01,0.12886473696786538
2018-04-28T01:00:00.0,2018-04-28T06:00:00.0,6,0.0,1,0.0,0.0,0.01,0.12886473696786538
2018-04-28T02:00:00.0,2018-04-28T07:00:00.0,7,0.0,1,0.0,0.0,0.01,0.12886473696786538
2018-04-28T03:00:00.0,2018-04-28T08:00:00.0,8,0.0,1,0.0,0.0,0.01,0.12886473696786538
2018-04-28T04:00:00.0,2018-04-28T09:00:00.0,9,0.0,1,0.0,0.0,0.01,0.12886473696786538
2018-04-28T05:00:00.0,2018-04-28T10:00:00.0,10,0.0,1,0.0,0.0,0.01,0.12886473696786538
2018-04-28T06:00:00.0,2018-04-28T11:00:00.0,11,36.62704283,0,0.0,0.0,0.99,0.12886473696786538
2018-04-28T07:00:00.0,2018-04-28T12:00:00.0,12,6518.777737,0,0.0,0.0,0.99,0.12886473696786538
2018-04-28T08:00:00.0,2018-04-28T13:00:00.0,13,24504.02997,1,17171.62564,28226.57031,0.888677195,7.763749107150495e6
2018-04-28T09:00:00.0,2018-04-28T14:00:00.0,14,36071.95215,1,24907.41523,36599.56667,0.937195837,1.0906949898376942e7
2018-04-28T10:00:00.0,2018-04-28T15:00:00.0,15,38769.5091,1,27898.06628,38776.21386,0.988119719,8.708286825752735e6
2018-04-28T11:00:00.0,2018-04-28T16:00:00.0,16,39197.49464,1,30347.12871,41075.19087,0.784139962,9.965570989320517e6
2018-04-28T12:00:00.0,2018-04-28T17:00:00.0,17,39208.32003,1,34944.88338,44486.78061,0.376967072,9.153213414175272e6
2018-04-28T13:00:00.0,2018-04-28T18:00:00.0,18,39064.3552,1,34793.86336,44668.70212,0.377445435,9.295136905282736e6
2018-04-28T14:00:00.0,2018-04-28T19:00:00.0,19,38793.38873,1,32418.95796,45729.16352,0.497516285,1.5359379493359804e7
2018-04-28T15:00:00.0,2018-04-28T20:00:00.0,20,38284.56137,1,29586.86644,39961.8294,0.800397204,8.830739791020155e6
2018-04-28T16:00:00.0,2018-04-28T21:00:00.0,21,38212.0745,1,29392.27092,44177.76389,0.562961928,2.067731538218355e7
2018-04-28T17:00:00.0,2018-04-28T22:00:00.0,22,37212.97449,1,26264.01923,43542.09093,0.570551833,2.2697061669941425e7
2018-04-28T18:00:00.0,2018-04-28T23:00:00.0,23,29794.29056,1,16724.13157,39763.5688,0.397206364,4.181721792577088e7
2018-04-28T19:00:00.0,2018-04-29T00:00:00.0,0,11983.66562,1,8260.202128,24122.03854,0.139914245,2.2279033522923827e7
2018-04-28T20:00:00.0,2018-04-29T01:00:00.0,1,551.8371833,1,174.8468855,3160.364566,0.057131994,770386.546509963
2018-04-28T21:00:00.0,2018-04-29T02:00:00.0,2,0.0,1,0.0,0.0,0.01,0.12886473696786538
2018-04-28T22:00:00.0,2018-04-29T03:00:00.0,3,0.0,1,0.0,0.0,0.01,0.12886473696786538
2018-04-28T23:00:00.0,2018-04-29T04:00:00.0,4,0.0,1,0.0,0.0,0.01,0.12886473696786538
2018-04-29T00:00:00.0,2018-04-29T05:00:00.0,5,0.0,1,0.0,0.0,0.01,0.12886473696786538
2018-04-29T01:00:00.0,2018-04-29T06:00:00.0,6,0.0,1,0.0,0.0,0.01,0.12886473696786538
2018-04-29T02:00:00.0,2018-04-29T07:00:00.0,7,0.0,1,0.0,0.0,0.01,0.12886473696786538
2018-04-29T03:00:00.0,2018-04-29T08:00:00.0,8,0.0,1,0.0,0.0,0.01,0.12886473696786538
2018-04-29T04:00:00.0,2018-04-29T09:00:00.0,9,0.0,1,0.0,0.0,0.01,0.12886473696786538
2018-04-29T05:00:00.0,2018-04-29T10:00:00.0,10,0.0,1,0.0,0.0,0.01,0.12886473696786538
2018-04-29T06:00:00.0,2018-04-29T11:00:00.0,11,47.58569742,0,0.0,0.0,0.99,0.12886473696786538
2018-04-29T07:00:00.0,2018-04-29T12:00:00.0,12,6845.52804,0,0.0,0.0,0.99,0.12886473696786538
2018-04-29T08:00:00.0,2018-04-29T13:00:00.0,13,24208.23632,1,18940.76413,28742.7475,0.855682178,5.6385059372083545e6
2018-04-29T09:00:00.0,2018-04-29T14:00:00.0,14,35045.64627,1,29792.32886,38913.76162,0.763582796,6.598103624446869e6
2018-04-29T10:00:00.0,2018-04-29T15:00:00.0,15,37649.15602,1,27748.31841,41315.72471,0.651661631,1.7538580655198574e7
2018-04-29T11:00:00.0,2018-04-29T16:00:00.0,16,37625.41754,1,32456.09109,46611.60515,0.396866925,1.617314696730876e7
2018-04-29T12:00:00.0,2018-04-29T17:00:00.0,17,37578.71222,1,31739.1492,45371.55155,0.418987817,1.6134723426548004e7
2018-04-29T13:00:00.0,2018-04-29T18:00:00.0,18,37840.2559,1,28887.51644,45347.79948,0.554067533,1.851567547764182e7
2018-04-29T14:00:00.0,2018-04-29T19:00:00.0,19,37600.29611,1,31051.64419,41433.7758,0.513467894,8.644265339637041e6
2018-04-29T15:00:00.0,2018-04-29T20:00:00.0,20,35425.65379,1,29820.74711,42662.72127,0.477042626,1.4248264803464651e7
2018-04-29T16:00:00.0,2018-04-29T21:00:00.0,21,32194.6887,1,23974.3588,39249.4985,0.438547624,2.0182324319185615e7
2018-04-29T17:00:00.0,2018-04-29T22:00:00.0,22,27540.43823,1,17112.48609,36903.11142,0.456142407,3.663100534430885e7
2018-04-29T18:00:00.0,2018-04-29T23:00:00.0,23,21216.27321,1,10085.8187,29094.95068,0.434428208,3.544240412658137e7
2018-04-29T19:00:00.0,2018-04-30T00:00:00.0,0,7433.314245,1,3746.445475,15357.89696,0.193812228,1.1567698991727367e7
2018-04-29T20:00:00.0,2018-04-30T01:00:00.0,1,291.2641781,1,62.93224025,1704.137201,0.060573549,202861.08043236728
2018-04-29T21:00:00.0,2018-04-30T02:00:00.0,2,0.0,1,0.0,0.0,0.01,0.12886473696786538
2018-04-29T22:00:00.0,2018-04-30T03:00:00.0,3,0.0,1,0.0,0.0,0.01,0.12886473696786538
2018-04-29T23:00:00.0,2018-04-30T04:00:00.0,4,0.0,1,0.0,0.0,0.01,0.12886473696786538
2018-04-30T00:00:00.0,2018-04-30T05:00:00.0,5,0.0,1,0.0,0.0,0.01,0.12886473696786538
2018-04-30T01:00:00.0,2018-04-30T06:00:00.0,6,0.0,1,0.0,0.0,0.01,0.12886473696786538
2018-04-30T02:00:00.0,2018-04-30T07:00:00.0,7,0.0,1,0.0,0.0,0.01,0.12886473696786538
2018-04-30T03:00:00.0,2018-04-30T08:00:00.0,8,0.0,1,0.0,0.0,0.01,0.12886473696786538
2018-04-30T04:00:00.0,2018-04-30T09:00:00.0,9,0.0,1,0.0,0.0,0.01,0.12886473696786538
2018-04-30T05:00:00.0,2018-04-30T10:00:00.0,10,0.0,1,0.0,0.0,0.01,0.12886473696786538
2018-04-30T06:00:00.0,2018-04-30T11:00:00.0,11,57.50838,0,0.0,0.0,0.99,0.12886473696786538
2018-04-30T07:00:00.0,2018-04-30T12:00:00.0,12,5094.290682,0,0.0,0.0,0.99,0.12886473696786538
2018-04-30T08:00:00.0,2018-04-30T13:00:00.0,13,14594.62953,1,9898.695791,20612.24107,0.67552434,9.448393650038242e6
2018-04-30T09:00:00.0,2018-04-30T14:00:00.0,14,23093.11277,1,14816.98409,28581.92029,0.701396124,1.6434324813569963e7
2018-04-30T10:00:00.0,2018-04-30T15:00:00.0,15,26065.33301,1,17486.78666,29917.50601,0.614634083,1.3778093168160439e7
2018-04-30T11:00:00.0,2018-04-30T16:00:00.0,16,28093.51537,1,17519.40669,34351.7704,0.509928199,2.7503121774513245e7
2018-04-30T12:00:00.0,2018-04-30T17:00:00.0,17,30522.46742,1,18607.06117,36816.52308,0.605018467,2.95239371909132e7
2018-04-30T13:00:00.0,2018-04-30T18:00:00.0,18,30508.94351,1,18813.34121,33519.37026,0.698199075,1.99416632651608e7
2018-04-30T14:00:00.0,2018-04-30T19:00:00.0,19,30614.74948,1,19503.32544,32603.60988,0.78765558,1.4135124107669711e7
2018-04-30T15:00:00.0,2018-04-30T20:00:00.0,20,29132.28883,1,17226.85223,35672.37587,0.666172926,2.8531703688275576e7
2018-04-30T16:00:00.0,2018-04-30T21:00:00.0,21,25460.69054,1,14311.6896,32819.68072,0.60487505,3.284502487025118e7
2018-04-30T17:00:00.0,2018-04-30T22:00:00.0,22,21295.05142,1,10257.53932,31863.94801,0.573264982,3.734055930066097e7
2018-04-30T18:00:00.0,2018-04-30T23:00:00.0,23,16344.98038,1,6094.001173,20128.2567,0.604279522,1.2987971674443632e7
2018-04-30T19:00:00.0,2018-05-01T00:00:00.0,0,7990.162829,1,2971.735351,16180.83051,0.269942412,1.4540635095193148e7
2018-04-30T20:00:00.0,2018-05-01T01:00:00.0,1,505.7213103,1,43.23301821,2864.900446,0.05418156,528283.9451170214
2018-04-30T21:00:00.0,2018-05-01T02:00:00.0,2,0.0,1,0.0,0.0,0.01,0.12886473696786538
2018-04-30T22:00:00.0,2018-05-01T03:00:00.0,3,0.0,1,0.0,0.0,0.01,0.12886473696786538
2018-04-30T23:00:00.0,2018-05-01T04:00:00.0,4,0.0,1,0.0,0.0,0.01,0.12886473696786538
2018-05-01T00:00:00.0,2018-05-01T05:00:00.0,5,0.0,1,0.0,0.0,0.01,0.12886473696786538
2018-05-01T01:00:00.0,2018-05-01T06:00:00.0,6,0.0,1,0.0,0.0,0.01,0.12886473696786538
2018-05-01T02:00:00.0,2018-05-01T07:00:00.0,7,0.0,1,0.0,0.0,0.01,0.12886473696786538
2018-05-01T03:00:00.0,2018-05-01T08:00:00.0,8,0.0,1,0.0,0.0,0.01,0.12886473696786538
2018-05-01T04:00:00.0,2018-05-01T09:00:00.0,9,0.0,1,0.0,0.0,0.01,0.12886473696786538
2018-05-01T05:00:00.0,2018-05-01T10:00:00.0,10,0.0,1,0.0,0.0,0.01,0.12886473696786538
2018-05-01T06:00:00.0,2018-05-01T11:00:00.0,11,20.13779563,0,0.0,0.0,0.99,0.12886473696786538
2018-05-01T07:00:00.0,2018-05-01T12:00:00.0,12,3802.580765,0,0.0,0.0,0.99,0.12886473696786538
2018-05-01T08:00:00.0,2018-05-01T13:00:00.0,13,11676.8117,1,4867.719841,11724.93712,0.988159882,3.3865150496794134e6
2018-05-01T09:00:00.0,2018-05-01T14:00:00.0,14,15875.68089,1,9221.296643,21016.16559,0.585348926,1.2946451340534478e7
2018-05-01T10:00:00.0,2018-05-01T15:00:00.0,15,19540.71088,1,15679.71064,26972.20662,0.518189814,9.395219471425593e6
2018-05-01T11:00:00.0,2018-05-01T16:00:00.0,16,22793.06045,1,16893.38616,31418.26919,0.443023959,1.2468596085490823e7
2018-05-01T12:00:00.0,2018-05-01T17:00:00.0,17,24327.30177,1,20855.77556,27552.1678,0.567710503,3.6818394429194927e6
2018-05-01T13:00:00.0,2018-05-01T18:00:00.0,18,24934.06931,1,23720.47616,35275.65713,0.159270628,8.24884313672924e6
2018-05-01T14:00:00.0,2018-05-01T19:00:00.0,19,24604.66465,1,21487.27124,34905.03888,0.268718371,1.3972951210254908e7
2018-05-01T15:00:00.0,2018-05-01T20:00:00.0,20,22890.09762,1,20655.74531,35675.52089,0.254287045,1.7714264061075926e7
2018-05-01T16:00:00.0,2018-05-01T21:00:00.0,21,19335.17477,0,23522.89869,34738.00252,0.0,9.17769162119174e6
2018-05-01T17:00:00.0,2018-05-01T22:00:00.0,22,17983.48623,0,19365.9298,30332.44812,0.0,9.690637236897588e6
2018-05-01T18:00:00.0,2018-05-01T23:00:00.0,23,15899.0902,1,13250.99221,21253.49625,0.307624128,5.744041210923791e6
2018-05-01T19:00:00.0,2018-05-02T00:00:00.0,0,7029.814648,1,4298.331449,12885.92183,0.258903403,7.074974519563496e6
2018-05-01T20:00:00.0,2018-05-02T01:00:00.0,1,482.5846869,1,24.71709119,2627.656214,0.104387299,509259.1767555708
2018-05-01T21:00:00.0,2018-05-02T02:00:00.0,2,0.0,1,0.0,0.0,0.01,0.12886473696786538
2018-05-01T22:00:00.0,2018-05-02T03:00:00.0,3,0.0,1,0.0,0.0,0.01,0.12886473696786538
2018-05-01T23:00:00.0,2018-05-02T04:00:00.0,4,0.0,1,0.0,0.0,0.01,0.12886473696786538
2018-05-02T00:00:00.0,2018-05-02T05:00:00.0,5,0.0,1,0.0,0.0,0.01,0.12886473696786538
2018-05-02T01:00:00.0,2018-05-02T06:00:00.0,6,0.0,1,0.0,0.0,0.01,0.12886473696786538
2018-05-02T02:00:00.0,2018-05-02T07:00:00.0,7,0.0,1,0.0,0.0,0.01,0.12886473696786538
2018-05-02T03:00:00.0,2018-05-02T08:00:00.0,8,0.0,1,0.0,0.0,0.01,0.12886473696786538
2018-05-02T04:00:00.0,2018-05-02T09:00:00.0,9,0.0,1,0.0,0.0,0.01,0.12886473696786538
2018-05-02T05:00:00.0,2018-05-02T10:00:00.0,10,0.0,1,0.0,0.0,0.01,0.12886473696786538
2018-05-02T06:00:00.0,2018-05-02T11:00:00.0,11,15.19620142,0,0.0,0.0,0.99,0.12886473696786538
2018-05-02T07:00:00.0,2018-05-02T12:00:00.0,12,4274.303158,0,1676.188324,3347.971713,1.0,196400.52819206007
2018-05-02T08:00:00.0,2018-05-02T13:00:00.0,13,12232.06754,1,9296.466168,18215.05566,0.553586986,5.2111697111234665e6
2018-05-02T09:00:00.0,2018-05-02T14:00:00.0,14,21008.21283,1,16559.15307,28717.63799,0.545064222,1.2798862677903593e7
2018-05-02T10:00:00.0,2018-05-02T15:00:00.0,15,25657.87684,1,23489.32772,34374.64438,0.28118712,8.809370077462673e6
2018-05-02T11:00:00.0,2018-05-02T16:00:00.0,16,28652.54738,1,25276.59071,31479.93463,0.595571939,3.3508401440827847e6
2018-05-02T12:00:00.0,2018-05-02T17:00:00.0,17,30181.48133,1,27750.27064,32663.02878,0.580418802,2.034527196484685e6
2018-05-02T13:00:00.0,2018-05-02T18:00:00.0,18,30727.50765,1,23410.5066,38874.16741,0.460383627,2.1626697637479782e7
2018-05-02T14:00:00.0,2018-05-02T19:00:00.0,19,28720.10015,1,24095.79213,41444.14127,0.279080144,3.192846217708862e7
2018-05-02T15:00:00.0,2018-05-02T20:00:00.0,20,23898.63314,1,22926.02747,36012.82564,0.137906778,1.4713133290339112e7
2018-05-02T16:00:00.0,2018-05-02T21:00:00.0,21,19463.53971,0,20025.18075,35876.74121,0.0,1.7340630703501105e7
2018-05-02T17:00:00.0,2018-05-02T22:00:00.0,22,17490.40788,1,13808.15218,31546.48509,0.344963561,2.7208749026973784e7
2018-05-02T18:00:00.0,2018-05-02T23:00:00.0,23,13902.79358,1,9215.010509,21958.76748,0.3880484,1.171953840835762e7
2018-05-02T19:00:00.0,2018-05-03T00:00:00.0,0,5302.039007,1,2964.806219,11620.93572,0.099658394,5.024219726002529e6
2018-05-02T20:00:00.0,2018-05-03T01:00:00.0,1,268.3272558,1,3.514210489,1627.634632,0.107603373,262081.58568996855
2018-05-02T21:00:00.0,2018-05-03T02:00:00.0,2,0.0,1,0.0,0.0,0.01,0.12886473696786538
2018-05-02T22:00:00.0,2018-05-03T03:00:00.0,3,0.0,1,0.0,0.0,0.01,0.12886473696786538
2018-05-02T23:00:00.0,2018-05-03T04:00:00.0,4,0.0,1,0.0,0.0,0.01,0.12886473696786538
2018-05-03T00:00:00.0,2018-05-03T05:00:00.0,5,0.0,1,0.0,0.0,0.01,0.12886473696786538
2018-05-03T01:00:00.0,2018-05-03T06:00:00.0,6,0.0,1,0.0,0.0,0.01,0.12886473696786538
2018-05-03T02:00:00.0,2018-05-03T07:00:00.0,7,0.0,1,0.0,0.0,0.01,0.12886473696786538
2018-05-03T03:00:00.0,2018-05-03T08:00:00.0,8,0.0,1,0.0,0.0,0.01,0.12886473696786538
2018-05-03T04:00:00.0,2018-05-03T09:00:00.0,9,0.0,1,0.0,0.0,0.01,0.12886473696786538
2018-05-03T05:00:00.0,2018-05-03T10:00:00.0,10,0.0,1,0.0,0.0,0.01,0.12886473696786538
2018-05-03T06:00:00.0,2018-05-03T11:00:00.0,11,15.46483242,0,0.0,0.0,0.99,0.12886473696786538
2018-05-03T07:00:00.0,2018-05-03T12:00:00.0,12,4602.854968,0,1986.442216,3934.471641,1.0,218745.5273063723
2018-05-03T08:00:00.0,2018-05-03T13:00:00.0,13,16951.11399,1,10629.92946,20532.86937,0.797618646,8.754525300316066e6
2018-05-03T09:00:00.0,2018-05-03T14:00:00.0,14,24872.70053,1,18525.67657,30628.64966,0.620314937,1.2437854799618483e7
2018-05-03T10:00:00.0,2018-05-03T15:00:00.0,15,27202.23267,1,21440.16737,37474.87147,0.41851137,2.4149265877977014e7
2018-05-03T11:00:00.0,2018-05-03T16:00:00.0,16,29616.43265,1,24404.30195,39634.04108,0.435713534,1.834727652378118e7
2018-05-03T12:00:00.0,2018-05-03T17:00:00.0,17,30449.8695,1,24931.24258,37461.90554,0.52439127,1.2329852304002047e7
2018-05-03T13:00:00.0,2018-05-03T18:00:00.0,18,30781.18053,1,28658.28186,40691.73631,0.29929135,1.021508482595706e7
2018-05-03T14:00:00.0,2018-05-03T19:00:00.0,19,30906.29359,1,26940.17737,36183.44843,0.413437483,7.550172033007145e6
2018-05-03T15:00:00.0,2018-05-03T20:00:00.0,20,30995.84277,1,24054.99185,35637.32609,0.651629972,1.2033409071887612e7
2018-05-03T16:00:00.0,2018-05-03T21:00:00.0,21,30692.91023,1,23947.87719,35949.07092,0.559258235,1.3078190172096133e7
2018-05-03T17:00:00.0,2018-05-03T22:00:00.0,22,27876.52703,1,19574.6212,33345.96632,0.549919108,1.639421369165051e7
2018-05-03T18:00:00.0,2018-05-03T23:00:00.0,23,20280.52033,1,13159.22356,27585.12601,0.347388984,1.531536021928215e7
2018-05-03T19:00:00.0,2018-05-04T00:00:00.0,0,7323.867188,1,5186.355331,14973.32942,0.157793069,8.545822384737238e6
2018-05-03T20:00:00.0,2018-05-04T01:00:00.0,1,337.0177418,1,121.4482294,1689.452363,0.0663734,179215.5926135732
2018-05-03T21:00:00.0,2018-05-04T02:00:00.0,2,0.0,1,0.0,0.0,0.01,0.12886473696786538
2018-05-03T22:00:00.0,2018-05-04T03:00:00.0,3,0.0,1,0.0,0.0,0.01,0.12886473696786538
2018-05-03T23:00:00.0,2018-05-04T04:00:00.0,4,0.0,1,0.0,0.0,0.01,0.12886473696786538
2018-05-04T00:00:00.0,2018-05-04T05:00:00.0,5,0.0,1,0.0,0.0,0.01,0.12886473696786538
2018-05-04T01:00:00.0,2018-05-04T06:00:00.0,6,0.0,1,0.0,0.0,0.01,0.12886473696786538
2018-05-04T02:00:00.0,2018-05-04T07:00:00.0,7,0.0,1,0.0,0.0,0.01,0.12886473696786538
2018-05-04T03:00:00.0,2018-05-04T08:00:00.0,8,0.0,1,0.0,0.0,0.01,0.12886473696786538
2018-05-04T04:00:00.0,2018-05-04T09:00:00.0,9,0.0,1,0.0,0.0,0.01,0.12886473696786538
2018-05-04T05:00:00.0,2018-05-04T10:00:00.0,10,0.0,1,0.0,0.0,0.01,0.12886473696786538
2018-05-04T06:00:00.0,2018-05-04T11:00:00.0,11,2.508049583,0,0.0,0.0,0.99,0.12886473696786538
2018-05-04T07:00:00.0,2018-05-04T12:00:00.0,12,1587.514504,1,1158.303947,2562.938207,0.541629723,128609.05743902083
2018-05-04T08:00:00.0,2018-05-04T13:00:00.0,13,6242.761611,1,5920.414142,12410.59944,0.095311931,2.644835602889776e6
2018-05-04T09:00:00.0,2018-05-04T14:00:00.0,14,13153.65572,1,10035.72377,19776.26525,0.488512164,6.59547007154876e6
2018-05-04T10:00:00.0,2018-05-04T15:00:00.0,15,18973.81845,1,15918.72315,27667.07365,0.411087347,1.0619489492525637e7
2018-05-04T11:00:00.0,2018-05-04T16:00:00.0,16,21797.32877,1,16365.52016,28229.33463,0.414155084,1.138475988605076e7
2018-05-04T12:00:00.0,2018-05-04T17:00:00.0,17,23069.11204,1,17713.4949,32110.283,0.381069458,1.7193942804641247e7
2018-05-04T13:00:00.0,2018-05-04T18:00:00.0,18,25289.63194,1,21527.80168,33711.00934,0.402652984,1.3685653647981882e7
2018-05-04T14:00:00.0,2018-05-04T19:00:00.0,19,26851.19508,1,19553.57505,32029.34476,0.54721509,1.3112969836799383e7
2018-05-04T15:00:00.0,2018-05-04T20:00:00.0,20,26888.358,1,21804.9826,29415.15055,0.599635286,4.719695085504055e6
2018-05-04T16:00:00.0,2018-05-04T21:00:00.0,21,26816.11648,1,22460.8656,33803.21521,0.325758641,1.0770141642457485e7
2018-05-04T17:00:00.0,2018-05-04T22:00:00.0,22,26164.49886,1,20744.79989,31452.35351,0.487294643,1.139191810837555e7
2018-05-04T18:00:00.0,2018-05-04T23:00:00.0,23,22758.84551,1,15464.49388,28663.71222,0.458721125,1.3495317448074818e7
2018-05-04T19:00:00.0,2018-05-05T00:00:00.0,0,10669.14565,1,5272.178189,19845.23029,0.330647022,2.080027197268939e7
2018-05-04T20:00:00.0,2018-05-05T01:00:00.0,1,860.3585181,1,37.98191589,4287.965533,0.096076659,1.3636636817874592e6
2018-05-04T21:00:00.0,2018-05-05T02:00:00.0,2,0.0,1,0.0,0.0,0.01,0.12886473696786538
2018-05-04T22:00:00.0,2018-05-05T03:00:00.0,3,0.0,1,0.0,0.0,0.01,0.12886473696786538
2018-05-04T23:00:00.0,2018-05-05T04:00:00.0,4,0.0,1,0.0,0.0,0.01,0.12886473696786538
2018-05-05T00:00:00.0,2018-05-05T05:00:00.0,5,0.0,1,0.0,0.0,0.01,0.12886473696786538
2018-05-05T01:00:00.0,2018-05-05T06:00:00.0,6,0.0,1,0.0,0.0,0.01,0.12886473696786538
2018-05-05T02:00:00.0,2018-05-05T07:00:00.0,7,0.0,1,0.0,0.0,0.01,0.12886473696786538
2018-05-05T03:00:00.0,2018-05-05T08:00:00.0,8,0.0,1,0.0,0.0,0.01,0.12886473696786538
2018-05-05T04:00:00.0,2018-05-05T09:00:00.0,9,0.0,1,0.0,0.0,0.01,0.12886473696786538
2018-05-05T05:00:00.0,2018-05-05T10:00:00.0,10,0.0,1,0.0,0.0,0.01,0.12886473696786538
2018-05-05T06:00:00.0,2018-05-05T11:00:00.0,11,120.2887585,0,0.0,0.0,0.99,0.12886473696786538
2018-05-05T07:00:00.0,2018-05-05T12:00:00.0,12,8028.001548,0,4752.996375,5407.602442,1.0,30084.656959585845
2018-05-05T08:00:00.0,2018-05-05T13:00:00.0,13,24608.48578,1,19266.95635,24629.34734,0.987971276,2.0181779411068559e6
2018-05-05T09:00:00.0,2018-05-05T14:00:00.0,14,33435.91556,1,25065.44924,36699.30059,0.724279848,1.1236588701661825e7
2018-05-05T10:00:00.0,2018-05-05T15:00:00.0,15,36752.13365,1,30609.66611,42629.61365,0.616175356,1.3212795435645342e7
2018-05-05T11:00:00.0,2018-05-05T16:00:00.0,16,38505.98232,1,31255.46187,44845.04877,0.565810895,1.5489507226725817e7
2018-05-05T12:00:00.0,2018-05-05T17:00:00.0,17,38910.66004,1,31552.9338,40898.64138,0.667968469,6.445889473719835e6
2018-05-05T13:00:00.0,2018-05-05T18:00:00.0,18,38941.9587,1,32254.83422,43081.16186,0.561254473,1.0508712112673283e7
2018-05-05T14:00:00.0,2018-05-05T19:00:00.0,19,38817.8764,1,32609.94801,40510.76804,0.724566517,5.646295391638517e6
2018-05-05T15:00:00.0,2018-05-05T20:00:00.0,20,38931.39386,1,28035.65771,43471.15869,0.649360347,2.2229793072921038e7
2018-05-05T16:00:00.0,2018-05-05T21:00:00.0,21,39163.69942,1,26981.79715,40561.00908,0.91290315,1.191261200063324e7
2018-05-05T17:00:00.0,2018-05-05T22:00:00.0,22,37677.01788,1,25419.94238,43980.28961,0.542933733,3.2984803963768244e7
2018-05-05T18:00:00.0,2018-05-05T23:00:00.0,23,30965.75664,1,21370.09134,38066.51102,0.446881923,2.2036600720995665e7
2018-05-05T19:00:00.0,2018-05-06T00:00:00.0,0,13286.01211,1,9610.841535,24067.69627,0.158490783,1.973154916455823e7
2018-05-05T20:00:00.0,2018-05-06T01:00:00.0,1,903.9576354,1,132.3678527,4621.361808,0.034822697,1.4895011181432232e6
2018-05-05T21:00:00.0,2018-05-06T02:00:00.0,2,0.0,1,0.0,0.0,0.01,0.12886473696786538
2018-05-05T22:00:00.0,2018-05-06T03:00:00.0,3,0.0,1,0.0,0.0,0.01,0.12886473696786538
2018-05-05T23:00:00.0,2018-05-06T04:00:00.0,4,0.0,1,0.0,0.0,0.01,0.12886473696786538
2018-05-06T00:00:00.0,2018-05-06T05:00:00.0,5,0.0,1,0.0,0.0,0.01,0.12886473696786538
2018-05-06T01:00:00.0,2018-05-06T06:00:00.0,6,0.0,1,0.0,0.0,0.01,0.12886473696786538
2018-05-06T02:00:00.0,2018-05-06T07:00:00.0,7,0.0,1,0.0,0.0,0.01,0.12886473696786538
2018-05-06T03:00:00.0,2018-05-06T08:00:00.0,8,0.0,1,0.0,0.0,0.01,0.12886473696786538
2018-05-06T04:00:00.0,2018-05-06T09:00:00.0,9,0.0,1,0.0,0.0,0.01,0.12886473696786538
2018-05-06T05:00:00.0,2018-05-06T10:00:00.0,10,0.0,1,0.0,0.0,0.01,0.12886473696786538
2018-05-06T06:00:00.0,2018-05-06T11:00:00.0,11,175.0235568,0,0.0,0.0,0.99,0.12886473696786538
2018-05-06T07:00:00.0,2018-05-06T12:00:00.0,12,9928.710779,0,7125.076354,7596.276331,1.0,13960.407762467861
2018-05-06T08:00:00.0,2018-05-06T13:00:00.0,13,29827.09747,1,21196.00472,32316.64121,0.882331625,1.0593091896085858e7
2018-05-06T09:00:00.0,2018-05-06T14:00:00.0,14,38747.5165,0,31231.33643,37680.67867,1.0,3.7677342720885277e6
2018-05-06T10:00:00.0,2018-05-06T15:00:00.0,15,39937.91037,1,31353.44248,43365.47501,0.68008641,1.3892743638413906e7
2018-05-06T11:00:00.0,2018-05-06T16:00:00.0,16,40037.97787,1,34171.21514,40724.93132,0.831795552,3.631974395501375e6
2018-05-06T12:00:00.0,2018-05-06T17:00:00.0,17,40005.37392,1,38162.83709,46759.43437,0.27699057,6.496032452020645e6
2018-05-06T13:00:00.0,2018-05-06T18:00:00.0,18,39827.11249,1,38389.36178,43323.47629,0.317652994,1.8845177494442463e6
2018-05-06T14:00:00.0,2018-05-06T19:00:00.0,19,39631.62092,1,37749.82142,42219.96924,0.426249232,1.6685861402168274e6
2018-05-06T15:00:00.0,2018-05-06T20:00:00.0,20,39274.85708,1,36713.07984,43433.97533,0.447638456,3.726824940224886e6
2018-05-06T16:00:00.0,2018-05-06T21:00:00.0,21,39174.01417,1,35525.78032,42659.25262,0.499588623,5.261601797560453e6
2018-05-06T17:00:00.0,2018-05-06T22:00:00.0,22,36664.03256,1,29636.877,39953.9116,0.568534914,6.940444370071888e6
2018-05-06T18:00:00.0,2018-05-06T23:00:00.0,23,29065.92043,1,24468.9321,39410.285,0.257661089,2.129815662700939e7
2018-05-06T19:00:00.0,2018-05-07T00:00:00.0,0,12849.55183,1,10675.19032,21662.59719,0.066747131,7.878033611406863e6
2018-05-06T20:00:00.0,2018-05-07T01:00:00.0,1,865.6242401,1,79.70203625,4072.649867,0.070703078,1.1186703085832167e6
2018-05-06T21:00:00.0,2018-05-07T02:00:00.0,2,0.0,1,0.0,0.0,0.01,0.12886473696786538
2018-05-06T22:00:00.0,2018-05-07T03:00:00.0,3,0.0,1,0.0,0.0,0.01,0.12886473696786538
2018-05-06T23:00:00.0,2018-05-07T04:00:00.0,4,0.0,1,0.0,0.0,0.01,0.12886473696786538
2018-05-07T00:00:00.0,2018-05-07T05:00:00.0,5,0.0,1,0.0,0.0,0.01,0.12886473696786538
2018-05-07T01:00:00.0,2018-05-07T06:00:00.0,6,0.0,1,0.0,0.0,0.01,0.12886473696786538
2018-05-07T02:00:00.0,2018-05-07T07:00:00.0,7,0.0,1,0.0,0.0,0.01,0.12886473696786538
2018-05-07T03:00:00.0,2018-05-07T08:00:00.0,8,0.0,1,0.0,0.0,0.01,0.12886473696786538
2018-05-07T04:00:00.0,2018-05-07T09:00:00.0,9,0.0,1,0.0,0.0,0.01,0.12886473696786538
2018-05-07T05:00:00.0,2018-05-07T10:00:00.0,10,0.0,1,0.0,0.0,0.01,0.12886473696786538
2018-05-07T06:00:00.0,2018-05-07T11:00:00.0,11,159.321342,0,0.0,0.0,0.99,0.12886473696786538
2018-05-07T07:00:00.0,2018-05-07T12:00:00.0,12,9081.294226,0,6526.859251,7714.193447,1.0,74351.03082674742
2018-05-07T08:00:00.0,2018-05-07T13:00:00.0,13,27840.00788,1,22610.90451,32680.90079,0.749695135,8.184461622278929e6
2018-05-07T09:00:00.0,2018-05-07T14:00:00.0,14,37050.97188,1,29373.66276,44080.98557,0.633949011,1.9965241774655104e7
2018-05-07T10:00:00.0,2018-05-07T15:00:00.0,15,38699.88997,1,36795.2124,42838.11996,0.387650471,3.1162485824451447e6
2018-05-07T11:00:00.0,2018-05-07T16:00:00.0,16,39203.19012,1,31208.28255,46749.47448,0.549603214,1.5483671658550024e7
2018-05-07T12:00:00.0,2018-05-07T17:00:00.0,17,39355.5059,1,34933.47164,45125.89547,0.38811646,7.100160498689413e6
2018-05-07T13:00:00.0,2018-05-07T18:00:00.0,18,39461.50578,1,35357.5778,39933.17885,0.878176331,1.8793899958837032e6
2018-05-07T14:00:00.0,2018-05-07T19:00:00.0,19,39239.8782,1,35177.31685,45233.52076,0.516996692,8.327516493615866e6
2018-05-07T15:00:00.0,2018-05-07T20:00:00.0,20,38900.1702,1,36863.49506,42885.03076,0.348054439,3.2368371738140583e6
2018-05-07T16:00:00.0,2018-05-07T21:00:00.0,21,37879.9538,1,33325.81419,46081.11321,0.392932953,1.1843989848727703e7
2018-05-07T17:00:00.0,2018-05-07T22:00:00.0,22,35541.97544,1,28626.9561,37605.58331,0.676888241,6.480918162816286e6
2018-05-07T18:00:00.0,2018-05-07T23:00:00.0,23,28323.19292,1,21354.8608,35723.39883,0.355525997,1.4767035194432616e7
2018-05-07T19:00:00.0,2018-05-08T00:00:00.0,0,12080.93596,1,8412.913208,22368.31875,0.155637798,1.4887100545519888e7
2018-05-07T20:00:00.0,2018-05-08T01:00:00.0,1,858.0463784,1,137.1620312,3710.942145,0.077507122,895584.535805136
2018-05-07T21:00:00.0,2018-05-08T02:00:00.0,2,0.0,1,0.0,0.0,0.01,0.12886473696786538
2018-05-07T22:00:00.0,2018-05-08T03:00:00.0,3,0.0,1,0.0,0.0,0.01,0.12886473696786538
2018-05-07T23:00:00.0,2018-05-08T04:00:00.0,4,0.0,1,0.0,0.0,0.01,0.12886473696786538
2018-05-08T00:00:00.0,2018-05-08T05:00:00.0,5,0.0,1,0.0,0.0,0.01,0.12886473696786538
2018-05-08T01:00:00.0,2018-05-08T06:00:00.0,6,0.0,1,0.0,0.0,0.01,0.12886473696786538
2018-05-08T02:00:00.0,2018-05-08T07:00:00.0,7,0.0,1,0.0,0.0,0.01,0.12886473696786538
2018-05-08T03:00:00.0,2018-05-08T08:00:00.0,8,0.0,1,0.0,0.0,0.01,0.12886473696786538
2018-05-08T04:00:00.0,2018-05-08T09:00:00.0,9,0.0,1,0.0,0.0,0.01,0.12886473696786538
2018-05-08T05:00:00.0,2018-05-08T10:00:00.0,10,0.0,1,0.0,0.0,0.01,0.12886473696786538
2018-05-08T06:00:00.0,2018-05-08T11:00:00.0,11,192.8067068,0,0.0,0.0,0.99,0.12886473696786538
2018-05-08T07:00:00.0,2018-05-08T12:00:00.0,12,8072.383243,0,5603.800711,6995.774479,1.0,75780.38281368464
2018-05-08T08:00:00.0,2018-05-08T13:00:00.0,13,24709.33874,1,16834.13719,25596.76894,0.970299703,5.099062447454333e6
2018-05-08T09:00:00.0,2018-05-08T14:00:00.0,14,33931.53752,1,29523.34749,37182.27335,0.684621201,5.357663626981616e6
2018-05-08T10:00:00.0,2018-05-08T15:00:00.0,15,34413.09779,1,26760.02875,40071.05747,0.619718867,1.4988227374794483e7
2018-05-08T11:00:00.0,2018-05-08T16:00:00.0,16,34822.24609,1,30509.5313,41324.22893,0.471655522,1.1495006103277206e7
2018-05-08T12:00:00.0,2018-05-08T17:00:00.0,17,36108.14402,1,28677.04743,43941.49825,0.56485994,2.1468253300402403e7
2018-05-08T13:00:00.0,2018-05-08T18:00:00.0,18,36150.78946,1,30108.30913,43497.4173,0.460424835,1.6224112560708046e7
2018-05-08T14:00:00.0,2018-05-08T19:00:00.0,19,34807.52075,1,29537.40488,41894.67065,0.44526545,1.4126810847584486e7
2018-05-08T15:00:00.0,2018-05-08T20:00:00.0,20,33301.65504,1,31598.9393,45611.63918,0.16031474,1.425378444284892e7
2018-05-08T16:00:00.0,2018-05-08T21:00:00.0,21,31484.45194,1,28811.3951,36766.28528,0.342245776,5.492782211461186e6
2018-05-08T17:00:00.0,2018-05-08T22:00:00.0,22,28756.03948,1,24383.594,33170.42619,0.503847845,6.397060623053789e6
2018-05-08T18:00:00.0,2018-05-08T23:00:00.0,23,22650.45984,1,14571.74321,28828.777,0.47937887,1.7176989956528842e7
2018-05-08T19:00:00.0,2018-05-09T00:00:00.0,0,10585.22234,1,5410.869386,19700.67584,0.221631304,1.5825116058104932e7
2018-05-08T20:00:00.0,2018-05-09T01:00:00.0,1,664.7979536,1,30.92524338,2893.86198,0.094883872,565586.0010150946
2018-05-08T21:00:00.0,2018-05-09T02:00:00.0,2,0.0,1,0.0,0.0,0.01,0.12886473696786538
2018-05-08T22:00:00.0,2018-05-09T03:00:00.0,3,0.0,1,0.0,0.0,0.01,0.12886473696786538
2018-05-08T23:00:00.0,2018-05-09T04:00:00.0,4,0.0,1,0.0,0.0,0.01,0.12886473696786538
2018-05-09T00:00:00.0,2018-05-09T05:00:00.0,5,0.0,1,0.0,0.0,0.01,0.12886473696786538
2018-05-09T01:00:00.0,2018-05-09T06:00:00.0,6,0.0,1,0.0,0.0,0.01,0.12886473696786538
2018-05-09T02:00:00.0,2018-05-09T07:00:00.0,7,0.0,1,0.0,0.0,0.01,0.12886473696786538
2018-05-09T03:00:00.0,2018-05-09T08:00:00.0,8,0.0,1,0.0,0.0,0.01,0.12886473696786538
2018-05-09T04:00:00.0,2018-05-09T09:00:00.0,9,0.0,1,0.0,0.0,0.01,0.12886473696786538
2018-05-09T05:00:00.0,2018-05-09T10:00:00.0,10,0.0,1,0.0,0.0,0.01,0.12886473696786538
2018-05-09T06:00:00.0,2018-05-09T11:00:00.0,11,155.5391966,0,0.0,0.0,0.99,0.12886473696786538
2018-05-09T07:00:00.0,2018-05-09T12:00:00.0,12,8911.725828,0,5980.295289,7225.888661,1.0,50515.50783633441
2018-05-09T08:00:00.0,2018-05-09T13:00:00.0,13,26930.33298,1,19232.64277,29312.9778,0.862674538,9.205705252756238e6
2018-05-09T09:00:00.0,2018-05-09T14:00:00.0,14,36326.6027,1,26954.1704,38901.9152,0.770714154,1.2874660998305798e7
2018-05-09T10:00:00.0,2018-05-09T15:00:00.0,15,38733.09624,1,32552.78176,46415.63512,0.466104357,1.7213974297962666e7
2018-05-09T11:00:00.0,2018-05-09T16:00:00.0,16,39372.60458,1,33344.49951,45086.96053,0.541922876,1.0567419605364084e7
2018-05-09T12:00:00.0,2018-05-09T17:00:00.0,17,39922.40267,1,37707.15366,47312.9059,0.300680155,7.52809174827981e6
2018-05-09T13:00:00.0,2018-05-09T18:00:00.0,18,40108.48087,1,33190.77818,44835.39279,0.538722712,1.3193174962064266e7
2018-05-09T14:00:00.0,2018-05-09T19:00:00.0,19,40023.51803,1,36334.05357,46119.25929,0.346049701,8.029788092047691e6
2018-05-09T15:00:00.0,2018-05-09T20:00:00.0,20,40004.17705,1,33145.74865,40238.55298,0.962997344,3.974511741453171e6
2018-05-09T16:00:00.0,2018-05-09T21:00:00.0,21,39923.96803,1,35380.73338,41351.25222,0.74530933,2.924884033540249e6
2018-05-09T17:00:00.0,2018-05-09T22:00:00.0,22,38355.21684,1,27987.38135,42307.54038,0.641082106,1.9615811750857115e7
2018-05-09T18:00:00.0,2018-05-09T23:00:00.0,23,31637.34644,1,24263.87122,39608.93931,0.315284606,2.323322570603466e7
2018-05-09T19:00:00.0,2018-05-10T00:00:00.0,0,14209.41054,1,7901.949851,24638.91462,0.214166549,1.9926831977174103e7
2018-05-09T20:00:00.0,2018-05-10T01:00:00.0,1,1067.833226,1,15.17971835,4834.656532,0.106335788,1.9114106902836412e6
2018-05-09T21:00:00.0,2018-05-10T02:00:00.0,2,0.0,1,0.0,0.0,0.01,0.12886473696786538
2018-05-09T22:00:00.0,2018-05-10T03:00:00.0,3,0.0,1,0.0,0.0,0.01,0.12886473696786538
2018-05-09T23:00:00.0,2018-05-10T04:00:00.0,4,0.0,1,0.0,0.0,0.01,0.12886473696786538
2018-05-10T00:00:00.0,2018-05-10T05:00:00.0,5,0.0,1,0.0,0.0,0.01,0.12886473696786538
2018-05-10T01:00:00.0,2018-05-10T06:00:00.0,6,0.0,1,0.0,0.0,0.01,0.12886473696786538
2018-05-10T02:00:00.0,2018-05-10T07:00:00.0,7,0.0,1,0.0,0.0,0.01,0.12886473696786538
2018-05-10T03:00:00.0,2018-05-10T08:00:00.0,8,0.0,1,0.0,0.0,0.01,0.12886473696786538
2018-05-10T04:00:00.0,2018-05-10T09:00:00.0,9,0.0,1,0.0,0.0,0.01,0.12886473696786538
2018-05-10T05:00:00.0,2018-05-10T10:00:00.0,10,0.0,1,0.0,0.0,0.01,0.12886473696786538
2018-05-10T06:00:00.0,2018-05-10T11:00:00.0,11,232.906578,0,0.0,0.0,0.99,0.12886473696786538
2018-05-10T07:00:00.0,2018-05-10T12:00:00.0,12,10038.51835,0,5891.763484,8239.04052,1.0,236234.2598495558
2018-05-10T08:00:00.0,2018-05-10T13:00:00.0,13,27493.18446,1,22377.53162,31638.39127,0.887270798,4.419313832479119e6
2018-05-10T09:00:00.0,2018-05-10T14:00:00.0,14,36231.64996,1,30451.43684,41700.88584,0.656319107,9.642528492708683e6
2018-05-10T10:00:00.0,2018-05-10T15:00:00.0,15,38658.46753,1,33578.55965,41799.67067,0.682646346,5.225853118741989e6
2018-05-10T11:00:00.0,2018-05-10T16:00:00.0,16,39544.02127,1,30758.49721,41048.579,0.857334828,7.842407547978163e6
2018-05-10T12:00:00.0,2018-05-10T17:00:00.0,17,39518.63717,1,32185.72278,44908.39214,0.507895578,1.4695173289946795e7
2018-05-10T13:00:00.0,2018-05-10T18:00:00.0,18,39578.05095,1,31218.98157,41243.40653,0.727534135,7.903305368867159e6
2018-05-10T14:00:00.0,2018-05-10T19:00:00.0,19,39488.68519,1,36040.91475,47181.87391,0.360311186,1.1236745071481466e7
2018-05-10T15:00:00.0,2018-05-10T20:00:00.0,20,39361.56428,1,35589.65766,42575.78753,0.593507517,3.930781444405794e6
2018-05-10T16:00:00.0,2018-05-10T21:00:00.0,21,39177.24383,1,30475.55092,45899.29877,0.49582734,2.0108128828375816e7
2018-05-10T17:00:00.0,2018-05-10T22:00:00.0,22,34914.75312,1,23027.57117,38262.16237,0.538001797,1.943695303842807e7
2018-05-10T18:00:00.0,2018-05-10T23:00:00.0,23,28564.1438,1,15442.85692,38339.35353,0.493607027,4.407071951310873e7
2018-05-10T19:00:00.0,2018-05-11T00:00:00.0,0,12767.62101,1,8301.355108,23505.22667,0.212495882,2.036757488392824e7
2018-05-10T20:00:00.0,2018-05-11T01:00:00.0,1,931.5885418,1,48.49889585,4440.364661,0.104469435,1.574066279684605e6
2018-05-10T21:00:00.0,2018-05-11T02:00:00.0,2,0.0,1,0.0,0.0,0.01,0.12886473696786538
2018-05-10T22:00:00.0,2018-05-11T03:00:00.0,3,0.0,1,0.0,0.0,0.01,0.12886473696786538
2018-05-10T23:00:00.0,2018-05-11T04:00:00.0,4,0.0,1,0.0,0.0,0.01,0.12886473696786538
2018-05-11T00:00:00.0,2018-05-11T05:00:00.0,5,0.0,1,0.0,0.0,0.01,0.12886473696786538
2018-05-11T01:00:00.0,2018-05-11T06:00:00.0,6,0.0,1,0.0,0.0,0.01,0.12886473696786538
2018-05-11T02:00:00.0,2018-05-11T07:00:00.0,7,0.0,1,0.0,0.0,0.01,0.12886473696786538
2018-05-11T03:00:00.0,2018-05-11T08:00:00.0,8,0.0,1,0.0,0.0,0.01,0.12886473696786538
2018-05-11T04:00:00.0,2018-05-11T09:00:00.0,9,0.0,1,0.0,0.0,0.01,0.12886473696786538
2018-05-11T05:00:00.0,2018-05-11T10:00:00.0,10,0.0,1,0.0,0.0,0.01,0.12886473696786538
2018-05-11T06:00:00.0,2018-05-11T11:00:00.0,11,237.979131,0,0.0,0.0,0.99,0.12886473696786538
2018-05-11T07:00:00.0,2018-05-11T12:00:00.0,12,8793.89007,0,5860.285819,7081.788585,1.0,49092.105897285044
2018-05-11T08:00:00.0,2018-05-11T13:00:00.0,13,24214.35824,1,20322.41784,27220.55655,0.779563627,3.8373334474977255e6
2018-05-11T09:00:00.0,2018-05-11T14:00:00.0,14,34847.16762,1,27810.82303,38401.45993,0.68874916,1.0234981110619903e7
2018-05-11T10:00:00.0,2018-05-11T15:00:00.0,15,38487.46912,1,30692.82914,45426.82555,0.524205458,2.1809146862500668e7
2018-05-11T11:00:00.0,2018-05-11T16:00:00.0,16,39430.65571,1,35168.13301,43926.7776,0.437679466,7.064981933241129e6
2018-05-11T12:00:00.0,2018-05-11T17:00:00.0,17,39242.434,1,32158.0683,43633.71451,0.588557676,1.1503382068829536e7
2018-05-11T13:00:00.0,2018-05-11T18:00:00.0,18,39288.57623,1,32144.86928,41801.74943,0.71546556,6.2422367193899155e6
2018-05-11T14:00:00.0,2018-05-11T19:00:00.0,19,39361.99058,1,29182.68409,40236.90068,0.854281151,1.058197675164318e7
2018-05-11T15:00:00.0,2018-05-11T20:00:00.0,20,39071.17034,1,29579.08658,42128.01052,0.729685704,1.0948796962742329e7
2018-05-11T16:00:00.0,2018-05-11T21:00:00.0,21,38172.91384,1,27546.57403,38893.98206,0.858064973,1.069595279608059e7
2018-05-11T17:00:00.0,2018-05-11T22:00:00.0,22,36141.36502,1,26765.85918,43597.62379,0.517433227,2.4740923667650938e7
2018-05-11T18:00:00.0,2018-05-11T23:00:00.0,23,29460.05431,1,18423.29078,35908.85575,0.517711876,2.8543341111623168e7
2018-05-11T19:00:00.0,2018-05-12T00:00:00.0,0,13062.92323,1,6312.102616,24461.70571,0.26657244,2.8004072817016363e7
2018-05-11T20:00:00.0,2018-05-12T01:00:00.0,1,978.2983404,1,149.7842478,4730.783825,0.085948391,1.663942363414552e6
2018-05-11T21:00:00.0,2018-05-12T02:00:00.0,2,0.0,1,0.0,0.0,0.01,0.12886473696786538
2018-05-11T22:00:00.0,2018-05-12T03:00:00.0,3,0.0,1,0.0,0.0,0.01,0.12886473696786538
2018-05-11T23:00:00.0,2018-05-12T04:00:00.0,4,0.0,1,0.0,0.0,0.01,0.12886473696786538
2018-05-12T00:00:00.0,2018-05-12T05:00:00.0,5,0.0,1,0.0,0.0,0.01,0.12886473696786538
2018-05-12T01:00:00.0,2018-05-12T06:00:00.0,6,0.0,1,0.0,0.0,0.01,0.12886473696786538
2018-05-12T02:00:00.0,2018-05-12T07:00:00.0,7,0.0,1,0.0,0.0,0.01,0.12886473696786538
2018-05-12T03:00:00.0,2018-05-12T08:00:00.0,8,0.0,1,0.0,0.0,0.01,0.12886473696786538
2018-05-12T04:00:00.0,2018-05-12T09:00:00.0,9,0.0,1,0.0,0.0,0.01,0.12886473696786538
2018-05-12T05:00:00.0,2018-05-12T10:00:00.0,10,0.0,1,0.0,0.0,0.01,0.12886473696786538
2018-05-12T06:00:00.0,2018-05-12T11:00:00.0,11,151.0120228,0,0.0,0.0,0.99,0.12886473696786538
2018-05-12T07:00:00.0,2018-05-12T12:00:00.0,12,8575.509109,0,4759.746257,7348.434669,1.0,370911.1334095746
2018-05-12T08:00:00.0,2018-05-12T13:00:00.0,13,22531.74085,1,14133.84717,27981.59756,0.803365124,1.382413504421258e7
2018-05-12T09:00:00.0,2018-05-12T14:00:00.0,14,32206.25921,1,24922.09207,36853.11161,0.747794258,1.1761904152875781e7
2018-05-12T10:00:00.0,2018-05-12T15:00:00.0,15,35277.2533,1,28835.58466,39710.77043,0.512072072,1.102650941983819e7
2018-05-12T11:00:00.0,2018-05-12T16:00:00.0,16,36734.44349,1,29089.33982,39812.20417,0.707815434,1.0701751025895834e7
2018-05-12T12:00:00.0,2018-05-12T17:00:00.0,17,37516.28998,1,27861.03396,43971.91449,0.578103205,2.6868731876523733e7
2018-05-12T13:00:00.0,2018-05-12T18:00:00.0,18,36868.42049,1,30336.53012,39820.70799,0.622115591,8.163669276684523e6
2018-05-12T14:00:00.0,2018-05-12T19:00:00.0,19,36302.83841,1,31669.20957,38706.45621,0.576359547,3.3955322078285217e6
2018-05-12T15:00:00.0,2018-05-12T20:00:00.0,20,35200.4964,1,30311.956,43801.57496,0.407570341,1.6033244824372768e7
2018-05-12T16:00:00.0,2018-05-12T21:00:00.0,21,35117.37741,1,30057.13298,44222.01858,0.461154449,1.685137233701229e7
2018-05-12T17:00:00.0,2018-05-12T22:00:00.0,22,30891.02882,1,26870.09677,39664.84549,0.32529204,1.2211542107651234e7
2018-05-12T18:00:00.0,2018-05-12T23:00:00.0,23,24977.32989,1,16029.72245,33221.25026,0.402447631,2.3240019870449305e7
2018-05-12T19:00:00.0,2018-05-13T00:00:00.0,0,9889.826742,1,7336.348832,17907.15962,0.139211241,1.0007519646336913e7
2018-05-12T20:00:00.0,2018-05-13T01:00:00.0,1,673.935516,1,25.54915444,3246.989707,0.096263735,750112.2531330003
2018-05-12T21:00:00.0,2018-05-13T02:00:00.0,2,0.0,1,0.0,0.0,0.01,0.12886473696786538
2018-05-12T22:00:00.0,2018-05-13T03:00:00.0,3,0.0,1,0.0,0.0,0.01,0.12886473696786538
2018-05-12T23:00:00.0,2018-05-13T04:00:00.0,4,0.0,1,0.0,0.0,0.01,0.12886473696786538
2018-05-13T00:00:00.0,2018-05-13T05:00:00.0,5,0.0,1,0.0,0.0,0.01,0.12886473696786538
2018-05-13T01:00:00.0,2018-05-13T06:00:00.0,6,0.0,1,0.0,0.0,0.01,0.12886473696786538
2018-05-13T02:00:00.0,2018-05-13T07:00:00.0,7,0.0,1,0.0,0.0,0.01,0.12886473696786538
2018-05-13T03:00:00.0,2018-05-13T08:00:00.0,8,0.0,1,0.0,0.0,0.01,0.12886473696786538
2018-05-13T04:00:00.0,2018-05-13T09:00:00.0,9,0.0,1,0.0,0.0,0.01,0.12886473696786538
2018-05-13T05:00:00.0,2018-05-13T10:00:00.0,10,0.0,1,0.0,0.0,0.01,0.12886473696786538
2018-05-13T06:00:00.0,2018-05-13T11:00:00.0,11,173.8026285,0,0.0,0.0,0.99,0.12886473696786538
2018-05-13T07:00:00.0,2018-05-13T12:00:00.0,12,7685.823497,0,3349.261826,6284.71435,1.0,543157.0464863032
2018-05-13T08:00:00.0,2018-05-13T13:00:00.0,13,19637.80518,1,15111.75962,25069.45085,0.689451938,6.305123378921568e6
2018-05-13T09:00:00.0,2018-05-13T14:00:00.0,14,25951.11828,1,20849.88068,38512.34586,0.447736896,2.6862824133482695e7
2018-05-13T10:00:00.0,2018-05-13T15:00:00.0,15,30878.69231,1,23662.34684,41939.12189,0.369872228,2.327626502230239e7
2018-05-13T11:00:00.0,2018-05-13T16:00:00.0,16,33852.1321,1,24394.80932,38650.62779,0.680699809,1.8103865820295572e7
2018-05-13T12:00:00.0,2018-05-13T17:00:00.0,17,34617.65888,1,26624.32388,39916.30658,0.636776886,1.4057657495145798e7
2018-05-13T13:00:00.0,2018-05-13T18:00:00.0,18,35140.67936,1,25970.71296,41674.78272,0.576193123,2.564118345272398e7
2018-05-13T14:00:00.0,2018-05-13T19:00:00.0,19,35962.28794,1,26231.61227,44184.78191,0.507404382,2.9342858899424553e7
2018-05-13T15:00:00.0,2018-05-13T20:00:00.0,20,36003.62819,1,27167.0395,40608.98704,0.660052221,1.6073702389653921e7
2018-05-13T16:00:00.0,2018-05-13T21:00:00.0,21,35214.45263,1,21049.37179,38381.58872,0.723789425,2.6509993291404724e7
2018-05-13T17:00:00.0,2018-05-13T22:00:00.0,22,30202.64289,1,19498.68769,34918.88388,0.506348447,1.5200726283187628e7
2018-05-13T18:00:00.0,2018-05-13T23:00:00.0,23,21490.77315,1,14038.83361,25790.93634,0.400472508,1.1516019131876469e7
2018-05-13T19:00:00.0,2018-05-14T00:00:00.0,0,9151.877922,1,4564.614727,16352.69083,0.284109171,1.1571463807139695e7
2018-05-13T20:00:00.0,2018-05-14T01:00:00.0,1,723.4243715,1,143.2363529,3252.180062,0.123332853,826747.5592940301
2018-05-13T21:00:00.0,2018-05-14T02:00:00.0,2,0.0,1,0.0,0.0,0.01,0.12886473696786538
2018-05-13T22:00:00.0,2018-05-14T03:00:00.0,3,0.0,1,0.0,0.0,0.01,0.12886473696786538
2018-05-13T23:00:00.0,2018-05-14T04:00:00.0,4,0.0,1,0.0,0.0,0.01,0.12886473696786538
2018-05-14T00:00:00.0,2018-05-14T05:00:00.0,5,0.0,1,0.0,0.0,0.01,0.12886473696786538
2018-05-14T01:00:00.0,2018-05-14T06:00:00.0,6,0.0,1,0.0,0.0,0.01,0.12886473696786538
2018-05-14T02:00:00.0,2018-05-14T07:00:00.0,7,0.0,1,0.0,0.0,0.01,0.12886473696786538
2018-05-14T03:00:00.0,2018-05-14T08:00:00.0,8,0.0,1,0.0,0.0,0.01,0.12886473696786538
2018-05-14T04:00:00.0,2018-05-14T09:00:00.0,9,0.0,1,0.0,0.0,0.01,0.12886473696786538
2018-05-14T05:00:00.0,2018-05-14T10:00:00.0,10,0.0,1,0.0,0.0,0.01,0.12886473696786538
2018-05-14T06:00:00.0,2018-05-14T11:00:00.0,11,196.978423,0,0.0,0.0,0.99,0.12886473696786538
2018-05-14T07:00:00.0,2018-05-14T12:00:00.0,12,4831.665176,1,2905.628002,6065.668651,0.847302018,609095.9656196311
2018-05-14T08:00:00.0,2018-05-14T13:00:00.0,13,13153.54109,1,10363.78587,20449.09134,0.466587021,6.721660058186471e6
2018-05-14T09:00:00.0,2018-05-14T14:00:00.0,14,18653.84884,1,16168.32006,33868.16889,0.253878684,2.533313503908968e7
2018-05-14T10:00:00.0,2018-05-14T15:00:00.0,15,23542.9555,1,23352.70488,33098.02182,0.061065931,7.0878810256809e6
2018-05-14T11:00:00.0,2018-05-14T16:00:00.0,16,26678.1232,1,25557.48203,36441.52853,0.091150578,7.382996345779538e6
2018-05-14T12:00:00.0,2018-05-14T17:00:00.0,17,27589.66516,1,23660.55999,36961.27377,0.357851144,1.5129039129979134e7
2018-05-14T13:00:00.0,2018-05-14T18:00:00.0,18,29200.72794,1,26726.72512,39367.43758,0.319801267,1.3426933084909916e7
2018-05-14T14:00:00.0,2018-05-14T19:00:00.0,19,30151.83059,1,23063.79588,38540.46939,0.483477344,1.8927858619351387e7
2018-05-14T15:00:00.0,2018-05-14T20:00:00.0,20,29069.4073,1,23902.6976,38322.46105,0.44323507,1.6141172450340867e7
2018-05-14T16:00:00.0,2018-05-14T21:00:00.0,21,28651.75804,1,20154.59855,36143.46491,0.511623716,2.2428826005728245e7
2018-05-14T17:00:00.0,2018-05-14T22:00:00.0,22,26311.70257,1,17437.35836,30261.66309,0.545186669,1.3889045795393586e7
2018-05-14T18:00:00.0,2018-05-14T23:00:00.0,23,22996.74038,1,10519.93893,26954.98381,0.617115248,2.8361652595537007e7
2018-05-14T19:00:00.0,2018-05-15T00:00:00.0,0,11284.78974,1,5758.614149,18973.97033,0.279756013,1.3898533627159387e7
2018-05-14T20:00:00.0,2018-05-15T01:00:00.0,1,1090.758137,1,150.866674,4298.840388,0.074518071,1.185342160209597e6
2018-05-14T21:00:00.0,2018-05-15T02:00:00.0,2,0.0,1,0.0,0.0,0.01,0.12886473696786538
2018-05-14T22:00:00.0,2018-05-15T03:00:00.0,3,0.0,1,0.0,0.0,0.01,0.12886473696786538
2018-05-14T23:00:00.0,2018-05-15T04:00:00.0,4,0.0,1,0.0,0.0,0.01,0.12886473696786538
2018-05-15T00:00:00.0,2018-05-15T05:00:00.0,5,0.0,1,0.0,0.0,0.01,0.12886473696786538
2018-05-15T01:00:00.0,2018-05-15T06:00:00.0,6,0.0,1,0.0,0.0,0.01,0.12886473696786538
2018-05-15T02:00:00.0,2018-05-15T07:00:00.0,7,0.0,1,0.0,0.0,0.01,0.12886473696786538
2018-05-15T03:00:00.0,2018-05-15T08:00:00.0,8,0.0,1,0.0,0.0,0.01,0.12886473696786538
2018-05-15T04:00:00.0,2018-05-15T09:00:00.0,9,0.0,1,0.0,0.0,0.01,0.12886473696786538
2018-05-15T05:00:00.0,2018-05-15T10:00:00.0,10,0.0,1,0.0,0.0,0.01,0.12886473696786538
2018-05-15T06:00:00.0,2018-05-15T11:00:00.0,11,122.1311742,0,0.0,0.0,0.99,0.12886473696786538
2018-05-15T07:00:00.0,2018-05-15T12:00:00.0,12,7528.297014,1,5933.973898,7741.098884,0.973870199,188682.6979138404
2018-05-15T08:00:00.0,2018-05-15T13:00:00.0,13,21042.62319,1,20279.41572,26051.09172,0.35905174,1.7129251459103823e6
2018-05-15T09:00:00.0,2018-05-15T14:00:00.0,14,28963.99401,1,27041.89219,39363.59102,0.296521891,1.3565825326441169e7
2018-05-15T10:00:00.0,2018-05-15T15:00:00.0,15,32485.86641,1,31004.71139,42572.59299,0.231440024,9.8090114596529e6
2018-05-15T11:00:00.0,2018-05-15T16:00:00.0,16,35615.90899,1,29432.18301,40836.92691,0.50909652,1.0820938395996809e7
2018-05-15T12:00:00.0,2018-05-15T17:00:00.0,17,36706.18521,1,31913.07631,43957.89142,0.388279779,1.1468502736267567e7
2018-05-15T13:00:00.0,2018-05-15T18:00:00.0,18,36052.08036,1,27906.4559,39158.7303,0.667050542,1.1995875376841068e7
2018-05-15T14:00:00.0,2018-05-15T19:00:00.0,19,35062.55006,1,31130.16451,43548.48045,0.346696227,1.3037693751542568e7
2018-05-15T15:00:00.0,2018-05-15T20:00:00.0,20,34340.25664,1,28929.94162,37702.5261,0.514588845,6.432499842971325e6
2018-05-15T16:00:00.0,2018-05-15T21:00:00.0,21,30169.47982,1,21854.74229,38408.73477,0.418553449,2.060207388059461e7
2018-05-15T17:00:00.0,2018-05-15T22:00:00.0,22,26710.48673,1,17431.01292,33176.46337,0.528458257,2.215807302491772e7
2018-05-15T18:00:00.0,2018-05-15T23:00:00.0,23,20458.81233,1,11948.19191,28186.77205,0.387086361,2.1363409506960273e7
2018-05-15T19:00:00.0,2018-05-16T00:00:00.0,0,9413.29628,1,8029.523324,16987.60963,0.123093889,7.016615945542127e6
2018-05-15T20:00:00.0,2018-05-16T01:00:00.0,1,981.6617607,1,20.41388675,3944.596556,0.181339139,1.3552474080887455e6
2018-05-15T21:00:00.0,2018-05-16T02:00:00.0,2,0.0,1,0.0,0.0,0.01,0.12886473696786538
2018-05-15T22:00:00.0,2018-05-16T03:00:00.0,3,0.0,1,0.0,0.0,0.01,0.12886473696786538
2018-05-15T23:00:00.0,2018-05-16T04:00:00.0,4,0.0,1,0.0,0.0,0.01,0.12886473696786538
2018-05-16T00:00:00.0,2018-05-16T05:00:00.0,5,0.0,1,0.0,0.0,0.01,0.12886473696786538
2018-05-16T01:00:00.0,2018-05-16T06:00:00.0,6,0.0,1,0.0,0.0,0.01,0.12886473696786538
2018-05-16T02:00:00.0,2018-05-16T07:00:00.0,7,0.0,1,0.0,0.0,0.01,0.12886473696786538
2018-05-16T03:00:00.0,2018-05-16T08:00:00.0,8,0.0,1,0.0,0.0,0.01,0.12886473696786538
2018-05-16T04:00:00.0,2018-05-16T09:00:00.0,9,0.0,1,0.0,0.0,0.01,0.12886473696786538
2018-05-16T05:00:00.0,2018-05-16T10:00:00.0,10,0.0,1,0.0,0.0,0.01,0.12886473696786538
2018-05-16T06:00:00.0,2018-05-16T11:00:00.0,11,249.7437024,0,0.0,0.0,0.99,0.12886473696786538
2018-05-16T07:00:00.0,2018-05-16T12:00:00.0,12,8396.22623,0,6018.826274,7209.836847,1.0,68835.50519576669
2018-05-16T08:00:00.0,2018-05-16T13:00:00.0,13,24022.5059,1,21215.69187,28808.63712,0.693827027,4.0024799268963337e6
2018-05-16T09:00:00.0,2018-05-16T14:00:00.0,14,31250.43402,1,26512.43131,36796.72869,0.670893957,8.51163327505982e6
2018-05-16T10:00:00.0,2018-05-16T15:00:00.0,15,35127.61914,1,25893.18284,43810.21388,0.478935493,2.3657448824373722e7
2018-05-16T11:00:00.0,2018-05-16T16:00:00.0,16,36735.2429,1,28974.6641,42644.5158,0.486477851,1.6069463882892132e7
2018-05-16T12:00:00.0,2018-05-16T17:00:00.0,17,37905.19565,1,28347.86637,46448.34869,0.535593788,2.9183682910392046e7
2018-05-16T13:00:00.0,2018-05-16T18:00:00.0,18,38624.40831,1,31800.59531,41909.79405,0.643846432,9.485487536185741e6
2018-05-16T14:00:00.0,2018-05-16T19:00:00.0,19,38891.03774,1,28933.44118,41040.26843,0.7196151,1.0270970182992697e7
2018-05-16T15:00:00.0,2018-05-16T20:00:00.0,20,38898.50353,1,30078.10661,45394.60992,0.513428788,1.8654919061072826e7
2018-05-16T16:00:00.0,2018-05-16T21:00:00.0,21,38003.69559,1,29123.80264,42636.25001,0.667954149,1.5236935539221048e7
2018-05-16T17:00:00.0,2018-05-16T22:00:00.0,22,35614.37434,1,21428.14419,41943.26614,0.588610817,3.7175578216118574e7
2018-05-16T18:00:00.0,2018-05-16T23:00:00.0,23,28287.99869,1,19048.18605,35807.36818,0.391116259,2.704708879749036e7
2018-05-16T19:00:00.0,2018-05-17T00:00:00.0,0,13081.30425,1,6580.001591,22542.39462,0.225039739,1.6646256969101489e7
2018-05-16T20:00:00.0,2018-05-17T01:00:00.0,1,1300.079153,1,128.5410168,5706.606789,0.129287523,2.705763928006878e6
2018-05-16T21:00:00.0,2018-05-17T02:00:00.0,2,0.0,1,0.0,0.0,0.01,0.12886473696786538
2018-05-16T22:00:00.0,2018-05-17T03:00:00.0,3,0.0,1,0.0,0.0,0.01,0.12886473696786538
2018-05-16T23:00:00.0,2018-05-17T04:00:00.0,4,0.0,1,0.0,0.0,0.01,0.12886473696786538
2018-05-17T00:00:00.0,2018-05-17T05:00:00.0,5,0.0,1,0.0,0.0,0.01,0.12886473696786538
2018-05-17T01:00:00.0,2018-05-17T06:00:00.0,6,0.0,1,0.0,0.0,0.01,0.12886473696786538
2018-05-17T02:00:00.0,2018-05-17T07:00:00.0,7,0.0,1,0.0,0.0,0.01,0.12886473696786538
2018-05-17T03:00:00.0,2018-05-17T08:00:00.0,8,0.0,1,0.0,0.0,0.01,0.12886473696786538
2018-05-17T04:00:00.0,2018-05-17T09:00:00.0,9,0.0,1,0.0,0.0,0.01,0.12886473696786538
2018-05-17T05:00:00.0,2018-05-17T10:00:00.0,10,0.0,1,0.0,0.0,0.01,0.12886473696786538
2018-05-17T06:00:00.0,2018-05-17T11:00:00.0,11,399.2818581,0,0.0,0.0,0.99,0.12886473696786538
2018-05-17T07:00:00.0,2018-05-17T12:00:00.0,12,10834.00587,0,7318.324216,9096.487923,1.0,159369.05701511353
2018-05-17T08:00:00.0,2018-05-17T13:00:00.0,13,28317.6963,1,25107.2399,31766.41182,0.790737891,2.746027443597555e6
2018-05-17T09:00:00.0,2018-05-17T14:00:00.0,14,36524.995,1,28339.08837,41690.30232,0.689903969,1.3889087970740557e7
2018-05-17T10:00:00.0,2018-05-17T15:00:00.0,15,39096.99112,1,30065.293,45178.2946,0.543473413,1.957361429057765e7
2018-05-17T11:00:00.0,2018-05-17T16:00:00.0,16,39566.59688,1,33764.1428,46571.70335,0.433759166,1.1867650027216911e7
2018-05-17T12:00:00.0,2018-05-17T17:00:00.0,17,39303.32931,1,31344.10787,46458.69093,0.489050832,1.7763718532726526e7
2018-05-17T13:00:00.0,2018-05-17T18:00:00.0,18,38705.97468,1,34589.94255,41283.54329,0.533577444,3.182037006761551e6
2018-05-17T14:00:00.0,2018-05-17T19:00:00.0,19,37088.59984,1,31533.55765,40998.0167,0.459021309,6.990081983038425e6
2018-05-17T15:00:00.0,2018-05-17T20:00:00.0,20,33027.48598,1,31880.91365,42248.58247,0.140157483,8.563314047968626e6
2018-05-17T16:00:00.0,2018-05-17T21:00:00.0,21,28744.80609,1,24449.52642,37465.38307,0.303287513,1.2762762573828578e7
2018-05-17T17:00:00.0,2018-05-17T22:00:00.0,22,24814.15404,1,20542.08475,34367.09855,0.2511986,1.681491503852451e7
2018-05-17T18:00:00.0,2018-05-17T23:00:00.0,23,21301.27398,1,16532.79943,29596.40945,0.279137893,1.3996681542334676e7
2018-05-17T19:00:00.0,2018-05-18T00:00:00.0,0,9922.213746,1,6721.932154,16940.36091,0.15000335,8.104391110084295e6
2018-05-17T20:00:00.0,2018-05-18T01:00:00.0,1,923.5810654,1,104.4535551,4031.208998,0.183093739,1.4290641080872035e6
2018-05-17T21:00:00.0,2018-05-18T02:00:00.0,2,0.0,1,0.0,0.0,0.01,0.12886473696786538
2018-05-17T22:00:00.0,2018-05-18T03:00:00.0,3,0.0,1,0.0,0.0,0.01,0.12886473696786538
2018-05-17T23:00:00.0,2018-05-18T04:00:00.0,4,0.0,1,0.0,0.0,0.01,0.12886473696786538
2018-05-18T00:00:00.0,2018-05-18T05:00:00.0,5,0.0,1,0.0,0.0,0.01,0.12886473696786538
2018-05-18T01:00:00.0,2018-05-18T06:00:00.0,6,0.0,1,0.0,0.0,0.01,0.12886473696786538
2018-05-18T02:00:00.0,2018-05-18T07:00:00.0,7,0.0,1,0.0,0.0,0.01,0.12886473696786538
2018-05-18T03:00:00.0,2018-05-18T08:00:00.0,8,0.0,1,0.0,0.0,0.01,0.12886473696786538
2018-05-18T04:00:00.0,2018-05-18T09:00:00.0,9,0.0,1,0.0,0.0,0.01,0.12886473696786538
2018-05-18T05:00:00.0,2018-05-18T10:00:00.0,10,0.0,1,0.0,0.0,0.01,0.12886473696786538
2018-05-18T06:00:00.0,2018-05-18T11:00:00.0,11,311.3003239,0,0.0,0.0,0.99,0.12886473696786538
2018-05-18T07:00:00.0,2018-05-18T12:00:00.0,12,9792.379573,0,7654.291327,9371.620734,1.0,151733.53098455817
2018-05-18T08:00:00.0,2018-05-18T13:00:00.0,13,27305.54804,1,24836.31237,31749.16407,0.829548478,1.9710264770510197e6
2018-05-18T09:00:00.0,2018-05-18T14:00:00.0,14,35381.12771,1,27555.31068,42465.13774,0.535046821,2.0078123176186085e7
2018-05-18T10:00:00.0,2018-05-18T15:00:00.0,15,37665.06693,1,29570.11689,43791.3189,0.537261088,1.8186375221066475e7
2018-05-18T11:00:00.0,2018-05-18T16:00:00.0,16,38295.24249,1,33755.76768,40568.26001,0.599009569,4.0301096111371517e6
2018-05-18T12:00:00.0,2018-05-18T17:00:00.0,17,37449.21596,1,33962.45992,46156.01361,0.368947867,1.3037576278274298e7
2018-05-18T13:00:00.0,2018-05-18T18:00:00.0,18,37873.6053,1,30513.43528,47237.62628,0.405794977,2.3014746297540426e7
2018-05-18T14:00:00.0,2018-05-18T19:00:00.0,19,37649.8717,1,31808.54281,40663.72767,0.618790965,6.197274492333889e6
2018-05-18T15:00:00.0,2018-05-18T20:00:00.0,20,36530.92053,1,32202.8372,45467.59832,0.296138167,1.6163418030438662e7
2018-05-18T16:00:00.0,2018-05-18T21:00:00.0,21,34284.76571,1,23904.33057,43561.34425,0.503766138,3.1748969333522797e7
2018-05-18T17:00:00.0,2018-05-18T22:00:00.0,22,29724.06974,1,25999.04013,42321.1894,0.268203094,2.1610487962195873e7
2018-05-18T18:00:00.0,2018-05-18T23:00:00.0,23,25449.61564,1,17372.60568,29491.33901,0.460900494,1.2880207859133482e7
2018-05-18T19:00:00.0,2018-05-19T00:00:00.0,0,12328.59096,1,9078.711635,19828.86932,0.175767162,8.915907298576325e6
2018-05-18T20:00:00.0,2018-05-19T01:00:00.0,1,1295.449402,1,449.2839535,5141.389668,0.080710536,1.672699995953178e6
2018-05-18T21:00:00.0,2018-05-19T02:00:00.0,2,0.0,1,0.0,0.0,0.01,0.12886473696786538
2018-05-18T22:00:00.0,2018-05-19T03:00:00.0,3,0.0,1,0.0,0.0,0.01,0.12886473696786538
2018-05-18T23:00:00.0,2018-05-19T04:00:00.0,4,0.0,1,0.0,0.0,0.01,0.12886473696786538
2018-05-19T00:00:00.0,2018-05-19T05:00:00.0,5,0.0,1,0.0,0.0,0.01,0.12886473696786538
2018-05-19T01:00:00.0,2018-05-19T06:00:00.0,6,0.0,1,0.0,0.0,0.01,0.12886473696786538
2018-05-19T02:00:00.0,2018-05-19T07:00:00.0,7,0.0,1,0.0,0.0,0.01,0.12886473696786538
2018-05-19T03:00:00.0,2018-05-19T08:00:00.0,8,0.0,1,0.0,0.0,0.01,0.12886473696786538
2018-05-19T04:00:00.0,2018-05-19T09:00:00.0,9,0.0,1,0.0,0.0,0.01,0.12886473696786538
2018-05-19T05:00:00.0,2018-05-19T10:00:00.0,10,0.0,1,0.0,0.0,0.01,0.12886473696786538
2018-05-19T06:00:00.0,2018-05-19T11:00:00.0,11,260.120089,0,0.0,0.0,0.99,0.12886473696786538
2018-05-19T07:00:00.0,2018-05-19T12:00:00.0,12,8755.684983,0,6194.444918,8255.52565,1.0,278657.8648349494
2018-05-19T08:00:00.0,2018-05-19T13:00:00.0,13,22288.27196,1,21164.10983,28580.79235,0.370297883,4.514281835225701e6
2018-05-19T09:00:00.0,2018-05-19T14:00:00.0,14,30678.72479,1,25238.83661,35820.00106,0.513486653,1.0973096763484836e7
2018-05-19T10:00:00.0,2018-05-19T15:00:00.0,15,32993.6983,1,26204.93147,38726.57358,0.512097274,1.4345593337863684e7
2018-05-19T11:00:00.0,2018-05-19T16:00:00.0,16,34911.43847,1,28431.32995,43392.60211,0.470590731,1.8686482849125862e7
2018-05-19T12:00:00.0,2018-05-19T17:00:00.0,17,35294.68491,1,30983.25358,41792.19301,0.502494587,1.0478830671221972e7
2018-05-19T13:00:00.0,2018-05-19T18:00:00.0,18,36129.97571,1,35216.53235,44340.90499,0.16115215,6.845766148607492e6
2018-05-19T14:00:00.0,2018-05-19T19:00:00.0,19,36099.24678,1,32484.92798,42762.1334,0.348497159,9.10892777399683e6
2018-05-19T15:00:00.0,2018-05-19T20:00:00.0,20,36673.7551,1,32316.71884,45817.98773,0.366512891,1.4524355119777441e7
2018-05-19T16:00:00.0,2018-05-19T21:00:00.0,21,35198.87815,1,23544.38095,40383.21225,0.661189469,2.133406633774376e7
2018-05-19T17:00:00.0,2018-05-19T22:00:00.0,22,32611.33027,1,21989.82826,37219.49409,0.621804549,1.7126750129907608e7
2018-05-19T18:00:00.0,2018-05-19T23:00:00.0,23,26640.10897,1,14020.18812,31336.03257,0.643473716,2.03713122429446e7
2018-05-19T19:00:00.0,2018-05-20T00:00:00.0,0,12255.84778,1,6100.130785,20260.26366,0.276006999,1.7349333005411595e7
2018-05-19T20:00:00.0,2018-05-20T01:00:00.0,1,1232.88243,1,170.6091405,4650.951574,0.162108001,1.7860836537306523e6
2018-05-19T21:00:00.0,2018-05-20T02:00:00.0,2,0.0,1,0.0,0.0,0.01,0.12886473696786538
2018-05-19T22:00:00.0,2018-05-20T03:00:00.0,3,0.0,1,0.0,0.0,0.01,0.12886473696786538
2018-05-19T23:00:00.0,2018-05-20T04:00:00.0,4,0.0,1,0.0,0.0,0.01,0.12886473696786538
2018-05-20T00:00:00.0,2018-05-20T05:00:00.0,5,0.0,1,0.0,0.0,0.01,0.12886473696786538
2018-05-20T01:00:00.0,2018-05-20T06:00:00.0,6,0.0,1,0.0,0.0,0.01,0.12886473696786538
2018-05-20T02:00:00.0,2018-05-20T07:00:00.0,7,0.0,1,0.0,0.0,0.01,0.12886473696786538
2018-05-20T03:00:00.0,2018-05-20T08:00:00.0,8,0.0,1,0.0,0.0,0.01,0.12886473696786538
2018-05-20T04:00:00.0,2018-05-20T09:00:00.0,9,0.0,1,0.0,0.0,0.01,0.12886473696786538
2018-05-20T05:00:00.0,2018-05-20T10:00:00.0,10,0.0,1,0.0,0.0,0.01,0.12886473696786538
2018-05-20T06:00:00.0,2018-05-20T11:00:00.0,11,98.17041204,0,0.0,0.0,0.99,0.12886473696786538
2018-05-20T07:00:00.0,2018-05-20T12:00:00.0,12,3883.127736,1,2523.86751,5705.994781,0.718129212,625187.9671333861
2018-05-20T08:00:00.0,2018-05-20T13:00:00.0,13,10608.78258,1,6567.440827,19814.89055,0.425897761,1.4155613390224278e7
2018-05-20T09:00:00.0,2018-05-20T14:00:00.0,14,15783.14723,1,13135.76707,31418.40223,0.206530949,2.6495243865814924e7
2018-05-20T10:00:00.0,2018-05-20T15:00:00.0,15,21633.60677,1,13379.77122,27350.09826,0.710868476,1.4267587385154068e7
2018-05-20T11:00:00.0,2018-05-20T16:00:00.0,16,25530.87005,1,15572.54402,32580.43726,0.602825625,2.355567243730831e7
2018-05-20T12:00:00.0,2018-05-20T17:00:00.0,17,27873.42723,1,15735.39647,31263.5684,0.764019734,1.9591560531161666e7
2018-05-20T13:00:00.0,2018-05-20T18:00:00.0,18,29805.66376,1,20116.30748,31134.18791,0.850822831,9.110913469431281e6
2018-05-20T14:00:00.0,2018-05-20T19:00:00.0,19,30208.30817,1,19199.24502,32586.40717,0.797214197,1.4759036708826184e7
2018-05-20T15:00:00.0,2018-05-20T20:00:00.0,20,29326.82923,1,17575.69926,34788.8751,0.585547374,2.2395961482842684e7
2018-05-20T16:00:00.0,2018-05-20T21:00:00.0,21,27481.08594,1,15758.78287,31864.04307,0.615830024,2.270507926067841e7
2018-05-20T17:00:00.0,2018-05-20T22:00:00.0,22,26519.39292,1,11292.14322,30689.80379,0.708125455,3.3058342201666713e7
2018-05-20T18:00:00.0,2018-05-20T23:00:00.0,23,22466.94409,1,7474.894635,28246.85249,0.669667919,3.54547473792209e7
2018-05-20T19:00:00.0,2018-05-21T00:00:00.0,0,11173.20099,1,3014.13807,19168.19094,0.344838472,2.0640322463445753e7
2018-05-20T20:00:00.0,2018-05-21T01:00:00.0,1,1381.405883,1,106.1215711,4909.429317,0.125580273,1.6602203329514926e6
2018-05-20T21:00:00.0,2018-05-21T02:00:00.0,2,0.0,1,0.0,0.0,0.01,0.12886473696786538
2018-05-20T22:00:00.0,2018-05-21T03:00:00.0,3,0.0,1,0.0,0.0,0.01,0.12886473696786538
2018-05-20T23:00:00.0,2018-05-21T04:00:00.0,4,0.0,1,0.0,0.0,0.01,0.12886473696786538
2018-05-21T00:00:00.0,2018-05-21T05:00:00.0,5,0.0,1,0.0,0.0,0.01,0.12886473696786538
2018-05-21T01:00:00.0,2018-05-21T06:00:00.0,6,0.0,1,0.0,0.0,0.01,0.12886473696786538
2018-05-21T02:00:00.0,2018-05-21T07:00:00.0,7,0.0,1,0.0,0.0,0.01,0.12886473696786538
2018-05-21T03:00:00.0,2018-05-21T08:00:00.0,8,0.0,1,0.0,0.0,0.01,0.12886473696786538
2018-05-21T04:00:00.0,2018-05-21T09:00:00.0,9,0.0,1,0.0,0.0,0.01,0.12886473696786538
2018-05-21T05:00:00.0,2018-05-21T10:00:00.0,10,0.0,1,0.0,0.0,0.01,0.12886473696786538
2018-05-21T06:00:00.0,2018-05-21T11:00:00.0,11,215.949175,0,0.0,0.0,0.99,0.12886473696786538
2018-05-21T07:00:00.0,2018-05-21T12:00:00.0,12,6705.83026,1,3435.867149,7191.519417,0.976420366,742144.6693592481
2018-05-21T08:00:00.0,2018-05-21T13:00:00.0,13,14696.74824,1,12884.26201,23642.09787,0.338999371,8.328392054637194e6
2018-05-21T09:00:00.0,2018-05-21T14:00:00.0,14,21541.95798,1,17876.96947,30988.61555,0.415855448,1.3396290202227592e7
2018-05-21T10:00:00.0,2018-05-21T15:00:00.0,15,24761.46421,1,18003.57463,38426.72942,0.387743739,3.0850218890665054e7
2018-05-21T11:00:00.0,2018-05-21T16:00:00.0,16,28635.51081,1,24234.70055,37614.03184,0.440283867,1.6221880093384147e7
2018-05-21T12:00:00.0,2018-05-21T17:00:00.0,17,31835.32429,1,20665.92107,40975.99483,0.550977922,3.4901736766137004e7
2018-05-21T13:00:00.0,2018-05-21T18:00:00.0,18,33031.37334,1,17642.97053,38789.17184,0.722427511,3.2336206756936193e7
2018-05-21T14:00:00.0,2018-05-21T19:00:00.0,19,33775.82792,1,19070.14373,42488.00917,0.601797486,4.847300817102027e7
2018-05-21T15:00:00.0,2018-05-21T20:00:00.0,20,33783.14572,1,18233.656,42902.9906,0.637081603,5.159802164944351e7
2018-05-21T16:00:00.0,2018-05-21T21:00:00.0,21,32998.08546,1,21949.71647,35588.14798,0.744932231,1.5152339594676256e7
2018-05-21T17:00:00.0,2018-05-21T22:00:00.0,22,32115.82477,1,19920.01787,32632.85761,0.927985034,1.192787272913456e7
2018-05-21T18:00:00.0,2018-05-21T23:00:00.0,23,26569.53426,1,11449.31354,34971.85463,0.56393533,4.95667506606226e7
2018-05-21T19:00:00.0,2018-05-22T00:00:00.0,0,13006.96632,1,5914.97901,21118.83823,0.354754609,2.040261382565245e7
2018-05-21T20:00:00.0,2018-05-22T01:00:00.0,1,1459.112281,1,340.7102364,5541.284576,0.08404717,2.0351038392378613e6
2018-05-21T21:00:00.0,2018-05-22T02:00:00.0,2,0.0,1,0.0,0.0,0.01,0.12886473696786538
2018-05-21T22:00:00.0,2018-05-22T03:00:00.0,3,0.0,1,0.0,0.0,0.01,0.12886473696786538
2018-05-21T23:00:00.0,2018-05-22T04:00:00.0,4,0.0,1,0.0,0.0,0.01,0.12886473696786538
2018-05-22T00:00:00.0,2018-05-22T05:00:00.0,5,0.0,1,0.0,0.0,0.01,0.12886473696786538
2018-05-22T01:00:00.0,2018-05-22T06:00:00.0,6,0.0,1,0.0,0.0,0.01,0.12886473696786538
2018-05-22T02:00:00.0,2018-05-22T07:00:00.0,7,0.0,1,0.0,0.0,0.01,0.12886473696786538
2018-05-22T03:00:00.0,2018-05-22T08:00:00.0,8,0.0,1,0.0,0.0,0.01,0.12886473696786538
2018-05-22T04:00:00.0,2018-05-22T09:00:00.0,9,0.0,1,0.0,0.0,0.01,0.12886473696786538
2018-05-22T05:00:00.0,2018-05-22T10:00:00.0,10,0.0,1,0.0,0.0,0.01,0.12886473696786538
2018-05-22T06:00:00.0,2018-05-22T11:00:00.0,11,296.0391773,0,0.0,0.0,0.99,0.12886473696786538
2018-05-22T07:00:00.0,2018-05-22T12:00:00.0,12,6357.378369,1,4731.536715,7881.52562,0.863279583,581903.0532081239
2018-05-22T08:00:00.0,2018-05-22T13:00:00.0,13,17491.82145,1,12324.54218,25857.97674,0.563537562,1.27023531593948e7
2018-05-22T09:00:00.0,2018-05-22T14:00:00.0,14,25559.82205,1,19186.53857,34320.30162,0.584368473,1.852943919720292e7
2018-05-22T10:00:00.0,2018-05-22T15:00:00.0,15,30263.37504,1,23252.42256,35205.73291,0.647238312,1.2415575906630874e7
2018-05-22T11:00:00.0,2018-05-22T16:00:00.0,16,32111.35453,1,28154.1003,36402.01455,0.469425126,5.490421909093142e6
2018-05-22T12:00:00.0,2018-05-22T17:00:00.0,17,33458.97666,1,25654.9952,41622.8692,0.536021322,2.172053967017007e7
2018-05-22T13:00:00.0,2018-05-22T18:00:00.0,18,33348.16028,1,25072.53884,38136.80025,0.67508464,1.5124362545557618e7
2018-05-22T14:00:00.0,2018-05-22T19:00:00.0,19,33202.00923,1,24915.74176,41629.64496,0.530047054,2.24793035904572e7
2018-05-22T15:00:00.0,2018-05-22T20:00:00.0,20,32603.32784,1,24440.20801,39620.86031,0.494299553,2.0357087080562353e7
2018-05-22T16:00:00.0,2018-05-22T21:00:00.0,21,32090.27164,1,25935.98638,39968.08555,0.332773032,1.4411830652860641e7
2018-05-22T17:00:00.0,2018-05-22T22:00:00.0,22,29698.7282,1,19618.09482,36507.67506,0.56944472,2.1800346470244408e7
2018-05-22T18:00:00.0,2018-05-22T23:00:00.0,23,24745.66155,1,14592.73958,32983.69267,0.437480154,2.9373937908880234e7
2018-05-22T19:00:00.0,2018-05-23T00:00:00.0,0,12165.68132,1,7387.433319,21492.53859,0.205701468,1.5831164347838163e7
2018-05-22T20:00:00.0,2018-05-23T01:00:00.0,1,1357.576443,1,87.66478888,5264.994531,0.167918396,2.233021274654366e6
2018-05-22T21:00:00.0,2018-05-23T02:00:00.0,2,0.0,1,0.0,0.0,0.01,0.12886473696786538
2018-05-22T22:00:00.0,2018-05-23T03:00:00.0,3,0.0,1,0.0,0.0,0.01,0.12886473696786538
2018-05-22T23:00:00.0,2018-05-23T04:00:00.0,4,0.0,1,0.0,0.0,0.01,0.12886473696786538
2018-05-23T00:00:00.0,2018-05-23T05:00:00.0,5,0.0,1,0.0,0.0,0.01,0.12886473696786538
2018-05-23T01:00:00.0,2018-05-23T06:00:00.0,6,0.0,1,0.0,0.0,0.01,0.12886473696786538
2018-05-23T02:00:00.0,2018-05-23T07:00:00.0,7,0.0,1,0.0,0.0,0.01,0.12886473696786538
2018-05-23T03:00:00.0,2018-05-23T08:00:00.0,8,0.0,1,0.0,0.0,0.01,0.12886473696786538
2018-05-23T04:00:00.0,2018-05-23T09:00:00.0,9,0.0,1,0.0,0.0,0.01,0.12886473696786538
2018-05-23T05:00:00.0,2018-05-23T10:00:00.0,10,0.0,1,0.0,0.0,0.01,0.12886473696786538
2018-05-23T06:00:00.0,2018-05-23T11:00:00.0,11,451.537218,0,0.0,0.0,0.99,0.12886473696786538
2018-05-23T07:00:00.0,2018-05-23T12:00:00.0,12,10116.30858,0,6583.393017,8372.266851,1.0,99160.72245729715
2018-05-23T08:00:00.0,2018-05-23T13:00:00.0,13,21874.31256,1,17358.09817,29337.71768,0.492444783,8.414113868813872e6
2018-05-23T09:00:00.0,2018-05-23T14:00:00.0,14,29703.59163,1,24459.8425,35928.74402,0.581735236,9.328419272271037e6
2018-05-23T10:00:00.0,2018-05-23T15:00:00.0,15,34525.16096,1,28453.26542,38590.20631,0.643069122,9.662337115568638e6
2018-05-23T11:00:00.0,2018-05-23T16:00:00.0,16,35246.02498,1,31462.62151,40426.1861,0.543089469,6.754289620353222e6
2018-05-23T12:00:00.0,2018-05-23T17:00:00.0,17,35561.18961,1,26378.98211,45836.33006,0.459812354,3.423410531640291e7
2018-05-23T13:00:00.0,2018-05-23T18:00:00.0,18,35179.70807,1,30001.60225,43094.37071,0.430740584,1.366707853908515e7
2018-05-23T14:00:00.0,2018-05-23T19:00:00.0,19,35796.86678,1,28010.461,39934.12928,0.55399075,1.1572379217897415e7
2018-05-23T15:00:00.0,2018-05-23T20:00:00.0,20,34535.31045,1,27553.73173,37590.7675,0.616509989,8.2047539632258415e6
2018-05-23T16:00:00.0,2018-05-23T21:00:00.0,21,31191.4556,1,20361.23628,40552.65038,0.490311346,3.676853345044994e7
2018-05-23T17:00:00.0,2018-05-23T22:00:00.0,22,26089.07231,1,16502.06224,31892.82342,0.492526652,2.309436827860737e7
2018-05-23T18:00:00.0,2018-05-23T23:00:00.0,23,19509.53372,1,13164.02835,26008.45992,0.37007662,1.3403357627134979e7
2018-05-23T19:00:00.0,2018-05-24T00:00:00.0,0,8502.36574,1,6369.595371,14657.29834,0.117691805,5.30253298832196e6
2018-05-23T20:00:00.0,2018-05-24T01:00:00.0,1,761.6859228,1,19.02808886,3311.80459,0.163403367,957288.6880572354
2018-05-23T21:00:00.0,2018-05-24T02:00:00.0,2,0.0,1,0.0,0.0,0.01,0.12886473696786538
2018-05-23T22:00:00.0,2018-05-24T03:00:00.0,3,0.0,1,0.0,0.0,0.01,0.12886473696786538
2018-05-23T23:00:00.0,2018-05-24T04:00:00.0,4,0.0,1,0.0,0.0,0.01,0.12886473696786538
2018-05-24T00:00:00.0,2018-05-24T05:00:00.0,5,0.0,1,0.0,0.0,0.01,0.12886473696786538
2018-05-24T01:00:00.0,2018-05-24T06:00:00.0,6,0.0,1,0.0,0.0,0.01,0.12886473696786538
2018-05-24T02:00:00.0,2018-05-24T07:00:00.0,7,0.0,1,0.0,0.0,0.01,0.12886473696786538
2018-05-24T03:00:00.0,2018-05-24T08:00:00.0,8,0.0,1,0.0,0.0,0.01,0.12886473696786538
2018-05-24T04:00:00.0,2018-05-24T09:00:00.0,9,0.0,1,0.0,0.0,0.01,0.12886473696786538
2018-05-24T05:00:00.0,2018-05-24T10:00:00.0,10,0.0,1,0.0,0.0,0.01,0.12886473696786538
2018-05-24T06:00:00.0,2018-05-24T11:00:00.0,11,528.1428993,0,0.0,0.0,0.99,0.12886473696786538
2018-05-24T07:00:00.0,2018-05-24T12:00:00.0,12,10598.89431,0,6162.426072,8589.666667,1.0,319881.27366223186
2018-05-24T08:00:00.0,2018-05-24T13:00:00.0,13,25009.87114,1,21935.58278,27018.69816,0.810194627,2.0700856832559109e6
2018-05-24T09:00:00.0,2018-05-24T14:00:00.0,14,32822.7007,1,29226.15543,39333.22622,0.526457784,8.772807650277376e6
2018-05-24T10:00:00.0,2018-05-24T15:00:00.0,15,36505.63004,1,27867.30828,42493.22096,0.566675438,1.7128863377300978e7
2018-05-24T11:00:00.0,2018-05-24T16:00:00.0,16,37802.60311,1,27421.81459,42570.91177,0.677135379,2.0346416513296604e7
2018-05-24T12:00:00.0,2018-05-24T17:00:00.0,17,38008.28886,1,33558.95072,43635.0384,0.469533934,8.743351837530136e6
2018-05-24T13:00:00.0,2018-05-24T18:00:00.0,18,38400.93414,1,32471.11607,39928.64792,0.708891321,3.825671144140959e6
2018-05-24T14:00:00.0,2018-05-24T19:00:00.0,19,36876.94831,1,31446.09647,39552.23408,0.509686062,5.893415560631514e6
2018-05-24T15:00:00.0,2018-05-24T20:00:00.0,20,35958.78516,1,30023.75513,42259.32706,0.541599625,1.1215439726051807e7
2018-05-24T16:00:00.0,2018-05-24T21:00:00.0,21,35660.09704,1,24385.8008,38784.16628,0.629645211,1.9196728637158632e7
2018-05-24T17:00:00.0,2018-05-24T22:00:00.0,22,34474.85368,1,22615.38026,41232.41351,0.511213653,2.8697626503493786e7
2018-05-24T18:00:00.0,2018-05-24T23:00:00.0,23,26536.5061,1,16289.39419,36013.9847,0.455959917,3.2421133968540788e7
2018-05-24T19:00:00.0,2018-05-25T00:00:00.0,0,12263.94881,1,7568.256777,20818.30628,0.164939858,1.1563732174138844e7
2018-05-24T20:00:00.0,2018-05-25T01:00:00.0,1,1350.400193,1,186.8365198,5423.29639,0.118100595,2.088004939075496e6
2018-05-24T21:00:00.0,2018-05-25T02:00:00.0,2,0.0,1,0.0,0.0,0.01,0.12886473696786538
2018-05-24T22:00:00.0,2018-05-25T03:00:00.0,3,0.0,1,0.0,0.0,0.01,0.12886473696786538
2018-05-24T23:00:00.0,2018-05-25T04:00:00.0,4,0.0,1,0.0,0.0,0.01,0.12886473696786538
2018-05-25T00:00:00.0,2018-05-25T05:00:00.0,5,0.0,1,0.0,0.0,0.01,0.12886473696786538
2018-05-25T01:00:00.0,2018-05-25T06:00:00.0,6,0.0,1,0.0,0.0,0.01,0.12886473696786538
2018-05-25T02:00:00.0,2018-05-25T07:00:00.0,7,0.0,1,0.0,0.0,0.01,0.12886473696786538
2018-05-25T03:00:00.0,2018-05-25T08:00:00.0,8,0.0,1,0.0,0.0,0.01,0.12886473696786538
2018-05-25T04:00:00.0,2018-05-25T09:00:00.0,9,0.0,1,0.0,0.0,0.01,0.12886473696786538
2018-05-25T05:00:00.0,2018-05-25T10:00:00.0,10,0.0,1,0.0,0.0,0.01,0.12886473696786538
2018-05-25T06:00:00.0,2018-05-25T11:00:00.0,11,587.2367714,0,0.0,0.0,0.99,0.12886473696786538
2018-05-25T07:00:00.0,2018-05-25T12:00:00.0,12,11872.66793,0,6786.696894,8529.330887,1.0,153152.13933701813
2018-05-25T08:00:00.0,2018-05-25T13:00:00.0,13,29449.35241,1,24611.23495,30489.86932,0.939144137,2.802929998734951e6
2018-05-25T09:00:00.0,2018-05-25T14:00:00.0,14,36961.57124,1,28852.57137,37214.11172,0.963798693,5.292720537320614e6
2018-05-25T10:00:00.0,2018-05-25T15:00:00.0,15,38569.75299,1,35214.51905,44224.5824,0.391274139,6.849213876166344e6
2018-05-25T11:00:00.0,2018-05-25T16:00:00.0,16,38635.18491,1,36436.72891,41243.51354,0.462809392,1.7347895946817398e6
2018-05-25T12:00:00.0,2018-05-25T17:00:00.0,17,37196.96916,1,36802.21174,44556.30909,0.107523403,4.458073180091381e6
2018-05-25T13:00:00.0,2018-05-25T18:00:00.0,18,36251.01585,1,29343.74035,41646.32904,0.487551159,1.270137228395772e7
2018-05-25T14:00:00.0,2018-05-25T19:00:00.0,19,35029.40201,1,32586.66703,44968.30091,0.165524736,1.2074749788912773e7
2018-05-25T15:00:00.0,2018-05-25T20:00:00.0,20,34291.43723,1,29419.88382,39583.83366,0.419532341,9.978179054238796e6
2018-05-25T16:00:00.0,2018-05-25T21:00:00.0,21,33629.80534,1,25798.13822,41466.09098,0.508937497,2.09211501167686e7
2018-05-25T17:00:00.0,2018-05-25T22:00:00.0,22,31312.6841,1,22765.50615,39424.12271,0.540063214,2.4227211677399993e7
2018-05-25T18:00:00.0,2018-05-25T23:00:00.0,23,26049.93367,1,18021.7321,34697.95028,0.280064297,1.879843426038921e7
2018-05-25T19:00:00.0,2018-05-26T00:00:00.0,0,13716.28748,1,9782.531198,22660.29785,0.230634343,1.5081723948496222e7
2018-05-25T20:00:00.0,2018-05-26T01:00:00.0,1,1856.405869,1,834.1424376,6792.167819,0.090749212,2.569085575599134e6
2018-05-25T21:00:00.0,2018-05-26T02:00:00.0,2,0.0,1,0.0,0.0,0.01,0.12886473696786538
2018-05-25T22:00:00.0,2018-05-26T03:00:00.0,3,0.0,1,0.0,0.0,0.01,0.12886473696786538
2018-05-25T23:00:00.0,2018-05-26T04:00:00.0,4,0.0,1,0.0,0.0,0.01,0.12886473696786538
2018-05-26T00:00:00.0,2018-05-26T05:00:00.0,5,0.0,1,0.0,0.0,0.01,0.12886473696786538
2018-05-26T01:00:00.0,2018-05-26T06:00:00.0,6,0.0,1,0.0,0.0,0.01,0.12886473696786538
2018-05-26T02:00:00.0,2018-05-26T07:00:00.0,7,0.0,1,0.0,0.0,0.01,0.12886473696786538
2018-05-26T03:00:00.0,2018-05-26T08:00:00.0,8,0.0,1,0.0,0.0,0.01,0.12886473696786538
2018-05-26T04:00:00.0,2018-05-26T09:00:00.0,9,0.0,1,0.0,0.0,0.01,0.12886473696786538
2018-05-26T05:00:00.0,2018-05-26T10:00:00.0,10,0.0,1,0.0,0.0,0.01,0.12886473696786538
2018-05-26T06:00:00.0,2018-05-26T11:00:00.0,11,498.1350494,0,0.0,0.0,0.99,0.12886473696786538
2018-05-26T07:00:00.0,2018-05-26T12:00:00.0,12,11001.07192,0,6273.75145,9902.400983,1.0,632939.0758045688
2018-05-26T08:00:00.0,2018-05-26T13:00:00.0,13,27269.91221,1,20263.2066,28470.17385,0.919639912,5.577653096375823e6
2018-05-26T09:00:00.0,2018-05-26T14:00:00.0,14,35604.28848,1,29375.8951,38060.45031,0.733627929,6.963460518009901e6
2018-05-26T10:00:00.0,2018-05-26T15:00:00.0,15,37169.65941,1,31655.60697,38926.65944,0.687700671,4.364662875758886e6
2018-05-26T11:00:00.0,2018-05-26T16:00:00.0,16,37406.81482,1,29615.6964,39296.69491,0.735554408,6.998469896840334e6
2018-05-26T12:00:00.0,2018-05-26T17:00:00.0,17,37795.3812,1,33529.7329,44975.70696,0.442252265,1.1691022297289133e7
2018-05-26T13:00:00.0,2018-05-26T18:00:00.0,18,38456.6798,1,33358.34337,41063.5344,0.64491466,4.538419254789591e6
2018-05-26T14:00:00.0,2018-05-26T19:00:00.0,19,37973.81267,1,30521.93794,43826.26044,0.510699879,1.4903878320641994e7
2018-05-26T15:00:00.0,2018-05-26T20:00:00.0,20,37800.24105,1,32125.41476,43291.99991,0.497530472,1.0806603589703083e7
2018-05-26T16:00:00.0,2018-05-26T21:00:00.0,21,36811.87173,1,27863.84951,44599.6463,0.489565361,2.667156561893797e7
2018-05-26T17:00:00.0,2018-05-26T22:00:00.0,22,33549.70351,1,27720.41499,37263.58816,0.543223501,7.916144411393642e6
2018-05-26T18:00:00.0,2018-05-26T23:00:00.0,23,27802.43489,1,20925.81554,36843.82257,0.403005236,2.3509051571059942e7
2018-05-26T19:00:00.0,2018-05-27T00:00:00.0,0,14246.87566,1,8575.681562,24994.38207,0.189387569,1.953543344858259e7
2018-05-26T20:00:00.0,2018-05-27T01:00:00.0,1,1883.103231,1,315.1501699,6601.241508,0.131569146,3.1512690777309444e6
2018-05-26T21:00:00.0,2018-05-27T02:00:00.0,2,0.0,1,0.0,0.0,0.01,0.12886473696786538
2018-05-26T22:00:00.0,2018-05-27T03:00:00.0,3,0.0,1,0.0,0.0,0.01,0.12886473696786538
2018-05-26T23:00:00.0,2018-05-27T04:00:00.0,4,0.0,1,0.0,0.0,0.01,0.12886473696786538
2018-05-27T00:00:00.0,2018-05-27T05:00:00.0,5,0.0,1,0.0,0.0,0.01,0.12886473696786538
2018-05-27T01:00:00.0,2018-05-27T06:00:00.0,6,0.0,1,0.0,0.0,0.01,0.12886473696786538
2018-05-27T02:00:00.0,2018-05-27T07:00:00.0,7,0.0,1,0.0,0.0,0.01,0.12886473696786538
2018-05-27T03:00:00.0,2018-05-27T08:00:00.0,8,0.0,1,0.0,0.0,0.01,0.12886473696786538
2018-05-27T04:00:00.0,2018-05-27T09:00:00.0,9,0.0,1,0.0,0.0,0.01,0.12886473696786538
2018-05-27T05:00:00.0,2018-05-27T10:00:00.0,10,0.0,1,0.0,0.0,0.01,0.12886473696786538
2018-05-27T06:00:00.0,2018-05-27T11:00:00.0,11,627.2060603,0,0.0,0.0,0.99,0.12886473696786538
2018-05-27T07:00:00.0,2018-05-27T12:00:00.0,12,10334.57354,0,7267.066238,9265.864917,1.0,167949.58018443733
2018-05-27T08:00:00.0,2018-05-27T13:00:00.0,13,25384.24089,1,23690.27396,29625.80641,0.57649768,1.8337340471315384e6
2018-05-27T09:00:00.0,2018-05-27T14:00:00.0,14,34393.01447,1,30537.7142,39632.40863,0.577838545,6.89057484550786e6
2018-05-27T10:00:00.0,2018-05-27T15:00:00.0,15,38111.52829,1,36578.79153,40580.4711,0.603317804,1.065892311687231e6
2018-05-27T11:00:00.0,2018-05-27T16:00:00.0,16,39085.6917,1,34635.30341,41563.04092,0.578238795,4.851279995219946e6
2018-05-27T12:00:00.0,2018-05-27T17:00:00.0,17,39264.11945,1,35373.01354,45452.59123,0.431548234,1.0252571312311888e7
2018-05-27T13:00:00.0,2018-05-27T18:00:00.0,18,39225.60449,1,32521.92622,44589.03751,0.565472753,1.103730577197361e7
2018-05-27T14:00:00.0,2018-05-27T19:00:00.0,19,39139.71274,1,34210.32661,46584.26809,0.389467908,1.3449486371422052e7
2018-05-27T15:00:00.0,2018-05-27T20:00:00.0,20,38635.16175,1,32656.11264,41474.88065,0.58960925,6.620527968706369e6
2018-05-27T16:00:00.0,2018-05-27T21:00:00.0,21,37511.70252,1,30222.14264,43574.81422,0.531882764,1.423673257720375e7
2018-05-27T17:00:00.0,2018-05-27T22:00:00.0,22,35363.75621,1,26263.62432,42402.29245,0.441116267,2.385715852153325e7
2018-05-27T18:00:00.0,2018-05-27T23:00:00.0,23,29920.04942,1,18816.06658,36665.97931,0.512867565,2.749251973443401e7
2018-05-27T19:00:00.0,2018-05-28T00:00:00.0,0,15226.52676,1,10569.93061,24120.85637,0.139401234,1.2493722113881111e7
2018-05-27T20:00:00.0,2018-05-28T01:00:00.0,1,1908.181526,1,221.2695887,6825.597607,0.156912146,3.894919082224831e6
2018-05-27T21:00:00.0,2018-05-28T02:00:00.0,2,0.0,1,0.0,0.0,0.01,0.12886473696786538
2018-05-27T22:00:00.0,2018-05-28T03:00:00.0,3,0.0,1,0.0,0.0,0.01,0.12886473696786538
2018-05-27T23:00:00.0,2018-05-28T04:00:00.0,4,0.0,1,0.0,0.0,0.01,0.12886473696786538
2018-05-28T00:00:00.0,2018-05-28T05:00:00.0,5,0.0,1,0.0,0.0,0.01,0.12886473696786538
2018-05-28T01:00:00.0,2018-05-28T06:00:00.0,6,0.0,1,0.0,0.0,0.01,0.12886473696786538
2018-05-28T02:00:00.0,2018-05-28T07:00:00.0,7,0.0,1,0.0,0.0,0.01,0.12886473696786538
2018-05-28T03:00:00.0,2018-05-28T08:00:00.0,8,0.0,1,0.0,0.0,0.01,0.12886473696786538
2018-05-28T04:00:00.0,2018-05-28T09:00:00.0,9,0.0,1,0.0,0.0,0.01,0.12886473696786538
2018-05-28T05:00:00.0,2018-05-28T10:00:00.0,10,0.0,1,0.0,0.0,0.01,0.12886473696786538
2018-05-28T06:00:00.0,2018-05-28T11:00:00.0,11,658.1833199,0,0.0,0.0,0.99,0.12886473696786538
2018-05-28T07:00:00.0,2018-05-28T12:00:00.0,12,12203.01748,0,7794.854722,11020.35803,1.0,450034.7394979596
2018-05-28T08:00:00.0,2018-05-28T13:00:00.0,13,29300.65357,1,21134.60744,31525.41245,0.847990961,9.165822482523441e6
2018-05-28T09:00:00.0,2018-05-28T14:00:00.0,14,36644.9795,1,28681.24604,42627.39165,0.672632224,1.5186207830549955e7
2018-05-28T10:00:00.0,2018-05-28T15:00:00.0,15,38208.73192,1,33492.77667,38567.03857,0.934985005,2.179428836567402e6
2018-05-28T11:00:00.0,2018-05-28T16:00:00.0,16,38236.10823,1,33733.79664,42259.68081,0.493571697,5.922295338948965e6
2018-05-28T12:00:00.0,2018-05-28T17:00:00.0,17,37981.35631,1,31693.05991,44470.14884,0.527088573,1.4704473622559309e7
2018-05-28T13:00:00.0,2018-05-28T18:00:00.0,18,38086.24337,1,33055.0372,45310.8972,0.426399067,1.3201755983475924e7
2018-05-28T14:00:00.0,2018-05-28T19:00:00.0,19,37688.21492,1,33400.30261,39345.15892,0.721283754,3.0442320217351913e6
2018-05-28T15:00:00.0,2018-05-28T20:00:00.0,20,37405.12014,1,34158.929,40140.11989,0.49267828,3.323849036677122e6
2018-05-28T16:00:00.0,2018-05-28T21:00:00.0,21,36371.39924,1,28208.3888,42266.30234,0.573079131,1.5419058670971394e7
2018-05-28T17:00:00.0,2018-05-28T22:00:00.0,22,35388.33873,1,25642.78822,43333.54945,0.505698251,2.7993978604196787e7
2018-05-28T18:00:00.0,2018-05-28T23:00:00.0,23,29990.44981,1,16761.9833,35729.21105,0.601903184,2.6996033194942713e7
2018-05-28T19:00:00.0,2018-05-29T00:00:00.0,0,15990.24409,1,11536.77813,24820.27539,0.227811608,1.4770420252890646e7
2018-05-28T20:00:00.0,2018-05-29T01:00:00.0,1,2170.480714,1,782.7433465,7295.889619,0.192314293,4.158988132406462e6
2018-05-28T21:00:00.0,2018-05-29T02:00:00.0,2,0.0,1,0.0,0.0,0.01,0.12886473696786538
2018-05-28T22:00:00.0,2018-05-29T03:00:00.0,3,0.0,1,0.0,0.0,0.01,0.12886473696786538
2018-05-28T23:00:00.0,2018-05-29T04:00:00.0,4,0.0,1,0.0,0.0,0.01,0.12886473696786538
2018-05-29T00:00:00.0,2018-05-29T05:00:00.0,5,0.0,1,0.0,0.0,0.01,0.12886473696786538
2018-05-29T01:00:00.0,2018-05-29T06:00:00.0,6,0.0,1,0.0,0.0,0.01,0.12886473696786538
2018-05-29T02:00:00.0,2018-05-29T07:00:00.0,7,0.0,1,0.0,0.0,0.01,0.12886473696786538
2018-05-29T03:00:00.0,2018-05-29T08:00:00.0,8,0.0,1,0.0,0.0,0.01,0.12886473696786538
2018-05-29T04:00:00.0,2018-05-29T09:00:00.0,9,0.0,1,0.0,0.0,0.01,0.12886473696786538
2018-05-29T05:00:00.0,2018-05-29T10:00:00.0,10,0.0,1,0.0,0.0,0.01,0.12886473696786538
2018-05-29T06:00:00.0,2018-05-29T11:00:00.0,11,616.7777132,0,0.0,0.0,0.99,0.12886473696786538
2018-05-29T07:00:00.0,2018-05-29T12:00:00.0,12,11920.84196,0,8149.319756,9489.249152,1.0,94426.02358938754
2018-05-29T08:00:00.0,2018-05-29T13:00:00.0,13,29018.57524,1,24586.4313,32445.49292,0.791161485,5.171987922943473e6
2018-05-29T09:00:00.0,2018-05-29T14:00:00.0,14,36902.48684,1,32277.99954,37659.62726,0.939464181,2.1215118368177414e6
2018-05-29T10:00:00.0,2018-05-29T15:00:00.0,15,38869.85658,1,32832.0851,46094.95203,0.445874182,1.4667670625043869e7
2018-05-29T11:00:00.0,2018-05-29T16:00:00.0,16,38957.18928,1,35797.94137,40417.57474,0.666799636,2.0307994273974895e6
2018-05-29T12:00:00.0,2018-05-29T17:00:00.0,17,39062.72418,1,37074.50179,44363.34269,0.345880062,4.074545385016203e6
2018-05-29T13:00:00.0,2018-05-29T18:00:00.0,18,39079.86796,1,31212.82993,40669.58866,0.759898993,6.169722566516876e6
2018-05-29T14:00:00.0,2018-05-29T19:00:00.0,19,39160.22074,1,35688.52418,46191.48278,0.369871188,9.305374226719618e6
2018-05-29T15:00:00.0,2018-05-29T20:00:00.0,20,39059.05379,1,36322.42918,42169.42767,0.496720474,2.68611960210824e6
2018-05-29T16:00:00.0,2018-05-29T21:00:00.0,21,38823.13821,1,30188.59629,39791.23912,0.878336414,8.403381458601952e6
2018-05-29T17:00:00.0,2018-05-29T22:00:00.0,22,37227.59772,1,30667.45769,43895.92959,0.452488263,1.680800905194664e7
2018-05-29T18:00:00.0,2018-05-29T23:00:00.0,23,31832.29144,1,22930.82815,40749.24064,0.417242095,2.7876102873906612e7
2018-05-29T19:00:00.0,2018-05-30T00:00:00.0,0,16779.19402,1,12541.36854,28258.73811,0.208104198,2.128078040818876e7
2018-05-29T20:00:00.0,2018-05-30T01:00:00.0,1,2376.016924,1,629.4865974,8722.997098,0.099086699,4.607871980329912e6
2018-05-29T21:00:00.0,2018-05-30T02:00:00.0,2,0.0,1,0.0,0.0,0.01,0.12886473696786538
2018-05-29T22:00:00.0,2018-05-30T03:00:00.0,3,0.0,1,0.0,0.0,0.01,0.12886473696786538
2018-05-29T23:00:00.0,2018-05-30T04:00:00.0,4,0.0,1,0.0,0.0,0.01,0.12886473696786538
2018-05-30T00:00:00.0,2018-05-30T05:00:00.0,5,0.0,1,0.0,0.0,0.01,0.12886473696786538
2018-05-30T01:00:00.0,2018-05-30T06:00:00.0,6,0.0,1,0.0,0.0,0.01,0.12886473696786538
2018-05-30T02:00:00.0,2018-05-30T07:00:00.0,7,0.0,1,0.0,0.0,0.01,0.12886473696786538
2018-05-30T03:00:00.0,2018-05-30T08:00:00.0,8,0.0,1,0.0,0.0,0.01,0.12886473696786538
2018-05-30T04:00:00.0,2018-05-30T09:00:00.0,9,0.0,1,0.0,0.0,0.01,0.12886473696786538
2018-05-30T05:00:00.0,2018-05-30T10:00:00.0,10,0.0,1,0.0,0.0,0.01,0.12886473696786538
2018-05-30T06:00:00.0,2018-05-30T11:00:00.0,11,545.3303042,0,0.0,0.0,0.99,0.12886473696786538
2018-05-30T07:00:00.0,2018-05-30T12:00:00.0,12,11810.01921,0,6871.349512,10756.12309,1.0,813493.4462450594
2018-05-30T08:00:00.0,2018-05-30T13:00:00.0,13,28521.80443,1,24520.36905,30689.13435,0.887680716,2.4273415917168856e6
2018-05-30T09:00:00.0,2018-05-30T14:00:00.0,14,36628.14309,1,31450.81107,43039.25693,0.486262435,1.0219776254763365e7
2018-05-30T10:00:00.0,2018-05-30T15:00:00.0,15,38482.20639,1,33249.11689,46041.01583,0.424191777,1.1918653255147696e7
2018-05-30T11:00:00.0,2018-05-30T16:00:00.0,16,38758.53582,1,33064.6211,45025.82265,0.541161291,1.2513951069039822e7
2018-05-30T12:00:00.0,2018-05-30T17:00:00.0,17,39073.51802,1,32326.03173,40162.91049,0.823035328,5.044035707394123e6
2018-05-30T13:00:00.0,2018-05-30T18:00:00.0,18,39514.85274,1,34540.49641,46023.46748,0.402028363,1.1984490451801777e7
2018-05-30T14:00:00.0,2018-05-30T19:00:00.0,19,39619.69954,1,36310.996,40525.22082,0.718315519,1.5511721258900166e6
2018-05-30T15:00:00.0,2018-05-30T20:00:00.0,20,39524.06159,1,35042.86613,46590.40592,0.47556106,1.0412964028106451e7
2018-05-30T16:00:00.0,2018-05-30T21:00:00.0,21,39071.08743,1,33428.74344,39617.16098,0.745899555,2.32690059781003e6
2018-05-30T17:00:00.0,2018-05-30T22:00:00.0,22,37408.7264,1,26303.75754,41073.44414,0.701572546,1.6638907424068213e7
2018-05-30T18:00:00.0,2018-05-30T23:00:00.0,23,31286.07795,1,19522.18259,41628.24184,0.435855365,3.809363047238982e7
2018-05-30T19:00:00.0,2018-05-31T00:00:00.0,0,16221.71146,1,10934.22169,28452.05188,0.179367221,2.4743286398591936e7
2018-05-30T20:00:00.0,2018-05-31T01:00:00.0,1,2220.876117,1,751.2802085,6921.516154,0.098252716,2.853709222385686e6
2018-05-30T21:00:00.0,2018-05-31T02:00:00.0,2,0.0,1,0.0,0.0,0.01,0.12886473696786538
2018-05-30T22:00:00.0,2018-05-31T03:00:00.0,3,0.0,1,0.0,0.0,0.01,0.12886473696786538
2018-05-30T23:00:00.0,2018-05-31T04:00:00.0,4,0.0,1,0.0,0.0,0.01,0.12886473696786538
2018-05-31T00:00:00.0,2018-05-31T05:00:00.0,5,0.0,1,0.0,0.0,0.01,0.12886473696786538
2018-05-31T01:00:00.0,2018-05-31T06:00:00.0,6,0.0,1,0.0,0.0,0.01,0.12886473696786538
2018-05-31T02:00:00.0,2018-05-31T07:00:00.0,7,0.0,1,0.0,0.0,0.01,0.12886473696786538
2018-05-31T03:00:00.0,2018-05-31T08:00:00.0,8,0.0,1,0.0,0.0,0.01,0.12886473696786538
2018-05-31T04:00:00.0,2018-05-31T09:00:00.0,9,0.0,1,0.0,0.0,0.01,0.12886473696786538
2018-05-31T05:00:00.0,2018-05-31T10:00:00.0,10,0.0,1,0.0,0.0,0.01,0.12886473696786538
2018-05-31T06:00:00.0,2018-05-31T11:00:00.0,11,540.2254868,0,0.0,0.0,0.99,0.12886473696786538
2018-05-31T07:00:00.0,2018-05-31T12:00:00.0,12,11036.3188,0,7486.27863,8978.726379,1.0,151083.05320054293
2018-05-31T08:00:00.0,2018-05-31T13:00:00.0,13,25566.90269,1,24497.5803,30489.84659,0.420540977,1.8312475419689417e6
2018-05-31T09:00:00.0,2018-05-31T14:00:00.0,14,32970.64014,1,31515.93192,39098.23848,0.352025618,4.688588070874453e6
2018-05-31T10:00:00.0,2018-05-31T15:00:00.0,15,36088.01197,1,33348.75228,44759.0337,0.261419721,1.2010885581428528e7
2018-05-31T11:00:00.0,2018-05-31T16:00:00.0,16,37497.53543,1,32544.75635,39467.67597,0.637041331,4.380857829543829e6
2018-05-31T12:00:00.0,2018-05-31T17:00:00.0,17,38070.40734,1,30870.85506,41890.43416,0.711526822,9.1007703713274e6
2018-05-31T13:00:00.0,2018-05-31T18:00:00.0,18,38461.11119,1,31258.85516,43489.10079,0.595185525,1.4705661975200891e7
2018-05-31T14:00:00.0,2018-05-31T19:00:00.0,19,38618.51439,1,31815.994,44326.67862,0.508880317,1.4981159578673124e7
2018-05-31T15:00:00.0,2018-05-31T20:00:00.0,20,38610.47164,1,33763.40069,44866.83444,0.477765507,1.106640994284153e7
2018-05-31T16:00:00.0,2018-05-31T21:00:00.0,21,38327.04716,1,35315.11468,39115.5096,0.771064229,1.225741236684084e6
2018-05-31T17:00:00.0,2018-05-31T22:00:00.0,22,36923.54543,1,30454.27069,42216.4825,0.493842356,1.1767849753454924e7
2018-05-31T18:00:00.0,2018-05-31T23:00:00.0,23,31128.62436,1,25894.48094,35391.08061,0.442233317,6.753445665765524e6
2018-05-31T19:00:00.0,2018-06-01T00:00:00.0,0,16219.28009,1,9833.067056,25911.83679,0.209596003,1.82839197082327e7
2018-05-31T20:00:00.0,2018-06-01T01:00:00.0,1,2305.485953,1,718.6116224,7521.489992,0.07028756,3.1873000361027867e6
2018-05-31T21:00:00.0,2018-06-01T02:00:00.0,2,0.0,1,0.0,0.0,0.01,0.12886473696786538
2018-05-31T22:00:00.0,2018-06-01T03:00:00.0,3,0.0,1,0.0,0.0,0.01,0.12886473696786538
2018-05-31T23:00:00.0,2018-06-01T04:00:00.0,4,0.0,1,0.0,0.0,0.01,0.12886473696786538
2018-06-01T00:00:00.0,2018-06-01T05:00:00.0,5,0.0,1,0.0,0.0,0.01,0.12886473696786538
2018-06-01T01:00:00.0,2018-06-01T06:00:00.0,6,0.0,1,0.0,0.0,0.01,0.12886473696786538
2018-06-01T02:00:00.0,2018-06-01T07:00:00.0,7,0.0,1,0.0,0.0,0.01,0.12886473696786538
2018-06-01T03:00:00.0,2018-06-01T08:00:00.0,8,0.0,1,0.0,0.0,0.01,0.12886473696786538
2018-06-01T04:00:00.0,2018-06-01T09:00:00.0,9,0.0,1,0.0,0.0,0.01,0.12886473696786538
2018-06-01T05:00:00.0,2018-06-01T10:00:00.0,10,0.0,1,0.0,0.0,0.01,0.12886473696786538
2018-06-01T06:00:00.0,2018-06-01T11:00:00.0,11,554.3238053,0,0.0,0.0,0.99,0.12886473696786538
2018-06-01T07:00:00.0,2018-06-01T12:00:00.0,12,10711.51775,0,7852.380413,9608.772078,1.0,189705.57221511006
2018-06-01T08:00:00.0,2018-06-01T13:00:00.0,13,25287.40075,1,22863.33103,29301.59534,0.796751656,1.7540839741187096e6
2018-06-01T09:00:00.0,2018-06-01T14:00:00.0,14,33793.797,1,31657.59842,36859.01026,0.643866613,1.9861134922459126e6
2018-06-01T10:00:00.0,2018-06-01T15:00:00.0,15,36949.42332,1,30694.48891,44880.46288,0.516230253,1.53383029754529e7
2018-06-01T11:00:00.0,2018-06-01T16:00:00.0,16,38282.00566,1,34966.00946,45687.85291,0.363019905,8.560018810492039e6
2018-06-01T12:00:00.0,2018-06-01T17:00:00.0,17,38818.41486,1,34440.99688,39340.06343,0.868537078,2.0008377953259945e6
2018-06-01T13:00:00.0,2018-06-01T18:00:00.0,18,38913.68976,1,30114.3596,41802.72486,0.611690767,1.3034257569225788e7
2018-06-01T14:00:00.0,2018-06-01T19:00:00.0,19,38841.83667,1,34752.91807,43446.72505,0.499280016,5.865998793393612e6
2018-06-01T15:00:00.0,2018-06-01T20:00:00.0,20,38520.12793,1,33151.0655,45060.50259,0.42074975,1.3496757926286697e7
2018-06-01T16:00:00.0,2018-06-01T21:00:00.0,21,37701.41653,1,25471.73065,43447.88169,0.646845101,2.5040639149211407e7
2018-06-01T17:00:00.0,2018-06-01T22:00:00.0,22,33938.68358,1,25157.76201,38434.37646,0.497966517,1.6609894420839548e7
2018-06-01T18:00:00.0,2018-06-01T23:00:00.0,23,26305.18804,1,18739.0568,33774.13753,0.421177699,1.952153963844514e7
2018-06-01T19:00:00.0,2018-06-02T00:00:00.0,0,12666.56291,1,6453.319449,22287.36224,0.224837825,2.1563895066370547e7
2018-06-01T20:00:00.0,2018-06-02T01:00:00.0,1,1736.970246,1,261.1557578,5663.642373,0.108173061,2.000594740512073e6
2018-06-01T21:00:00.0,2018-06-02T02:00:00.0,2,0.0,1,0.0,0.0,0.01,0.12886473696786538
2018-06-01T22:00:00.0,2018-06-02T03:00:00.0,3,0.0,1,0.0,0.0,0.01,0.12886473696786538
2018-06-01T23:00:00.0,2018-06-02T04:00:00.0,4,0.0,1,0.0,0.0,0.01,0.12886473696786538
2018-06-02T00:00:00.0,2018-06-02T05:00:00.0,5,0.0,1,0.0,0.0,0.01,0.12886473696786538
2018-06-02T01:00:00.0,2018-06-02T06:00:00.0,6,0.0,1,0.0,0.0,0.01,0.12886473696786538
2018-06-02T02:00:00.0,2018-06-02T07:00:00.0,7,0.0,1,0.0,0.0,0.01,0.12886473696786538
2018-06-02T03:00:00.0,2018-06-02T08:00:00.0,8,0.0,1,0.0,0.0,0.01,0.12886473696786538
2018-06-02T04:00:00.0,2018-06-02T09:00:00.0,9,0.0,1,0.0,0.0,0.01,0.12886473696786538
2018-06-02T05:00:00.0,2018-06-02T10:00:00.0,10,0.0,1,0.0,0.0,0.01,0.12886473696786538
2018-06-02T06:00:00.0,2018-06-02T11:00:00.0,11,452.7467557,0,0.0,0.0,0.99,0.12886473696786538
2018-06-02T07:00:00.0,2018-06-02T12:00:00.0,12,10489.74106,0,8507.012732,9191.52107,1.0,23198.073553934693
2018-06-02T08:00:00.0,2018-06-02T13:00:00.0,13,26711.44096,1,21290.30116,31393.62492,0.72488484,8.178836000054121e6
2018-06-02T09:00:00.0,2018-06-02T14:00:00.0,14,34256.79129,1,27489.14383,37004.7094,0.808257148,6.317225656891346e6
2018-06-02T10:00:00.0,2018-06-02T15:00:00.0,15,38099.08599,1,36819.90993,43921.43123,0.255191443,4.2585734747617245e6
2018-06-02T11:00:00.0,2018-06-02T16:00:00.0,16,38914.37975,1,33639.15055,41772.13697,0.566286381,6.463631037885666e6
2018-06-02T12:00:00.0,2018-06-02T17:00:00.0,17,39179.73016,1,33702.49593,46974.33961,0.443455612,1.3580504919348001e7
2018-06-02T13:00:00.0,2018-06-02T18:00:00.0,18,38974.01628,1,32101.25403,45082.12695,0.555925493,1.3641282577302694e7
2018-06-02T14:00:00.0,2018-06-02T19:00:00.0,19,38704.4878,1,30963.79169,45350.41566,0.510459787,1.7872107343920708e7
2018-06-02T15:00:00.0,2018-06-02T20:00:00.0,20,38236.93066,1,32615.71367,43289.30155,0.521446279,1.0820522441874743e7
2018-06-02T16:00:00.0,2018-06-02T21:00:00.0,21,37391.20076,1,25467.19779,41324.02494,0.695654835,2.0371793042366743e7
2018-06-02T17:00:00.0,2018-06-02T22:00:00.0,22,33957.96408,1,25542.36632,36937.30982,0.656791815,9.726466014822125e6
2018-06-02T18:00:00.0,2018-06-02T23:00:00.0,23,27894.48227,1,16073.66053,37277.92967,0.448606991,4.333697320273888e7
2018-06-02T19:00:00.0,2018-06-03T00:00:00.0,0,13659.11761,1,6623.439393,25464.03681,0.206138342,2.464484817932999e7
2018-06-02T20:00:00.0,2018-06-03T01:00:00.0,1,1869.246005,1,305.9146506,5906.153907,0.140087715,2.2492362899126075e6
2018-06-02T21:00:00.0,2018-06-03T02:00:00.0,2,0.0,1,0.0,0.0,0.01,0.12886473696786538
2018-06-02T22:00:00.0,2018-06-03T03:00:00.0,3,0.0,1,0.0,0.0,0.01,0.12886473696786538
2018-06-02T23:00:00.0,2018-06-03T04:00:00.0,4,0.0,1,0.0,0.0,0.01,0.12886473696786538
2018-06-03T00:00:00.0,2018-06-03T05:00:00.0,5,0.0,1,0.0,0.0,0.01,0.12886473696786538
2018-06-03T01:00:00.0,2018-06-03T06:00:00.0,6,0.0,1,0.0,0.0,0.01,0.12886473696786538
2018-06-03T02:00:00.0,2018-06-03T07:00:00.0,7,0.0,1,0.0,0.0,0.01,0.12886473696786538
2018-06-03T03:00:00.0,2018-06-03T08:00:00.0,8,0.0,1,0.0,0.0,0.01,0.12886473696786538
2018-06-03T04:00:00.0,2018-06-03T09:00:00.0,9,0.0,1,0.0,0.0,0.01,0.12886473696786538
2018-06-03T05:00:00.0,2018-06-03T10:00:00.0,10,0.0,1,0.0,0.0,0.01,0.12886473696786538
2018-06-03T06:00:00.0,2018-06-03T11:00:00.0,11,404.3679519,0,0.0,0.0,0.99,0.12886473696786538
2018-06-03T07:00:00.0,2018-06-03T12:00:00.0,12,7435.712596,1,4873.713344,8263.52672,0.895466956,900104.1264259219
2018-06-03T08:00:00.0,2018-06-03T13:00:00.0,13,20467.82742,1,15617.0889,26341.67984,0.685033601,8.869641101394713e6
2018-06-03T09:00:00.0,2018-06-03T14:00:00.0,14,29822.18825,1,23922.12118,37638.23614,0.560928021,1.7697356565511584e7
2018-06-03T10:00:00.0,2018-06-03T15:00:00.0,15,34704.78243,1,22362.75851,36970.65524,0.763781641,1.9308057714184046e7
2018-06-03T11:00:00.0,2018-06-03T16:00:00.0,16,36921.14771,1,27023.28245,40514.09592,0.741091927,1.802922140253973e7
2018-06-03T12:00:00.0,2018-06-03T17:00:00.0,17,37816.88863,1,27762.24917,41649.81631,0.685930314,1.7718117195515156e7
2018-06-03T13:00:00.0,2018-06-03T18:00:00.0,18,38181.95046,1,27555.19982,40294.72946,0.797760328,1.4086518445075035e7
2018-06-03T14:00:00.0,2018-06-03T19:00:00.0,19,38401.93344,1,24647.03945,41295.4115,0.801236081,2.2172978005354166e7
2018-06-03T15:00:00.0,2018-06-03T20:00:00.0,20,37991.5427,1,29086.84644,40837.88728,0.709975476,1.151626633530879e7
2018-06-03T16:00:00.0,2018-06-03T21:00:00.0,21,36908.03844,1,23969.19862,38605.47202,0.837584843,1.5039799082946777e7
2018-06-03T17:00:00.0,2018-06-03T22:00:00.0,22,33725.80398,1,21534.37471,37024.33648,0.633582509,1.7666105776502848e7
2018-06-03T18:00:00.0,2018-06-03T23:00:00.0,23,26829.64829,1,12844.63587,31341.59179,0.644164416,2.99108912683295e7
2018-06-03T19:00:00.0,2018-06-04T00:00:00.0,0,12179.85527,1,6942.03304,21365.70131,0.229994737,1.7440848707513362e7
2018-06-03T20:00:00.0,2018-06-04T01:00:00.0,1,1540.699804,1,85.7495376,5386.766666,0.149881715,2.0862853520543557e6
2018-06-03T21:00:00.0,2018-06-04T02:00:00.0,2,0.0,1,0.0,0.0,0.01,0.12886473696786538
2018-06-03T22:00:00.0,2018-06-04T03:00:00.0,3,0.0,1,0.0,0.0,0.01,0.12886473696786538
2018-06-03T23:00:00.0,2018-06-04T04:00:00.0,4,0.0,1,0.0,0.0,0.01,0.12886473696786538
2018-06-04T00:00:00.0,2018-06-04T05:00:00.0,5,0.0,1,0.0,0.0,0.01,0.12886473696786538
2018-06-04T01:00:00.0,2018-06-04T06:00:00.0,6,0.0,1,0.0,0.0,0.01,0.12886473696786538
2018-06-04T02:00:00.0,2018-06-04T07:00:00.0,7,0.0,1,0.0,0.0,0.01,0.12886473696786538
2018-06-04T03:00:00.0,2018-06-04T08:00:00.0,8,0.0,1,0.0,0.0,0.01,0.12886473696786538
2018-06-04T04:00:00.0,2018-06-04T09:00:00.0,9,0.0,1,0.0,0.0,0.01,0.12886473696786538
2018-06-04T05:00:00.0,2018-06-04T10:00:00.0,10,0.0,1,0.0,0.0,0.01,0.12886473696786538
2018-06-04T06:00:00.0,2018-06-04T11:00:00.0,11,166.2123482,0,0.0,0.0,0.99,0.12886473696786538
2018-06-04T07:00:00.0,2018-06-04T12:00:00.0,12,4674.741831,0,7209.551415,8768.637882,0.0,39789.26788497716
2018-06-04T08:00:00.0,2018-06-04T13:00:00.0,13,14501.28669,0,19083.79265,29473.03567,0.0,7.226499633369744e6
2018-06-04T09:00:00.0,2018-06-04T14:00:00.0,14,23596.84725,0,28874.35103,38502.58381,0.0,6.631177498320937e6
2018-06-04T10:00:00.0,2018-06-04T15:00:00.0,15,28571.18914,0,30716.67248,42083.85059,0.0,8.337684483184099e6
2018-06-04T11:00:00.0,2018-06-04T16:00:00.0,16,32071.78349,1,28188.11475,45483.5667,0.315285804,2.5073748210828304e7
2018-06-04T12:00:00.0,2018-06-04T17:00:00.0,17,33902.56385,1,31714.72233,46109.02734,0.288632898,1.4172675116477728e7
2018-06-04T13:00:00.0,2018-06-04T18:00:00.0,18,35811.00444,1,30778.62541,44748.86256,0.358365761,1.8114538015506744e7
2018-06-04T14:00:00.0,2018-06-04T19:00:00.0,19,35676.48623,1,33430.30757,42144.91693,0.259108777,5.954907307116032e6
2018-06-04T15:00:00.0,2018-06-04T20:00:00.0,20,35669.53612,1,30491.28279,43542.65406,0.461202652,1.2441282442953348e7
2018-06-04T16:00:00.0,2018-06-04T21:00:00.0,21,34636.53836,1,26429.429,41301.49677,0.520255866,1.7996666441263437e7
2018-06-04T17:00:00.0,2018-06-04T22:00:00.0,22,32517.28604,1,23816.32234,38415.04454,0.512595324,2.107176871507883e7
2018-06-04T18:00:00.0,2018-06-04T23:00:00.0,23,27544.92062,1,18012.34814,31241.19176,0.537987076,1.3049185086222172e7
2018-06-04T19:00:00.0,2018-06-05T00:00:00.0,0,15062.12592,1,8512.352742,23122.034,0.25788968,1.5455744316709757e7
2018-06-04T20:00:00.0,2018-06-05T01:00:00.0,1,2432.348482,1,582.2279586,8355.73121,0.104602173,4.6393038363096975e6
2018-06-04T21:00:00.0,2018-06-05T02:00:00.0,2,0.0,1,0.0,0.0,0.01,0.12886473696786538
2018-06-04T22:00:00.0,2018-06-05T03:00:00.0,3,0.0,1,0.0,0.0,0.01,0.12886473696786538
2018-06-04T23:00:00.0,2018-06-05T04:00:00.0,4,0.0,1,0.0,0.0,0.01,0.12886473696786538
2018-06-05T00:00:00.0,2018-06-05T05:00:00.0,5,0.0,1,0.0,0.0,0.01,0.12886473696786538
2018-06-05T01:00:00.0,2018-06-05T06:00:00.0,6,0.0,1,0.0,0.0,0.01,0.12886473696786538
2018-06-05T02:00:00.0,2018-06-05T07:00:00.0,7,0.0,1,0.0,0.0,0.01,0.12886473696786538
2018-06-05T03:00:00.0,2018-06-05T08:00:00.0,8,0.0,1,0.0,0.0,0.01,0.12886473696786538
2018-06-05T04:00:00.0,2018-06-05T09:00:00.0,9,0.0,1,0.0,0.0,0.01,0.12886473696786538
2018-06-05T05:00:00.0,2018-06-05T10:00:00.0,10,0.0,1,0.0,0.0,0.01,0.12886473696786538
2018-06-05T06:00:00.0,2018-06-05T11:00:00.0,11,401.2035509,0,0.0,0.0,0.99,0.12886473696786538
2018-06-05T07:00:00.0,2018-06-05T12:00:00.0,12,8627.073114,1,6543.159468,10479.42275,0.960094596,551170.0071116537
2018-06-05T08:00:00.0,2018-06-05T13:00:00.0,13,23275.77934,1,19230.59846,28696.95084,0.78592382,6.309189255333006e6
2018-06-05T09:00:00.0,2018-06-05T14:00:00.0,14,31214.40577,1,26062.07418,35977.14796,0.657272029,7.674382603075743e6
2018-06-05T10:00:00.0,2018-06-05T15:00:00.0,15,35172.00658,1,28807.33675,44474.91415,0.418346255,1.9485240664707184e7
2018-06-05T11:00:00.0,2018-06-05T16:00:00.0,16,37428.34013,1,32135.71816,44402.09375,0.482239993,1.2754381929210186e7
2018-06-05T12:00:00.0,2018-06-05T17:00:00.0,17,38448.26478,1,28247.62577,39947.18765,0.827374823,1.1318984614206076e7
2018-06-05T13:00:00.0,2018-06-05T18:00:00.0,18,38713.5155,1,30245.30326,40303.11256,0.704024706,7.854827793004036e6
2018-06-05T14:00:00.0,2018-06-05T19:00:00.0,19,38720.58707,1,31594.88721,39390.6014,0.875623862,4.869675801167011e6
2018-06-05T15:00:00.0,2018-06-05T20:00:00.0,20,38383.76605,1,29190.60869,41859.75246,0.578495861,1.487896858442998e7
2018-06-05T16:00:00.0,2018-06-05T21:00:00.0,21,37590.63867,1,30371.10509,44161.15396,0.560210997,1.801388220542097e7
2018-06-05T17:00:00.0,2018-06-05T22:00:00.0,22,34890.53272,1,22933.20459,40366.32756,0.56738861,2.5431435632963657e7
2018-06-05T18:00:00.0,2018-06-05T23:00:00.0,23,27786.23131,1,19697.5871,36275.55633,0.386730894,2.0797489127453446e7
2018-06-05T19:00:00.0,2018-06-06T00:00:00.0,0,14497.68153,1,6062.778537,25186.44202,0.336891569,3.0933145225996137e7
2018-06-05T20:00:00.0,2018-06-06T01:00:00.0,1,2134.887609,1,542.9011808,6616.323328,0.139161681,2.8549521454341374e6
2018-06-05T21:00:00.0,2018-06-06T02:00:00.0,2,0.0,1,0.0,0.0,0.01,0.12886473696786538
2018-06-05T22:00:00.0,2018-06-06T03:00:00.0,3,0.0,1,0.0,0.0,0.01,0.12886473696786538
2018-06-05T23:00:00.0,2018-06-06T04:00:00.0,4,0.0,1,0.0,0.0,0.01,0.12886473696786538
2018-06-06T00:00:00.0,2018-06-06T05:00:00.0,5,0.0,1,0.0,0.0,0.01,0.12886473696786538
2018-06-06T01:00:00.0,2018-06-06T06:00:00.0,6,0.0,1,0.0,0.0,0.01,0.12886473696786538
2018-06-06T02:00:00.0,2018-06-06T07:00:00.0,7,0.0,1,0.0,0.0,0.01,0.12886473696786538
2018-06-06T03:00:00.0,2018-06-06T08:00:00.0,8,0.0,1,0.0,0.0,0.01,0.12886473696786538
2018-06-06T04:00:00.0,2018-06-06T09:00:00.0,9,0.0,1,0.0,0.0,0.01,0.12886473696786538
2018-06-06T05:00:00.0,2018-06-06T10:00:00.0,10,0.0,1,0.0,0.0,0.01,0.12886473696786538
2018-06-06T06:00:00.0,2018-06-06T11:00:00.0,11,426.17211,0,0.0,0.0,0.99,0.12886473696786538
2018-06-06T07:00:00.0,2018-06-06T12:00:00.0,12,9465.430037,1,7891.029708,9905.360576,0.959792346,196098.24493311346
2018-06-06T08:00:00.0,2018-06-06T13:00:00.0,13,25100.83578,1,20062.92793,31886.38158,0.591402015,1.0328041725352287e7
2018-06-06T09:00:00.0,2018-06-06T14:00:00.0,14,33376.36749,1,27797.43616,39458.72358,0.541845193,1.197497760753584e7
2018-06-06T10:00:00.0,2018-06-06T15:00:00.0,15,37062.53138,1,28784.5446,37910.10792,0.890804322,7.28281340196085e6
2018-06-06T11:00:00.0,2018-06-06T16:00:00.0,16,37012.28971,1,34339.25403,44930.93215,0.345723967,1.000440019127369e7
2018-06-06T12:00:00.0,2018-06-06T17:00:00.0,17,37234.37739,1,29460.88623,43001.10501,0.556565797,1.4879623898950815e7
2018-06-06T13:00:00.0,2018-06-06T18:00:00.0,18,36265.17546,1,27780.59176,45688.15364,0.495342822,2.9476214344956636e7
2018-06-06T14:00:00.0,2018-06-06T19:00:00.0,19,35391.914,1,28316.29363,43873.02002,0.423311329,1.9389280233227253e7
2018-06-06T15:00:00.0,2018-06-06T20:00:00.0,20,35311.4013,1,30502.88709,43237.39945,0.399900913,1.352241662407732e7
2018-06-06T16:00:00.0,2018-06-06T21:00:00.0,21,34150.03829,1,22025.63823,37273.64483,0.704294311,2.0239574741675615e7
2018-06-06T17:00:00.0,2018-06-06T22:00:00.0,22,31076.54462,1,19067.85194,38726.4489,0.56787198,3.620890224931979e7
2018-06-06T18:00:00.0,2018-06-06T23:00:00.0,23,25430.20317,1,14336.33224,31326.18572,0.555610102,2.83801721185019e7
2018-06-06T19:00:00.0,2018-06-07T00:00:00.0,0,13387.2301,1,7565.657886,20887.10325,0.308228926,1.5229024846884698e7
2018-06-06T20:00:00.0,2018-06-07T01:00:00.0,1,2110.300064,1,258.4904888,7115.439709,0.164164045,4.0331793670478165e6
2018-06-06T21:00:00.0,2018-06-07T02:00:00.0,2,0.0,1,0.0,0.0,0.01,0.12886473696786538
2018-06-06T22:00:00.0,2018-06-07T03:00:00.0,3,0.0,1,0.0,0.0,0.01,0.12886473696786538
2018-06-06T23:00:00.0,2018-06-07T04:00:00.0,4,0.0,1,0.0,0.0,0.01,0.12886473696786538
2018-06-07T00:00:00.0,2018-06-07T05:00:00.0,5,0.0,1,0.0,0.0,0.01,0.12886473696786538
2018-06-07T01:00:00.0,2018-06-07T06:00:00.0,6,0.0,1,0.0,0.0,0.01,0.12886473696786538
2018-06-07T02:00:00.0,2018-06-07T07:00:00.0,7,0.0,1,0.0,0.0,0.01,0.12886473696786538
2018-06-07T03:00:00.0,2018-06-07T08:00:00.0,8,0.0,1,0.0,0.0,0.01,0.12886473696786538
2018-06-07T04:00:00.0,2018-06-07T09:00:00.0,9,0.0,1,0.0,0.0,0.01,0.12886473696786538
2018-06-07T05:00:00.0,2018-06-07T10:00:00.0,10,0.0,1,0.0,0.0,0.01,0.12886473696786538
2018-06-07T06:00:00.0,2018-06-07T11:00:00.0,11,450.4723821,0,0.0,0.0,0.99,0.12886473696786538
2018-06-07T07:00:00.0,2018-06-07T12:00:00.0,12,9164.799061,1,6920.949855,10220.12677,0.956283918,504515.4355559051
2018-06-07T08:00:00.0,2018-06-07T13:00:00.0,13,24379.55827,1,17411.74208,31480.55511,0.653349605,1.750022767599213e7
2018-06-07T09:00:00.0,2018-06-07T14:00:00.0,14,31939.87951,1,24591.35256,41584.03454,0.485098855,2.0840826507838845e7
2018-06-07T10:00:00.0,2018-06-07T15:00:00.0,15,34645.34378,1,27264.88189,42551.23454,0.530823817,2.10931166297822e7
2018-06-07T11:00:00.0,2018-06-07T16:00:00.0,16,35796.70675,1,28538.40443,39218.43571,0.638589201,9.07326170927906e6
2018-06-07T12:00:00.0,2018-06-07T17:00:00.0,17,36041.10196,1,30293.59691,46031.66625,0.379384167,2.1471612874569416e7
2018-06-07T13:00:00.0,2018-06-07T18:00:00.0,18,35663.89027,1,27180.95565,42928.0538,0.572027118,1.8943809892347097e7
2018-06-07T14:00:00.0,2018-06-07T19:00:00.0,19,35297.1982,1,29324.99744,39861.33184,0.607372411,1.1139930774055958e7
2018-06-07T15:00:00.0,2018-06-07T20:00:00.0,20,32793.36357,1,28640.32975,42701.47445,0.331283284,1.7834396518428087e7
2018-06-07T16:00:00.0,2018-06-07T21:00:00.0,21,29350.22343,1,22429.96251,40088.53374,0.40788567,2.5335285420200467e7
2018-06-07T17:00:00.0,2018-06-07T22:00:00.0,22,24823.77892,1,17521.59897,39742.83622,0.344197247,4.525473733566356e7
2018-06-07T18:00:00.0,2018-06-07T23:00:00.0,23,18860.1117,1,11710.8114,27575.89442,0.473492538,2.1109528090590656e7
2018-06-07T19:00:00.0,2018-06-08T00:00:00.0,0,11291.37061,1,5629.783873,17091.10971,0.394486403,1.2261694643645972e7
2018-06-07T20:00:00.0,2018-06-08T01:00:00.0,1,1963.411113,1,811.9937068,6565.161288,0.121946172,2.737830452175148e6
2018-06-07T21:00:00.0,2018-06-08T02:00:00.0,2,0.0,1,0.0,0.0,0.01,0.12886473696786538
2018-06-07T22:00:00.0,2018-06-08T03:00:00.0,3,0.0,1,0.0,0.0,0.01,0.12886473696786538
2018-06-07T23:00:00.0,2018-06-08T04:00:00.0,4,0.0,1,0.0,0.0,0.01,0.12886473696786538
2018-06-08T00:00:00.0,2018-06-08T05:00:00.0,5,0.0,1,0.0,0.0,0.01,0.12886473696786538
2018-06-08T01:00:00.0,2018-06-08T06:00:00.0,6,0.0,1,0.0,0.0,0.01,0.12886473696786538
2018-06-08T02:00:00.0,2018-06-08T07:00:00.0,7,0.0,1,0.0,0.0,0.01,0.12886473696786538
2018-06-08T03:00:00.0,2018-06-08T08:00:00.0,8,0.0,1,0.0,0.0,0.01,0.12886473696786538
2018-06-08T04:00:00.0,2018-06-08T09:00:00.0,9,0.0,1,0.0,0.0,0.01,0.12886473696786538
2018-06-08T05:00:00.0,2018-06-08T10:00:00.0,10,0.0,1,0.0,0.0,0.01,0.12886473696786538
2018-06-08T06:00:00.0,2018-06-08T11:00:00.0,11,388.786108,0,0.0,0.0,0.99,0.12886473696786538
2018-06-08T07:00:00.0,2018-06-08T12:00:00.0,12,8477.31812,1,7812.496108,9899.760094,0.804108904,183235.6393827647
2018-06-08T08:00:00.0,2018-06-08T13:00:00.0,13,21338.94916,0,21821.64801,29762.01954,0.0,3.6425525072762966e6
2018-06-08T09:00:00.0,2018-06-08T14:00:00.0,14,31638.82702,0,33944.04753,41586.48684,0.0,3.403872127997875e6
2018-06-08T10:00:00.0,2018-06-08T15:00:00.0,15,35638.72394,1,31940.11518,40216.26569,0.554659333,5.882264144060612e6
2018-06-08T11:00:00.0,2018-06-08T16:00:00.0,16,36898.41118,1,33255.24045,43062.34923,0.405926457,5.816812074957848e6
2018-06-08T12:00:00.0,2018-06-08T17:00:00.0,17,37085.4556,1,35333.94804,42662.02907,0.317287097,4.712799606612921e6
2018-06-08T13:00:00.0,2018-06-08T18:00:00.0,18,36882.49753,1,32319.91957,46038.07908,0.391223144,1.669839302829051e7
2018-06-08T14:00:00.0,2018-06-08T19:00:00.0,19,37012.41503,1,32842.93317,43459.54785,0.452896896,7.960708801181078e6
2018-06-08T15:00:00.0,2018-06-08T20:00:00.0,20,36229.51273,1,30958.23037,45689.39242,0.39325369,1.942888924653864e7
2018-06-08T16:00:00.0,2018-06-08T21:00:00.0,21,36230.6561,1,28121.97395,40166.82122,0.623461162,1.254159620596981e7
2018-06-08T17:00:00.0,2018-06-08T22:00:00.0,22,33393.80338,1,24541.99118,43006.41769,0.510147879,2.5656644369666576e7
2018-06-08T18:00:00.0,2018-06-08T23:00:00.0,23,26749.99632,1,17620.62261,32699.87194,0.500650225,1.860631793407607e7
2018-06-08T19:00:00.0,2018-06-09T00:00:00.0,0,13436.81538,1,8290.028035,24880.0809,0.168262464,2.3926948218738377e7
2018-06-08T20:00:00.0,2018-06-09T01:00:00.0,1,1876.419646,1,802.5005865,5855.546844,0.115934464,1.9906415921878535e6
2018-06-08T21:00:00.0,2018-06-09T02:00:00.0,2,0.0,1,0.0,0.0,0.01,0.12886473696786538
2018-06-08T22:00:00.0,2018-06-09T03:00:00.0,3,0.0,1,0.0,0.0,0.01,0.12886473696786538
2018-06-08T23:00:00.0,2018-06-09T04:00:00.0,4,0.0,1,0.0,0.0,0.01,0.12886473696786538
2018-06-09T00:00:00.0,2018-06-09T05:00:00.0,5,0.0,1,0.0,0.0,0.01,0.12886473696786538
2018-06-09T01:00:00.0,2018-06-09T06:00:00.0,6,0.0,1,0.0,0.0,0.01,0.12886473696786538
2018-06-09T02:00:00.0,2018-06-09T07:00:00.0,7,0.0,1,0.0,0.0,0.01,0.12886473696786538
2018-06-09T03:00:00.0,2018-06-09T08:00:00.0,8,0.0,1,0.0,0.0,0.01,0.12886473696786538
2018-06-09T04:00:00.0,2018-06-09T09:00:00.0,9,0.0,1,0.0,0.0,0.01,0.12886473696786538
2018-06-09T05:00:00.0,2018-06-09T10:00:00.0,10,0.0,1,0.0,0.0,0.01,0.12886473696786538
2018-06-09T06:00:00.0,2018-06-09T11:00:00.0,11,559.3853411,0,0.0,0.0,0.99,0.12886473696786538
2018-06-09T07:00:00.0,2018-06-09T12:00:00.0,12,10083.77262,1,8143.069312,10955.10179,0.974705741,254724.38883952796
2018-06-09T08:00:00.0,2018-06-09T13:00:00.0,13,25474.03655,1,22948.55187,30787.88653,0.639709608,3.396391710952997e6
2018-06-09T09:00:00.0,2018-06-09T14:00:00.0,14,33166.36293,1,30451.34997,35642.66298,0.791984532,1.7787267376344204e6
2018-06-09T10:00:00.0,2018-06-09T15:00:00.0,15,35691.1594,1,29650.28749,39284.23794,0.617512427,9.155030889428377e6
2018-06-09T11:00:00.0,2018-06-09T16:00:00.0,16,36760.72713,1,33488.40522,39184.48648,0.559376091,2.4168702079081535e6
2018-06-09T12:00:00.0,2018-06-09T17:00:00.0,17,37085.65569,1,29818.0523,39568.23859,0.617548054,9.078044217899323e6
2018-06-09T13:00:00.0,2018-06-09T18:00:00.0,18,35949.91476,1,28945.75787,38550.58907,0.6373769,7.339193630795717e6
2018-06-09T14:00:00.0,2018-06-09T19:00:00.0,19,35569.09889,1,28489.06725,40550.21963,0.463885472,1.179608242164731e7
2018-06-09T15:00:00.0,2018-06-09T20:00:00.0,20,34426.75217,1,27429.56193,40191.36609,0.513771891,1.2582550966456413e7
2018-06-09T16:00:00.0,2018-06-09T21:00:00.0,21,32774.56671,1,26790.266,37884.32053,0.562478403,1.1927445755513549e7
2018-06-09T17:00:00.0,2018-06-09T22:00:00.0,22,30579.17213,1,20366.04148,35848.89665,0.660491111,1.831205811830938e7
2018-06-09T18:00:00.0,2018-06-09T23:00:00.0,23,25448.62942,1,14663.67443,30571.13101,0.689454888,2.0565374837530613e7
2018-06-09T19:00:00.0,2018-06-10T00:00:00.0,0,13822.07987,1,9262.803669,22001.38174,0.243819173,1.4253878490165114e7
2018-06-09T20:00:00.0,2018-06-10T01:00:00.0,1,2292.833934,1,260.9293967,7274.917989,0.160828931,4.0580674790803306e6
2018-06-09T21:00:00.0,2018-06-10T02:00:00.0,2,0.0,1,0.0,0.0,0.01,0.12886473696786538
2018-06-09T22:00:00.0,2018-06-10T03:00:00.0,3,0.0,1,0.0,0.0,0.01,0.12886473696786538
2018-06-09T23:00:00.0,2018-06-10T04:00:00.0,4,0.0,1,0.0,0.0,0.01,0.12886473696786538
2018-06-10T00:00:00.0,2018-06-10T05:00:00.0,5,0.0,1,0.0,0.0,0.01,0.12886473696786538
2018-06-10T01:00:00.0,2018-06-10T06:00:00.0,6,0.0,1,0.0,0.0,0.01,0.12886473696786538
2018-06-10T02:00:00.0,2018-06-10T07:00:00.0,7,0.0,1,0.0,0.0,0.01,0.12886473696786538
2018-06-10T03:00:00.0,2018-06-10T08:00:00.0,8,0.0,1,0.0,0.0,0.01,0.12886473696786538
2018-06-10T04:00:00.0,2018-06-10T09:00:00.0,9,0.0,1,0.0,0.0,0.01,0.12886473696786538
2018-06-10T05:00:00.0,2018-06-10T10:00:00.0,10,0.0,1,0.0,0.0,0.01,0.12886473696786538
2018-06-10T06:00:00.0,2018-06-10T11:00:00.0,11,519.2329151,0,0.0,0.0,0.99,0.12886473696786538
2018-06-10T07:00:00.0,2018-06-10T12:00:00.0,12,10636.53156,0,5956.950363,8886.371337,1.0,394866.2837463543
2018-06-10T08:00:00.0,2018-06-10T13:00:00.0,13,24910.27814,1,17568.11803,26489.59108,0.909969082,6.4668834490612745e6
2018-06-10T09:00:00.0,2018-06-10T14:00:00.0,14,33896.02333,1,23598.15073,34608.63464,0.956630146,9.018567844838738e6
2018-06-10T10:00:00.0,2018-06-10T15:00:00.0,15,37583.68767,1,27190.66768,37955.54706,0.961917555,8.053740219500542e6
2018-06-10T11:00:00.0,2018-06-10T16:00:00.0,16,38371.48121,1,28536.43334,40359.78772,0.777306515,1.2326255871534348e7
2018-06-10T12:00:00.0,2018-06-10T17:00:00.0,17,38228.23009,1,29036.89184,44524.97069,0.55822904,2.1152536461239815e7
2018-06-10T13:00:00.0,2018-06-10T18:00:00.0,18,38003.02751,1,29554.2783,41566.55618,0.641758818,1.47551935701859e7
2018-06-10T14:00:00.0,2018-06-10T19:00:00.0,19,36026.83139,1,29201.00544,45768.35285,0.408570963,2.280177917961979e7
2018-06-10T15:00:00.0,2018-06-10T20:00:00.0,20,32312.30028,1,25040.87714,39669.85185,0.565294032,2.0117658646885633e7
2018-06-10T16:00:00.0,2018-06-10T21:00:00.0,21,30559.0957,1,25524.78941,38966.80825,0.350656113,1.7037845297573447e7
2018-06-10T17:00:00.0,2018-06-10T22:00:00.0,22,25104.6895,1,19596.19862,31877.62759,0.318126089,1.0995177853029728e7
2018-06-10T18:00:00.0,2018-06-10T23:00:00.0,23,19019.25933,1,13751.07285,28404.0613,0.247412672,1.5406404358891249e7
2018-06-10T19:00:00.0,2018-06-11T00:00:00.0,0,10512.36478,1,8280.972202,18781.46482,0.125381675,9.711543874806553e6
2018-06-10T20:00:00.0,2018-06-11T01:00:00.0,1,1588.453148,1,381.9709072,5119.112566,0.126572439,1.724264560174048e6
2018-06-10T21:00:00.0,2018-06-11T02:00:00.0,2,0.0,1,0.0,0.0,0.01,0.12886473696786538
2018-06-10T22:00:00.0,2018-06-11T03:00:00.0,3,0.0,1,0.0,0.0,0.01,0.12886473696786538
2018-06-10T23:00:00.0,2018-06-11T04:00:00.0,4,0.0,1,0.0,0.0,0.01,0.12886473696786538
2018-06-11T00:00:00.0,2018-06-11T05:00:00.0,5,0.0,1,0.0,0.0,0.01,0.12886473696786538
2018-06-11T01:00:00.0,2018-06-11T06:00:00.0,6,0.0,1,0.0,0.0,0.01,0.12886473696786538
2018-06-11T02:00:00.0,2018-06-11T07:00:00.0,7,0.0,1,0.0,0.0,0.01,0.12886473696786538
2018-06-11T03:00:00.0,2018-06-11T08:00:00.0,8,0.0,1,0.0,0.0,0.01,0.12886473696786538
2018-06-11T04:00:00.0,2018-06-11T09:00:00.0,9,0.0,1,0.0,0.0,0.01,0.12886473696786538
2018-06-11T05:00:00.0,2018-06-11T10:00:00.0,10,0.0,1,0.0,0.0,0.01,0.12886473696786538
2018-06-11T06:00:00.0,2018-06-11T11:00:00.0,11,232.4449567,0,0.0,0.0,0.99,0.12886473696786538
2018-06-11T07:00:00.0,2018-06-11T12:00:00.0,12,8180.575742,1,6791.686649,9643.928275,0.913560369,331602.1072565466
2018-06-11T08:00:00.0,2018-06-11T13:00:00.0,13,22379.22228,1,21258.65253,28939.09209,0.430359337,3.8564861815211773e6
2018-06-11T09:00:00.0,2018-06-11T14:00:00.0,14,30982.2958,1,26015.90475,35599.53043,0.679713354,7.368779562387466e6
2018-06-11T10:00:00.0,2018-06-11T15:00:00.0,15,34538.58495,1,31078.23542,40686.01329,0.411020668,7.2977482730538845e6
2018-06-11T11:00:00.0,2018-06-11T16:00:00.0,16,35884.46984,1,34003.93729,42379.28405,0.257246504,5.922449795958996e6
2018-06-11T12:00:00.0,2018-06-11T17:00:00.0,17,36920.20413,1,31575.0684,43745.97816,0.40236196,1.1317188257944584e7
2018-06-11T13:00:00.0,2018-06-11T18:00:00.0,18,37153.52892,1,27058.8136,42754.7304,0.624937367,2.296214684392643e7
2018-06-11T14:00:00.0,2018-06-11T19:00:00.0,19,36960.99077,1,28163.45777,40190.37716,0.718697389,1.2703205829159021e7
2018-06-11T15:00:00.0,2018-06-11T20:00:00.0,20,36943.24155,1,31456.02065,44442.67241,0.5088124,1.6520468924141645e7
2018-06-11T16:00:00.0,2018-06-11T21:00:00.0,21,36804.05488,1,27799.64665,41350.59241,0.65115731,1.5684886423663855e7
2018-06-11T17:00:00.0,2018-06-11T22:00:00.0,22,35014.91491,1,24085.89134,38943.98253,0.687620673,1.708842970801103e7
2018-06-11T18:00:00.0,2018-06-11T23:00:00.0,23,29051.7657,1,18267.59397,34333.61244,0.500415476,2.140938615681255e7
2018-06-11T19:00:00.0,2018-06-12T00:00:00.0,0,16259.20326,1,8869.08602,24771.40257,0.315942991,2.0954516148794353e7
2018-06-11T20:00:00.0,2018-06-12T01:00:00.0,1,2718.828407,1,541.5877659,7914.778955,0.199778228,5.231382870360248e6
2018-06-11T21:00:00.0,2018-06-12T02:00:00.0,2,0.0,1,0.0,0.0,0.01,0.12886473696786538
2018-06-11T22:00:00.0,2018-06-12T03:00:00.0,3,0.0,1,0.0,0.0,0.01,0.12886473696786538
2018-06-11T23:00:00.0,2018-06-12T04:00:00.0,4,0.0,1,0.0,0.0,0.01,0.12886473696786538
2018-06-12T00:00:00.0,2018-06-12T05:00:00.0,5,0.0,1,0.0,0.0,0.01,0.12886473696786538
2018-06-12T01:00:00.0,2018-06-12T06:00:00.0,6,0.0,1,0.0,0.0,0.01,0.12886473696786538
2018-06-12T02:00:00.0,2018-06-12T07:00:00.0,7,0.0,1,0.0,0.0,0.01,0.12886473696786538
2018-06-12T03:00:00.0,2018-06-12T08:00:00.0,8,0.0,1,0.0,0.0,0.01,0.12886473696786538
2018-06-12T04:00:00.0,2018-06-12T09:00:00.0,9,0.0,1,0.0,0.0,0.01,0.12886473696786538
2018-06-12T05:00:00.0,2018-06-12T10:00:00.0,10,0.0,1,0.0,0.0,0.01,0.12886473696786538
2018-06-12T06:00:00.0,2018-06-12T11:00:00.0,11,417.8389582,0,0.0,0.0,0.99,0.12886473696786538
2018-06-12T07:00:00.0,2018-06-12T12:00:00.0,12,10282.42228,0,6929.961525,9495.087683,1.0,489832.47033245116
2018-06-12T08:00:00.0,2018-06-12T13:00:00.0,13,25315.58748,1,21925.26985,30430.83089,0.754242889,3.639743628579855e6
2018-06-12T09:00:00.0,2018-06-12T14:00:00.0,14,32864.43608,1,25951.27352,40060.33161,0.516980794,1.6172456757641077e7
2018-06-12T10:00:00.0,2018-06-12T15:00:00.0,15,35106.52961,1,33882.15907,44614.42674,0.160772145,8.946873432735443e6
2018-06-12T11:00:00.0,2018-06-12T16:00:00.0,16,36360.53585,1,29140.13767,41144.32232,0.600640323,1.3227253296151161e7
2018-06-12T12:00:00.0,2018-06-12T17:00:00.0,17,36966.80174,1,33030.58193,45217.29792,0.373778983,1.0980890644272804e7
2018-06-12T13:00:00.0,2018-06-12T18:00:00.0,18,37159.29774,1,34185.23095,43359.38984,0.411695902,7.502511171699047e6
2018-06-12T14:00:00.0,2018-06-12T19:00:00.0,19,36795.32432,1,32010.82702,44113.93513,0.465231066,1.2853505403763056e7
2018-06-12T15:00:00.0,2018-06-12T20:00:00.0,20,36509.9011,1,31986.05622,42250.12883,0.418680467,9.43467885481e6
2018-06-12T16:00:00.0,2018-06-12T21:00:00.0,21,36498.85774,1,27354.30356,40461.68506,0.623638193,1.2070559762068987e7
2018-06-12T17:00:00.0,2018-06-12T22:00:00.0,22,34978.20714,1,27326.82897,36764.99999,0.750407544,5.4010184182879925e6
2018-06-12T18:00:00.0,2018-06-12T23:00:00.0,23,29011.21484,1,19573.24818,32821.55842,0.573233934,1.405349253123355e7
2018-06-12T19:00:00.0,2018-06-13T00:00:00.0,0,15719.70921,1,8677.881917,23616.89376,0.261561805,1.8060388001991272e7
2018-06-12T20:00:00.0,2018-06-13T01:00:00.0,1,2335.823336,1,1038.154162,7538.204611,0.072431904,2.9386045122468174e6
2018-06-12T21:00:00.0,2018-06-13T02:00:00.0,2,0.0,1,0.0,0.0,0.01,0.12886473696786538
2018-06-12T22:00:00.0,2018-06-13T03:00:00.0,3,0.0,1,0.0,0.0,0.01,0.12886473696786538
2018-06-12T23:00:00.0,2018-06-13T04:00:00.0,4,0.0,1,0.0,0.0,0.01,0.12886473696786538
2018-06-13T00:00:00.0,2018-06-13T05:00:00.0,5,0.0,1,0.0,0.0,0.01,0.12886473696786538
2018-06-13T01:00:00.0,2018-06-13T06:00:00.0,6,0.0,1,0.0,0.0,0.01,0.12886473696786538
2018-06-13T02:00:00.0,2018-06-13T07:00:00.0,7,0.0,1,0.0,0.0,0.01,0.12886473696786538
2018-06-13T03:00:00.0,2018-06-13T08:00:00.0,8,0.0,1,0.0,0.0,0.01,0.12886473696786538
2018-06-13T04:00:00.0,2018-06-13T09:00:00.0,9,0.0,1,0.0,0.0,0.01,0.12886473696786538
2018-06-13T05:00:00.0,2018-06-13T10:00:00.0,10,0.0,1,0.0,0.0,0.01,0.12886473696786538
2018-06-13T06:00:00.0,2018-06-13T11:00:00.0,11,474.6720112,0,0.0,0.0,0.99,0.12886473696786538
2018-06-13T07:00:00.0,2018-06-13T12:00:00.0,12,9441.178366,0,8167.485226,8732.585167,1.0,17108.09261365235
2018-06-13T08:00:00.0,2018-06-13T13:00:00.0,13,20590.91489,0,23250.75687,28694.60436,0.0,1.232256162502408e6
2018-06-13T09:00:00.0,2018-06-13T14:00:00.0,14,28414.43061,1,26395.79271,38651.23199,0.292456158,9.109531771079063e6
2018-06-13T10:00:00.0,2018-06-13T15:00:00.0,15,33865.2413,1,28354.49434,39101.20205,0.671598723,9.80572304897213e6
2018-06-13T11:00:00.0,2018-06-13T16:00:00.0,16,35554.99496,1,31761.87378,39802.30057,0.611519527,6.142579542747021e6
2018-06-13T12:00:00.0,2018-06-13T17:00:00.0,17,36379.49582,1,32588.24584,41546.42691,0.485339508,6.322419777805567e6
2018-06-13T13:00:00.0,2018-06-13T18:00:00.0,18,36772.78755,1,31960.53301,41635.09087,0.556798485,8.383881239401102e6
2018-06-13T14:00:00.0,2018-06-13T19:00:00.0,19,37367.85355,1,30120.40088,38373.93133,0.770942579,4.742255710467577e6
2018-06-13T15:00:00.0,2018-06-13T20:00:00.0,20,36806.58829,1,30842.66767,38623.88735,0.649500572,4.821599904868364e6
2018-06-13T16:00:00.0,2018-06-13T21:00:00.0,21,37324.12393,1,27043.3901,37484.49353,0.944301834,9.996235042723894e6
2018-06-13T17:00:00.0,2018-06-13T22:00:00.0,22,35926.00954,1,20848.58126,37151.21867,0.849941507,1.8766302720936656e7
2018-06-13T18:00:00.0,2018-06-13T23:00:00.0,23,30675.05604,1,14858.15372,38980.72949,0.528619268,4.586683386188555e7
2018-06-13T19:00:00.0,2018-06-14T00:00:00.0,0,17212.14096,1,9858.221624,29443.69226,0.222345776,2.625703334451109e7
2018-06-13T20:00:00.0,2018-06-14T01:00:00.0,1,2996.229158,1,438.3184154,9166.05749,0.170173782,5.966118292498738e6
2018-06-13T21:00:00.0,2018-06-14T02:00:00.0,2,0.0,1,0.0,0.0,0.01,0.12886473696786538
2018-06-13T22:00:00.0,2018-06-14T03:00:00.0,3,0.0,1,0.0,0.0,0.01,0.12886473696786538
2018-06-13T23:00:00.0,2018-06-14T04:00:00.0,4,0.0,1,0.0,0.0,0.01,0.12886473696786538
2018-06-14T00:00:00.0,2018-06-14T05:00:00.0,5,0.0,1,0.0,0.0,0.01,0.12886473696786538
2018-06-14T01:00:00.0,2018-06-14T06:00:00.0,6,0.0,1,0.0,0.0,0.01,0.12886473696786538
2018-06-14T02:00:00.0,2018-06-14T07:00:00.0,7,0.0,1,0.0,0.0,0.01,0.12886473696786538
2018-06-14T03:00:00.0,2018-06-14T08:00:00.0,8,0.0,1,0.0,0.0,0.01,0.12886473696786538
2018-06-14T04:00:00.0,2018-06-14T09:00:00.0,9,0.0,1,0.0,0.0,0.01,0.12886473696786538
2018-06-14T05:00:00.0,2018-06-14T10:00:00.0,10,0.0,1,0.0,0.0,0.01,0.12886473696786538
2018-06-14T06:00:00.0,2018-06-14T11:00:00.0,11,691.5693458,0,0.0,0.0,0.99,0.12886473696786538
2018-06-14T07:00:00.0,2018-06-14T12:00:00.0,12,11333.98263,0,8639.320628,9987.037436,1.0,118023.382335186
2018-06-14T08:00:00.0,2018-06-14T13:00:00.0,13,27491.86518,1,23273.83408,30743.07941,0.75496388,4.165989293197751e6
2018-06-14T09:00:00.0,2018-06-14T14:00:00.0,14,35327.89252,1,34012.28266,41836.75473,0.323257116,3.604729999642849e6
2018-06-14T10:00:00.0,2018-06-14T15:00:00.0,15,37193.05173,1,32358.19779,38242.13675,0.792314285,2.9084210744457245e6
2018-06-14T11:00:00.0,2018-06-14T16:00:00.0,16,37375.52828,1,36442.94484,43648.13383,0.181358923,3.5110096821136475e6
2018-06-14T12:00:00.0,2018-06-14T17:00:00.0,17,37467.38986,1,34651.27369,42752.73025,0.388537833,6.201675274610996e6
2018-06-14T13:00:00.0,2018-06-14T18:00:00.0,18,37617.36845,1,33722.61224,39371.73398,0.637474489,2.718969031632185e6
2018-06-14T14:00:00.0,2018-06-14T19:00:00.0,19,37409.02534,1,33814.81681,45513.43138,0.406626737,1.2301849036821842e7
2018-06-14T15:00:00.0,2018-06-14T20:00:00.0,20,37034.85765,1,32716.16368,43802.46079,0.379395974,9.576239239278793e6
2018-06-14T16:00:00.0,2018-06-14T21:00:00.0,21,36961.297,1,28985.6225,43642.40953,0.498198388,1.9510798684878826e7
2018-06-14T17:00:00.0,2018-06-14T22:00:00.0,22,35766.62316,1,25977.93615,37381.77398,0.829718251,1.075842741593337e7
2018-06-14T18:00:00.0,2018-06-14T23:00:00.0,23,32052.68193,1,20717.54978,35850.55224,0.58669218,1.7217671451760888e7
2018-06-14T19:00:00.0,2018-06-15T00:00:00.0,0,18839.00769,1,14406.06231,32090.49147,0.178810996,2.98175411995548e7
2018-06-14T20:00:00.0,2018-06-15T01:00:00.0,1,3455.619752,1,1190.902315,10440.2547,0.109185866,6.6183322521632835e6
2018-06-14T21:00:00.0,2018-06-15T02:00:00.0,2,0.0,1,0.0,0.0,0.01,0.12886473696786538
2018-06-14T22:00:00.0,2018-06-15T03:00:00.0,3,0.0,1,0.0,0.0,0.01,0.12886473696786538
2018-06-14T23:00:00.0,2018-06-15T04:00:00.0,4,0.0,1,0.0,0.0,0.01,0.12886473696786538
2018-06-15T00:00:00.0,2018-06-15T05:00:00.0,5,0.0,1,0.0,0.0,0.01,0.12886473696786538
2018-06-15T01:00:00.0,2018-06-15T06:00:00.0,6,0.0,1,0.0,0.0,0.01,0.12886473696786538
2018-06-15T02:00:00.0,2018-06-15T07:00:00.0,7,0.0,1,0.0,0.0,0.01,0.12886473696786538
2018-06-15T03:00:00.0,2018-06-15T08:00:00.0,8,0.0,1,0.0,0.0,0.01,0.12886473696786538
2018-06-15T04:00:00.0,2018-06-15T09:00:00.0,9,0.0,1,0.0,0.0,0.01,0.12886473696786538
2018-06-15T05:00:00.0,2018-06-15T10:00:00.0,10,0.0,1,0.0,0.0,0.01,0.12886473696786538
2018-06-15T06:00:00.0,2018-06-15T11:00:00.0,11,707.0088829,0,0.0,0.0,0.99,0.12886473696786538
2018-06-15T07:00:00.0,2018-06-15T12:00:00.0,12,12117.94338,0,7367.583701,9130.014878,1.0,147375.50496779382
2018-06-15T08:00:00.0,2018-06-15T13:00:00.0,13,28256.53613,1,24005.32806,30343.05411,0.931854582,2.582288882613659e6
2018-06-15T09:00:00.0,2018-06-15T14:00:00.0,14,35010.62616,1,27785.93454,39291.15385,0.586051469,1.0983219046196222e7
2018-06-15T10:00:00.0,2018-06-15T15:00:00.0,15,37434.56558,1,34618.75674,40509.7857,0.512632068,3.200853931432724e6
2018-06-15T11:00:00.0,2018-06-15T16:00:00.0,16,37986.92452,1,36130.81692,39711.23433,0.52920166,1.109152029759407e6
2018-06-15T12:00:00.0,2018-06-15T17:00:00.0,17,38592.26541,1,35912.05661,42355.32682,0.52026742,3.6652851069657803e6
2018-06-15T13:00:00.0,2018-06-15T18:00:00.0,18,38843.9631,1,30477.51905,39032.28679,0.945953102,4.748882426974297e6
2018-06-15T14:00:00.0,2018-06-15T19:00:00.0,19,38803.10632,1,36616.93951,42376.11228,0.413284643,2.8605761457116604e6
2018-06-15T15:00:00.0,2018-06-15T20:00:00.0,20,37973.42683,1,35852.77796,43976.84951,0.309318634,5.722787016495705e6
2018-06-15T16:00:00.0,2018-06-15T21:00:00.0,21,37507.45159,1,33313.7226,39068.3395,0.744278077,2.641782469421625e6
2018-06-15T17:00:00.0,2018-06-15T22:00:00.0,22,36122.86665,1,28132.75811,40243.82448,0.592481245,1.1318449432672024e7
2018-06-15T18:00:00.0,2018-06-15T23:00:00.0,23,31438.42601,1,24750.09593,39885.95505,0.335222743,1.3875085406911612e7
2018-06-15T19:00:00.0,2018-06-16T00:00:00.0,0,17907.29479,1,12544.94473,27116.90885,0.211707113,1.750248783822e7
2018-06-15T20:00:00.0,2018-06-16T01:00:00.0,1,3176.160303,1,1253.558785,10407.23561,0.140089677,7.061815965666957e6
2018-06-15T21:00:00.0,2018-06-16T02:00:00.0,2,0.0,1,0.0,0.0,0.01,0.12886473696786538
2018-06-15T22:00:00.0,2018-06-16T03:00:00.0,3,0.0,1,0.0,0.0,0.01,0.12886473696786538
2018-06-15T23:00:00.0,2018-06-16T04:00:00.0,4,0.0,1,0.0,0.0,0.01,0.12886473696786538
2018-06-16T00:00:00.0,2018-06-16T05:00:00.0,5,0.0,1,0.0,0.0,0.01,0.12886473696786538
2018-06-16T01:00:00.0,2018-06-16T06:00:00.0,6,0.0,1,0.0,0.0,0.01,0.12886473696786538
2018-06-16T02:00:00.0,2018-06-16T07:00:00.0,7,0.0,1,0.0,0.0,0.01,0.12886473696786538
2018-06-16T03:00:00.0,2018-06-16T08:00:00.0,8,0.0,1,0.0,0.0,0.01,0.12886473696786538
2018-06-16T04:00:00.0,2018-06-16T09:00:00.0,9,0.0,1,0.0,0.0,0.01,0.12886473696786538
2018-06-16T05:00:00.0,2018-06-16T10:00:00.0,10,0.0,1,0.0,0.0,0.01,0.12886473696786538
2018-06-16T06:00:00.0,2018-06-16T11:00:00.0,11,661.2671872,0,0.0,0.0,0.99,0.12886473696786538
2018-06-16T07:00:00.0,2018-06-16T12:00:00.0,12,11237.99796,0,5933.876875,9680.95094,1.0,850244.4617300779
2018-06-16T08:00:00.0,2018-06-16T13:00:00.0,13,23077.80123,1,15007.61711,29002.57538,0.686801375,1.6746238548559248e7
2018-06-16T09:00:00.0,2018-06-16T14:00:00.0,14,29950.22705,1,22851.83409,35466.81395,0.564303027,1.2462231066268444e7
2018-06-16T10:00:00.0,2018-06-16T15:00:00.0,15,31171.363,1,22851.53195,40221.00938,0.476598265,2.7585771827308536e7
2018-06-16T11:00:00.0,2018-06-16T16:00:00.0,16,31972.05379,1,23708.29028,39095.34504,0.47725615,2.470814858336854e7
2018-06-16T12:00:00.0,2018-06-16T17:00:00.0,17,31673.02454,1,25841.85328,38129.70478,0.476498063,1.3802393854563117e7
2018-06-16T13:00:00.0,2018-06-16T18:00:00.0,18,32643.60005,1,27574.67437,45090.05508,0.465354241,2.5433093852486134e7
2018-06-16T14:00:00.0,2018-06-16T19:00:00.0,19,35070.65389,1,31146.9858,40210.60384,0.477180208,6.417575581513405e6
2018-06-16T15:00:00.0,2018-06-16T20:00:00.0,20,34062.05314,1,27068.07709,38752.5239,0.510260913,1.1224723224170685e7
2018-06-16T16:00:00.0,2018-06-16T21:00:00.0,21,33895.71199,1,27335.57552,42198.91467,0.439760656,2.1040157268962145e7
2018-06-16T17:00:00.0,2018-06-16T22:00:00.0,22,29543.23841,1,21927.13919,34195.3892,0.515011526,1.1846855049652815e7
2018-06-16T18:00:00.0,2018-06-16T23:00:00.0,23,23494.42073,1,16256.94869,32063.1214,0.367555937,2.040387880714047e7
2018-06-16T19:00:00.0,2018-06-17T00:00:00.0,0,11320.90625,1,9512.792428,19245.2588,0.099768489,7.776955507782757e6
2018-06-16T20:00:00.0,2018-06-17T01:00:00.0,1,1481.192538,1,624.2048582,4944.444578,0.112110462,1.446664952052528e6
2018-06-16T21:00:00.0,2018-06-17T02:00:00.0,2,0.0,1,0.0,0.0,0.01,0.12886473696786538
2018-06-16T22:00:00.0,2018-06-17T03:00:00.0,3,0.0,1,0.0,0.0,0.01,0.12886473696786538
2018-06-16T23:00:00.0,2018-06-17T04:00:00.0,4,0.0,1,0.0,0.0,0.01,0.12886473696786538
2018-06-17T00:00:00.0,2018-06-17T05:00:00.0,5,0.0,1,0.0,0.0,0.01,0.12886473696786538
2018-06-17T01:00:00.0,2018-06-17T06:00:00.0,6,0.0,1,0.0,0.0,0.01,0.12886473696786538
2018-06-17T02:00:00.0,2018-06-17T07:00:00.0,7,0.0,1,0.0,0.0,0.01,0.12886473696786538
2018-06-17T03:00:00.0,2018-06-17T08:00:00.0,8,0.0,1,0.0,0.0,0.01,0.12886473696786538
2018-06-17T04:00:00.0,2018-06-17T09:00:00.0,9,0.0,1,0.0,0.0,0.01,0.12886473696786538
2018-06-17T05:00:00.0,2018-06-17T10:00:00.0,10,0.0,1,0.0,0.0,0.01,0.12886473696786538
2018-06-17T06:00:00.0,2018-06-17T11:00:00.0,11,608.4351218,0,0.0,0.0,0.99,0.12886473696786538
2018-06-17T07:00:00.0,2018-06-17T12:00:00.0,12,8558.043411,0,5050.2696,6947.358061,1.0,250975.72583040223
2018-06-17T08:00:00.0,2018-06-17T13:00:00.0,13,18365.78564,1,15135.48439,23919.6139,0.527789907,6.356631481913149e6
2018-06-17T09:00:00.0,2018-06-17T14:00:00.0,14,21634.40552,1,20277.43347,30251.60703,0.160115562,8.101266851962686e6
2018-06-17T10:00:00.0,2018-06-17T15:00:00.0,15,21882.45843,1,21732.2874,30713.65076,0.045128832,5.244051839982867e6
2018-06-17T11:00:00.0,2018-06-17T16:00:00.0,16,23699.76144,0,24305.73268,30544.59853,0.0,2.7997188655725718e6
2018-06-17T12:00:00.0,2018-06-17T17:00:00.0,17,24647.35764,1,23145.96128,35585.98753,0.195150289,1.1949652701905847e7
2018-06-17T13:00:00.0,2018-06-17T18:00:00.0,18,25939.45663,1,23883.80819,35911.6665,0.232153677,9.944627181848168e6
2018-06-17T14:00:00.0,2018-06-17T19:00:00.0,19,25142.13039,0,25272.70721,32431.68225,0.0,4.553283223048568e6
2018-06-17T15:00:00.0,2018-06-17T20:00:00.0,20,27207.44079,1,24781.68052,37152.10332,0.300209747,1.1716877388204217e7
2018-06-17T16:00:00.0,2018-06-17T21:00:00.0,21,28036.98229,1,23582.05984,36564.5792,0.42822384,1.328119168680644e7
2018-06-17T17:00:00.0,2018-06-17T22:00:00.0,22,24152.63638,1,22522.79296,29362.46305,0.179226175,3.782779930270314e6
2018-06-17T18:00:00.0,2018-06-17T23:00:00.0,23,19941.10162,1,15413.28657,25719.79416,0.358631678,9.249625773037016e6
2018-06-17T19:00:00.0,2018-06-18T00:00:00.0,0,12949.8969,1,7760.481289,19330.54589,0.353211085,1.1223594129165977e7
2018-06-17T20:00:00.0,2018-06-18T01:00:00.0,1,2558.675535,1,403.1708708,7687.810874,0.20592526,4.423187918305915e6
2018-06-17T21:00:00.0,2018-06-18T02:00:00.0,2,0.0,1,0.0,0.0,0.01,0.12886473696786538
2018-06-17T22:00:00.0,2018-06-18T03:00:00.0,3,0.0,1,0.0,0.0,0.01,0.12886473696786538
2018-06-17T23:00:00.0,2018-06-18T04:00:00.0,4,0.0,1,0.0,0.0,0.01,0.12886473696786538
2018-06-18T00:00:00.0,2018-06-18T05:00:00.0,5,0.0,1,0.0,0.0,0.01,0.12886473696786538
2018-06-18T01:00:00.0,2018-06-18T06:00:00.0,6,0.0,1,0.0,0.0,0.01,0.12886473696786538
2018-06-18T02:00:00.0,2018-06-18T07:00:00.0,7,0.0,1,0.0,0.0,0.01,0.12886473696786538
2018-06-18T03:00:00.0,2018-06-18T08:00:00.0,8,0.0,1,0.0,0.0,0.01,0.12886473696786538
2018-06-18T04:00:00.0,2018-06-18T09:00:00.0,9,0.0,1,0.0,0.0,0.01,0.12886473696786538
2018-06-18T05:00:00.0,2018-06-18T10:00:00.0,10,0.0,1,0.0,0.0,0.01,0.12886473696786538
2018-06-18T06:00:00.0,2018-06-18T11:00:00.0,11,407.7649408,0,0.0,0.0,0.99,0.12886473696786538
2018-06-18T07:00:00.0,2018-06-18T12:00:00.0,12,9107.440612,0,4758.905041,8027.132281,1.0,543071.2556403354
2018-06-18T08:00:00.0,2018-06-18T13:00:00.0,13,21090.22874,1,18071.22443,21917.102,0.980379365,586199.0074236393
2018-06-18T09:00:00.0,2018-06-18T14:00:00.0,14,26658.45422,1,22176.19927,34383.11642,0.502214832,1.1945718935839176e7
2018-06-18T10:00:00.0,2018-06-18T15:00:00.0,15,29314.06733,1,20554.28472,34805.20373,0.692967244,1.7553396684963465e7
2018-06-18T11:00:00.0,2018-06-18T16:00:00.0,16,29702.56681,1,23077.73803,40352.08532,0.442282102,3.440315051056266e7
2018-06-18T12:00:00.0,2018-06-18T17:00:00.0,17,29879.96719,1,28238.37656,39035.67472,0.197896415,9.702751329613686e6
2018-06-18T13:00:00.0,2018-06-18T18:00:00.0,18,30893.19695,1,22689.76,37638.23734,0.546203652,2.0220244504348516e7
2018-06-18T14:00:00.0,2018-06-18T19:00:00.0,19,30596.08514,1,22401.02444,35501.89818,0.530631129,1.3432410231960058e7
2018-06-18T15:00:00.0,2018-06-18T20:00:00.0,20,29646.11155,1,23507.23371,34935.69098,0.434696577,1.1558446606636047e7
2018-06-18T16:00:00.0,2018-06-18T21:00:00.0,21,28229.34453,1,24458.73011,35364.14577,0.269673317,7.310744214561582e6
2018-06-18T17:00:00.0,2018-06-18T22:00:00.0,22,26668.06649,1,20235.35388,31581.01577,0.5759338,1.0535223931197286e7
2018-06-18T18:00:00.0,2018-06-18T23:00:00.0,23,23148.43338,1,15353.76235,29923.80318,0.444978925,2.037569142027259e7
2018-06-18T19:00:00.0,2018-06-19T00:00:00.0,0,13879.34816,1,9017.489537,21164.86522,0.179277706,1.061040892763412e7
2018-06-18T20:00:00.0,2018-06-19T01:00:00.0,1,2824.287529,1,1642.198889,8266.227386,0.145330585,3.9602041210271083e6
2018-06-18T21:00:00.0,2018-06-19T02:00:00.0,2,0.0,1,0.0,0.0,0.01,0.12886473696786538
2018-06-18T22:00:00.0,2018-06-19T03:00:00.0,3,0.0,1,0.0,0.0,0.01,0.12886473696786538
2018-06-18T23:00:00.0,2018-06-19T04:00:00.0,4,0.0,1,0.0,0.0,0.01,0.12886473696786538
2018-06-19T00:00:00.0,2018-06-19T05:00:00.0,5,0.0,1,0.0,0.0,0.01,0.12886473696786538
2018-06-19T01:00:00.0,2018-06-19T06:00:00.0,6,0.0,1,0.0,0.0,0.01,0.12886473696786538
2018-06-19T02:00:00.0,2018-06-19T07:00:00.0,7,0.0,1,0.0,0.0,0.01,0.12886473696786538
2018-06-19T03:00:00.0,2018-06-19T08:00:00.0,8,0.0,1,0.0,0.0,0.01,0.12886473696786538
2018-06-19T04:00:00.0,2018-06-19T09:00:00.0,9,0.0,1,0.0,0.0,0.01,0.12886473696786538
2018-06-19T05:00:00.0,2018-06-19T10:00:00.0,10,0.0,1,0.0,0.0,0.01,0.12886473696786538
2018-06-19T06:00:00.0,2018-06-19T11:00:00.0,11,275.6155388,0,0.0,0.0,0.99,0.12886473696786538
2018-06-19T07:00:00.0,2018-06-19T12:00:00.0,12,7301.664616,0,4267.339422,6387.206072,1.0,284322.88606291264
2018-06-19T08:00:00.0,2018-06-19T13:00:00.0,13,18508.27039,1,12672.72465,19382.91821,0.961050963,3.3161808354188204e6
2018-06-19T09:00:00.0,2018-06-19T14:00:00.0,14,24321.61966,1,20674.98653,27071.94886,0.651405674,3.4238848313069344e6
2018-06-19T10:00:00.0,2018-06-19T15:00:00.0,15,26928.2504,1,15576.83288,30118.99742,0.726068602,1.897683315333438e7
2018-06-19T11:00:00.0,2018-06-19T16:00:00.0,16,28372.36967,1,21054.49882,30718.76129,0.715477701,8.018964601961017e6
2018-06-19T12:00:00.0,2018-06-19T17:00:00.0,17,29609.23001,1,21202.73168,30404.01723,0.889073757,6.503457419811964e6
2018-06-19T13:00:00.0,2018-06-19T18:00:00.0,18,29988.59969,1,24604.16617,31226.58105,0.770638922,3.811400357871175e6
2018-06-19T14:00:00.0,2018-06-19T19:00:00.0,19,29982.31077,1,24800.89571,31266.18056,0.712035218,3.425687974247813e6
2018-06-19T15:00:00.0,2018-06-19T20:00:00.0,20,29443.59653,1,22839.01733,30517.25432,0.803985154,5.307826262404799e6
2018-06-19T16:00:00.0,2018-06-19T21:00:00.0,21,28813.89688,1,24367.22374,32957.06342,0.419104841,5.980395669969678e6
2018-06-19T17:00:00.0,2018-06-19T22:00:00.0,22,27860.60515,1,20882.36796,31283.99599,0.543471773,8.867402493900537e6
2018-06-19T18:00:00.0,2018-06-19T23:00:00.0,23,23781.30354,1,13578.58838,29469.06731,0.506631252,2.0387077414209425e7
2018-06-19T19:00:00.0,2018-06-20T00:00:00.0,0,14301.76595,1,9388.56924,21814.37669,0.233149629,1.0793017177160561e7
2018-06-19T20:00:00.0,2018-06-20T01:00:00.0,1,3203.69667,1,763.3750878,8714.811318,0.200829051,5.301253936168022e6
2018-06-19T21:00:00.0,2018-06-20T02:00:00.0,2,0.0,1,0.0,0.0,0.01,0.12886473696786538
2018-06-19T22:00:00.0,2018-06-20T03:00:00.0,3,0.0,1,0.0,0.0,0.01,0.12886473696786538
2018-06-19T23:00:00.0,2018-06-20T04:00:00.0,4,0.0,1,0.0,0.0,0.01,0.12886473696786538
2018-06-20T00:00:00.0,2018-06-20T05:00:00.0,5,0.0,1,0.0,0.0,0.01,0.12886473696786538
2018-06-20T01:00:00.0,2018-06-20T06:00:00.0,6,0.0,1,0.0,0.0,0.01,0.12886473696786538
2018-06-20T02:00:00.0,2018-06-20T07:00:00.0,7,0.0,1,0.0,0.0,0.01,0.12886473696786538
2018-06-20T03:00:00.0,2018-06-20T08:00:00.0,8,0.0,1,0.0,0.0,0.01,0.12886473696786538
2018-06-20T04:00:00.0,2018-06-20T09:00:00.0,9,0.0,1,0.0,0.0,0.01,0.12886473696786538
2018-06-20T05:00:00.0,2018-06-20T10:00:00.0,10,0.0,1,0.0,0.0,0.01,0.12886473696786538
2018-06-20T06:00:00.0,2018-06-20T11:00:00.0,11,231.9950345,0,0.0,0.0,0.99,0.12886473696786538
2018-06-20T07:00:00.0,2018-06-20T12:00:00.0,12,5635.319124,0,3880.360271,5084.717563,1.0,96007.76082164049
2018-06-20T08:00:00.0,2018-06-20T13:00:00.0,13,10716.05902,0,11695.24953,19466.82186,0.0,4.481831616028547e6
2018-06-20T09:00:00.0,2018-06-20T14:00:00.0,14,14659.36254,0,16859.48323,25872.3348,0.0,6.911002278479755e6
2018-06-20T10:00:00.0,2018-06-20T15:00:00.0,15,16994.32182,0,19188.19973,27381.51548,0.0,3.7914105376075506e6
2018-06-20T11:00:00.0,2018-06-20T16:00:00.0,16,21226.3803,0,23955.67685,33610.78042,0.0,5.99375154738915e6
2018-06-20T12:00:00.0,2018-06-20T17:00:00.0,17,24916.09243,1,21367.77537,32803.70981,0.33549575,1.2131110280685067e7
2018-06-20T13:00:00.0,2018-06-20T18:00:00.0,18,27920.01875,1,24328.9564,35971.70826,0.354688151,1.0529298536466718e7
2018-06-20T14:00:00.0,2018-06-20T19:00:00.0,19,30079.6237,1,24438.21825,32086.56444,0.631733773,5.871775523525715e6
2018-06-20T15:00:00.0,2018-06-20T20:00:00.0,20,30376.6107,1,20970.67681,31322.91003,0.858112069,8.056434916126132e6
2018-06-20T16:00:00.0,2018-06-20T21:00:00.0,21,29603.63179,1,20873.06247,34470.38261,0.614058038,1.527306357795608e7
2018-06-20T17:00:00.0,2018-06-20T22:00:00.0,22,27663.62869,1,18309.19307,30394.24469,0.723108515,1.0409818666123867e7
2018-06-20T18:00:00.0,2018-06-20T23:00:00.0,23,24181.41045,1,14421.36745,29746.74237,0.548875222,2.006181057842183e7
2018-06-20T19:00:00.0,2018-06-21T00:00:00.0,0,14566.02468,1,9554.283713,23806.73365,0.21945679,1.5359243452703953e7
2018-06-20T20:00:00.0,2018-06-21T01:00:00.0,1,3218.779048,1,1590.712647,9039.654815,0.069714111,3.918754273411505e6
2018-06-20T21:00:00.0,2018-06-21T02:00:00.0,2,0.0,1,0.0,0.0,0.01,0.12886473696786538
2018-06-20T22:00:00.0,2018-06-21T03:00:00.0,3,0.0,1,0.0,0.0,0.01,0.12886473696786538
2018-06-20T23:00:00.0,2018-06-21T04:00:00.0,4,0.0,1,0.0,0.0,0.01,0.12886473696786538
2018-06-21T00:00:00.0,2018-06-21T05:00:00.0,5,0.0,1,0.0,0.0,0.01,0.12886473696786538
2018-06-21T01:00:00.0,2018-06-21T06:00:00.0,6,0.0,1,0.0,0.0,0.01,0.12886473696786538
2018-06-21T02:00:00.0,2018-06-21T07:00:00.0,7,0.0,1,0.0,0.0,0.01,0.12886473696786538
2018-06-21T03:00:00.0,2018-06-21T08:00:00.0,8,0.0,1,0.0,0.0,0.01,0.12886473696786538
2018-06-21T04:00:00.0,2018-06-21T09:00:00.0,9,0.0,1,0.0,0.0,0.01,0.12886473696786538
2018-06-21T05:00:00.0,2018-06-21T10:00:00.0,10,0.0,1,0.0,0.0,0.01,0.12886473696786538
2018-06-21T06:00:00.0,2018-06-21T11:00:00.0,11,527.6268074,0,0.0,0.0,0.99,0.12886473696786538
2018-06-21T07:00:00.0,2018-06-21T12:00:00.0,12,9515.011113,0,4519.462728,8294.239125,1.0,906626.9500894286
2018-06-21T08:00:00.0,2018-06-21T13:00:00.0,13,21463.04067,1,15867.67264,25483.25945,0.771309499,6.092352873466313e6
2018-06-21T09:00:00.0,2018-06-21T14:00:00.0,14,26926.00373,1,20758.20812,32717.01752,0.57120306,1.3146047325504065e7
2018-06-21T10:00:00.0,2018-06-21T15:00:00.0,15,29402.21423,1,28317.52104,36430.17819,0.196276329,4.971307721073031e6
2018-06-21T11:00:00.0,2018-06-21T16:00:00.0,16,31232.95067,1,26405.18737,43020.94094,0.242194194,1.9741153753051758e7
2018-06-21T12:00:00.0,2018-06-21T17:00:00.0,17,31626.5872,1,25705.89212,43855.90873,0.32876207,2.956337947232175e7
2018-06-21T13:00:00.0,2018-06-21T18:00:00.0,18,32798.31618,1,29668.75151,40645.65164,0.408569593,9.718314559924364e6
2018-06-21T14:00:00.0,2018-06-21T19:00:00.0,19,33001.42181,1,30341.72731,42083.93833,0.302645991,1.0784399744618654e7
2018-06-21T15:00:00.0,2018-06-21T20:00:00.0,20,34107.24037,1,29028.30421,36011.7676,0.714880673,3.9597471827282906e6
2018-06-21T16:00:00.0,2018-06-21T21:00:00.0,21,33414.14582,1,26736.23163,39798.18129,0.552360192,1.3387691683680773e7
2018-06-21T17:00:00.0,2018-06-21T22:00:00.0,22,32569.31985,1,26083.25654,39691.17928,0.487300118,1.4282015701604366e7
2018-06-21T18:00:00.0,2018-06-21T23:00:00.0,23,27940.91494,1,22103.75163,34412.53156,0.342635361,1.035784084388411e7
2018-06-21T19:00:00.0,2018-06-22T00:00:00.0,0,16840.4394,1,13673.90715,23949.70892,0.111631242,8.05360941176945e6
2018-06-21T20:00:00.0,2018-06-22T01:00:00.0,1,3540.518614,1,1196.7951,9152.318871,0.135082846,4.914316571067929e6
2018-06-21T21:00:00.0,2018-06-22T02:00:00.0,2,0.0,1,0.0,0.0,0.01,0.12886473696786538
2018-06-21T22:00:00.0,2018-06-22T03:00:00.0,3,0.0,1,0.0,0.0,0.01,0.12886473696786538
2018-06-21T23:00:00.0,2018-06-22T04:00:00.0,4,0.0,1,0.0,0.0,0.01,0.12886473696786538
2018-06-22T00:00:00.0,2018-06-22T05:00:00.0,5,0.0,1,0.0,0.0,0.01,0.12886473696786538
2018-06-22T01:00:00.0,2018-06-22T06:00:00.0,6,0.0,1,0.0,0.0,0.01,0.12886473696786538
2018-06-22T02:00:00.0,2018-06-22T07:00:00.0,7,0.0,1,0.0,0.0,0.01,0.12886473696786538
2018-06-22T03:00:00.0,2018-06-22T08:00:00.0,8,0.0,1,0.0,0.0,0.01,0.12886473696786538
2018-06-22T04:00:00.0,2018-06-22T09:00:00.0,9,0.0,1,0.0,0.0,0.01,0.12886473696786538
2018-06-22T05:00:00.0,2018-06-22T10:00:00.0,10,0.0,1,0.0,0.0,0.01,0.12886473696786538
2018-06-22T06:00:00.0,2018-06-22T11:00:00.0,11,601.1039381,0,0.0,0.0,0.99,0.12886473696786538
2018-06-22T07:00:00.0,2018-06-22T12:00:00.0,12,11517.33508,0,8080.792129,10485.75638,1.0,275685.96091492474
2018-06-22T08:00:00.0,2018-06-22T13:00:00.0,13,27609.1495,0,24971.95671,26203.36755,1.0,63675.15325319767
2018-06-22T09:00:00.0,2018-06-22T14:00:00.0,14,35112.57023,1,31979.1962,39321.3524,0.472003849,3.900502641703129e6
2018-06-22T10:00:00.0,2018-06-22T15:00:00.0,15,36047.2036,1,31089.10782,38574.73121,0.646064461,4.236790868140936e6
2018-06-22T11:00:00.0,2018-06-22T16:00:00.0,16,36677.82131,1,32176.20223,44033.90317,0.42215928,1.1982118501663685e7
2018-06-22T12:00:00.0,2018-06-22T17:00:00.0,17,37870.08809,1,35101.01511,43083.27445,0.464931431,4.723909155787468e6
2018-06-22T13:00:00.0,2018-06-22T18:00:00.0,18,37994.00042,1,29559.34349,43784.38609,0.509060962,1.6234934771935463e7
2018-06-22T14:00:00.0,2018-06-22T19:00:00.0,19,37723.91477,1,30602.05383,45162.78395,0.500358989,1.690086874081683e7
2018-06-22T15:00:00.0,2018-06-22T20:00:00.0,20,37827.27896,1,34594.70928,39793.31544,0.599005545,2.059011161985159e6
2018-06-22T16:00:00.0,2018-06-22T21:00:00.0,21,37787.14863,1,32623.60472,43585.43715,0.44558694,1.1286880370137691e7
2018-06-22T17:00:00.0,2018-06-22T22:00:00.0,22,36750.03966,1,30054.31049,40950.10176,0.661330989,1.2143859764059305e7
2018-06-22T18:00:00.0,2018-06-22T23:00:00.0,23,31902.8654,1,20528.98232,41114.57963,0.406251916,3.2566782486353874e7
2018-06-22T19:00:00.0,2018-06-23T00:00:00.0,0,18426.89546,1,12720.0848,29089.44876,0.215855967,2.1114046091706097e7
2018-06-22T20:00:00.0,2018-06-23T01:00:00.0,1,3501.993864,1,1055.708619,9493.941697,0.105680789,5.3499083833614215e6
2018-06-22T21:00:00.0,2018-06-23T02:00:00.0,2,0.0,1,0.0,0.0,0.01,0.12886473696786538
2018-06-22T22:00:00.0,2018-06-23T03:00:00.0,3,0.0,1,0.0,0.0,0.01,0.12886473696786538
2018-06-22T23:00:00.0,2018-06-23T04:00:00.0,4,0.0,1,0.0,0.0,0.01,0.12886473696786538
2018-06-23T00:00:00.0,2018-06-23T05:00:00.0,5,0.0,1,0.0,0.0,0.01,0.12886473696786538
2018-06-23T01:00:00.0,2018-06-23T06:00:00.0,6,0.0,1,0.0,0.0,0.01,0.12886473696786538
2018-06-23T02:00:00.0,2018-06-23T07:00:00.0,7,0.0,1,0.0,0.0,0.01,0.12886473696786538
2018-06-23T03:00:00.0,2018-06-23T08:00:00.0,8,0.0,1,0.0,0.0,0.01,0.12886473696786538
2018-06-23T04:00:00.0,2018-06-23T09:00:00.0,9,0.0,1,0.0,0.0,0.01,0.12886473696786538
2018-06-23T05:00:00.0,2018-06-23T10:00:00.0,10,0.0,1,0.0,0.0,0.01,0.12886473696786538
2018-06-23T06:00:00.0,2018-06-23T11:00:00.0,11,367.5330031,0,0.0,0.0,0.99,0.12886473696786538
2018-06-23T07:00:00.0,2018-06-23T12:00:00.0,12,8893.955726,1,6987.762087,9119.471452,0.977604568,249632.31008534133
2018-06-23T08:00:00.0,2018-06-23T13:00:00.0,13,22247.40052,1,19323.66476,27811.76213,0.63743979,5.014047331118286e6
2018-06-23T09:00:00.0,2018-06-23T14:00:00.0,14,30202.01151,0,32867.94661,37517.79057,0.0,1.0481049559538364e6
2018-06-23T10:00:00.0,2018-06-23T15:00:00.0,15,34318.15659,1,31781.05055,45314.75535,0.250334738,1.8113339621588707e7
2018-06-23T11:00:00.0,2018-06-23T16:00:00.0,16,36233.36391,1,30913.04218,41273.94547,0.534068454,9.618527025426626e6
2018-06-23T12:00:00.0,2018-06-23T17:00:00.0,17,37773.70059,1,29889.82507,44741.38532,0.531248817,2.127635632195878e7
2018-06-23T13:00:00.0,2018-06-23T18:00:00.0,18,38111.8145,1,30732.76815,45852.08832,0.46321534,1.8541315930762768e7
2018-06-23T14:00:00.0,2018-06-23T19:00:00.0,19,37991.33722,1,30431.84856,39877.60324,0.748847363,7.862830819828272e6
2018-06-23T15:00:00.0,2018-06-23T20:00:00.0,20,38299.7113,1,29921.07683,43109.17618,0.609710424,1.4495624333365202e7
2018-06-23T16:00:00.0,2018-06-23T21:00:00.0,21,37986.04961,1,26836.10367,41946.82417,0.70107784,1.868575950276923e7
2018-06-23T17:00:00.0,2018-06-23T22:00:00.0,22,36442.15788,1,20115.63644,40315.11121,0.731922682,2.94812409525373e7
2018-06-23T18:00:00.0,2018-06-23T23:00:00.0,23,31147.79709,1,17803.42456,36068.21064,0.598478772,2.982275639468527e7
2018-06-23T19:00:00.0,2018-06-24T00:00:00.0,0,17214.98364,1,10834.7286,28057.91828,0.266021194,2.7946086781095266e7
2018-06-23T20:00:00.0,2018-06-24T01:00:00.0,1,3232.064442,1,989.9507067,9421.308973,0.119538546,5.442522888470098e6
2018-06-23T21:00:00.0,2018-06-24T02:00:00.0,2,0.0,1,0.0,0.0,0.01,0.12886473696786538
2018-06-23T22:00:00.0,2018-06-24T03:00:00.0,3,0.0,1,0.0,0.0,0.01,0.12886473696786538
2018-06-23T23:00:00.0,2018-06-24T04:00:00.0,4,0.0,1,0.0,0.0,0.01,0.12886473696786538
2018-06-24T00:00:00.0,2018-06-24T05:00:00.0,5,0.0,1,0.0,0.0,0.01,0.12886473696786538
2018-06-24T01:00:00.0,2018-06-24T06:00:00.0,6,0.0,1,0.0,0.0,0.01,0.12886473696786538
2018-06-24T02:00:00.0,2018-06-24T07:00:00.0,7,0.0,1,0.0,0.0,0.01,0.12886473696786538
2018-06-24T03:00:00.0,2018-06-24T08:00:00.0,8,0.0,1,0.0,0.0,0.01,0.12886473696786538
2018-06-24T04:00:00.0,2018-06-24T09:00:00.0,9,0.0,1,0.0,0.0,0.01,0.12886473696786538
2018-06-24T05:00:00.0,2018-06-24T10:00:00.0,10,0.0,1,0.0,0.0,0.01,0.12886473696786538
2018-06-24T06:00:00.0,2018-06-24T11:00:00.0,11,280.6505163,0,0.0,0.0,0.99,0.12886473696786538
2018-06-24T07:00:00.0,2018-06-24T12:00:00.0,12,8654.54694,1,6747.11696,8748.368803,0.978759965,192129.42060796916
2018-06-24T08:00:00.0,2018-06-24T13:00:00.0,13,23035.41753,1,20955.33335,29979.35408,0.594864105,3.7878943364851475e6
2018-06-24T09:00:00.0,2018-06-24T14:00:00.0,14,32674.43833,1,30397.00509,38661.24313,0.521830569,4.400618435319424e6
2018-06-24T10:00:00.0,2018-06-24T15:00:00.0,15,36769.34725,1,33760.78371,37379.83881,0.919005324,980634.1618261337
2018-06-24T11:00:00.0,2018-06-24T16:00:00.0,16,38146.05295,1,33083.39925,38598.02822,0.902586417,2.5896736331403255e6
2018-06-24T12:00:00.0,2018-06-24T17:00:00.0,17,38620.77726,1,34910.57481,40138.9426,0.576664851,2.4305632369918823e6
2018-06-24T13:00:00.0,2018-06-24T18:00:00.0,18,39002.85845,1,34954.86732,44275.82387,0.525376682,6.3507520029706955e6
2018-06-24T14:00:00.0,2018-06-24T19:00:00.0,19,39169.87753,1,32960.21578,46497.08004,0.497503749,1.7626322748329878e7
2018-06-24T15:00:00.0,2018-06-24T20:00:00.0,20,39015.60184,1,35281.31067,41972.45945,0.544727655,3.6363384481453896e6
2018-06-24T16:00:00.0,2018-06-24T21:00:00.0,21,38041.57114,1,30428.08504,41935.48314,0.496997039,1.1283823543648481e7
2018-06-24T17:00:00.0,2018-06-24T22:00:00.0,22,34773.81493,1,24325.44482,41214.40995,0.452780731,2.0748568515746593e7
2018-06-24T18:00:00.0,2018-06-24T23:00:00.0,23,28142.91752,1,19252.97021,33117.65174,0.377751141,1.4256337269686818e7
2018-06-24T19:00:00.0,2018-06-25T00:00:00.0,0,15883.83258,1,9632.666368,26279.08425,0.285566176,2.1573130495336413e7
2018-06-24T20:00:00.0,2018-06-25T01:00:00.0,1,2771.86472,1,879.6847516,7777.229618,0.13938584,3.4959681572593376e6
2018-06-24T21:00:00.0,2018-06-25T02:00:00.0,2,0.0,1,0.0,0.0,0.01,0.12886473696786538
2018-06-24T22:00:00.0,2018-06-25T03:00:00.0,3,0.0,1,0.0,0.0,0.01,0.12886473696786538
2018-06-24T23:00:00.0,2018-06-25T04:00:00.0,4,0.0,1,0.0,0.0,0.01,0.12886473696786538
2018-06-25T00:00:00.0,2018-06-25T05:00:00.0,5,0.0,1,0.0,0.0,0.01,0.12886473696786538
2018-06-25T01:00:00.0,2018-06-25T06:00:00.0,6,0.0,1,0.0,0.0,0.01,0.12886473696786538
2018-06-25T02:00:00.0,2018-06-25T07:00:00.0,7,0.0,1,0.0,0.0,0.01,0.12886473696786538
2018-06-25T03:00:00.0,2018-06-25T08:00:00.0,8,0.0,1,0.0,0.0,0.01,0.12886473696786538
2018-06-25T04:00:00.0,2018-06-25T09:00:00.0,9,0.0,1,0.0,0.0,0.01,0.12886473696786538
2018-06-25T05:00:00.0,2018-06-25T10:00:00.0,10,0.0,1,0.0,0.0,0.01,0.12886473696786538
2018-06-25T06:00:00.0,2018-06-25T11:00:00.0,11,227.3369154,0,0.0,0.0,0.99,0.12886473696786538
2018-06-25T07:00:00.0,2018-06-25T12:00:00.0,12,7735.651754,1,5402.934027,8459.475499,0.981098764,418307.5752135962
2018-06-25T08:00:00.0,2018-06-25T13:00:00.0,13,19941.49231,1,18785.66592,23909.20536,0.427497736,1.625879279943049e6
2018-06-25T09:00:00.0,2018-06-25T14:00:00.0,14,29222.93542,1,28392.15174,37071.86909,0.203099027,5.173909552192807e6
2018-06-25T10:00:00.0,2018-06-25T15:00:00.0,15,32119.35982,1,27609.67796,38805.97878,0.407742341,1.0719105845328093e7
2018-06-25T11:00:00.0,2018-06-25T16:00:00.0,16,33653.54573,1,31494.42032,42051.72084,0.23205512,9.207880177775145e6
2018-06-25T12:00:00.0,2018-06-25T17:00:00.0,17,34959.21145,1,32088.18228,38150.69438,0.582832216,3.5348470006866455e6
2018-06-25T13:00:00.0,2018-06-25T18:00:00.0,18,36063.05918,1,28689.57664,37933.87315,0.7362275,8.058322970556974e6
2018-06-25T14:00:00.0,2018-06-25T19:00:00.0,19,36613.5819,1,30095.31233,43237.56575,0.571453905,1.3993573640700102e7
2018-06-25T15:00:00.0,2018-06-25T20:00:00.0,20,37174.47104,1,31997.79681,38318.11137,0.808179228,3.260639519601822e6
2018-06-25T16:00:00.0,2018-06-25T21:00:00.0,21,36463.71334,1,27743.5943,42268.48616,0.504661222,1.957043632182932e7
2018-06-25T17:00:00.0,2018-06-25T22:00:00.0,22,34719.21892,1,22671.3701,37174.89881,0.762455926,1.5826793556322098e7
2018-06-25T18:00:00.0,2018-06-25T23:00:00.0,23,30023.80592,1,15574.55891,37777.52513,0.659939936,4.096933035274398e7
2018-06-25T19:00:00.0,2018-06-26T00:00:00.0,0,17550.66636,1,9908.39716,28862.17756,0.317140335,2.5397810797465086e7
2018-06-25T20:00:00.0,2018-06-26T01:00:00.0,1,3396.960462,1,1689.845051,9950.506101,0.140252424,6.003310309368841e6
2018-06-25T21:00:00.0,2018-06-26T02:00:00.0,2,0.0,1,0.0,0.0,0.01,0.12886473696786538
2018-06-25T22:00:00.0,2018-06-26T03:00:00.0,3,0.0,1,0.0,0.0,0.01,0.12886473696786538
2018-06-25T23:00:00.0,2018-06-26T04:00:00.0,4,0.0,1,0.0,0.0,0.01,0.12886473696786538
2018-06-26T00:00:00.0,2018-06-26T05:00:00.0,5,0.0,1,0.0,0.0,0.01,0.12886473696786538
2018-06-26T01:00:00.0,2018-06-26T06:00:00.0,6,0.0,1,0.0,0.0,0.01,0.12886473696786538
2018-06-26T02:00:00.0,2018-06-26T07:00:00.0,7,0.0,1,0.0,0.0,0.01,0.12886473696786538
2018-06-26T03:00:00.0,2018-06-26T08:00:00.0,8,0.0,1,0.0,0.0,0.01,0.12886473696786538
2018-06-26T04:00:00.0,2018-06-26T09:00:00.0,9,0.0,1,0.0,0.0,0.01,0.12886473696786538
2018-06-26T05:00:00.0,2018-06-26T10:00:00.0,10,0.0,1,0.0,0.0,0.01,0.12886473696786538
2018-06-26T06:00:00.0,2018-06-26T11:00:00.0,11,578.7643215,0,0.0,0.0,0.99,0.12886473696786538
2018-06-26T07:00:00.0,2018-06-26T12:00:00.0,12,11226.30516,0,7730.091222,8640.511066,1.0,25474.636112622917
2018-06-26T08:00:00.0,2018-06-26T13:00:00.0,13,27159.57093,1,20040.6868,30077.51917,0.88476947,6.8180754420803785e6
2018-06-26T09:00:00.0,2018-06-26T14:00:00.0,14,35520.48617,1,27354.8983,40486.81249,0.747495962,1.6213820804984093e7
2018-06-26T10:00:00.0,2018-06-26T15:00:00.0,15,37695.96797,1,30152.84042,40613.03088,0.676630227,9.16881004210329e6
2018-06-26T11:00:00.0,2018-06-26T16:00:00.0,16,38282.95976,1,31071.34962,45072.32731,0.499913277,1.5218683385503769e7
2018-06-26T12:00:00.0,2018-06-26T17:00:00.0,17,38637.98525,1,32676.6322,39115.26083,0.842740995,3.27159903455019e6
2018-06-26T13:00:00.0,2018-06-26T18:00:00.0,18,38799.78447,1,36110.21572,41231.20912,0.552998243,2.4188300348939896e6
2018-06-26T14:00:00.0,2018-06-26T19:00:00.0,19,38574.04854,1,34800.07468,39026.81114,0.81396781,1.5782490150516033e6
2018-06-26T15:00:00.0,2018-06-26T20:00:00.0,20,38468.24565,1,33478.43358,44745.89551,0.5529178,1.0394820414359331e7
2018-06-26T16:00:00.0,2018-06-26T21:00:00.0,21,38029.31298,1,32081.82384,38463.4737,0.899194872,3.247263802987337e6
2018-06-26T17:00:00.0,2018-06-26T22:00:00.0,22,37024.43875,1,31380.86307,41616.69136,0.482549252,7.924302151750326e6
2018-06-26T18:00:00.0,2018-06-26T23:00:00.0,23,32113.9162,1,20485.02897,37366.13902,0.615997052,2.523527422746563e7
2018-06-26T19:00:00.0,2018-06-27T00:00:00.0,0,18950.4724,1,14285.32977,29490.04247,0.166105563,1.72791564644655e7
2018-06-26T20:00:00.0,2018-06-27T01:00:00.0,1,3732.517545,1,1391.428166,11390.923,0.07449844,6.524943963506214e6
2018-06-26T21:00:00.0,2018-06-27T02:00:00.0,2,0.153,0,0.0,0.0,0.99,0.12886473696786538
2018-06-26T22:00:00.0,2018-06-27T03:00:00.0,3,0.0,1,0.0,0.0,0.01,0.12886473696786538
2018-06-26T23:00:00.0,2018-06-27T04:00:00.0,4,0.0,1,0.0,0.0,0.01,0.12886473696786538
2018-06-27T00:00:00.0,2018-06-27T05:00:00.0,5,0.0,1,0.0,0.0,0.01,0.12886473696786538
2018-06-27T01:00:00.0,2018-06-27T06:00:00.0,6,0.0,1,0.0,0.0,0.01,0.12886473696786538
2018-06-27T02:00:00.0,2018-06-27T07:00:00.0,7,0.0,1,0.0,0.0,0.01,0.12886473696786538
2018-06-27T03:00:00.0,2018-06-27T08:00:00.0,8,0.0,1,0.0,0.0,0.01,0.12886473696786538
2018-06-27T04:00:00.0,2018-06-27T09:00:00.0,9,0.0,1,0.0,0.0,0.01,0.12886473696786538
2018-06-27T05:00:00.0,2018-06-27T10:00:00.0,10,0.0,1,0.0,0.0,0.01,0.12886473696786538
2018-06-27T06:00:00.0,2018-06-27T11:00:00.0,11,594.1090779,0,0.0,0.0,0.99,0.12886473696786538
2018-06-27T07:00:00.0,2018-06-27T12:00:00.0,12,12017.96648,0,8136.443451,8902.759916,1.0,32578.25204849243
2018-06-27T08:00:00.0,2018-06-27T13:00:00.0,13,28788.93065,1,22304.78662,33462.15929,0.808622369,7.723094549987197e6
2018-06-27T09:00:00.0,2018-06-27T14:00:00.0,14,37021.402,1,33469.46494,38677.30676,0.820071858,2.0716307418835163e6
2018-06-27T10:00:00.0,2018-06-27T15:00:00.0,15,39435.25602,1,31735.29252,44500.74096,0.549747866,1.227390700279975e7
2018-06-27T11:00:00.0,2018-06-27T16:00:00.0,16,39808.9585,1,33970.98137,40076.4357,0.893820994,2.905580996883869e6
2018-06-27T12:00:00.0,2018-06-27T17:00:00.0,17,39776.65421,1,34523.75174,44206.81797,0.545359304,7.345992221656799e6
2018-06-27T13:00:00.0,2018-06-27T18:00:00.0,18,39581.1954,1,30867.04054,43423.60935,0.655180087,1.2160221294008255e7
2018-06-27T14:00:00.0,2018-06-27T19:00:00.0,19,39434.31386,1,31276.94648,43365.44781,0.615074564,1.024456761918807e7
2018-06-27T15:00:00.0,2018-06-27T20:00:00.0,20,39280.5742,1,35958.69581,40132.36585,0.70816195,1.5172409957826138e6
2018-06-27T16:00:00.0,2018-06-27T21:00:00.0,21,38915.98939,1,30346.45783,44938.36936,0.588010588,1.955531537516427e7
2018-06-27T17:00:00.0,2018-06-27T22:00:00.0,22,37619.08002,1,28389.44714,43771.36571,0.493077247,1.831420056000042e7
2018-06-27T18:00:00.0,2018-06-27T23:00:00.0,23,32834.19839,1,20005.3604,41740.38369,0.521461178,3.7357020661030054e7
2018-06-27T19:00:00.0,2018-06-28T00:00:00.0,0,19550.26451,1,14215.19147,30738.18464,0.137086974,1.8640366858279824e7
2018-06-27T20:00:00.0,2018-06-28T01:00:00.0,1,3974.60838,1,1533.042474,11021.62455,0.14728529,7.860118039235041e6
2018-06-27T21:00:00.0,2018-06-28T02:00:00.0,2,0.2142,0,0.0,0.0,0.99,0.12886473696786538
2018-06-27T22:00:00.0,2018-06-28T03:00:00.0,3,0.0,1,0.0,0.0,0.01,0.12886473696786538
2018-06-27T23:00:00.0,2018-06-28T04:00:00.0,4,0.0,1,0.0,0.0,0.01,0.12886473696786538
2018-06-28T00:00:00.0,2018-06-28T05:00:00.0,5,0.0,1,0.0,0.0,0.01,0.12886473696786538
2018-06-28T01:00:00.0,2018-06-28T06:00:00.0,6,0.0,1,0.0,0.0,0.01,0.12886473696786538
2018-06-28T02:00:00.0,2018-06-28T07:00:00.0,7,0.0,1,0.0,0.0,0.01,0.12886473696786538
2018-06-28T03:00:00.0,2018-06-28T08:00:00.0,8,0.0,1,0.0,0.0,0.01,0.12886473696786538
2018-06-28T04:00:00.0,2018-06-28T09:00:00.0,9,0.0,1,0.0,0.0,0.01,0.12886473696786538
2018-06-28T05:00:00.0,2018-06-28T10:00:00.0,10,0.0,1,0.0,0.0,0.01,0.12886473696786538
2018-06-28T06:00:00.0,2018-06-28T11:00:00.0,11,597.2579467,0,0.0,0.0,0.99,0.12886473696786538
2018-06-28T07:00:00.0,2018-06-28T12:00:00.0,12,11943.58761,0,7732.400266,8962.116795,1.0,80924.88241505623
2018-06-28T08:00:00.0,2018-06-28T13:00:00.0,13,28826.18716,1,24473.69139,31589.10138,0.898932076,3.1130738423210382e6
2018-06-28T09:00:00.0,2018-06-28T14:00:00.0,14,36531.64459,1,30646.57495,38620.29986,0.817417403,5.366265583114147e6
2018-06-28T10:00:00.0,2018-06-28T15:00:00.0,15,38924.21547,1,35863.28124,45217.91879,0.397122358,6.874893496812105e6
2018-06-28T11:00:00.0,2018-06-28T16:00:00.0,16,39354.83542,1,36690.60068,40956.63201,0.614294935,1.891934268768549e6
2018-06-28T12:00:00.0,2018-06-28T17:00:00.0,17,39251.86253,1,35391.47013,46543.45218,0.403005988,1.0311540347208023e7
2018-06-28T13:00:00.0,2018-06-28T18:00:00.0,18,39156.12696,1,30528.67625,44027.42413,0.629981878,1.5456902952246666e7
2018-06-28T14:00:00.0,2018-06-28T19:00:00.0,19,38975.22727,1,32820.29724,40751.95544,0.699337503,4.8870808474190235e6
2018-06-28T15:00:00.0,2018-06-28T20:00:00.0,20,38819.72066,1,32288.7744,40354.70538,0.722889986,5.5355776145813465e6
2018-06-28T16:00:00.0,2018-06-28T21:00:00.0,21,38283.22774,1,29178.24214,41060.76481,0.685612589,1.1548614320098162e7
2018-06-28T17:00:00.0,2018-06-28T22:00:00.0,22,36877.20085,1,27120.75209,39187.53052,0.732594007,1.0686467236170053e7
2018-06-28T18:00:00.0,2018-06-28T23:00:00.0,23,32173.49836,1,22703.99831,38758.68571,0.533042719,2.295925422636497e7
2018-06-28T19:00:00.0,2018-06-29T00:00:00.0,0,18469.63448,1,11666.02095,30785.30395,0.210151838,2.8373684069890857e7
2018-06-28T20:00:00.0,2018-06-29T01:00:00.0,1,3554.355992,1,677.7167086,9968.011595,0.165066355,7.691693936881095e6
2018-06-28T21:00:00.0,2018-06-29T02:00:00.0,2,0.0,1,0.0,0.0,0.01,0.12886473696786538
2018-06-28T22:00:00.0,2018-06-29T03:00:00.0,3,0.0,1,0.0,0.0,0.01,0.12886473696786538
2018-06-28T23:00:00.0,2018-06-29T04:00:00.0,4,0.0,1,0.0,0.0,0.01,0.12886473696786538
2018-06-29T00:00:00.0,2018-06-29T05:00:00.0,5,0.0,1,0.0,0.0,0.01,0.12886473696786538
2018-06-29T01:00:00.0,2018-06-29T06:00:00.0,6,0.0,1,0.0,0.0,0.01,0.12886473696786538
2018-06-29T02:00:00.0,2018-06-29T07:00:00.0,7,0.0,1,0.0,0.0,0.01,0.12886473696786538
2018-06-29T03:00:00.0,2018-06-29T08:00:00.0,8,0.0,1,0.0,0.0,0.01,0.12886473696786538
2018-06-29T04:00:00.0,2018-06-29T09:00:00.0,9,0.0,1,0.0,0.0,0.01,0.12886473696786538
2018-06-29T05:00:00.0,2018-06-29T10:00:00.0,10,0.0,1,0.0,0.0,0.01,0.12886473696786538
2018-06-29T06:00:00.0,2018-06-29T11:00:00.0,11,498.1290115,0,0.0,0.0,0.99,0.12886473696786538
2018-06-29T07:00:00.0,2018-06-29T12:00:00.0,12,10569.61696,0,7184.380208,9566.891741,1.0,307188.55990894884
2018-06-29T08:00:00.0,2018-06-29T13:00:00.0,13,26237.62459,1,23905.95825,26536.72323,0.986651429,291053.22087979317
2018-06-29T09:00:00.0,2018-06-29T14:00:00.0,14,35002.42024,1,27751.96937,42599.09773,0.507222333,1.8370610772262573e7
2018-06-29T10:00:00.0,2018-06-29T15:00:00.0,15,37882.43543,1,30698.69095,44235.42905,0.486010904,1.5882259896918058e7
2018-06-29T11:00:00.0,2018-06-29T16:00:00.0,16,38584.58355,1,30704.08865,41703.97538,0.690557444,1.0355431369637728e7
2018-06-29T12:00:00.0,2018-06-29T17:00:00.0,17,38636.07046,1,30092.65881,44731.41737,0.563087609,1.606918079877615e7
2018-06-29T13:00:00.0,2018-06-29T18:00:00.0,18,38336.55451,1,31846.0063,43762.37502,0.496609142,1.172074354988861e7
2018-06-29T14:00:00.0,2018-06-29T19:00:00.0,19,38012.61002,1,28391.99656,44732.00936,0.513596759,2.5000992749615908e7
2018-06-29T15:00:00.0,2018-06-29T20:00:00.0,20,37013.35045,1,30034.48947,44023.81337,0.540331029,1.761455105207801e7
2018-06-29T16:00:00.0,2018-06-29T21:00:00.0,21,34511.74925,1,22974.05358,43311.01474,0.566541471,2.961937344550824e7
2018-06-29T17:00:00.0,2018-06-29T22:00:00.0,22,29356.37732,1,23238.79269,39345.05038,0.394131983,2.301638185741651e7
2018-06-29T18:00:00.0,2018-06-29T23:00:00.0,23,20274.3472,1,18662.87793,31253.76254,0.112664006,1.3923292404188275e7
2018-06-29T19:00:00.0,2018-06-30T00:00:00.0,0,9697.98764,1,8241.689177,17565.50241,0.101958682,7.300253773867041e6
2018-06-29T20:00:00.0,2018-06-30T01:00:00.0,1,1112.307141,1,425.5868868,3584.433053,0.146855952,874672.0457142554
2018-06-29T21:00:00.0,2018-06-30T02:00:00.0,2,0.153,0,0.0,0.0,0.99,0.12886473696786538
2018-06-29T22:00:00.0,2018-06-30T03:00:00.0,3,0.0,1,0.0,0.0,0.01,0.12886473696786538
2018-06-29T23:00:00.0,2018-06-30T04:00:00.0,4,0.0,1,0.0,0.0,0.01,0.12886473696786538
2018-06-30T00:00:00.0,2018-06-30T05:00:00.0,5,0.0,1,0.0,0.0,0.01,0.12886473696786538
2018-06-30T01:00:00.0,2018-06-30T06:00:00.0,6,0.0,1,0.0,0.0,0.01,0.12886473696786538
2018-06-30T02:00:00.0,2018-06-30T07:00:00.0,7,0.0,1,0.0,0.0,0.01,0.12886473696786538
2018-06-30T03:00:00.0,2018-06-30T08:00:00.0,8,0.0,1,0.0,0.0,0.01,0.12886473696786538
2018-06-30T04:00:00.0,2018-06-30T09:00:00.0,9,0.0,1,0.0,0.0,0.01,0.12886473696786538
2018-06-30T05:00:00.0,2018-06-30T10:00:00.0,10,0.0,1,0.0,0.0,0.01,0.12886473696786538
2018-06-30T06:00:00.0,2018-06-30T11:00:00.0,11,212.2606543,0,0.0,0.0,0.99,0.12886473696786538
2018-06-30T07:00:00.0,2018-06-30T12:00:00.0,12,6507.435134,1,4869.730843,7176.402166,0.950736706,280294.86287645623
2018-06-30T08:00:00.0,2018-06-30T13:00:00.0,13,18956.95869,1,11992.91678,27563.02592,0.625587943,1.777986832768339e7
2018-06-30T09:00:00.0,2018-06-30T14:00:00.0,14,25367.46896,1,20048.78653,35903.50816,0.461907988,1.705578517457354e7
2018-06-30T10:00:00.0,2018-06-30T15:00:00.0,15,29113.92997,1,23088.34475,39553.46069,0.480214958,2.4957635976599574e7
2018-06-30T11:00:00.0,2018-06-30T16:00:00.0,16,32563.66794,1,29247.25634,46416.26356,0.284392874,1.9325545407202482e7
2018-06-30T12:00:00.0,2018-06-30T17:00:00.0,17,35118.14177,1,27529.43948,44088.48423,0.484238157,2.5564044137634754e7
2018-06-30T13:00:00.0,2018-06-30T18:00:00.0,18,36099.0631,1,28358.56389,44884.14791,0.478860412,2.3198381300816298e7
2018-06-30T14:00:00.0,2018-06-30T19:00:00.0,19,36579.71086,1,32293.62184,39159.9918,0.660889273,4.758120191516638e6
2018-06-30T15:00:00.0,2018-06-30T20:00:00.0,20,36336.50855,1,28251.28346,42993.22386,0.491615839,1.8939518393193007e7
2018-06-30T16:00:00.0,2018-06-30T21:00:00.0,21,34431.45085,1,27895.29578,37561.85696,0.593740249,6.431748710539341e6
2018-06-30T17:00:00.0,2018-06-30T22:00:00.0,22,31404.45116,1,23965.93269,39336.90796,0.47174353,1.85200969659245e7
2018-06-30T18:00:00.0,2018-06-30T23:00:00.0,23,25424.11927,1,17843.44353,30793.6983,0.495638267,1.5971190233211398e7
2018-06-30T19:00:00.0,2018-07-01T00:00:00.0,0,13977.78228,1,10769.93738,21042.9385,0.155108396,8.726341526367664e6
2018-06-30T20:00:00.0,2018-07-01T01:00:00.0,1,2798.1914,1,455.1313095,7721.759962,0.200073037,4.675111981132962e6
2018-06-30T21:00:00.0,2018-07-01T02:00:00.0,2,0.153,0,0.0,0.0,0.99,0.12886473696786538
2018-06-30T22:00:00.0,2018-07-01T03:00:00.0,3,0.0,1,0.0,0.0,0.01,0.12886473696786538
2018-06-30T23:00:00.0,2018-07-01T04:00:00.0,4,0.0,1,0.0,0.0,0.01,0.12886473696786538
2018-07-01T00:00:00.0,2018-07-01T05:00:00.0,5,0.0,1,0.0,0.0,0.01,0.12886473696786538
2018-07-01T01:00:00.0,2018-07-01T06:00:00.0,6,0.0,1,0.0,0.0,0.01,0.12886473696786538
2018-07-01T02:00:00.0,2018-07-01T07:00:00.0,7,0.0,1,0.0,0.0,0.01,0.12886473696786538
2018-07-01T03:00:00.0,2018-07-01T08:00:00.0,8,0.0,1,0.0,0.0,0.01,0.12886473696786538
2018-07-01T04:00:00.0,2018-07-01T09:00:00.0,9,0.0,1,0.0,0.0,0.01,0.12886473696786538
2018-07-01T05:00:00.0,2018-07-01T10:00:00.0,10,0.0,1,0.0,0.0,0.01,0.12886473696786538
2018-07-01T06:00:00.0,2018-07-01T11:00:00.0,11,149.3354011,0,0.0,0.0,0.99,0.12886473696786538
2018-07-01T07:00:00.0,2018-07-01T12:00:00.0,12,7860.080009,1,6812.345433,8707.797923,0.920570426,147206.93391148
2018-07-01T08:00:00.0,2018-07-01T13:00:00.0,13,23181.02005,1,20177.748,29674.35467,0.522250896,6.794188756329656e6
2018-07-01T09:00:00.0,2018-07-01T14:00:00.0,14,32229.96251,1,25337.53409,38678.93811,0.693172012,1.289545775425601e7
2018-07-01T10:00:00.0,2018-07-01T15:00:00.0,15,35873.84918,1,31008.87407,43313.38136,0.417906271,1.2347511190666199e7
2018-07-01T11:00:00.0,2018-07-01T16:00:00.0,16,37047.14907,1,33462.5101,39620.83504,0.605515221,3.505723183291912e6
2018-07-01T12:00:00.0,2018-07-01T17:00:00.0,17,37645.27373,1,33162.36552,41004.88239,0.650132813,4.577526953002214e6
2018-07-01T13:00:00.0,2018-07-01T18:00:00.0,18,37644.26509,1,29500.56846,45205.3352,0.579661155,2.00562480623641e7
2018-07-01T14:00:00.0,2018-07-01T19:00:00.0,19,36624.988,1,29399.77918,40468.13686,0.613923691,1.1948437758895636e7
2018-07-01T15:00:00.0,2018-07-01T20:00:00.0,20,35476.96186,1,33932.15164,39479.89266,0.364490665,2.7896144529681206e6
2018-07-01T16:00:00.0,2018-07-01T21:00:00.0,21,35351.89145,1,28332.25778,43153.39762,0.433428422,2.0250007516576767e7
2018-07-01T17:00:00.0,2018-07-01T22:00:00.0,22,32624.19359,1,23272.67708,37283.63283,0.627861365,1.5918287867043257e7
2018-07-01T18:00:00.0,2018-07-01T23:00:00.0,23,25121.73427,1,16619.93028,32340.31835,0.434314486,2.084757980763364e7
2018-07-01T19:00:00.0,2018-07-02T00:00:00.0,0,12336.48896,1,8120.431023,20788.2769,0.209353388,1.3593301220710248e7
2018-07-01T20:00:00.0,2018-07-02T01:00:00.0,1,2100.497462,1,946.5756541,6112.297152,0.088293086,2.197553715051409e6
2018-07-01T21:00:00.0,2018-07-02T02:00:00.0,2,0.0,1,0.0,0.0,0.01,0.12886473696786538
2018-07-01T22:00:00.0,2018-07-02T03:00:00.0,3,0.0,1,0.0,0.0,0.01,0.12886473696786538
2018-07-01T23:00:00.0,2018-07-02T04:00:00.0,4,0.0,1,0.0,0.0,0.01,0.12886473696786538
2018-07-02T00:00:00.0,2018-07-02T05:00:00.0,5,0.0,1,0.0,0.0,0.01,0.12886473696786538
2018-07-02T01:00:00.0,2018-07-02T06:00:00.0,6,0.0,1,0.0,0.0,0.01,0.12886473696786538
2018-07-02T02:00:00.0,2018-07-02T07:00:00.0,7,0.0,1,0.0,0.0,0.01,0.12886473696786538
2018-07-02T03:00:00.0,2018-07-02T08:00:00.0,8,0.0,1,0.0,0.0,0.01,0.12886473696786538
2018-07-02T04:00:00.0,2018-07-02T09:00:00.0,9,0.0,1,0.0,0.0,0.01,0.12886473696786538
2018-07-02T05:00:00.0,2018-07-02T10:00:00.0,10,0.0,1,0.0,0.0,0.01,0.12886473696786538
2018-07-02T06:00:00.0,2018-07-02T11:00:00.0,11,196.1479695,0,0.0,0.0,0.99,0.12886473696786538
2018-07-02T07:00:00.0,2018-07-02T12:00:00.0,12,7064.639137,1,5802.359053,8316.176637,0.914543854,244531.85219130665
2018-07-02T08:00:00.0,2018-07-02T13:00:00.0,13,20519.30942,1,19918.17517,26560.6663,0.341117058,2.083282975462675e6
2018-07-02T09:00:00.0,2018-07-02T14:00:00.0,14,28785.20753,1,28518.49788,37206.90084,0.055290034,5.274882082573652e6
2018-07-02T10:00:00.0,2018-07-02T15:00:00.0,15,33909.04311,1,29113.74476,43155.38257,0.408343271,1.5353335736415863e7
2018-07-02T11:00:00.0,2018-07-02T16:00:00.0,16,36112.48998,1,28766.00869,41119.71019,0.586601339,1.4549815951452494e7
2018-07-02T12:00:00.0,2018-07-02T17:00:00.0,17,37219.86739,1,31126.03082,40922.00095,0.626682934,7.017342477221727e6
2018-07-02T13:00:00.0,2018-07-02T18:00:00.0,18,37854.86352,1,28645.25839,40222.06303,0.726864103,1.176180217037654e7
2018-07-02T14:00:00.0,2018-07-02T19:00:00.0,19,38032.11208,1,29486.67564,44703.12811,0.529818233,1.9070568940935373e7
2018-07-02T15:00:00.0,2018-07-02T20:00:00.0,20,36845.57468,1,28598.50032,45800.70425,0.509941421,2.6896127854947567e7
2018-07-02T16:00:00.0,2018-07-02T21:00:00.0,21,32390.99263,1,28590.46964,43920.59008,0.251501632,2.00144510888896e7
2018-07-02T17:00:00.0,2018-07-02T22:00:00.0,22,27055.63212,1,24587.28094,37692.55566,0.260383804,1.610280862770307e7
2018-07-02T18:00:00.0,2018-07-02T23:00:00.0,23,21892.24215,1,17851.10542,34084.58091,0.268253918,2.5472409668634772e7
2018-07-02T19:00:00.0,2018-07-03T00:00:00.0,0,11939.39128,1,9087.498336,18541.61864,0.203701417,8.203756438014984e6
2018-07-02T20:00:00.0,2018-07-03T01:00:00.0,1,1687.135703,1,336.6025397,5380.26379,0.058634354,1.5486799678363986e6
2018-07-02T21:00:00.0,2018-07-03T02:00:00.0,2,0.153,0,0.0,0.0,0.99,0.12886473696786538
2018-07-02T22:00:00.0,2018-07-03T03:00:00.0,3,0.0,1,0.0,0.0,0.01,0.12886473696786538
2018-07-02T23:00:00.0,2018-07-03T04:00:00.0,4,0.0,1,0.0,0.0,0.01,0.12886473696786538
2018-07-03T00:00:00.0,2018-07-03T05:00:00.0,5,0.0,1,0.0,0.0,0.01,0.12886473696786538
2018-07-03T01:00:00.0,2018-07-03T06:00:00.0,6,0.0,1,0.0,0.0,0.01,0.12886473696786538
2018-07-03T02:00:00.0,2018-07-03T07:00:00.0,7,0.0,1,0.0,0.0,0.01,0.12886473696786538
2018-07-03T03:00:00.0,2018-07-03T08:00:00.0,8,0.0,1,0.0,0.0,0.01,0.12886473696786538
2018-07-03T04:00:00.0,2018-07-03T09:00:00.0,9,0.0,1,0.0,0.0,0.01,0.12886473696786538
2018-07-03T05:00:00.0,2018-07-03T10:00:00.0,10,0.0,1,0.0,0.0,0.01,0.12886473696786538
2018-07-03T06:00:00.0,2018-07-03T11:00:00.0,11,399.175279,0,0.0,0.0,0.99,0.12886473696786538
2018-07-03T07:00:00.0,2018-07-03T12:00:00.0,12,9326.468515,0,6758.660267,8822.681526,1.0,234517.59722942114
2018-07-03T08:00:00.0,2018-07-03T13:00:00.0,13,24354.48023,1,21982.70328,31334.01513,0.530674179,5.322840797384977e6
2018-07-03T09:00:00.0,2018-07-03T14:00:00.0,14,32670.95006,1,26061.86631,36382.40568,0.738908179,9.044918359556437e6
2018-07-03T10:00:00.0,2018-07-03T15:00:00.0,15,36692.4228,1,29880.28602,38639.16627,0.718327579,6.495221941019297e6
2018-07-03T11:00:00.0,2018-07-03T16:00:00.0,16,37800.79621,1,33491.93075,40873.95528,0.610052453,5.172170519281864e6
2018-07-03T12:00:00.0,2018-07-03T17:00:00.0,17,38856.67375,1,34517.46099,43805.31883,0.518082606,7.167962201247215e6
2018-07-03T13:00:00.0,2018-07-03T18:00:00.0,18,38834.95381,1,30226.71601,42834.56565,0.649564549,1.2702090020505428e7
2018-07-03T14:00:00.0,2018-07-03T19:00:00.0,19,38647.258,1,36191.47102,41415.33906,0.44548716,2.290518430560112e6
2018-07-03T15:00:00.0,2018-07-03T20:00:00.0,20,38192.43065,1,33939.5499,40082.10299,0.660174083,3.2316173427369595e6
2018-07-03T16:00:00.0,2018-07-03T21:00:00.0,21,36425.21092,1,25793.9707,42363.67562,0.519367661,2.3076070828674078e7
2018-07-03T17:00:00.0,2018-07-03T22:00:00.0,22,32798.09917,1,22732.40307,36040.7266,0.649494912,1.3284917122389793e7
2018-07-03T18:00:00.0,2018-07-03T23:00:00.0,23,26840.18214,1,19685.72211,32070.1377,0.423908609,1.0943552861497283e7
2018-07-03T19:00:00.0,2018-07-04T00:00:00.0,0,15208.71117,1,11070.63458,25458.00526,0.207964494,1.707874107578188e7
2018-07-03T20:00:00.0,2018-07-04T01:00:00.0,1,2790.034587,1,839.95099,7859.004496,0.220278365,4.801539663684789e6
2018-07-03T21:00:00.0,2018-07-04T02:00:00.0,2,0.0,1,0.0,0.0,0.01,0.12886473696786538
2018-07-03T22:00:00.0,2018-07-04T03:00:00.0,3,0.0,1,0.0,0.0,0.01,0.12886473696786538
2018-07-03T23:00:00.0,2018-07-04T04:00:00.0,4,0.0,1,0.0,0.0,0.01,0.12886473696786538
2018-07-04T00:00:00.0,2018-07-04T05:00:00.0,5,0.0,1,0.0,0.0,0.01,0.12886473696786538
2018-07-04T01:00:00.0,2018-07-04T06:00:00.0,6,0.0,1,0.0,0.0,0.01,0.12886473696786538
2018-07-04T02:00:00.0,2018-07-04T07:00:00.0,7,0.0,1,0.0,0.0,0.01,0.12886473696786538
2018-07-04T03:00:00.0,2018-07-04T08:00:00.0,8,0.0,1,0.0,0.0,0.01,0.12886473696786538
2018-07-04T04:00:00.0,2018-07-04T09:00:00.0,9,0.0,1,0.0,0.0,0.01,0.12886473696786538
2018-07-04T05:00:00.0,2018-07-04T10:00:00.0,10,0.0,1,0.0,0.0,0.01,0.12886473696786538
2018-07-04T06:00:00.0,2018-07-04T11:00:00.0,11,195.1338557,0,0.0,0.0,0.99,0.12886473696786538
2018-07-04T07:00:00.0,2018-07-04T12:00:00.0,12,7415.637016,1,5831.132183,7758.550401,0.983972629,180261.02759791166
2018-07-04T08:00:00.0,2018-07-04T13:00:00.0,13,21203.9291,1,20138.26988,28117.65045,0.401949027,3.409157262895584e6
2018-07-04T09:00:00.0,2018-07-04T14:00:00.0,14,28371.5323,0,28943.34914,37456.51082,0.0,4.602806166072369e6
2018-07-04T10:00:00.0,2018-07-04T15:00:00.0,15,31103.43728,1,25801.76026,37506.55318,0.548709666,1.3544254975450039e7
2018-07-04T11:00:00.0,2018-07-04T16:00:00.0,16,31194.38012,1,30402.48488,39348.56146,0.168205522,7.846991210528851e6
2018-07-04T12:00:00.0,2018-07-04T17:00:00.0,17,30979.379,1,29228.42945,37919.96043,0.286540458,6.6835979678514e6
2018-07-04T13:00:00.0,2018-07-04T18:00:00.0,18,30774.21866,1,27533.15016,36926.17398,0.292892751,6.547933503488064e6
2018-07-04T14:00:00.0,2018-07-04T19:00:00.0,19,30747.46004,1,27484.66977,36653.57708,0.465114369,6.76940616433239e6
2018-07-04T15:00:00.0,2018-07-04T20:00:00.0,20,30819.01529,1,29477.59223,40136.28895,0.189841862,8.560302644338131e6
2018-07-04T16:00:00.0,2018-07-04T21:00:00.0,21,30378.93131,1,27448.44192,34198.29684,0.515147606,4.1475673128396273e6
2018-07-04T17:00:00.0,2018-07-04T22:00:00.0,22,28665.62089,1,24026.79284,32513.79032,0.508363997,7.586222779009938e6
2018-07-04T18:00:00.0,2018-07-04T23:00:00.0,23,24202.34968,1,18064.24857,31765.73888,0.442993381,1.7584631458340764e7
2018-07-04T19:00:00.0,2018-07-05T00:00:00.0,0,13903.46291,1,9705.347051,22299.14709,0.201585536,1.3722014575154841e7
2018-07-04T20:00:00.0,2018-07-05T01:00:00.0,1,2796.790054,1,1117.016347,7097.075843,0.098083486,2.6331246407301016e6
2018-07-04T21:00:00.0,2018-07-05T02:00:00.0,2,0.153,0,0.0,0.0,0.99,0.12886473696786538
2018-07-04T22:00:00.0,2018-07-05T03:00:00.0,3,0.0,1,0.0,0.0,0.01,0.12886473696786538
2018-07-04T23:00:00.0,2018-07-05T04:00:00.0,4,0.0,1,0.0,0.0,0.01,0.12886473696786538
2018-07-05T00:00:00.0,2018-07-05T05:00:00.0,5,0.0,1,0.0,0.0,0.01,0.12886473696786538
2018-07-05T01:00:00.0,2018-07-05T06:00:00.0,6,0.0,1,0.0,0.0,0.01,0.12886473696786538
2018-07-05T02:00:00.0,2018-07-05T07:00:00.0,7,0.0,1,0.0,0.0,0.01,0.12886473696786538
2018-07-05T03:00:00.0,2018-07-05T08:00:00.0,8,0.0,1,0.0,0.0,0.01,0.12886473696786538
2018-07-05T04:00:00.0,2018-07-05T09:00:00.0,9,0.0,1,0.0,0.0,0.01,0.12886473696786538
2018-07-05T05:00:00.0,2018-07-05T10:00:00.0,10,0.0,1,0.0,0.0,0.01,0.12886473696786538
2018-07-05T06:00:00.0,2018-07-05T11:00:00.0,11,340.3116483,0,0.0,0.0,0.99,0.12886473696786538
2018-07-05T07:00:00.0,2018-07-05T12:00:00.0,12,8950.485229,0,4532.461433,6692.535956,1.0,295239.448667638
2018-07-05T08:00:00.0,2018-07-05T13:00:00.0,13,20994.67599,1,15042.54651,25637.86732,0.694946111,9.149173059197545e6
2018-07-05T09:00:00.0,2018-07-05T14:00:00.0,14,26761.07452,1,19305.93194,36777.40422,0.491527927,2.3638743578138113e7
2018-07-05T10:00:00.0,2018-07-05T15:00:00.0,15,28316.52822,1,21008.51146,34732.48845,0.5229397,1.4582206809104443e7
2018-07-05T11:00:00.0,2018-07-05T16:00:00.0,16,29982.04722,1,23055.16007,36135.05874,0.543995333,1.2686668487938523e7
2018-07-05T12:00:00.0,2018-07-05T17:00:00.0,17,29763.02014,1,23940.63316,37530.20609,0.547818075,1.4919870158133388e7
2018-07-05T13:00:00.0,2018-07-05T18:00:00.0,18,30388.47866,1,24050.78372,39771.94962,0.447084506,2.281135740450871e7
2018-07-05T14:00:00.0,2018-07-05T19:00:00.0,19,30955.15051,1,25171.89887,37006.16157,0.488008275,1.1204891071350932e7
2018-07-05T15:00:00.0,2018-07-05T20:00:00.0,20,30920.25203,1,23160.10097,34104.46315,0.651655972,8.855720512787819e6
2018-07-05T16:00:00.0,2018-07-05T21:00:00.0,21,30372.87218,1,22934.41943,37674.90361,0.543248252,1.7073617814311743e7
2018-07-05T17:00:00.0,2018-07-05T22:00:00.0,22,28960.46101,1,20474.28158,33303.73129,0.531507469,1.3229906487362266e7
2018-07-05T18:00:00.0,2018-07-05T23:00:00.0,23,22474.26821,1,16136.10801,26898.84777,0.50561903,1.0968980855164945e7
2018-07-05T19:00:00.0,2018-07-06T00:00:00.0,0,13584.55318,1,10076.55666,20676.39425,0.277234612,8.711694539880574e6
2018-07-05T20:00:00.0,2018-07-06T01:00:00.0,1,3089.233586,1,1104.608118,8918.343573,0.141519937,5.156885184392072e6
2018-07-05T21:00:00.0,2018-07-06T02:00:00.0,2,0.0,1,0.0,0.0,0.01,0.12886473696786538
2018-07-05T22:00:00.0,2018-07-06T03:00:00.0,3,0.0,1,0.0,0.0,0.01,0.12886473696786538
2018-07-05T23:00:00.0,2018-07-06T04:00:00.0,4,0.0,1,0.0,0.0,0.01,0.12886473696786538
2018-07-06T00:00:00.0,2018-07-06T05:00:00.0,5,0.0,1,0.0,0.0,0.01,0.12886473696786538
2018-07-06T01:00:00.0,2018-07-06T06:00:00.0,6,0.0,1,0.0,0.0,0.01,0.12886473696786538
2018-07-06T02:00:00.0,2018-07-06T07:00:00.0,7,0.0,1,0.0,0.0,0.01,0.12886473696786538
2018-07-06T03:00:00.0,2018-07-06T08:00:00.0,8,0.0,1,0.0,0.0,0.01,0.12886473696786538
2018-07-06T04:00:00.0,2018-07-06T09:00:00.0,9,0.0,1,0.0,0.0,0.01,0.12886473696786538
2018-07-06T05:00:00.0,2018-07-06T10:00:00.0,10,0.0,1,0.0,0.0,0.01,0.12886473696786538
2018-07-06T06:00:00.0,2018-07-06T11:00:00.0,11,288.8118767,0,0.0,0.0,0.99,0.12886473696786538
2018-07-06T07:00:00.0,2018-07-06T12:00:00.0,12,8188.763142,0,5660.917806,7338.387379,1.0,130079.97116878629
2018-07-06T08:00:00.0,2018-07-06T13:00:00.0,13,22459.43732,1,19620.16705,25122.62882,0.851292236,1.8014950321663618e6
2018-07-06T09:00:00.0,2018-07-06T14:00:00.0,14,29479.65212,1,24965.03284,35818.40636,0.561522382,9.911769531116247e6
2018-07-06T10:00:00.0,2018-07-06T15:00:00.0,15,31502.27544,1,28723.11647,38620.09844,0.35709788,8.370245336139202e6
2018-07-06T11:00:00.0,2018-07-06T16:00:00.0,16,30592.00905,0,30849.60036,40144.74174,0.0,7.378633961199522e6
2018-07-06T12:00:00.0,2018-07-06T17:00:00.0,17,30658.26233,1,27813.36599,41910.36758,0.307981769,1.6321314068160057e7
2018-07-06T13:00:00.0,2018-07-06T18:00:00.0,18,31194.61643,1,25636.16353,35662.70461,0.474669054,7.024105194706798e6
2018-07-06T14:00:00.0,2018-07-06T19:00:00.0,19,29206.14533,1,25655.06066,37052.87863,0.320959892,1.2594660975559592e7
2018-07-06T15:00:00.0,2018-07-06T20:00:00.0,20,28348.79475,1,24497.06955,37871.74141,0.294163393,1.3105911066289902e7
2018-07-06T16:00:00.0,2018-07-06T21:00:00.0,21,27119.79879,1,26896.99453,36639.54612,0.071062415,7.834789931317925e6
2018-07-06T17:00:00.0,2018-07-06T22:00:00.0,22,23380.8647,1,23112.08984,32821.28375,0.03043103,8.815015417100549e6
2018-07-06T18:00:00.0,2018-07-06T23:00:00.0,23,16179.11588,0,16348.50833,23435.56079,0.0,4.12359457274884e6
2018-07-06T19:00:00.0,2018-07-07T00:00:00.0,0,8366.2192,0,10481.98051,15760.03396,0.0,2.684291803687811e6
2018-07-06T20:00:00.0,2018-07-07T01:00:00.0,1,1419.31809,1,820.7394254,4398.665244,0.066420704,989033.275367286
2018-07-06T21:00:00.0,2018-07-07T02:00:00.0,2,0.0,1,0.0,0.0,0.01,0.12886473696786538
2018-07-06T22:00:00.0,2018-07-07T03:00:00.0,3,0.0,1,0.0,0.0,0.01,0.12886473696786538
2018-07-06T23:00:00.0,2018-07-07T04:00:00.0,4,0.0,1,0.0,0.0,0.01,0.12886473696786538
2018-07-07T00:00:00.0,2018-07-07T05:00:00.0,5,0.0,1,0.0,0.0,0.01,0.12886473696786538
2018-07-07T01:00:00.0,2018-07-07T06:00:00.0,6,0.0,1,0.0,0.0,0.01,0.12886473696786538
2018-07-07T02:00:00.0,2018-07-07T07:00:00.0,7,0.0,1,0.0,0.0,0.01,0.12886473696786538
2018-07-07T03:00:00.0,2018-07-07T08:00:00.0,8,0.0,1,0.0,0.0,0.01,0.12886473696786538
2018-07-07T04:00:00.0,2018-07-07T09:00:00.0,9,0.0,1,0.0,0.0,0.01,0.12886473696786538
2018-07-07T05:00:00.0,2018-07-07T10:00:00.0,10,0.0,1,0.0,0.0,0.01,0.12886473696786538
2018-07-07T06:00:00.0,2018-07-07T11:00:00.0,11,280.674132,0,0.0,0.0,0.99,0.12886473696786538
2018-07-07T07:00:00.0,2018-07-07T12:00:00.0,12,6791.914979,1,5453.306889,7059.008716,0.976186462,135386.15574088693
2018-07-07T08:00:00.0,2018-07-07T13:00:00.0,13,17863.43971,1,16118.73194,27778.19843,0.317466168,8.166483921689391e6
2018-07-07T09:00:00.0,2018-07-07T14:00:00.0,14,24659.98751,0,27092.68949,39056.6505,0.0,9.220751240513802e6
2018-07-07T10:00:00.0,2018-07-07T15:00:00.0,15,27641.66621,1,25332.01351,35644.42419,0.330150926,7.329831395170212e6
2018-07-07T11:00:00.0,2018-07-07T16:00:00.0,16,30881.61779,0,30998.19085,41058.02366,0.0,7.423076682325602e6
2018-07-07T12:00:00.0,2018-07-07T17:00:00.0,17,33079.55152,1,28865.15167,42550.04553,0.430634104,1.5978607963787317e7
2018-07-07T13:00:00.0,2018-07-07T18:00:00.0,18,32555.09151,1,21593.45635,35319.88214,0.653713939,1.732646503874564e7
2018-07-07T14:00:00.0,2018-07-07T19:00:00.0,19,30230.9467,1,23591.76675,39045.78728,0.429857014,2.0440606599808216e7
2018-07-07T15:00:00.0,2018-07-07T20:00:00.0,20,29900.21493,1,20577.70812,36246.12907,0.570587772,2.026218422866285e7
2018-07-07T16:00:00.0,2018-07-07T21:00:00.0,21,28435.87341,1,24026.41984,34316.69835,0.391009736,8.842195732891202e6
2018-07-07T17:00:00.0,2018-07-07T22:00:00.0,22,25394.92936,1,16821.41331,33663.31857,0.523730346,2.5139163419174194e7
2018-07-07T18:00:00.0,2018-07-07T23:00:00.0,23,20978.92665,1,12714.86147,26756.04596,0.609787764,1.5469065891015053e7
2018-07-07T19:00:00.0,2018-07-08T00:00:00.0,0,11026.44087,1,6053.293761,18608.13838,0.231244809,1.085509424581933e7
2018-07-07T20:00:00.0,2018-07-08T01:00:00.0,1,1860.871627,1,423.3192311,4988.230226,0.232794081,1.7445576022118144e6
2018-07-07T21:00:00.0,2018-07-08T02:00:00.0,2,0.0,1,0.0,0.0,0.01,0.12886473696786538
2018-07-07T22:00:00.0,2018-07-08T03:00:00.0,3,0.0,1,0.0,0.0,0.01,0.12886473696786538
2018-07-07T23:00:00.0,2018-07-08T04:00:00.0,4,0.0,1,0.0,0.0,0.01,0.12886473696786538
2018-07-08T00:00:00.0,2018-07-08T05:00:00.0,5,0.0,1,0.0,0.0,0.01,0.12886473696786538
2018-07-08T01:00:00.0,2018-07-08T06:00:00.0,6,0.0,1,0.0,0.0,0.01,0.12886473696786538
2018-07-08T02:00:00.0,2018-07-08T07:00:00.0,7,0.0,1,0.0,0.0,0.01,0.12886473696786538
2018-07-08T03:00:00.0,2018-07-08T08:00:00.0,8,0.0,1,0.0,0.0,0.01,0.12886473696786538
2018-07-08T04:00:00.0,2018-07-08T09:00:00.0,9,0.0,1,0.0,0.0,0.01,0.12886473696786538
2018-07-08T05:00:00.0,2018-07-08T10:00:00.0,10,0.0,1,0.0,0.0,0.01,0.12886473696786538
2018-07-08T06:00:00.0,2018-07-08T11:00:00.0,11,265.5831459,0,0.0,0.0,0.99,0.12886473696786538
2018-07-08T07:00:00.0,2018-07-08T12:00:00.0,12,6493.459101,1,4489.825711,6885.842477,0.974073303,306347.951031778
2018-07-08T08:00:00.0,2018-07-08T13:00:00.0,13,17997.77705,1,15252.58273,24018.70565,0.616693168,5.3352883122775555e6
2018-07-08T09:00:00.0,2018-07-08T14:00:00.0,14,24928.46731,1,24721.01568,35366.03672,0.05497048,8.229299451960206e6
2018-07-08T10:00:00.0,2018-07-08T15:00:00.0,15,27026.98066,1,24055.7887,35317.81105,0.258907739,1.0181928722810388e7
2018-07-08T11:00:00.0,2018-07-08T16:00:00.0,16,27863.05789,1,25215.57415,41456.8584,0.221701315,2.479252458712828e7
2018-07-08T12:00:00.0,2018-07-08T17:00:00.0,17,28688.26731,1,24551.87186,40690.90021,0.344422702,2.256066985773909e7
2018-07-08T13:00:00.0,2018-07-08T18:00:00.0,18,29430.97455,1,20668.18786,32915.62354,0.723954724,1.1526043414398193e7
2018-07-08T14:00:00.0,2018-07-08T19:00:00.0,19,30014.54547,1,24945.42289,38766.41295,0.414368419,1.5666541994501352e7
2018-07-08T15:00:00.0,2018-07-08T20:00:00.0,20,27992.08334,1,23922.12982,33330.13248,0.308473695,7.129821094910622e6
2018-07-08T16:00:00.0,2018-07-08T21:00:00.0,21,25462.78761,1,22605.61961,31876.51354,0.263862876,7.411676625617743e6
2018-07-08T17:00:00.0,2018-07-08T22:00:00.0,22,22112.63396,1,16167.83106,28659.63407,0.355415318,1.3453841783909082e7
2018-07-08T18:00:00.0,2018-07-08T23:00:00.0,23,17309.34779,1,13035.38204,20753.08249,0.424884712,5.220281314835966e6
2018-07-08T19:00:00.0,2018-07-09T00:00:00.0,0,9228.716287,1,7030.290652,16671.11501,0.184712618,7.472117976663828e6
2018-07-08T20:00:00.0,2018-07-09T01:00:00.0,1,1503.398329,1,775.5485256,4151.858268,0.110303101,936396.6437845575
2018-07-08T21:00:00.0,2018-07-09T02:00:00.0,2,0.0,1,0.0,0.0,0.01,0.12886473696786538
2018-07-08T22:00:00.0,2018-07-09T03:00:00.0,3,0.0,1,0.0,0.0,0.01,0.12886473696786538
2018-07-08T23:00:00.0,2018-07-09T04:00:00.0,4,0.0,1,0.0,0.0,0.01,0.12886473696786538
2018-07-09T00:00:00.0,2018-07-09T05:00:00.0,5,0.0,1,0.0,0.0,0.01,0.12886473696786538
2018-07-09T01:00:00.0,2018-07-09T06:00:00.0,6,0.0,1,0.0,0.0,0.01,0.12886473696786538
2018-07-09T02:00:00.0,2018-07-09T07:00:00.0,7,0.0,1,0.0,0.0,0.01,0.12886473696786538
2018-07-09T03:00:00.0,2018-07-09T08:00:00.0,8,0.0,1,0.0,0.0,0.01,0.12886473696786538
2018-07-09T04:00:00.0,2018-07-09T09:00:00.0,9,0.0,1,0.0,0.0,0.01,0.12886473696786538
2018-07-09T05:00:00.0,2018-07-09T10:00:00.0,10,0.0,1,0.0,0.0,0.01,0.12886473696786538
2018-07-09T06:00:00.0,2018-07-09T11:00:00.0,11,199.2188525,0,0.0,0.0,0.99,0.12886473696786538
2018-07-09T07:00:00.0,2018-07-09T12:00:00.0,12,5482.480362,1,3643.283583,5786.172215,0.954533722,311544.27060792595
2018-07-09T08:00:00.0,2018-07-09T13:00:00.0,13,15733.64717,1,14470.44669,24039.05318,0.31587774,5.55667078998667e6
2018-07-09T09:00:00.0,2018-07-09T14:00:00.0,14,22990.67558,1,22478.48985,36773.18247,0.116718688,1.2376091094401598e7
2018-07-09T10:00:00.0,2018-07-09T15:00:00.0,15,25230.68288,1,24557.55171,34738.70285,0.095131722,9.352879736063242e6
2018-07-09T11:00:00.0,2018-07-09T16:00:00.0,16,27342.17199,1,23995.33934,39867.52158,0.381610064,1.8290877331211686e7
2018-07-09T12:00:00.0,2018-07-09T17:00:00.0,17,27949.27042,1,27938.89324,37569.04355,0.011804499,6.896297062692761e6
2018-07-09T13:00:00.0,2018-07-09T18:00:00.0,18,27193.29839,1,26303.2842,39465.60895,0.080719314,1.2021216946470857e7
2018-07-09T14:00:00.0,2018-07-09T19:00:00.0,19,28732.25278,1,23687.52516,39561.3432,0.441228232,2.113218621182537e7
2018-07-09T15:00:00.0,2018-07-09T20:00:00.0,20,27518.51311,1,26220.95912,34271.2446,0.179651227,5.323893712236762e6
2018-07-09T16:00:00.0,2018-07-09T21:00:00.0,21,22644.91597,0,22716.37206,33916.9186,0.0,1.1520127870725274e7
2018-07-09T17:00:00.0,2018-07-09T22:00:00.0,22,18334.53252,0,21506.06794,35528.44838,0.0,1.4128310223989367e7
2018-07-09T18:00:00.0,2018-07-09T23:00:00.0,23,15380.90854,1,14255.26307,24881.7717,0.103267008,7.455783432833016e6
2018-07-09T19:00:00.0,2018-07-10T00:00:00.0,0,8276.223414,0,8832.525371,16194.94774,0.0,4.0121029552626014e6
2018-07-09T20:00:00.0,2018-07-10T01:00:00.0,1,1377.557267,1,1001.932253,4467.300713,0.064454811,1.029292119340241e6
2018-07-09T21:00:00.0,2018-07-10T02:00:00.0,2,0.0,1,0.0,0.0,0.01,0.12886473696786538
2018-07-09T22:00:00.0,2018-07-10T03:00:00.0,3,0.0,1,0.0,0.0,0.01,0.12886473696786538
2018-07-09T23:00:00.0,2018-07-10T04:00:00.0,4,0.0,1,0.0,0.0,0.01,0.12886473696786538
2018-07-10T00:00:00.0,2018-07-10T05:00:00.0,5,0.0,1,0.0,0.0,0.01,0.12886473696786538
2018-07-10T01:00:00.0,2018-07-10T06:00:00.0,6,0.0,1,0.0,0.0,0.01,0.12886473696786538
2018-07-10T02:00:00.0,2018-07-10T07:00:00.0,7,0.0,1,0.0,0.0,0.01,0.12886473696786538
2018-07-10T03:00:00.0,2018-07-10T08:00:00.0,8,0.0,1,0.0,0.0,0.01,0.12886473696786538
2018-07-10T04:00:00.0,2018-07-10T09:00:00.0,9,0.0,1,0.0,0.0,0.01,0.12886473696786538
2018-07-10T05:00:00.0,2018-07-10T10:00:00.0,10,0.0,1,0.0,0.0,0.01,0.12886473696786538
2018-07-10T06:00:00.0,2018-07-10T11:00:00.0,11,141.6712972,0,0.0,0.0,0.99,0.12886473696786538
2018-07-10T07:00:00.0,2018-07-10T12:00:00.0,12,4798.97335,1,3858.935857,7418.533138,0.695334469,564149.2104686648
2018-07-10T08:00:00.0,2018-07-10T13:00:00.0,13,13495.84761,0,14605.52942,24890.2192,0.0,7.516507739539087e6
2018-07-10T09:00:00.0,2018-07-10T14:00:00.0,14,21515.47699,0,21736.86178,35590.73389,0.0,1.0284502657102227e7
2018-07-10T10:00:00.0,2018-07-10T15:00:00.0,15,26863.70095,1,25478.83842,34941.42896,0.304017057,7.017643502917409e6
2018-07-10T11:00:00.0,2018-07-10T16:00:00.0,16,31223.21002,1,27986.8056,39405.76217,0.404338455,1.0121794569429636e7
2018-07-10T12:00:00.0,2018-07-10T17:00:00.0,17,35047.62182,1,26493.34244,39007.87422,0.717456218,1.5041033883547306e7
2018-07-10T13:00:00.0,2018-07-10T18:00:00.0,18,35040.65053,1,24142.203,36462.68564,0.827891722,1.2927323626463175e7
2018-07-10T14:00:00.0,2018-07-10T19:00:00.0,19,33767.86845,1,26376.77407,40083.95888,0.499716477,1.459962899753809e7
2018-07-10T15:00:00.0,2018-07-10T20:00:00.0,20,31467.95914,1,27253.47306,35565.10745,0.430667607,6.582258970833063e6
2018-07-10T16:00:00.0,2018-07-10T21:00:00.0,21,28118.51479,1,27356.60161,37565.99059,0.074140133,7.941235385789156e6
2018-07-10T17:00:00.0,2018-07-10T22:00:00.0,22,25302.70361,1,21096.00168,33128.38674,0.319900458,1.417425278154695e7
2018-07-10T18:00:00.0,2018-07-10T23:00:00.0,23,20954.85743,1,15361.59049,24135.63953,0.544644386,4.802996049138606e6
2018-07-10T19:00:00.0,2018-07-11T00:00:00.0,0,12319.44087,1,8737.399057,19860.97951,0.197553173,9.092698337192714e6
2018-07-10T20:00:00.0,2018-07-11T01:00:00.0,1,2179.216525,1,506.9822478,6881.081108,0.190374467,3.5552749147107415e6
2018-07-10T21:00:00.0,2018-07-11T02:00:00.0,2,0.0,1,0.0,0.0,0.01,0.12886473696786538
2018-07-10T22:00:00.0,2018-07-11T03:00:00.0,3,0.0,1,0.0,0.0,0.01,0.12886473696786538
2018-07-10T23:00:00.0,2018-07-11T04:00:00.0,4,0.0,1,0.0,0.0,0.01,0.12886473696786538
2018-07-11T00:00:00.0,2018-07-11T05:00:00.0,5,0.0,1,0.0,0.0,0.01,0.12886473696786538
2018-07-11T01:00:00.0,2018-07-11T06:00:00.0,6,0.0,1,0.0,0.0,0.01,0.12886473696786538
2018-07-11T02:00:00.0,2018-07-11T07:00:00.0,7,0.0,1,0.0,0.0,0.01,0.12886473696786538
2018-07-11T03:00:00.0,2018-07-11T08:00:00.0,8,0.0,1,0.0,0.0,0.01,0.12886473696786538
2018-07-11T04:00:00.0,2018-07-11T09:00:00.0,9,0.0,1,0.0,0.0,0.01,0.12886473696786538
2018-07-11T05:00:00.0,2018-07-11T10:00:00.0,10,0.0,1,0.0,0.0,0.01,0.12886473696786538
2018-07-11T06:00:00.0,2018-07-11T11:00:00.0,11,138.3763292,0,0.0,0.0,0.99,0.12886473696786538
2018-07-11T07:00:00.0,2018-07-11T12:00:00.0,12,6996.343698,1,5182.470048,7582.297618,0.936248291,366924.96982013434
2018-07-11T08:00:00.0,2018-07-11T13:00:00.0,13,21980.17991,1,19638.85237,27300.58414,0.617484294,3.777551890628159e6
2018-07-11T09:00:00.0,2018-07-11T14:00:00.0,14,30811.84297,0,30967.85444,37878.2608,0.0,3.398999835105896e6
2018-07-11T10:00:00.0,2018-07-11T15:00:00.0,15,34589.05474,1,28169.79618,38048.37645,0.621767126,8.694404734493017e6
2018-07-11T11:00:00.0,2018-07-11T16:00:00.0,16,36691.04089,1,34941.2388,45283.56605,0.171349485,8.43779218369317e6
2018-07-11T12:00:00.0,2018-07-11T17:00:00.0,17,37027.76202,1,34708.61711,44599.75556,0.284096482,7.572530285556793e6
2018-07-11T13:00:00.0,2018-07-11T18:00:00.0,18,36990.47929,1,33079.73632,38854.2407,0.7251512,2.768384413851738e6
2018-07-11T14:00:00.0,2018-07-11T19:00:00.0,19,35897.35347,1,33948.62177,38854.41685,0.312612524,2.191114340577364e6
2018-07-11T15:00:00.0,2018-07-11T20:00:00.0,20,35423.69851,1,29484.99185,37331.67361,0.592471413,5.918504618593931e6
2018-07-11T16:00:00.0,2018-07-11T21:00:00.0,21,33062.61681,1,25073.41525,42226.73272,0.367848027,2.750367935352087e7
2018-07-11T17:00:00.0,2018-07-11T22:00:00.0,22,30321.28936,1,23089.35663,37984.70732,0.427543277,1.6561005722282887e7
2018-07-11T18:00:00.0,2018-07-11T23:00:00.0,23,26479.54957,1,15684.35823,29094.23431,0.761809137,1.526594706170237e7
2018-07-11T19:00:00.0,2018-07-12T00:00:00.0,0,15426.81237,1,8566.325443,23206.43711,0.302131369,1.6279099755030394e7
2018-07-11T20:00:00.0,2018-07-12T01:00:00.0,1,2943.103616,1,1002.714433,9042.152497,0.156913608,5.8357963783785775e6
2018-07-11T21:00:00.0,2018-07-12T02:00:00.0,2,0.0,1,0.0,0.0,0.01,0.12886473696786538
2018-07-11T22:00:00.0,2018-07-12T03:00:00.0,3,0.0,1,0.0,0.0,0.01,0.12886473696786538
2018-07-11T23:00:00.0,2018-07-12T04:00:00.0,4,0.0,1,0.0,0.0,0.01,0.12886473696786538
2018-07-12T00:00:00.0,2018-07-12T05:00:00.0,5,0.0,1,0.0,0.0,0.01,0.12886473696786538
2018-07-12T01:00:00.0,2018-07-12T06:00:00.0,6,0.0,1,0.0,0.0,0.01,0.12886473696786538
2018-07-12T02:00:00.0,2018-07-12T07:00:00.0,7,0.0,1,0.0,0.0,0.01,0.12886473696786538
2018-07-12T03:00:00.0,2018-07-12T08:00:00.0,8,0.0,1,0.0,0.0,0.01,0.12886473696786538
2018-07-12T04:00:00.0,2018-07-12T09:00:00.0,9,0.0,1,0.0,0.0,0.01,0.12886473696786538
2018-07-12T05:00:00.0,2018-07-12T10:00:00.0,10,0.0,1,0.0,0.0,0.01,0.12886473696786538
2018-07-12T06:00:00.0,2018-07-12T11:00:00.0,11,179.4018123,0,0.0,0.0,0.99,0.12886473696786538
2018-07-12T07:00:00.0,2018-07-12T12:00:00.0,12,7090.898785,0,5337.219742,6801.419251,1.0,125877.9549459964
2018-07-12T08:00:00.0,2018-07-12T13:00:00.0,13,22339.91814,1,19945.35318,25284.40163,0.884412688,1.1283857487983108e6
2018-07-12T09:00:00.0,2018-07-12T14:00:00.0,14,30842.23462,1,26843.03876,38518.04095,0.485445051,1.0603531997963548e7
2018-07-12T10:00:00.0,2018-07-12T15:00:00.0,15,34966.03342,1,32648.27673,43436.46833,0.249893472,8.974218199041128e6
2018-07-12T11:00:00.0,2018-07-12T16:00:00.0,16,36513.37449,1,30258.55833,44848.43875,0.49762634,1.6372983814054728e7
2018-07-12T12:00:00.0,2018-07-12T17:00:00.0,17,36250.19301,1,30798.34213,43588.22292,0.515233727,1.2286755051338911e7
2018-07-12T13:00:00.0,2018-07-12T18:00:00.0,18,35786.81729,1,35024.06017,45496.46321,0.100685711,8.023170886911154e6
2018-07-12T14:00:00.0,2018-07-12T19:00:00.0,19,34886.94682,1,33103.86856,44288.35482,0.22544727,1.0355176387491226e7
2018-07-12T15:00:00.0,2018-07-12T20:00:00.0,20,33463.12278,1,33155.41381,39923.74643,0.079125481,3.328459465293646e6
2018-07-12T16:00:00.0,2018-07-12T21:00:00.0,21,31992.88829,1,25611.01278,42677.21223,0.422985441,3.1002470455989122e7
2018-07-12T17:00:00.0,2018-07-12T22:00:00.0,22,30321.64132,1,22405.8643,38042.73636,0.448046922,2.0792491372525692e7
2018-07-12T18:00:00.0,2018-07-12T23:00:00.0,23,25240.23654,1,17424.84193,29698.45602,0.479642028,1.3156167152951121e7
2018-07-12T19:00:00.0,2018-07-13T00:00:00.0,0,14379.093,1,9553.606991,21501.60991,0.210918378,1.1658845416566193e7
2018-07-12T20:00:00.0,2018-07-13T01:00:00.0,1,2767.929756,1,1140.584073,8235.044511,0.131598502,4.313875904543456e6
2018-07-12T21:00:00.0,2018-07-13T02:00:00.0,2,0.0,1,0.0,0.0,0.01,0.12886473696786538
2018-07-12T22:00:00.0,2018-07-13T03:00:00.0,3,0.0,1,0.0,0.0,0.01,0.12886473696786538
2018-07-12T23:00:00.0,2018-07-13T04:00:00.0,4,0.0,1,0.0,0.0,0.01,0.12886473696786538
2018-07-13T00:00:00.0,2018-07-13T05:00:00.0,5,0.0,1,0.0,0.0,0.01,0.12886473696786538
2018-07-13T01:00:00.0,2018-07-13T06:00:00.0,6,0.0,1,0.0,0.0,0.01,0.12886473696786538
2018-07-13T02:00:00.0,2018-07-13T07:00:00.0,7,0.0,1,0.0,0.0,0.01,0.12886473696786538
2018-07-13T03:00:00.0,2018-07-13T08:00:00.0,8,0.0,1,0.0,0.0,0.01,0.12886473696786538
2018-07-13T04:00:00.0,2018-07-13T09:00:00.0,9,0.0,1,0.0,0.0,0.01,0.12886473696786538
2018-07-13T05:00:00.0,2018-07-13T10:00:00.0,10,0.0,1,0.0,0.0,0.01,0.12886473696786538
2018-07-13T06:00:00.0,2018-07-13T11:00:00.0,11,151.4420542,0,0.0,0.0,0.99,0.12886473696786538
2018-07-13T07:00:00.0,2018-07-13T12:00:00.0,12,6768.100517,1,5099.869794,6994.91998,0.98090626,241334.5801831074
2018-07-13T08:00:00.0,2018-07-13T13:00:00.0,13,22247.27048,1,19793.868,29341.61767,0.615613909,5.215555554889381e6
2018-07-13T09:00:00.0,2018-07-13T14:00:00.0,14,33370.31938,1,30196.27456,39449.19161,0.542487133,6.258805699697971e6
2018-07-13T10:00:00.0,2018-07-13T15:00:00.0,15,37020.73031,1,29963.77074,41305.14085,0.561867301,1.1652107073137045e7
2018-07-13T11:00:00.0,2018-07-13T16:00:00.0,16,37614.32318,1,31594.76831,40806.32255,0.753590064,7.468950218985558e6
2018-07-13T12:00:00.0,2018-07-13T17:00:00.0,17,37589.06034,1,30964.08881,39074.31933,0.766364861,5.512236983815908e6
2018-07-13T13:00:00.0,2018-07-13T18:00:00.0,18,36922.48159,1,29144.11762,44825.51693,0.542370125,2.0733193200763464e7
2018-07-13T14:00:00.0,2018-07-13T19:00:00.0,19,35821.92198,1,30020.7551,43154.31022,0.406109261,1.4734371219537973e7
2018-07-13T15:00:00.0,2018-07-13T20:00:00.0,20,34364.84528,1,31326.30201,42944.66189,0.251789534,1.126694070769167e7
2018-07-13T16:00:00.0,2018-07-13T21:00:00.0,21,34022.27573,1,29534.61279,43110.44399,0.446621709,1.745175843714118e7
2018-07-13T17:00:00.0,2018-07-13T22:00:00.0,22,31361.68024,1,24681.10873,40179.35347,0.422952589,2.196964318027675e7
2018-07-13T18:00:00.0,2018-07-13T23:00:00.0,23,26964.78857,1,19466.98475,33328.83968,0.431728594,1.6411625617744207e7
2018-07-13T19:00:00.0,2018-07-14T00:00:00.0,0,15100.85374,1,9724.188027,24431.17581,0.221126734,1.5117766279301822e7
2018-07-13T20:00:00.0,2018-07-14T01:00:00.0,1,2609.986304,1,737.9398248,7414.179454,0.106752306,3.223374371415112e6
2018-07-13T21:00:00.0,2018-07-14T02:00:00.0,2,0.0,1,0.0,0.0,0.01,0.12886473696786538
2018-07-13T22:00:00.0,2018-07-14T03:00:00.0,3,0.0,1,0.0,0.0,0.01,0.12886473696786538
2018-07-13T23:00:00.0,2018-07-14T04:00:00.0,4,0.0,1,0.0,0.0,0.01,0.12886473696786538
2018-07-14T00:00:00.0,2018-07-14T05:00:00.0,5,0.0,1,0.0,0.0,0.01,0.12886473696786538
2018-07-14T01:00:00.0,2018-07-14T06:00:00.0,6,0.0,1,0.0,0.0,0.01,0.12886473696786538
2018-07-14T02:00:00.0,2018-07-14T07:00:00.0,7,0.0,1,0.0,0.0,0.01,0.12886473696786538
2018-07-14T03:00:00.0,2018-07-14T08:00:00.0,8,0.0,1,0.0,0.0,0.01,0.12886473696786538
2018-07-14T04:00:00.0,2018-07-14T09:00:00.0,9,0.0,1,0.0,0.0,0.01,0.12886473696786538
2018-07-14T05:00:00.0,2018-07-14T10:00:00.0,10,0.0,1,0.0,0.0,0.01,0.12886473696786538
2018-07-14T06:00:00.0,2018-07-14T11:00:00.0,11,210.5352876,0,0.0,0.0,0.99,0.12886473696786538
2018-07-14T07:00:00.0,2018-07-14T12:00:00.0,12,7917.301422,1,5743.412019,8325.719421,0.984476724,244622.63645651191
2018-07-14T08:00:00.0,2018-07-14T13:00:00.0,13,22900.53718,1,20312.27112,25987.41148,0.796206201,1.7774910750661492e6
2018-07-14T09:00:00.0,2018-07-14T14:00:00.0,14,31158.68066,1,25588.98605,40568.86149,0.541047925,1.682967711219406e7
2018-07-14T10:00:00.0,2018-07-14T15:00:00.0,15,34723.50271,1,30586.8514,43331.28734,0.347110717,1.4715276342048407e7
2018-07-14T11:00:00.0,2018-07-14T16:00:00.0,16,35626.05327,1,31666.54875,42943.93742,0.315127601,1.1258796265669107e7
2018-07-14T12:00:00.0,2018-07-14T17:00:00.0,17,36768.02248,1,32563.71603,43375.82903,0.418564263,9.813097346317768e6
2018-07-14T13:00:00.0,2018-07-14T18:00:00.0,18,36090.56917,1,33419.28925,41250.03301,0.325688546,5.615448882226944e6
2018-07-14T14:00:00.0,2018-07-14T19:00:00.0,19,34499.05379,1,31783.45017,39517.0672,0.302805661,4.481775624379396e6
2018-07-14T15:00:00.0,2018-07-14T20:00:00.0,20,33874.32982,1,30864.65289,38282.36326,0.321355616,4.489039413373709e6
2018-07-14T16:00:00.0,2018-07-14T21:00:00.0,21,32647.28303,1,27759.14061,40089.4724,0.398372519,1.4391383960101843e7
2018-07-14T17:00:00.0,2018-07-14T22:00:00.0,22,31213.56382,1,23817.51424,35161.89645,0.6007332,1.093607609258151e7
2018-07-14T18:00:00.0,2018-07-14T23:00:00.0,23,26082.12526,1,16535.27559,33808.48477,0.34744945,2.134496734237218e7
2018-07-14T19:00:00.0,2018-07-15T00:00:00.0,0,14240.54047,1,11379.1669,21832.50558,0.166641455,8.988041970147073e6
2018-07-14T20:00:00.0,2018-07-15T01:00:00.0,1,2308.524878,1,782.4637884,6696.329842,0.165347845,3.051682182082411e6
2018-07-14T21:00:00.0,2018-07-15T02:00:00.0,2,0.0,1,0.0,0.0,0.01,0.12886473696786538
2018-07-14T22:00:00.0,2018-07-15T03:00:00.0,3,0.0,1,0.0,0.0,0.01,0.12886473696786538
2018-07-14T23:00:00.0,2018-07-15T04:00:00.0,4,0.0,1,0.0,0.0,0.01,0.12886473696786538
2018-07-15T00:00:00.0,2018-07-15T05:00:00.0,5,0.0,1,0.0,0.0,0.01,0.12886473696786538
2018-07-15T01:00:00.0,2018-07-15T06:00:00.0,6,0.0,1,0.0,0.0,0.01,0.12886473696786538
2018-07-15T02:00:00.0,2018-07-15T07:00:00.0,7,0.0,1,0.0,0.0,0.01,0.12886473696786538
2018-07-15T03:00:00.0,2018-07-15T08:00:00.0,8,0.0,1,0.0,0.0,0.01,0.12886473696786538
2018-07-15T04:00:00.0,2018-07-15T09:00:00.0,9,0.0,1,0.0,0.0,0.01,0.12886473696786538
2018-07-15T05:00:00.0,2018-07-15T10:00:00.0,10,0.0,1,0.0,0.0,0.01,0.12886473696786538
2018-07-15T06:00:00.0,2018-07-15T11:00:00.0,11,195.445496,0,0.0,0.0,0.99,0.12886473696786538
2018-07-15T07:00:00.0,2018-07-15T12:00:00.0,12,6286.954335,1,5015.26139,7507.565111,0.83794131,373200.84708699584
2018-07-15T08:00:00.0,2018-07-15T13:00:00.0,13,17876.77033,1,17075.88903,27346.11302,0.130627291,7.222048856897652e6
2018-07-15T09:00:00.0,2018-07-15T14:00:00.0,14,27113.44183,1,23147.967,37434.09475,0.428503949,1.5494259981961489e7
2018-07-15T10:00:00.0,2018-07-15T15:00:00.0,15,31890.52617,1,24864.51766,40539.9475,0.539543492,2.0434379197684526e7
2018-07-15T11:00:00.0,2018-07-15T16:00:00.0,16,33179.93373,1,27890.7643,44650.99762,0.261984,2.264262830698991e7
2018-07-15T12:00:00.0,2018-07-15T17:00:00.0,17,33687.37437,1,27985.99299,45949.51725,0.391778244,2.7572778269161463e7
2018-07-15T13:00:00.0,2018-07-15T18:00:00.0,18,33677.57453,1,28656.79161,39964.08817,0.465197528,1.0395934337134361e7
2018-07-15T14:00:00.0,2018-07-15T19:00:00.0,19,33665.96844,1,26203.47496,44429.90432,0.458526548,2.6935346198565006e7
2018-07-15T15:00:00.0,2018-07-15T20:00:00.0,20,33973.18034,1,29981.20395,43607.56686,0.29788993,1.4748205659220695e7
2018-07-15T16:00:00.0,2018-07-15T21:00:00.0,21,32189.75602,1,27449.19839,42735.70636,0.411882006,1.965706348931265e7
2018-07-15T17:00:00.0,2018-07-15T22:00:00.0,22,29301.53294,1,22412.72718,34501.69932,0.508431581,1.3036178990490913e7
2018-07-15T18:00:00.0,2018-07-15T23:00:00.0,23,22420.52992,1,16537.91805,31242.3009,0.293439701,1.638976097903812e7
2018-07-15T19:00:00.0,2018-07-16T00:00:00.0,0,11008.3603,1,8012.976119,19795.89982,0.203045376,1.347695926772207e7
2018-07-15T20:00:00.0,2018-07-16T01:00:00.0,1,1583.0759,1,362.9801238,5201.476512,0.115917031,1.8839288890106026e6
2018-07-15T21:00:00.0,2018-07-16T02:00:00.0,2,0.0,1,0.0,0.0,0.01,0.12886473696786538
2018-07-15T22:00:00.0,2018-07-16T03:00:00.0,3,0.0,1,0.0,0.0,0.01,0.12886473696786538
2018-07-15T23:00:00.0,2018-07-16T04:00:00.0,4,0.0,1,0.0,0.0,0.01,0.12886473696786538
2018-07-16T00:00:00.0,2018-07-16T05:00:00.0,5,0.0,1,0.0,0.0,0.01,0.12886473696786538
2018-07-16T01:00:00.0,2018-07-16T06:00:00.0,6,0.0,1,0.0,0.0,0.01,0.12886473696786538
2018-07-16T02:00:00.0,2018-07-16T07:00:00.0,7,0.0,1,0.0,0.0,0.01,0.12886473696786538
2018-07-16T03:00:00.0,2018-07-16T08:00:00.0,8,0.0,1,0.0,0.0,0.01,0.12886473696786538
2018-07-16T04:00:00.0,2018-07-16T09:00:00.0,9,0.0,1,0.0,0.0,0.01,0.12886473696786538
2018-07-16T05:00:00.0,2018-07-16T10:00:00.0,10,0.0,1,0.0,0.0,0.01,0.12886473696786538
2018-07-16T06:00:00.0,2018-07-16T11:00:00.0,11,42.43569525,0,0.0,0.0,0.99,0.12886473696786538
2018-07-16T07:00:00.0,2018-07-16T12:00:00.0,12,5607.4324,0,5891.229796,6772.807571,0.0,49073.938344955444
2018-07-16T08:00:00.0,2018-07-16T13:00:00.0,13,20256.09149,0,22035.16059,24898.36642,0.0,234198.7398763299
2018-07-16T09:00:00.0,2018-07-16T14:00:00.0,14,31227.74501,1,27795.83619,41341.73974,0.354096136,1.3935283643740416e7
2018-07-16T10:00:00.0,2018-07-16T15:00:00.0,15,36276.17797,1,34585.71983,39549.43812,0.542603971,1.64585047843194e6
2018-07-16T11:00:00.0,2018-07-16T16:00:00.0,16,38005.13989,1,34863.09198,44170.03882,0.350273609,6.405817011142015e6
2018-07-16T12:00:00.0,2018-07-16T17:00:00.0,17,38534.96574,1,37003.15198,43193.5947,0.311261296,3.1937276436884403e6
2018-07-16T13:00:00.0,2018-07-16T18:00:00.0,18,37859.41148,1,34312.82379,39721.09223,0.640603784,2.7998090442876816e6
2018-07-16T14:00:00.0,2018-07-16T19:00:00.0,19,37458.40897,1,29358.40232,44547.22409,0.518825242,1.8742745441044807e7
2018-07-16T15:00:00.0,2018-07-16T20:00:00.0,20,36797.1538,1,33457.3677,43603.27202,0.37725315,8.622329498231173e6
2018-07-16T16:00:00.0,2018-07-16T21:00:00.0,21,36745.98097,1,27839.48613,39564.04864,0.664930294,1.2297615735678673e7
2018-07-16T17:00:00.0,2018-07-16T22:00:00.0,22,33859.03489,1,25536.88699,41485.68595,0.433980239,2.5764534284297466e7
2018-07-16T18:00:00.0,2018-07-16T23:00:00.0,23,27798.25401,1,19092.24069,35826.46128,0.370160117,1.764259429781556e7
2018-07-16T19:00:00.0,2018-07-17T00:00:00.0,0,14858.32213,1,12786.14019,23653.88955,0.103075399,8.964638752981782e6
2018-07-16T20:00:00.0,2018-07-17T01:00:00.0,1,2345.741151,1,889.472626,7652.042505,0.103254354,3.735042844687674e6
2018-07-16T21:00:00.0,2018-07-17T02:00:00.0,2,0.0,1,0.0,0.0,0.01,0.12886473696786538
2018-07-16T22:00:00.0,2018-07-17T03:00:00.0,3,0.0,1,0.0,0.0,0.01,0.12886473696786538
2018-07-16T23:00:00.0,2018-07-17T04:00:00.0,4,0.0,1,0.0,0.0,0.01,0.12886473696786538
2018-07-17T00:00:00.0,2018-07-17T05:00:00.0,5,0.0,1,0.0,0.0,0.01,0.12886473696786538
2018-07-17T01:00:00.0,2018-07-17T06:00:00.0,6,0.0,1,0.0,0.0,0.01,0.12886473696786538
2018-07-17T02:00:00.0,2018-07-17T07:00:00.0,7,0.0,1,0.0,0.0,0.01,0.12886473696786538
2018-07-17T03:00:00.0,2018-07-17T08:00:00.0,8,0.0,1,0.0,0.0,0.01,0.12886473696786538
2018-07-17T04:00:00.0,2018-07-17T09:00:00.0,9,0.0,1,0.0,0.0,0.01,0.12886473696786538
2018-07-17T05:00:00.0,2018-07-17T10:00:00.0,10,0.0,1,0.0,0.0,0.01,0.12886473696786538
2018-07-17T06:00:00.0,2018-07-17T11:00:00.0,11,47.05925958,0,0.0,0.0,0.99,0.12886473696786538
2018-07-17T07:00:00.0,2018-07-17T12:00:00.0,12,6709.169399,1,6008.792668,6878.929993,0.952365888,39652.475979574025
2018-07-17T08:00:00.0,2018-07-17T13:00:00.0,13,23106.86002,1,21183.74705,29639.36655,0.592414979,3.721924576779127e6
2018-07-17T09:00:00.0,2018-07-17T14:00:00.0,14,33199.26905,1,28550.15234,38918.25628,0.539011264,9.166021011570215e6
2018-07-17T10:00:00.0,2018-07-17T15:00:00.0,15,36558.70889,1,34753.9774,40997.36041,0.436302936,2.7045209866042137e6
2018-07-17T11:00:00.0,2018-07-17T16:00:00.0,16,38191.24583,1,37465.66193,45641.79234,0.104836774,5.167058816378832e6
2018-07-17T12:00:00.0,2018-07-17T17:00:00.0,17,38429.09154,1,31088.23989,43327.52362,0.590003118,1.2086958111230135e7
2018-07-17T13:00:00.0,2018-07-17T18:00:00.0,18,38298.98603,1,35847.35314,42680.46982,0.364545529,3.9181563787379265e6
2018-07-17T14:00:00.0,2018-07-17T19:00:00.0,19,38237.38762,1,30169.3623,40884.79871,0.702431339,1.023986210025835e7
2018-07-17T15:00:00.0,2018-07-17T20:00:00.0,20,38053.99508,1,34870.234,45269.72419,0.404726875,1.0281495991605282e7
2018-07-17T16:00:00.0,2018-07-17T21:00:00.0,21,37059.49089,1,28863.91952,39506.26518,0.740009784,7.570176225762844e6
2018-07-17T17:00:00.0,2018-07-17T22:00:00.0,22,34489.75245,1,26305.66141,42835.71353,0.397239563,2.4662210583729744e7
2018-07-17T18:00:00.0,2018-07-17T23:00:00.0,23,27796.59376,1,23716.78854,37179.6662,0.233009946,1.619520726578033e7
2018-07-17T19:00:00.0,2018-07-18T00:00:00.0,0,14587.72293,1,13153.25756,26173.1375,0.049506202,1.384120130782926e7
2018-07-17T20:00:00.0,2018-07-18T01:00:00.0,1,2155.596076,1,1258.848953,6769.125106,0.114181055,2.732272814121686e6
2018-07-17T21:00:00.0,2018-07-18T02:00:00.0,2,0.0,1,0.0,0.0,0.01,0.12886473696786538
2018-07-17T22:00:00.0,2018-07-18T03:00:00.0,3,0.0,1,0.0,0.0,0.01,0.12886473696786538
2018-07-17T23:00:00.0,2018-07-18T04:00:00.0,4,0.0,1,0.0,0.0,0.01,0.12886473696786538
2018-07-18T00:00:00.0,2018-07-18T05:00:00.0,5,0.0,1,0.0,0.0,0.01,0.12886473696786538
2018-07-18T01:00:00.0,2018-07-18T06:00:00.0,6,0.0,1,0.0,0.0,0.01,0.12886473696786538
2018-07-18T02:00:00.0,2018-07-18T07:00:00.0,7,0.0,1,0.0,0.0,0.01,0.12886473696786538
2018-07-18T03:00:00.0,2018-07-18T08:00:00.0,8,0.0,1,0.0,0.0,0.01,0.12886473696786538
2018-07-18T04:00:00.0,2018-07-18T09:00:00.0,9,0.0,1,0.0,0.0,0.01,0.12886473696786538
2018-07-18T05:00:00.0,2018-07-18T10:00:00.0,10,0.0,1,0.0,0.0,0.01,0.12886473696786538
2018-07-18T06:00:00.0,2018-07-18T11:00:00.0,11,46.4669135,0,0.0,0.0,0.99,0.12886473696786538
2018-07-18T07:00:00.0,2018-07-18T12:00:00.0,12,6518.72848,1,5418.431743,7194.866193,0.85066156,257579.6454390213
2018-07-18T08:00:00.0,2018-07-18T13:00:00.0,13,21877.20375,0,22762.8352,29951.57222,0.0,1.9586475490745306e6
2018-07-18T09:00:00.0,2018-07-18T14:00:00.0,14,31788.18417,1,27064.66404,36014.45379,0.629820527,7.289415594650865e6
2018-07-18T10:00:00.0,2018-07-18T15:00:00.0,15,36289.28737,1,31910.12031,40712.95441,0.570026556,6.866191355532885e6
2018-07-18T11:00:00.0,2018-07-18T16:00:00.0,16,37435.24568,1,33238.67686,44427.39093,0.501816738,1.2296215951768637e7
2018-07-18T12:00:00.0,2018-07-18T17:00:00.0,17,38317.83141,1,33385.74656,45986.49357,0.480897211,1.2278347589161396e7
2018-07-18T13:00:00.0,2018-07-18T18:00:00.0,18,37986.41705,1,35471.42846,43861.16097,0.322997071,5.6590888233242035e6
2018-07-18T14:00:00.0,2018-07-18T19:00:00.0,19,37820.30443,1,31341.48009,45464.66297,0.462636105,1.7159714347214937e7
2018-07-18T15:00:00.0,2018-07-18T20:00:00.0,20,37203.01946,1,36958.22013,41407.32486,0.059468272,1.3253427763094902e6
2018-07-18T16:00:00.0,2018-07-18T21:00:00.0,21,36133.15445,1,32554.70664,43421.51464,0.403865492,1.1616714069844961e7
2018-07-18T17:00:00.0,2018-07-18T22:00:00.0,22,33895.97809,1,28432.96368,42089.82209,0.344368455,1.7573132936947107e7
2018-07-18T18:00:00.0,2018-07-18T23:00:00.0,23,28229.0092,1,24312.7021,35436.96755,0.319634804,9.662419181660295e6
2018-07-18T19:00:00.0,2018-07-19T00:00:00.0,0,15631.25504,1,13999.3519,24607.52362,0.095156679,1.0051457134319484e7
2018-07-18T20:00:00.0,2018-07-19T01:00:00.0,1,2645.009934,1,1057.928312,7499.06556,0.150128438,3.620272332236044e6
2018-07-18T21:00:00.0,2018-07-19T02:00:00.0,2,0.0,1,0.0,0.0,0.01,0.12886473696786538
2018-07-18T22:00:00.0,2018-07-19T03:00:00.0,3,0.0,1,0.0,0.0,0.01,0.12886473696786538
2018-07-18T23:00:00.0,2018-07-19T04:00:00.0,4,0.0,1,0.0,0.0,0.01,0.12886473696786538
2018-07-19T00:00:00.0,2018-07-19T05:00:00.0,5,0.0,1,0.0,0.0,0.01,0.12886473696786538
2018-07-19T01:00:00.0,2018-07-19T06:00:00.0,6,0.0,1,0.0,0.0,0.01,0.12886473696786538
2018-07-19T02:00:00.0,2018-07-19T07:00:00.0,7,0.0,1,0.0,0.0,0.01,0.12886473696786538
2018-07-19T03:00:00.0,2018-07-19T08:00:00.0,8,0.0,1,0.0,0.0,0.01,0.12886473696786538
2018-07-19T04:00:00.0,2018-07-19T09:00:00.0,9,0.0,1,0.0,0.0,0.01,0.12886473696786538
2018-07-19T05:00:00.0,2018-07-19T10:00:00.0,10,0.0,1,0.0,0.0,0.01,0.12886473696786538
2018-07-19T06:00:00.0,2018-07-19T11:00:00.0,11,85.30173475,0,0.0,0.0,0.99,0.12886473696786538
2018-07-19T07:00:00.0,2018-07-19T12:00:00.0,12,7254.26081,0,6014.036741,6432.751318,1.0,8698.160464644432
2018-07-19T08:00:00.0,2018-07-19T13:00:00.0,13,24026.89401,1,22396.23933,25788.24214,0.844884559,577905.8814858198
2018-07-19T09:00:00.0,2018-07-19T14:00:00.0,14,33899.13151,1,26715.36429,41727.75862,0.597813079,1.9410699638919592e7
2018-07-19T10:00:00.0,2018-07-19T15:00:00.0,15,37884.69044,1,32453.64665,45267.94626,0.513402552,1.4625071621229649e7
2018-07-19T11:00:00.0,2018-07-19T16:00:00.0,16,38782.09141,1,37721.24609,39717.07826,0.611289369,355101.99011707306
2018-07-19T12:00:00.0,2018-07-19T17:00:00.0,17,38832.55773,1,37639.53171,41748.53948,0.363541236,1.4881624168491364e6
2018-07-19T13:00:00.0,2018-07-19T18:00:00.0,18,38723.88971,1,31943.45976,45507.26493,0.491358451,1.594705204884839e7
2018-07-19T14:00:00.0,2018-07-19T19:00:00.0,19,38641.38326,1,32611.15021,44746.55286,0.395477175,1.1167297126350403e7
2018-07-19T15:00:00.0,2018-07-19T20:00:00.0,20,38509.53977,1,30799.79151,42478.82285,0.653466503,1.117753761945796e7
2018-07-19T16:00:00.0,2018-07-19T21:00:00.0,21,37542.94901,1,31986.29757,42188.90032,0.560792357,8.270589922483444e6
2018-07-19T17:00:00.0,2018-07-19T22:00:00.0,22,35272.98917,1,31017.40009,40010.30858,0.404440377,7.552899958675623e6
2018-07-19T18:00:00.0,2018-07-19T23:00:00.0,23,29607.42883,1,23326.23763,37955.27732,0.371644285,2.0775012022502303e7
2018-07-19T19:00:00.0,2018-07-20T00:00:00.0,0,16422.38995,1,13265.02632,24921.4337,0.162981232,1.060883847913754e7
2018-07-19T20:00:00.0,2018-07-20T01:00:00.0,1,2765.26275,1,982.4765072,8553.790384,0.126539012,4.292779118293203e6
2018-07-19T21:00:00.0,2018-07-20T02:00:00.0,2,0.0,1,0.0,0.0,0.01,0.12886473696786538
2018-07-19T22:00:00.0,2018-07-20T03:00:00.0,3,0.0,1,0.0,0.0,0.01,0.12886473696786538
2018-07-19T23:00:00.0,2018-07-20T04:00:00.0,4,0.0,1,0.0,0.0,0.01,0.12886473696786538
2018-07-20T00:00:00.0,2018-07-20T05:00:00.0,5,0.0,1,0.0,0.0,0.01,0.12886473696786538
2018-07-20T01:00:00.0,2018-07-20T06:00:00.0,6,0.0,1,0.0,0.0,0.01,0.12886473696786538
2018-07-20T02:00:00.0,2018-07-20T07:00:00.0,7,0.0,1,0.0,0.0,0.01,0.12886473696786538
2018-07-20T03:00:00.0,2018-07-20T08:00:00.0,8,0.0,1,0.0,0.0,0.01,0.12886473696786538
2018-07-20T04:00:00.0,2018-07-20T09:00:00.0,9,0.0,1,0.0,0.0,0.01,0.12886473696786538
2018-07-20T05:00:00.0,2018-07-20T10:00:00.0,10,0.0,1,0.0,0.0,0.01,0.12886473696786538
2018-07-20T06:00:00.0,2018-07-20T11:00:00.0,11,92.66130192,0,0.0,0.0,0.99,0.12886473696786538
2018-07-20T07:00:00.0,2018-07-20T12:00:00.0,12,7187.175314,0,6557.954702,6916.665845,1.0,4834.91247664392
2018-07-20T08:00:00.0,2018-07-20T13:00:00.0,13,24260.67339,1,23420.97666,26707.07444,0.668769096,462704.703017354
2018-07-20T09:00:00.0,2018-07-20T14:00:00.0,14,34499.99863,1,32424.29845,40514.9043,0.432406604,5.159297254134655e6
2018-07-20T10:00:00.0,2018-07-20T15:00:00.0,15,37691.01165,1,30628.818,39456.62094,0.81953327,5.567007213503599e6
2018-07-20T11:00:00.0,2018-07-20T16:00:00.0,16,38541.51725,1,34462.09312,40175.36756,0.669714935,2.9055946801962852e6
2018-07-20T12:00:00.0,2018-07-20T17:00:00.0,17,38481.92108,1,36040.41779,39995.69782,0.603248747,1.1774688123657703e6
2018-07-20T13:00:00.0,2018-07-20T18:00:00.0,18,38519.56942,1,31482.49564,46482.60991,0.387565859,2.1544272244804144e7
2018-07-20T14:00:00.0,2018-07-20T19:00:00.0,19,38364.79217,1,37327.42831,41886.9303,0.330962498,1.8329780368602276e6
2018-07-20T15:00:00.0,2018-07-20T20:00:00.0,20,38237.60204,1,37954.93742,42268.51478,0.107674409,1.6859785178742409e6
2018-07-20T16:00:00.0,2018-07-20T21:00:00.0,21,37759.29818,1,28695.43959,45037.96322,0.557377394,2.6059215160995007e7
2018-07-20T17:00:00.0,2018-07-20T22:00:00.0,22,35467.48261,1,32621.81531,40217.85971,0.270518993,5.1769881650156975e6
2018-07-20T18:00:00.0,2018-07-20T23:00:00.0,23,30090.60287,1,22603.18167,33604.31688,0.649354707,1.0306480715427756e7
2018-07-20T19:00:00.0,2018-07-21T00:00:00.0,0,17208.29464,1,13266.34254,26946.27517,0.141722193,1.5075821609352946e7
2018-07-20T20:00:00.0,2018-07-21T01:00:00.0,1,2943.289668,1,1256.712352,8682.487074,0.085554163,3.9795972360610142e6
2018-07-20T21:00:00.0,2018-07-21T02:00:00.0,2,0.0,1,0.0,0.0,0.01,0.12886473696786538
2018-07-20T22:00:00.0,2018-07-21T03:00:00.0,3,0.0,1,0.0,0.0,0.01,0.12886473696786538
2018-07-20T23:00:00.0,2018-07-21T04:00:00.0,4,0.0,1,0.0,0.0,0.01,0.12886473696786538
2018-07-21T00:00:00.0,2018-07-21T05:00:00.0,5,0.0,1,0.0,0.0,0.01,0.12886473696786538
2018-07-21T01:00:00.0,2018-07-21T06:00:00.0,6,0.0,1,0.0,0.0,0.01,0.12886473696786538
2018-07-21T02:00:00.0,2018-07-21T07:00:00.0,7,0.0,1,0.0,0.0,0.01,0.12886473696786538
2018-07-21T03:00:00.0,2018-07-21T08:00:00.0,8,0.0,1,0.0,0.0,0.01,0.12886473696786538
2018-07-21T04:00:00.0,2018-07-21T09:00:00.0,9,0.0,1,0.0,0.0,0.01,0.12886473696786538
2018-07-21T05:00:00.0,2018-07-21T10:00:00.0,10,0.0,1,0.0,0.0,0.01,0.12886473696786538
2018-07-21T06:00:00.0,2018-07-21T11:00:00.0,11,89.52855888,0,0.0,0.0,0.99,0.12886473696786538
2018-07-21T07:00:00.0,2018-07-21T12:00:00.0,12,7233.830848,1,6349.39436,7285.69645,0.969587229,52891.288794614375
2018-07-21T08:00:00.0,2018-07-21T13:00:00.0,13,23880.65254,1,20959.03257,29983.78244,0.655363041,3.943766253638029e6
2018-07-21T09:00:00.0,2018-07-21T14:00:00.0,14,33515.52137,1,32434.00914,41979.3932,0.241940121,7.804049474719524e6
2018-07-21T10:00:00.0,2018-07-21T15:00:00.0,15,36361.58936,0,37582.60003,46427.78017,0.0,4.7500031240336895e6
2018-07-21T11:00:00.0,2018-07-21T16:00:00.0,16,37414.35702,0,38263.68359,39985.21739,0.0,150965.93659949303
2018-07-21T12:00:00.0,2018-07-21T17:00:00.0,17,38044.38354,1,33893.41994,46940.78372,0.426147896,1.4823271829018354e7
2018-07-21T13:00:00.0,2018-07-21T18:00:00.0,18,38146.49829,1,35361.19865,45445.49098,0.365977332,7.974693617393494e6
2018-07-21T14:00:00.0,2018-07-21T19:00:00.0,19,38070.09537,1,32315.00152,42530.59807,0.525006342,8.620867571390629e6
2018-07-21T15:00:00.0,2018-07-21T20:00:00.0,20,37817.79109,1,33276.32113,44844.51441,0.379844115,1.0725326206440449e7
2018-07-21T16:00:00.0,2018-07-21T21:00:00.0,21,37017.88685,1,34052.55576,42446.49235,0.287151012,6.697227265733004e6
2018-07-21T17:00:00.0,2018-07-21T22:00:00.0,22,34218.68563,1,33287.10752,43338.30805,0.126346856,8.72928048313117e6
2018-07-21T18:00:00.0,2018-07-21T23:00:00.0,23,28731.91415,0,29041.52999,35940.70541,0.0,4.237914841356993e6
2018-07-21T19:00:00.0,2018-07-22T00:00:00.0,0,16257.34268,1,13727.24167,24892.97809,0.141729162,1.0943574452694714e7
2018-07-21T20:00:00.0,2018-07-22T01:00:00.0,1,2767.031147,1,1068.141099,8074.529671,0.097047589,3.534086721938897e6
2018-07-21T21:00:00.0,2018-07-22T02:00:00.0,2,0.0,1,0.0,0.0,0.01,0.12886473696786538
2018-07-21T22:00:00.0,2018-07-22T03:00:00.0,3,0.0,1,0.0,0.0,0.01,0.12886473696786538
2018-07-21T23:00:00.0,2018-07-22T04:00:00.0,4,0.0,1,0.0,0.0,0.01,0.12886473696786538
2018-07-22T00:00:00.0,2018-07-22T05:00:00.0,5,0.0,1,0.0,0.0,0.01,0.12886473696786538
2018-07-22T01:00:00.0,2018-07-22T06:00:00.0,6,0.0,1,0.0,0.0,0.01,0.12886473696786538
2018-07-22T02:00:00.0,2018-07-22T07:00:00.0,7,0.0,1,0.0,0.0,0.01,0.12886473696786538
2018-07-22T03:00:00.0,2018-07-22T08:00:00.0,8,0.0,1,0.0,0.0,0.01,0.12886473696786538
2018-07-22T04:00:00.0,2018-07-22T09:00:00.0,9,0.0,1,0.0,0.0,0.01,0.12886473696786538
2018-07-22T05:00:00.0,2018-07-22T10:00:00.0,10,0.0,1,0.0,0.0,0.01,0.12886473696786538
2018-07-22T06:00:00.0,2018-07-22T11:00:00.0,11,79.91484742,0,0.0,0.0,0.99,0.12886473696786538
2018-07-22T07:00:00.0,2018-07-22T12:00:00.0,12,7363.797058,0,6132.629464,7330.282536,1.0,40689.427691444755
2018-07-22T08:00:00.0,2018-07-22T13:00:00.0,13,24625.12058,1,22715.3523,26266.34524,0.807338445,905435.5362128019
2018-07-22T09:00:00.0,2018-07-22T14:00:00.0,14,34820.95606,1,28546.77494,37841.47757,0.779568608,7.388662038376212e6
2018-07-22T10:00:00.0,2018-07-22T15:00:00.0,15,38101.69731,1,31026.1975,43728.13251,0.481190193,1.4542582308709145e7
2018-07-22T11:00:00.0,2018-07-22T16:00:00.0,16,38655.90436,1,36978.24569,43366.70973,0.373406511,3.2401741454532146e6
2018-07-22T12:00:00.0,2018-07-22T17:00:00.0,17,38481.09327,1,36594.84116,44104.35859,0.232914728,4.568159108923197e6
2018-07-22T13:00:00.0,2018-07-22T18:00:00.0,18,38267.13425,1,32346.22061,42658.75125,0.570628176,9.97943862054038e6
2018-07-22T14:00:00.0,2018-07-22T19:00:00.0,19,38278.57253,1,34469.16353,44341.04168,0.441520372,7.468920940970421e6
2018-07-22T15:00:00.0,2018-07-22T20:00:00.0,20,37902.90166,1,35017.01303,44182.06707,0.409904587,8.287889969371319e6
2018-07-22T16:00:00.0,2018-07-22T21:00:00.0,21,36814.67627,1,29976.98892,44949.99576,0.422789895,2.065070929527378e7
2018-07-22T17:00:00.0,2018-07-22T22:00:00.0,22,34128.79191,1,32366.78069,44370.48753,0.264714662,1.4302500617857933e7
2018-07-22T18:00:00.0,2018-07-22T23:00:00.0,23,28629.44783,1,28150.63633,32131.83358,0.051068068,1.2237886032588482e6
2018-07-22T19:00:00.0,2018-07-23T00:00:00.0,0,15763.5449,1,13983.45058,24599.10145,0.077963292,9.469243303205192e6
2018-07-22T20:00:00.0,2018-07-23T01:00:00.0,1,2627.2296,1,1038.957331,7596.837356,0.101250293,3.484029475001417e6
2018-07-22T21:00:00.0,2018-07-23T02:00:00.0,2,0.0,1,0.0,0.0,0.01,0.12886473696786538
2018-07-22T22:00:00.0,2018-07-23T03:00:00.0,3,0.0,1,0.0,0.0,0.01,0.12886473696786538
2018-07-22T23:00:00.0,2018-07-23T04:00:00.0,4,0.0,1,0.0,0.0,0.01,0.12886473696786538
2018-07-23T00:00:00.0,2018-07-23T05:00:00.0,5,0.0,1,0.0,0.0,0.01,0.12886473696786538
2018-07-23T01:00:00.0,2018-07-23T06:00:00.0,6,0.0,1,0.0,0.0,0.01,0.12886473696786538
2018-07-23T02:00:00.0,2018-07-23T07:00:00.0,7,0.0,1,0.0,0.0,0.01,0.12886473696786538
2018-07-23T03:00:00.0,2018-07-23T08:00:00.0,8,0.0,1,0.0,0.0,0.01,0.12886473696786538
2018-07-23T04:00:00.0,2018-07-23T09:00:00.0,9,0.0,1,0.0,0.0,0.01,0.12886473696786538
2018-07-23T05:00:00.0,2018-07-23T10:00:00.0,10,0.0,1,0.0,0.0,0.01,0.12886473696786538
2018-07-23T06:00:00.0,2018-07-23T11:00:00.0,11,61.43805379,0,0.0,0.0,0.99,0.12886473696786538
2018-07-23T07:00:00.0,2018-07-23T12:00:00.0,12,6277.45581,1,5446.543094,6782.601371,0.975269123,54994.50609894097
2018-07-23T08:00:00.0,2018-07-23T13:00:00.0,13,21958.84497,1,19640.11989,25421.88011,0.75193571,1.9544955092710853e6
2018-07-23T09:00:00.0,2018-07-23T14:00:00.0,14,30914.20147,1,28931.99995,41910.41241,0.193851132,1.239349285393405e7
2018-07-23T10:00:00.0,2018-07-23T15:00:00.0,15,34707.91458,1,29889.87945,41396.23692,0.418578267,1.0798485593863726e7
2018-07-23T11:00:00.0,2018-07-23T16:00:00.0,16,36718.33812,1,33074.30297,44588.73618,0.31315443,1.010355872285366e7
2018-07-23T12:00:00.0,2018-07-23T17:00:00.0,17,37047.83233,1,31680.8077,40306.85908,0.579346294,6.346972318090916e6
2018-07-23T13:00:00.0,2018-07-23T18:00:00.0,18,36649.16389,1,32984.27445,43986.2279,0.37564072,1.088165113173318e7
2018-07-23T14:00:00.0,2018-07-23T19:00:00.0,19,36310.37104,1,35899.5272,41364.76028,0.126606641,2.5821931819677353e6
2018-07-23T15:00:00.0,2018-07-23T20:00:00.0,20,36048.43721,1,31704.63594,42615.88458,0.417065822,9.767472240398407e6
2018-07-23T16:00:00.0,2018-07-23T21:00:00.0,21,35309.52164,1,30341.08719,46011.59962,0.385717383,2.3199337879025936e7
2018-07-23T17:00:00.0,2018-07-23T22:00:00.0,22,31662.97643,1,28184.02796,38369.08121,0.326268723,9.480530489823103e6
2018-07-23T18:00:00.0,2018-07-23T23:00:00.0,23,24935.14992,1,22646.34745,34615.65377,0.205126889,1.3167274177936912e7
2018-07-23T19:00:00.0,2018-07-24T00:00:00.0,0,13544.53989,1,13255.30992,20032.47092,0.023515736,3.0887604276023507e6
2018-07-23T20:00:00.0,2018-07-24T01:00:00.0,1,2232.308077,1,644.2601831,6827.551405,0.115947989,2.951077295765508e6
2018-07-23T21:00:00.0,2018-07-24T02:00:00.0,2,0.0,1,0.0,0.0,0.01,0.12886473696786538
2018-07-23T22:00:00.0,2018-07-24T03:00:00.0,3,0.0,1,0.0,0.0,0.01,0.12886473696786538
2018-07-23T23:00:00.0,2018-07-24T04:00:00.0,4,0.0,1,0.0,0.0,0.01,0.12886473696786538
2018-07-24T00:00:00.0,2018-07-24T05:00:00.0,5,0.0,1,0.0,0.0,0.01,0.12886473696786538
2018-07-24T01:00:00.0,2018-07-24T06:00:00.0,6,0.0,1,0.0,0.0,0.01,0.12886473696786538
2018-07-24T02:00:00.0,2018-07-24T07:00:00.0,7,0.0,1,0.0,0.0,0.01,0.12886473696786538
2018-07-24T03:00:00.0,2018-07-24T08:00:00.0,8,0.0,1,0.0,0.0,0.01,0.12886473696786538
2018-07-24T04:00:00.0,2018-07-24T09:00:00.0,9,0.0,1,0.0,0.0,0.01,0.12886473696786538
2018-07-24T05:00:00.0,2018-07-24T10:00:00.0,10,0.0,1,0.0,0.0,0.01,0.12886473696786538
2018-07-24T06:00:00.0,2018-07-24T11:00:00.0,11,65.47442846,0,0.0,0.0,0.99,0.12886473696786538
2018-07-24T07:00:00.0,2018-07-24T12:00:00.0,12,4374.298352,0,4462.67164,6210.916154,0.0,138700.92037887126
2018-07-24T08:00:00.0,2018-07-24T13:00:00.0,13,16278.6275,0,16378.30411,27411.85453,0.0,7.189534840252399e6
2018-07-24T09:00:00.0,2018-07-24T14:00:00.0,14,27466.13146,1,26660.41416,35463.0655,0.149713197,4.400061498746157e6
2018-07-24T10:00:00.0,2018-07-24T15:00:00.0,15,32933.57995,1,31785.91971,42957.1422,0.117539246,1.133252456339407e7
2018-07-24T11:00:00.0,2018-07-24T16:00:00.0,16,36145.98933,1,32751.94243,43264.84209,0.348956816,9.919796665308237e6
2018-07-24T12:00:00.0,2018-07-24T17:00:00.0,17,36562.2125,1,31250.96359,45398.39766,0.42510264,1.814223950558281e7
2018-07-24T13:00:00.0,2018-07-24T18:00:00.0,18,35783.01485,1,30825.0888,41935.33199,0.423683233,1.146067303258586e7
2018-07-24T14:00:00.0,2018-07-24T19:00:00.0,19,34890.82562,1,32221.62014,39149.68351,0.378239334,4.1932524787409306e6
2018-07-24T15:00:00.0,2018-07-24T20:00:00.0,20,31906.30714,1,27125.13046,43034.43719,0.298142966,1.945474148133087e7
2018-07-24T16:00:00.0,2018-07-24T21:00:00.0,21,29034.18429,1,26458.31661,40849.78909,0.249205441,1.6405386778072357e7
2018-07-24T17:00:00.0,2018-07-24T22:00:00.0,22,25709.81104,1,22943.20512,42010.57871,0.12827005,2.739924981901729e7
2018-07-24T18:00:00.0,2018-07-24T23:00:00.0,23,20938.81759,1,16215.59638,33519.52032,0.221606181,2.1346614733697534e7
2018-07-24T19:00:00.0,2018-07-25T00:00:00.0,0,11628.90843,1,8647.623844,17318.35864,0.183208262,5.829372386006951e6
2018-07-24T20:00:00.0,2018-07-25T01:00:00.0,1,1695.647605,1,313.4264898,5099.525949,0.130644253,1.8913048531273399e6
2018-07-24T21:00:00.0,2018-07-25T02:00:00.0,2,0.0,1,0.0,0.0,0.01,0.12886473696786538
2018-07-24T22:00:00.0,2018-07-25T03:00:00.0,3,0.0,1,0.0,0.0,0.01,0.12886473696786538
2018-07-24T23:00:00.0,2018-07-25T04:00:00.0,4,0.0,1,0.0,0.0,0.01,0.12886473696786538
2018-07-25T00:00:00.0,2018-07-25T05:00:00.0,5,0.0,1,0.0,0.0,0.01,0.12886473696786538
2018-07-25T01:00:00.0,2018-07-25T06:00:00.0,6,0.0,1,0.0,0.0,0.01,0.12886473696786538
2018-07-25T02:00:00.0,2018-07-25T07:00:00.0,7,0.0,1,0.0,0.0,0.01,0.12886473696786538
2018-07-25T03:00:00.0,2018-07-25T08:00:00.0,8,0.0,1,0.0,0.0,0.01,0.12886473696786538
2018-07-25T04:00:00.0,2018-07-25T09:00:00.0,9,0.0,1,0.0,0.0,0.01,0.12886473696786538
2018-07-25T05:00:00.0,2018-07-25T10:00:00.0,10,0.0,1,0.0,0.0,0.01,0.12886473696786538
2018-07-25T06:00:00.0,2018-07-25T11:00:00.0,11,90.08229279,0,0.0,0.0,0.99,0.12886473696786538
2018-07-25T07:00:00.0,2018-07-25T12:00:00.0,12,6088.351514,0,4821.26809,5932.657743,1.0,60392.97651341185
2018-07-25T08:00:00.0,2018-07-25T13:00:00.0,13,21887.79859,1,19584.91333,25036.29757,0.793895826,1.5297589983891845e6
2018-07-25T09:00:00.0,2018-07-25T14:00:00.0,14,31354.53966,1,28216.33384,34595.73585,0.656585428,3.6257725723626614e6
2018-07-25T10:00:00.0,2018-07-25T15:00:00.0,15,35680.91803,1,32895.82885,42933.26117,0.356965965,8.785105332431078e6
2018-07-25T11:00:00.0,2018-07-25T16:00:00.0,16,37142.49291,1,33981.36331,40462.18875,0.499526409,3.610582676366091e6
2018-07-25T12:00:00.0,2018-07-25T17:00:00.0,17,37217.0473,1,34581.41063,44205.81842,0.284882027,7.707323762710094e6
2018-07-25T13:00:00.0,2018-07-25T18:00:00.0,18,36547.52352,1,31062.21685,42213.06315,0.475851913,1.1175312395631313e7
2018-07-25T14:00:00.0,2018-07-25T19:00:00.0,19,35222.60067,1,31475.37956,38541.50054,0.50846295,4.61700170547986e6
2018-07-25T15:00:00.0,2018-07-25T20:00:00.0,20,34217.42032,1,30907.20717,39422.03882,0.445638188,6.0652540996518135e6
2018-07-25T16:00:00.0,2018-07-25T21:00:00.0,21,34230.97836,1,32190.84393,44185.63045,0.282877058,1.1161095688703299e7
2018-07-25T17:00:00.0,2018-07-25T22:00:00.0,22,32319.52633,1,26555.56337,39263.49566,0.333831354,1.3725219556470156e7
2018-07-25T18:00:00.0,2018-07-25T23:00:00.0,23,27295.41252,1,20242.40876,32955.80504,0.480950814,1.2605976886639118e7
2018-07-25T19:00:00.0,2018-07-26T00:00:00.0,0,14510.78401,1,12125.02064,21807.50932,0.10678772,7.504940065780401e6
2018-07-25T20:00:00.0,2018-07-26T01:00:00.0,1,1988.452072,1,485.4586005,6636.54735,0.075570334,2.6477254337224476e6
2018-07-25T21:00:00.0,2018-07-26T02:00:00.0,2,0.0,1,0.0,0.0,0.01,0.12886473696786538
2018-07-25T22:00:00.0,2018-07-26T03:00:00.0,3,0.0,1,0.0,0.0,0.01,0.12886473696786538
2018-07-25T23:00:00.0,2018-07-26T04:00:00.0,4,0.0,1,0.0,0.0,0.01,0.12886473696786538
2018-07-26T00:00:00.0,2018-07-26T05:00:00.0,5,0.0,1,0.0,0.0,0.01,0.12886473696786538
2018-07-26T01:00:00.0,2018-07-26T06:00:00.0,6,0.0,1,0.0,0.0,0.01,0.12886473696786538
2018-07-26T02:00:00.0,2018-07-26T07:00:00.0,7,0.0,1,0.0,0.0,0.01,0.12886473696786538
2018-07-26T03:00:00.0,2018-07-26T08:00:00.0,8,0.0,1,0.0,0.0,0.01,0.12886473696786538
2018-07-26T04:00:00.0,2018-07-26T09:00:00.0,9,0.0,1,0.0,0.0,0.01,0.12886473696786538
2018-07-26T05:00:00.0,2018-07-26T10:00:00.0,10,0.0,1,0.0,0.0,0.01,0.12886473696786538
2018-07-26T06:00:00.0,2018-07-26T11:00:00.0,11,67.47273513,0,0.0,0.0,0.99,0.12886473696786538
2018-07-26T07:00:00.0,2018-07-26T12:00:00.0,12,5348.479894,1,3781.593351,6341.573504,0.938892252,362517.48974954337
2018-07-26T08:00:00.0,2018-07-26T13:00:00.0,13,18942.75053,1,13338.17034,27703.85886,0.602287137,1.694307533429891e7
2018-07-26T09:00:00.0,2018-07-26T14:00:00.0,14,26397.7571,1,21353.76511,40704.30673,0.410463339,2.9770414906175017e7
2018-07-26T10:00:00.0,2018-07-26T15:00:00.0,15,28861.27639,1,22877.57752,39281.04104,0.481355953,1.895416131458938e7
2018-07-26T11:00:00.0,2018-07-26T16:00:00.0,16,30729.00728,1,24005.27686,43619.92234,0.328820375,3.392779247376609e7
2018-07-26T12:00:00.0,2018-07-26T17:00:00.0,17,31532.44492,1,28629.10859,39742.04348,0.36292519,1.1338002546636343e7
2018-07-26T13:00:00.0,2018-07-26T18:00:00.0,18,31206.93397,1,29372.19325,42021.52191,0.208344779,1.3973375108776093e7
2018-07-26T14:00:00.0,2018-07-26T19:00:00.0,19,30255.27365,1,23845.49716,42312.98756,0.297462566,3.4232907167514324e7
2018-07-26T15:00:00.0,2018-07-26T20:00:00.0,20,29301.1748,1,24723.33228,43887.22285,0.27821133,3.3527902823177338e7
2018-07-26T16:00:00.0,2018-07-26T21:00:00.0,21,28371.58603,1,25980.55729,38108.2928,0.191338349,1.1809168354986906e7
2018-07-26T17:00:00.0,2018-07-26T22:00:00.0,22,26017.91695,1,21852.60482,40659.09565,0.223410974,2.906435165903008e7
2018-07-26T18:00:00.0,2018-07-26T23:00:00.0,23,19298.79586,1,14184.38996,30334.62643,0.278749878,1.9794027578195393e7
2018-07-26T19:00:00.0,2018-07-27T00:00:00.0,0,8607.576476,1,6407.44538,14491.45155,0.156334599,5.181173090458959e6
2018-07-26T20:00:00.0,2018-07-27T01:00:00.0,1,1097.434698,1,207.2255283,3721.139945,0.102418259,867346.017514606
2018-07-26T21:00:00.0,2018-07-27T02:00:00.0,2,0.0,1,0.0,0.0,0.01,0.12886473696786538
2018-07-26T22:00:00.0,2018-07-27T03:00:00.0,3,0.0,1,0.0,0.0,0.01,0.12886473696786538
2018-07-26T23:00:00.0,2018-07-27T04:00:00.0,4,0.0,1,0.0,0.0,0.01,0.12886473696786538
2018-07-27T00:00:00.0,2018-07-27T05:00:00.0,5,0.0,1,0.0,0.0,0.01,0.12886473696786538
2018-07-27T01:00:00.0,2018-07-27T06:00:00.0,6,0.0,1,0.0,0.0,0.01,0.12886473696786538
2018-07-27T02:00:00.0,2018-07-27T07:00:00.0,7,0.0,1,0.0,0.0,0.01,0.12886473696786538
2018-07-27T03:00:00.0,2018-07-27T08:00:00.0,8,0.0,1,0.0,0.0,0.01,0.12886473696786538
2018-07-27T04:00:00.0,2018-07-27T09:00:00.0,9,0.0,1,0.0,0.0,0.01,0.12886473696786538
2018-07-27T05:00:00.0,2018-07-27T10:00:00.0,10,0.0,1,0.0,0.0,0.01,0.12886473696786538
2018-07-27T06:00:00.0,2018-07-27T11:00:00.0,11,28.28279925,0,0.0,0.0,0.99,0.12886473696786538
2018-07-27T07:00:00.0,2018-07-27T12:00:00.0,12,3672.96228,1,2989.40227,6218.172276,0.565926037,537594.1460711397
2018-07-27T08:00:00.0,2018-07-27T13:00:00.0,13,13180.41804,1,12360.85405,24935.06598,0.11822452,8.721604708335131e6
2018-07-27T09:00:00.0,2018-07-27T14:00:00.0,14,21829.27064,1,20571.06492,34935.76738,0.196993049,1.5572180688132524e7
2018-07-27T10:00:00.0,2018-07-27T15:00:00.0,15,27968.76384,1,22362.51593,39196.27225,0.382570966,2.116616319013667e7
2018-07-27T11:00:00.0,2018-07-27T16:00:00.0,16,30032.27992,1,22700.08881,44192.05507,0.23474186,3.534172731522632e7
2018-07-27T12:00:00.0,2018-07-27T17:00:00.0,17,30602.60904,1,27907.21306,40482.73421,0.163675369,1.2731811947460175e7
2018-07-27T13:00:00.0,2018-07-27T18:00:00.0,18,30920.34141,1,29809.95795,43183.05698,0.076478922,1.1822831123054028e7
2018-07-27T14:00:00.0,2018-07-27T19:00:00.0,19,30567.24329,0,31223.12249,37614.59022,0.0,2.9817521410143375e6
2018-07-27T15:00:00.0,2018-07-27T20:00:00.0,20,29519.68094,1,26326.24975,44545.44737,0.268854307,2.7034102349019527e7
2018-07-27T16:00:00.0,2018-07-27T21:00:00.0,21,29195.58265,0,29214.91639,37450.868,0.0,5.736811126852512e6
2018-07-27T17:00:00.0,2018-07-27T22:00:00.0,22,28742.40225,1,21463.36732,37107.87559,0.421776317,1.9049306089544892e7
2018-07-27T18:00:00.0,2018-07-27T23:00:00.0,23,22887.71898,1,19388.67595,28016.49439,0.234833986,5.767043792508483e6
2018-07-27T19:00:00.0,2018-07-28T00:00:00.0,0,11132.61944,1,9436.412935,20272.33277,0.109609795,1.0707199338199168e7
2018-07-27T20:00:00.0,2018-07-28T01:00:00.0,1,1436.092889,1,176.0498995,5258.725153,0.17083728,2.539175559634296e6
2018-07-27T21:00:00.0,2018-07-28T02:00:00.0,2,0.0,1,0.0,0.0,0.01,0.12886473696786538
2018-07-27T22:00:00.0,2018-07-28T03:00:00.0,3,0.0,1,0.0,0.0,0.01,0.12886473696786538
2018-07-27T23:00:00.0,2018-07-28T04:00:00.0,4,0.0,1,0.0,0.0,0.01,0.12886473696786538
2018-07-28T00:00:00.0,2018-07-28T05:00:00.0,5,0.0,1,0.0,0.0,0.01,0.12886473696786538
2018-07-28T01:00:00.0,2018-07-28T06:00:00.0,6,0.0,1,0.0,0.0,0.01,0.12886473696786538
2018-07-28T02:00:00.0,2018-07-28T07:00:00.0,7,0.0,1,0.0,0.0,0.01,0.12886473696786538
2018-07-28T03:00:00.0,2018-07-28T08:00:00.0,8,0.0,1,0.0,0.0,0.01,0.12886473696786538
2018-07-28T04:00:00.0,2018-07-28T09:00:00.0,9,0.0,1,0.0,0.0,0.01,0.12886473696786538
2018-07-28T05:00:00.0,2018-07-28T10:00:00.0,10,0.0,1,0.0,0.0,0.01,0.12886473696786538
2018-07-28T06:00:00.0,2018-07-28T11:00:00.0,11,14.26201196,0,0.0,0.0,0.99,0.12886473696786538
2018-07-28T07:00:00.0,2018-07-28T12:00:00.0,12,3621.749311,0,3992.047789,5136.791512,0.0,47005.378986325115
2018-07-28T08:00:00.0,2018-07-28T13:00:00.0,13,13719.28208,0,16896.13338,26364.32319,0.0,3.2765402561837435e6
2018-07-28T09:00:00.0,2018-07-28T14:00:00.0,14,23522.36724,0,26129.14024,38588.36519,0.0,8.410485545354247e6
2018-07-28T10:00:00.0,2018-07-28T15:00:00.0,15,30538.79247,1,29296.13846,43782.26239,0.203363616,1.9360885465723276e7
2018-07-28T11:00:00.0,2018-07-28T16:00:00.0,16,33776.71719,1,29268.74243,44389.53653,0.295366616,1.9099871960529566e7
2018-07-28T12:00:00.0,2018-07-28T17:00:00.0,17,35513.24129,1,30942.62587,44600.70431,0.46336279,1.8073481281320095e7
2018-07-28T13:00:00.0,2018-07-28T18:00:00.0,18,35990.21854,1,32023.38407,39866.50738,0.460632419,5.985825011082649e6
2018-07-28T14:00:00.0,2018-07-28T19:00:00.0,19,35723.64778,1,32764.11243,46012.01137,0.235873545,1.2378153634060144e7
2018-07-28T15:00:00.0,2018-07-28T20:00:00.0,20,35607.97648,1,29958.85789,39674.07157,0.520793977,9.03127030787754e6
2018-07-28T16:00:00.0,2018-07-28T21:00:00.0,21,35264.9166,1,25753.45945,37653.41428,0.78878734,1.086461764864707e7
2018-07-28T17:00:00.0,2018-07-28T22:00:00.0,22,32961.38756,1,27662.78503,35348.62192,0.571083807,4.999656470706224e6
2018-07-28T18:00:00.0,2018-07-28T23:00:00.0,23,27694.81248,1,20400.21452,34823.71533,0.414004838,1.6989117127955794e7
2018-07-28T19:00:00.0,2018-07-29T00:00:00.0,0,14776.28458,1,10418.36422,23308.41831,0.203792143,1.344549401390338e7
2018-07-28T20:00:00.0,2018-07-29T01:00:00.0,1,2134.033203,1,540.7285849,7260.878031,0.135387225,3.6718780122536644e6
2018-07-28T21:00:00.0,2018-07-29T02:00:00.0,2,0.0,1,0.0,0.0,0.01,0.12886473696786538
2018-07-28T22:00:00.0,2018-07-29T03:00:00.0,3,0.0,1,0.0,0.0,0.01,0.12886473696786538
2018-07-28T23:00:00.0,2018-07-29T04:00:00.0,4,0.0,1,0.0,0.0,0.01,0.12886473696786538
2018-07-29T00:00:00.0,2018-07-29T05:00:00.0,5,0.0,1,0.0,0.0,0.01,0.12886473696786538
2018-07-29T01:00:00.0,2018-07-29T06:00:00.0,6,0.0,1,0.0,0.0,0.01,0.12886473696786538
2018-07-29T02:00:00.0,2018-07-29T07:00:00.0,7,0.0,1,0.0,0.0,0.01,0.12886473696786538
2018-07-29T03:00:00.0,2018-07-29T08:00:00.0,8,0.0,1,0.0,0.0,0.01,0.12886473696786538
2018-07-29T04:00:00.0,2018-07-29T09:00:00.0,9,0.0,1,0.0,0.0,0.01,0.12886473696786538
2018-07-29T05:00:00.0,2018-07-29T10:00:00.0,10,0.0,1,0.0,0.0,0.01,0.12886473696786538
2018-07-29T06:00:00.0,2018-07-29T11:00:00.0,11,19.27262758,0,0.0,0.0,0.99,0.12886473696786538
2018-07-29T07:00:00.0,2018-07-29T12:00:00.0,12,5451.895178,1,4763.094247,5706.414069,0.954290851,44666.24245525524
2018-07-29T08:00:00.0,2018-07-29T13:00:00.0,13,20654.32259,1,19231.81512,25629.86209,0.463317773,2.4328682642583847e6
2018-07-29T09:00:00.0,2018-07-29T14:00:00.0,14,31003.19763,1,29282.00228,37115.49649,0.378479682,4.679460479588747e6
2018-07-29T10:00:00.0,2018-07-29T15:00:00.0,15,34379.73795,1,32334.83919,42495.3228,0.304915542,8.433678145691872e6
2018-07-29T11:00:00.0,2018-07-29T16:00:00.0,16,34161.59597,1,33697.37859,43354.35831,0.045855373,6.229907325418711e6
2018-07-29T12:00:00.0,2018-07-29T17:00:00.0,17,34597.8539,1,31688.13435,44373.42321,0.263419357,1.2346280290071249e7
2018-07-29T13:00:00.0,2018-07-29T18:00:00.0,18,35362.66804,1,33170.23058,41034.80317,0.377954779,5.12452911910677e6
2018-07-29T14:00:00.0,2018-07-29T19:00:00.0,19,35269.60491,1,31864.28488,39065.01277,0.401084151,4.9496319778010845e6
2018-07-29T15:00:00.0,2018-07-29T20:00:00.0,20,35657.36688,1,30520.60862,39999.16075,0.518808642,8.030629353267908e6
2018-07-29T16:00:00.0,2018-07-29T21:00:00.0,21,34292.24908,1,27726.18589,44066.2776,0.459505001,2.468198678518939e7
2018-07-29T17:00:00.0,2018-07-29T22:00:00.0,22,32720.42163,1,25334.28419,36236.91868,0.525931617,1.0399717417716026e7
2018-07-29T18:00:00.0,2018-07-29T23:00:00.0,23,27049.64887,1,18052.33325,35349.19213,0.419019661,2.584613321526575e7
2018-07-29T19:00:00.0,2018-07-30T00:00:00.0,0,13990.63069,1,10386.96683,22306.91687,0.123910348,1.0872556840194166e7
2018-07-29T20:00:00.0,2018-07-30T01:00:00.0,1,1808.044108,1,565.4287297,6585.064696,0.092113088,2.793507817016799e6
2018-07-29T21:00:00.0,2018-07-30T02:00:00.0,2,0.0,1,0.0,0.0,0.01,0.12886473696786538
2018-07-29T22:00:00.0,2018-07-30T03:00:00.0,3,0.0,1,0.0,0.0,0.01,0.12886473696786538
2018-07-29T23:00:00.0,2018-07-30T04:00:00.0,4,0.0,1,0.0,0.0,0.01,0.12886473696786538
2018-07-30T00:00:00.0,2018-07-30T05:00:00.0,5,0.0,1,0.0,0.0,0.01,0.12886473696786538
2018-07-30T01:00:00.0,2018-07-30T06:00:00.0,6,0.0,1,0.0,0.0,0.01,0.12886473696786538
2018-07-30T02:00:00.0,2018-07-30T07:00:00.0,7,0.0,1,0.0,0.0,0.01,0.12886473696786538
2018-07-30T03:00:00.0,2018-07-30T08:00:00.0,8,0.0,1,0.0,0.0,0.01,0.12886473696786538
2018-07-30T04:00:00.0,2018-07-30T09:00:00.0,9,0.0,1,0.0,0.0,0.01,0.12886473696786538
2018-07-30T05:00:00.0,2018-07-30T10:00:00.0,10,0.0,1,0.0,0.0,0.01,0.12886473696786538
2018-07-30T06:00:00.0,2018-07-30T11:00:00.0,11,5.781092667,0,0.0,0.0,0.99,0.12886473696786538
2018-07-30T07:00:00.0,2018-07-30T12:00:00.0,12,3211.104932,0,0.0,0.0,0.99,0.12886473696786538
2018-07-30T08:00:00.0,2018-07-30T13:00:00.0,13,12927.92979,0,17300.03471,27241.6167,0.0,4.897183929230571e6
2018-07-30T09:00:00.0,2018-07-30T14:00:00.0,14,19070.52398,0,25390.65895,35920.06459,0.0,7.521524956561327e6
2018-07-30T10:00:00.0,2018-07-30T15:00:00.0,15,23118.1009,0,28095.18786,41446.97363,0.0,7.999325307064652e6
2018-07-30T11:00:00.0,2018-07-30T16:00:00.0,16,25514.44087,0,28759.04921,39156.2642,0.0,7.781720778776526e6
2018-07-30T12:00:00.0,2018-07-30T17:00:00.0,17,27784.66716,1,26817.04089,46375.80954,0.100924337,2.903008070369935e7
2018-07-30T13:00:00.0,2018-07-30T18:00:00.0,18,30400.60462,1,29439.30521,44017.27749,0.150208963,1.6301214401305914e7
2018-07-30T14:00:00.0,2018-07-30T19:00:00.0,19,32504.51903,1,26116.23042,43646.11393,0.431942772,2.7617732835523844e7
2018-07-30T15:00:00.0,2018-07-30T20:00:00.0,20,33507.28332,1,25584.07044,37630.54314,0.598350117,1.2584714043195844e7
2018-07-30T16:00:00.0,2018-07-30T21:00:00.0,21,33081.50599,1,22150.44083,36811.9191,0.676794074,1.8314573077950478e7
2018-07-30T17:00:00.0,2018-07-30T22:00:00.0,22,30878.34478,1,17266.78225,35779.14452,0.580611868,2.743047913896227e7
2018-07-30T18:00:00.0,2018-07-30T23:00:00.0,23,25090.12527,1,12596.32572,33242.44766,0.484176129,3.948245000571227e7
2018-07-30T19:00:00.0,2018-07-31T00:00:00.0,0,12411.60697,1,5351.02637,20772.27638,0.258091411,2.069313800099817e7
2018-07-30T20:00:00.0,2018-07-31T01:00:00.0,1,1415.037103,1,252.0315164,5199.105764,0.130767479,2.114991464743221e6
2018-07-30T21:00:00.0,2018-07-31T02:00:00.0,2,0.0,1,0.0,0.0,0.01,0.12886473696786538
2018-07-30T22:00:00.0,2018-07-31T03:00:00.0,3,0.0,1,0.0,0.0,0.01,0.12886473696786538
2018-07-30T23:00:00.0,2018-07-31T04:00:00.0,4,0.0,1,0.0,0.0,0.01,0.12886473696786538
2018-07-31T00:00:00.0,2018-07-31T05:00:00.0,5,0.0,1,0.0,0.0,0.01,0.12886473696786538
2018-07-31T01:00:00.0,2018-07-31T06:00:00.0,6,0.0,1,0.0,0.0,0.01,0.12886473696786538
2018-07-31T02:00:00.0,2018-07-31T07:00:00.0,7,0.0,1,0.0,0.0,0.01,0.12886473696786538
2018-07-31T03:00:00.0,2018-07-31T08:00:00.0,8,0.0,1,0.0,0.0,0.01,0.12886473696786538
2018-07-31T04:00:00.0,2018-07-31T09:00:00.0,9,0.0,1,0.0,0.0,0.01,0.12886473696786538
2018-07-31T05:00:00.0,2018-07-31T10:00:00.0,10,0.0,1,0.0,0.0,0.01,0.12886473696786538
2018-07-31T06:00:00.0,2018-07-31T11:00:00.0,11,37.32000008,0,0.0,0.0,0.99,0.12886473696786538
2018-07-31T07:00:00.0,2018-07-31T12:00:00.0,12,4049.872197,0,0.0,0.0,0.99,0.12886473696786538
2018-07-31T08:00:00.0,2018-07-31T13:00:00.0,13,15208.19241,1,14097.95259,20741.54614,0.525189192,1.750080546758294e6
2018-07-31T09:00:00.0,2018-07-31T14:00:00.0,14,23427.74387,1,21556.68252,35152.50734,0.23869236,1.4556946674290776e7
2018-07-31T10:00:00.0,2018-07-31T15:00:00.0,15,27808.94102,1,23758.77068,35311.16355,0.534909667,1.102073160931611e7
2018-07-31T11:00:00.0,2018-07-31T16:00:00.0,16,32406.9507,1,27777.73743,43624.21344,0.392004121,2.336194838284564e7
2018-07-31T12:00:00.0,2018-07-31T17:00:00.0,17,33784.53252,1,27182.77753,43279.45879,0.44187173,2.2194005655626297e7
2018-07-31T13:00:00.0,2018-07-31T18:00:00.0,18,33778.33344,1,29543.76549,40001.27843,0.43564839,9.877038054296732e6
2018-07-31T14:00:00.0,2018-07-31T19:00:00.0,19,32983.87579,1,25501.79812,39654.17318,0.495111439,1.9665559737683654e7
2018-07-31T15:00:00.0,2018-07-31T20:00:00.0,20,31958.55479,1,27547.27544,43923.94652,0.266059804,2.3399260503903866e7
2018-07-31T16:00:00.0,2018-07-31T21:00:00.0,21,31023.14519,1,26715.7871,39916.01675,0.426574239,1.486911288508761e7
2018-07-31T17:00:00.0,2018-07-31T22:00:00.0,22,30145.92343,1,25954.04346,38472.83741,0.430057669,1.393321752870524e7
2018-07-31T18:00:00.0,2018-07-31T23:00:00.0,23,25902.4925,1,18843.5809,29984.85643,0.505165836,1.0502318933658361e7
2018-07-31T19:00:00.0,2018-08-01T00:00:00.0,0,13162.75603,1,11269.1468,22686.24124,0.084582628,1.0594052762920976e7
2018-07-31T20:00:00.0,2018-08-01T01:00:00.0,1,1615.504684,1,92.26786547,6145.739941,0.097486649,2.549196456515083e6
2018-07-31T21:00:00.0,2018-08-01T02:00:00.0,2,0.0,1,0.0,0.0,0.01,0.12886473696786538
2018-07-31T22:00:00.0,2018-08-01T03:00:00.0,3,0.0,1,0.0,0.0,0.01,0.12886473696786538
2018-07-31T23:00:00.0,2018-08-01T04:00:00.0,4,0.0,1,0.0,0.0,0.01,0.12886473696786538
2018-08-01T00:00:00.0,2018-08-01T05:00:00.0,5,0.0,1,0.0,0.0,0.01,0.12886473696786538
2018-08-01T01:00:00.0,2018-08-01T06:00:00.0,6,0.0,1,0.0,0.0,0.01,0.12886473696786538
2018-08-01T02:00:00.0,2018-08-01T07:00:00.0,7,0.0,1,0.0,0.0,0.01,0.12886473696786538
2018-08-01T03:00:00.0,2018-08-01T08:00:00.0,8,0.0,1,0.0,0.0,0.01,0.12886473696786538
2018-08-01T04:00:00.0,2018-08-01T09:00:00.0,9,0.0,1,0.0,0.0,0.01,0.12886473696786538
2018-08-01T05:00:00.0,2018-08-01T10:00:00.0,10,0.0,1,0.0,0.0,0.01,0.12886473696786538
2018-08-01T06:00:00.0,2018-08-01T11:00:00.0,11,53.47659117,0,0.0,0.0,0.99,0.12886473696786538
2018-08-01T07:00:00.0,2018-08-01T12:00:00.0,12,7428.571335,0,0.0,0.0,0.99,0.12886473696786538
2018-08-01T08:00:00.0,2018-08-01T13:00:00.0,13,25713.82667,1,18602.08714,27897.37425,0.898071348,6.514562365043044e6
2018-08-01T09:00:00.0,2018-08-01T14:00:00.0,14,36362.98566,1,32632.96362,37698.54336,0.834214736,2.2509268552820683e6
2018-08-01T10:00:00.0,2018-08-01T15:00:00.0,15,39056.70692,1,37581.34237,44328.08957,0.316348591,3.8215898236153126e6
2018-08-01T11:00:00.0,2018-08-01T16:00:00.0,16,39353.74934,1,37737.47455,45287.57533,0.257592202,5.290590865205526e6
2018-08-01T12:00:00.0,2018-08-01T17:00:00.0,17,39122.26921,1,34396.77146,45772.21381,0.468245123,1.3301350503263712e7
2018-08-01T13:00:00.0,2018-08-01T18:00:00.0,18,38671.84005,1,30751.06166,43127.89863,0.541311315,1.2330785713284016e7
2018-08-01T14:00:00.0,2018-08-01T19:00:00.0,19,38754.54061,1,32613.56294,41720.24232,0.702867572,7.185411020041466e6
2018-08-01T15:00:00.0,2018-08-01T20:00:00.0,20,38745.38207,1,36517.55775,45348.1969,0.323713152,5.693341103516102e6
2018-08-01T16:00:00.0,2018-08-01T21:00:00.0,21,38120.14568,1,30575.81373,45496.38005,0.394979603,1.8773225378629208e7
2018-08-01T17:00:00.0,2018-08-01T22:00:00.0,22,36584.95149,1,30196.25787,40225.7802,0.555105952,8.602194419537544e6
2018-08-01T18:00:00.0,2018-08-01T23:00:00.0,23,31448.96323,1,24175.54968,35835.64442,0.42316743,9.525853543164134e6
2018-08-01T19:00:00.0,2018-08-02T00:00:00.0,0,16153.29853,1,10448.11758,29402.37695,0.244660765,2.7553729268886983e7
2018-08-01T20:00:00.0,2018-08-02T01:00:00.0,1,1905.36324,1,114.9689721,6340.803889,0.171624475,3.332588653286552e6
2018-08-01T21:00:00.0,2018-08-02T02:00:00.0,2,0.0,1,0.0,0.0,0.01,0.12886473696786538
2018-08-01T22:00:00.0,2018-08-02T03:00:00.0,3,0.0,1,0.0,0.0,0.01,0.12886473696786538
2018-08-01T23:00:00.0,2018-08-02T04:00:00.0,4,0.0,1,0.0,0.0,0.01,0.12886473696786538
2018-08-02T00:00:00.0,2018-08-02T05:00:00.0,5,0.0,1,0.0,0.0,0.01,0.12886473696786538
2018-08-02T01:00:00.0,2018-08-02T06:00:00.0,6,0.0,1,0.0,0.0,0.01,0.12886473696786538
2018-08-02T02:00:00.0,2018-08-02T07:00:00.0,7,0.0,1,0.0,0.0,0.01,0.12886473696786538
2018-08-02T03:00:00.0,2018-08-02T08:00:00.0,8,0.0,1,0.0,0.0,0.01,0.12886473696786538
2018-08-02T04:00:00.0,2018-08-02T09:00:00.0,9,0.0,1,0.0,0.0,0.01,0.12886473696786538
2018-08-02T05:00:00.0,2018-08-02T10:00:00.0,10,0.0,1,0.0,0.0,0.01,0.12886473696786538
2018-08-02T06:00:00.0,2018-08-02T11:00:00.0,11,41.25202342,0,0.0,0.0,0.99,0.12886473696786538
2018-08-02T07:00:00.0,2018-08-02T12:00:00.0,12,4527.491373,0,0.0,0.0,0.99,0.12886473696786538
2018-08-02T08:00:00.0,2018-08-02T13:00:00.0,13,17044.86707,0,17386.95741,25901.375,0.0,5.715125650228739e6
2018-08-02T09:00:00.0,2018-08-02T14:00:00.0,14,28879.88102,1,25750.77484,39970.75019,0.288236347,1.690948000362122e7
2018-08-02T10:00:00.0,2018-08-02T15:00:00.0,15,32787.35535,1,25515.43095,43596.54963,0.427969485,2.7234662596302748e7
2018-08-02T11:00:00.0,2018-08-02T16:00:00.0,16,33544.32713,1,28897.2585,39816.7759,0.439597261,1.0585373937685251e7
2018-08-02T12:00:00.0,2018-08-02T17:00:00.0,17,31663.50237,1,30107.61206,44727.83897,0.181619967,1.9137087152799845e7
2018-08-02T13:00:00.0,2018-08-02T18:00:00.0,18,33107.6954,1,28176.60854,44651.79023,0.341672871,2.3151149722501993e7
2018-08-02T14:00:00.0,2018-08-02T19:00:00.0,19,34828.44675,1,26139.45604,45900.3133,0.469326248,3.380404278246999e7
2018-08-02T15:00:00.0,2018-08-02T20:00:00.0,20,35826.50383,1,23999.4605,44481.30215,0.651501346,3.8701611446774006e7
2018-08-02T16:00:00.0,2018-08-02T21:00:00.0,21,35140.44837,1,25654.89359,39363.42509,0.579091927,1.7494797042635918e7
2018-08-02T17:00:00.0,2018-08-02T22:00:00.0,22,32521.7181,1,23709.02551,37484.80416,0.574256043,1.9360734262791038e7
2018-08-02T18:00:00.0,2018-08-02T23:00:00.0,23,27327.79849,1,17282.50025,32194.17127,0.600693554,1.8039993603086352e7
2018-08-02T19:00:00.0,2018-08-03T00:00:00.0,0,13545.7162,1,7885.749038,24341.88605,0.186622094,2.1656425549335003e7
2018-08-02T20:00:00.0,2018-08-03T01:00:00.0,1,1570.090441,1,141.0894006,5883.699334,0.143337632,2.9810879214420896e6
2018-08-02T21:00:00.0,2018-08-03T02:00:00.0,2,0.0,1,0.0,0.0,0.01,0.12886473696786538
2018-08-02T22:00:00.0,2018-08-03T03:00:00.0,3,0.0,1,0.0,0.0,0.01,0.12886473696786538
2018-08-02T23:00:00.0,2018-08-03T04:00:00.0,4,0.0,1,0.0,0.0,0.01,0.12886473696786538
2018-08-03T00:00:00.0,2018-08-03T05:00:00.0,5,0.0,1,0.0,0.0,0.01,0.12886473696786538
2018-08-03T01:00:00.0,2018-08-03T06:00:00.0,6,0.0,1,0.0,0.0,0.01,0.12886473696786538
2018-08-03T02:00:00.0,2018-08-03T07:00:00.0,7,0.0,1,0.0,0.0,0.01,0.12886473696786538
2018-08-03T03:00:00.0,2018-08-03T08:00:00.0,8,0.0,1,0.0,0.0,0.01,0.12886473696786538
2018-08-03T04:00:00.0,2018-08-03T09:00:00.0,9,0.0,1,0.0,0.0,0.01,0.12886473696786538
2018-08-03T05:00:00.0,2018-08-03T10:00:00.0,10,0.0,1,0.0,0.0,0.01,0.12886473696786538
2018-08-03T06:00:00.0,2018-08-03T11:00:00.0,11,33.64641258,0,0.0,0.0,0.99,0.12886473696786538
2018-08-03T07:00:00.0,2018-08-03T12:00:00.0,12,5795.788423,0,0.0,0.0,0.99,0.12886473696786538
2018-08-03T08:00:00.0,2018-08-03T13:00:00.0,13,20808.45405,1,20534.6695,26996.30896,0.206104279,1.2050118035318255e6
2018-08-03T09:00:00.0,2018-08-03T14:00:00.0,14,30985.25919,1,28545.12507,37266.92974,0.433857074,6.883651057494521e6
2018-08-03T10:00:00.0,2018-08-03T15:00:00.0,15,35038.01784,0,35609.09912,43285.62395,0.0,3.8378047231543064e6
2018-08-03T11:00:00.0,2018-08-03T16:00:00.0,16,36380.52441,1,30110.77923,45338.39472,0.455882457,1.8163628579372883e7
2018-08-03T12:00:00.0,2018-08-03T17:00:00.0,17,37411.59842,1,36316.88204,43757.89594,0.307984528,3.443373057123184e6
2018-08-03T13:00:00.0,2018-08-03T18:00:00.0,18,37995.71221,1,29242.70431,45703.78122,0.488659984,1.981257375151944e7
2018-08-03T14:00:00.0,2018-08-03T19:00:00.0,19,37715.58748,1,33450.95167,42093.71967,0.586134819,5.88193189641571e6
2018-08-03T15:00:00.0,2018-08-03T20:00:00.0,20,37470.83575,1,28747.56732,39164.83689,0.803436865,8.50742965488863e6
2018-08-03T16:00:00.0,2018-08-03T21:00:00.0,21,37578.25086,1,30236.53957,44746.97102,0.508208641,1.640928098416686e7
2018-08-03T17:00:00.0,2018-08-03T22:00:00.0,22,35795.33401,1,24865.8396,39859.77205,0.651892855,2.1054964417666435e7
2018-08-03T18:00:00.0,2018-08-03T23:00:00.0,23,29450.54402,1,21500.04377,36310.73851,0.269737666,1.6720431216212988e7
2018-08-03T19:00:00.0,2018-08-04T00:00:00.0,0,13906.03099,1,8299.24786,26478.41253,0.182476148,2.863310866907519e7
2018-08-03T20:00:00.0,2018-08-04T01:00:00.0,1,1434.463411,1,88.41232297,5378.450047,0.129989063,2.255945209604807e6
2018-08-03T21:00:00.0,2018-08-04T02:00:00.0,2,0.0,1,0.0,0.0,0.01,0.12886473696786538
2018-08-03T22:00:00.0,2018-08-04T03:00:00.0,3,0.0,1,0.0,0.0,0.01,0.12886473696786538
2018-08-03T23:00:00.0,2018-08-04T04:00:00.0,4,0.0,1,0.0,0.0,0.01,0.12886473696786538
2018-08-04T00:00:00.0,2018-08-04T05:00:00.0,5,0.0,1,0.0,0.0,0.01,0.12886473696786538
2018-08-04T01:00:00.0,2018-08-04T06:00:00.0,6,0.0,1,0.0,0.0,0.01,0.12886473696786538
2018-08-04T02:00:00.0,2018-08-04T07:00:00.0,7,0.0,1,0.0,0.0,0.01,0.12886473696786538
2018-08-04T03:00:00.0,2018-08-04T08:00:00.0,8,0.0,1,0.0,0.0,0.01,0.12886473696786538
2018-08-04T04:00:00.0,2018-08-04T09:00:00.0,9,0.0,1,0.0,0.0,0.01,0.12886473696786538
2018-08-04T05:00:00.0,2018-08-04T10:00:00.0,10,0.0,1,0.0,0.0,0.01,0.12886473696786538
2018-08-04T06:00:00.0,2018-08-04T11:00:00.0,11,27.0846895,0,0.0,0.0,0.99,0.12886473696786538
2018-08-04T07:00:00.0,2018-08-04T12:00:00.0,12,4799.12657,0,0.0,0.0,0.99,0.12886473696786538
2018-08-04T08:00:00.0,2018-08-04T13:00:00.0,13,16610.13984,0,16640.36691,23251.48477,0.0,2.722888242629409e6
2018-08-04T09:00:00.0,2018-08-04T14:00:00.0,14,24921.52543,0,25789.22425,36809.30986,0.0,6.385674554670811e6
2018-08-04T10:00:00.0,2018-08-04T15:00:00.0,15,28349.37927,1,26202.64597,37945.1178,0.315772655,1.1590220045805454e7
2018-08-04T11:00:00.0,2018-08-04T16:00:00.0,16,31552.61962,0,32451.55228,40189.0859,0.0,3.97690523747015e6
2018-08-04T12:00:00.0,2018-08-04T17:00:00.0,17,33539.15582,1,31615.80801,45377.95442,0.288702183,1.5259511372350693e7
2018-08-04T13:00:00.0,2018-08-04T18:00:00.0,18,34779.18005,1,27428.5028,39661.02131,0.535638849,1.222854881101203e7
2018-08-04T14:00:00.0,2018-08-04T19:00:00.0,19,35237.77669,1,28698.01503,42248.21022,0.54679468,1.6884202778045654e7
2018-08-04T15:00:00.0,2018-08-04T20:00:00.0,20,34673.0873,1,26346.78317,41165.323,0.506430999,2.1090085777768612e7
2018-08-04T16:00:00.0,2018-08-04T21:00:00.0,21,34293.80958,1,26236.99351,36520.18508,0.725517022,8.440417941067815e6
2018-08-04T17:00:00.0,2018-08-04T22:00:00.0,22,31288.91619,1,23108.82516,35314.90502,0.461138702,1.1797811178162813e7
2018-08-04T18:00:00.0,2018-08-04T23:00:00.0,23,25295.28128,1,14469.32864,30996.01339,0.508751782,2.1160422875501156e7
2018-08-04T19:00:00.0,2018-08-05T00:00:00.0,0,13180.5093,1,9093.187023,22297.06053,0.255562139,1.4764899276932478e7
2018-08-04T20:00:00.0,2018-08-05T01:00:00.0,1,1590.362251,1,397.1225942,5497.402091,0.110196355,2.0269300558554959e6
2018-08-04T21:00:00.0,2018-08-05T02:00:00.0,2,0.0,1,0.0,0.0,0.01,0.12886473696786538
2018-08-04T22:00:00.0,2018-08-05T03:00:00.0,3,0.0,1,0.0,0.0,0.01,0.12886473696786538
2018-08-04T23:00:00.0,2018-08-05T04:00:00.0,4,0.0,1,0.0,0.0,0.01,0.12886473696786538
2018-08-05T00:00:00.0,2018-08-05T05:00:00.0,5,0.0,1,0.0,0.0,0.01,0.12886473696786538
2018-08-05T01:00:00.0,2018-08-05T06:00:00.0,6,0.0,1,0.0,0.0,0.01,0.12886473696786538
2018-08-05T02:00:00.0,2018-08-05T07:00:00.0,7,0.0,1,0.0,0.0,0.01,0.12886473696786538
2018-08-05T03:00:00.0,2018-08-05T08:00:00.0,8,0.0,1,0.0,0.0,0.01,0.12886473696786538
2018-08-05T04:00:00.0,2018-08-05T09:00:00.0,9,0.0,1,0.0,0.0,0.01,0.12886473696786538
2018-08-05T05:00:00.0,2018-08-05T10:00:00.0,10,0.0,1,0.0,0.0,0.01,0.12886473696786538
2018-08-05T06:00:00.0,2018-08-05T11:00:00.0,11,17.82186042,0,0.0,0.0,0.99,0.12886473696786538
2018-08-05T07:00:00.0,2018-08-05T12:00:00.0,12,5498.469613,0,0.0,0.0,0.99,0.12886473696786538
2018-08-05T08:00:00.0,2018-08-05T13:00:00.0,13,22121.95674,1,17092.69936,23888.14994,0.91980747,2.5208853303077817e6
2018-08-05T09:00:00.0,2018-08-05T14:00:00.0,14,32735.55399,1,30604.02524,38662.00583,0.412233923,5.310508553813696e6
2018-08-05T10:00:00.0,2018-08-05T15:00:00.0,15,35741.64585,1,29731.11223,39784.61648,0.600317231,7.412807903124571e6
2018-08-05T11:00:00.0,2018-08-05T16:00:00.0,16,36425.36329,1,33667.8429,39989.62252,0.416262472,3.0415035628254414e6
2018-08-05T12:00:00.0,2018-08-05T17:00:00.0,17,35991.05727,1,29027.02403,44347.73814,0.551135287,1.911788861072707e7
2018-08-05T13:00:00.0,2018-08-05T18:00:00.0,18,35665.32791,1,34031.79322,38659.61324,0.360745278,2.0165733627729416e6
2018-08-05T14:00:00.0,2018-08-05T19:00:00.0,19,35642.87456,1,30789.61833,41596.86689,0.504835887,1.1930156890827656e7
2018-08-05T15:00:00.0,2018-08-05T20:00:00.0,20,35489.20598,1,28453.38182,41162.50062,0.465918005,1.5678038514131308e7
2018-08-05T16:00:00.0,2018-08-05T21:00:00.0,21,34960.10881,1,31958.28268,40870.94931,0.278438125,6.4645674183831215e6
2018-08-05T17:00:00.0,2018-08-05T22:00:00.0,22,32571.51078,1,24554.92488,39192.17709,0.569979033,1.838328157893312e7
2018-08-05T18:00:00.0,2018-08-05T23:00:00.0,23,27974.10598,1,21556.14672,34075.36579,0.306423525,1.0690536012067556e7
2018-08-05T19:00:00.0,2018-08-06T00:00:00.0,0,14455.44471,1,11228.44535,24817.75202,0.163799305,1.655017518037033e7
2018-08-05T20:00:00.0,2018-08-06T01:00:00.0,1,1705.904813,1,258.9624108,5988.600577,0.148673391,2.7873394403439034e6
2018-08-05T21:00:00.0,2018-08-06T02:00:00.0,2,0.0,1,0.0,0.0,0.01,0.12886473696786538
2018-08-05T22:00:00.0,2018-08-06T03:00:00.0,3,0.0,1,0.0,0.0,0.01,0.12886473696786538
2018-08-05T23:00:00.0,2018-08-06T04:00:00.0,4,0.0,1,0.0,0.0,0.01,0.12886473696786538
2018-08-06T00:00:00.0,2018-08-06T05:00:00.0,5,0.0,1,0.0,0.0,0.01,0.12886473696786538
2018-08-06T01:00:00.0,2018-08-06T06:00:00.0,6,0.0,1,0.0,0.0,0.01,0.12886473696786538
2018-08-06T02:00:00.0,2018-08-06T07:00:00.0,7,0.0,1,0.0,0.0,0.01,0.12886473696786538
2018-08-06T03:00:00.0,2018-08-06T08:00:00.0,8,0.0,1,0.0,0.0,0.01,0.12886473696786538
2018-08-06T04:00:00.0,2018-08-06T09:00:00.0,9,0.0,1,0.0,0.0,0.01,0.12886473696786538
2018-08-06T05:00:00.0,2018-08-06T10:00:00.0,10,0.0,1,0.0,0.0,0.01,0.12886473696786538
2018-08-06T06:00:00.0,2018-08-06T11:00:00.0,11,24.58317,0,0.0,0.0,0.99,0.12886473696786538
2018-08-06T07:00:00.0,2018-08-06T12:00:00.0,12,6067.982323,0,0.0,0.0,0.99,0.12886473696786538
2018-08-06T08:00:00.0,2018-08-06T13:00:00.0,13,23380.38291,1,17742.17302,26448.163,0.94149306,3.5090547206702232e6
2018-08-06T09:00:00.0,2018-08-06T14:00:00.0,14,33405.59281,1,28791.20063,39148.68113,0.575803028,9.71642374339056e6
2018-08-06T10:00:00.0,2018-08-06T15:00:00.0,15,35252.8787,1,30696.12942,37527.92433,0.700339684,4.0481207594730854e6
2018-08-06T11:00:00.0,2018-08-06T16:00:00.0,16,35415.69316,0,36482.18178,45555.80063,0.0,5.269747744423628e6
2018-08-06T12:00:00.0,2018-08-06T17:00:00.0,17,36646.86535,1,34579.01992,42481.51569,0.334470514,5.358231797326088e6
2018-08-06T13:00:00.0,2018-08-06T18:00:00.0,18,36928.38078,1,29345.58019,38599.41991,0.705381777,6.633806244989157e6
2018-08-06T14:00:00.0,2018-08-06T19:00:00.0,19,36484.04766,1,34225.03172,40145.37232,0.492883546,3.054895541753769e6
2018-08-06T15:00:00.0,2018-08-06T20:00:00.0,20,36559.45617,1,32400.89722,39546.54542,0.641370453,4.97121897206974e6
2018-08-06T16:00:00.0,2018-08-06T21:00:00.0,21,36441.72215,1,25712.75574,40566.52442,0.663883666,1.85030282744174e7
2018-08-06T17:00:00.0,2018-08-06T22:00:00.0,22,34694.83413,1,27061.7471,37053.62627,0.705366119,8.291610381550789e6
2018-08-06T18:00:00.0,2018-08-06T23:00:00.0,23,28776.59468,1,17820.82922,33389.53611,0.588735635,2.2132822487460136e7
2018-08-06T19:00:00.0,2018-08-07T00:00:00.0,0,14610.35012,1,9397.578169,22347.37364,0.170045257,1.1413179172651172e7
2018-08-06T20:00:00.0,2018-08-07T01:00:00.0,1,1636.874049,1,212.4956778,6591.731493,0.117199117,3.16846304317051e6
2018-08-06T21:00:00.0,2018-08-07T02:00:00.0,2,0.0,1,0.0,0.0,0.01,0.12886473696786538
2018-08-06T22:00:00.0,2018-08-07T03:00:00.0,3,0.0,1,0.0,0.0,0.01,0.12886473696786538
2018-08-06T23:00:00.0,2018-08-07T04:00:00.0,4,0.0,1,0.0,0.0,0.01,0.12886473696786538
2018-08-07T00:00:00.0,2018-08-07T05:00:00.0,5,0.0,1,0.0,0.0,0.01,0.12886473696786538
2018-08-07T01:00:00.0,2018-08-07T06:00:00.0,6,0.0,1,0.0,0.0,0.01,0.12886473696786538
2018-08-07T02:00:00.0,2018-08-07T07:00:00.0,7,0.0,1,0.0,0.0,0.01,0.12886473696786538
2018-08-07T03:00:00.0,2018-08-07T08:00:00.0,8,0.0,1,0.0,0.0,0.01,0.12886473696786538
2018-08-07T04:00:00.0,2018-08-07T09:00:00.0,9,0.0,1,0.0,0.0,0.01,0.12886473696786538
2018-08-07T05:00:00.0,2018-08-07T10:00:00.0,10,0.0,1,0.0,0.0,0.01,0.12886473696786538
2018-08-07T06:00:00.0,2018-08-07T11:00:00.0,11,19.98418917,0,0.0,0.0,0.99,0.12886473696786538
2018-08-07T07:00:00.0,2018-08-07T12:00:00.0,12,5990.124276,0,0.0,0.0,0.99,0.12886473696786538
2018-08-07T08:00:00.0,2018-08-07T13:00:00.0,13,23380.08703,0,21067.2758,22160.20745,1.0,40305.720978975296
2018-08-07T09:00:00.0,2018-08-07T14:00:00.0,14,34482.35194,1,33075.83855,35768.09397,0.791861869,478706.7759461403
2018-08-07T10:00:00.0,2018-08-07T15:00:00.0,15,37075.71114,1,32541.33417,41016.15811,0.560045174,6.577870759386063e6
2018-08-07T11:00:00.0,2018-08-07T16:00:00.0,16,37345.21561,1,31667.23277,44075.7003,0.430099425,1.1484070307691336e7
2018-08-07T12:00:00.0,2018-08-07T17:00:00.0,17,37471.42704,1,32888.07996,40517.42691,0.525508919,5.097214363936663e6
2018-08-07T13:00:00.0,2018-08-07T18:00:00.0,18,37107.05003,1,31315.83738,38148.35419,0.838157656,3.505820045984268e6
2018-08-07T14:00:00.0,2018-08-07T19:00:00.0,19,36391.04541,1,31856.77255,44584.62761,0.455471072,1.5776418038513184e7
2018-08-07T15:00:00.0,2018-08-07T20:00:00.0,20,35566.59441,1,32696.3644,41124.55619,0.353539,6.80436446202755e6
2018-08-07T16:00:00.0,2018-08-07T21:00:00.0,21,34494.59445,1,30014.06237,38670.11352,0.441719294,6.373582796381235e6
2018-08-07T17:00:00.0,2018-08-07T22:00:00.0,22,32833.28726,1,24932.37138,33914.69914,0.735499527,7.518371974364519e6
2018-08-07T18:00:00.0,2018-08-07T23:00:00.0,23,27148.70141,1,19134.57407,30292.67798,0.529392355,1.014866162690103e7
2018-08-07T19:00:00.0,2018-08-08T00:00:00.0,0,13856.47722,1,8929.084984,24745.08338,0.148386391,1.97716747039994e7
2018-08-07T20:00:00.0,2018-08-08T01:00:00.0,1,1526.862051,1,43.90520789,5796.880673,0.164269009,2.75269403612506e6
2018-08-07T21:00:00.0,2018-08-08T02:00:00.0,2,0.0,1,0.0,0.0,0.01,0.12886473696786538
2018-08-07T22:00:00.0,2018-08-08T03:00:00.0,3,0.0,1,0.0,0.0,0.01,0.12886473696786538
2018-08-07T23:00:00.0,2018-08-08T04:00:00.0,4,0.0,1,0.0,0.0,0.01,0.12886473696786538
2018-08-08T00:00:00.0,2018-08-08T05:00:00.0,5,0.0,1,0.0,0.0,0.01,0.12886473696786538
2018-08-08T01:00:00.0,2018-08-08T06:00:00.0,6,0.0,1,0.0,0.0,0.01,0.12886473696786538
2018-08-08T02:00:00.0,2018-08-08T07:00:00.0,7,0.0,1,0.0,0.0,0.01,0.12886473696786538
2018-08-08T03:00:00.0,2018-08-08T08:00:00.0,8,0.0,1,0.0,0.0,0.01,0.12886473696786538
2018-08-08T04:00:00.0,2018-08-08T09:00:00.0,9,0.0,1,0.0,0.0,0.01,0.12886473696786538
2018-08-08T05:00:00.0,2018-08-08T10:00:00.0,10,0.0,1,0.0,0.0,0.01,0.12886473696786538
2018-08-08T06:00:00.0,2018-08-08T11:00:00.0,11,9.5649225,0,0.0,0.0,0.99,0.12886473696786538
2018-08-08T07:00:00.0,2018-08-08T12:00:00.0,12,4888.843008,0,0.0,0.0,0.99,0.12886473696786538
2018-08-08T08:00:00.0,2018-08-08T13:00:00.0,13,20845.43042,1,17782.06335,21844.17635,0.926048771,926445.4630841613
2018-08-08T09:00:00.0,2018-08-08T14:00:00.0,14,32134.1876,1,25975.92351,38327.84633,0.559090947,1.2918926325054407e7
2018-08-08T10:00:00.0,2018-08-08T15:00:00.0,15,34038.53589,1,26478.85332,37830.47476,0.733091445,9.31509244943881e6
2018-08-08T11:00:00.0,2018-08-08T16:00:00.0,16,33479.50883,1,32903.16163,45598.98261,0.070487254,1.1372871029584408e7
2018-08-08T12:00:00.0,2018-08-08T17:00:00.0,17,32520.17423,1,31506.03955,44597.92944,0.171444993,1.3595610451715231e7
2018-08-08T13:00:00.0,2018-08-08T18:00:00.0,18,31451.25432,1,26235.4496,42173.86683,0.288230882,2.127432465130067e7
2018-08-08T14:00:00.0,2018-08-08T19:00:00.0,19,30693.99126,1,26475.8147,42618.68724,0.251980268,1.9562015148522377e7
2018-08-08T15:00:00.0,2018-08-08T20:00:00.0,20,30037.86075,1,27438.68565,39357.05507,0.278070519,1.2685739671181679e7
2018-08-08T16:00:00.0,2018-08-08T21:00:00.0,21,30143.2563,1,22644.07612,42953.31103,0.436028471,3.821913756206739e7
2018-08-08T17:00:00.0,2018-08-08T22:00:00.0,22,28292.48037,1,18932.30338,36004.06493,0.490170709,2.5232751703680873e7
2018-08-08T18:00:00.0,2018-08-08T23:00:00.0,23,22973.70882,1,13777.7933,31277.66826,0.464926775,3.095264080431807e7
2018-08-08T19:00:00.0,2018-08-09T00:00:00.0,0,10376.61421,1,5888.550749,19227.4225,0.190094277,1.3243080401553929e7
2018-08-08T20:00:00.0,2018-08-09T01:00:00.0,1,1007.38491,1,81.71011858,4476.994747,0.118839507,1.7173941088797804e6
2018-08-08T21:00:00.0,2018-08-09T02:00:00.0,2,0.0,1,0.0,0.0,0.01,0.12886473696786538
2018-08-08T22:00:00.0,2018-08-09T03:00:00.0,3,0.0,1,0.0,0.0,0.01,0.12886473696786538
2018-08-08T23:00:00.0,2018-08-09T04:00:00.0,4,0.0,1,0.0,0.0,0.01,0.12886473696786538
2018-08-09T00:00:00.0,2018-08-09T05:00:00.0,5,0.0,1,0.0,0.0,0.01,0.12886473696786538
2018-08-09T01:00:00.0,2018-08-09T06:00:00.0,6,0.0,1,0.0,0.0,0.01,0.12886473696786538
2018-08-09T02:00:00.0,2018-08-09T07:00:00.0,7,0.0,1,0.0,0.0,0.01,0.12886473696786538
2018-08-09T03:00:00.0,2018-08-09T08:00:00.0,8,0.0,1,0.0,0.0,0.01,0.12886473696786538
2018-08-09T04:00:00.0,2018-08-09T09:00:00.0,9,0.0,1,0.0,0.0,0.01,0.12886473696786538
2018-08-09T05:00:00.0,2018-08-09T10:00:00.0,10,0.0,1,0.0,0.0,0.01,0.12886473696786538
2018-08-09T06:00:00.0,2018-08-09T11:00:00.0,11,2.577574583,0,0.0,0.0,0.99,0.12886473696786538
2018-08-09T07:00:00.0,2018-08-09T12:00:00.0,12,2722.095011,0,0.0,0.0,0.99,0.12886473696786538
2018-08-09T08:00:00.0,2018-08-09T13:00:00.0,13,10679.96731,0,14692.21216,23861.58126,0.0,3.2511038204178214e6
2018-08-09T09:00:00.0,2018-08-09T14:00:00.0,14,17671.56412,0,22798.02851,34499.95395,0.0,6.19672138830626e6
2018-08-09T10:00:00.0,2018-08-09T15:00:00.0,15,23607.39639,1,21335.60089,35982.61134,0.248801076,1.6013266523342729e7
2018-08-09T11:00:00.0,2018-08-09T16:00:00.0,16,26413.65341,1,25903.60116,41735.73898,0.027798252,1.911903088494146e7
2018-08-09T12:00:00.0,2018-08-09T17:00:00.0,17,29731.48642,1,23682.11905,40834.64713,0.386021104,2.4899321705880165e7
2018-08-09T13:00:00.0,2018-08-09T18:00:00.0,18,30014.84853,1,25944.64906,40055.94171,0.282622436,1.8260703974115133e7
2018-08-09T14:00:00.0,2018-08-09T19:00:00.0,19,28925.37592,1,24549.75138,38776.03718,0.347267592,1.6440925477462292e7
2018-08-09T15:00:00.0,2018-08-09T20:00:00.0,20,28965.19393,1,22402.57618,39641.15482,0.410555271,2.135334009899354e7
2018-08-09T16:00:00.0,2018-08-09T21:00:00.0,21,28017.03252,1,20504.8498,34417.45147,0.49061493,1.3927050272902131e7
2018-08-09T17:00:00.0,2018-08-09T22:00:00.0,22,27073.19714,1,16020.81458,31731.95011,0.581680938,2.0201813136377573e7
2018-08-09T18:00:00.0,2018-08-09T23:00:00.0,23,22917.45985,1,9471.37818,28146.61899,0.560329998,3.200069946202606e7
2018-08-09T19:00:00.0,2018-08-10T00:00:00.0,0,10797.90103,1,5019.441432,19642.00368,0.182408668,1.4766580352839053e7
2018-08-09T20:00:00.0,2018-08-10T01:00:00.0,1,1065.730181,1,119.3366142,4082.436262,0.120247985,1.1451429199082674e6
2018-08-09T21:00:00.0,2018-08-10T02:00:00.0,2,0.0,1,0.0,0.0,0.01,0.12886473696786538
2018-08-09T22:00:00.0,2018-08-10T03:00:00.0,3,0.0,1,0.0,0.0,0.01,0.12886473696786538
2018-08-09T23:00:00.0,2018-08-10T04:00:00.0,4,0.0,1,0.0,0.0,0.01,0.12886473696786538
2018-08-10T00:00:00.0,2018-08-10T05:00:00.0,5,0.0,1,0.0,0.0,0.01,0.12886473696786538
2018-08-10T01:00:00.0,2018-08-10T06:00:00.0,6,0.0,1,0.0,0.0,0.01,0.12886473696786538
2018-08-10T02:00:00.0,2018-08-10T07:00:00.0,7,0.0,1,0.0,0.0,0.01,0.12886473696786538
2018-08-10T03:00:00.0,2018-08-10T08:00:00.0,8,0.0,1,0.0,0.0,0.01,0.12886473696786538
2018-08-10T04:00:00.0,2018-08-10T09:00:00.0,9,0.0,1,0.0,0.0,0.01,0.12886473696786538
2018-08-10T05:00:00.0,2018-08-10T10:00:00.0,10,0.0,1,0.0,0.0,0.01,0.12886473696786538
2018-08-10T06:00:00.0,2018-08-10T11:00:00.0,11,3.459889,0,0.0,0.0,0.99,0.12886473696786538
2018-08-10T07:00:00.0,2018-08-10T12:00:00.0,12,2880.681445,0,0.0,0.0,0.99,0.12886473696786538
2018-08-10T08:00:00.0,2018-08-10T13:00:00.0,13,11919.30835,0,12907.38149,20616.40351,0.0,2.579001696062088e6
2018-08-10T09:00:00.0,2018-08-10T14:00:00.0,14,17990.23216,0,19233.62754,31354.56247,0.0,1.1453705425673008e7
2018-08-10T10:00:00.0,2018-08-10T15:00:00.0,15,21426.12037,0,23571.23796,34823.5089,0.0,7.541192297853351e6
2018-08-10T11:00:00.0,2018-08-10T16:00:00.0,16,23677.06336,0,26744.75693,37785.06291,0.0,9.482466377253532e6
2018-08-10T12:00:00.0,2018-08-10T17:00:00.0,17,26827.94816,1,24242.86957,35856.75523,0.328847432,8.82077291023171e6
2018-08-10T13:00:00.0,2018-08-10T18:00:00.0,18,27720.39739,1,21448.57987,32310.16926,0.523843098,1.0258157062404871e7
2018-08-10T14:00:00.0,2018-08-10T19:00:00.0,19,24997.52636,1,21630.40939,35091.03099,0.325402947,1.5691477152810812e7
2018-08-10T15:00:00.0,2018-08-10T20:00:00.0,20,20487.71869,1,19591.75386,33131.73869,0.140502069,1.7036785405236006e7
2018-08-10T16:00:00.0,2018-08-10T21:00:00.0,21,18891.87536,1,18307.45504,33205.7897,0.064098922,1.969276743175125e7
2018-08-10T17:00:00.0,2018-08-10T22:00:00.0,22,16504.18682,1,13251.56749,25888.33865,0.389469385,1.4795673651693583e7
2018-08-10T18:00:00.0,2018-08-10T23:00:00.0,23,12711.58402,1,8142.704907,17124.36661,0.383112538,6.816590509955317e6
2018-08-10T19:00:00.0,2018-08-11T00:00:00.0,0,4907.224945,1,3844.182042,9809.30501,0.097619126,2.5744689706891477e6
2018-08-10T20:00:00.0,2018-08-11T01:00:00.0,1,282.3010506,1,51.32533486,1381.057147,0.07689933,146639.87367879518
2018-08-10T21:00:00.0,2018-08-11T02:00:00.0,2,0.0,1,0.0,0.0,0.01,0.12886473696786538
2018-08-10T22:00:00.0,2018-08-11T03:00:00.0,3,0.0,1,0.0,0.0,0.01,0.12886473696786538
2018-08-10T23:00:00.0,2018-08-11T04:00:00.0,4,0.0,1,0.0,0.0,0.01,0.12886473696786538
2018-08-11T00:00:00.0,2018-08-11T05:00:00.0,5,0.0,1,0.0,0.0,0.01,0.12886473696786538
2018-08-11T01:00:00.0,2018-08-11T06:00:00.0,6,0.0,1,0.0,0.0,0.01,0.12886473696786538
2018-08-11T02:00:00.0,2018-08-11T07:00:00.0,7,0.0,1,0.0,0.0,0.01,0.12886473696786538
2018-08-11T03:00:00.0,2018-08-11T08:00:00.0,8,0.0,1,0.0,0.0,0.01,0.12886473696786538
2018-08-11T04:00:00.0,2018-08-11T09:00:00.0,9,0.0,1,0.0,0.0,0.01,0.12886473696786538
2018-08-11T05:00:00.0,2018-08-11T10:00:00.0,10,0.0,1,0.0,0.0,0.01,0.12886473696786538
2018-08-11T06:00:00.0,2018-08-11T11:00:00.0,11,0.770057083,0,0.0,0.0,0.99,0.12886473696786538
2018-08-11T07:00:00.0,2018-08-11T12:00:00.0,12,966.3058582,0,0.0,0.0,0.99,0.12886473696786538
2018-08-11T08:00:00.0,2018-08-11T13:00:00.0,13,5687.005373,0,6039.401269,11940.07417,0.0,2.8685735456218347e6
2018-08-11T09:00:00.0,2018-08-11T14:00:00.0,14,10353.99534,0,12231.02739,25923.7696,0.0,1.1887034238309562e7
2018-08-11T10:00:00.0,2018-08-11T15:00:00.0,15,15612.81216,1,11406.20714,29246.80885,0.292886148,3.0147700538593948e7
2018-08-11T11:00:00.0,2018-08-11T16:00:00.0,16,19199.93265,1,15738.0895,31550.82719,0.311601127,1.8872015312651277e7
2018-08-11T12:00:00.0,2018-08-11T17:00:00.0,17,21174.85092,1,16802.42834,34753.60132,0.343369527,3.1810744155788183e7
2018-08-11T13:00:00.0,2018-08-11T18:00:00.0,18,22745.19127,1,17046.33094,28031.50022,0.540474112,1.1291736649992228e7
2018-08-11T14:00:00.0,2018-08-11T19:00:00.0,19,22784.8898,1,17504.17197,29062.05786,0.435826023,9.828767352896094e6
2018-08-11T15:00:00.0,2018-08-11T20:00:00.0,20,22800.15397,1,14223.01773,27428.18264,0.633121724,1.5870703262449443e7
2018-08-11T16:00:00.0,2018-08-11T21:00:00.0,21,20688.63714,1,13678.00288,25003.00211,0.664577676,9.80197195533055e6
2018-08-11T17:00:00.0,2018-08-11T22:00:00.0,22,16320.93841,1,10519.34179,22822.57319,0.406724452,1.1916687971974432e7
2018-08-11T18:00:00.0,2018-08-11T23:00:00.0,23,9299.440234,1,6574.008733,15982.15264,0.215096961,7.454805922466129e6
2018-08-11T19:00:00.0,2018-08-12T00:00:00.0,0,3539.707731,1,2471.385255,7938.338701,0.079975346,2.2509910650233775e6
2018-08-11T20:00:00.0,2018-08-12T01:00:00.0,1,253.6563887,1,11.58806079,1245.217468,0.084380715,114750.827598918
2018-08-11T21:00:00.0,2018-08-12T02:00:00.0,2,0.0,1,0.0,0.0,0.01,0.12886473696786538
2018-08-11T22:00:00.0,2018-08-12T03:00:00.0,3,0.0,1,0.0,0.0,0.01,0.12886473696786538
2018-08-11T23:00:00.0,2018-08-12T04:00:00.0,4,0.0,1,0.0,0.0,0.01,0.12886473696786538
2018-08-12T00:00:00.0,2018-08-12T05:00:00.0,5,0.0,1,0.0,0.0,0.01,0.12886473696786538
2018-08-12T01:00:00.0,2018-08-12T06:00:00.0,6,0.0,1,0.0,0.0,0.01,0.12886473696786538
2018-08-12T02:00:00.0,2018-08-12T07:00:00.0,7,0.0,1,0.0,0.0,0.01,0.12886473696786538
2018-08-12T03:00:00.0,2018-08-12T08:00:00.0,8,0.0,1,0.0,0.0,0.01,0.12886473696786538
2018-08-12T04:00:00.0,2018-08-12T09:00:00.0,9,0.0,1,0.0,0.0,0.01,0.12886473696786538
2018-08-12T05:00:00.0,2018-08-12T10:00:00.0,10,0.0,1,0.0,0.0,0.01,0.12886473696786538
2018-08-12T06:00:00.0,2018-08-12T11:00:00.0,11,0.25004375,0,0.0,0.0,0.99,0.12886473696786538
2018-08-12T07:00:00.0,2018-08-12T12:00:00.0,12,1329.814863,0,0.0,0.0,0.99,0.12886473696786538
2018-08-12T08:00:00.0,2018-08-12T13:00:00.0,13,7235.983556,1,5323.87859,15154.29674,0.318387256,7.423479868889108e6
2018-08-12T09:00:00.0,2018-08-12T14:00:00.0,14,13023.98948,1,10794.98646,27148.53947,0.266713193,2.2208271430712283e7
2018-08-12T10:00:00.0,2018-08-12T15:00:00.0,15,17602.55156,1,13887.8354,27153.12669,0.36978685,1.309445044435972e7
2018-08-12T11:00:00.0,2018-08-12T16:00:00.0,16,21173.61644,1,14475.57442,31149.41047,0.565652586,2.2759903244182527e7
2018-08-12T12:00:00.0,2018-08-12T17:00:00.0,17,21242.20817,1,19582.00348,35408.87555,0.162877848,2.4089495416945934e7
2018-08-12T13:00:00.0,2018-08-12T18:00:00.0,18,22173.57413,1,14446.44671,31154.72448,0.55567841,2.4897335843126416e7
2018-08-12T14:00:00.0,2018-08-12T19:00:00.0,19,22958.61791,1,16890.84645,29682.37026,0.423487037,1.4064156265379906e7
2018-08-12T15:00:00.0,2018-08-12T20:00:00.0,20,21911.97057,1,12955.38252,32476.34899,0.479964655,3.1609805419154704e7
2018-08-12T16:00:00.0,2018-08-12T21:00:00.0,21,20669.50829,1,16777.49217,28499.8976,0.370013228,1.0740914408678532e7
2018-08-12T17:00:00.0,2018-08-12T22:00:00.0,22,19044.56816,1,11252.29935,28131.97722,0.366591979,2.281553534377581e7
2018-08-12T18:00:00.0,2018-08-12T23:00:00.0,23,13436.24805,1,8112.023846,17245.26605,0.491933596,8.317322802092671e6
2018-08-12T19:00:00.0,2018-08-13T00:00:00.0,0,5581.07213,1,3854.21941,11068.43392,0.163934632,4.659856907933854e6
2018-08-12T20:00:00.0,2018-08-13T01:00:00.0,1,457.7786,1,22.20183531,1707.20752,0.099731502,220714.3516377015
2018-08-12T21:00:00.0,2018-08-13T02:00:00.0,2,0.0,1,0.0,0.0,0.01,0.12886473696786538
2018-08-12T22:00:00.0,2018-08-13T03:00:00.0,3,0.0,1,0.0,0.0,0.01,0.12886473696786538
2018-08-12T23:00:00.0,2018-08-13T04:00:00.0,4,0.0,1,0.0,0.0,0.01,0.12886473696786538
2018-08-13T00:00:00.0,2018-08-13T05:00:00.0,5,0.0,1,0.0,0.0,0.01,0.12886473696786538
2018-08-13T01:00:00.0,2018-08-13T06:00:00.0,6,0.0,1,0.0,0.0,0.01,0.12886473696786538
2018-08-13T02:00:00.0,2018-08-13T07:00:00.0,7,0.0,1,0.0,0.0,0.01,0.12886473696786538
2018-08-13T03:00:00.0,2018-08-13T08:00:00.0,8,0.0,1,0.0,0.0,0.01,0.12886473696786538
2018-08-13T04:00:00.0,2018-08-13T09:00:00.0,9,0.0,1,0.0,0.0,0.01,0.12886473696786538
2018-08-13T05:00:00.0,2018-08-13T10:00:00.0,10,0.0,1,0.0,0.0,0.01,0.12886473696786538
2018-08-13T06:00:00.0,2018-08-13T11:00:00.0,11,0.136508333,0,0.0,0.0,0.99,0.12886473696786538
2018-08-13T07:00:00.0,2018-08-13T12:00:00.0,12,1645.209567,0,0.0,0.0,0.99,0.12886473696786538
2018-08-13T08:00:00.0,2018-08-13T13:00:00.0,13,9178.820015,1,7159.819644,17422.92452,0.39709119,6.821052712590605e6
2018-08-13T09:00:00.0,2018-08-13T14:00:00.0,14,17059.13864,1,13255.70908,33125.57934,0.273559801,2.8592031599767983e7
2018-08-13T10:00:00.0,2018-08-13T15:00:00.0,15,20938.76017,1,19349.30241,32465.76286,0.220430142,1.4157665494376898e7
2018-08-13T11:00:00.0,2018-08-13T16:00:00.0,16,26226.21349,1,18899.5349,37247.92443,0.512071045,2.786855794077909e7
2018-08-13T12:00:00.0,2018-08-13T17:00:00.0,17,28812.83067,1,22832.05048,33565.53392,0.516372174,9.372601278243423e6
2018-08-13T13:00:00.0,2018-08-13T18:00:00.0,18,30115.99737,1,25047.58495,36354.98579,0.436545222,9.922495917733312e6
2018-08-13T14:00:00.0,2018-08-13T19:00:00.0,19,30598.11531,1,23768.12583,33650.61334,0.64023335,7.801384059415221e6
2018-08-13T15:00:00.0,2018-08-13T20:00:00.0,20,30153.83087,1,23326.31775,39079.13683,0.492993527,1.9334566034739256e7
2018-08-13T16:00:00.0,2018-08-13T21:00:00.0,21,28908.83052,1,23408.28605,37485.52543,0.421256878,1.5569405293576002e7
2018-08-13T17:00:00.0,2018-08-13T22:00:00.0,22,27056.70992,1,21002.22828,35072.05479,0.399736972,2.083198627836001e7
2018-08-13T18:00:00.0,2018-08-13T23:00:00.0,23,21242.08541,1,14717.3702,27089.8917,0.440942859,1.3155310229011357e7
2018-08-13T19:00:00.0,2018-08-14T00:00:00.0,0,9180.088107,1,7935.750301,14563.96663,0.038108769,2.76175826062274e6
2018-08-13T20:00:00.0,2018-08-14T01:00:00.0,1,842.3711438,1,392.4840861,3491.826858,0.065716807,697082.8886539573
2018-08-13T21:00:00.0,2018-08-14T02:00:00.0,2,0.0,1,0.0,0.0,0.01,0.12886473696786538
2018-08-13T22:00:00.0,2018-08-14T03:00:00.0,3,0.0,1,0.0,0.0,0.01,0.12886473696786538
2018-08-13T23:00:00.0,2018-08-14T04:00:00.0,4,0.0,1,0.0,0.0,0.01,0.12886473696786538
2018-08-14T00:00:00.0,2018-08-14T05:00:00.0,5,0.0,1,0.0,0.0,0.01,0.12886473696786538
2018-08-14T01:00:00.0,2018-08-14T06:00:00.0,6,0.0,1,0.0,0.0,0.01,0.12886473696786538
2018-08-14T02:00:00.0,2018-08-14T07:00:00.0,7,0.0,1,0.0,0.0,0.01,0.12886473696786538
2018-08-14T03:00:00.0,2018-08-14T08:00:00.0,8,0.0,1,0.0,0.0,0.01,0.12886473696786538
2018-08-14T04:00:00.0,2018-08-14T09:00:00.0,9,0.0,1,0.0,0.0,0.01,0.12886473696786538
2018-08-14T05:00:00.0,2018-08-14T10:00:00.0,10,0.0,1,0.0,0.0,0.01,0.12886473696786538
2018-08-14T06:00:00.0,2018-08-14T11:00:00.0,11,0.078175,0,0.0,0.0,0.99,0.12886473696786538
2018-08-14T07:00:00.0,2018-08-14T12:00:00.0,12,2955.011427,0,0.0,0.0,0.99,0.12886473696786538
2018-08-14T08:00:00.0,2018-08-14T13:00:00.0,13,15759.46822,1,13361.79971,19169.1107,0.758413157,1.928879139802426e6
2018-08-14T09:00:00.0,2018-08-14T14:00:00.0,14,26971.56486,1,24847.09561,33807.37119,0.426232591,5.077998627833843e6
2018-08-14T10:00:00.0,2018-08-14T15:00:00.0,15,31850.08576,1,23338.41593,35387.53165,0.756208842,1.1733528364115834e7
2018-08-14T11:00:00.0,2018-08-14T16:00:00.0,16,33819.75867,1,23502.88545,37076.18427,0.636594785,1.7718291583898306e7
2018-08-14T12:00:00.0,2018-08-14T17:00:00.0,17,34671.26145,1,24996.9799,41185.7584,0.603017068,2.175547339735198e7
2018-08-14T13:00:00.0,2018-08-14T18:00:00.0,18,34496.2166,1,28024.7503,42687.12143,0.505660226,1.964197961551714e7
2018-08-14T14:00:00.0,2018-08-14T19:00:00.0,19,34567.40043,1,29499.78605,43793.94072,0.321960438,1.4987148744752645e7
2018-08-14T15:00:00.0,2018-08-14T20:00:00.0,20,34390.15594,1,26043.1993,40588.62424,0.566703745,1.7873723442808628e7
2018-08-14T16:00:00.0,2018-08-14T21:00:00.0,21,33576.52933,1,29752.83453,38159.26052,0.385309268,5.890353613485575e6
2018-08-14T17:00:00.0,2018-08-14T22:00:00.0,22,32197.27423,1,27043.56452,41342.97071,0.315794194,1.6671742641381025e7
2018-08-14T18:00:00.0,2018-08-14T23:00:00.0,23,26073.58907,1,16637.01531,34218.2976,0.386117728,2.3027731126397133e7
2018-08-14T19:00:00.0,2018-08-15T00:00:00.0,0,11569.48319,1,8096.284587,21968.49772,0.180108358,1.762089390425253e7
2018-08-14T20:00:00.0,2018-08-15T01:00:00.0,1,845.9922353,1,12.04889518,3655.775854,0.135502064,988203.8744021785
2018-08-14T21:00:00.0,2018-08-15T02:00:00.0,2,0.0,1,0.0,0.0,0.01,0.12886473696786538
2018-08-14T22:00:00.0,2018-08-15T03:00:00.0,3,0.0,1,0.0,0.0,0.01,0.12886473696786538
2018-08-14T23:00:00.0,2018-08-15T04:00:00.0,4,0.0,1,0.0,0.0,0.01,0.12886473696786538
2018-08-15T00:00:00.0,2018-08-15T05:00:00.0,5,0.0,1,0.0,0.0,0.01,0.12886473696786538
2018-08-15T01:00:00.0,2018-08-15T06:00:00.0,6,0.0,1,0.0,0.0,0.01,0.12886473696786538
2018-08-15T02:00:00.0,2018-08-15T07:00:00.0,7,0.0,1,0.0,0.0,0.01,0.12886473696786538
2018-08-15T03:00:00.0,2018-08-15T08:00:00.0,8,0.0,1,0.0,0.0,0.01,0.12886473696786538
2018-08-15T04:00:00.0,2018-08-15T09:00:00.0,9,0.0,1,0.0,0.0,0.01,0.12886473696786538
2018-08-15T05:00:00.0,2018-08-15T10:00:00.0,10,0.0,1,0.0,0.0,0.01,0.12886473696786538
2018-08-15T06:00:00.0,2018-08-15T11:00:00.0,11,0.437460417,0,0.0,0.0,0.99,0.12886473696786538
2018-08-15T07:00:00.0,2018-08-15T12:00:00.0,12,4167.693876,0,0.0,0.0,0.99,0.12886473696786538
2018-08-15T08:00:00.0,2018-08-15T13:00:00.0,13,19851.25779,1,17810.55996,22392.37981,0.722437849,1.4461362965660691e6
2018-08-15T09:00:00.0,2018-08-15T14:00:00.0,14,31924.8482,1,27232.70232,39831.54784,0.452084576,1.2373440409594536e7
2018-08-15T10:00:00.0,2018-08-15T15:00:00.0,15,35781.85326,1,31534.46418,39849.33117,0.574551468,5.430680187055588e6
2018-08-15T11:00:00.0,2018-08-15T16:00:00.0,16,36707.36939,1,29368.13519,42492.04197,0.538777706,1.4999882132708788e7
2018-08-15T12:00:00.0,2018-08-15T17:00:00.0,17,33438.9204,1,30382.93923,43013.82982,0.437512119,1.3408144573033333e7
2018-08-15T13:00:00.0,2018-08-15T18:00:00.0,18,37752.56709,1,27337.1527,38422.40521,0.904520266,9.261559945048332e6
2018-08-15T14:00:00.0,2018-08-15T19:00:00.0,19,37609.22335,1,32771.4549,40726.28598,0.611496276,4.50628987602663e6
2018-08-15T15:00:00.0,2018-08-15T20:00:00.0,20,37242.99608,1,29743.8583,44540.46069,0.556828761,1.9443586754968643e7
2018-08-15T16:00:00.0,2018-08-15T21:00:00.0,21,36746.45435,1,30123.92734,42417.61103,0.546877436,1.3055404340021133e7
2018-08-15T17:00:00.0,2018-08-15T22:00:00.0,22,34473.16976,1,23225.4033,41597.11615,0.504865534,3.391900630677986e7
2018-08-15T18:00:00.0,2018-08-15T23:00:00.0,23,27796.66016,1,17618.6686,35419.2844,0.453434666,2.616170972799146e7
2018-08-15T19:00:00.0,2018-08-16T00:00:00.0,0,11396.73265,1,8739.714649,20025.53546,0.086905137,9.438394795503974e6
2018-08-15T20:00:00.0,2018-08-16T01:00:00.0,1,729.9940102,1,55.97194488,3960.191216,0.121400397,1.2502472306009615e6
2018-08-15T21:00:00.0,2018-08-16T02:00:00.0,2,0.0,1,0.0,0.0,0.01,0.12886473696786538
2018-08-15T22:00:00.0,2018-08-16T03:00:00.0,3,0.0,1,0.0,0.0,0.01,0.12886473696786538
2018-08-15T23:00:00.0,2018-08-16T04:00:00.0,4,0.0,1,0.0,0.0,0.01,0.12886473696786538
2018-08-16T00:00:00.0,2018-08-16T05:00:00.0,5,0.0,1,0.0,0.0,0.01,0.12886473696786538
2018-08-16T01:00:00.0,2018-08-16T06:00:00.0,6,0.0,1,0.0,0.0,0.01,0.12886473696786538
2018-08-16T02:00:00.0,2018-08-16T07:00:00.0,7,0.0,1,0.0,0.0,0.01,0.12886473696786538
2018-08-16T03:00:00.0,2018-08-16T08:00:00.0,8,0.0,1,0.0,0.0,0.01,0.12886473696786538
2018-08-16T04:00:00.0,2018-08-16T09:00:00.0,9,0.0,1,0.0,0.0,0.01,0.12886473696786538
2018-08-16T05:00:00.0,2018-08-16T10:00:00.0,10,0.0,1,0.0,0.0,0.01,0.12886473696786538
2018-08-16T06:00:00.0,2018-08-16T11:00:00.0,11,1.1894225,0,0.0,0.0,0.99,0.12886473696786538
2018-08-16T07:00:00.0,2018-08-16T12:00:00.0,12,3988.32141,0,0.0,0.0,0.99,0.12886473696786538
2018-08-16T08:00:00.0,2018-08-16T13:00:00.0,13,18685.19221,1,17037.93237,24539.11179,0.522970825,3.4821963052705526e6
2018-08-16T09:00:00.0,2018-08-16T14:00:00.0,14,29717.92344,0,32309.81959,34588.83045,0.0,196251.64828419685
2018-08-16T10:00:00.0,2018-08-16T15:00:00.0,15,34398.45053,1,29026.43755,39246.19359,0.598932826,9.445158611230135e6
2018-08-16T11:00:00.0,2018-08-16T16:00:00.0,16,36899.2424,1,33525.86314,39913.88647,0.576241237,3.113248571758747e6
2018-08-16T12:00:00.0,2018-08-16T17:00:00.0,17,36911.67389,1,32654.66869,40103.33879,0.488547382,5.02065467006135e6
2018-08-16T13:00:00.0,2018-08-16T18:00:00.0,18,36590.76877,1,33039.27377,42229.72186,0.411380112,7.383029485719919e6
2018-08-16T14:00:00.0,2018-08-16T19:00:00.0,19,37045.54419,1,28190.58745,38179.9525,0.779220511,9.944043769067764e6
2018-08-16T15:00:00.0,2018-08-16T20:00:00.0,20,36379.58648,1,30565.34369,42290.70943,0.461343037,1.2066597549127102e7
2018-08-16T16:00:00.0,2018-08-16T21:00:00.0,21,35064.83913,1,27486.94952,37349.22823,0.65086845,8.391558685455322e6
2018-08-16T17:00:00.0,2018-08-16T22:00:00.0,22,32075.84338,1,22182.26141,35894.59943,0.560079084,1.5450702378212094e7
2018-08-16T18:00:00.0,2018-08-16T23:00:00.0,23,23996.21739,1,15291.02257,29559.10684,0.419937196,1.7068111527147174e7
2018-08-16T19:00:00.0,2018-08-17T00:00:00.0,0,10014.84824,1,6332.903846,19647.6102,0.156817862,1.315714942260918e7
2018-08-16T20:00:00.0,2018-08-17T01:00:00.0,1,550.5819014,1,26.86332267,2700.361159,0.102480065,582463.1283250451
2018-08-16T21:00:00.0,2018-08-17T02:00:00.0,2,0.0,1,0.0,0.0,0.01,0.12886473696786538
2018-08-16T22:00:00.0,2018-08-17T03:00:00.0,3,0.0,1,0.0,0.0,0.01,0.12886473696786538
2018-08-16T23:00:00.0,2018-08-17T04:00:00.0,4,0.0,1,0.0,0.0,0.01,0.12886473696786538
2018-08-17T00:00:00.0,2018-08-17T05:00:00.0,5,0.0,1,0.0,0.0,0.01,0.12886473696786538
2018-08-17T01:00:00.0,2018-08-17T06:00:00.0,6,0.0,1,0.0,0.0,0.01,0.12886473696786538
2018-08-17T02:00:00.0,2018-08-17T07:00:00.0,7,0.0,1,0.0,0.0,0.01,0.12886473696786538
2018-08-17T03:00:00.0,2018-08-17T08:00:00.0,8,0.0,1,0.0,0.0,0.01,0.12886473696786538
2018-08-17T04:00:00.0,2018-08-17T09:00:00.0,9,0.0,1,0.0,0.0,0.01,0.12886473696786538
2018-08-17T05:00:00.0,2018-08-17T10:00:00.0,10,0.0,1,0.0,0.0,0.01,0.12886473696786538
2018-08-17T06:00:00.0,2018-08-17T11:00:00.0,11,0.700278333,0,0.0,0.0,0.99,0.12886473696786538
2018-08-17T07:00:00.0,2018-08-17T12:00:00.0,12,4202.390933,0,0.0,0.0,0.99,0.12886473696786538
2018-08-17T08:00:00.0,2018-08-17T13:00:00.0,13,20619.73416,1,17344.00623,20886.27883,0.979296451,762414.5966499448
2018-08-17T09:00:00.0,2018-08-17T14:00:00.0,14,32892.5063,1,25314.09486,36656.03791,0.703790842,9.705934498657942e6
2018-08-17T10:00:00.0,2018-08-17T15:00:00.0,15,36565.77403,1,29030.1467,38592.02438,0.739976702,7.91611883398962e6
2018-08-17T11:00:00.0,2018-08-17T16:00:00.0,16,37262.76029,1,31158.36186,45755.78953,0.369308549,1.853449971175933e7
2018-08-17T12:00:00.0,2018-08-17T17:00:00.0,17,37185.24091,1,30660.8077,39113.68259,0.645489422,6.189642130163193e6
2018-08-17T13:00:00.0,2018-08-17T18:00:00.0,18,36741.42957,1,27086.51008,41805.28715,0.599923817,1.8086336514563322e7
2018-08-17T14:00:00.0,2018-08-17T19:00:00.0,19,36865.90748,1,30407.67208,43577.09859,0.438826919,1.545064610170722e7
2018-08-17T15:00:00.0,2018-08-17T20:00:00.0,20,36534.65797,1,26965.99279,41322.18668,0.625699102,1.6239584358535051e7
2018-08-17T16:00:00.0,2018-08-17T21:00:00.0,21,35478.87653,1,26249.8128,38805.04395,0.671115849,1.4369351078258514e7
2018-08-17T17:00:00.0,2018-08-17T22:00:00.0,22,32434.22294,1,21825.66582,37057.82786,0.516445325,1.5383844637249589e7
2018-08-17T18:00:00.0,2018-08-17T23:00:00.0,23,24673.21347,1,15794.95624,30148.22916,0.511035142,1.2488185164955854e7
2018-08-17T19:00:00.0,2018-08-18T00:00:00.0,0,9368.196605,1,5682.488278,16998.45391,0.225911183,1.0006300259922087e7
2018-08-17T20:00:00.0,2018-08-18T01:00:00.0,1,476.2466133,1,7.854014722,2185.338684,0.0819605,383488.3135057939
2018-08-17T21:00:00.0,2018-08-18T02:00:00.0,2,0.0,1,0.0,0.0,0.01,0.12886473696786538
2018-08-17T22:00:00.0,2018-08-18T03:00:00.0,3,0.0,1,0.0,0.0,0.01,0.12886473696786538
2018-08-17T23:00:00.0,2018-08-18T04:00:00.0,4,0.0,1,0.0,0.0,0.01,0.12886473696786538
2018-08-18T00:00:00.0,2018-08-18T05:00:00.0,5,0.0,1,0.0,0.0,0.01,0.12886473696786538
2018-08-18T01:00:00.0,2018-08-18T06:00:00.0,6,0.0,1,0.0,0.0,0.01,0.12886473696786538
2018-08-18T02:00:00.0,2018-08-18T07:00:00.0,7,0.0,1,0.0,0.0,0.01,0.12886473696786538
2018-08-18T03:00:00.0,2018-08-18T08:00:00.0,8,0.0,1,0.0,0.0,0.01,0.12886473696786538
2018-08-18T04:00:00.0,2018-08-18T09:00:00.0,9,0.0,1,0.0,0.0,0.01,0.12886473696786538
2018-08-18T05:00:00.0,2018-08-18T10:00:00.0,10,0.0,1,0.0,0.0,0.01,0.12886473696786538
2018-08-18T06:00:00.0,2018-08-18T11:00:00.0,11,1.082306667,0,0.0,0.0,0.99,0.12886473696786538
2018-08-18T07:00:00.0,2018-08-18T12:00:00.0,12,3699.332746,0,0.0,0.0,0.99,0.12886473696786538
2018-08-18T08:00:00.0,2018-08-18T13:00:00.0,13,19040.02761,1,12556.41713,21150.83767,0.906443015,5.171651285408258e6
2018-08-18T09:00:00.0,2018-08-18T14:00:00.0,14,30253.78287,1,23471.16911,35822.53936,0.6633665,1.3552287747549653e7
2018-08-18T10:00:00.0,2018-08-18T15:00:00.0,15,34091.41557,1,27939.25299,41341.43448,0.508277599,1.7661158553502798e7
2018-08-18T11:00:00.0,2018-08-18T16:00:00.0,16,35317.22291,1,30173.32302,41069.63137,0.422981558,9.918202638275862e6
2018-08-18T12:00:00.0,2018-08-18T17:00:00.0,17,35300.6783,1,29850.80798,42443.67769,0.460950358,1.5735846061524391e7
2018-08-18T13:00:00.0,2018-08-18T18:00:00.0,18,35148.34396,1,27107.87576,41606.28679,0.525783414,1.6997409239670277e7
2018-08-18T14:00:00.0,2018-08-18T19:00:00.0,19,35441.54825,1,31811.07173,43313.66857,0.37521815,9.84756136921978e6
2018-08-18T15:00:00.0,2018-08-18T20:00:00.0,20,34455.78628,1,30109.78416,39712.32356,0.420598241,7.432687662629604e6
2018-08-18T16:00:00.0,2018-08-18T21:00:00.0,21,32699.58346,1,21013.06811,38412.00682,0.600920036,2.3794837685019493e7
2018-08-18T17:00:00.0,2018-08-18T22:00:00.0,22,29105.72737,1,19342.44525,38702.23448,0.426444836,2.868809155729258e7
2018-08-18T18:00:00.0,2018-08-18T23:00:00.0,23,21644.07219,1,12326.80569,28547.52594,0.43830034,1.873095814316237e7
2018-08-18T19:00:00.0,2018-08-19T00:00:00.0,0,7393.513873,1,4330.842248,14361.33464,0.138291107,7.263265145618573e6
2018-08-18T20:00:00.0,2018-08-19T01:00:00.0,1,301.8196309,1,44.65137223,1686.535195,0.104702695,224660.68991211115
2018-08-18T21:00:00.0,2018-08-19T02:00:00.0,2,0.0,1,0.0,0.0,0.01,0.12886473696786538
2018-08-18T22:00:00.0,2018-08-19T03:00:00.0,3,0.0,1,0.0,0.0,0.01,0.12886473696786538
2018-08-18T23:00:00.0,2018-08-19T04:00:00.0,4,0.0,1,0.0,0.0,0.01,0.12886473696786538
2018-08-19T00:00:00.0,2018-08-19T05:00:00.0,5,0.0,1,0.0,0.0,0.01,0.12886473696786538
2018-08-19T01:00:00.0,2018-08-19T06:00:00.0,6,0.0,1,0.0,0.0,0.01,0.12886473696786538
2018-08-19T02:00:00.0,2018-08-19T07:00:00.0,7,0.0,1,0.0,0.0,0.01,0.12886473696786538
2018-08-19T03:00:00.0,2018-08-19T08:00:00.0,8,0.0,1,0.0,0.0,0.01,0.12886473696786538
2018-08-19T04:00:00.0,2018-08-19T09:00:00.0,9,0.0,1,0.0,0.0,0.01,0.12886473696786538
2018-08-19T05:00:00.0,2018-08-19T10:00:00.0,10,0.0,1,0.0,0.0,0.01,0.12886473696786538
2018-08-19T06:00:00.0,2018-08-19T11:00:00.0,11,0.4415,0,0.0,0.0,0.99,0.12886473696786538
2018-08-19T07:00:00.0,2018-08-19T12:00:00.0,12,2560.266619,0,0.0,0.0,0.99,0.12886473696786538
2018-08-19T08:00:00.0,2018-08-19T13:00:00.0,13,14572.11489,1,11688.24388,21504.59295,0.51438674,6.4515606733468175e6
2018-08-19T09:00:00.0,2018-08-19T14:00:00.0,14,25108.93378,1,19595.00704,36294.63999,0.358127706,2.1648702522518635e7
2018-08-19T10:00:00.0,2018-08-19T15:00:00.0,15,29786.99965,1,23735.95848,36742.68685,0.571400998,1.4236055370455503e7
2018-08-19T11:00:00.0,2018-08-19T16:00:00.0,16,32526.087,1,27739.73687,39071.20618,0.48283213,1.08397120729146e7
2018-08-19T12:00:00.0,2018-08-19T17:00:00.0,17,34358.68036,1,32834.48923,37897.45538,0.41301751,1.9188634017939568e6
2018-08-19T13:00:00.0,2018-08-19T18:00:00.0,18,35542.30714,1,32702.52357,38378.0127,0.534970962,2.869078108189583e6
2018-08-19T14:00:00.0,2018-08-19T19:00:00.0,19,35511.52649,1,26461.54358,39280.68906,0.711489968,1.4762842920616865e7
2018-08-19T15:00:00.0,2018-08-19T20:00:00.0,20,36067.69557,1,30536.43076,38036.19647,0.646644423,4.412463212251425e6
2018-08-19T16:00:00.0,2018-08-19T21:00:00.0,21,35299.68889,1,27200.39205,37303.11277,0.744912162,8.127116596878052e6
2018-08-19T17:00:00.0,2018-08-19T22:00:00.0,22,30897.2689,1,23359.496,39458.58313,0.469901351,1.9602531134755254e7
2018-08-19T18:00:00.0,2018-08-19T23:00:00.0,23,24039.78072,1,14860.59773,31106.13696,0.512326051,2.0971970182997108e7
2018-08-19T19:00:00.0,2018-08-20T00:00:00.0,0,9708.704612,1,6147.909791,17769.73519,0.057993316,8.081429620813906e6
2018-08-19T20:00:00.0,2018-08-20T01:00:00.0,1,512.0598839,1,60.63471278,2713.824084,0.044361891,596557.218466287
2018-08-19T21:00:00.0,2018-08-20T02:00:00.0,2,0.0,1,0.0,0.0,0.01,0.12886473696786538
2018-08-19T22:00:00.0,2018-08-20T03:00:00.0,3,0.0,1,0.0,0.0,0.01,0.12886473696786538
2018-08-19T23:00:00.0,2018-08-20T04:00:00.0,4,0.0,1,0.0,0.0,0.01,0.12886473696786538
2018-08-20T00:00:00.0,2018-08-20T05:00:00.0,5,0.0,1,0.0,0.0,0.01,0.12886473696786538
2018-08-20T01:00:00.0,2018-08-20T06:00:00.0,6,0.0,1,0.0,0.0,0.01,0.12886473696786538
2018-08-20T02:00:00.0,2018-08-20T07:00:00.0,7,0.0,1,0.0,0.0,0.01,0.12886473696786538
2018-08-20T03:00:00.0,2018-08-20T08:00:00.0,8,0.0,1,0.0,0.0,0.01,0.12886473696786538
2018-08-20T04:00:00.0,2018-08-20T09:00:00.0,9,0.0,1,0.0,0.0,0.01,0.12886473696786538
2018-08-20T05:00:00.0,2018-08-20T10:00:00.0,10,0.0,1,0.0,0.0,0.01,0.12886473696786538
2018-08-20T06:00:00.0,2018-08-20T11:00:00.0,11,0.133508333,0,0.0,0.0,0.99,0.12886473696786538
2018-08-20T07:00:00.0,2018-08-20T12:00:00.0,12,2688.462403,0,0.0,0.0,0.99,0.12886473696786538
2018-08-20T08:00:00.0,2018-08-20T13:00:00.0,13,12519.88074,0,15509.4484,19673.42422,0.0,840056.9695171714
2018-08-20T09:00:00.0,2018-08-20T14:00:00.0,14,22096.39689,0,26646.94362,37028.5701,0.0,6.112356442789197e6
2018-08-20T10:00:00.0,2018-08-20T15:00:00.0,15,28411.53573,1,26029.0251,41584.18334,0.285561171,1.945429895084536e7
2018-08-20T11:00:00.0,2018-08-20T16:00:00.0,16,32880.39267,1,30804.95548,40406.19955,0.444853589,7.861761725804329e6
2018-08-20T12:00:00.0,2018-08-20T17:00:00.0,17,35598.15359,1,27021.6687,39223.56509,0.582960807,1.3063562633420467e7
2018-08-20T13:00:00.0,2018-08-20T18:00:00.0,18,36165.68784,1,32067.10244,41132.38483,0.462474487,7.095109893019676e6
2018-08-20T14:00:00.0,2018-08-20T19:00:00.0,19,35931.56353,1,28119.27453,43806.60168,0.504849273,2.1666612420817137e7
2018-08-20T15:00:00.0,2018-08-20T20:00:00.0,20,35946.18494,1,30356.8646,43773.6857,0.436741099,1.79691522757957e7
2018-08-20T16:00:00.0,2018-08-20T21:00:00.0,21,35326.46634,1,30384.71825,37394.01261,0.625683662,3.8654589774644375e6
2018-08-20T17:00:00.0,2018-08-20T22:00:00.0,22,32231.72593,1,22800.45254,41551.64674,0.411519251,3.2945303027775288e7
2018-08-20T18:00:00.0,2018-08-20T23:00:00.0,23,24038.07463,1,18439.67457,31191.21391,0.278999452,1.51392748525033e7
2018-08-20T19:00:00.0,2018-08-21T00:00:00.0,0,9120.00809,1,6917.339434,17512.05861,0.142520235,1.040592933352083e7
2018-08-20T20:00:00.0,2018-08-21T01:00:00.0,1,422.1547355,1,65.44068067,2668.700654,0.088862899,582147.4579037307
2018-08-20T21:00:00.0,2018-08-21T02:00:00.0,2,0.0,1,0.0,0.0,0.01,0.12886473696786538
2018-08-20T22:00:00.0,2018-08-21T03:00:00.0,3,0.0,1,0.0,0.0,0.01,0.12886473696786538
2018-08-20T23:00:00.0,2018-08-21T04:00:00.0,4,0.0,1,0.0,0.0,0.01,0.12886473696786538
2018-08-21T00:00:00.0,2018-08-21T05:00:00.0,5,0.0,1,0.0,0.0,0.01,0.12886473696786538
2018-08-21T01:00:00.0,2018-08-21T06:00:00.0,6,0.0,1,0.0,0.0,0.01,0.12886473696786538
2018-08-21T02:00:00.0,2018-08-21T07:00:00.0,7,0.0,1,0.0,0.0,0.01,0.12886473696786538
2018-08-21T03:00:00.0,2018-08-21T08:00:00.0,8,0.0,1,0.0,0.0,0.01,0.12886473696786538
2018-08-21T04:00:00.0,2018-08-21T09:00:00.0,9,0.0,1,0.0,0.0,0.01,0.12886473696786538
2018-08-21T05:00:00.0,2018-08-21T10:00:00.0,10,0.0,1,0.0,0.0,0.01,0.12886473696786538
2018-08-21T06:00:00.0,2018-08-21T11:00:00.0,11,0.127533333,0,0.0,0.0,0.99,0.12886473696786538
2018-08-21T07:00:00.0,2018-08-21T12:00:00.0,12,3937.6995,0,0.0,0.0,0.99,0.12886473696786538
2018-08-21T08:00:00.0,2018-08-21T13:00:00.0,13,19945.98637,1,15496.94864,24381.93437,0.770353116,5.416975988756061e6
2018-08-21T09:00:00.0,2018-08-21T14:00:00.0,14,32548.04325,1,23212.50311,37110.36645,0.802848675,1.4707649955299973e7
2018-08-21T10:00:00.0,2018-08-21T15:00:00.0,15,37218.70845,1,26706.23765,38746.16836,0.864136354,1.095923337419033e7
2018-08-21T11:00:00.0,2018-08-21T16:00:00.0,16,38245.34977,1,28237.54608,42251.64335,0.606831267,1.7155648778862e7
2018-08-21T12:00:00.0,2018-08-21T17:00:00.0,17,38180.8135,1,27290.69783,41956.15315,0.641875124,1.8565800445240736e7
2018-08-21T13:00:00.0,2018-08-21T18:00:00.0,18,37651.45771,1,29881.99519,40608.22065,0.695226624,8.64975788201785e6
2018-08-21T14:00:00.0,2018-08-21T19:00:00.0,19,37104.68291,1,34211.89572,44153.58292,0.353204149,8.704364202090263e6
2018-08-21T15:00:00.0,2018-08-21T20:00:00.0,20,36540.70043,1,29657.88699,38465.23224,0.736036603,6.114442785541058e6
2018-08-21T16:00:00.0,2018-08-21T21:00:00.0,21,35957.30712,1,25024.54333,38347.68298,0.734314826,1.3971622778924465e7
2018-08-21T17:00:00.0,2018-08-21T22:00:00.0,22,33476.05952,1,23051.91031,41940.5126,0.498481715,2.8984698246908665e7
2018-08-21T18:00:00.0,2018-08-21T23:00:00.0,23,25896.56783,1,16990.80225,36241.71035,0.45146463,3.399909064443433e7
2018-08-21T19:00:00.0,2018-08-22T00:00:00.0,0,9899.216115,1,7832.329269,18596.13094,0.098296547,9.072423681421876e6
2018-08-21T20:00:00.0,2018-08-22T01:00:00.0,1,408.5453125,1,104.3578174,2643.558372,0.097988233,574330.3438117886
2018-08-21T21:00:00.0,2018-08-22T02:00:00.0,2,0.0,1,0.0,0.0,0.01,0.12886473696786538
2018-08-21T22:00:00.0,2018-08-22T03:00:00.0,3,0.0,1,0.0,0.0,0.01,0.12886473696786538
2018-08-21T23:00:00.0,2018-08-22T04:00:00.0,4,0.0,1,0.0,0.0,0.01,0.12886473696786538
2018-08-22T00:00:00.0,2018-08-22T05:00:00.0,5,0.0,1,0.0,0.0,0.01,0.12886473696786538
2018-08-22T01:00:00.0,2018-08-22T06:00:00.0,6,0.0,1,0.0,0.0,0.01,0.12886473696786538
2018-08-22T02:00:00.0,2018-08-22T07:00:00.0,7,0.0,1,0.0,0.0,0.01,0.12886473696786538
2018-08-22T03:00:00.0,2018-08-22T08:00:00.0,8,0.0,1,0.0,0.0,0.01,0.12886473696786538
2018-08-22T04:00:00.0,2018-08-22T09:00:00.0,9,0.0,1,0.0,0.0,0.01,0.12886473696786538
2018-08-22T05:00:00.0,2018-08-22T10:00:00.0,10,0.0,1,0.0,0.0,0.01,0.12886473696786538
2018-08-22T06:00:00.0,2018-08-22T11:00:00.0,11,0.0,1,0.0,0.0,0.01,0.12886473696786538
2018-08-22T07:00:00.0,2018-08-22T12:00:00.0,12,3057.9183,0,0.0,0.0,0.99,0.12886473696786538
2018-08-22T08:00:00.0,2018-08-22T13:00:00.0,13,18294.65364,1,18144.08222,21554.0784,0.116706379,766238.5437781215
2018-08-22T09:00:00.0,2018-08-22T14:00:00.0,14,31699.02001,1,27933.11724,35454.06154,0.667770161,5.584796884191632e6
2018-08-22T10:00:00.0,2018-08-22T15:00:00.0,15,36084.54303,1,29885.8078,41647.95399,0.538183651,1.0674513766838789e7
2018-08-22T11:00:00.0,2018-08-22T16:00:00.0,16,37914.65937,1,31811.47534,41934.76631,0.524799959,6.827088176744938e6
2018-08-22T12:00:00.0,2018-08-22T17:00:00.0,17,38043.61783,1,35003.57073,45513.5664,0.331258565,8.936161726955414e6
2018-08-22T13:00:00.0,2018-08-22T18:00:00.0,18,37761.32454,1,29206.9951,43232.75767,0.640756281,1.864168087882614e7
2018-08-22T14:00:00.0,2018-08-22T19:00:00.0,19,36925.28515,1,33557.29117,43582.18783,0.277273294,7.883308233897924e6
2018-08-22T15:00:00.0,2018-08-22T20:00:00.0,20,36025.71702,1,30082.80254,38004.01405,0.622329575,4.867259769676447e6
2018-08-22T16:00:00.0,2018-08-22T21:00:00.0,21,35674.96926,1,27776.50276,42405.2453,0.525451813,1.8620788792194843e7
2018-08-22T17:00:00.0,2018-08-22T22:00:00.0,22,32940.61452,1,25517.75681,38183.02648,0.537016833,1.3047919833964586e7
2018-08-22T18:00:00.0,2018-08-22T23:00:00.0,23,26012.45361,1,17078.96194,33627.8648,0.522929845,2.4232540377945185e7
2018-08-22T19:00:00.0,2018-08-23T00:00:00.0,0,10231.80859,1,8420.033357,19328.89816,0.08300255,1.0327945836996824e7
2018-08-22T20:00:00.0,2018-08-23T01:00:00.0,1,444.779402,1,33.1107806,2764.605194,0.07001116,578028.2696158574
2018-08-22T21:00:00.0,2018-08-23T02:00:00.0,2,0.0,1,0.0,0.0,0.01,0.12886473696786538
2018-08-22T22:00:00.0,2018-08-23T03:00:00.0,3,0.0,1,0.0,0.0,0.01,0.12886473696786538
2018-08-22T23:00:00.0,2018-08-23T04:00:00.0,4,0.0,1,0.0,0.0,0.01,0.12886473696786538
2018-08-23T00:00:00.0,2018-08-23T05:00:00.0,5,0.0,1,0.0,0.0,0.01,0.12886473696786538
2018-08-23T01:00:00.0,2018-08-23T06:00:00.0,6,0.0,1,0.0,0.0,0.01,0.12886473696786538
2018-08-23T02:00:00.0,2018-08-23T07:00:00.0,7,0.0,1,0.0,0.0,0.01,0.12886473696786538
2018-08-23T03:00:00.0,2018-08-23T08:00:00.0,8,0.0,1,0.0,0.0,0.01,0.12886473696786538
2018-08-23T04:00:00.0,2018-08-23T09:00:00.0,9,0.0,1,0.0,0.0,0.01,0.12886473696786538
2018-08-23T05:00:00.0,2018-08-23T10:00:00.0,10,0.0,1,0.0,0.0,0.01,0.12886473696786538
2018-08-23T06:00:00.0,2018-08-23T11:00:00.0,11,0.0,1,0.0,0.0,0.01,0.12886473696786538
2018-08-23T07:00:00.0,2018-08-23T12:00:00.0,12,3737.268101,0,0.0,0.0,0.99,0.12886473696786538
2018-08-23T08:00:00.0,2018-08-23T13:00:00.0,13,20418.74246,1,18341.00565,22369.7687,0.914995592,580971.7909498811
2018-08-23T09:00:00.0,2018-08-23T14:00:00.0,14,34283.35903,1,29933.36467,36968.35697,0.772437048,4.183343293644786e6
2018-08-23T10:00:00.0,2018-08-23T15:00:00.0,15,38028.78316,1,36772.38926,40780.79537,0.511061513,1.225597395903349e6
2018-08-23T11:00:00.0,2018-08-23T16:00:00.0,16,38482.31764,1,33857.22469,42322.7911,0.572608173,5.279597991314888e6
2018-08-23T12:00:00.0,2018-08-23T17:00:00.0,17,38249.84494,1,36959.24526,41857.31179,0.400887,2.137972491955042e6
2018-08-23T13:00:00.0,2018-08-23T18:00:00.0,18,37982.20647,1,35288.66218,40558.82401,0.587286401,2.51854412635684e6
2018-08-23T14:00:00.0,2018-08-23T19:00:00.0,19,37682.7723,1,33676.43937,40742.51583,0.627710267,4.24774057547307e6
2018-08-23T15:00:00.0,2018-08-23T20:00:00.0,20,37318.83085,1,29494.31287,41103.35509,0.629745387,1.198728641066122e7
2018-08-23T16:00:00.0,2018-08-23T21:00:00.0,21,36745.44053,1,26178.44648,44843.358,0.577769852,3.0490570205765247e7
2018-08-23T17:00:00.0,2018-08-23T22:00:00.0,22,34361.43469,1,29656.20869,39346.14126,0.428621202,8.648626476032019e6
2018-08-23T18:00:00.0,2018-08-23T23:00:00.0,23,26539.1223,1,17865.81699,33364.41855,0.504606171,2.191730859311998e7
2018-08-23T19:00:00.0,2018-08-24T00:00:00.0,0,10236.99703,1,8147.911865,18910.23392,0.078253032,8.907328517739803e6
2018-08-23T20:00:00.0,2018-08-24T01:00:00.0,1,366.7056778,1,17.2943768,2569.295978,0.056444677,494423.7159383511
2018-08-23T21:00:00.0,2018-08-24T02:00:00.0,2,0.0,1,0.0,0.0,0.01,0.12886473696786538
2018-08-23T22:00:00.0,2018-08-24T03:00:00.0,3,0.0,1,0.0,0.0,0.01,0.12886473696786538
2018-08-23T23:00:00.0,2018-08-24T04:00:00.0,4,0.0,1,0.0,0.0,0.01,0.12886473696786538
2018-08-24T00:00:00.0,2018-08-24T05:00:00.0,5,0.0,1,0.0,0.0,0.01,0.12886473696786538
2018-08-24T01:00:00.0,2018-08-24T06:00:00.0,6,0.0,1,0.0,0.0,0.01,0.12886473696786538
2018-08-24T02:00:00.0,2018-08-24T07:00:00.0,7,0.0,1,0.0,0.0,0.01,0.12886473696786538
2018-08-24T03:00:00.0,2018-08-24T08:00:00.0,8,0.0,1,0.0,0.0,0.01,0.12886473696786538
2018-08-24T04:00:00.0,2018-08-24T09:00:00.0,9,0.0,1,0.0,0.0,0.01,0.12886473696786538
2018-08-24T05:00:00.0,2018-08-24T10:00:00.0,10,0.0,1,0.0,0.0,0.01,0.12886473696786538
2018-08-24T06:00:00.0,2018-08-24T11:00:00.0,11,0.0,1,0.0,0.0,0.01,0.12886473696786538
2018-08-24T07:00:00.0,2018-08-24T12:00:00.0,12,3863.222874,0,0.0,0.0,0.99,0.12886473696786538
2018-08-24T08:00:00.0,2018-08-24T13:00:00.0,13,19884.79723,1,17168.43193,20239.63771,0.986161851,348517.4950404763
2018-08-24T09:00:00.0,2018-08-24T14:00:00.0,14,31906.46964,0,31906.84924,35067.39996,0.0,741180.5520796776
2018-08-24T10:00:00.0,2018-08-24T15:00:00.0,15,35693.2343,1,34186.43481,38394.73315,0.535135536,1.614670190756321e6
2018-08-24T11:00:00.0,2018-08-24T16:00:00.0,16,37396.9907,1,37290.07651,42030.99493,0.057505596,1.660952530585289e6
2018-08-24T12:00:00.0,2018-08-24T17:00:00.0,17,37910.75956,1,35195.46128,40910.97808,0.405823926,2.8737875385131836e6
2018-08-24T13:00:00.0,2018-08-24T18:00:00.0,18,37689.2495,1,29983.76606,40488.65941,0.735717541,1.0159544089598417e7
2018-08-24T14:00:00.0,2018-08-24T19:00:00.0,19,37556.67337,1,34927.30533,38991.9571,0.575453732,1.564482984518528e6
2018-08-24T15:00:00.0,2018-08-24T20:00:00.0,20,36531.7798,1,30128.66005,40402.27909,0.408717258,8.331769029263973e6
2018-08-24T16:00:00.0,2018-08-24T21:00:00.0,21,34803.39017,1,27403.04888,37805.94479,0.651179803,8.531152351194859e6
2018-08-24T17:00:00.0,2018-08-24T22:00:00.0,22,32009.08664,1,25512.12485,39112.76534,0.507355145,1.6300759221876144e7
2018-08-24T18:00:00.0,2018-08-24T23:00:00.0,23,24268.22255,1,19179.4057,34164.26451,0.298817367,2.050280929234147e7
2018-08-24T19:00:00.0,2018-08-25T00:00:00.0,0,8702.480185,1,5799.419154,19092.04345,0.102853532,1.3870205286272675e7
2018-08-24T20:00:00.0,2018-08-25T01:00:00.0,1,235.6253949,1,88.63687017,1828.13626,0.033301135,251118.91123914486
2018-08-24T21:00:00.0,2018-08-25T02:00:00.0,2,0.0,1,0.0,0.0,0.01,0.12886473696786538
2018-08-24T22:00:00.0,2018-08-25T03:00:00.0,3,0.0,1,0.0,0.0,0.01,0.12886473696786538
2018-08-24T23:00:00.0,2018-08-25T04:00:00.0,4,0.0,1,0.0,0.0,0.01,0.12886473696786538
2018-08-25T00:00:00.0,2018-08-25T05:00:00.0,5,0.0,1,0.0,0.0,0.01,0.12886473696786538
2018-08-25T01:00:00.0,2018-08-25T06:00:00.0,6,0.0,1,0.0,0.0,0.01,0.12886473696786538
2018-08-25T02:00:00.0,2018-08-25T07:00:00.0,7,0.0,1,0.0,0.0,0.01,0.12886473696786538
2018-08-25T03:00:00.0,2018-08-25T08:00:00.0,8,0.0,1,0.0,0.0,0.01,0.12886473696786538
2018-08-25T04:00:00.0,2018-08-25T09:00:00.0,9,0.0,1,0.0,0.0,0.01,0.12886473696786538
2018-08-25T05:00:00.0,2018-08-25T10:00:00.0,10,0.0,1,0.0,0.0,0.01,0.12886473696786538
2018-08-25T06:00:00.0,2018-08-25T11:00:00.0,11,0.0,1,0.0,0.0,0.01,0.12886473696786538
2018-08-25T07:00:00.0,2018-08-25T12:00:00.0,12,3939.047338,0,0.0,0.0,0.99,0.12886473696786538
2018-08-25T08:00:00.0,2018-08-25T13:00:00.0,13,20375.37311,1,18726.53001,22626.95626,0.825951904,679572.2048005462
2018-08-25T09:00:00.0,2018-08-25T14:00:00.0,14,33737.62173,1,29088.35505,36315.26873,0.824043894,4.007811999796033e6
2018-08-25T10:00:00.0,2018-08-25T15:00:00.0,15,36365.62705,1,35282.32278,42546.08648,0.225793911,4.211114336889982e6
2018-08-25T11:00:00.0,2018-08-25T16:00:00.0,16,37434.72993,1,36597.85601,41690.68797,0.158797374,2.0775737013218403e6
2018-08-25T12:00:00.0,2018-08-25T17:00:00.0,17,37543.87479,1,31980.58327,40911.62809,0.558143524,6.460945555614471e6
2018-08-25T13:00:00.0,2018-08-25T18:00:00.0,18,37079.60943,1,30414.58914,40160.37636,0.628196936,8.18115874744916e6
2018-08-25T14:00:00.0,2018-08-25T19:00:00.0,19,36985.11963,1,30999.78006,42295.60679,0.593819701,9.714673742327452e6
2018-08-25T15:00:00.0,2018-08-25T20:00:00.0,20,36692.43688,1,30929.90191,40143.12466,0.650387794,7.635504874073982e6
2018-08-25T16:00:00.0,2018-08-25T21:00:00.0,21,36392.00709,1,27978.7575,38318.25422,0.680711547,9.887580017537117e6
2018-08-25T17:00:00.0,2018-08-25T22:00:00.0,22,34688.79525,1,24374.58327,39686.67381,0.635483018,2.3290546975951433e7
2018-08-25T18:00:00.0,2018-08-25T23:00:00.0,23,25764.15824,1,19247.60926,36692.00194,0.251215554,2.4399755427850008e7
2018-08-25T19:00:00.0,2018-08-26T00:00:00.0,0,9194.179431,1,6361.339218,17938.14752,0.104739465,1.0134189487745672e7
2018-08-25T20:00:00.0,2018-08-26T01:00:00.0,1,234.3965452,1,70.87995658,1814.65689,0.030640338,241608.47996499273
2018-08-25T21:00:00.0,2018-08-26T02:00:00.0,2,0.0,1,0.0,0.0,0.01,0.12886473696786538
2018-08-25T22:00:00.0,2018-08-26T03:00:00.0,3,0.0,1,0.0,0.0,0.01,0.12886473696786538
2018-08-25T23:00:00.0,2018-08-26T04:00:00.0,4,0.0,1,0.0,0.0,0.01,0.12886473696786538
2018-08-26T00:00:00.0,2018-08-26T05:00:00.0,5,0.0,1,0.0,0.0,0.01,0.12886473696786538
2018-08-26T01:00:00.0,2018-08-26T06:00:00.0,6,0.0,1,0.0,0.0,0.01,0.12886473696786538
2018-08-26T02:00:00.0,2018-08-26T07:00:00.0,7,0.0,1,0.0,0.0,0.01,0.12886473696786538
2018-08-26T03:00:00.0,2018-08-26T08:00:00.0,8,0.0,1,0.0,0.0,0.01,0.12886473696786538
2018-08-26T04:00:00.0,2018-08-26T09:00:00.0,9,0.0,1,0.0,0.0,0.01,0.12886473696786538
2018-08-26T05:00:00.0,2018-08-26T10:00:00.0,10,0.0,1,0.0,0.0,0.01,0.12886473696786538
2018-08-26T06:00:00.0,2018-08-26T11:00:00.0,11,0.0,1,0.0,0.0,0.01,0.12886473696786538
2018-08-26T07:00:00.0,2018-08-26T12:00:00.0,12,3659.036658,0,0.0,0.0,0.99,0.12886473696786538
2018-08-26T08:00:00.0,2018-08-26T13:00:00.0,13,20578.13958,1,16400.53993,24009.26689,0.899541751,3.1135994921940565e6
2018-08-26T09:00:00.0,2018-08-26T14:00:00.0,14,34182.88157,1,29068.53084,39270.77166,0.63895098,8.672927123143673e6
2018-08-26T10:00:00.0,2018-08-26T15:00:00.0,15,37482.91048,1,32428.69298,41476.14378,0.506420622,7.425919119914055e6
2018-08-26T11:00:00.0,2018-08-26T16:00:00.0,16,37895.56342,1,36527.07244,45585.21206,0.226560579,6.624353226663351e6
2018-08-26T12:00:00.0,2018-08-26T17:00:00.0,17,37231.51074,1,32744.54601,39987.53491,0.551909463,4.591929200237751e6
2018-08-26T13:00:00.0,2018-08-26T18:00:00.0,18,36770.33876,1,34517.93531,39216.88512,0.48433707,1.8949567552669048e6
2018-08-26T14:00:00.0,2018-08-26T19:00:00.0,19,36842.04087,1,30558.38571,41887.84889,0.52104296,1.099439030303979e7
2018-08-26T15:00:00.0,2018-08-26T20:00:00.0,20,36506.96862,1,30661.70139,44714.26167,0.435324642,1.889882171192813e7
2018-08-26T16:00:00.0,2018-08-26T21:00:00.0,21,35554.07964,1,34382.21716,39847.92739,0.267474926,2.53698982595706e6
2018-08-26T17:00:00.0,2018-08-26T22:00:00.0,22,33765.87795,1,31005.83854,37681.48369,0.396148847,3.8430652793462276e6
2018-08-26T18:00:00.0,2018-08-26T23:00:00.0,23,26125.01954,1,21918.90904,33324.11433,0.247477634,1.0186101015881538e7
2018-08-26T19:00:00.0,2018-08-27T00:00:00.0,0,9358.64616,1,6370.308789,20439.20357,0.072865602,1.2818798780566186e7
2018-08-26T20:00:00.0,2018-08-27T01:00:00.0,1,222.8650986,1,31.02396564,1721.670516,0.036294827,216400.48989966838
2018-08-26T21:00:00.0,2018-08-27T02:00:00.0,2,0.0,1,0.0,0.0,0.01,0.12886473696786538
2018-08-26T22:00:00.0,2018-08-27T03:00:00.0,3,0.0,1,0.0,0.0,0.01,0.12886473696786538
2018-08-26T23:00:00.0,2018-08-27T04:00:00.0,4,0.0,1,0.0,0.0,0.01,0.12886473696786538
2018-08-27T00:00:00.0,2018-08-27T05:00:00.0,5,0.0,1,0.0,0.0,0.01,0.12886473696786538
2018-08-27T01:00:00.0,2018-08-27T06:00:00.0,6,0.0,1,0.0,0.0,0.01,0.12886473696786538
2018-08-27T02:00:00.0,2018-08-27T07:00:00.0,7,0.0,1,0.0,0.0,0.01,0.12886473696786538
2018-08-27T03:00:00.0,2018-08-27T08:00:00.0,8,0.0,1,0.0,0.0,0.01,0.12886473696786538
2018-08-27T04:00:00.0,2018-08-27T09:00:00.0,9,0.0,1,0.0,0.0,0.01,0.12886473696786538
2018-08-27T05:00:00.0,2018-08-27T10:00:00.0,10,0.0,1,0.0,0.0,0.01,0.12886473696786538
2018-08-27T06:00:00.0,2018-08-27T11:00:00.0,11,0.0,1,0.0,0.0,0.01,0.12886473696786538
2018-08-27T07:00:00.0,2018-08-27T12:00:00.0,12,3726.262397,0,0.0,0.0,0.99,0.12886473696786538
2018-08-27T08:00:00.0,2018-08-27T13:00:00.0,13,20566.92825,1,17887.39841,21908.83217,0.957496053,674810.4179310203
2018-08-27T09:00:00.0,2018-08-27T14:00:00.0,14,33973.9775,1,30529.4905,34763.51733,0.933895855,1.4497505179024935e6
2018-08-27T10:00:00.0,2018-08-27T15:00:00.0,15,37430.56725,1,29134.08247,37826.32287,0.921819298,6.654286626922607e6
2018-08-27T11:00:00.0,2018-08-27T16:00:00.0,16,37411.54587,1,35692.98537,44163.7176,0.296479621,6.088871095813751e6
2018-08-27T12:00:00.0,2018-08-27T17:00:00.0,17,37082.34802,1,35548.84615,45078.29968,0.286036027,7.286526440173149e6
2018-08-27T13:00:00.0,2018-08-27T18:00:00.0,18,37396.1175,1,31054.07686,43993.08243,0.543475705,1.4933466357866526e7
2018-08-27T14:00:00.0,2018-08-27T19:00:00.0,19,37308.20015,1,33647.50973,45156.28179,0.442883929,1.054600992484045e7
2018-08-27T15:00:00.0,2018-08-27T20:00:00.0,20,36776.37166,1,30221.77074,41979.71378,0.439386707,1.2344480342974186e7
2018-08-27T16:00:00.0,2018-08-27T21:00:00.0,21,35664.51177,1,28811.35529,43452.83334,0.417266094,1.9896090256561995e7
2018-08-27T17:00:00.0,2018-08-27T22:00:00.0,22,31440.76249,1,21932.47019,35868.77732,0.553376609,1.5477233637630463e7
2018-08-27T18:00:00.0,2018-08-27T23:00:00.0,23,20186.44166,1,16864.15315,30667.47223,0.142661786,1.4527871789312959e7
2018-08-27T19:00:00.0,2018-08-28T00:00:00.0,0,6091.886651,1,3689.812888,14280.95724,0.169496502,1.0565429558137298e7
2018-08-27T20:00:00.0,2018-08-28T01:00:00.0,1,70.09001042,1,6.389393092,590.7393833,0.038169612,27852.35334467316
2018-08-27T21:00:00.0,2018-08-28T02:00:00.0,2,0.0,1,0.0,0.0,0.01,0.12886473696786538
2018-08-27T22:00:00.0,2018-08-28T03:00:00.0,3,0.0,1,0.0,0.0,0.01,0.12886473696786538
2018-08-27T23:00:00.0,2018-08-28T04:00:00.0,4,0.0,1,0.0,0.0,0.01,0.12886473696786538
2018-08-28T00:00:00.0,2018-08-28T05:00:00.0,5,0.0,1,0.0,0.0,0.01,0.12886473696786538
2018-08-28T01:00:00.0,2018-08-28T06:00:00.0,6,0.0,1,0.0,0.0,0.01,0.12886473696786538
2018-08-28T02:00:00.0,2018-08-28T07:00:00.0,7,0.0,1,0.0,0.0,0.01,0.12886473696786538
2018-08-28T03:00:00.0,2018-08-28T08:00:00.0,8,0.0,1,0.0,0.0,0.01,0.12886473696786538
2018-08-28T04:00:00.0,2018-08-28T09:00:00.0,9,0.0,1,0.0,0.0,0.01,0.12886473696786538
2018-08-28T05:00:00.0,2018-08-28T10:00:00.0,10,0.0,1,0.0,0.0,0.01,0.12886473696786538
2018-08-28T06:00:00.0,2018-08-28T11:00:00.0,11,0.0,1,0.0,0.0,0.01,0.12886473696786538
2018-08-28T07:00:00.0,2018-08-28T12:00:00.0,12,3249.752353,0,0.0,0.0,0.99,0.12886473696786538
2018-08-28T08:00:00.0,2018-08-28T13:00:00.0,13,18658.61987,1,14500.64829,21439.77365,0.821907811,3.9492533748895526e6
2018-08-28T09:00:00.0,2018-08-28T14:00:00.0,14,31375.75774,1,28262.74217,34154.52444,0.8211926,2.021098161893487e6
2018-08-28T10:00:00.0,2018-08-28T15:00:00.0,15,35302.44899,1,27686.33186,37052.94704,0.83623749,6.336408016300201e6
2018-08-28T11:00:00.0,2018-08-28T16:00:00.0,16,36855.542,1,34081.0684,40265.42903,0.503043869,3.4157148797700405e6
2018-08-28T12:00:00.0,2018-08-28T17:00:00.0,17,36984.12096,1,29556.95247,41219.18431,0.680544549,1.2308325991935015e7
2018-08-28T13:00:00.0,2018-08-28T18:00:00.0,18,36657.2471,1,28790.04609,38732.37589,0.731762861,8.515318797901869e6
2018-08-28T14:00:00.0,2018-08-28T19:00:00.0,19,36115.84758,1,31789.6603,40832.78106,0.51995981,6.674198153576136e6
2018-08-28T15:00:00.0,2018-08-28T20:00:00.0,20,36067.8892,1,28734.2593,44273.22059,0.539341996,1.988402642697072e7
2018-08-28T16:00:00.0,2018-08-28T21:00:00.0,21,35878.51398,1,27962.45681,42979.82702,0.516099443,1.9840134242052317e7
2018-08-28T17:00:00.0,2018-08-28T22:00:00.0,22,33721.78895,1,22000.51268,36731.80955,0.68578105,1.5396564469377637e7
2018-08-28T18:00:00.0,2018-08-28T23:00:00.0,23,25309.16718,1,13099.29874,35199.94432,0.472757943,3.327011774339962e7
2018-08-28T19:00:00.0,2018-08-29T00:00:00.0,0,8691.327498,1,3856.123415,18557.65838,0.187480078,1.946178558469373e7
2018-08-28T20:00:00.0,2018-08-29T01:00:00.0,1,150.7102988,1,35.11704122,1288.085084,0.030194094,108361.83276726562
2018-08-28T21:00:00.0,2018-08-29T02:00:00.0,2,0.0,1,0.0,0.0,0.01,0.12886473696786538
2018-08-28T22:00:00.0,2018-08-29T03:00:00.0,3,0.0,1,0.0,0.0,0.01,0.12886473696786538
2018-08-28T23:00:00.0,2018-08-29T04:00:00.0,4,0.0,1,0.0,0.0,0.01,0.12886473696786538
2018-08-29T00:00:00.0,2018-08-29T05:00:00.0,5,0.0,1,0.0,0.0,0.01,0.12886473696786538
2018-08-29T01:00:00.0,2018-08-29T06:00:00.0,6,0.0,1,0.0,0.0,0.01,0.12886473696786538
2018-08-29T02:00:00.0,2018-08-29T07:00:00.0,7,0.0,1,0.0,0.0,0.01,0.12886473696786538
2018-08-29T03:00:00.0,2018-08-29T08:00:00.0,8,0.0,1,0.0,0.0,0.01,0.12886473696786538
2018-08-29T04:00:00.0,2018-08-29T09:00:00.0,9,0.0,1,0.0,0.0,0.01,0.12886473696786538
2018-08-29T05:00:00.0,2018-08-29T10:00:00.0,10,0.0,1,0.0,0.0,0.01,0.12886473696786538
2018-08-29T06:00:00.0,2018-08-29T11:00:00.0,11,0.0,1,0.0,0.0,0.01,0.12886473696786538
2018-08-29T07:00:00.0,2018-08-29T12:00:00.0,12,3178.203094,0,0.0,0.0,0.99,0.12886473696786538
2018-08-29T08:00:00.0,2018-08-29T13:00:00.0,13,19352.72091,0,15566.36156,18419.14421,1.0,307851.8049644828
2018-08-29T09:00:00.0,2018-08-29T14:00:00.0,14,32401.59045,1,28113.75874,39758.25129,0.465378178,1.0131739307564974e7
2018-08-29T10:00:00.0,2018-08-29T15:00:00.0,15,34978.47996,1,31227.45891,38301.46702,0.570238022,4.476200106304646e6
2018-08-29T11:00:00.0,2018-08-29T16:00:00.0,16,34886.59577,1,27443.04089,44218.39524,0.442825905,2.3636985157618523e7
2018-08-29T12:00:00.0,2018-08-29T17:00:00.0,17,34276.93944,1,29128.66032,40465.91023,0.478586289,1.008396445771885e7
2018-08-29T13:00:00.0,2018-08-29T18:00:00.0,18,33171.92494,1,27675.98698,39835.6213,0.399601645,1.1182446083929539e7
2018-08-29T14:00:00.0,2018-08-29T19:00:00.0,19,32807.27972,1,30723.31232,42220.38507,0.281577345,1.1470388934235096e7
2018-08-29T15:00:00.0,2018-08-29T20:00:00.0,20,32763.02098,1,28535.31579,41412.09261,0.447570338,1.488840388710165e7
2018-08-29T16:00:00.0,2018-08-29T21:00:00.0,21,32590.12156,1,25309.3795,34819.77578,0.815027003,5.995918579763889e6
2018-08-29T17:00:00.0,2018-08-29T22:00:00.0,22,30824.97281,1,20652.30987,37109.06941,0.640784142,2.6016303077884912e7
2018-08-29T18:00:00.0,2018-08-29T23:00:00.0,23,23188.05503,1,12789.21887,33454.8766,0.346988542,3.2647894527890563e7
2018-08-29T19:00:00.0,2018-08-30T00:00:00.0,0,7121.561419,1,3701.398791,16299.25903,0.15325779,1.1654067563417181e7
2018-08-29T20:00:00.0,2018-08-30T01:00:00.0,1,99.71279254,1,37.835595,980.3891771,0.037571377,69745.51381723868
2018-08-29T21:00:00.0,2018-08-30T02:00:00.0,2,0.0,1,0.0,0.0,0.01,0.12886473696786538
2018-08-29T22:00:00.0,2018-08-30T03:00:00.0,3,0.0,1,0.0,0.0,0.01,0.12886473696786538
2018-08-29T23:00:00.0,2018-08-30T04:00:00.0,4,0.0,1,0.0,0.0,0.01,0.12886473696786538
2018-08-30T00:00:00.0,2018-08-30T05:00:00.0,5,0.0,1,0.0,0.0,0.01,0.12886473696786538
2018-08-30T01:00:00.0,2018-08-30T06:00:00.0,6,0.0,1,0.0,0.0,0.01,0.12886473696786538
2018-08-30T02:00:00.0,2018-08-30T07:00:00.0,7,0.0,1,0.0,0.0,0.01,0.12886473696786538
2018-08-30T03:00:00.0,2018-08-30T08:00:00.0,8,0.0,1,0.0,0.0,0.01,0.12886473696786538
2018-08-30T04:00:00.0,2018-08-30T09:00:00.0,9,0.0,1,0.0,0.0,0.01,0.12886473696786538
2018-08-30T05:00:00.0,2018-08-30T10:00:00.0,10,0.0,1,0.0,0.0,0.01,0.12886473696786538
2018-08-30T06:00:00.0,2018-08-30T11:00:00.0,11,0.0,1,0.0,0.0,0.01,0.12886473696786538
2018-08-30T07:00:00.0,2018-08-30T12:00:00.0,12,3553.747563,0,0.0,0.0,0.99,0.12886473696786538
2018-08-30T08:00:00.0,2018-08-30T13:00:00.0,13,20328.00769,0,17850.48567,18911.87636,1.0,60131.28603774309
2018-08-30T09:00:00.0,2018-08-30T14:00:00.0,14,33926.33463,1,29442.1796,37554.30049,0.717131479,5.017127856292844e6
2018-08-30T10:00:00.0,2018-08-30T15:00:00.0,15,36510.48204,1,27299.18652,39209.18856,0.721253608,1.2101417804301023e7
2018-08-30T11:00:00.0,2018-08-30T16:00:00.0,16,36308.36922,1,33972.19717,43428.88748,0.329541265,8.240831368540287e6
2018-08-30T12:00:00.0,2018-08-30T17:00:00.0,17,35377.0884,1,32939.29654,41253.04231,0.334764033,5.806122129872322e6
2018-08-30T13:00:00.0,2018-08-30T18:00:00.0,18,34366.26357,1,29718.33485,41705.5726,0.326635471,9.4570477017622e6
2018-08-30T14:00:00.0,2018-08-30T19:00:00.0,19,34189.92339,1,30607.16176,38118.03033,0.459024047,4.371272141211033e6
2018-08-30T15:00:00.0,2018-08-30T20:00:00.0,20,34718.85061,1,28683.37036,40399.56011,0.458568823,1.2008724596354008e7
2018-08-30T16:00:00.0,2018-08-30T21:00:00.0,21,34983.76565,1,28315.76249,37696.70964,0.654607065,8.120549887654781e6
2018-08-30T17:00:00.0,2018-08-30T22:00:00.0,22,32935.55119,1,25883.31987,36855.62361,0.643297652,8.611816440365076e6
2018-08-30T18:00:00.0,2018-08-30T23:00:00.0,23,24457.78858,1,16536.25864,30080.1111,0.41046832,1.288342488039136e7
2018-08-30T19:00:00.0,2018-08-31T00:00:00.0,0,8079.969481,1,3964.234149,16863.40873,0.147517128,1.2139509823405564e7
2018-08-30T20:00:00.0,2018-08-31T01:00:00.0,1,108.695634,1,19.75080417,1009.867954,0.046623479,76837.01009191148
2018-08-30T21:00:00.0,2018-08-31T02:00:00.0,2,0.0,1,0.0,0.0,0.01,0.12886473696786538
2018-08-30T22:00:00.0,2018-08-31T03:00:00.0,3,0.0,1,0.0,0.0,0.01,0.12886473696786538
2018-08-30T23:00:00.0,2018-08-31T04:00:00.0,4,0.0,1,0.0,0.0,0.01,0.12886473696786538
2018-08-31T00:00:00.0,2018-08-31T05:00:00.0,5,0.0,1,0.0,0.0,0.01,0.12886473696786538
2018-08-31T01:00:00.0,2018-08-31T06:00:00.0,6,0.0,1,0.0,0.0,0.01,0.12886473696786538
2018-08-31T02:00:00.0,2018-08-31T07:00:00.0,7,0.0,1,0.0,0.0,0.01,0.12886473696786538
2018-08-31T03:00:00.0,2018-08-31T08:00:00.0,8,0.0,1,0.0,0.0,0.01,0.12886473696786538
2018-08-31T04:00:00.0,2018-08-31T09:00:00.0,9,0.0,1,0.0,0.0,0.01,0.12886473696786538
2018-08-31T05:00:00.0,2018-08-31T10:00:00.0,10,0.0,1,0.0,0.0,0.01,0.12886473696786538
2018-08-31T06:00:00.0,2018-08-31T11:00:00.0,11,0.0,1,0.0,0.0,0.01,0.12886473696786538
2018-08-31T07:00:00.0,2018-08-31T12:00:00.0,12,3635.409053,0,0.0,0.0,0.99,0.12886473696786538
2018-08-31T08:00:00.0,2018-08-31T13:00:00.0,13,20647.96824,1,14425.27173,21994.09685,0.966220731,3.0892971276534796e6
2018-08-31T09:00:00.0,2018-08-31T14:00:00.0,14,34155.41612,1,29769.67333,35628.73503,0.907237946,2.556180187911272e6
2018-08-31T10:00:00.0,2018-08-31T15:00:00.0,15,37385.98678,1,30760.9935,41735.73274,0.607492805,1.1751165503418922e7
2018-08-31T11:00:00.0,2018-08-31T16:00:00.0,16,37320.55924,1,32365.5393,43117.81008,0.468029422,9.40910003701663e6
2018-08-31T12:00:00.0,2018-08-31T17:00:00.0,17,36776.05029,1,33575.39129,40464.43511,0.454794834,3.997334510012388e6
2018-08-31T13:00:00.0,2018-08-31T18:00:00.0,18,36378.55647,1,29428.09071,37591.86913,0.734686627,6.543105209570408e6
2018-08-31T14:00:00.0,2018-08-31T19:00:00.0,19,35722.15976,1,34099.5186,40961.26977,0.268416685,4.449573094359398e6
2018-08-31T15:00:00.0,2018-08-31T20:00:00.0,20,35432.16758,1,29247.80809,36584.65067,0.797339916,4.651792306362152e6
2018-08-31T16:00:00.0,2018-08-31T21:00:00.0,21,34340.60485,1,30808.9467,41853.60136,0.318274392,1.0884265844167948e7
2018-08-31T17:00:00.0,2018-08-31T22:00:00.0,22,32108.82752,1,23291.41613,37017.46141,0.615665573,1.493088893655467e7
2018-08-31T18:00:00.0,2018-08-31T23:00:00.0,23,23443.3863,1,16820.02568,34871.58742,0.295542325,2.916537768328023e7
2018-08-31T19:00:00.0,2018-09-01T00:00:00.0,0,7843.933448,1,4760.668702,15190.06319,0.154553783,9.124782217147827e6
2018-08-31T20:00:00.0,2018-09-01T01:00:00.0,1,82.5414635,1,53.98982352,885.9441271,0.015110717,49732.14963698672
2018-08-31T21:00:00.0,2018-09-01T02:00:00.0,2,0.0,1,0.0,0.0,0.01,0.12886473696786538
2018-08-31T22:00:00.0,2018-09-01T03:00:00.0,3,0.0,1,0.0,0.0,0.01,0.12886473696786538
2018-08-31T23:00:00.0,2018-09-01T04:00:00.0,4,0.0,1,0.0,0.0,0.01,0.12886473696786538
2018-09-01T00:00:00.0,2018-09-01T05:00:00.0,5,0.0,1,0.0,0.0,0.01,0.12886473696786538
2018-09-01T01:00:00.0,2018-09-01T06:00:00.0,6,0.0,1,0.0,0.0,0.01,0.12886473696786538
2018-09-01T02:00:00.0,2018-09-01T07:00:00.0,7,0.0,1,0.0,0.0,0.01,0.12886473696786538
2018-09-01T03:00:00.0,2018-09-01T08:00:00.0,8,0.0,1,0.0,0.0,0.01,0.12886473696786538
2018-09-01T04:00:00.0,2018-09-01T09:00:00.0,9,0.0,1,0.0,0.0,0.01,0.12886473696786538
2018-09-01T05:00:00.0,2018-09-01T10:00:00.0,10,0.0,1,0.0,0.0,0.01,0.12886473696786538
2018-09-01T06:00:00.0,2018-09-01T11:00:00.0,11,0.0,1,0.0,0.0,0.01,0.12886473696786538
2018-09-01T07:00:00.0,2018-09-01T12:00:00.0,12,3467.411247,0,0.0,0.0,0.99,0.12886473696786538
2018-09-01T08:00:00.0,2018-09-01T13:00:00.0,13,20395.23441,0,14971.04553,18803.07555,1.0,714659.5408657789
2018-09-01T09:00:00.0,2018-09-01T14:00:00.0,14,33929.57617,1,28427.64232,37350.50138,0.684796114,6.765502300874591e6
2018-09-01T10:00:00.0,2018-09-01T15:00:00.0,15,36803.07594,1,28873.77826,37460.93994,0.900288454,5.857996662617683e6
2018-09-01T11:00:00.0,2018-09-01T16:00:00.0,16,36839.7094,1,33691.9643,38494.28694,0.463097077,2.0075378650188446e6
2018-09-01T12:00:00.0,2018-09-01T17:00:00.0,17,36131.33373,1,33248.26281,42744.97427,0.289218549,7.033471738819361e6
2018-09-01T13:00:00.0,2018-09-01T18:00:00.0,18,34715.23351,1,28951.12912,35762.94229,0.64984502,3.644237140757084e6
2018-09-01T14:00:00.0,2018-09-01T19:00:00.0,19,34776.87964,1,27807.40012,41418.27451,0.465938375,1.6934589454895258e7
2018-09-01T15:00:00.0,2018-09-01T20:00:00.0,20,33337.38957,1,27814.90992,41820.76604,0.365863144,1.7195222510160685e7
2018-09-01T16:00:00.0,2018-09-01T21:00:00.0,21,31040.52569,1,24112.68316,37384.15432,0.480143106,1.3979916964250922e7
2018-09-01T17:00:00.0,2018-09-01T22:00:00.0,22,25284.47876,1,22446.13741,31312.01094,0.236950615,6.794732116292e6
2018-09-01T18:00:00.0,2018-09-01T23:00:00.0,23,16486.67966,1,13840.31374,21932.46191,0.200082476,5.473088489896297e6
2018-09-01T19:00:00.0,2018-09-02T00:00:00.0,0,4165.783746,1,2321.54723,9819.525457,0.166807184,4.496810287910558e6
2018-09-01T20:00:00.0,2018-09-02T01:00:00.0,1,6.447009417,1,3.111860925,58.97465137,0.044285386,275.30041071204323
2018-09-01T21:00:00.0,2018-09-02T02:00:00.0,2,0.0,1,0.0,0.0,0.01,0.12886473696786538
2018-09-01T22:00:00.0,2018-09-02T03:00:00.0,3,0.0,1,0.0,0.0,0.01,0.12886473696786538
2018-09-01T23:00:00.0,2018-09-02T04:00:00.0,4,0.0,1,0.0,0.0,0.01,0.12886473696786538
2018-09-02T00:00:00.0,2018-09-02T05:00:00.0,5,0.0,1,0.0,0.0,0.01,0.12886473696786538
2018-09-02T01:00:00.0,2018-09-02T06:00:00.0,6,0.0,1,0.0,0.0,0.01,0.12886473696786538
2018-09-02T02:00:00.0,2018-09-02T07:00:00.0,7,0.0,1,0.0,0.0,0.01,0.12886473696786538
2018-09-02T03:00:00.0,2018-09-02T08:00:00.0,8,0.0,1,0.0,0.0,0.01,0.12886473696786538
2018-09-02T04:00:00.0,2018-09-02T09:00:00.0,9,0.0,1,0.0,0.0,0.01,0.12886473696786538
2018-09-02T05:00:00.0,2018-09-02T10:00:00.0,10,0.0,1,0.0,0.0,0.01,0.12886473696786538
2018-09-02T06:00:00.0,2018-09-02T11:00:00.0,11,0.0,1,0.0,0.0,0.01,0.12886473696786538
2018-09-02T07:00:00.0,2018-09-02T12:00:00.0,12,2559.934332,0,0.0,0.0,0.99,0.12886473696786538
2018-09-02T08:00:00.0,2018-09-02T13:00:00.0,13,14715.48607,1,12337.33495,20699.77084,0.556605674,4.853960816580236e6
2018-09-02T09:00:00.0,2018-09-02T14:00:00.0,14,25555.92165,0,27729.49381,33901.20962,0.0,2.3443337342088223e6
2018-09-02T10:00:00.0,2018-09-02T15:00:00.0,15,26088.32618,1,24744.16033,34988.08609,0.231291717,7.996245500884891e6
2018-09-02T11:00:00.0,2018-09-02T16:00:00.0,16,27991.24771,1,27518.68052,38643.84642,0.080006375,1.0317531712132812e7
2018-09-02T12:00:00.0,2018-09-02T17:00:00.0,17,27965.70762,0,29327.58915,35578.74427,0.0,2.6757066734972e6
2018-09-02T13:00:00.0,2018-09-02T18:00:00.0,18,26483.09994,1,25940.73903,39012.99238,0.060955489,1.4565101311689615e7
2018-09-02T14:00:00.0,2018-09-02T19:00:00.0,19,24156.23236,1,23083.57253,37117.55241,0.099500775,1.8894713486016512e7
2018-09-02T15:00:00.0,2018-09-02T20:00:00.0,20,23918.78031,1,21261.08007,34677.56016,0.263931314,1.476343761758852e7
2018-09-02T16:00:00.0,2018-09-02T21:00:00.0,21,25088.85305,1,17040.42624,34165.54311,0.422750253,2.3112515962126136e7
2018-09-02T17:00:00.0,2018-09-02T22:00:00.0,22,21781.23615,1,15285.23174,29977.43194,0.433001043,1.8515446101168573e7
2018-09-02T18:00:00.0,2018-09-02T23:00:00.0,23,14113.79066,1,8482.183174,19486.79089,0.337497153,1.018019059180668e7
2018-09-02T19:00:00.0,2018-09-03T00:00:00.0,0,4174.562768,1,1310.503208,9016.760041,0.256570356,5.072186334361885e6
2018-09-02T20:00:00.0,2018-09-03T01:00:00.0,1,30.64367571,0,0.0,0.0,0.99,0.12886473696786538
2018-09-02T21:00:00.0,2018-09-03T02:00:00.0,2,0.0,1,0.0,0.0,0.01,0.12886473696786538
2018-09-02T22:00:00.0,2018-09-03T03:00:00.0,3,0.0,1,0.0,0.0,0.01,0.12886473696786538
2018-09-02T23:00:00.0,2018-09-03T04:00:00.0,4,0.0,1,0.0,0.0,0.01,0.12886473696786538
2018-09-03T00:00:00.0,2018-09-03T05:00:00.0,5,0.0,1,0.0,0.0,0.01,0.12886473696786538
2018-09-03T01:00:00.0,2018-09-03T06:00:00.0,6,0.0,1,0.0,0.0,0.01,0.12886473696786538
2018-09-03T02:00:00.0,2018-09-03T07:00:00.0,7,0.0,1,0.0,0.0,0.01,0.12886473696786538
2018-09-03T03:00:00.0,2018-09-03T08:00:00.0,8,0.0,1,0.0,0.0,0.01,0.12886473696786538
2018-09-03T04:00:00.0,2018-09-03T09:00:00.0,9,0.0,1,0.0,0.0,0.01,0.12886473696786538
2018-09-03T05:00:00.0,2018-09-03T10:00:00.0,10,0.0,1,0.0,0.0,0.01,0.12886473696786538
2018-09-03T06:00:00.0,2018-09-03T11:00:00.0,11,0.0,1,0.0,0.0,0.01,0.12886473696786538
2018-09-03T07:00:00.0,2018-09-03T12:00:00.0,12,1586.823822,0,0.0,0.0,0.99,0.12886473696786538
2018-09-03T08:00:00.0,2018-09-03T13:00:00.0,13,8523.022004,1,6224.944855,14083.83285,0.440806368,5.084349312524289e6
2018-09-03T09:00:00.0,2018-09-03T14:00:00.0,14,14975.72892,1,12525.78217,26365.59439,0.30109044,1.2976424594134629e7
2018-09-03T10:00:00.0,2018-09-03T15:00:00.0,15,17447.19697,1,13430.92437,26108.34682,0.413842387,1.5555429897878826e7
2018-09-03T11:00:00.0,2018-09-03T16:00:00.0,16,20138.54662,1,15261.65052,30898.52881,0.369834415,1.9106477066669285e7
2018-09-03T12:00:00.0,2018-09-03T17:00:00.0,17,23568.98829,1,16315.96575,30650.64087,0.573806785,1.8373265597850382e7
2018-09-03T13:00:00.0,2018-09-03T18:00:00.0,18,25574.03397,1,17179.56695,27530.88595,0.727069607,7.491958652479887e6
2018-09-03T14:00:00.0,2018-09-03T19:00:00.0,19,25667.89176,1,17413.6477,27208.28017,0.781623225,6.995122605612755e6
2018-09-03T15:00:00.0,2018-09-03T20:00:00.0,20,23762.59524,1,15241.62109,29607.83357,0.499286488,1.8895022390989006e7
2018-09-03T16:00:00.0,2018-09-03T21:00:00.0,21,20685.00375,1,12732.58775,26548.67036,0.548927702,1.5373144248526633e7
2018-09-03T17:00:00.0,2018-09-03T22:00:00.0,22,18182.66623,1,9411.547995,23347.90571,0.540080945,1.3208340716768086e7
2018-09-03T18:00:00.0,2018-09-03T23:00:00.0,23,11549.08267,1,4728.652523,17562.13756,0.463272794,1.3891012217100382e7
2018-09-03T19:00:00.0,2018-09-04T00:00:00.0,0,3015.571133,1,892.5657925,7456.214214,0.244516603,4.2956721678112e6
2018-09-03T20:00:00.0,2018-09-04T01:00:00.0,1,13.7990905,0,0.0,0.0,0.99,0.12886473696786538
2018-09-03T21:00:00.0,2018-09-04T02:00:00.0,2,0.0,1,0.0,0.0,0.01,0.12886473696786538
2018-09-03T22:00:00.0,2018-09-04T03:00:00.0,3,0.0,1,0.0,0.0,0.01,0.12886473696786538
2018-09-03T23:00:00.0,2018-09-04T04:00:00.0,4,0.0,1,0.0,0.0,0.01,0.12886473696786538
2018-09-04T00:00:00.0,2018-09-04T05:00:00.0,5,0.0,1,0.0,0.0,0.01,0.12886473696786538
2018-09-04T01:00:00.0,2018-09-04T06:00:00.0,6,0.0,1,0.0,0.0,0.01,0.12886473696786538
2018-09-04T02:00:00.0,2018-09-04T07:00:00.0,7,0.0,1,0.0,0.0,0.01,0.12886473696786538
2018-09-04T03:00:00.0,2018-09-04T08:00:00.0,8,0.0,1,0.0,0.0,0.01,0.12886473696786538
2018-09-04T04:00:00.0,2018-09-04T09:00:00.0,9,0.0,1,0.0,0.0,0.01,0.12886473696786538
2018-09-04T05:00:00.0,2018-09-04T10:00:00.0,10,0.0,1,0.0,0.0,0.01,0.12886473696786538
2018-09-04T06:00:00.0,2018-09-04T11:00:00.0,11,0.0,1,0.0,0.0,0.01,0.12886473696786538
2018-09-04T07:00:00.0,2018-09-04T12:00:00.0,12,1376.225321,0,0.0,0.0,0.99,0.12886473696786538
2018-09-04T08:00:00.0,2018-09-04T13:00:00.0,13,11194.3237,1,6086.381157,13494.8116,0.826480813,4.80669484551388e6
2018-09-04T09:00:00.0,2018-09-04T14:00:00.0,14,16748.35187,1,16063.98737,27823.49885,0.142566505,1.2486414659112811e7
2018-09-04T10:00:00.0,2018-09-04T15:00:00.0,15,20755.68609,1,14069.06444,27688.78202,0.517683113,1.5420467347164094e7
2018-09-04T11:00:00.0,2018-09-04T16:00:00.0,16,24841.60705,1,17178.82594,33857.63396,0.518199666,2.3873876624748826e7
2018-09-04T12:00:00.0,2018-09-04T17:00:00.0,17,26496.68916,1,19506.06736,35932.95453,0.403330999,2.2212883224684715e7
2018-09-04T13:00:00.0,2018-09-04T18:00:00.0,18,27378.1104,1,22037.55061,30751.53077,0.559265285,7.076369302160025e6
2018-09-04T14:00:00.0,2018-09-04T19:00:00.0,19,26817.70713,1,21948.82956,30558.56431,0.463051094,7.06353202072835e6
2018-09-04T15:00:00.0,2018-09-04T20:00:00.0,20,26333.15206,1,18800.08852,31513.56149,0.507170528,1.3720305253476739e7
2018-09-04T16:00:00.0,2018-09-04T21:00:00.0,21,24868.24905,1,20577.24735,30137.5335,0.395035216,8.913679903959155e6
2018-09-04T17:00:00.0,2018-09-04T22:00:00.0,22,23012.14629,1,17039.55432,29043.6228,0.457317923,1.4159511506270409e7
2018-09-04T18:00:00.0,2018-09-04T23:00:00.0,23,16336.17012,1,9377.980975,21893.33485,0.375698743,1.4439016959824264e7
2018-09-04T19:00:00.0,2018-09-05T00:00:00.0,0,4994.978671,1,1945.144307,10692.04925,0.192537623,4.953808560203575e6
2018-09-04T20:00:00.0,2018-09-05T01:00:00.0,1,19.63209938,0,0.0,0.0,0.99,0.12886473696786538
2018-09-04T21:00:00.0,2018-09-05T02:00:00.0,2,0.0,1,0.0,0.0,0.01,0.12886473696786538
2018-09-04T22:00:00.0,2018-09-05T03:00:00.0,3,0.0,1,0.0,0.0,0.01,0.12886473696786538
2018-09-04T23:00:00.0,2018-09-05T04:00:00.0,4,0.0,1,0.0,0.0,0.01,0.12886473696786538
2018-09-05T00:00:00.0,2018-09-05T05:00:00.0,5,0.0,1,0.0,0.0,0.01,0.12886473696786538
2018-09-05T01:00:00.0,2018-09-05T06:00:00.0,6,0.0,1,0.0,0.0,0.01,0.12886473696786538
2018-09-05T02:00:00.0,2018-09-05T07:00:00.0,7,0.0,1,0.0,0.0,0.01,0.12886473696786538
2018-09-05T03:00:00.0,2018-09-05T08:00:00.0,8,0.0,1,0.0,0.0,0.01,0.12886473696786538
2018-09-05T04:00:00.0,2018-09-05T09:00:00.0,9,0.0,1,0.0,0.0,0.01,0.12886473696786538
2018-09-05T05:00:00.0,2018-09-05T10:00:00.0,10,0.0,1,0.0,0.0,0.01,0.12886473696786538
2018-09-05T06:00:00.0,2018-09-05T11:00:00.0,11,0.0,1,0.0,0.0,0.01,0.12886473696786538
2018-09-05T07:00:00.0,2018-09-05T12:00:00.0,12,2074.867105,0,0.0,0.0,0.99,0.12886473696786538
2018-09-05T08:00:00.0,2018-09-05T13:00:00.0,13,13350.27093,1,7130.558626,14071.78137,0.983583992,3.2590152790017575e6
2018-09-05T09:00:00.0,2018-09-05T14:00:00.0,14,22620.61342,1,16125.59459,33698.82438,0.496392542,2.2381459522674203e7
2018-09-05T10:00:00.0,2018-09-05T15:00:00.0,15,24794.53708,1,17747.67803,33168.41304,0.40059723,2.0136587218203783e7
2018-09-05T11:00:00.0,2018-09-05T16:00:00.0,16,23276.77318,1,18840.71059,32320.21639,0.343806493,1.1625609548020959e7
2018-09-05T12:00:00.0,2018-09-05T17:00:00.0,17,24591.27819,1,19700.56357,34691.41969,0.382571245,2.0171978297216177e7
2018-09-05T13:00:00.0,2018-09-05T18:00:00.0,18,27772.54664,1,17531.89897,34031.19372,0.585973493,2.195308618158734e7
2018-09-05T14:00:00.0,2018-09-05T19:00:00.0,19,28082.02916,1,18766.25634,35552.06953,0.511886615,2.342159201687503e7
2018-09-05T15:00:00.0,2018-09-05T20:00:00.0,20,27101.44129,1,18195.57203,32011.41727,0.609121967,1.6648893642795801e7
2018-09-05T16:00:00.0,2018-09-05T21:00:00.0,21,24811.79158,1,20365.53249,31871.01239,0.391268913,1.0549116472156882e7
2018-09-05T17:00:00.0,2018-09-05T22:00:00.0,22,22956.56028,1,15804.90366,31804.52967,0.495635108,1.9422559202548742e7
2018-09-05T18:00:00.0,2018-09-05T23:00:00.0,23,16037.10513,1,8154.289101,23003.04961,0.294361788,1.68121963339172e7
2018-09-05T19:00:00.0,2018-09-06T00:00:00.0,0,4076.867538,1,2151.052182,8886.465179,0.148643468,4.028858552998379e6
2018-09-05T20:00:00.0,2018-09-06T01:00:00.0,1,11.27614025,0,0.0,0.0,0.99,0.12886473696786538
2018-09-05T21:00:00.0,2018-09-06T02:00:00.0,2,0.0,1,0.0,0.0,0.01,0.12886473696786538
2018-09-05T22:00:00.0,2018-09-06T03:00:00.0,3,0.0,1,0.0,0.0,0.01,0.12886473696786538
2018-09-05T23:00:00.0,2018-09-06T04:00:00.0,4,0.0,1,0.0,0.0,0.01,0.12886473696786538
2018-09-06T00:00:00.0,2018-09-06T05:00:00.0,5,0.0,1,0.0,0.0,0.01,0.12886473696786538
2018-09-06T01:00:00.0,2018-09-06T06:00:00.0,6,0.0,1,0.0,0.0,0.01,0.12886473696786538
2018-09-06T02:00:00.0,2018-09-06T07:00:00.0,7,0.0,1,0.0,0.0,0.01,0.12886473696786538
2018-09-06T03:00:00.0,2018-09-06T08:00:00.0,8,0.0,1,0.0,0.0,0.01,0.12886473696786538
2018-09-06T04:00:00.0,2018-09-06T09:00:00.0,9,0.0,1,0.0,0.0,0.01,0.12886473696786538
2018-09-06T05:00:00.0,2018-09-06T10:00:00.0,10,0.0,1,0.0,0.0,0.01,0.12886473696786538
2018-09-06T06:00:00.0,2018-09-06T11:00:00.0,11,0.0,1,0.0,0.0,0.01,0.12886473696786538
2018-09-06T07:00:00.0,2018-09-06T12:00:00.0,12,1951.28296,0,0.0,0.0,0.99,0.12886473696786538
2018-09-06T08:00:00.0,2018-09-06T13:00:00.0,13,10949.31776,1,5769.152061,11132.12246,0.983236014,2.204673363428697e6
2018-09-06T09:00:00.0,2018-09-06T14:00:00.0,14,17050.46052,1,15314.5037,26706.04247,0.261883374,9.509924198636293e6
2018-09-06T10:00:00.0,2018-09-06T15:00:00.0,15,18601.02357,1,13889.66351,25462.03818,0.442639534,9.736081117091537e6
2018-09-06T11:00:00.0,2018-09-06T16:00:00.0,16,20799.87043,1,15411.32298,27217.61759,0.650412885,1.065111172717011e7
2018-09-06T12:00:00.0,2018-09-06T17:00:00.0,17,21410.414,1,17621.8508,30232.23821,0.338985596,1.2753659991363168e7
2018-09-06T13:00:00.0,2018-09-06T18:00:00.0,18,21257.59276,1,15175.75233,24567.99678,0.691619082,7.256047390002131e6
2018-09-06T14:00:00.0,2018-09-06T19:00:00.0,19,20730.63328,1,16683.54879,25613.01612,0.426956735,6.300318415422797e6
2018-09-06T15:00:00.0,2018-09-06T20:00:00.0,20,18419.29385,1,13001.4294,25784.3047,0.423506665,1.4762473485829711e7
2018-09-06T16:00:00.0,2018-09-06T21:00:00.0,21,16642.65489,0,16712.29628,32004.8804,0.0,1.8848008829345286e7
2018-09-06T17:00:00.0,2018-09-06T22:00:00.0,22,14065.17568,1,11778.54561,23886.12876,0.255155211,1.1175675943250418e7
2018-09-06T18:00:00.0,2018-09-06T23:00:00.0,23,8451.285149,1,6191.200598,13517.2986,0.177318192,4.484054151699543e6
2018-09-06T19:00:00.0,2018-09-07T00:00:00.0,0,1569.02996,1,1278.440109,4376.555288,0.043932493,696708.4827473667
2018-09-06T20:00:00.0,2018-09-07T01:00:00.0,1,1.437431292,0,0.0,0.0,0.99,0.12886473696786538
2018-09-06T21:00:00.0,2018-09-07T02:00:00.0,2,0.0,1,0.0,0.0,0.01,0.12886473696786538
2018-09-06T22:00:00.0,2018-09-07T03:00:00.0,3,0.0,1,0.0,0.0,0.01,0.12886473696786538
2018-09-06T23:00:00.0,2018-09-07T04:00:00.0,4,0.0,1,0.0,0.0,0.01,0.12886473696786538
2018-09-07T00:00:00.0,2018-09-07T05:00:00.0,5,0.0,1,0.0,0.0,0.01,0.12886473696786538
2018-09-07T01:00:00.0,2018-09-07T06:00:00.0,6,0.0,1,0.0,0.0,0.01,0.12886473696786538
2018-09-07T02:00:00.0,2018-09-07T07:00:00.0,7,0.0,1,0.0,0.0,0.01,0.12886473696786538
2018-09-07T03:00:00.0,2018-09-07T08:00:00.0,8,0.0,1,0.0,0.0,0.01,0.12886473696786538
2018-09-07T04:00:00.0,2018-09-07T09:00:00.0,9,0.0,1,0.0,0.0,0.01,0.12886473696786538
2018-09-07T05:00:00.0,2018-09-07T10:00:00.0,10,0.0,1,0.0,0.0,0.01,0.12886473696786538
2018-09-07T06:00:00.0,2018-09-07T11:00:00.0,11,0.0,1,0.0,0.0,0.01,0.12886473696786538
2018-09-07T07:00:00.0,2018-09-07T12:00:00.0,12,1315.927658,0,0.0,0.0,0.99,0.12886473696786538
2018-09-07T08:00:00.0,2018-09-07T13:00:00.0,13,7838.876265,1,4573.177921,11455.92295,0.697765017,4.0411008197605535e6
2018-09-07T09:00:00.0,2018-09-07T14:00:00.0,14,12525.92313,1,12219.59872,24656.34859,0.070652348,1.0464096979970932e7
2018-09-07T10:00:00.0,2018-09-07T15:00:00.0,15,14704.63384,1,12136.67538,26142.36341,0.304965105,1.6334106757655919e7
2018-09-07T11:00:00.0,2018-09-07T16:00:00.0,16,17490.85736,1,13140.15508,30010.20471,0.363619407,2.288770433191544e7
2018-09-07T12:00:00.0,2018-09-07T17:00:00.0,17,18906.47049,1,16908.30738,27187.02554,0.199489921,7.942919152242541e6
2018-09-07T13:00:00.0,2018-09-07T18:00:00.0,18,21923.22067,1,17908.50815,25797.77543,0.529498818,6.348682513544023e6
2018-09-07T14:00:00.0,2018-09-07T19:00:00.0,19,22853.98009,1,17878.62751,29395.21211,0.423073101,1.03245667444098e7
2018-09-07T15:00:00.0,2018-09-07T20:00:00.0,20,21014.93701,1,14317.58873,28638.27859,0.436231422,1.792764254748726e7
2018-09-07T16:00:00.0,2018-09-07T21:00:00.0,21,18284.61172,1,15955.10416,26514.89841,0.255207529,1.026868582761556e7
2018-09-07T17:00:00.0,2018-09-07T22:00:00.0,22,14439.75974,1,9691.818026,21379.97274,0.30249716,1.1031830018415123e7
2018-09-07T18:00:00.0,2018-09-07T23:00:00.0,23,8619.898727,1,5824.551263,14117.4678,0.210623431,5.67670847625573e6
2018-09-07T19:00:00.0,2018-09-08T00:00:00.0,0,1584.128802,1,681.3609389,4364.977871,0.126598601,1.1291466978235003e6
2018-09-07T20:00:00.0,2018-09-08T01:00:00.0,1,0.441525917,0,0.0,0.0,0.99,0.12886473696786538
2018-09-07T21:00:00.0,2018-09-08T02:00:00.0,2,0.0,1,0.0,0.0,0.01,0.12886473696786538
2018-09-07T22:00:00.0,2018-09-08T03:00:00.0,3,0.0,1,0.0,0.0,0.01,0.12886473696786538
2018-09-07T23:00:00.0,2018-09-08T04:00:00.0,4,0.0,1,0.0,0.0,0.01,0.12886473696786538
2018-09-08T00:00:00.0,2018-09-08T05:00:00.0,5,0.0,1,0.0,0.0,0.01,0.12886473696786538
2018-09-08T01:00:00.0,2018-09-08T06:00:00.0,6,0.0,1,0.0,0.0,0.01,0.12886473696786538
2018-09-08T02:00:00.0,2018-09-08T07:00:00.0,7,0.0,1,0.0,0.0,0.01,0.12886473696786538
2018-09-08T03:00:00.0,2018-09-08T08:00:00.0,8,0.0,1,0.0,0.0,0.01,0.12886473696786538
2018-09-08T04:00:00.0,2018-09-08T09:00:00.0,9,0.0,1,0.0,0.0,0.01,0.12886473696786538
2018-09-08T05:00:00.0,2018-09-08T10:00:00.0,10,0.0,1,0.0,0.0,0.01,0.12886473696786538
2018-09-08T06:00:00.0,2018-09-08T11:00:00.0,11,0.0,1,0.0,0.0,0.01,0.12886473696786538
2018-09-08T07:00:00.0,2018-09-08T12:00:00.0,12,1026.405418,0,0.0,0.0,0.99,0.12886473696786538
2018-09-08T08:00:00.0,2018-09-08T13:00:00.0,13,6450.196188,1,5105.648219,10523.69126,0.458142769,1.9509372195004076e6
2018-09-08T09:00:00.0,2018-09-08T14:00:00.0,14,11723.84615,1,10845.11286,25958.2274,0.134907949,1.5060206875109136e7
2018-09-08T10:00:00.0,2018-09-08T15:00:00.0,15,14729.16005,1,12662.44354,26048.08195,0.222110066,1.5585094741218328e7
2018-09-08T11:00:00.0,2018-09-08T16:00:00.0,16,15736.20074,0,16260.82519,30980.11573,0.0,1.5341305205569446e7
2018-09-08T12:00:00.0,2018-09-08T17:00:00.0,17,18219.01411,1,16085.4403,29042.69902,0.164842391,1.4168620801106215e7
2018-09-08T13:00:00.0,2018-09-08T18:00:00.0,18,19612.84394,1,17843.04782,28125.77347,0.331029205,7.209387561074793e6
2018-09-08T14:00:00.0,2018-09-08T19:00:00.0,19,20728.43573,1,16829.67436,28430.86045,0.360470985,8.922270598025024e6
2018-09-08T15:00:00.0,2018-09-08T20:00:00.0,20,21177.63434,1,13739.21915,25814.30111,0.5455345,1.2986498666330159e7
2018-09-08T16:00:00.0,2018-09-08T21:00:00.0,21,19130.52765,1,15387.79984,28518.03653,0.233987409,1.5099137827140987e7
2018-09-08T17:00:00.0,2018-09-08T22:00:00.0,22,17560.73455,1,11428.52433,27393.1661,0.464433262,2.2001582391465306e7
2018-09-08T18:00:00.0,2018-09-08T23:00:00.0,23,11774.24031,1,5262.578242,16598.54693,0.370337746,9.117046707417369e6
2018-09-08T19:00:00.0,2018-09-09T00:00:00.0,0,2778.757414,1,1279.587966,7699.52884,0.089551676,2.9490328676191494e6
2018-09-08T20:00:00.0,2018-09-09T01:00:00.0,1,3.0187625,0,0.0,0.0,0.99,0.12886473696786538
2018-09-08T21:00:00.0,2018-09-09T02:00:00.0,2,0.0,1,0.0,0.0,0.01,0.12886473696786538
2018-09-08T22:00:00.0,2018-09-09T03:00:00.0,3,0.0,1,0.0,0.0,0.01,0.12886473696786538
2018-09-08T23:00:00.0,2018-09-09T04:00:00.0,4,0.0,1,0.0,0.0,0.01,0.12886473696786538
2018-09-09T00:00:00.0,2018-09-09T05:00:00.0,5,0.0,1,0.0,0.0,0.01,0.12886473696786538
2018-09-09T01:00:00.0,2018-09-09T06:00:00.0,6,0.0,1,0.0,0.0,0.01,0.12886473696786538
2018-09-09T02:00:00.0,2018-09-09T07:00:00.0,7,0.0,1,0.0,0.0,0.01,0.12886473696786538
2018-09-09T03:00:00.0,2018-09-09T08:00:00.0,8,0.0,1,0.0,0.0,0.01,0.12886473696786538
2018-09-09T04:00:00.0,2018-09-09T09:00:00.0,9,0.0,1,0.0,0.0,0.01,0.12886473696786538
2018-09-09T05:00:00.0,2018-09-09T10:00:00.0,10,0.0,1,0.0,0.0,0.01,0.12886473696786538
2018-09-09T06:00:00.0,2018-09-09T11:00:00.0,11,0.0,1,0.0,0.0,0.01,0.12886473696786538
2018-09-09T07:00:00.0,2018-09-09T12:00:00.0,12,1525.800492,0,0.0,0.0,0.99,0.12886473696786538
2018-09-09T08:00:00.0,2018-09-09T13:00:00.0,13,11501.71051,1,4731.935103,11723.43668,0.960561096,4.1861234267020747e6
2018-09-09T09:00:00.0,2018-09-09T14:00:00.0,14,15713.81453,1,10748.87398,27938.63048,0.419222972,2.04796797764166e7
2018-09-09T10:00:00.0,2018-09-09T15:00:00.0,15,19611.56463,1,15087.48921,26650.01237,0.525665684,1.0745342387312233e7
2018-09-09T11:00:00.0,2018-09-09T16:00:00.0,16,18687.43578,1,16998.56754,30076.70808,0.235677375,1.1410484104166508e7
2018-09-09T12:00:00.0,2018-09-09T17:00:00.0,17,21610.32333,1,17864.07351,32973.32612,0.37070844,2.072543471478069e7
2018-09-09T13:00:00.0,2018-09-09T18:00:00.0,18,22916.97503,1,14706.51509,29995.68494,0.576502975,2.155463598470807e7
2018-09-09T14:00:00.0,2018-09-09T19:00:00.0,19,23907.09014,1,14733.31014,26903.12318,0.653354073,1.3608962606800139e7
2018-09-09T15:00:00.0,2018-09-09T20:00:00.0,20,24383.50868,1,14085.72273,28057.20775,0.644267052,1.707761452338618e7
2018-09-09T16:00:00.0,2018-09-09T21:00:00.0,21,23112.71471,1,16176.36126,27522.41845,0.615122725,1.1258081016089857e7
2018-09-09T17:00:00.0,2018-09-09T22:00:00.0,22,22735.66199,1,13856.31827,24849.00702,0.766341405,9.844004297569096e6
2018-09-09T18:00:00.0,2018-09-09T23:00:00.0,23,17447.31689,1,6914.560595,23990.23887,0.497129544,2.4931162435284376e7
2018-09-09T19:00:00.0,2018-09-10T00:00:00.0,0,5008.443501,1,2682.193094,11513.17077,0.157478834,6.229300827409007e6
2018-09-09T20:00:00.0,2018-09-10T01:00:00.0,1,1.9376025,0,0.0,0.0,0.99,0.12886473696786538
2018-09-09T21:00:00.0,2018-09-10T02:00:00.0,2,0.0,1,0.0,0.0,0.01,0.12886473696786538
2018-09-09T22:00:00.0,2018-09-10T03:00:00.0,3,0.0,1,0.0,0.0,0.01,0.12886473696786538
2018-09-09T23:00:00.0,2018-09-10T04:00:00.0,4,0.0,1,0.0,0.0,0.01,0.12886473696786538
2018-09-10T00:00:00.0,2018-09-10T05:00:00.0,5,0.0,1,0.0,0.0,0.01,0.12886473696786538
2018-09-10T01:00:00.0,2018-09-10T06:00:00.0,6,0.0,1,0.0,0.0,0.01,0.12886473696786538
2018-09-10T02:00:00.0,2018-09-10T07:00:00.0,7,0.0,1,0.0,0.0,0.01,0.12886473696786538
2018-09-10T03:00:00.0,2018-09-10T08:00:00.0,8,0.0,1,0.0,0.0,0.01,0.12886473696786538
2018-09-10T04:00:00.0,2018-09-10T09:00:00.0,9,0.0,1,0.0,0.0,0.01,0.12886473696786538
2018-09-10T05:00:00.0,2018-09-10T10:00:00.0,10,0.0,1,0.0,0.0,0.01,0.12886473696786538
2018-09-10T06:00:00.0,2018-09-10T11:00:00.0,11,0.0,1,0.0,0.0,0.01,0.12886473696786538
2018-09-10T07:00:00.0,2018-09-10T12:00:00.0,12,1093.877797,0,0.0,0.0,0.99,0.12886473696786538
2018-09-10T08:00:00.0,2018-09-10T13:00:00.0,13,10176.81137,1,7933.58902,12175.46732,0.809681022,1.229917536876887e6
2018-09-10T09:00:00.0,2018-09-10T14:00:00.0,14,17423.08232,1,16828.29363,28365.51902,0.136006342,6.858469571338654e6
2018-09-10T10:00:00.0,2018-09-10T15:00:00.0,15,20618.8749,1,16754.4173,31395.03616,0.368275462,1.720231294806552e7
2018-09-10T11:00:00.0,2018-09-10T16:00:00.0,16,23137.03835,1,21209.31327,33966.67261,0.234374494,1.2374095577208638e7
2018-09-10T12:00:00.0,2018-09-10T17:00:00.0,17,24689.78416,1,20895.63565,32578.02506,0.451327105,1.1547322207357168e7
2018-09-10T13:00:00.0,2018-09-10T18:00:00.0,18,25486.99143,1,14135.22602,31063.32382,0.612898672,2.3588733749906898e7
2018-09-10T14:00:00.0,2018-09-10T19:00:00.0,19,25884.03092,1,15662.71512,31120.623,0.730942952,2.0422986112827897e7
2018-09-10T15:00:00.0,2018-09-10T20:00:00.0,20,26234.76884,1,13714.10842,29727.12838,0.647388199,2.0761695322592735e7
2018-09-10T16:00:00.0,2018-09-10T21:00:00.0,21,25138.89274,1,16033.31362,29149.73483,0.653804988,1.5310394097465158e7
2018-09-10T17:00:00.0,2018-09-10T22:00:00.0,22,23884.76987,1,14853.82452,24998.66514,0.813241267,7.828929467497647e6
2018-09-10T18:00:00.0,2018-09-10T23:00:00.0,23,16550.87383,1,7119.417821,22607.90085,0.434882195,1.5953022469795704e7
2018-09-10T19:00:00.0,2018-09-11T00:00:00.0,0,4445.608478,1,2898.110836,11386.60764,0.090653734,5.665489918362945e6
2018-09-10T20:00:00.0,2018-09-11T01:00:00.0,1,1.092125833,0,0.0,0.0,0.99,0.12886473696786538
2018-09-10T21:00:00.0,2018-09-11T02:00:00.0,2,0.0,1,0.0,0.0,0.01,0.12886473696786538
2018-09-10T22:00:00.0,2018-09-11T03:00:00.0,3,0.0,1,0.0,0.0,0.01,0.12886473696786538
2018-09-10T23:00:00.0,2018-09-11T04:00:00.0,4,0.0,1,0.0,0.0,0.01,0.12886473696786538
2018-09-11T00:00:00.0,2018-09-11T05:00:00.0,5,0.0,1,0.0,0.0,0.01,0.12886473696786538
2018-09-11T01:00:00.0,2018-09-11T06:00:00.0,6,0.0,1,0.0,0.0,0.01,0.12886473696786538
2018-09-11T02:00:00.0,2018-09-11T07:00:00.0,7,0.0,1,0.0,0.0,0.01,0.12886473696786538
2018-09-11T03:00:00.0,2018-09-11T08:00:00.0,8,0.0,1,0.0,0.0,0.01,0.12886473696786538
2018-09-11T04:00:00.0,2018-09-11T09:00:00.0,9,0.0,1,0.0,0.0,0.01,0.12886473696786538
2018-09-11T05:00:00.0,2018-09-11T10:00:00.0,10,0.0,1,0.0,0.0,0.01,0.12886473696786538
2018-09-11T06:00:00.0,2018-09-11T11:00:00.0,11,0.0,1,0.0,0.0,0.01,0.12886473696786538
2018-09-11T07:00:00.0,2018-09-11T12:00:00.0,12,1385.504968,0,0.0,0.0,0.99,0.12886473696786538
2018-09-11T08:00:00.0,2018-09-11T13:00:00.0,13,11838.88795,1,8226.891369,13868.03517,0.844152366,2.4041691545010507e6
2018-09-11T09:00:00.0,2018-09-11T14:00:00.0,14,21954.01887,1,20846.2064,30364.59714,0.225100904,5.499729942698479e6
2018-09-11T10:00:00.0,2018-09-11T15:00:00.0,15,25311.65398,1,20896.97609,34479.67179,0.499417276,1.2693325232270956e7
2018-09-11T11:00:00.0,2018-09-11T16:00:00.0,16,25896.64043,1,25413.64059,34220.70008,0.085024004,6.237687274249673e6
2018-09-11T12:00:00.0,2018-09-11T17:00:00.0,17,27508.14755,1,25942.27138,35750.76667,0.227885424,8.461200464410663e6
2018-09-11T13:00:00.0,2018-09-11T18:00:00.0,18,28590.86857,1,22499.61139,32201.07389,0.592791272,7.288543815521479e6
2018-09-11T14:00:00.0,2018-09-11T19:00:00.0,19,28247.78507,1,20335.27541,35067.34124,0.442526756,1.761904722910452e7
2018-09-11T15:00:00.0,2018-09-11T20:00:00.0,20,27949.85993,1,18375.71255,32601.38325,0.566694311,1.630442437749064e7
2018-09-11T16:00:00.0,2018-09-11T21:00:00.0,21,27382.75667,1,19671.3625,33060.21635,0.575962373,1.5346213349436283e7
2018-09-11T17:00:00.0,2018-09-11T22:00:00.0,22,27078.02672,1,14510.43566,27279.55881,0.947839637,1.072415816516769e7
2018-09-11T18:00:00.0,2018-09-11T23:00:00.0,23,19753.32253,1,9052.122134,28401.24728,0.530422571,3.3159101166967332e7
2018-09-11T19:00:00.0,2018-09-12T00:00:00.0,0,5120.903192,1,3431.148102,12970.28316,0.054977436,6.745443985458523e6
2018-09-11T20:00:00.0,2018-09-12T01:00:00.0,1,0.78003,0,0.0,0.0,0.99,0.12886473696786538
2018-09-11T21:00:00.0,2018-09-12T02:00:00.0,2,0.0,1,0.0,0.0,0.01,0.12886473696786538
2018-09-11T22:00:00.0,2018-09-12T03:00:00.0,3,0.0,1,0.0,0.0,0.01,0.12886473696786538
2018-09-11T23:00:00.0,2018-09-12T04:00:00.0,4,0.0,1,0.0,0.0,0.01,0.12886473696786538
2018-09-12T00:00:00.0,2018-09-12T05:00:00.0,5,0.0,1,0.0,0.0,0.01,0.12886473696786538
2018-09-12T01:00:00.0,2018-09-12T06:00:00.0,6,0.0,1,0.0,0.0,0.01,0.12886473696786538
2018-09-12T02:00:00.0,2018-09-12T07:00:00.0,7,0.0,1,0.0,0.0,0.01,0.12886473696786538
2018-09-12T03:00:00.0,2018-09-12T08:00:00.0,8,0.0,1,0.0,0.0,0.01,0.12886473696786538
2018-09-12T04:00:00.0,2018-09-12T09:00:00.0,9,0.0,1,0.0,0.0,0.01,0.12886473696786538
2018-09-12T05:00:00.0,2018-09-12T10:00:00.0,10,0.0,1,0.0,0.0,0.01,0.12886473696786538
2018-09-12T06:00:00.0,2018-09-12T11:00:00.0,11,0.0,1,0.0,0.0,0.01,0.12886473696786538
2018-09-12T07:00:00.0,2018-09-12T12:00:00.0,12,1774.357612,0,0.0,0.0,0.99,0.12886473696786538
2018-09-12T08:00:00.0,2018-09-12T13:00:00.0,13,11996.22115,1,7702.672186,14146.21321,0.863574765,3.3241089395061433e6
2018-09-12T09:00:00.0,2018-09-12T14:00:00.0,14,18358.96629,1,16852.67484,29035.87811,0.282266303,1.204083214003098e7
2018-09-12T10:00:00.0,2018-09-12T15:00:00.0,15,21348.98282,1,18462.58425,31389.49478,0.275527181,1.3074532737054825e7
2018-09-12T11:00:00.0,2018-09-12T16:00:00.0,16,24426.69298,0,24541.87174,33177.6091,0.0,5.337399909970164e6
2018-09-12T12:00:00.0,2018-09-12T17:00:00.0,17,27773.81663,1,24273.02815,34597.49784,0.509121246,8.366034698055029e6
2018-09-12T13:00:00.0,2018-09-12T18:00:00.0,18,30122.26071,1,21283.3261,33809.37041,0.695025447,1.4426431742787361e7
2018-09-12T14:00:00.0,2018-09-12T19:00:00.0,19,31113.79124,1,20808.75961,33653.86305,0.763856978,1.1885160924587488e7
2018-09-12T15:00:00.0,2018-09-12T20:00:00.0,20,31830.42501,0,21009.13297,30807.91511,1.0,6.68904043505156e6
2018-09-12T16:00:00.0,2018-09-12T21:00:00.0,21,31803.58777,1,24938.35748,37273.47124,0.510588482,1.1759682947550297e7
2018-09-12T17:00:00.0,2018-09-12T22:00:00.0,22,30467.92396,1,22014.09159,32702.885,0.670576366,8.956222969404578e6
2018-09-12T18:00:00.0,2018-09-12T23:00:00.0,23,21044.42092,1,11305.48074,32662.86249,0.356622267,3.65040411985805e7
2018-09-12T19:00:00.0,2018-09-13T00:00:00.0,0,4967.055793,1,2298.457205,11575.95735,0.134729215,6.7421824467396885e6
2018-09-12T20:00:00.0,2018-09-13T01:00:00.0,1,0.5892075,0,0.0,0.0,0.99,0.12886473696786538
2018-09-12T21:00:00.0,2018-09-13T02:00:00.0,2,0.0,1,0.0,0.0,0.01,0.12886473696786538
2018-09-12T22:00:00.0,2018-09-13T03:00:00.0,3,0.0,1,0.0,0.0,0.01,0.12886473696786538
2018-09-12T23:00:00.0,2018-09-13T04:00:00.0,4,0.0,1,0.0,0.0,0.01,0.12886473696786538
2018-09-13T00:00:00.0,2018-09-13T05:00:00.0,5,0.0,1,0.0,0.0,0.01,0.12886473696786538
2018-09-13T01:00:00.0,2018-09-13T06:00:00.0,6,0.0,1,0.0,0.0,0.01,0.12886473696786538
2018-09-13T02:00:00.0,2018-09-13T07:00:00.0,7,0.0,1,0.0,0.0,0.01,0.12886473696786538
2018-09-13T03:00:00.0,2018-09-13T08:00:00.0,8,0.0,1,0.0,0.0,0.01,0.12886473696786538
2018-09-13T04:00:00.0,2018-09-13T09:00:00.0,9,0.0,1,0.0,0.0,0.01,0.12886473696786538
2018-09-13T05:00:00.0,2018-09-13T10:00:00.0,10,0.0,1,0.0,0.0,0.01,0.12886473696786538
2018-09-13T06:00:00.0,2018-09-13T11:00:00.0,11,0.0,1,0.0,0.0,0.01,0.12886473696786538
2018-09-13T07:00:00.0,2018-09-13T12:00:00.0,12,2220.329092,0,0.0,0.0,0.99,0.12886473696786538
2018-09-13T08:00:00.0,2018-09-13T13:00:00.0,13,15390.41968,0,6574.116492,13788.78361,1.0,4.103261664339468e6
2018-09-13T09:00:00.0,2018-09-13T14:00:00.0,14,22756.33215,1,14929.0357,29216.47749,0.608075578,1.6192918273243368e7
2018-09-13T10:00:00.0,2018-09-13T15:00:00.0,15,26588.29529,1,13544.34507,31708.22225,0.79141081,2.3762719100370944e7
2018-09-13T11:00:00.0,2018-09-13T16:00:00.0,16,28965.45179,1,17697.82126,33409.67541,0.688070092,2.226958277261007e7
2018-09-13T12:00:00.0,2018-09-13T17:00:00.0,17,31270.29264,1,21243.242,35355.28654,0.655089757,1.7991944151749015e7
2018-09-13T13:00:00.0,2018-09-13T18:00:00.0,18,31793.42018,1,20420.33329,32644.6011,0.8940422,1.2398340487924218e7
2018-09-13T14:00:00.0,2018-09-13T19:00:00.0,19,30933.83999,1,21947.14257,33239.28551,0.786218084,9.578173383532763e6
2018-09-13T15:00:00.0,2018-09-13T20:00:00.0,20,32010.87266,1,20446.06061,36405.43309,0.741409289,2.2821305298565626e7
2018-09-13T16:00:00.0,2018-09-13T21:00:00.0,21,32096.76066,1,23340.45802,34983.87981,0.706293542,1.1778053667841196e7
2018-09-13T17:00:00.0,2018-09-13T22:00:00.0,22,30632.99611,1,16048.52838,33927.01335,0.730327687,2.6893099771549582e7
2018-09-13T18:00:00.0,2018-09-13T23:00:00.0,23,20946.61817,1,8729.247525,28882.50822,0.420555736,2.976910496987927e7
2018-09-13T19:00:00.0,2018-09-14T00:00:00.0,0,4663.445476,1,2418.075399,13119.8742,0.156668445,9.584670105159909e6
2018-09-13T20:00:00.0,2018-09-14T01:00:00.0,1,0.2754,0,0.0,0.0,0.99,0.12886473696786538
2018-09-13T21:00:00.0,2018-09-14T02:00:00.0,2,0.0,1,0.0,0.0,0.01,0.12886473696786538
2018-09-13T22:00:00.0,2018-09-14T03:00:00.0,3,0.0,1,0.0,0.0,0.01,0.12886473696786538
2018-09-13T23:00:00.0,2018-09-14T04:00:00.0,4,0.0,1,0.0,0.0,0.01,0.12886473696786538
2018-09-14T00:00:00.0,2018-09-14T05:00:00.0,5,0.0,1,0.0,0.0,0.01,0.12886473696786538
2018-09-14T01:00:00.0,2018-09-14T06:00:00.0,6,0.0,1,0.0,0.0,0.01,0.12886473696786538
2018-09-14T02:00:00.0,2018-09-14T07:00:00.0,7,0.0,1,0.0,0.0,0.01,0.12886473696786538
2018-09-14T03:00:00.0,2018-09-14T08:00:00.0,8,0.0,1,0.0,0.0,0.01,0.12886473696786538
2018-09-14T04:00:00.0,2018-09-14T09:00:00.0,9,0.0,1,0.0,0.0,0.01,0.12886473696786538
2018-09-14T05:00:00.0,2018-09-14T10:00:00.0,10,0.0,1,0.0,0.0,0.01,0.12886473696786538
2018-09-14T06:00:00.0,2018-09-14T11:00:00.0,11,0.0,1,0.0,0.0,0.01,0.12886473696786538
2018-09-14T07:00:00.0,2018-09-14T12:00:00.0,12,1343.205279,0,0.0,0.0,0.99,0.12886473696786538
2018-09-14T08:00:00.0,2018-09-14T13:00:00.0,13,12789.0651,0,6744.463396,12141.25903,1.0,2.046435507068649e6
2018-09-14T09:00:00.0,2018-09-14T14:00:00.0,14,22227.25091,1,19710.96783,27974.10036,0.486988754,5.265988192591488e6
2018-09-14T10:00:00.0,2018-09-14T15:00:00.0,15,25577.98184,1,14247.65471,28282.84705,0.829067326,1.6806530830860376e7
2018-09-14T11:00:00.0,2018-09-14T16:00:00.0,16,26581.81993,1,18180.87774,32243.63892,0.539376981,1.5495245135781407e7
2018-09-14T12:00:00.0,2018-09-14T17:00:00.0,17,27448.98078,1,19905.72542,32865.75113,0.498926262,1.4242239435114264e7
2018-09-14T13:00:00.0,2018-09-14T18:00:00.0,18,27038.65664,1,18571.49418,27675.62568,0.866516507,6.213397010084152e6
2018-09-14T14:00:00.0,2018-09-14T19:00:00.0,19,27591.21909,1,20045.03615,31340.3569,0.623606272,1.1240292396911979e7
2018-09-14T15:00:00.0,2018-09-14T20:00:00.0,20,28008.45398,1,16736.90531,32621.04276,0.691613112,2.2809834863683343e7
2018-09-14T16:00:00.0,2018-09-14T21:00:00.0,21,26867.10827,1,19500.23235,28646.19226,0.745003039,5.434476068683147e6
2018-09-14T17:00:00.0,2018-09-14T22:00:00.0,22,24505.36704,1,16019.56505,30119.25882,0.532827862,2.0821364643942118e7
2018-09-14T18:00:00.0,2018-09-14T23:00:00.0,23,16143.96897,1,7828.793352,24679.17367,0.431778818,2.1850116519191086e7
2018-09-14T19:00:00.0,2018-09-15T00:00:00.0,0,3711.034843,1,2791.666861,9356.440408,0.086988891,4.046043233898431e6
2018-09-14T20:00:00.0,2018-09-15T01:00:00.0,1,0.0,1,0.0,0.0,0.01,0.12886473696786538
2018-09-14T21:00:00.0,2018-09-15T02:00:00.0,2,0.0,1,0.0,0.0,0.01,0.12886473696786538
2018-09-14T22:00:00.0,2018-09-15T03:00:00.0,3,0.0,1,0.0,0.0,0.01,0.12886473696786538
2018-09-14T23:00:00.0,2018-09-15T04:00:00.0,4,0.0,1,0.0,0.0,0.01,0.12886473696786538
2018-09-15T00:00:00.0,2018-09-15T05:00:00.0,5,0.0,1,0.0,0.0,0.01,0.12886473696786538
2018-09-15T01:00:00.0,2018-09-15T06:00:00.0,6,0.0,1,0.0,0.0,0.01,0.12886473696786538
2018-09-15T02:00:00.0,2018-09-15T07:00:00.0,7,0.0,1,0.0,0.0,0.01,0.12886473696786538
2018-09-15T03:00:00.0,2018-09-15T08:00:00.0,8,0.0,1,0.0,0.0,0.01,0.12886473696786538
2018-09-15T04:00:00.0,2018-09-15T09:00:00.0,9,0.0,1,0.0,0.0,0.01,0.12886473696786538
2018-09-15T05:00:00.0,2018-09-15T10:00:00.0,10,0.0,1,0.0,0.0,0.01,0.12886473696786538
2018-09-15T06:00:00.0,2018-09-15T11:00:00.0,11,0.0,1,0.0,0.0,0.01,0.12886473696786538
2018-09-15T07:00:00.0,2018-09-15T12:00:00.0,12,1146.141197,0,0.0,0.0,0.99,0.12886473696786538
2018-09-15T08:00:00.0,2018-09-15T13:00:00.0,13,9938.178009,1,5412.900423,12344.14455,0.809662918,4.036069822430052e6
2018-09-15T09:00:00.0,2018-09-15T14:00:00.0,14,15547.62764,1,13705.99949,25837.34428,0.27381123,9.166216408470035e6
2018-09-15T10:00:00.0,2018-09-15T15:00:00.0,15,19800.03255,1,17013.8625,25836.42876,0.430621905,5.736224920513988e6
2018-09-15T11:00:00.0,2018-09-15T16:00:00.0,16,23157.52185,1,20392.92789,28957.28312,0.37695992,5.228252922422409e6
2018-09-15T12:00:00.0,2018-09-15T17:00:00.0,17,22316.04087,1,20603.48646,34001.43477,0.157086793,1.6047136289015532e7
2018-09-15T13:00:00.0,2018-09-15T18:00:00.0,18,21767.53644,1,19543.25129,27831.4069,0.349159785,5.885968008079588e6
2018-09-15T14:00:00.0,2018-09-15T19:00:00.0,19,22229.31666,0,22361.6229,29000.26481,0.0,3.634148612942338e6
2018-09-15T15:00:00.0,2018-09-15T20:00:00.0,20,22095.12402,1,17516.21352,29888.52201,0.426224709,1.4575420694144845e7
2018-09-15T16:00:00.0,2018-09-15T21:00:00.0,21,20574.10931,1,17287.55931,28272.16747,0.325748875,9.269633121938765e6
2018-09-15T17:00:00.0,2018-09-15T22:00:00.0,22,16841.02793,1,12064.85369,24411.96761,0.370485017,1.4138149261421382e7
2018-09-15T18:00:00.0,2018-09-15T23:00:00.0,23,10451.40142,1,5700.505265,16494.15455,0.256575376,8.256382741646916e6
2018-09-15T19:00:00.0,2018-09-16T00:00:00.0,0,1957.809209,1,373.010055,5912.44692,0.172908371,2.6619488817924466e6
2018-09-15T20:00:00.0,2018-09-16T01:00:00.0,1,0.0,1,0.0,0.0,0.01,0.12886473696786538
2018-09-15T21:00:00.0,2018-09-16T02:00:00.0,2,0.0,1,0.0,0.0,0.01,0.12886473696786538
2018-09-15T22:00:00.0,2018-09-16T03:00:00.0,3,0.0,1,0.0,0.0,0.01,0.12886473696786538
2018-09-15T23:00:00.0,2018-09-16T04:00:00.0,4,0.0,1,0.0,0.0,0.01,0.12886473696786538
2018-09-16T00:00:00.0,2018-09-16T05:00:00.0,5,0.0,1,0.0,0.0,0.01,0.12886473696786538
2018-09-16T01:00:00.0,2018-09-16T06:00:00.0,6,0.0,1,0.0,0.0,0.01,0.12886473696786538
2018-09-16T02:00:00.0,2018-09-16T07:00:00.0,7,0.0,1,0.0,0.0,0.01,0.12886473696786538
2018-09-16T03:00:00.0,2018-09-16T08:00:00.0,8,0.0,1,0.0,0.0,0.01,0.12886473696786538
2018-09-16T04:00:00.0,2018-09-16T09:00:00.0,9,0.0,1,0.0,0.0,0.01,0.12886473696786538
2018-09-16T05:00:00.0,2018-09-16T10:00:00.0,10,0.0,1,0.0,0.0,0.01,0.12886473696786538
2018-09-16T06:00:00.0,2018-09-16T11:00:00.0,11,0.0,1,0.0,0.0,0.01,0.12886473696786538
2018-09-16T07:00:00.0,2018-09-16T12:00:00.0,12,1517.188606,0,0.0,0.0,0.99,0.12886473696786538
2018-09-16T08:00:00.0,2018-09-16T13:00:00.0,13,11257.07668,1,5498.301248,11538.70765,0.972757126,3.3098460954465643e6
2018-09-16T09:00:00.0,2018-09-16T14:00:00.0,14,20469.72228,1,14415.26159,22021.06134,0.824759886,5.483512197259784e6
2018-09-16T10:00:00.0,2018-09-16T15:00:00.0,15,25407.1908,1,16359.97482,27668.7433,0.799104226,1.1063610023383558e7
2018-09-16T11:00:00.0,2018-09-16T16:00:00.0,16,27142.5902,1,16610.66673,29910.00245,0.781284923,1.5580461872232437e7
2018-09-16T12:00:00.0,2018-09-16T17:00:00.0,17,28421.40668,1,18500.47783,33697.23129,0.668870159,1.7293599911868095e7
2018-09-16T13:00:00.0,2018-09-16T18:00:00.0,18,29852.25966,1,19476.5127,31901.22302,0.722838295,1.3544850220803738e7
2018-09-16T14:00:00.0,2018-09-16T19:00:00.0,19,29660.15978,1,17972.62116,33102.14754,0.634620094,2.1355237622416615e7
2018-09-16T15:00:00.0,2018-09-16T20:00:00.0,20,28373.09253,1,19540.78179,30525.61721,0.772017238,1.0379309417484522e7
2018-09-16T16:00:00.0,2018-09-16T21:00:00.0,21,28942.3761,1,20591.04859,34071.65813,0.534341093,1.6085408889853954e7
2018-09-16T17:00:00.0,2018-09-16T22:00:00.0,22,26362.49995,1,17582.40453,28449.8293,0.728599115,9.584658173862696e6
2018-09-16T18:00:00.0,2018-09-16T23:00:00.0,23,16644.46784,1,5987.111203,26909.74502,0.43150249,2.9373548695902467e7
2018-09-16T19:00:00.0,2018-09-17T00:00:00.0,0,2956.186499,1,533.0063726,9330.486172,0.108292061,5.4890004303037e6
2018-09-16T20:00:00.0,2018-09-17T01:00:00.0,1,0.0,1,0.0,0.0,0.01,0.12886473696786538
2018-09-16T21:00:00.0,2018-09-17T02:00:00.0,2,0.0,1,0.0,0.0,0.01,0.12886473696786538
2018-09-16T22:00:00.0,2018-09-17T03:00:00.0,3,0.0,1,0.0,0.0,0.01,0.12886473696786538
2018-09-16T23:00:00.0,2018-09-17T04:00:00.0,4,0.0,1,0.0,0.0,0.01,0.12886473696786538
2018-09-17T00:00:00.0,2018-09-17T05:00:00.0,5,0.0,1,0.0,0.0,0.01,0.12886473696786538
2018-09-17T01:00:00.0,2018-09-17T06:00:00.0,6,0.0,1,0.0,0.0,0.01,0.12886473696786538
2018-09-17T02:00:00.0,2018-09-17T07:00:00.0,7,0.0,1,0.0,0.0,0.01,0.12886473696786538
2018-09-17T03:00:00.0,2018-09-17T08:00:00.0,8,0.0,1,0.0,0.0,0.01,0.12886473696786538
2018-09-17T04:00:00.0,2018-09-17T09:00:00.0,9,0.0,1,0.0,0.0,0.01,0.12886473696786538
2018-09-17T05:00:00.0,2018-09-17T10:00:00.0,10,0.0,1,0.0,0.0,0.01,0.12886473696786538
2018-09-17T06:00:00.0,2018-09-17T11:00:00.0,11,0.0,1,0.0,0.0,0.01,0.12886473696786538
2018-09-17T07:00:00.0,2018-09-17T12:00:00.0,12,1385.935105,0,0.0,0.0,0.99,0.12886473696786538
2018-09-17T08:00:00.0,2018-09-17T13:00:00.0,13,13212.75409,1,8558.925071,14347.92256,0.933168552,2.4636905411779433e6
2018-09-17T09:00:00.0,2018-09-17T14:00:00.0,14,21550.3799,1,18106.61061,27584.01058,0.509151391,8.195880147798717e6
2018-09-17T10:00:00.0,2018-09-17T15:00:00.0,15,26477.35359,1,23554.3975,31252.15878,0.615769649,4.497107348121524e6
2018-09-17T11:00:00.0,2018-09-17T16:00:00.0,16,29827.44598,1,22440.87392,33907.90547,0.674982652,1.041611174277854e7
2018-09-17T12:00:00.0,2018-09-17T17:00:00.0,17,29367.46809,1,23182.65815,37811.1013,0.451796723,2.0834695540783644e7
2018-09-17T13:00:00.0,2018-09-17T18:00:00.0,18,28834.04786,1,22414.49359,33014.80036,0.549817869,9.656380068849683e6
2018-09-17T14:00:00.0,2018-09-17T19:00:00.0,19,30408.65721,1,23715.15077,32180.64608,0.687088615,4.965230082414269e6
2018-09-17T15:00:00.0,2018-09-17T20:00:00.0,20,30071.82707,1,22375.31913,35855.6738,0.597439825,1.5454062966234565e7
2018-09-17T16:00:00.0,2018-09-17T21:00:00.0,21,30279.61398,1,26387.80271,37933.21279,0.387772067,1.1642303349115372e7
2018-09-17T17:00:00.0,2018-09-17T22:00:00.0,22,30043.29582,0,19663.02256,29417.04304,1.0,8.390161007203698e6
2018-09-17T18:00:00.0,2018-09-17T23:00:00.0,23,18272.29649,1,8449.703446,29019.35129,0.303900775,3.002001120799482e7
2018-09-17T19:00:00.0,2018-09-18T00:00:00.0,0,3186.468245,1,1246.090521,10518.91867,0.076902921,6.4591773483098075e6
2018-09-17T20:00:00.0,2018-09-18T01:00:00.0,1,0.0,1,0.0,0.0,0.01,0.12886473696786538
2018-09-17T21:00:00.0,2018-09-18T02:00:00.0,2,0.0,1,0.0,0.0,0.01,0.12886473696786538
2018-09-17T22:00:00.0,2018-09-18T03:00:00.0,3,0.0,1,0.0,0.0,0.01,0.12886473696786538
2018-09-17T23:00:00.0,2018-09-18T04:00:00.0,4,0.0,1,0.0,0.0,0.01,0.12886473696786538
2018-09-18T00:00:00.0,2018-09-18T05:00:00.0,5,0.0,1,0.0,0.0,0.01,0.12886473696786538
2018-09-18T01:00:00.0,2018-09-18T06:00:00.0,6,0.0,1,0.0,0.0,0.01,0.12886473696786538
2018-09-18T02:00:00.0,2018-09-18T07:00:00.0,7,0.0,1,0.0,0.0,0.01,0.12886473696786538
2018-09-18T03:00:00.0,2018-09-18T08:00:00.0,8,0.0,1,0.0,0.0,0.01,0.12886473696786538
2018-09-18T04:00:00.0,2018-09-18T09:00:00.0,9,0.0,1,0.0,0.0,0.01,0.12886473696786538
2018-09-18T05:00:00.0,2018-09-18T10:00:00.0,10,0.0,1,0.0,0.0,0.01,0.12886473696786538
2018-09-18T06:00:00.0,2018-09-18T11:00:00.0,11,0.0,1,0.0,0.0,0.01,0.12886473696786538
2018-09-18T07:00:00.0,2018-09-18T12:00:00.0,12,1638.140466,0,0.0,0.0,0.99,0.12886473696786538
2018-09-18T08:00:00.0,2018-09-18T13:00:00.0,13,14873.82192,0,8366.206007,13820.16352,1.0,1.8686072609725893e6
2018-09-18T09:00:00.0,2018-09-18T14:00:00.0,14,25611.69971,1,20215.37164,27653.88449,0.815272337,4.930882932093263e6
2018-09-18T10:00:00.0,2018-09-18T15:00:00.0,15,29225.17165,1,24071.46741,30185.48306,0.852285815,3.2931825812739134e6
2018-09-18T11:00:00.0,2018-09-18T16:00:00.0,16,30082.48142,1,24143.92156,37951.3365,0.471009438,1.802113217749405e7
2018-09-18T12:00:00.0,2018-09-18T17:00:00.0,17,31669.89339,1,23158.1618,38774.21994,0.601991712,2.5537277329634547e7
2018-09-18T13:00:00.0,2018-09-18T18:00:00.0,18,32637.08919,1,26137.25489,33123.10032,0.872345206,3.7006497047240734e6
2018-09-18T14:00:00.0,2018-09-18T19:00:00.0,19,33636.69601,1,25982.54487,37565.46117,0.574880141,1.226327609930563e7
2018-09-18T15:00:00.0,2018-09-18T20:00:00.0,20,34568.18582,1,26664.14912,40561.03582,0.491112114,1.6944991799934387e7
2018-09-18T16:00:00.0,2018-09-18T21:00:00.0,21,34573.30735,1,27036.91941,39582.06604,0.625588416,1.3326386268533945e7
2018-09-18T17:00:00.0,2018-09-18T22:00:00.0,22,32123.75676,1,21960.27784,36131.98331,0.577558024,1.504609643381071e7
2018-09-18T18:00:00.0,2018-09-18T23:00:00.0,23,19290.17531,1,10659.74504,30500.94579,0.292418314,3.668728609119141e7
2018-09-18T19:00:00.0,2018-09-19T00:00:00.0,0,3274.849049,1,842.7782172,9713.493787,0.139495386,6.541980620908417e6
2018-09-18T20:00:00.0,2018-09-19T01:00:00.0,1,0.0,1,0.0,0.0,0.01,0.12886473696786538
2018-09-18T21:00:00.0,2018-09-19T02:00:00.0,2,0.0,1,0.0,0.0,0.01,0.12886473696786538
2018-09-18T22:00:00.0,2018-09-19T03:00:00.0,3,0.0,1,0.0,0.0,0.01,0.12886473696786538
2018-09-18T23:00:00.0,2018-09-19T04:00:00.0,4,0.0,1,0.0,0.0,0.01,0.12886473696786538
2018-09-19T00:00:00.0,2018-09-19T05:00:00.0,5,0.0,1,0.0,0.0,0.01,0.12886473696786538
2018-09-19T01:00:00.0,2018-09-19T06:00:00.0,6,0.0,1,0.0,0.0,0.01,0.12886473696786538
2018-09-19T02:00:00.0,2018-09-19T07:00:00.0,7,0.0,1,0.0,0.0,0.01,0.12886473696786538
2018-09-19T03:00:00.0,2018-09-19T08:00:00.0,8,0.0,1,0.0,0.0,0.01,0.12886473696786538
2018-09-19T04:00:00.0,2018-09-19T09:00:00.0,9,0.0,1,0.0,0.0,0.01,0.12886473696786538
2018-09-19T05:00:00.0,2018-09-19T10:00:00.0,10,0.0,1,0.0,0.0,0.01,0.12886473696786538
2018-09-19T06:00:00.0,2018-09-19T11:00:00.0,11,0.0,1,0.0,0.0,0.01,0.12886473696786538
2018-09-19T07:00:00.0,2018-09-19T12:00:00.0,12,1961.105277,0,0.0,0.0,0.99,0.12886473696786538
2018-09-19T08:00:00.0,2018-09-19T13:00:00.0,13,16593.15694,0,8795.839529,15978.88008,1.0,3.333645174638152e6
2018-09-19T09:00:00.0,2018-09-19T14:00:00.0,14,28726.12326,1,18916.52517,35903.2388,0.676285409,2.446602745798099e7
2018-09-19T10:00:00.0,2018-09-19T15:00:00.0,15,33803.80391,0,21819.08132,33579.71994,1.0,1.1673598271461725e7
2018-09-19T11:00:00.0,2018-09-19T16:00:00.0,16,35471.11701,1,23032.88,36849.67206,0.83832351,1.6515248518559933e7
2018-09-19T12:00:00.0,2018-09-19T17:00:00.0,17,34949.42387,1,23677.74763,39950.69985,0.671193054,2.2689487755972505e7
2018-09-19T13:00:00.0,2018-09-19T18:00:00.0,18,34685.57023,1,24438.00122,34702.73414,0.986749218,9.111403986724734e6
2018-09-19T14:00:00.0,2018-09-19T19:00:00.0,19,35507.09698,1,24098.96198,37422.60465,0.756658471,1.3620847358379245e7
2018-09-19T15:00:00.0,2018-09-19T20:00:00.0,20,35925.28386,1,22039.45497,37029.15647,0.944259354,1.6769560964625955e7
2018-09-19T16:00:00.0,2018-09-19T21:00:00.0,21,34601.78024,1,22664.68316,39976.91532,0.601152256,2.468746823837793e7
2018-09-19T17:00:00.0,2018-09-19T22:00:00.0,22,31615.55269,1,22787.8951,34821.63914,0.679631554,9.38930958635819e6
2018-09-19T18:00:00.0,2018-09-19T23:00:00.0,23,18477.47477,1,9528.052971,30632.82167,0.257910389,3.7848574484309435e7
2018-09-19T19:00:00.0,2018-09-20T00:00:00.0,0,2656.43365,1,1237.629279,9754.573262,0.144119431,6.149125731828064e6
2018-09-19T20:00:00.0,2018-09-20T01:00:00.0,1,0.0,1,0.0,0.0,0.01,0.12886473696786538
2018-09-19T21:00:00.0,2018-09-20T02:00:00.0,2,0.0,1,0.0,0.0,0.01,0.12886473696786538
2018-09-19T22:00:00.0,2018-09-20T03:00:00.0,3,0.0,1,0.0,0.0,0.01,0.12886473696786538
2018-09-19T23:00:00.0,2018-09-20T04:00:00.0,4,0.0,1,0.0,0.0,0.01,0.12886473696786538
2018-09-20T00:00:00.0,2018-09-20T05:00:00.0,5,0.0,1,0.0,0.0,0.01,0.12886473696786538
2018-09-20T01:00:00.0,2018-09-20T06:00:00.0,6,0.0,1,0.0,0.0,0.01,0.12886473696786538
2018-09-20T02:00:00.0,2018-09-20T07:00:00.0,7,0.0,1,0.0,0.0,0.01,0.12886473696786538
2018-09-20T03:00:00.0,2018-09-20T08:00:00.0,8,0.0,1,0.0,0.0,0.01,0.12886473696786538
2018-09-20T04:00:00.0,2018-09-20T09:00:00.0,9,0.0,1,0.0,0.0,0.01,0.12886473696786538
2018-09-20T05:00:00.0,2018-09-20T10:00:00.0,10,0.0,1,0.0,0.0,0.01,0.12886473696786538
2018-09-20T06:00:00.0,2018-09-20T11:00:00.0,11,0.0,1,0.0,0.0,0.01,0.12886473696786538
2018-09-20T07:00:00.0,2018-09-20T12:00:00.0,12,1281.734567,0,0.0,0.0,0.99,0.12886473696786538
2018-09-20T08:00:00.0,2018-09-20T13:00:00.0,13,13250.50939,1,8269.44744,13321.40286,0.985500459,1.7787452540061176e6
2018-09-20T09:00:00.0,2018-09-20T14:00:00.0,14,25453.64212,1,17527.64246,27000.24107,0.857129895,7.269673362934351e6
2018-09-20T10:00:00.0,2018-09-20T15:00:00.0,15,27118.39676,1,21548.80138,32552.70536,0.567187163,9.090102183140278e6
2018-09-20T11:00:00.0,2018-09-20T16:00:00.0,16,26919.98848,1,23982.59069,35701.89004,0.282259089,1.0894909636215448e7
2018-09-20T12:00:00.0,2018-09-20T17:00:00.0,17,25937.40122,1,24165.4223,33740.43854,0.303056823,8.828570809539437e6
2018-09-20T13:00:00.0,2018-09-20T18:00:00.0,18,26540.23321,1,21461.22299,33222.03792,0.392830696,1.2584787044031382e7
2018-09-20T14:00:00.0,2018-09-20T19:00:00.0,19,26552.63376,1,20592.12307,32546.35043,0.46876907,1.1592718054880619e7
2018-09-20T15:00:00.0,2018-09-20T20:00:00.0,20,24713.82369,1,20192.35993,33539.7039,0.378507373,1.641848751383996e7
2018-09-20T16:00:00.0,2018-09-20T21:00:00.0,21,24145.63535,1,16216.26752,34029.56436,0.470818696,2.6347842916512966e7
2018-09-20T17:00:00.0,2018-09-20T22:00:00.0,22,19331.67179,1,13529.38482,26284.45579,0.350033951,1.4653339759262323e7
2018-09-20T18:00:00.0,2018-09-20T23:00:00.0,23,9267.797499,1,5275.160183,16472.88336,0.208894538,1.128406119167012e7
2018-09-20T19:00:00.0,2018-09-21T00:00:00.0,0,879.1044958,1,115.1015415,2978.784434,0.131431189,613327.0663883612
2018-09-20T20:00:00.0,2018-09-21T01:00:00.0,1,0.0,1,0.0,0.0,0.01,0.12886473696786538
2018-09-20T21:00:00.0,2018-09-21T02:00:00.0,2,0.0,1,0.0,0.0,0.01,0.12886473696786538
2018-09-20T22:00:00.0,2018-09-21T03:00:00.0,3,0.0,1,0.0,0.0,0.01,0.12886473696786538
2018-09-20T23:00:00.0,2018-09-21T04:00:00.0,4,0.0,1,0.0,0.0,0.01,0.12886473696786538
2018-09-21T00:00:00.0,2018-09-21T05:00:00.0,5,0.0,1,0.0,0.0,0.01,0.12886473696786538
2018-09-21T01:00:00.0,2018-09-21T06:00:00.0,6,0.0,1,0.0,0.0,0.01,0.12886473696786538
2018-09-21T02:00:00.0,2018-09-21T07:00:00.0,7,0.0,1,0.0,0.0,0.01,0.12886473696786538
2018-09-21T03:00:00.0,2018-09-21T08:00:00.0,8,0.0,1,0.0,0.0,0.01,0.12886473696786538
2018-09-21T04:00:00.0,2018-09-21T09:00:00.0,9,0.0,1,0.0,0.0,0.01,0.12886473696786538
2018-09-21T05:00:00.0,2018-09-21T10:00:00.0,10,0.0,1,0.0,0.0,0.01,0.12886473696786538
2018-09-21T06:00:00.0,2018-09-21T11:00:00.0,11,0.0,1,0.0,0.0,0.01,0.12886473696786538
2018-09-21T07:00:00.0,2018-09-21T12:00:00.0,12,473.3243184,0,0.0,0.0,0.99,0.12886473696786538
2018-09-21T08:00:00.0,2018-09-21T13:00:00.0,13,7629.230493,1,3183.901754,7779.576574,0.982896466,1.4496992641001232e6
2018-09-21T09:00:00.0,2018-09-21T14:00:00.0,14,15757.40081,1,9532.281804,20704.4548,0.665694014,9.689792479522318e6
2018-09-21T10:00:00.0,2018-09-21T15:00:00.0,15,18019.06883,1,9168.551426,18459.09328,0.899766991,6.568932296534717e6
2018-09-21T11:00:00.0,2018-09-21T16:00:00.0,16,17844.49609,1,10518.12215,22713.33012,0.592816207,1.5529041904334784e7
2018-09-21T12:00:00.0,2018-09-21T17:00:00.0,17,20239.20608,1,11732.72503,23580.48427,0.664435541,1.2164195867093563e7
2018-09-21T13:00:00.0,2018-09-21T18:00:00.0,18,20608.65873,1,14685.1338,23834.2999,0.707931348,6.971774143391728e6
2018-09-21T14:00:00.0,2018-09-21T19:00:00.0,19,20736.24652,1,13061.81685,22922.84577,0.650784893,8.42764888883984e6
2018-09-21T15:00:00.0,2018-09-21T20:00:00.0,20,17493.99588,1,10826.1914,21365.0797,0.498619602,9.70665782249105e6
2018-09-21T16:00:00.0,2018-09-21T21:00:00.0,21,14625.47153,1,12161.25647,24507.09711,0.269721155,1.1491437564367354e7
2018-09-21T17:00:00.0,2018-09-21T22:00:00.0,22,16712.53397,1,6833.175765,18430.93023,0.876959251,1.0209352742848933e7
2018-09-21T18:00:00.0,2018-09-21T23:00:00.0,23,10902.78159,1,3268.648357,18136.39675,0.402885251,1.9803382065766305e7
2018-09-21T19:00:00.0,2018-09-22T00:00:00.0,0,1740.329291,1,306.3409303,5783.484003,0.129888241,2.607634664668793e6
2018-09-21T20:00:00.0,2018-09-22T01:00:00.0,1,0.0,1,0.0,0.0,0.01,0.12886473696786538
2018-09-21T21:00:00.0,2018-09-22T02:00:00.0,2,0.0,1,0.0,0.0,0.01,0.12886473696786538
2018-09-21T22:00:00.0,2018-09-22T03:00:00.0,3,0.0,1,0.0,0.0,0.01,0.12886473696786538
2018-09-21T23:00:00.0,2018-09-22T04:00:00.0,4,0.0,1,0.0,0.0,0.01,0.12886473696786538
2018-09-22T00:00:00.0,2018-09-22T05:00:00.0,5,0.0,1,0.0,0.0,0.01,0.12886473696786538
2018-09-22T01:00:00.0,2018-09-22T06:00:00.0,6,0.0,1,0.0,0.0,0.01,0.12886473696786538
2018-09-22T02:00:00.0,2018-09-22T07:00:00.0,7,0.0,1,0.0,0.0,0.01,0.12886473696786538
2018-09-22T03:00:00.0,2018-09-22T08:00:00.0,8,0.0,1,0.0,0.0,0.01,0.12886473696786538
2018-09-22T04:00:00.0,2018-09-22T09:00:00.0,9,0.0,1,0.0,0.0,0.01,0.12886473696786538
2018-09-22T05:00:00.0,2018-09-22T10:00:00.0,10,0.0,1,0.0,0.0,0.01,0.12886473696786538
2018-09-22T06:00:00.0,2018-09-22T11:00:00.0,11,0.0,1,0.0,0.0,0.01,0.12886473696786538
2018-09-22T07:00:00.0,2018-09-22T12:00:00.0,12,640.9070428,0,0.0,0.0,0.99,0.12886473696786538
2018-09-22T08:00:00.0,2018-09-22T13:00:00.0,13,7974.264767,1,2990.701538,9670.669619,0.852715497,3.786220072057668e6
2018-09-22T09:00:00.0,2018-09-22T14:00:00.0,14,12878.7371,1,7814.876101,26468.04493,0.382981177,2.7324402669757545e7
2018-09-22T10:00:00.0,2018-09-22T15:00:00.0,15,17756.87253,1,10831.79652,28549.02771,0.581565504,2.8023678044842422e7
2018-09-22T11:00:00.0,2018-09-22T16:00:00.0,16,20940.79095,1,13029.08308,28644.95351,0.608073353,2.008303203462279e7
2018-09-22T12:00:00.0,2018-09-22T17:00:00.0,17,21367.45305,1,13708.34597,32094.58325,0.420031861,3.207297285881549e7
2018-09-22T13:00:00.0,2018-09-22T18:00:00.0,18,22440.94167,1,14417.39819,32183.93557,0.516508534,2.9198442830545068e7
2018-09-22T14:00:00.0,2018-09-22T19:00:00.0,19,21800.90209,1,14429.18521,32201.22187,0.434961428,3.1952849759159446e7
2018-09-22T15:00:00.0,2018-09-22T20:00:00.0,20,20875.34968,1,12096.02951,29216.65889,0.500201442,2.7126596763802707e7
2018-09-22T16:00:00.0,2018-09-22T21:00:00.0,21,20009.80371,1,12318.21582,29978.66416,0.44710293,3.4239655171344936e7
2018-09-22T17:00:00.0,2018-09-22T22:00:00.0,22,18649.27965,1,7213.057815,25574.24723,0.634331385,2.968723610594207e7
2018-09-22T18:00:00.0,2018-09-22T23:00:00.0,23,12159.75878,1,4143.796152,18679.42785,0.41289144,1.9521879564546973e7
2018-09-22T19:00:00.0,2018-09-23T00:00:00.0,0,2096.930406,1,320.7479029,6959.884937,0.138978588,3.909207829428781e6
2018-09-22T20:00:00.0,2018-09-23T01:00:00.0,1,0.0,1,0.0,0.0,0.01,0.12886473696786538
2018-09-22T21:00:00.0,2018-09-23T02:00:00.0,2,0.0,1,0.0,0.0,0.01,0.12886473696786538
2018-09-22T22:00:00.0,2018-09-23T03:00:00.0,3,0.0,1,0.0,0.0,0.01,0.12886473696786538
2018-09-22T23:00:00.0,2018-09-23T04:00:00.0,4,0.0,1,0.0,0.0,0.01,0.12886473696786538
2018-09-23T00:00:00.0,2018-09-23T05:00:00.0,5,0.0,1,0.0,0.0,0.01,0.12886473696786538
2018-09-23T01:00:00.0,2018-09-23T06:00:00.0,6,0.0,1,0.0,0.0,0.01,0.12886473696786538
2018-09-23T02:00:00.0,2018-09-23T07:00:00.0,7,0.0,1,0.0,0.0,0.01,0.12886473696786538
2018-09-23T03:00:00.0,2018-09-23T08:00:00.0,8,0.0,1,0.0,0.0,0.01,0.12886473696786538
2018-09-23T04:00:00.0,2018-09-23T09:00:00.0,9,0.0,1,0.0,0.0,0.01,0.12886473696786538
2018-09-23T05:00:00.0,2018-09-23T10:00:00.0,10,0.0,1,0.0,0.0,0.01,0.12886473696786538
2018-09-23T06:00:00.0,2018-09-23T11:00:00.0,11,0.0,1,0.0,0.0,0.01,0.12886473696786538
2018-09-23T07:00:00.0,2018-09-23T12:00:00.0,12,1332.416181,0,0.0,0.0,0.99,0.12886473696786538
2018-09-23T08:00:00.0,2018-09-23T13:00:00.0,13,13683.20689,1,7849.565782,13779.43236,0.983607107,2.8542238761624843e6
2018-09-23T09:00:00.0,2018-09-23T14:00:00.0,14,24458.22647,1,19184.6096,34507.54398,0.543280007,1.919049059821582e7
2018-09-23T10:00:00.0,2018-09-23T15:00:00.0,15,27511.74435,1,20152.30577,32349.30181,0.590638499,1.3554831635033727e7
2018-09-23T11:00:00.0,2018-09-23T16:00:00.0,16,28986.23092,1,24560.53467,36702.33118,0.365602323,1.1284267095215678e7
2018-09-23T12:00:00.0,2018-09-23T17:00:00.0,17,28921.28778,1,22166.61472,32951.18397,0.568392877,9.613792253097534e6
2018-09-23T13:00:00.0,2018-09-23T18:00:00.0,18,28278.47433,1,22337.80888,35199.52427,0.424716399,1.3148492939588308e7
2018-09-23T14:00:00.0,2018-09-23T19:00:00.0,19,29025.63889,1,21424.93771,31345.86181,0.764223825,8.070515277353048e6
2018-09-23T15:00:00.0,2018-09-23T20:00:00.0,20,28715.07166,1,19428.20558,30062.91853,0.767737248,7.980508338988304e6
2018-09-23T16:00:00.0,2018-09-23T21:00:00.0,21,27250.30216,1,19023.66371,30170.47504,0.728047576,9.42997182431078e6
2018-09-23T17:00:00.0,2018-09-23T22:00:00.0,22,27552.19502,1,15160.45994,30769.46779,0.800772442,2.2569333960029602e7
2018-09-23T18:00:00.0,2018-09-23T23:00:00.0,23,16811.76599,1,7505.75105,26557.18616,0.318852081,2.8140132962789834e7
2018-09-23T19:00:00.0,2018-09-24T00:00:00.0,0,2517.988828,1,194.4722051,9253.571098,0.095189388,5.085843894467123e6
2018-09-23T20:00:00.0,2018-09-24T01:00:00.0,1,0.0,1,0.0,0.0,0.01,0.12886473696786538
2018-09-23T21:00:00.0,2018-09-24T02:00:00.0,2,0.0,1,0.0,0.0,0.01,0.12886473696786538
2018-09-23T22:00:00.0,2018-09-24T03:00:00.0,3,0.0,1,0.0,0.0,0.01,0.12886473696786538
2018-09-23T23:00:00.0,2018-09-24T04:00:00.0,4,0.0,1,0.0,0.0,0.01,0.12886473696786538
2018-09-24T00:00:00.0,2018-09-24T05:00:00.0,5,0.0,1,0.0,0.0,0.01,0.12886473696786538
2018-09-24T01:00:00.0,2018-09-24T06:00:00.0,6,0.0,1,0.0,0.0,0.01,0.12886473696786538
2018-09-24T02:00:00.0,2018-09-24T07:00:00.0,7,0.0,1,0.0,0.0,0.01,0.12886473696786538
2018-09-24T03:00:00.0,2018-09-24T08:00:00.0,8,0.0,1,0.0,0.0,0.01,0.12886473696786538
2018-09-24T04:00:00.0,2018-09-24T09:00:00.0,9,0.0,1,0.0,0.0,0.01,0.12886473696786538
2018-09-24T05:00:00.0,2018-09-24T10:00:00.0,10,0.0,1,0.0,0.0,0.01,0.12886473696786538
2018-09-24T06:00:00.0,2018-09-24T11:00:00.0,11,0.0,1,0.0,0.0,0.01,0.12886473696786538
2018-09-24T07:00:00.0,2018-09-24T12:00:00.0,12,1254.216815,0,0.0,0.0,0.99,0.12886473696786538
2018-09-24T08:00:00.0,2018-09-24T13:00:00.0,13,13163.4031,1,10320.20042,13535.59204,0.973631544,528381.3943862915
2018-09-24T09:00:00.0,2018-09-24T14:00:00.0,14,24778.51829,1,23745.87916,35425.82963,0.188849764,7.27102033757174e6
2018-09-24T10:00:00.0,2018-09-24T15:00:00.0,15,30253.81083,1,24588.80219,35453.37766,0.601189675,1.0694580807896852e7
2018-09-24T11:00:00.0,2018-09-24T16:00:00.0,16,31582.85351,1,25214.52522,41136.976,0.465961275,2.0984424112085223e7
2018-09-24T12:00:00.0,2018-09-24T17:00:00.0,17,31097.24016,1,30523.04524,35098.04899,0.170383088,1.8168902376935482e6
2018-09-24T13:00:00.0,2018-09-24T18:00:00.0,18,31392.38844,1,27454.52439,36976.86125,0.344472908,7.292118851572871e6
2018-09-24T14:00:00.0,2018-09-24T19:00:00.0,19,30924.5195,1,28072.81339,38602.63061,0.344801057,9.67664524158454e6
2018-09-24T15:00:00.0,2018-09-24T20:00:00.0,20,31767.41846,1,22504.20271,36829.41619,0.596418048,1.9201337508645535e7
2018-09-24T16:00:00.0,2018-09-24T21:00:00.0,21,31455.89663,1,26861.82119,37663.25158,0.323914201,8.93586159758389e6
2018-09-24T17:00:00.0,2018-09-24T22:00:00.0,22,30347.40056,1,24689.86596,35723.0906,0.531871187,1.0347794665445924e7
2018-09-24T18:00:00.0,2018-09-24T23:00:00.0,23,17830.4787,1,11397.96617,29982.41882,0.168595854,2.7117931180728316e7
2018-09-24T19:00:00.0,2018-09-25T00:00:00.0,0,2404.129109,1,470.3625373,8436.456671,0.162696267,5.994646583931487e6
2018-09-24T20:00:00.0,2018-09-25T01:00:00.0,1,0.0,1,0.0,0.0,0.01,0.12886473696786538
2018-09-24T21:00:00.0,2018-09-25T02:00:00.0,2,0.0,1,0.0,0.0,0.01,0.12886473696786538
2018-09-24T22:00:00.0,2018-09-25T03:00:00.0,3,0.0,1,0.0,0.0,0.01,0.12886473696786538
2018-09-24T23:00:00.0,2018-09-25T04:00:00.0,4,0.0,1,0.0,0.0,0.01,0.12886473696786538
2018-09-25T00:00:00.0,2018-09-25T05:00:00.0,5,0.0,1,0.0,0.0,0.01,0.12886473696786538
2018-09-25T01:00:00.0,2018-09-25T06:00:00.0,6,0.0,1,0.0,0.0,0.01,0.12886473696786538
2018-09-25T02:00:00.0,2018-09-25T07:00:00.0,7,0.0,1,0.0,0.0,0.01,0.12886473696786538
2018-09-25T03:00:00.0,2018-09-25T08:00:00.0,8,0.0,1,0.0,0.0,0.01,0.12886473696786538
2018-09-25T04:00:00.0,2018-09-25T09:00:00.0,9,0.0,1,0.0,0.0,0.01,0.12886473696786538
2018-09-25T05:00:00.0,2018-09-25T10:00:00.0,10,0.0,1,0.0,0.0,0.01,0.12886473696786538
2018-09-25T06:00:00.0,2018-09-25T11:00:00.0,11,0.0,1,0.0,0.0,0.01,0.12886473696786538
2018-09-25T07:00:00.0,2018-09-25T12:00:00.0,12,1228.624371,0,0.0,0.0,0.99,0.12886473696786538
2018-09-25T08:00:00.0,2018-09-25T13:00:00.0,13,14249.264,1,11734.3295,16147.46624,0.842709421,1.2312646254087985e6
2018-09-25T09:00:00.0,2018-09-25T14:00:00.0,14,27805.09871,1,25108.42698,32663.07328,0.725222459,3.3175666337885857e6
2018-09-25T10:00:00.0,2018-09-25T15:00:00.0,15,32955.52777,1,23369.40479,38738.97502,0.610262098,1.9489586873752594e7
2018-09-25T11:00:00.0,2018-09-25T16:00:00.0,16,35143.77411,1,26494.14895,42101.20987,0.543138188,1.9536199263602495e7
2018-09-25T12:00:00.0,2018-09-25T17:00:00.0,17,34943.85726,1,27735.62615,37956.30985,0.654868386,8.012331155305862e6
2018-09-25T13:00:00.0,2018-09-25T18:00:00.0,18,34237.79213,1,29819.19787,35352.60638,0.702068476,2.3359787751545906e6
2018-09-25T14:00:00.0,2018-09-25T19:00:00.0,19,34087.96126,1,27355.43504,37117.96482,0.621306519,7.78767782393527e6
2018-09-25T15:00:00.0,2018-09-25T20:00:00.0,20,33779.02091,1,28143.45924,34191.13452,0.808413741,3.119635559855938e6
2018-09-25T16:00:00.0,2018-09-25T21:00:00.0,21,32097.14588,1,29019.66024,37059.52445,0.391422986,4.637846757129431e6
2018-09-25T17:00:00.0,2018-09-25T22:00:00.0,22,29825.15455,1,25478.01231,37342.21145,0.393841346,1.2559278045696259e7
2018-09-25T18:00:00.0,2018-09-25T23:00:00.0,23,16069.85737,1,9992.409388,26637.89812,0.175873275,2.07955873072052e7
2018-09-25T19:00:00.0,2018-09-26T00:00:00.0,0,1764.56373,1,53.82412883,7260.716186,0.16142765,4.278286359227292e6
2018-09-25T20:00:00.0,2018-09-26T01:00:00.0,1,0.0,1,0.0,0.0,0.01,0.12886473696786538
2018-09-25T21:00:00.0,2018-09-26T02:00:00.0,2,0.0,1,0.0,0.0,0.01,0.12886473696786538
2018-09-25T22:00:00.0,2018-09-26T03:00:00.0,3,0.0,1,0.0,0.0,0.01,0.12886473696786538
2018-09-25T23:00:00.0,2018-09-26T04:00:00.0,4,0.0,1,0.0,0.0,0.01,0.12886473696786538
2018-09-26T00:00:00.0,2018-09-26T05:00:00.0,5,0.0,1,0.0,0.0,0.01,0.12886473696786538
2018-09-26T01:00:00.0,2018-09-26T06:00:00.0,6,0.0,1,0.0,0.0,0.01,0.12886473696786538
2018-09-26T02:00:00.0,2018-09-26T07:00:00.0,7,0.0,1,0.0,0.0,0.01,0.12886473696786538
2018-09-26T03:00:00.0,2018-09-26T08:00:00.0,8,0.0,1,0.0,0.0,0.01,0.12886473696786538
2018-09-26T04:00:00.0,2018-09-26T09:00:00.0,9,0.0,1,0.0,0.0,0.01,0.12886473696786538
2018-09-26T05:00:00.0,2018-09-26T10:00:00.0,10,0.0,1,0.0,0.0,0.01,0.12886473696786538
2018-09-26T06:00:00.0,2018-09-26T11:00:00.0,11,0.0,1,0.0,0.0,0.01,0.12886473696786538
2018-09-26T07:00:00.0,2018-09-26T12:00:00.0,12,854.4905191,0,0.0,0.0,0.99,0.12886473696786538
2018-09-26T08:00:00.0,2018-09-26T13:00:00.0,13,8042.000678,1,3170.573288,8231.583168,0.976131589,1.7967933757042699e6
2018-09-26T09:00:00.0,2018-09-26T14:00:00.0,14,11264.96794,1,9035.495494,20283.9266,0.301062277,8.485133066169202e6
2018-09-26T10:00:00.0,2018-09-26T15:00:00.0,15,12477.80737,1,10236.90075,19289.0129,0.381989286,7.337473405856103e6
2018-09-26T11:00:00.0,2018-09-26T16:00:00.0,16,12338.68574,0,13400.47174,20377.30535,0.0,3.5636808480574787e6
2018-09-26T12:00:00.0,2018-09-26T17:00:00.0,17,13543.0888,1,12726.36646,21816.67053,0.155320665,6.60965907996881e6
2018-09-26T13:00:00.0,2018-09-26T18:00:00.0,18,15610.49541,1,12872.99981,21135.52427,0.379611839,6.0013498813224435e6
2018-09-26T14:00:00.0,2018-09-26T19:00:00.0,19,16278.33162,1,14519.97175,23164.68142,0.361016268,5.656757292319238e6
2018-09-26T15:00:00.0,2018-09-26T20:00:00.0,20,15347.73808,1,11715.64537,18249.69863,0.478002498,3.632848078692287e6
2018-09-26T16:00:00.0,2018-09-26T21:00:00.0,21,14613.85912,1,11464.38574,22344.894,0.323599549,1.009810324743104e7
2018-09-26T17:00:00.0,2018-09-26T22:00:00.0,22,14611.33006,1,7211.877346,16205.48227,0.808701782,5.940532015573949e6
2018-09-26T18:00:00.0,2018-09-26T23:00:00.0,23,8210.560747,1,2873.512291,12074.83306,0.402679796,6.683921380408719e6
2018-09-26T19:00:00.0,2018-09-27T00:00:00.0,0,1101.738262,1,65.55067383,4057.952413,0.099021201,1.0183635359825287e6
2018-09-26T20:00:00.0,2018-09-27T01:00:00.0,1,0.0,1,0.0,0.0,0.01,0.12886473696786538
2018-09-26T21:00:00.0,2018-09-27T02:00:00.0,2,0.0,1,0.0,0.0,0.01,0.12886473696786538
2018-09-26T22:00:00.0,2018-09-27T03:00:00.0,3,0.0,1,0.0,0.0,0.01,0.12886473696786538
2018-09-26T23:00:00.0,2018-09-27T04:00:00.0,4,0.0,1,0.0,0.0,0.01,0.12886473696786538
2018-09-27T00:00:00.0,2018-09-27T05:00:00.0,5,0.0,1,0.0,0.0,0.01,0.12886473696786538
2018-09-27T01:00:00.0,2018-09-27T06:00:00.0,6,0.0,1,0.0,0.0,0.01,0.12886473696786538
2018-09-27T02:00:00.0,2018-09-27T07:00:00.0,7,0.0,1,0.0,0.0,0.01,0.12886473696786538
2018-09-27T03:00:00.0,2018-09-27T08:00:00.0,8,0.0,1,0.0,0.0,0.01,0.12886473696786538
2018-09-27T04:00:00.0,2018-09-27T09:00:00.0,9,0.0,1,0.0,0.0,0.01,0.12886473696786538
2018-09-27T05:00:00.0,2018-09-27T10:00:00.0,10,0.0,1,0.0,0.0,0.01,0.12886473696786538
2018-09-27T06:00:00.0,2018-09-27T11:00:00.0,11,0.0,1,0.0,0.0,0.01,0.12886473696786538
2018-09-27T07:00:00.0,2018-09-27T12:00:00.0,12,658.0194855,0,0.0,0.0,0.99,0.12886473696786538
2018-09-27T08:00:00.0,2018-09-27T13:00:00.0,13,11218.84204,1,7758.1359,11983.73895,0.957236325,1.2257251025178432e6
2018-09-27T09:00:00.0,2018-09-27T14:00:00.0,14,15696.92127,0,20512.40688,28638.83996,0.0,4.4683049936051965e6
2018-09-27T10:00:00.0,2018-09-27T15:00:00.0,15,20365.02362,0,27734.9082,32395.41483,0.0,835180.2708925009
2018-09-27T11:00:00.0,2018-09-27T16:00:00.0,16,23852.64102,0,25621.88036,38075.73402,0.0,9.960513683047295e6
2018-09-27T12:00:00.0,2018-09-27T17:00:00.0,17,27446.62812,0,30936.54316,37854.95575,0.0,2.6002615078337193e6
2018-09-27T13:00:00.0,2018-09-27T18:00:00.0,18,31069.6214,1,28040.18996,39388.24832,0.416826525,1.1137173066367269e7
2018-09-27T14:00:00.0,2018-09-27T19:00:00.0,19,31415.11036,1,29426.43202,37931.08484,0.350126789,7.429204592043638e6
2018-09-27T15:00:00.0,2018-09-27T20:00:00.0,20,31416.99408,1,24548.43327,39677.30493,0.533066192,2.0361254513804317e7
2018-09-27T16:00:00.0,2018-09-27T21:00:00.0,21,31502.09928,1,24163.36159,37190.56203,0.520240916,1.4555681794451118e7
2018-09-27T17:00:00.0,2018-09-27T22:00:00.0,22,29830.63561,1,20713.94779,30787.84476,0.834754006,6.957475600277305e6
2018-09-27T18:00:00.0,2018-09-27T23:00:00.0,23,16346.74078,1,9929.816722,29295.88203,0.179670006,3.536369355527699e7
2018-09-27T19:00:00.0,2018-09-28T00:00:00.0,0,1816.516864,1,164.7813466,6710.833883,0.112152129,3.413104080223309e6
2018-09-27T20:00:00.0,2018-09-28T01:00:00.0,1,0.0,1,0.0,0.0,0.01,0.12886473696786538
2018-09-27T21:00:00.0,2018-09-28T02:00:00.0,2,0.0,1,0.0,0.0,0.01,0.12886473696786538
2018-09-27T22:00:00.0,2018-09-28T03:00:00.0,3,0.0,1,0.0,0.0,0.01,0.12886473696786538
2018-09-27T23:00:00.0,2018-09-28T04:00:00.0,4,0.0,1,0.0,0.0,0.01,0.12886473696786538
2018-09-28T00:00:00.0,2018-09-28T05:00:00.0,5,0.0,1,0.0,0.0,0.01,0.12886473696786538
2018-09-28T01:00:00.0,2018-09-28T06:00:00.0,6,0.0,1,0.0,0.0,0.01,0.12886473696786538
2018-09-28T02:00:00.0,2018-09-28T07:00:00.0,7,0.0,1,0.0,0.0,0.01,0.12886473696786538
2018-09-28T03:00:00.0,2018-09-28T08:00:00.0,8,0.0,1,0.0,0.0,0.01,0.12886473696786538
2018-09-28T04:00:00.0,2018-09-28T09:00:00.0,9,0.0,1,0.0,0.0,0.01,0.12886473696786538
2018-09-28T05:00:00.0,2018-09-28T10:00:00.0,10,0.0,1,0.0,0.0,0.01,0.12886473696786538
2018-09-28T06:00:00.0,2018-09-28T11:00:00.0,11,0.0,1,0.0,0.0,0.01,0.12886473696786538
2018-09-28T07:00:00.0,2018-09-28T12:00:00.0,12,950.1367949,0,0.0,0.0,0.99,0.12886473696786538
2018-09-28T08:00:00.0,2018-09-28T13:00:00.0,13,12287.13962,1,10613.70223,15566.42763,0.666488906,1.4391381971275508e6
2018-09-28T09:00:00.0,2018-09-28T14:00:00.0,14,23591.94737,0,26242.13865,34567.51981,0.0,2.86221043888402e6
2018-09-28T10:00:00.0,2018-09-28T15:00:00.0,15,27615.54947,0,30358.11028,39985.83602,0.0,6.392042675585985e6
2018-09-28T11:00:00.0,2018-09-28T16:00:00.0,16,29221.55583,0,30448.18702,40261.36934,0.0,6.3249231625061035e6
2018-09-28T12:00:00.0,2018-09-28T17:00:00.0,17,29939.75111,1,27802.81653,41516.50984,0.182096279,1.490597282003951e7
2018-09-28T13:00:00.0,2018-09-28T18:00:00.0,18,30529.32081,1,22819.26851,33027.72255,0.641429925,8.31712819425261e6
2018-09-28T14:00:00.0,2018-09-28T19:00:00.0,19,31359.34676,1,26295.93644,36580.33085,0.556459556,8.943375469325185e6
2018-09-28T15:00:00.0,2018-09-28T20:00:00.0,20,31067.358,1,26450.70531,33349.47737,0.584275375,3.99827732369709e6
2018-09-28T16:00:00.0,2018-09-28T21:00:00.0,21,29848.56759,1,25842.85816,36907.76578,0.373260307,1.0640421817501664e7
2018-09-28T17:00:00.0,2018-09-28T22:00:00.0,22,25825.23007,1,17743.89562,31247.01865,0.429365829,1.4748378540376306e7
2018-09-28T18:00:00.0,2018-09-28T23:00:00.0,23,13389.26798,1,9535.384982,23928.31604,0.183452154,1.9299942676918983e7
2018-09-28T19:00:00.0,2018-09-29T00:00:00.0,0,1491.797748,1,447.6859626,5611.757645,0.098721636,2.1958878165044077e6
2018-09-28T20:00:00.0,2018-09-29T01:00:00.0,1,0.0,1,0.0,0.0,0.01,0.12886473696786538
2018-09-28T21:00:00.0,2018-09-29T02:00:00.0,2,0.0,1,0.0,0.0,0.01,0.12886473696786538
2018-09-28T22:00:00.0,2018-09-29T03:00:00.0,3,0.0,1,0.0,0.0,0.01,0.12886473696786538
2018-09-28T23:00:00.0,2018-09-29T04:00:00.0,4,0.0,1,0.0,0.0,0.01,0.12886473696786538
2018-09-29T00:00:00.0,2018-09-29T05:00:00.0,5,0.0,1,0.0,0.0,0.01,0.12886473696786538
2018-09-29T01:00:00.0,2018-09-29T06:00:00.0,6,0.0,1,0.0,0.0,0.01,0.12886473696786538
2018-09-29T02:00:00.0,2018-09-29T07:00:00.0,7,0.0,1,0.0,0.0,0.01,0.12886473696786538
2018-09-29T03:00:00.0,2018-09-29T08:00:00.0,8,0.0,1,0.0,0.0,0.01,0.12886473696786538
2018-09-29T04:00:00.0,2018-09-29T09:00:00.0,9,0.0,1,0.0,0.0,0.01,0.12886473696786538
2018-09-29T05:00:00.0,2018-09-29T10:00:00.0,10,0.0,1,0.0,0.0,0.01,0.12886473696786538
2018-09-29T06:00:00.0,2018-09-29T11:00:00.0,11,0.0,1,0.0,0.0,0.01,0.12886473696786538
2018-09-29T07:00:00.0,2018-09-29T12:00:00.0,12,479.457074,0,0.0,0.0,0.99,0.12886473696786538
2018-09-29T08:00:00.0,2018-09-29T13:00:00.0,13,8227.525942,1,3679.804847,9577.252743,0.94989794,2.1113665691136755e6
2018-09-29T09:00:00.0,2018-09-29T14:00:00.0,14,12985.27859,1,10523.02656,24829.37023,0.332877935,1.5962400359572053e7
2018-09-29T10:00:00.0,2018-09-29T15:00:00.0,15,16755.31799,1,12731.88605,25461.07932,0.410728131,1.2315483524302006e7
2018-09-29T11:00:00.0,2018-09-29T16:00:00.0,16,20974.63555,1,13417.00002,28366.12841,0.647169521,2.121621085598141e7
2018-09-29T12:00:00.0,2018-09-29T17:00:00.0,17,25205.24029,1,18003.88281,29344.83736,0.69954909,1.0692360544289947e7
2018-09-29T13:00:00.0,2018-09-29T18:00:00.0,18,27017.92461,1,19432.33742,29085.31239,0.745399128,7.859484210841656e6
2018-09-29T14:00:00.0,2018-09-29T19:00:00.0,19,26963.52953,1,20096.79691,31366.52305,0.518093129,1.0046956528303504e7
2018-09-29T15:00:00.0,2018-09-29T20:00:00.0,20,27799.83959,0,17308.63515,27704.75825,1.0,7.894853486779332e6
2018-09-29T16:00:00.0,2018-09-29T21:00:00.0,21,26967.15553,1,19439.74135,31952.49556,0.52077396,1.4474647306268334e7
2018-09-29T17:00:00.0,2018-09-29T22:00:00.0,22,23708.23915,1,18274.29998,27877.5488,0.48765231,7.317241665752649e6
2018-09-29T18:00:00.0,2018-09-29T23:00:00.0,23,12308.56153,1,6601.728817,20740.96407,0.231890922,1.7263837857532233e7
2018-09-29T19:00:00.0,2018-09-30T00:00:00.0,0,1411.490664,1,74.5709779,6066.688837,0.083893417,2.8928592680660747e6
2018-09-29T20:00:00.0,2018-09-30T01:00:00.0,1,0.0,1,0.0,0.0,0.01,0.12886473696786538
2018-09-29T21:00:00.0,2018-09-30T02:00:00.0,2,0.0,1,0.0,0.0,0.01,0.12886473696786538
2018-09-29T22:00:00.0,2018-09-30T03:00:00.0,3,0.0,1,0.0,0.0,0.01,0.12886473696786538
2018-09-29T23:00:00.0,2018-09-30T04:00:00.0,4,0.0,1,0.0,0.0,0.01,0.12886473696786538
2018-09-30T00:00:00.0,2018-09-30T05:00:00.0,5,0.0,1,0.0,0.0,0.01,0.12886473696786538
2018-09-30T01:00:00.0,2018-09-30T06:00:00.0,6,0.0,1,0.0,0.0,0.01,0.12886473696786538
2018-09-30T02:00:00.0,2018-09-30T07:00:00.0,7,0.0,1,0.0,0.0,0.01,0.12886473696786538
2018-09-30T03:00:00.0,2018-09-30T08:00:00.0,8,0.0,1,0.0,0.0,0.01,0.12886473696786538
2018-09-30T04:00:00.0,2018-09-30T09:00:00.0,9,0.0,1,0.0,0.0,0.01,0.12886473696786538
2018-09-30T05:00:00.0,2018-09-30T10:00:00.0,10,0.0,1,0.0,0.0,0.01,0.12886473696786538
2018-09-30T06:00:00.0,2018-09-30T11:00:00.0,11,0.0,1,0.0,0.0,0.01,0.12886473696786538
2018-09-30T07:00:00.0,2018-09-30T12:00:00.0,12,679.6933393,0,0.0,0.0,0.99,0.12886473696786538
2018-09-30T08:00:00.0,2018-09-30T13:00:00.0,13,11979.9124,0,4576.805715,7651.892748,1.0,787392.0139005929
2018-09-30T09:00:00.0,2018-09-30T14:00:00.0,14,21958.34196,0,11197.8247,20269.72569,1.0,6.383399705030113e6
2018-09-30T10:00:00.0,2018-09-30T15:00:00.0,15,26606.81221,1,13540.9202,27191.84983,0.968201408,1.501066152277869e7
2018-09-30T11:00:00.0,2018-09-30T16:00:00.0,16,28010.59482,1,16907.0579,29598.13399,0.852831044,1.2650400277893186e7
2018-09-30T12:00:00.0,2018-09-30T17:00:00.0,17,29178.35912,1,17853.01175,29616.81338,0.923725487,1.059019225317061e7
2018-09-30T13:00:00.0,2018-09-30T18:00:00.0,18,28449.30416,1,19071.37127,33300.94039,0.580652012,1.7704025606331944e7
2018-09-30T14:00:00.0,2018-09-30T19:00:00.0,19,28335.46334,1,18725.66448,35437.07781,0.528110767,2.6621125524074078e7
2018-09-30T15:00:00.0,2018-09-30T20:00:00.0,20,28821.1235,1,19575.11523,33732.78321,0.582876195,1.6108550623997211e7
2018-09-30T16:00:00.0,2018-09-30T21:00:00.0,21,28358.58698,1,22335.60382,32426.25868,0.558301773,1.0199110221268296e7
2018-09-30T17:00:00.0,2018-09-30T22:00:00.0,22,25713.43569,1,19227.21986,32295.50948,0.400977052,1.4764320413880944e7
2018-09-30T18:00:00.0,2018-09-30T23:00:00.0,23,13534.70783,1,7574.908993,24647.33203,0.224604396,2.353616995370847e7
2018-09-30T19:00:00.0,2018-10-01T00:00:00.0,0,1344.241909,1,289.4058863,5789.33893,0.095578128,2.6408158544543628e6
2018-09-30T20:00:00.0,2018-10-01T01:00:00.0,1,0.0,1,0.0,0.0,0.01,0.12886473696786538
2018-09-30T21:00:00.0,2018-10-01T02:00:00.0,2,0.0,1,0.0,0.0,0.01,0.12886473696786538
2018-09-30T22:00:00.0,2018-10-01T03:00:00.0,3,0.0,1,0.0,0.0,0.01,0.12886473696786538
2018-09-30T23:00:00.0,2018-10-01T04:00:00.0,4,0.0,1,0.0,0.0,0.01,0.12886473696786538
2018-10-01T00:00:00.0,2018-10-01T05:00:00.0,5,0.0,1,0.0,0.0,0.01,0.12886473696786538
2018-10-01T01:00:00.0,2018-10-01T06:00:00.0,6,0.0,1,0.0,0.0,0.01,0.12886473696786538
2018-10-01T02:00:00.0,2018-10-01T07:00:00.0,7,0.0,1,0.0,0.0,0.01,0.12886473696786538
2018-10-01T03:00:00.0,2018-10-01T08:00:00.0,8,0.0,1,0.0,0.0,0.01,0.12886473696786538
2018-10-01T04:00:00.0,2018-10-01T09:00:00.0,9,0.0,1,0.0,0.0,0.01,0.12886473696786538
2018-10-01T05:00:00.0,2018-10-01T10:00:00.0,10,0.0,1,0.0,0.0,0.01,0.12886473696786538
2018-10-01T06:00:00.0,2018-10-01T11:00:00.0,11,0.0,1,0.0,0.0,0.01,0.12886473696786538
2018-10-01T07:00:00.0,2018-10-01T12:00:00.0,12,663.0179016,0,0.0,0.0,0.99,0.12886473696786538
2018-10-01T08:00:00.0,2018-10-01T13:00:00.0,13,9640.590922,0,4366.655533,7787.175413,1.0,875028.2736293897
2018-10-01T09:00:00.0,2018-10-01T14:00:00.0,14,21531.99994,1,11746.71469,22537.88935,0.916814962,9.495299538298726e6
2018-10-01T10:00:00.0,2018-10-01T15:00:00.0,15,26678.9646,1,11027.19447,30068.12023,0.80818142,2.9118969599860013e7
2018-10-01T11:00:00.0,2018-10-01T16:00:00.0,16,27883.40989,0,15421.93198,27434.16428,1.0,1.0770524837721407e7
2018-10-01T12:00:00.0,2018-10-01T17:00:00.0,17,29409.12445,1,15839.74716,32362.43705,0.821926493,2.1894560561922193e7
2018-10-01T13:00:00.0,2018-10-01T18:00:00.0,18,30452.93597,1,16266.72947,34689.14204,0.697611842,2.5956806832304e7
2018-10-01T14:00:00.0,2018-10-01T19:00:00.0,19,31087.00807,1,18312.52661,32140.32842,0.848297832,1.3701818093309522e7
2018-10-01T15:00:00.0,2018-10-01T20:00:00.0,20,32144.55237,1,14093.06474,34609.2683,0.743736298,3.3531411208693266e7
2018-10-01T16:00:00.0,2018-10-01T21:00:00.0,21,32475.78956,1,24270.87647,38055.67454,0.559778882,1.6531794187229395e7
2018-10-01T17:00:00.0,2018-10-01T22:00:00.0,22,27391.86223,1,16232.06627,32840.89248,0.503759803,2.0835588098385453e7
2018-10-01T18:00:00.0,2018-10-01T23:00:00.0,23,13430.04309,1,6488.433009,22797.2208,0.229059481,1.960134393246433e7
2018-10-01T19:00:00.0,2018-10-02T00:00:00.0,0,1115.93356,1,107.4967248,5392.459779,0.125641183,2.3649367258814517e6
2018-10-01T20:00:00.0,2018-10-02T01:00:00.0,1,0.0,1,0.0,0.0,0.01,0.12886473696786538
2018-10-01T21:00:00.0,2018-10-02T02:00:00.0,2,0.0,1,0.0,0.0,0.01,0.12886473696786538
2018-10-01T22:00:00.0,2018-10-02T03:00:00.0,3,0.0,1,0.0,0.0,0.01,0.12886473696786538
2018-10-01T23:00:00.0,2018-10-02T04:00:00.0,4,0.0,1,0.0,0.0,0.01,0.12886473696786538
2018-10-02T00:00:00.0,2018-10-02T05:00:00.0,5,0.0,1,0.0,0.0,0.01,0.12886473696786538
2018-10-02T01:00:00.0,2018-10-02T06:00:00.0,6,0.0,1,0.0,0.0,0.01,0.12886473696786538
2018-10-02T02:00:00.0,2018-10-02T07:00:00.0,7,0.0,1,0.0,0.0,0.01,0.12886473696786538
2018-10-02T03:00:00.0,2018-10-02T08:00:00.0,8,0.0,1,0.0,0.0,0.01,0.12886473696786538
2018-10-02T04:00:00.0,2018-10-02T09:00:00.0,9,0.0,1,0.0,0.0,0.01,0.12886473696786538
2018-10-02T05:00:00.0,2018-10-02T10:00:00.0,10,0.0,1,0.0,0.0,0.01,0.12886473696786538
2018-10-02T06:00:00.0,2018-10-02T11:00:00.0,11,0.0,1,0.0,0.0,0.01,0.12886473696786538
2018-10-02T07:00:00.0,2018-10-02T12:00:00.0,12,939.229789,0,0.0,0.0,0.99,0.12886473696786538
2018-10-02T08:00:00.0,2018-10-02T13:00:00.0,13,12535.68404,0,6128.140816,8834.500299,1.0,563680.9219651371
2018-10-02T09:00:00.0,2018-10-02T14:00:00.0,14,24478.5624,0,14194.42928,22254.93089,1.0,5.180795611026049e6
2018-10-02T10:00:00.0,2018-10-02T15:00:00.0,15,29497.0594,1,16202.16312,32801.33873,0.797698093,2.2942363530011296e7
2018-10-02T11:00:00.0,2018-10-02T16:00:00.0,16,30331.36171,1,18216.53254,30844.89197,0.927735131,1.1989031521245122e7
2018-10-02T12:00:00.0,2018-10-02T17:00:00.0,17,31445.02134,1,21224.95294,36898.71753,0.597467383,2.3158611239003062e7
2018-10-02T13:00:00.0,2018-10-02T18:00:00.0,18,31766.06763,1,21836.25892,36679.50259,0.672604028,2.009307086596179e7
2018-10-02T14:00:00.0,2018-10-02T19:00:00.0,19,33378.69969,0,21350.18549,32615.01499,1.0,1.0029922706072688e7
2018-10-02T15:00:00.0,2018-10-02T20:00:00.0,20,33828.19117,1,21065.36327,34299.78342,0.927592511,1.3296240722991824e7
2018-10-02T16:00:00.0,2018-10-02T21:00:00.0,21,32957.86165,1,24246.24125,35490.28132,0.732454485,1.1192750439792395e7
2018-10-02T17:00:00.0,2018-10-02T22:00:00.0,22,27853.68762,1,19257.31597,33219.8214,0.533914151,1.5766143201101542e7
2018-10-02T18:00:00.0,2018-10-02T23:00:00.0,23,12463.56274,1,5437.985453,23848.08833,0.206870995,2.3731459429396987e7
2018-10-02T19:00:00.0,2018-10-03T00:00:00.0,0,901.4433932,1,111.7030045,4419.096065,0.093298825,1.604846911374868e6
2018-10-02T20:00:00.0,2018-10-03T01:00:00.0,1,0.0,1,0.0,0.0,0.01,0.12886473696786538
2018-10-02T21:00:00.0,2018-10-03T02:00:00.0,2,0.0,1,0.0,0.0,0.01,0.12886473696786538
2018-10-02T22:00:00.0,2018-10-03T03:00:00.0,3,0.0,1,0.0,0.0,0.01,0.12886473696786538
2018-10-02T23:00:00.0,2018-10-03T04:00:00.0,4,0.0,1,0.0,0.0,0.01,0.12886473696786538
2018-10-03T00:00:00.0,2018-10-03T05:00:00.0,5,0.0,1,0.0,0.0,0.01,0.12886473696786538
2018-10-03T01:00:00.0,2018-10-03T06:00:00.0,6,0.0,1,0.0,0.0,0.01,0.12886473696786538
2018-10-03T02:00:00.0,2018-10-03T07:00:00.0,7,0.0,1,0.0,0.0,0.01,0.12886473696786538
2018-10-03T03:00:00.0,2018-10-03T08:00:00.0,8,0.0,1,0.0,0.0,0.01,0.12886473696786538
2018-10-03T04:00:00.0,2018-10-03T09:00:00.0,9,0.0,1,0.0,0.0,0.01,0.12886473696786538
2018-10-03T05:00:00.0,2018-10-03T10:00:00.0,10,0.0,1,0.0,0.0,0.01,0.12886473696786538
2018-10-03T06:00:00.0,2018-10-03T11:00:00.0,11,0.0,1,0.0,0.0,0.01,0.12886473696786538
2018-10-03T07:00:00.0,2018-10-03T12:00:00.0,12,1065.288419,0,0.0,0.0,0.99,0.12886473696786538
2018-10-03T08:00:00.0,2018-10-03T13:00:00.0,13,13839.55916,0,6573.677696,11007.80937,1.0,1.1580815026802346e6
2018-10-03T09:00:00.0,2018-10-03T14:00:00.0,14,27797.9977,0,16585.0964,27348.16091,1.0,9.51028668710643e6
2018-10-03T10:00:00.0,2018-10-03T15:00:00.0,15,34788.07046,1,22354.09545,36719.55569,0.955625732,1.5029882834860802e7
2018-10-03T11:00:00.0,2018-10-03T16:00:00.0,16,35446.19595,1,21435.71297,42596.62117,0.633655874,3.403497548030877e7
2018-10-03T12:00:00.0,2018-10-03T17:00:00.0,17,34966.57316,1,24415.99655,35459.15296,0.929920205,1.1422810468237162e7
2018-10-03T13:00:00.0,2018-10-03T18:00:00.0,18,34765.78666,1,27489.04086,36555.84716,0.77405956,7.302719578069925e6
2018-10-03T14:00:00.0,2018-10-03T19:00:00.0,19,34973.99755,1,22786.86492,36252.21307,0.893628853,1.5463055903463721e7
2018-10-03T15:00:00.0,2018-10-03T20:00:00.0,20,35134.21294,1,25228.5276,40098.39297,0.653182282,1.8095164889509916e7
2018-10-03T16:00:00.0,2018-10-03T21:00:00.0,21,33841.7381,1,23151.1402,38374.61519,0.57546151,1.9934499792949796e7
2018-10-03T17:00:00.0,2018-10-03T22:00:00.0,22,28164.08876,1,18772.46162,33266.28726,0.465818407,1.7914218919760346e7
2018-10-03T18:00:00.0,2018-10-03T23:00:00.0,23,12884.13952,1,6804.98849,24680.4343,0.220757855,2.575320179022062e7
2018-10-03T19:00:00.0,2018-10-04T00:00:00.0,0,758.833681,1,414.5172129,4174.984241,0.074461426,1.3969935172388712e6
2018-10-03T20:00:00.0,2018-10-04T01:00:00.0,1,0.0,1,0.0,0.0,0.01,0.12886473696786538
2018-10-03T21:00:00.0,2018-10-04T02:00:00.0,2,0.0,1,0.0,0.0,0.01,0.12886473696786538
2018-10-03T22:00:00.0,2018-10-04T03:00:00.0,3,0.0,1,0.0,0.0,0.01,0.12886473696786538
2018-10-03T23:00:00.0,2018-10-04T04:00:00.0,4,0.0,1,0.0,0.0,0.01,0.12886473696786538
2018-10-04T00:00:00.0,2018-10-04T05:00:00.0,5,0.0,1,0.0,0.0,0.01,0.12886473696786538
2018-10-04T01:00:00.0,2018-10-04T06:00:00.0,6,0.0,1,0.0,0.0,0.01,0.12886473696786538
2018-10-04T02:00:00.0,2018-10-04T07:00:00.0,7,0.0,1,0.0,0.0,0.01,0.12886473696786538
2018-10-04T03:00:00.0,2018-10-04T08:00:00.0,8,0.0,1,0.0,0.0,0.01,0.12886473696786538
2018-10-04T04:00:00.0,2018-10-04T09:00:00.0,9,0.0,1,0.0,0.0,0.01,0.12886473696786538
2018-10-04T05:00:00.0,2018-10-04T10:00:00.0,10,0.0,1,0.0,0.0,0.01,0.12886473696786538
2018-10-04T06:00:00.0,2018-10-04T11:00:00.0,11,0.0,1,0.0,0.0,0.01,0.12886473696786538
2018-10-04T07:00:00.0,2018-10-04T12:00:00.0,12,1005.450951,0,0.0,0.0,0.99,0.12886473696786538
2018-10-04T08:00:00.0,2018-10-04T13:00:00.0,13,13348.84821,1,9202.229217,14404.77928,0.977085946,1.3672034329950213e6
2018-10-04T09:00:00.0,2018-10-04T14:00:00.0,14,27461.11325,1,22774.80252,31159.92613,0.784023611,4.843259680559397e6
2018-10-04T10:00:00.0,2018-10-04T15:00:00.0,15,34050.5931,0,22897.8463,33733.6962,1.0,9.022120035665512e6
2018-10-04T11:00:00.0,2018-10-04T16:00:00.0,16,34778.93185,1,23823.11858,41094.52209,0.513751145,2.0948518033396244e7
2018-10-04T12:00:00.0,2018-10-04T17:00:00.0,17,33795.90781,1,25037.81581,35931.12581,0.763700289,8.983303730801463e6
2018-10-04T13:00:00.0,2018-10-04T18:00:00.0,18,32588.92971,1,24841.32033,37954.79848,0.523210731,1.6641952275246978e7
2018-10-04T14:00:00.0,2018-10-04T19:00:00.0,19,33151.5781,1,24957.8501,36816.0073,0.655271542,1.158392025125587e7
2018-10-04T15:00:00.0,2018-10-04T20:00:00.0,20,33456.73389,1,21403.95681,40322.41349,0.65261769,3.034702659788537e7
2018-10-04T16:00:00.0,2018-10-04T21:00:00.0,21,33322.27661,1,24999.8082,40440.46688,0.561577065,2.3406951692560673e7
2018-10-04T17:00:00.0,2018-10-04T22:00:00.0,22,27935.06978,1,18892.48777,36064.17747,0.519825435,2.3905054058032036e7
2018-10-04T18:00:00.0,2018-10-04T23:00:00.0,23,12449.53477,1,5508.909609,23664.27822,0.278605502,2.748225567458266e7
2018-10-04T19:00:00.0,2018-10-05T00:00:00.0,0,635.1739645,1,64.39153858,3354.686884,0.085405208,846065.4713597558
2018-10-04T20:00:00.0,2018-10-05T01:00:00.0,1,0.0,1,0.0,0.0,0.01,0.12886473696786538
2018-10-04T21:00:00.0,2018-10-05T02:00:00.0,2,0.0,1,0.0,0.0,0.01,0.12886473696786538
2018-10-04T22:00:00.0,2018-10-05T03:00:00.0,3,0.0,1,0.0,0.0,0.01,0.12886473696786538
2018-10-04T23:00:00.0,2018-10-05T04:00:00.0,4,0.0,1,0.0,0.0,0.01,0.12886473696786538
2018-10-05T00:00:00.0,2018-10-05T05:00:00.0,5,0.0,1,0.0,0.0,0.01,0.12886473696786538
2018-10-05T01:00:00.0,2018-10-05T06:00:00.0,6,0.0,1,0.0,0.0,0.01,0.12886473696786538
2018-10-05T02:00:00.0,2018-10-05T07:00:00.0,7,0.0,1,0.0,0.0,0.01,0.12886473696786538
2018-10-05T03:00:00.0,2018-10-05T08:00:00.0,8,0.0,1,0.0,0.0,0.01,0.12886473696786538
2018-10-05T04:00:00.0,2018-10-05T09:00:00.0,9,0.0,1,0.0,0.0,0.01,0.12886473696786538
2018-10-05T05:00:00.0,2018-10-05T10:00:00.0,10,0.0,1,0.0,0.0,0.01,0.12886473696786538
2018-10-05T06:00:00.0,2018-10-05T11:00:00.0,11,0.0,1,0.0,0.0,0.01,0.12886473696786538
2018-10-05T07:00:00.0,2018-10-05T12:00:00.0,12,1005.772249,0,0.0,0.0,0.99,0.12886473696786538
2018-10-05T08:00:00.0,2018-10-05T13:00:00.0,13,14255.76726,0,6818.88754,12124.62581,1.0,2.0769880737394989e6
2018-10-05T09:00:00.0,2018-10-05T14:00:00.0,14,27340.02089,1,17202.44871,30045.50155,0.870926134,1.3534014631686687e7
2018-10-05T10:00:00.0,2018-10-05T15:00:00.0,15,32037.53044,1,21189.34961,34041.23144,0.763934972,1.4429756851938963e7
2018-10-05T11:00:00.0,2018-10-05T16:00:00.0,16,33378.53258,1,21681.66936,35520.81226,0.788161637,1.3384438221945405e7
2018-10-05T12:00:00.0,2018-10-05T17:00:00.0,17,33895.89854,1,21813.07002,39237.57962,0.644492355,2.160003035604787e7
2018-10-05T13:00:00.0,2018-10-05T18:00:00.0,18,33503.88138,1,26186.29238,34696.34109,0.811449488,6.72772301197803e6
2018-10-05T14:00:00.0,2018-10-05T19:00:00.0,19,33966.60727,1,25297.92337,38665.93177,0.603399694,1.8080300843744636e7
2018-10-05T15:00:00.0,2018-10-05T20:00:00.0,20,33774.10645,1,21812.88546,37604.24233,0.666892517,1.894671534392774e7
2018-10-05T16:00:00.0,2018-10-05T21:00:00.0,21,31006.37216,1,23884.9117,37547.2836,0.439639818,1.5693643295142889e7
2018-10-05T17:00:00.0,2018-10-05T22:00:00.0,22,23627.04667,1,14461.12395,33423.31218,0.370526981,2.4137114826462388e7
2018-10-05T18:00:00.0,2018-10-05T23:00:00.0,23,9011.828134,1,4795.035793,17008.41628,0.2003531,1.0371275688945055e7
2018-10-05T19:00:00.0,2018-10-06T00:00:00.0,0,278.8826221,1,43.16028478,2010.947432,0.072183873,293732.67972568795
2018-10-05T20:00:00.0,2018-10-06T01:00:00.0,1,0.0,1,0.0,0.0,0.01,0.12886473696786538
2018-10-05T21:00:00.0,2018-10-06T02:00:00.0,2,0.0,1,0.0,0.0,0.01,0.12886473696786538
2018-10-05T22:00:00.0,2018-10-06T03:00:00.0,3,0.0,1,0.0,0.0,0.01,0.12886473696786538
2018-10-05T23:00:00.0,2018-10-06T04:00:00.0,4,0.0,1,0.0,0.0,0.01,0.12886473696786538
2018-10-06T00:00:00.0,2018-10-06T05:00:00.0,5,0.0,1,0.0,0.0,0.01,0.12886473696786538
2018-10-06T01:00:00.0,2018-10-06T06:00:00.0,6,0.0,1,0.0,0.0,0.01,0.12886473696786538
2018-10-06T02:00:00.0,2018-10-06T07:00:00.0,7,0.0,1,0.0,0.0,0.01,0.12886473696786538
2018-10-06T03:00:00.0,2018-10-06T08:00:00.0,8,0.0,1,0.0,0.0,0.01,0.12886473696786538
2018-10-06T04:00:00.0,2018-10-06T09:00:00.0,9,0.0,1,0.0,0.0,0.01,0.12886473696786538
2018-10-06T05:00:00.0,2018-10-06T10:00:00.0,10,0.0,1,0.0,0.0,0.01,0.12886473696786538
2018-10-06T06:00:00.0,2018-10-06T11:00:00.0,11,0.0,1,0.0,0.0,0.01,0.12886473696786538
2018-10-06T07:00:00.0,2018-10-06T12:00:00.0,12,815.7622368,0,0.0,0.0,0.99,0.12886473696786538
2018-10-06T08:00:00.0,2018-10-06T13:00:00.0,13,9331.459777,1,5485.592106,10917.1597,0.900963914,2.0403899016672075e6
2018-10-06T09:00:00.0,2018-10-06T14:00:00.0,14,18385.18367,1,13569.15415,25505.96201,0.592997752,9.954755682248235e6
2018-10-06T10:00:00.0,2018-10-06T15:00:00.0,15,23599.61311,1,15523.48062,24091.94493,0.942135894,5.8324591589156985e6
2018-10-06T11:00:00.0,2018-10-06T16:00:00.0,16,23639.52946,1,16753.37524,30813.40433,0.470349915,1.5909525092911243e7
2018-10-06T12:00:00.0,2018-10-06T17:00:00.0,17,24355.86331,1,20332.95381,31487.59952,0.529776132,1.0730980106174111e7
2018-10-06T13:00:00.0,2018-10-06T18:00:00.0,18,25008.90924,1,19396.88842,34307.85712,0.448982013,2.0529052465798855e7
2018-10-06T14:00:00.0,2018-10-06T19:00:00.0,19,24626.99913,1,18438.32825,31500.72883,0.357342655,1.4810670636063933e7
2018-10-06T15:00:00.0,2018-10-06T20:00:00.0,20,23920.35236,1,18951.2507,30384.07629,0.490596999,1.0720800538334727e7
2018-10-06T16:00:00.0,2018-10-06T21:00:00.0,21,22622.2308,1,21205.75711,30459.94197,0.176119672,7.48775214329958e6
2018-10-06T17:00:00.0,2018-10-06T22:00:00.0,22,17254.84236,1,12841.76236,22809.53865,0.37543259,8.761086417286098e6
2018-10-06T18:00:00.0,2018-10-06T23:00:00.0,23,7003.754196,1,4121.362292,14386.84515,0.133086844,8.435283325243607e6
2018-10-06T19:00:00.0,2018-10-07T00:00:00.0,0,287.6605673,1,4.370105054,1623.623626,0.048067093,180171.65190996882
2018-10-06T20:00:00.0,2018-10-07T01:00:00.0,1,0.0,1,0.0,0.0,0.01,0.12886473696786538
2018-10-06T21:00:00.0,2018-10-07T02:00:00.0,2,0.0,1,0.0,0.0,0.01,0.12886473696786538
2018-10-06T22:00:00.0,2018-10-07T03:00:00.0,3,0.0,1,0.0,0.0,0.01,0.12886473696786538
2018-10-06T23:00:00.0,2018-10-07T04:00:00.0,4,0.0,1,0.0,0.0,0.01,0.12886473696786538
2018-10-07T00:00:00.0,2018-10-07T05:00:00.0,5,0.0,1,0.0,0.0,0.01,0.12886473696786538
2018-10-07T01:00:00.0,2018-10-07T06:00:00.0,6,0.0,1,0.0,0.0,0.01,0.12886473696786538
2018-10-07T02:00:00.0,2018-10-07T07:00:00.0,7,0.0,1,0.0,0.0,0.01,0.12886473696786538
2018-10-07T03:00:00.0,2018-10-07T08:00:00.0,8,0.0,1,0.0,0.0,0.01,0.12886473696786538
2018-10-07T04:00:00.0,2018-10-07T09:00:00.0,9,0.0,1,0.0,0.0,0.01,0.12886473696786538
2018-10-07T05:00:00.0,2018-10-07T10:00:00.0,10,0.0,1,0.0,0.0,0.01,0.12886473696786538
2018-10-07T06:00:00.0,2018-10-07T11:00:00.0,11,0.0,1,0.0,0.0,0.01,0.12886473696786538
2018-10-07T07:00:00.0,2018-10-07T12:00:00.0,12,536.2411003,0,0.0,0.0,0.99,0.12886473696786538
2018-10-07T08:00:00.0,2018-10-07T13:00:00.0,13,5740.467734,1,3553.933731,6549.505547,0.890295619,710100.2005821504
2018-10-07T09:00:00.0,2018-10-07T14:00:00.0,14,14056.69622,1,9783.129258,20548.25981,0.646643231,8.919644298098683e6
2018-10-07T10:00:00.0,2018-10-07T15:00:00.0,15,18204.63559,1,13610.03198,24532.29175,0.582663958,9.281086978754222e6
2018-10-07T11:00:00.0,2018-10-07T16:00:00.0,16,20683.40178,1,14809.23556,26718.89632,0.538161079,1.1830664645414233e7
2018-10-07T12:00:00.0,2018-10-07T17:00:00.0,17,24556.37872,1,16159.98488,25909.46461,0.829887441,9.183305099658847e6
2018-10-07T13:00:00.0,2018-10-07T18:00:00.0,18,26470.36515,1,18173.80061,28411.29182,0.838954654,8.58976712778914e6
2018-10-07T14:00:00.0,2018-10-07T19:00:00.0,19,26815.62087,1,15164.79207,30750.39673,0.737478686,1.869153051466453e7
2018-10-07T15:00:00.0,2018-10-07T20:00:00.0,20,24777.81848,1,14137.99493,29807.36488,0.581733143,1.956282697072637e7
2018-10-07T16:00:00.0,2018-10-07T21:00:00.0,21,23389.35199,1,15931.30683,28073.05246,0.540094145,1.2467289000583827e7
2018-10-07T17:00:00.0,2018-10-07T22:00:00.0,22,19837.86378,1,11672.4753,24266.0331,0.600321321,1.2959551621968746e7
2018-10-07T18:00:00.0,2018-10-07T23:00:00.0,23,8581.591587,1,3135.830359,15886.47809,0.25815041,1.159922689049229e7
2018-10-07T19:00:00.0,2018-10-08T00:00:00.0,0,462.5467804,1,170.4406488,2822.567502,0.082157725,576426.481889124
2018-10-07T20:00:00.0,2018-10-08T01:00:00.0,1,0.0,1,0.0,0.0,0.01,0.12886473696786538
2018-10-07T21:00:00.0,2018-10-08T02:00:00.0,2,0.0,1,0.0,0.0,0.01,0.12886473696786538
2018-10-07T22:00:00.0,2018-10-08T03:00:00.0,3,0.0,1,0.0,0.0,0.01,0.12886473696786538
2018-10-07T23:00:00.0,2018-10-08T04:00:00.0,4,0.0,1,0.0,0.0,0.01,0.12886473696786538
2018-10-08T00:00:00.0,2018-10-08T05:00:00.0,5,0.0,1,0.0,0.0,0.01,0.12886473696786538
2018-10-08T01:00:00.0,2018-10-08T06:00:00.0,6,0.0,1,0.0,0.0,0.01,0.12886473696786538
2018-10-08T02:00:00.0,2018-10-08T07:00:00.0,7,0.0,1,0.0,0.0,0.01,0.12886473696786538
2018-10-08T03:00:00.0,2018-10-08T08:00:00.0,8,0.0,1,0.0,0.0,0.01,0.12886473696786538
2018-10-08T04:00:00.0,2018-10-08T09:00:00.0,9,0.0,1,0.0,0.0,0.01,0.12886473696786538
2018-10-08T05:00:00.0,2018-10-08T10:00:00.0,10,0.0,1,0.0,0.0,0.01,0.12886473696786538
2018-10-08T06:00:00.0,2018-10-08T11:00:00.0,11,0.0,1,0.0,0.0,0.01,0.12886473696786538
2018-10-08T07:00:00.0,2018-10-08T12:00:00.0,12,493.7656998,0,0.0,0.0,0.99,0.12886473696786538
2018-10-08T08:00:00.0,2018-10-08T13:00:00.0,13,8421.643682,0,4590.880638,8085.664346,1.0,725087.0191373825
2018-10-08T09:00:00.0,2018-10-08T14:00:00.0,14,16112.2544,1,14158.00419,20562.33966,0.58122424,3.1554403512930274e6
2018-10-08T10:00:00.0,2018-10-08T15:00:00.0,15,18912.89721,1,12654.42631,25388.31892,0.44916946,1.4451792882620513e7
2018-10-08T11:00:00.0,2018-10-08T16:00:00.0,16,19141.41251,1,15853.60445,28304.07856,0.399425997,1.187787800174433e7
2018-10-08T12:00:00.0,2018-10-08T17:00:00.0,17,21075.199,1,19198.67893,26503.7382,0.393857128,3.8267718608925343e6
2018-10-08T13:00:00.0,2018-10-08T18:00:00.0,18,20222.00884,1,19196.78037,28037.4847,0.181342919,5.91154086773479e6
2018-10-08T14:00:00.0,2018-10-08T19:00:00.0,19,21000.44492,1,17163.09435,30145.86453,0.381601717,1.4278066025766551e7
2018-10-08T15:00:00.0,2018-10-08T20:00:00.0,20,20450.37069,1,15262.8382,24115.13753,0.494428533,7.042915682458997e6
2018-10-08T16:00:00.0,2018-10-08T21:00:00.0,21,18740.26202,1,16884.1201,29045.46599,0.186486361,1.3432258266414821e7
2018-10-08T17:00:00.0,2018-10-08T22:00:00.0,22,13132.10775,1,10867.41519,20049.9123,0.259752578,7.364986350355417e6
2018-10-08T18:00:00.0,2018-10-08T23:00:00.0,23,4096.877679,1,3299.258735,8090.59501,0.070873132,1.9004681936897412e6
2018-10-08T19:00:00.0,2018-10-09T00:00:00.0,0,129.0635477,1,19.50202164,885.2845133,0.092677992,62661.19392096496
2018-10-08T20:00:00.0,2018-10-09T01:00:00.0,1,0.0,1,0.0,0.0,0.01,0.12886473696786538
2018-10-08T21:00:00.0,2018-10-09T02:00:00.0,2,0.0,1,0.0,0.0,0.01,0.12886473696786538
2018-10-08T22:00:00.0,2018-10-09T03:00:00.0,3,0.0,1,0.0,0.0,0.01,0.12886473696786538
2018-10-08T23:00:00.0,2018-10-09T04:00:00.0,4,0.0,1,0.0,0.0,0.01,0.12886473696786538
2018-10-09T00:00:00.0,2018-10-09T05:00:00.0,5,0.0,1,0.0,0.0,0.01,0.12886473696786538
2018-10-09T01:00:00.0,2018-10-09T06:00:00.0,6,0.0,1,0.0,0.0,0.01,0.12886473696786538
2018-10-09T02:00:00.0,2018-10-09T07:00:00.0,7,0.0,1,0.0,0.0,0.01,0.12886473696786538
2018-10-09T03:00:00.0,2018-10-09T08:00:00.0,8,0.0,1,0.0,0.0,0.01,0.12886473696786538
2018-10-09T04:00:00.0,2018-10-09T09:00:00.0,9,0.0,1,0.0,0.0,0.01,0.12886473696786538
2018-10-09T05:00:00.0,2018-10-09T10:00:00.0,10,0.0,1,0.0,0.0,0.01,0.12886473696786538
2018-10-09T06:00:00.0,2018-10-09T11:00:00.0,11,0.0,1,0.0,0.0,0.01,0.12886473696786538
2018-10-09T07:00:00.0,2018-10-09T12:00:00.0,12,176.3778028,0,0.0,0.0,0.99,0.12886473696786538
2018-10-09T08:00:00.0,2018-10-09T13:00:00.0,13,5565.594707,1,2676.278934,6471.1755,0.941020046,966003.6742027253
2018-10-09T09:00:00.0,2018-10-09T14:00:00.0,14,15026.11038,1,8827.286018,18679.41606,0.707944232,9.577520048920244e6
2018-10-09T10:00:00.0,2018-10-09T15:00:00.0,15,19805.88787,1,15369.90569,28451.10993,0.423896574,1.3562636654784024e7
2018-10-09T11:00:00.0,2018-10-09T16:00:00.0,16,22322.89765,1,19321.12521,27323.60199,0.553063225,5.084251919836819e6
2018-10-09T12:00:00.0,2018-10-09T17:00:00.0,17,24317.04944,1,16917.66102,30539.54486,0.642792275,1.687466840783143e7
2018-10-09T13:00:00.0,2018-10-09T18:00:00.0,18,24902.63015,1,22222.05546,30724.6396,0.450313584,5.015790024020433e6
2018-10-09T14:00:00.0,2018-10-09T19:00:00.0,19,25746.68202,1,21891.6676,34606.80524,0.324516221,1.1901580815904617e7
2018-10-09T15:00:00.0,2018-10-09T20:00:00.0,20,26205.44233,1,21133.20987,33152.88252,0.377234904,1.2702868020270467e7
2018-10-09T16:00:00.0,2018-10-09T21:00:00.0,21,26966.81739,1,24962.1362,33569.88509,0.233110611,5.686017125924349e6
2018-10-09T17:00:00.0,2018-10-09T22:00:00.0,22,23692.83822,1,19217.9043,27708.81285,0.385485403,6.335152870942354e6
2018-10-09T18:00:00.0,2018-10-09T23:00:00.0,23,10024.11429,1,6142.960552,17598.52035,0.20724005,1.0606709870457709e7
2018-10-09T19:00:00.0,2018-10-10T00:00:00.0,0,456.4071081,1,9.938495737,3002.918679,0.067974837,699165.4940881613
2018-10-09T20:00:00.0,2018-10-10T01:00:00.0,1,0.0,1,0.0,0.0,0.01,0.12886473696786538
2018-10-09T21:00:00.0,2018-10-10T02:00:00.0,2,0.0,1,0.0,0.0,0.01,0.12886473696786538
2018-10-09T22:00:00.0,2018-10-10T03:00:00.0,3,0.0,1,0.0,0.0,0.01,0.12886473696786538
2018-10-09T23:00:00.0,2018-10-10T04:00:00.0,4,0.0,1,0.0,0.0,0.01,0.12886473696786538
2018-10-10T00:00:00.0,2018-10-10T05:00:00.0,5,0.0,1,0.0,0.0,0.01,0.12886473696786538
2018-10-10T01:00:00.0,2018-10-10T06:00:00.0,6,0.0,1,0.0,0.0,0.01,0.12886473696786538
2018-10-10T02:00:00.0,2018-10-10T07:00:00.0,7,0.0,1,0.0,0.0,0.01,0.12886473696786538
2018-10-10T03:00:00.0,2018-10-10T08:00:00.0,8,0.0,1,0.0,0.0,0.01,0.12886473696786538
2018-10-10T04:00:00.0,2018-10-10T09:00:00.0,9,0.0,1,0.0,0.0,0.01,0.12886473696786538
2018-10-10T05:00:00.0,2018-10-10T10:00:00.0,10,0.0,1,0.0,0.0,0.01,0.12886473696786538
2018-10-10T06:00:00.0,2018-10-10T11:00:00.0,11,0.0,1,0.0,0.0,0.01,0.12886473696786538
2018-10-10T07:00:00.0,2018-10-10T12:00:00.0,12,587.6758538,0,0.0,0.0,0.99,0.12886473696786538
2018-10-10T08:00:00.0,2018-10-10T13:00:00.0,13,12437.20152,1,7538.227549,13799.79129,0.954691591,2.155084630473107e6
2018-10-10T09:00:00.0,2018-10-10T14:00:00.0,14,28039.37183,1,22870.92484,38509.78112,0.648785837,1.5301278804732919e7
2018-10-10T10:00:00.0,2018-10-10T15:00:00.0,15,33985.96346,1,26380.58653,41715.14332,0.540037936,1.7215913619981527e7
2018-10-10T11:00:00.0,2018-10-10T16:00:00.0,16,34756.49772,1,30753.77255,40520.72193,0.423091084,8.735663620347023e6
2018-10-10T12:00:00.0,2018-10-10T17:00:00.0,17,35129.26177,1,28808.47085,43313.17799,0.441544116,1.8952963664936066e7
2018-10-10T13:00:00.0,2018-10-10T18:00:00.0,18,35241.05535,1,29990.38346,41655.98261,0.469871399,1.3035595286019087e7
2018-10-10T14:00:00.0,2018-10-10T19:00:00.0,19,36014.33805,1,26018.08952,38941.88506,0.683975242,1.564988358971715e7
2018-10-10T15:00:00.0,2018-10-10T20:00:00.0,20,36787.18834,1,30492.82212,44100.26488,0.507015326,1.5608121902035475e7
2018-10-10T16:00:00.0,2018-10-10T21:00:00.0,21,36242.70033,1,31962.89866,41154.24438,0.454228443,7.080748092443705e6
2018-10-10T17:00:00.0,2018-10-10T22:00:00.0,22,30372.25802,1,23659.08507,39932.48046,0.308582521,2.2991617755723357e7
2018-10-10T18:00:00.0,2018-10-10T23:00:00.0,23,12379.31161,1,9417.229776,21783.5932,0.071214552,9.323780552080393e6
2018-10-10T19:00:00.0,2018-10-11T00:00:00.0,0,413.2795902,1,88.55343611,2614.179599,0.033928272,439938.06999051245
2018-10-10T20:00:00.0,2018-10-11T01:00:00.0,1,0.0,1,0.0,0.0,0.01,0.12886473696786538
2018-10-10T21:00:00.0,2018-10-11T02:00:00.0,2,0.0,1,0.0,0.0,0.01,0.12886473696786538
2018-10-10T22:00:00.0,2018-10-11T03:00:00.0,3,0.0,1,0.0,0.0,0.01,0.12886473696786538
2018-10-10T23:00:00.0,2018-10-11T04:00:00.0,4,0.0,1,0.0,0.0,0.01,0.12886473696786538
2018-10-11T00:00:00.0,2018-10-11T05:00:00.0,5,0.0,1,0.0,0.0,0.01,0.12886473696786538
2018-10-11T01:00:00.0,2018-10-11T06:00:00.0,6,0.0,1,0.0,0.0,0.01,0.12886473696786538
2018-10-11T02:00:00.0,2018-10-11T07:00:00.0,7,0.0,1,0.0,0.0,0.01,0.12886473696786538
2018-10-11T03:00:00.0,2018-10-11T08:00:00.0,8,0.0,1,0.0,0.0,0.01,0.12886473696786538
2018-10-11T04:00:00.0,2018-10-11T09:00:00.0,9,0.0,1,0.0,0.0,0.01,0.12886473696786538
2018-10-11T05:00:00.0,2018-10-11T10:00:00.0,10,0.0,1,0.0,0.0,0.01,0.12886473696786538
2018-10-11T06:00:00.0,2018-10-11T11:00:00.0,11,0.0,1,0.0,0.0,0.01,0.12886473696786538
2018-10-11T07:00:00.0,2018-10-11T12:00:00.0,12,686.4698621,0,0.0,0.0,0.99,0.12886473696786538
2018-10-11T08:00:00.0,2018-10-11T13:00:00.0,13,11552.54324,1,8195.630071,14196.53895,0.869149776,2.152785433984667e6
2018-10-11T09:00:00.0,2018-10-11T14:00:00.0,14,21505.08955,1,21492.07414,35005.13928,0.022365256,1.2447418087694287e7
2018-10-11T10:00:00.0,2018-10-11T15:00:00.0,15,25444.40197,1,20302.09772,34386.81736,0.483187052,1.8458171451177955e7
2018-10-11T11:00:00.0,2018-10-11T16:00:00.0,16,25005.14616,1,20568.80637,34539.53305,0.365403159,1.822163264463103e7
2018-10-11T12:00:00.0,2018-10-11T17:00:00.0,17,25648.96356,1,23103.70511,34927.43579,0.353426921,1.322760500609672e7
2018-10-11T13:00:00.0,2018-10-11T18:00:00.0,18,26626.27639,1,23103.02834,38388.11773,0.327044818,1.990655987111318e7
2018-10-11T14:00:00.0,2018-10-11T19:00:00.0,19,26619.21276,1,19183.73383,33172.7156,0.588175458,1.731161297126782e7
2018-10-11T15:00:00.0,2018-10-11T20:00:00.0,20,26517.19923,1,21050.49876,37582.41323,0.314376384,2.57744546497463e7
2018-10-11T16:00:00.0,2018-10-11T21:00:00.0,21,24399.19241,1,19544.35117,30494.58734,0.367544276,9.79222881534791e6
2018-10-11T17:00:00.0,2018-10-11T22:00:00.0,22,22363.79637,1,13702.46507,24952.09585,0.687795325,1.1351539093630672e7
2018-10-11T18:00:00.0,2018-10-11T23:00:00.0,23,8399.304647,1,3354.177305,16300.23144,0.268541004,1.5139282901543528e7
2018-10-11T19:00:00.0,2018-10-12T00:00:00.0,0,116.2969657,1,11.25398297,868.7063827,0.056369862,54773.51349438162
2018-10-11T20:00:00.0,2018-10-12T01:00:00.0,1,0.0,1,0.0,0.0,0.01,0.12886473696786538
2018-10-11T21:00:00.0,2018-10-12T02:00:00.0,2,0.0,1,0.0,0.0,0.01,0.12886473696786538
2018-10-11T22:00:00.0,2018-10-12T03:00:00.0,3,0.0,1,0.0,0.0,0.01,0.12886473696786538
2018-10-11T23:00:00.0,2018-10-12T04:00:00.0,4,0.0,1,0.0,0.0,0.01,0.12886473696786538
2018-10-12T00:00:00.0,2018-10-12T05:00:00.0,5,0.0,1,0.0,0.0,0.01,0.12886473696786538
2018-10-12T01:00:00.0,2018-10-12T06:00:00.0,6,0.0,1,0.0,0.0,0.01,0.12886473696786538
2018-10-12T02:00:00.0,2018-10-12T07:00:00.0,7,0.0,1,0.0,0.0,0.01,0.12886473696786538
2018-10-12T03:00:00.0,2018-10-12T08:00:00.0,8,0.0,1,0.0,0.0,0.01,0.12886473696786538
2018-10-12T04:00:00.0,2018-10-12T09:00:00.0,9,0.0,1,0.0,0.0,0.01,0.12886473696786538
2018-10-12T05:00:00.0,2018-10-12T10:00:00.0,10,0.0,1,0.0,0.0,0.01,0.12886473696786538
2018-10-12T06:00:00.0,2018-10-12T11:00:00.0,11,0.0,1,0.0,0.0,0.01,0.12886473696786538
2018-10-12T07:00:00.0,2018-10-12T12:00:00.0,12,477.8075837,0,0.0,0.0,0.99,0.12886473696786538
2018-10-12T08:00:00.0,2018-10-12T13:00:00.0,13,6456.887278,0,5036.411394,6432.321777,1.0,128215.43979490548
2018-10-12T09:00:00.0,2018-10-12T14:00:00.0,14,13129.28303,1,11353.27848,17266.60081,0.433150676,2.4617164572811425e6
2018-10-12T10:00:00.0,2018-10-12T15:00:00.0,15,16369.85242,1,13435.30368,24174.00655,0.406749766,9.598166021211982e6
2018-10-12T11:00:00.0,2018-10-12T16:00:00.0,16,18384.40317,1,16447.1417,23832.29029,0.364465432,4.35877501216352e6
2018-10-12T12:00:00.0,2018-10-12T17:00:00.0,17,20604.51141,1,17247.68275,26620.70537,0.363127453,7.556845012890816e6
2018-10-12T13:00:00.0,2018-10-12T18:00:00.0,18,22113.19428,1,17901.04792,27960.84807,0.479852877,8.7935803550995e6
2018-10-12T14:00:00.0,2018-10-12T19:00:00.0,19,23093.15894,1,16644.72502,26822.80283,0.573064183,8.910311284992456e6
2018-10-12T15:00:00.0,2018-10-12T20:00:00.0,20,21544.02239,1,18245.39259,25570.65278,0.384275561,4.279698599394739e6
2018-10-12T16:00:00.0,2018-10-12T21:00:00.0,21,19355.58149,1,15138.00197,30923.65355,0.320882443,2.2962279120666564e7
2018-10-12T17:00:00.0,2018-10-12T22:00:00.0,22,17110.11239,1,9769.002333,22557.53367,0.564190966,1.3503399220487058e7
2018-10-12T18:00:00.0,2018-10-12T23:00:00.0,23,6200.561747,1,2267.56886,13539.74916,0.255221379,1.0240164380070165e7
2018-10-12T19:00:00.0,2018-10-13T00:00:00.0,0,91.98792725,1,9.167183054,703.5850601,0.039797773,35245.396752773406
2018-10-12T20:00:00.0,2018-10-13T01:00:00.0,1,0.0,1,0.0,0.0,0.01,0.12886473696786538
2018-10-12T21:00:00.0,2018-10-13T02:00:00.0,2,0.0,1,0.0,0.0,0.01,0.12886473696786538
2018-10-12T22:00:00.0,2018-10-13T03:00:00.0,3,0.0,1,0.0,0.0,0.01,0.12886473696786538
2018-10-12T23:00:00.0,2018-10-13T04:00:00.0,4,0.0,1,0.0,0.0,0.01,0.12886473696786538
2018-10-13T00:00:00.0,2018-10-13T05:00:00.0,5,0.0,1,0.0,0.0,0.01,0.12886473696786538
2018-10-13T01:00:00.0,2018-10-13T06:00:00.0,6,0.0,1,0.0,0.0,0.01,0.12886473696786538
2018-10-13T02:00:00.0,2018-10-13T07:00:00.0,7,0.0,1,0.0,0.0,0.01,0.12886473696786538
2018-10-13T03:00:00.0,2018-10-13T08:00:00.0,8,0.0,1,0.0,0.0,0.01,0.12886473696786538
2018-10-13T04:00:00.0,2018-10-13T09:00:00.0,9,0.0,1,0.0,0.0,0.01,0.12886473696786538
2018-10-13T05:00:00.0,2018-10-13T10:00:00.0,10,0.0,1,0.0,0.0,0.01,0.12886473696786538
2018-10-13T06:00:00.0,2018-10-13T11:00:00.0,11,0.0,1,0.0,0.0,0.01,0.12886473696786538
2018-10-13T07:00:00.0,2018-10-13T12:00:00.0,12,293.503921,0,0.0,0.0,0.99,0.12886473696786538
2018-10-13T08:00:00.0,2018-10-13T13:00:00.0,13,7241.610938,0,1922.182162,5891.492435,1.0,1.0902430117083788e6
2018-10-13T09:00:00.0,2018-10-13T14:00:00.0,14,11094.23795,1,7566.451099,16288.02398,0.392481271,7.501286969616264e6
2018-10-13T10:00:00.0,2018-10-13T15:00:00.0,15,13792.09536,1,9144.892799,20257.35154,0.449227948,1.0790150860538065e7
2018-10-13T11:00:00.0,2018-10-13T16:00:00.0,16,15107.76377,1,12090.05209,24540.87295,0.318420878,1.163779687857312e7
2018-10-13T12:00:00.0,2018-10-13T17:00:00.0,17,19173.82919,1,14224.6342,22266.03184,0.614154795,5.517307223008633e6
2018-10-13T13:00:00.0,2018-10-13T18:00:00.0,18,21981.01769,1,16108.54606,27428.76653,0.519642132,1.3434843147717595e7
2018-10-13T14:00:00.0,2018-10-13T19:00:00.0,19,23163.7972,1,15125.75636,30230.65992,0.504217544,2.0709744314788938e7
2018-10-13T15:00:00.0,2018-10-13T20:00:00.0,20,24670.47902,1,13924.2706,25051.73891,0.951791854,9.853428047183454e6
2018-10-13T16:00:00.0,2018-10-13T21:00:00.0,21,25028.66263,1,16558.52126,34155.3164,0.484813616,2.8896125783936024e7
2018-10-13T17:00:00.0,2018-10-13T22:00:00.0,22,24246.66901,1,12755.65088,26909.16851,0.754741539,1.472771086887753e7
2018-10-13T18:00:00.0,2018-10-13T23:00:00.0,23,9978.808286,1,3002.53188,18967.47082,0.305761859,2.3042944550513446e7
2018-10-13T19:00:00.0,2018-10-14T00:00:00.0,0,252.9931209,1,55.25323636,2092.386064,0.065185099,330870.206328586
2018-10-13T20:00:00.0,2018-10-14T01:00:00.0,1,0.0,1,0.0,0.0,0.01,0.12886473696786538
2018-10-13T21:00:00.0,2018-10-14T02:00:00.0,2,0.0,1,0.0,0.0,0.01,0.12886473696786538
2018-10-13T22:00:00.0,2018-10-14T03:00:00.0,3,0.0,1,0.0,0.0,0.01,0.12886473696786538
2018-10-13T23:00:00.0,2018-10-14T04:00:00.0,4,0.0,1,0.0,0.0,0.01,0.12886473696786538
2018-10-14T00:00:00.0,2018-10-14T05:00:00.0,5,0.0,1,0.0,0.0,0.01,0.12886473696786538
2018-10-14T01:00:00.0,2018-10-14T06:00:00.0,6,0.0,1,0.0,0.0,0.01,0.12886473696786538
2018-10-14T02:00:00.0,2018-10-14T07:00:00.0,7,0.0,1,0.0,0.0,0.01,0.12886473696786538
2018-10-14T03:00:00.0,2018-10-14T08:00:00.0,8,0.0,1,0.0,0.0,0.01,0.12886473696786538
2018-10-14T04:00:00.0,2018-10-14T09:00:00.0,9,0.0,1,0.0,0.0,0.01,0.12886473696786538
2018-10-14T05:00:00.0,2018-10-14T10:00:00.0,10,0.0,1,0.0,0.0,0.01,0.12886473696786538
2018-10-14T06:00:00.0,2018-10-14T11:00:00.0,11,0.0,1,0.0,0.0,0.01,0.12886473696786538
2018-10-14T07:00:00.0,2018-10-14T12:00:00.0,12,494.3212745,0,0.0,0.0,0.99,0.12886473696786538
2018-10-14T08:00:00.0,2018-10-14T13:00:00.0,13,11062.48461,0,7469.369095,10221.61858,1.0,535871.5432472676
2018-10-14T09:00:00.0,2018-10-14T14:00:00.0,14,18190.03637,0,21427.73684,30706.12917,0.0,8.027787453380585e6
2018-10-14T10:00:00.0,2018-10-14T15:00:00.0,15,23307.09768,1,23193.41489,34129.11701,0.028711923,8.716403720535874e6
2018-10-14T11:00:00.0,2018-10-14T16:00:00.0,16,26043.56713,1,24775.167,36853.1585,0.160693159,1.1001799639191031e7
2018-10-14T12:00:00.0,2018-10-14T17:00:00.0,17,26347.60917,1,22584.24307,35684.67596,0.361463849,1.4391615475305319e7
2018-10-14T13:00:00.0,2018-10-14T18:00:00.0,18,26834.26417,1,22477.82686,37718.53214,0.293110398,2.0310123040932417e7
2018-10-14T14:00:00.0,2018-10-14T19:00:00.0,19,27475.87687,1,20996.32824,32717.30772,0.593402934,1.329273236548853e7
2018-10-14T15:00:00.0,2018-10-14T20:00:00.0,20,27615.55506,1,19925.41038,32490.88554,0.484767336,1.2079484225844145e7
2018-10-14T16:00:00.0,2018-10-14T21:00:00.0,21,26137.68277,1,20743.1123,34786.19803,0.279628568,1.541849723562181e7
2018-10-14T17:00:00.0,2018-10-14T22:00:00.0,22,25259.11952,1,16891.51454,28268.77803,0.620558969,1.1289285547582269e7
2018-10-14T18:00:00.0,2018-10-14T23:00:00.0,23,9570.207536,1,4449.955169,20631.97381,0.168895838,2.2774923504164338e7
2018-10-14T19:00:00.0,2018-10-15T00:00:00.0,0,186.6327028,1,52.04317068,1765.935162,0.044511544,242329.12795453612
2018-10-14T20:00:00.0,2018-10-15T01:00:00.0,1,0.0,1,0.0,0.0,0.01,0.12886473696786538
2018-10-14T21:00:00.0,2018-10-15T02:00:00.0,2,0.0,1,0.0,0.0,0.01,0.12886473696786538
2018-10-14T22:00:00.0,2018-10-15T03:00:00.0,3,0.0,1,0.0,0.0,0.01,0.12886473696786538
2018-10-14T23:00:00.0,2018-10-15T04:00:00.0,4,0.0,1,0.0,0.0,0.01,0.12886473696786538
2018-10-15T00:00:00.0,2018-10-15T05:00:00.0,5,0.0,1,0.0,0.0,0.01,0.12886473696786538
2018-10-15T01:00:00.0,2018-10-15T06:00:00.0,6,0.0,1,0.0,0.0,0.01,0.12886473696786538
2018-10-15T02:00:00.0,2018-10-15T07:00:00.0,7,0.0,1,0.0,0.0,0.01,0.12886473696786538
2018-10-15T03:00:00.0,2018-10-15T08:00:00.0,8,0.0,1,0.0,0.0,0.01,0.12886473696786538
2018-10-15T04:00:00.0,2018-10-15T09:00:00.0,9,0.0,1,0.0,0.0,0.01,0.12886473696786538
2018-10-15T05:00:00.0,2018-10-15T10:00:00.0,10,0.0,1,0.0,0.0,0.01,0.12886473696786538
2018-10-15T06:00:00.0,2018-10-15T11:00:00.0,11,0.0,1,0.0,0.0,0.01,0.12886473696786538
2018-10-15T07:00:00.0,2018-10-15T12:00:00.0,12,76.92928175,0,0.0,0.0,0.99,0.12886473696786538
2018-10-15T08:00:00.0,2018-10-15T13:00:00.0,13,6061.949744,0,1459.435113,5435.173849,1.0,979728.1644686703
2018-10-15T09:00:00.0,2018-10-15T14:00:00.0,14,6091.293196,0,6221.000464,17899.97219,0.0,1.2402945422881424e7
2018-10-15T10:00:00.0,2018-10-15T15:00:00.0,15,5740.317977,0,5926.864994,15191.4047,0.0,7.138982446236998e6
2018-10-15T11:00:00.0,2018-10-15T16:00:00.0,16,7392.878972,0,7751.576806,17734.58146,0.0,8.903914771071121e6
2018-10-15T12:00:00.0,2018-10-15T17:00:00.0,17,9832.768713,1,9657.529451,21959.23337,0.063616369,1.1685622614042222e7
2018-10-15T13:00:00.0,2018-10-15T18:00:00.0,18,10770.89981,1,10627.76578,18946.05552,0.046417145,6.812813312382877e6
2018-10-15T14:00:00.0,2018-10-15T19:00:00.0,19,9342.948117,1,8972.309029,17379.83111,0.086377195,5.088813845937669e6
2018-10-15T15:00:00.0,2018-10-15T20:00:00.0,20,6976.020826,0,8520.890004,17999.23085,0.0,5.954162340578198e6
2018-10-15T16:00:00.0,2018-10-15T21:00:00.0,21,5560.958729,1,4951.07759,16311.93243,0.052994554,8.980414573989078e6
2018-10-15T17:00:00.0,2018-10-15T22:00:00.0,22,12253.21558,0,2574.323161,10652.88002,1.0,5.801686842706539e6
2018-10-15T18:00:00.0,2018-10-15T23:00:00.0,23,5449.959392,1,614.7589346,9814.249531,0.450632085,6.647161202278398e6
2018-10-15T19:00:00.0,2018-10-16T00:00:00.0,0,137.5097743,1,105.2045653,1218.018682,0.013715085,85949.97110610106
2018-10-15T20:00:00.0,2018-10-16T01:00:00.0,1,0.0,1,0.0,0.0,0.01,0.12886473696786538
2018-10-15T21:00:00.0,2018-10-16T02:00:00.0,2,0.0,1,0.0,0.0,0.01,0.12886473696786538
2018-10-15T22:00:00.0,2018-10-16T03:00:00.0,3,0.0,1,0.0,0.0,0.01,0.12886473696786538
2018-10-15T23:00:00.0,2018-10-16T04:00:00.0,4,0.0,1,0.0,0.0,0.01,0.12886473696786538
2018-10-16T00:00:00.0,2018-10-16T05:00:00.0,5,0.0,1,0.0,0.0,0.01,0.12886473696786538
2018-10-16T01:00:00.0,2018-10-16T06:00:00.0,6,0.0,1,0.0,0.0,0.01,0.12886473696786538
2018-10-16T02:00:00.0,2018-10-16T07:00:00.0,7,0.0,1,0.0,0.0,0.01,0.12886473696786538
2018-10-16T03:00:00.0,2018-10-16T08:00:00.0,8,0.0,1,0.0,0.0,0.01,0.12886473696786538
2018-10-16T04:00:00.0,2018-10-16T09:00:00.0,9,0.0,1,0.0,0.0,0.01,0.12886473696786538
2018-10-16T05:00:00.0,2018-10-16T10:00:00.0,10,0.0,1,0.0,0.0,0.01,0.12886473696786538
2018-10-16T06:00:00.0,2018-10-16T11:00:00.0,11,0.0,1,0.0,0.0,0.01,0.12886473696786538
2018-10-16T07:00:00.0,2018-10-16T12:00:00.0,12,82.73216488,0,0.0,0.0,0.99,0.12886473696786538
2018-10-16T08:00:00.0,2018-10-16T13:00:00.0,13,4770.316758,0,653.2179196,1711.240609,1.0,67183.8151211252
2018-10-16T09:00:00.0,2018-10-16T14:00:00.0,14,3869.691875,1,2823.301432,8452.591364,0.084918983,2.7718031000045314e6
2018-10-16T10:00:00.0,2018-10-16T15:00:00.0,15,4398.555028,1,3402.193733,9610.004397,0.234918886,3.229836837372422e6
2018-10-16T11:00:00.0,2018-10-16T16:00:00.0,16,5466.182043,1,4845.306185,11597.27938,0.158865472,3.6013646253674626e6
2018-10-16T12:00:00.0,2018-10-16T17:00:00.0,17,6750.325392,0,6912.25053,12528.05435,0.0,1.975527767053187e6
2018-10-16T13:00:00.0,2018-10-16T18:00:00.0,18,7822.671274,0,8238.901148,16146.64914,0.0,4.42838733737199e6
2018-10-16T14:00:00.0,2018-10-16T19:00:00.0,19,7145.913998,0,7440.170627,17290.01882,0.0,6.555647307959676e6
2018-10-16T15:00:00.0,2018-10-16T20:00:00.0,20,5518.769335,1,4911.809165,14154.69075,0.126433128,7.1697733747932315e6
2018-10-16T16:00:00.0,2018-10-16T21:00:00.0,21,4651.57288,1,4614.384022,14608.46473,0.015148798,8.289558459401414e6
2018-10-16T17:00:00.0,2018-10-16T22:00:00.0,22,13819.27073,0,2667.590965,9278.987298,1.0,3.213369612450067e6
2018-10-16T18:00:00.0,2018-10-16T23:00:00.0,23,5837.910436,1,785.5262514,12057.55583,0.254664799,9.549064787860326e6
2018-10-16T19:00:00.0,2018-10-17T00:00:00.0,0,130.748142,1,1.132768598,1198.840645,0.028468053,96793.16910684505
2018-10-16T20:00:00.0,2018-10-17T01:00:00.0,1,0.0,1,0.0,0.0,0.01,0.12886473696786538
2018-10-16T21:00:00.0,2018-10-17T02:00:00.0,2,0.0,1,0.0,0.0,0.01,0.12886473696786538
2018-10-16T22:00:00.0,2018-10-17T03:00:00.0,3,0.0,1,0.0,0.0,0.01,0.12886473696786538
2018-10-16T23:00:00.0,2018-10-17T04:00:00.0,4,0.0,1,0.0,0.0,0.01,0.12886473696786538
2018-10-17T00:00:00.0,2018-10-17T05:00:00.0,5,0.0,1,0.0,0.0,0.01,0.12886473696786538
2018-10-17T01:00:00.0,2018-10-17T06:00:00.0,6,0.0,1,0.0,0.0,0.01,0.12886473696786538
2018-10-17T02:00:00.0,2018-10-17T07:00:00.0,7,0.0,1,0.0,0.0,0.01,0.12886473696786538
2018-10-17T03:00:00.0,2018-10-17T08:00:00.0,8,0.0,1,0.0,0.0,0.01,0.12886473696786538
2018-10-17T04:00:00.0,2018-10-17T09:00:00.0,9,0.0,1,0.0,0.0,0.01,0.12886473696786538
2018-10-17T05:00:00.0,2018-10-17T10:00:00.0,10,0.0,1,0.0,0.0,0.01,0.12886473696786538
2018-10-17T06:00:00.0,2018-10-17T11:00:00.0,11,0.0,1,0.0,0.0,0.01,0.12886473696786538
2018-10-17T07:00:00.0,2018-10-17T12:00:00.0,12,114.580958,0,0.0,0.0,0.99,0.12886473696786538
2018-10-17T08:00:00.0,2018-10-17T13:00:00.0,13,2695.098972,1,755.6736748,3380.879318,0.96075956,364478.16067306045
2018-10-17T09:00:00.0,2018-10-17T14:00:00.0,14,4201.502293,1,3000.519222,12419.28604,0.106637348,6.187169596314594e6
2018-10-17T10:00:00.0,2018-10-17T15:00:00.0,15,5406.33999,0,5596.468215,11763.43979,0.0,2.9976266831381246e6
2018-10-17T11:00:00.0,2018-10-17T16:00:00.0,16,7159.054164,1,6579.92472,15698.56532,0.18305078,6.062068361300617e6
2018-10-17T12:00:00.0,2018-10-17T17:00:00.0,17,8753.844106,1,8482.488669,18215.19787,0.04298484,7.04734432968542e6
2018-10-17T13:00:00.0,2018-10-17T18:00:00.0,18,9668.552595,1,7689.863692,16389.10739,0.287883437,5.487609032983422e6
2018-10-17T14:00:00.0,2018-10-17T19:00:00.0,19,8964.337507,1,6550.94368,16361.68565,0.29141476,7.710284221127868e6
2018-10-17T15:00:00.0,2018-10-17T20:00:00.0,20,7743.37154,1,4981.263713,14836.57041,0.329489716,8.259435329765499e6
2018-10-17T16:00:00.0,2018-10-17T21:00:00.0,21,5325.005394,1,3830.219535,13536.37054,0.165129961,7.917112219012722e6
2018-10-17T17:00:00.0,2018-10-17T22:00:00.0,22,7496.106563,0,1907.147709,6323.883542,1.0,1.728064833778048e6
2018-10-17T18:00:00.0,2018-10-17T23:00:00.0,23,2305.77903,1,499.561701,5629.913955,0.222215804,2.2019180468279943e6
2018-10-17T19:00:00.0,2018-10-18T00:00:00.0,0,17.595974,1,1.201792511,186.4591472,0.059644639,2849.894926528117
2018-10-17T20:00:00.0,2018-10-18T01:00:00.0,1,0.0,1,0.0,0.0,0.01,0.12886473696786538
2018-10-17T21:00:00.0,2018-10-18T02:00:00.0,2,0.0,1,0.0,0.0,0.01,0.12886473696786538
2018-10-17T22:00:00.0,2018-10-18T03:00:00.0,3,0.0,1,0.0,0.0,0.01,0.12886473696786538
2018-10-17T23:00:00.0,2018-10-18T04:00:00.0,4,0.0,1,0.0,0.0,0.01,0.12886473696786538
2018-10-18T00:00:00.0,2018-10-18T05:00:00.0,5,0.0,1,0.0,0.0,0.01,0.12886473696786538
2018-10-18T01:00:00.0,2018-10-18T06:00:00.0,6,0.0,1,0.0,0.0,0.01,0.12886473696786538
2018-10-18T02:00:00.0,2018-10-18T07:00:00.0,7,0.0,1,0.0,0.0,0.01,0.12886473696786538
2018-10-18T03:00:00.0,2018-10-18T08:00:00.0,8,0.0,1,0.0,0.0,0.01,0.12886473696786538
2018-10-18T04:00:00.0,2018-10-18T09:00:00.0,9,0.0,1,0.0,0.0,0.01,0.12886473696786538
2018-10-18T05:00:00.0,2018-10-18T10:00:00.0,10,0.0,1,0.0,0.0,0.01,0.12886473696786538
2018-10-18T06:00:00.0,2018-10-18T11:00:00.0,11,0.0,1,0.0,0.0,0.01,0.12886473696786538
2018-10-18T07:00:00.0,2018-10-18T12:00:00.0,12,80.43755888,0,0.0,0.0,0.99,0.12886473696786538
2018-10-18T08:00:00.0,2018-10-18T13:00:00.0,13,2458.571445,1,903.8569235,3983.728089,0.731047202,708727.9455495621
2018-10-18T09:00:00.0,2018-10-18T14:00:00.0,14,3254.783336,0,3786.343811,11144.13582,0.0,3.659508259202957e6
2018-10-18T10:00:00.0,2018-10-18T15:00:00.0,15,5308.106113,0,5507.73613,10655.98791,0.0,1.9182626118691936e6
2018-10-18T11:00:00.0,2018-10-18T16:00:00.0,16,7465.062556,1,7438.112628,13488.75,0.013949199,1.935994006959319e6
2018-10-18T12:00:00.0,2018-10-18T17:00:00.0,17,9423.322729,1,7591.514001,16084.2555,0.288266574,5.974052480123416e6
2018-10-18T13:00:00.0,2018-10-18T18:00:00.0,18,10127.13271,1,9752.591161,19336.71885,0.033934286,5.479791232823968e6
2018-10-18T14:00:00.0,2018-10-18T19:00:00.0,19,9467.263656,1,7741.448281,19293.32147,0.232534753,1.2669112588604748e7
2018-10-18T15:00:00.0,2018-10-18T20:00:00.0,20,7598.49559,1,7156.606037,14155.87822,0.063947184,3.682783836931929e6
2018-10-18T16:00:00.0,2018-10-18T21:00:00.0,21,5158.355328,1,3727.331634,12887.01811,0.123041704,6.797824582698479e6
2018-10-18T17:00:00.0,2018-10-18T22:00:00.0,22,7648.668866,0,1696.644642,7447.100261,1.0,2.9290648388161175e6
2018-10-18T18:00:00.0,2018-10-18T23:00:00.0,23,2780.1875,1,427.2186096,5765.753402,0.251790886,2.195096063739039e6
2018-10-18T19:00:00.0,2018-10-19T00:00:00.0,0,53.88660304,1,5.5276757,488.2414469,0.058065271,19811.53813252435
2018-10-18T20:00:00.0,2018-10-19T01:00:00.0,1,0.0,1,0.0,0.0,0.01,0.12886473696786538
2018-10-18T21:00:00.0,2018-10-19T02:00:00.0,2,0.0,1,0.0,0.0,0.01,0.12886473696786538
2018-10-18T22:00:00.0,2018-10-19T03:00:00.0,3,0.0,1,0.0,0.0,0.01,0.12886473696786538
2018-10-18T23:00:00.0,2018-10-19T04:00:00.0,4,0.0,1,0.0,0.0,0.01,0.12886473696786538
2018-10-19T00:00:00.0,2018-10-19T05:00:00.0,5,0.0,1,0.0,0.0,0.01,0.12886473696786538
2018-10-19T01:00:00.0,2018-10-19T06:00:00.0,6,0.0,1,0.0,0.0,0.01,0.12886473696786538
2018-10-19T02:00:00.0,2018-10-19T07:00:00.0,7,0.0,1,0.0,0.0,0.01,0.12886473696786538
2018-10-19T03:00:00.0,2018-10-19T08:00:00.0,8,0.0,1,0.0,0.0,0.01,0.12886473696786538
2018-10-19T04:00:00.0,2018-10-19T09:00:00.0,9,0.0,1,0.0,0.0,0.01,0.12886473696786538
2018-10-19T05:00:00.0,2018-10-19T10:00:00.0,10,0.0,1,0.0,0.0,0.01,0.12886473696786538
2018-10-19T06:00:00.0,2018-10-19T11:00:00.0,11,0.0,1,0.0,0.0,0.01,0.12886473696786538
2018-10-19T07:00:00.0,2018-10-19T12:00:00.0,12,36.80678392,0,0.0,0.0,0.99,0.12886473696786538
2018-10-19T08:00:00.0,2018-10-19T13:00:00.0,13,1896.943549,1,844.0999319,3093.376591,0.719209058,342693.83401029976
2018-10-19T09:00:00.0,2018-10-19T14:00:00.0,14,4993.180258,1,3345.849652,10349.37554,0.349336053,4.229529237042002e6
2018-10-19T10:00:00.0,2018-10-19T15:00:00.0,15,7140.138691,1,6340.55688,14406.72615,0.160132071,5.390282973045751e6
2018-10-19T11:00:00.0,2018-10-19T16:00:00.0,16,9715.770387,1,7974.891844,17013.92757,0.356117455,6.7629327013988495e6
2018-10-19T12:00:00.0,2018-10-19T17:00:00.0,17,13002.3143,1,9685.776065,18068.68857,0.529078086,4.849751685790926e6
2018-10-19T13:00:00.0,2018-10-19T18:00:00.0,18,15030.11766,1,9895.363081,19387.49157,0.586171481,7.971704341611654e6
2018-10-19T14:00:00.0,2018-10-19T19:00:00.0,19,15749.1624,1,9789.377002,17183.20309,0.815557251,4.137066998998821e6
2018-10-19T15:00:00.0,2018-10-19T20:00:00.0,20,16428.17267,1,8544.154066,16474.78297,0.979967388,5.231244472061098e6
2018-10-19T16:00:00.0,2018-10-19T21:00:00.0,21,14754.09328,1,5996.21984,18683.99079,0.634362764,1.3390280868426561e7
2018-10-19T17:00:00.0,2018-10-19T22:00:00.0,22,11344.47563,1,2857.239414,14791.14253,0.666894653,1.2302218297324494e7
2018-10-19T18:00:00.0,2018-10-19T23:00:00.0,23,3417.861952,1,675.8587083,7736.589546,0.124936498,3.2762633107035495e6
2018-10-19T19:00:00.0,2018-10-20T00:00:00.0,0,34.76620492,1,1.54307227,266.620388,0.023257632,5158.412793297353
2018-10-19T20:00:00.0,2018-10-20T01:00:00.0,1,0.0,1,0.0,0.0,0.01,0.12886473696786538
2018-10-19T21:00:00.0,2018-10-20T02:00:00.0,2,0.0,1,0.0,0.0,0.01,0.12886473696786538
2018-10-19T22:00:00.0,2018-10-20T03:00:00.0,3,0.0,1,0.0,0.0,0.01,0.12886473696786538
2018-10-19T23:00:00.0,2018-10-20T04:00:00.0,4,0.0,1,0.0,0.0,0.01,0.12886473696786538
2018-10-20T00:00:00.0,2018-10-20T05:00:00.0,5,0.0,1,0.0,0.0,0.01,0.12886473696786538
2018-10-20T01:00:00.0,2018-10-20T06:00:00.0,6,0.0,1,0.0,0.0,0.01,0.12886473696786538
2018-10-20T02:00:00.0,2018-10-20T07:00:00.0,7,0.0,1,0.0,0.0,0.01,0.12886473696786538
2018-10-20T03:00:00.0,2018-10-20T08:00:00.0,8,0.0,1,0.0,0.0,0.01,0.12886473696786538
2018-10-20T04:00:00.0,2018-10-20T09:00:00.0,9,0.0,1,0.0,0.0,0.01,0.12886473696786538
2018-10-20T05:00:00.0,2018-10-20T10:00:00.0,10,0.0,1,0.0,0.0,0.01,0.12886473696786538
2018-10-20T06:00:00.0,2018-10-20T11:00:00.0,11,0.0,1,0.0,0.0,0.01,0.12886473696786538
2018-10-20T07:00:00.0,2018-10-20T12:00:00.0,12,158.1216197,0,0.0,0.0,0.99,0.12886473696786538
2018-10-20T08:00:00.0,2018-10-20T13:00:00.0,13,4437.059616,1,3221.173468,6558.622516,0.697766552,732263.0087014772
2018-10-20T09:00:00.0,2018-10-20T14:00:00.0,14,10187.80691,0,11140.42587,20591.76428,0.0,6.633985108304113e6
2018-10-20T10:00:00.0,2018-10-20T15:00:00.0,15,14078.68623,1,14052.10718,27809.39712,0.013114752,1.4128428202180505e7
2018-10-20T11:00:00.0,2018-10-20T16:00:00.0,16,17656.22924,1,14840.98236,27335.99486,0.345148304,1.061215868362838e7
2018-10-20T12:00:00.0,2018-10-20T17:00:00.0,17,19779.10735,1,15292.06123,29727.19514,0.399748532,1.9371736379158676e7
2018-10-20T13:00:00.0,2018-10-20T18:00:00.0,18,21725.08232,1,15839.37659,31442.9309,0.279904123,1.960540382996273e7
2018-10-20T14:00:00.0,2018-10-20T19:00:00.0,19,22022.76187,1,16920.04611,28854.07447,0.434940164,1.1437068595871449e7
2018-10-20T15:00:00.0,2018-10-20T20:00:00.0,20,19979.00992,1,14654.74928,30988.70923,0.342206614,2.5479987885219634e7
2018-10-20T16:00:00.0,2018-10-20T21:00:00.0,21,17889.66791,1,12338.6424,32348.22845,0.268453673,2.8035448812188327e7
2018-10-20T17:00:00.0,2018-10-20T22:00:00.0,22,14495.70322,1,6736.211465,22207.12236,0.516975817,2.39338683137154e7
2018-10-20T18:00:00.0,2018-10-20T23:00:00.0,23,4010.686466,1,1436.930899,9337.347084,0.155447839,4.919217351181604e6
2018-10-20T19:00:00.0,2018-10-21T00:00:00.0,0,12.71000167,0,0.0,0.0,0.99,0.12886473696786538
2018-10-20T20:00:00.0,2018-10-21T01:00:00.0,1,0.0,1,0.0,0.0,0.01,0.12886473696786538
2018-10-20T21:00:00.0,2018-10-21T02:00:00.0,2,0.0,1,0.0,0.0,0.01,0.12886473696786538
2018-10-20T22:00:00.0,2018-10-21T03:00:00.0,3,0.0,1,0.0,0.0,0.01,0.12886473696786538
2018-10-20T23:00:00.0,2018-10-21T04:00:00.0,4,0.0,1,0.0,0.0,0.01,0.12886473696786538
2018-10-21T00:00:00.0,2018-10-21T05:00:00.0,5,0.0,1,0.0,0.0,0.01,0.12886473696786538
2018-10-21T01:00:00.0,2018-10-21T06:00:00.0,6,0.0,1,0.0,0.0,0.01,0.12886473696786538
2018-10-21T02:00:00.0,2018-10-21T07:00:00.0,7,0.0,1,0.0,0.0,0.01,0.12886473696786538
2018-10-21T03:00:00.0,2018-10-21T08:00:00.0,8,0.0,1,0.0,0.0,0.01,0.12886473696786538
2018-10-21T04:00:00.0,2018-10-21T09:00:00.0,9,0.0,1,0.0,0.0,0.01,0.12886473696786538
2018-10-21T05:00:00.0,2018-10-21T10:00:00.0,10,0.0,1,0.0,0.0,0.01,0.12886473696786538
2018-10-21T06:00:00.0,2018-10-21T11:00:00.0,11,0.0,1,0.0,0.0,0.01,0.12886473696786538
2018-10-21T07:00:00.0,2018-10-21T12:00:00.0,12,348.8880523,0,0.0,0.0,0.99,0.12886473696786538
2018-10-21T08:00:00.0,2018-10-21T13:00:00.0,13,8523.384196,1,5134.858303,11535.83117,0.79919753,2.8251718249666095e6
2018-10-21T09:00:00.0,2018-10-21T14:00:00.0,14,20792.50461,1,17772.68874,32326.89327,0.381599842,1.6037012378987253e7
2018-10-21T10:00:00.0,2018-10-21T15:00:00.0,15,25066.00436,1,19668.72591,36825.98066,0.308037996,2.3504078225542426e7
2018-10-21T11:00:00.0,2018-10-21T16:00:00.0,16,24704.40298,1,19777.11424,33440.52192,0.472949574,1.7890489966531634e7
2018-10-21T12:00:00.0,2018-10-21T17:00:00.0,17,25276.25495,1,24327.93298,38831.76805,0.093974531,1.7110520958739996e7
2018-10-21T13:00:00.0,2018-10-21T18:00:00.0,18,26048.67689,1,23457.16142,33127.8137,0.323603651,8.658585924779415e6
2018-10-21T14:00:00.0,2018-10-21T19:00:00.0,19,26358.34263,1,21463.62005,34930.85719,0.469579289,1.729251380638039e7
2018-10-21T15:00:00.0,2018-10-21T20:00:00.0,20,26280.19207,1,22933.05486,37970.28984,0.28077478,1.7358843314742327e7
2018-10-21T16:00:00.0,2018-10-21T21:00:00.0,21,25432.39749,1,19335.08438,35346.58153,0.469612532,2.4158735754713535e7
2018-10-21T17:00:00.0,2018-10-21T22:00:00.0,22,19765.95521,1,13651.23255,27349.37642,0.287800711,1.4442889328083694e7
2018-10-21T18:00:00.0,2018-10-21T23:00:00.0,23,5412.262735,1,2206.656344,12169.71695,0.183235311,8.460886766577736e6
2018-10-21T19:00:00.0,2018-10-22T00:00:00.0,0,27.46694825,0,0.0,0.0,0.99,0.12886473696786538
2018-10-21T20:00:00.0,2018-10-22T01:00:00.0,1,0.0,1,0.0,0.0,0.01,0.12886473696786538
2018-10-21T21:00:00.0,2018-10-22T02:00:00.0,2,0.0,1,0.0,0.0,0.01,0.12886473696786538
2018-10-21T22:00:00.0,2018-10-22T03:00:00.0,3,0.0,1,0.0,0.0,0.01,0.12886473696786538
2018-10-21T23:00:00.0,2018-10-22T04:00:00.0,4,0.0,1,0.0,0.0,0.01,0.12886473696786538
2018-10-22T00:00:00.0,2018-10-22T05:00:00.0,5,0.0,1,0.0,0.0,0.01,0.12886473696786538
2018-10-22T01:00:00.0,2018-10-22T06:00:00.0,6,0.0,1,0.0,0.0,0.01,0.12886473696786538
2018-10-22T02:00:00.0,2018-10-22T07:00:00.0,7,0.0,1,0.0,0.0,0.01,0.12886473696786538
2018-10-22T03:00:00.0,2018-10-22T08:00:00.0,8,0.0,1,0.0,0.0,0.01,0.12886473696786538
2018-10-22T04:00:00.0,2018-10-22T09:00:00.0,9,0.0,1,0.0,0.0,0.01,0.12886473696786538
2018-10-22T05:00:00.0,2018-10-22T10:00:00.0,10,0.0,1,0.0,0.0,0.01,0.12886473696786538
2018-10-22T06:00:00.0,2018-10-22T11:00:00.0,11,0.0,1,0.0,0.0,0.01,0.12886473696786538
2018-10-22T07:00:00.0,2018-10-22T12:00:00.0,12,54.61796917,0,0.0,0.0,0.99,0.12886473696786538
2018-10-22T08:00:00.0,2018-10-22T13:00:00.0,13,3200.915208,0,3938.998222,6848.027993,0.0,429999.36570199206
2018-10-22T09:00:00.0,2018-10-22T14:00:00.0,14,10432.15848,0,14917.65678,23653.01961,0.0,2.6980299882921576e6
2018-10-22T10:00:00.0,2018-10-22T15:00:00.0,15,15619.41066,1,13437.5685,29433.85418,0.189094752,2.0379323391941965e7
2018-10-22T11:00:00.0,2018-10-22T16:00:00.0,16,19357.70041,1,17958.1568,33273.51149,0.164899004,1.7376765029137135e7
2018-10-22T12:00:00.0,2018-10-22T17:00:00.0,17,21259.90324,1,17516.81733,34007.87182,0.355152188,1.898935759407866e7
2018-10-22T13:00:00.0,2018-10-22T18:00:00.0,18,21930.46391,1,17104.30084,31786.39905,0.310765668,1.4918655616464019e7
2018-10-22T14:00:00.0,2018-10-22T19:00:00.0,19,21111.90405,1,14327.78465,32345.51086,0.423387725,2.5847284756280422e7
2018-10-22T15:00:00.0,2018-10-22T20:00:00.0,20,18744.45317,1,12688.24409,27541.72403,0.370899183,2.0837308308177352e7
2018-10-22T16:00:00.0,2018-10-22T21:00:00.0,21,14873.7576,1,12072.60679,29218.45021,0.245430991,2.6062203179769814e7
2018-10-22T17:00:00.0,2018-10-22T22:00:00.0,22,9421.385773,1,5560.210454,17284.28403,0.297697072,1.1771849892050982e7
2018-10-22T18:00:00.0,2018-10-22T23:00:00.0,23,2648.966969,1,1403.476474,5815.945744,0.13583691,1.407445436820699e6
2018-10-22T19:00:00.0,2018-10-23T00:00:00.0,0,18.64456433,0,0.0,0.0,0.99,0.12886473696786538
2018-10-22T20:00:00.0,2018-10-23T01:00:00.0,1,0.0,1,0.0,0.0,0.01,0.12886473696786538
2018-10-22T21:00:00.0,2018-10-23T02:00:00.0,2,0.0,1,0.0,0.0,0.01,0.12886473696786538
2018-10-22T22:00:00.0,2018-10-23T03:00:00.0,3,0.0,1,0.0,0.0,0.01,0.12886473696786538
2018-10-22T23:00:00.0,2018-10-23T04:00:00.0,4,0.0,1,0.0,0.0,0.01,0.12886473696786538
2018-10-23T00:00:00.0,2018-10-23T05:00:00.0,5,0.0,1,0.0,0.0,0.01,0.12886473696786538
2018-10-23T01:00:00.0,2018-10-23T06:00:00.0,6,0.0,1,0.0,0.0,0.01,0.12886473696786538
2018-10-23T02:00:00.0,2018-10-23T07:00:00.0,7,0.0,1,0.0,0.0,0.01,0.12886473696786538
2018-10-23T03:00:00.0,2018-10-23T08:00:00.0,8,0.0,1,0.0,0.0,0.01,0.12886473696786538
2018-10-23T04:00:00.0,2018-10-23T09:00:00.0,9,0.0,1,0.0,0.0,0.01,0.12886473696786538
2018-10-23T05:00:00.0,2018-10-23T10:00:00.0,10,0.0,1,0.0,0.0,0.01,0.12886473696786538
2018-10-23T06:00:00.0,2018-10-23T11:00:00.0,11,0.0,1,0.0,0.0,0.01,0.12886473696786538
2018-10-23T07:00:00.0,2018-10-23T12:00:00.0,12,27.51004896,0,0.0,0.0,0.99,0.12886473696786538
2018-10-23T08:00:00.0,2018-10-23T13:00:00.0,13,2828.749748,1,2082.563779,4037.651208,0.798767154,215019.86359363887
2018-10-23T09:00:00.0,2018-10-23T14:00:00.0,14,7189.924935,0,8439.871848,15225.07641,0.0,2.7134500259415507e6
2018-10-23T10:00:00.0,2018-10-23T15:00:00.0,15,10761.72291,1,10276.4202,20043.29932,0.099174834,6.765464313038021e6
2018-10-23T11:00:00.0,2018-10-23T16:00:00.0,16,13944.49024,1,12286.11579,23750.54678,0.151549212,8.236188843137562e6
2018-10-23T12:00:00.0,2018-10-23T17:00:00.0,17,16672.00555,1,15218.10136,22530.52267,0.319125112,3.966993874758899e6
2018-10-23T13:00:00.0,2018-10-23T18:00:00.0,18,17806.97584,1,16809.25595,28907.24508,0.113923866,1.1564847113075852e7
2018-10-23T14:00:00.0,2018-10-23T19:00:00.0,19,17810.50902,1,15359.40427,25840.58866,0.253893199,8.734958602094352e6
2018-10-23T15:00:00.0,2018-10-23T20:00:00.0,20,16419.27223,1,12262.42215,27694.83626,0.294840444,2.1108075280404687e7
2018-10-23T16:00:00.0,2018-10-23T21:00:00.0,21,13968.44343,1,11865.29166,26779.48063,0.133086123,1.764966018012637e7
2018-10-23T17:00:00.0,2018-10-23T22:00:00.0,22,9031.529081,1,6181.767612,15451.99279,0.266106292,6.333249341653898e6
2018-10-23T18:00:00.0,2018-10-23T23:00:00.0,23,1999.675571,1,453.0110021,5377.351643,0.211657636,2.3376563272233773e6
2018-10-23T19:00:00.0,2018-10-24T00:00:00.0,0,1.3386255,0,0.0,0.0,0.99,0.12886473696786538
2018-10-23T20:00:00.0,2018-10-24T01:00:00.0,1,0.0,1,0.0,0.0,0.01,0.12886473696786538
2018-10-23T21:00:00.0,2018-10-24T02:00:00.0,2,0.0,1,0.0,0.0,0.01,0.12886473696786538
2018-10-23T22:00:00.0,2018-10-24T03:00:00.0,3,0.0,1,0.0,0.0,0.01,0.12886473696786538
2018-10-23T23:00:00.0,2018-10-24T04:00:00.0,4,0.0,1,0.0,0.0,0.01,0.12886473696786538
2018-10-24T00:00:00.0,2018-10-24T05:00:00.0,5,0.0,1,0.0,0.0,0.01,0.12886473696786538
2018-10-24T01:00:00.0,2018-10-24T06:00:00.0,6,0.0,1,0.0,0.0,0.01,0.12886473696786538
2018-10-24T02:00:00.0,2018-10-24T07:00:00.0,7,0.0,1,0.0,0.0,0.01,0.12886473696786538
2018-10-24T03:00:00.0,2018-10-24T08:00:00.0,8,0.0,1,0.0,0.0,0.01,0.12886473696786538
2018-10-24T04:00:00.0,2018-10-24T09:00:00.0,9,0.0,1,0.0,0.0,0.01,0.12886473696786538
2018-10-24T05:00:00.0,2018-10-24T10:00:00.0,10,0.0,1,0.0,0.0,0.01,0.12886473696786538
2018-10-24T06:00:00.0,2018-10-24T11:00:00.0,11,0.0,1,0.0,0.0,0.01,0.12886473696786538
2018-10-24T07:00:00.0,2018-10-24T12:00:00.0,12,19.61350842,0,0.0,0.0,0.99,0.12886473696786538
2018-10-24T08:00:00.0,2018-10-24T13:00:00.0,13,1045.279864,1,622.369972,2407.252265,0.328790305,208885.67733659828
2018-10-24T09:00:00.0,2018-10-24T14:00:00.0,14,3063.238957,1,2289.634838,10493.22578,0.177878985,5.700037049784806e6
2018-10-24T10:00:00.0,2018-10-24T15:00:00.0,15,4121.956276,1,3685.056026,10889.20687,0.140798786,4.1755166212348863e6
2018-10-24T11:00:00.0,2018-10-24T16:00:00.0,16,5104.23078,1,4857.520894,12421.39757,0.063254271,4.1400869384415075e6
2018-10-24T12:00:00.0,2018-10-24T17:00:00.0,17,6999.869092,1,6234.636766,15447.3339,0.168663461,7.166305632113457e6
2018-10-24T13:00:00.0,2018-10-24T18:00:00.0,18,7498.334301,1,5538.024547,12746.75676,0.298260136,4.0112586947538555e6
2018-10-24T14:00:00.0,2018-10-24T19:00:00.0,19,8390.69736,1,5677.373851,11651.71572,0.475194993,2.9941365730635226e6
2018-10-24T15:00:00.0,2018-10-24T20:00:00.0,20,7305.598889,1,4428.872314,10221.1021,0.426576448,2.9544051652892306e6
2018-10-24T16:00:00.0,2018-10-24T21:00:00.0,21,6601.152766,1,2957.936444,8724.441307,0.622887057,2.5902122562498674e6
2018-10-24T17:00:00.0,2018-10-24T22:00:00.0,22,12891.36985,0,1780.504056,7179.372691,1.0,2.3188169429407045e6
2018-10-24T18:00:00.0,2018-10-24T23:00:00.0,23,4958.220363,1,1486.497153,10709.18042,0.225598904,7.4683078278221935e6
2018-10-24T19:00:00.0,2018-10-25T00:00:00.0,0,15.44960546,0,0.0,0.0,0.99,0.12886473696786538
2018-10-24T20:00:00.0,2018-10-25T01:00:00.0,1,0.0,1,0.0,0.0,0.01,0.12886473696786538
2018-10-24T21:00:00.0,2018-10-25T02:00:00.0,2,0.0,1,0.0,0.0,0.01,0.12886473696786538
2018-10-24T22:00:00.0,2018-10-25T03:00:00.0,3,0.0,1,0.0,0.0,0.01,0.12886473696786538
2018-10-24T23:00:00.0,2018-10-25T04:00:00.0,4,0.0,1,0.0,0.0,0.01,0.12886473696786538
2018-10-25T00:00:00.0,2018-10-25T05:00:00.0,5,0.0,1,0.0,0.0,0.01,0.12886473696786538
2018-10-25T01:00:00.0,2018-10-25T06:00:00.0,6,0.0,1,0.0,0.0,0.01,0.12886473696786538
2018-10-25T02:00:00.0,2018-10-25T07:00:00.0,7,0.0,1,0.0,0.0,0.01,0.12886473696786538
2018-10-25T03:00:00.0,2018-10-25T08:00:00.0,8,0.0,1,0.0,0.0,0.01,0.12886473696786538
2018-10-25T04:00:00.0,2018-10-25T09:00:00.0,9,0.0,1,0.0,0.0,0.01,0.12886473696786538
2018-10-25T05:00:00.0,2018-10-25T10:00:00.0,10,0.0,1,0.0,0.0,0.01,0.12886473696786538
2018-10-25T06:00:00.0,2018-10-25T11:00:00.0,11,0.0,1,0.0,0.0,0.01,0.12886473696786538
2018-10-25T07:00:00.0,2018-10-25T12:00:00.0,12,204.247853,0,0.0,0.0,0.99,0.12886473696786538
2018-10-25T08:00:00.0,2018-10-25T13:00:00.0,13,6192.457789,1,2528.411536,6706.424455,0.981933833,1.096630472912699e6
2018-10-25T09:00:00.0,2018-10-25T14:00:00.0,14,9502.292246,0,10325.33576,22985.00003,0.0,1.1168514579171598e7
2018-10-25T10:00:00.0,2018-10-25T15:00:00.0,15,13543.83539,1,12415.37097,28509.01647,0.157617939,1.95492755210135e7
2018-10-25T11:00:00.0,2018-10-25T16:00:00.0,16,18076.56271,1,15343.44838,33271.30223,0.219852995,2.4395582677981317e7
2018-10-25T12:00:00.0,2018-10-25T17:00:00.0,17,20746.45388,1,18113.88638,31842.15215,0.273041282,1.402820885134697e7
2018-10-25T13:00:00.0,2018-10-25T18:00:00.0,18,23320.42361,1,18152.63057,30777.19726,0.447033149,1.4604699525768757e7
2018-10-25T14:00:00.0,2018-10-25T19:00:00.0,19,24854.36399,1,18831.85282,35002.06327,0.409948304,1.9106270829559207e7
2018-10-25T15:00:00.0,2018-10-25T20:00:00.0,20,26783.74155,1,17376.24292,33007.09039,0.689255625,1.952120983970034e7
2018-10-25T16:00:00.0,2018-10-25T21:00:00.0,21,26981.48601,1,19074.95006,35946.79688,0.448489151,2.600805724794364e7
2018-10-25T17:00:00.0,2018-10-25T22:00:00.0,22,22232.27939,1,13727.41135,26917.22674,0.442573279,1.3866181748980165e7
2018-10-25T18:00:00.0,2018-10-25T23:00:00.0,23,6666.675081,1,2941.566921,15391.18467,0.147270182,1.2729396936555877e7
2018-10-25T19:00:00.0,2018-10-26T00:00:00.0,0,9.272411333,0,0.0,0.0,0.99,0.12886473696786538
2018-10-25T20:00:00.0,2018-10-26T01:00:00.0,1,0.0,1,0.0,0.0,0.01,0.12886473696786538
2018-10-25T21:00:00.0,2018-10-26T02:00:00.0,2,0.0,1,0.0,0.0,0.01,0.12886473696786538
2018-10-25T22:00:00.0,2018-10-26T03:00:00.0,3,0.0,1,0.0,0.0,0.01,0.12886473696786538
2018-10-25T23:00:00.0,2018-10-26T04:00:00.0,4,0.0,1,0.0,0.0,0.01,0.12886473696786538
2018-10-26T00:00:00.0,2018-10-26T05:00:00.0,5,0.0,1,0.0,0.0,0.01,0.12886473696786538
2018-10-26T01:00:00.0,2018-10-26T06:00:00.0,6,0.0,1,0.0,0.0,0.01,0.12886473696786538
2018-10-26T02:00:00.0,2018-10-26T07:00:00.0,7,0.0,1,0.0,0.0,0.01,0.12886473696786538
2018-10-26T03:00:00.0,2018-10-26T08:00:00.0,8,0.0,1,0.0,0.0,0.01,0.12886473696786538
2018-10-26T04:00:00.0,2018-10-26T09:00:00.0,9,0.0,1,0.0,0.0,0.01,0.12886473696786538
2018-10-26T05:00:00.0,2018-10-26T10:00:00.0,10,0.0,1,0.0,0.0,0.01,0.12886473696786538
2018-10-26T06:00:00.0,2018-10-26T11:00:00.0,11,0.0,1,0.0,0.0,0.01,0.12886473696786538
2018-10-26T07:00:00.0,2018-10-26T12:00:00.0,12,148.4650633,0,0.0,0.0,0.99,0.12886473696786538
2018-10-26T08:00:00.0,2018-10-26T13:00:00.0,13,8363.052282,1,6511.542739,9010.319535,0.95608374,315086.0309457928
2018-10-26T09:00:00.0,2018-10-26T14:00:00.0,14,24787.66245,1,22973.66822,29293.7052,0.612097721,2.3933017876802683e6
2018-10-26T10:00:00.0,2018-10-26T15:00:00.0,15,32545.52812,1,27311.78368,35546.45062,0.7071207,5.172317961859345e6
2018-10-26T11:00:00.0,2018-10-26T16:00:00.0,16,32470.65117,1,26395.42009,34768.4522,0.752414678,5.473203239702225e6
2018-10-26T12:00:00.0,2018-10-26T17:00:00.0,17,32063.02989,1,24485.29442,35420.28158,0.662917126,8.052032968775272e6
2018-10-26T13:00:00.0,2018-10-26T18:00:00.0,18,32175.04448,1,24349.62007,37639.04686,0.631514101,1.6209863456937432e7
2018-10-26T14:00:00.0,2018-10-26T19:00:00.0,19,32617.11995,1,28405.93914,34892.57072,0.592201071,3.133706212327838e6
2018-10-26T15:00:00.0,2018-10-26T20:00:00.0,20,32723.394,1,23500.69583,35395.97992,0.75805746,8.601059795237303e6
2018-10-26T16:00:00.0,2018-10-26T21:00:00.0,21,31099.70125,1,23187.37012,34842.49058,0.520844003,1.05033602955755e7
2018-10-26T17:00:00.0,2018-10-26T22:00:00.0,22,22876.98016,1,16837.37223,33927.13642,0.239396049,2.356876308699751e7
2018-10-26T18:00:00.0,2018-10-26T23:00:00.0,23,6381.868302,1,3468.083305,15475.42332,0.089573053,1.044331259646836e7
2018-10-26T19:00:00.0,2018-10-27T00:00:00.0,0,5.181896708,0,0.0,0.0,0.99,0.12886473696786538
2018-10-26T20:00:00.0,2018-10-27T01:00:00.0,1,0.0,1,0.0,0.0,0.01,0.12886473696786538
2018-10-26T21:00:00.0,2018-10-27T02:00:00.0,2,0.0,1,0.0,0.0,0.01,0.12886473696786538
2018-10-26T22:00:00.0,2018-10-27T03:00:00.0,3,0.0,1,0.0,0.0,0.01,0.12886473696786538
2018-10-26T23:00:00.0,2018-10-27T04:00:00.0,4,0.0,1,0.0,0.0,0.01,0.12886473696786538
2018-10-27T00:00:00.0,2018-10-27T05:00:00.0,5,0.0,1,0.0,0.0,0.01,0.12886473696786538
2018-10-27T01:00:00.0,2018-10-27T06:00:00.0,6,0.0,1,0.0,0.0,0.01,0.12886473696786538
2018-10-27T02:00:00.0,2018-10-27T07:00:00.0,7,0.0,1,0.0,0.0,0.01,0.12886473696786538
2018-10-27T03:00:00.0,2018-10-27T08:00:00.0,8,0.0,1,0.0,0.0,0.01,0.12886473696786538
2018-10-27T04:00:00.0,2018-10-27T09:00:00.0,9,0.0,1,0.0,0.0,0.01,0.12886473696786538
2018-10-27T05:00:00.0,2018-10-27T10:00:00.0,10,0.0,1,0.0,0.0,0.01,0.12886473696786538
2018-10-27T06:00:00.0,2018-10-27T11:00:00.0,11,0.0,1,0.0,0.0,0.01,0.12886473696786538
2018-10-27T07:00:00.0,2018-10-27T12:00:00.0,12,199.0766787,0,0.0,0.0,0.99,0.12886473696786538
2018-10-27T08:00:00.0,2018-10-27T13:00:00.0,13,10301.32198,0,7234.464788,9370.692454,1.0,257440.59015669674
2018-10-27T09:00:00.0,2018-10-27T14:00:00.0,14,28879.63895,1,26068.74238,32890.29726,0.811003316,2.417097355206251e6
2018-10-27T10:00:00.0,2018-10-27T15:00:00.0,15,35003.21798,1,28519.4945,38542.88048,0.637361027,8.289644738812685e6
2018-10-27T11:00:00.0,2018-10-27T16:00:00.0,16,34816.05779,1,29386.15943,37096.91385,0.608399507,4.650742805714846e6
2018-10-27T12:00:00.0,2018-10-27T17:00:00.0,17,33490.90121,1,31244.49934,36919.08136,0.359161514,2.802406610425949e6
2018-10-27T13:00:00.0,2018-10-27T18:00:00.0,18,32859.4794,1,28234.77724,34746.00504,0.647089445,3.1916281406861544e6
2018-10-27T14:00:00.0,2018-10-27T19:00:00.0,19,33356.24261,1,28320.56381,35773.23252,0.656039057,5.3699848782480955e6
2018-10-27T15:00:00.0,2018-10-27T20:00:00.0,20,34191.2153,0,30949.27398,34172.36047,1.0,873054.1964575052
2018-10-27T16:00:00.0,2018-10-27T21:00:00.0,21,33433.77195,1,28634.53951,39347.08394,0.390509485,9.11620814230156e6
2018-10-27T17:00:00.0,2018-10-27T22:00:00.0,22,25091.21956,1,21810.09586,32077.61663,0.114462298,6.304916505667448e6
2018-10-27T18:00:00.0,2018-10-27T23:00:00.0,23,6825.545798,1,4159.963041,16206.07244,0.108216909,1.150762099378109e7
2018-10-27T19:00:00.0,2018-10-28T00:00:00.0,0,4.176881667,0,0.0,0.0,0.99,0.12886473696786538
2018-10-27T20:00:00.0,2018-10-28T01:00:00.0,1,0.0,1,0.0,0.0,0.01,0.12886473696786538
2018-10-27T21:00:00.0,2018-10-28T02:00:00.0,2,0.0,1,0.0,0.0,0.01,0.12886473696786538
2018-10-27T22:00:00.0,2018-10-28T03:00:00.0,3,0.0,1,0.0,0.0,0.01,0.12886473696786538
2018-10-27T23:00:00.0,2018-10-28T04:00:00.0,4,0.0,1,0.0,0.0,0.01,0.12886473696786538
2018-10-28T00:00:00.0,2018-10-28T05:00:00.0,5,0.0,1,0.0,0.0,0.01,0.12886473696786538
2018-10-28T01:00:00.0,2018-10-28T06:00:00.0,6,0.0,1,0.0,0.0,0.01,0.12886473696786538
2018-10-28T02:00:00.0,2018-10-28T07:00:00.0,7,0.0,1,0.0,0.0,0.01,0.12886473696786538
2018-10-28T03:00:00.0,2018-10-28T08:00:00.0,8,0.0,1,0.0,0.0,0.01,0.12886473696786538
2018-10-28T04:00:00.0,2018-10-28T09:00:00.0,9,0.0,1,0.0,0.0,0.01,0.12886473696786538
2018-10-28T05:00:00.0,2018-10-28T10:00:00.0,10,0.0,1,0.0,0.0,0.01,0.12886473696786538
2018-10-28T06:00:00.0,2018-10-28T11:00:00.0,11,0.0,1,0.0,0.0,0.01,0.12886473696786538
2018-10-28T07:00:00.0,2018-10-28T12:00:00.0,12,191.0034375,0,0.0,0.0,0.99,0.12886473696786538
2018-10-28T08:00:00.0,2018-10-28T13:00:00.0,13,10308.10163,0,7954.412366,9234.739898,1.0,38262.9490307197
2018-10-28T09:00:00.0,2018-10-28T14:00:00.0,14,29059.52258,1,26333.64018,29545.05141,0.950738461,596368.7357338667
2018-10-28T10:00:00.0,2018-10-28T15:00:00.0,15,35188.55471,1,32558.34255,40445.57303,0.402117067,4.439329008030415e6
2018-10-28T11:00:00.0,2018-10-28T16:00:00.0,16,34961.56996,1,33469.37618,42432.71673,0.18686893,6.233295110273361e6
2018-10-28T12:00:00.0,2018-10-28T17:00:00.0,17,33590.755,1,28978.09132,35234.21835,0.627978823,3.3742853357661963e6
2018-10-28T13:00:00.0,2018-10-28T18:00:00.0,18,32787.56368,1,28171.19944,34538.30531,0.725076491,3.086459823456764e6
2018-10-28T14:00:00.0,2018-10-28T19:00:00.0,19,33190.02048,1,29051.7982,36242.73179,0.481983721,3.9734167205929756e6
2018-10-28T15:00:00.0,2018-10-28T20:00:00.0,20,33909.58735,1,29289.58064,40772.79986,0.520646246,1.1140723607920408e7
2018-10-28T16:00:00.0,2018-10-28T21:00:00.0,21,32949.13563,1,27771.22149,39305.11367,0.434298266,1.0755756810790777e7
2018-10-28T17:00:00.0,2018-10-28T22:00:00.0,22,24399.80823,1,20436.35515,34240.97721,0.160650977,1.5103338692120671e7
2018-10-28T18:00:00.0,2018-10-28T23:00:00.0,23,6413.998558,1,4104.289657,15089.50364,0.094186609,9.52055820846261e6
2018-10-28T19:00:00.0,2018-10-29T00:00:00.0,0,2.982319167,0,0.0,0.0,0.99,0.12886473696786538
2018-10-28T20:00:00.0,2018-10-29T01:00:00.0,1,0.0,1,0.0,0.0,0.01,0.12886473696786538
2018-10-28T21:00:00.0,2018-10-29T02:00:00.0,2,0.0,1,0.0,0.0,0.01,0.12886473696786538
2018-10-28T22:00:00.0,2018-10-29T03:00:00.0,3,0.0,1,0.0,0.0,0.01,0.12886473696786538
2018-10-28T23:00:00.0,2018-10-29T04:00:00.0,4,0.0,1,0.0,0.0,0.01,0.12886473696786538
2018-10-29T00:00:00.0,2018-10-29T05:00:00.0,5,0.0,1,0.0,0.0,0.01,0.12886473696786538
2018-10-29T01:00:00.0,2018-10-29T06:00:00.0,6,0.0,1,0.0,0.0,0.01,0.12886473696786538
2018-10-29T02:00:00.0,2018-10-29T07:00:00.0,7,0.0,1,0.0,0.0,0.01,0.12886473696786538
2018-10-29T03:00:00.0,2018-10-29T08:00:00.0,8,0.0,1,0.0,0.0,0.01,0.12886473696786538
2018-10-29T04:00:00.0,2018-10-29T09:00:00.0,9,0.0,1,0.0,0.0,0.01,0.12886473696786538
2018-10-29T05:00:00.0,2018-10-29T10:00:00.0,10,0.0,1,0.0,0.0,0.01,0.12886473696786538
2018-10-29T06:00:00.0,2018-10-29T11:00:00.0,11,0.0,1,0.0,0.0,0.01,0.12886473696786538
2018-10-29T07:00:00.0,2018-10-29T12:00:00.0,12,153.7995517,0,0.0,0.0,0.99,0.12886473696786538
2018-10-29T08:00:00.0,2018-10-29T13:00:00.0,13,9533.670932,0,6697.968396,7492.904416,1.0,45563.54404567927
2018-10-29T09:00:00.0,2018-10-29T14:00:00.0,14,26871.56936,1,22687.9667,28345.04077,0.967787761,1.4411969682075977e6
2018-10-29T10:00:00.0,2018-10-29T15:00:00.0,15,33592.72038,1,25724.73195,34489.93288,0.843035395,6.851997569998503e6
2018-10-29T11:00:00.0,2018-10-29T16:00:00.0,16,33964.2896,1,28251.86329,38616.62972,0.554574921,9.32233256376481e6
2018-10-29T12:00:00.0,2018-10-29T17:00:00.0,17,32962.06608,1,26966.65281,37492.27808,0.553166455,8.717657978567243e6
2018-10-29T13:00:00.0,2018-10-29T18:00:00.0,18,32225.81849,1,28377.99348,37771.15678,0.472777127,7.920778858942747e6
2018-10-29T14:00:00.0,2018-10-29T19:00:00.0,19,32737.84305,1,26946.21125,33728.46653,0.784241229,3.6895889950773716e6
2018-10-29T15:00:00.0,2018-10-29T20:00:00.0,20,33492.40916,1,27674.79382,34187.78195,0.825868221,2.9885414147565365e6
2018-10-29T16:00:00.0,2018-10-29T21:00:00.0,21,32484.214,1,28905.01916,39250.10618,0.344437168,1.0828030557702303e7
2018-10-29T17:00:00.0,2018-10-29T22:00:00.0,22,23506.26997,1,19621.79727,31755.98723,0.194789839,1.1174978407745361e7
2018-10-29T18:00:00.0,2018-10-29T23:00:00.0,23,6040.249687,1,3036.067638,15257.8852,0.141671086,1.2740688828527868e7
2018-10-29T19:00:00.0,2018-10-30T00:00:00.0,0,2.007639167,0,0.0,0.0,0.99,0.12886473696786538
2018-10-29T20:00:00.0,2018-10-30T01:00:00.0,1,0.0,1,0.0,0.0,0.01,0.12886473696786538
2018-10-29T21:00:00.0,2018-10-30T02:00:00.0,2,0.0,1,0.0,0.0,0.01,0.12886473696786538
2018-10-29T22:00:00.0,2018-10-30T03:00:00.0,3,0.0,1,0.0,0.0,0.01,0.12886473696786538
2018-10-29T23:00:00.0,2018-10-30T04:00:00.0,4,0.0,1,0.0,0.0,0.01,0.12886473696786538
2018-10-30T00:00:00.0,2018-10-30T05:00:00.0,5,0.0,1,0.0,0.0,0.01,0.12886473696786538
2018-10-30T01:00:00.0,2018-10-30T06:00:00.0,6,0.0,1,0.0,0.0,0.01,0.12886473696786538
2018-10-30T02:00:00.0,2018-10-30T07:00:00.0,7,0.0,1,0.0,0.0,0.01,0.12886473696786538
2018-10-30T03:00:00.0,2018-10-30T08:00:00.0,8,0.0,1,0.0,0.0,0.01,0.12886473696786538
2018-10-30T04:00:00.0,2018-10-30T09:00:00.0,9,0.0,1,0.0,0.0,0.01,0.12886473696786538
2018-10-30T05:00:00.0,2018-10-30T10:00:00.0,10,0.0,1,0.0,0.0,0.01,0.12886473696786538
2018-10-30T06:00:00.0,2018-10-30T11:00:00.0,11,0.0,1,0.0,0.0,0.01,0.12886473696786538
2018-10-30T07:00:00.0,2018-10-30T12:00:00.0,12,107.4102823,0,0.0,0.0,0.99,0.12886473696786538
2018-10-30T08:00:00.0,2018-10-30T13:00:00.0,13,6249.429754,0,0.0,0.0,0.99,0.12886473696786538
2018-10-30T09:00:00.0,2018-10-30T14:00:00.0,14,16485.00715,0,21150.68307,26654.83163,0.0,1.201181853808999e6
2018-10-30T10:00:00.0,2018-10-30T15:00:00.0,15,22551.12838,1,21574.98779,28490.46034,0.22633951,2.035715068580389e6
2018-10-30T11:00:00.0,2018-10-30T16:00:00.0,16,25000.55903,1,21898.25371,32895.72374,0.370408345,9.99410372348988e6
2018-10-30T12:00:00.0,2018-10-30T17:00:00.0,17,25995.26147,1,20700.94941,32657.95656,0.534353795,1.1178023377526164e7
2018-10-30T13:00:00.0,2018-10-30T18:00:00.0,18,26971.91551,1,23010.38905,31247.71934,0.458816227,6.286721226534367e6
2018-10-30T14:00:00.0,2018-10-30T19:00:00.0,19,27030.94126,1,22327.16886,33209.65469,0.396493122,9.390133075040698e6
2018-10-30T15:00:00.0,2018-10-30T20:00:00.0,20,26769.49672,1,18178.60199,32779.58822,0.564323688,1.8004209336136937e7
2018-10-30T16:00:00.0,2018-10-30T21:00:00.0,21,24227.68218,1,21999.36886,31668.44596,0.175569093,6.806502207656026e6
2018-10-30T17:00:00.0,2018-10-30T22:00:00.0,22,16016.49747,1,12222.13309,25885.92234,0.208798135,1.5540331710083246e7
2018-10-30T18:00:00.0,2018-10-30T23:00:00.0,23,4107.796011,1,2093.775954,9861.116797,0.125746457,5.128768373932317e6
2018-10-30T19:00:00.0,2018-10-31T00:00:00.0,0,0.436585,0,0.0,0.0,0.99,0.12886473696786538
2018-10-30T20:00:00.0,2018-10-31T01:00:00.0,1,0.0,1,0.0,0.0,0.01,0.12886473696786538
2018-10-30T21:00:00.0,2018-10-31T02:00:00.0,2,0.0,1,0.0,0.0,0.01,0.12886473696786538
2018-10-30T22:00:00.0,2018-10-31T03:00:00.0,3,0.0,1,0.0,0.0,0.01,0.12886473696786538
2018-10-30T23:00:00.0,2018-10-31T04:00:00.0,4,0.0,1,0.0,0.0,0.01,0.12886473696786538
2018-10-31T00:00:00.0,2018-10-31T05:00:00.0,5,0.0,1,0.0,0.0,0.01,0.12886473696786538
2018-10-31T01:00:00.0,2018-10-31T06:00:00.0,6,0.0,1,0.0,0.0,0.01,0.12886473696786538
2018-10-31T02:00:00.0,2018-10-31T07:00:00.0,7,0.0,1,0.0,0.0,0.01,0.12886473696786538
2018-10-31T03:00:00.0,2018-10-31T08:00:00.0,8,0.0,1,0.0,0.0,0.01,0.12886473696786538
2018-10-31T04:00:00.0,2018-10-31T09:00:00.0,9,0.0,1,0.0,0.0,0.01,0.12886473696786538
2018-10-31T05:00:00.0,2018-10-31T10:00:00.0,10,0.0,1,0.0,0.0,0.01,0.12886473696786538
2018-10-31T06:00:00.0,2018-10-31T11:00:00.0,11,0.0,1,0.0,0.0,0.01,0.12886473696786538
2018-10-31T07:00:00.0,2018-10-31T12:00:00.0,12,15.51983367,0,0.0,0.0,0.99,0.12886473696786538
2018-10-31T08:00:00.0,2018-10-31T13:00:00.0,13,1448.219764,1,1220.111199,2529.700394,0.438851507,101342.8282560124
2018-10-31T09:00:00.0,2018-10-31T14:00:00.0,14,3784.066277,0,5515.807508,9667.696101,0.0,907230.0507189631
2018-10-31T10:00:00.0,2018-10-31T15:00:00.0,15,4795.868695,0,5378.867995,12789.14738,0.0,5.092104482766278e6
2018-10-31T11:00:00.0,2018-10-31T16:00:00.0,16,6082.499603,0,7888.518269,14725.66965,0.0,3.3930328571827263e6
2018-10-31T12:00:00.0,2018-10-31T17:00:00.0,17,7469.900189,0,8132.557369,17578.05949,0.0,7.295002298042402e6
2018-10-31T13:00:00.0,2018-10-31T18:00:00.0,18,8055.535597,0,8608.336638,17316.00352,0.0,4.437408960149974e6
2018-10-31T14:00:00.0,2018-10-31T19:00:00.0,19,7740.598633,0,9523.193513,20118.49557,0.0,7.911640873988628e6
2018-10-31T15:00:00.0,2018-10-31T20:00:00.0,20,6109.790061,0,6355.494478,18178.59452,0.0,1.0457025592064604e7
2018-10-31T16:00:00.0,2018-10-31T21:00:00.0,21,5313.47444,0,5380.802317,13672.0145,0.0,4.7114253387670815e6
2018-10-31T17:00:00.0,2018-10-31T22:00:00.0,22,4001.192203,1,2828.961631,7252.560039,0.185151816,1.7389784656268433e6
2018-10-31T18:00:00.0,2018-10-31T23:00:00.0,23,899.1962424,1,360.6959912,2219.104521,0.108467735,271722.8803940164
2018-10-31T19:00:00.0,2018-11-01T00:00:00.0,0,0.508419167,0,0.0,0.0,0.99,0.12886473696786538
2018-10-31T20:00:00.0,2018-11-01T01:00:00.0,1,0.0,1,0.0,0.0,0.01,0.12886473696786538
2018-10-31T21:00:00.0,2018-11-01T02:00:00.0,2,0.0,1,0.0,0.0,0.01,0.12886473696786538
2018-10-31T22:00:00.0,2018-11-01T03:00:00.0,3,0.0,1,0.0,0.0,0.01,0.12886473696786538
2018-10-31T23:00:00.0,2018-11-01T04:00:00.0,4,0.0,1,0.0,0.0,0.01,0.12886473696786538
2018-11-01T00:00:00.0,2018-11-01T05:00:00.0,5,0.0,1,0.0,0.0,0.01,0.12886473696786538
2018-11-01T01:00:00.0,2018-11-01T06:00:00.0,6,0.0,1,0.0,0.0,0.01,0.12886473696786538
2018-11-01T02:00:00.0,2018-11-01T07:00:00.0,7,0.0,1,0.0,0.0,0.01,0.12886473696786538
2018-11-01T03:00:00.0,2018-11-01T08:00:00.0,8,0.0,1,0.0,0.0,0.01,0.12886473696786538
2018-11-01T04:00:00.0,2018-11-01T09:00:00.0,9,0.0,1,0.0,0.0,0.01,0.12886473696786538
2018-11-01T05:00:00.0,2018-11-01T10:00:00.0,10,0.0,1,0.0,0.0,0.01,0.12886473696786538
2018-11-01T06:00:00.0,2018-11-01T11:00:00.0,11,0.0,1,0.0,0.0,0.01,0.12886473696786538
2018-11-01T07:00:00.0,2018-11-01T12:00:00.0,12,28.76889938,0,0.0,0.0,0.99,0.12886473696786538
2018-11-01T08:00:00.0,2018-11-01T13:00:00.0,13,7305.466571,0,5024.947885,6917.216481,1.0,175595.61825644597
2018-11-01T09:00:00.0,2018-11-01T14:00:00.0,14,24562.85901,1,21612.9282,30134.38164,0.79294339,2.7967811458079815e6
2018-11-01T10:00:00.0,2018-11-01T15:00:00.0,15,29868.34574,1,21228.4238,36705.09928,0.575347001,2.0868814739919543e7
2018-11-01T11:00:00.0,2018-11-01T16:00:00.0,16,29889.48888,1,27488.82196,34956.03946,0.340152547,4.910975781924844e6
2018-11-01T12:00:00.0,2018-11-01T17:00:00.0,17,27632.74538,1,26068.45237,36728.29255,0.207999664,8.372164721015811e6
2018-11-01T13:00:00.0,2018-11-01T18:00:00.0,18,27366.3912,1,23027.00886,34941.09146,0.387115035,1.3660387583953977e7
2018-11-01T14:00:00.0,2018-11-01T19:00:00.0,19,28811.18697,1,19755.52209,34517.04986,0.68218957,1.635101771390748e7
2018-11-01T15:00:00.0,2018-11-01T20:00:00.0,20,30078.27787,1,20411.30384,30452.71321,0.944015083,8.754144167910457e6
2018-11-01T16:00:00.0,2018-11-01T21:00:00.0,21,29133.04668,1,17574.65719,32151.40164,0.739454797,1.5686024402962208e7
2018-11-01T17:00:00.0,2018-11-01T22:00:00.0,22,20503.52088,1,10780.42196,28279.74218,0.355014621,2.436619614266169e7
2018-11-01T18:00:00.0,2018-11-01T23:00:00.0,23,5057.127214,1,1494.877674,12893.04513,0.160365092,9.316797305163145e6
2018-11-01T19:00:00.0,2018-11-02T00:00:00.0,0,0.52324,0,0.0,0.0,0.99,0.12886473696786538
2018-11-01T20:00:00.0,2018-11-02T01:00:00.0,1,0.0,1,0.0,0.0,0.01,0.12886473696786538
2018-11-01T21:00:00.0,2018-11-02T02:00:00.0,2,0.0,1,0.0,0.0,0.01,0.12886473696786538
2018-11-01T22:00:00.0,2018-11-02T03:00:00.0,3,0.0,1,0.0,0.0,0.01,0.12886473696786538
2018-11-01T23:00:00.0,2018-11-02T04:00:00.0,4,0.0,1,0.0,0.0,0.01,0.12886473696786538
2018-11-02T00:00:00.0,2018-11-02T05:00:00.0,5,0.0,1,0.0,0.0,0.01,0.12886473696786538
2018-11-02T01:00:00.0,2018-11-02T06:00:00.0,6,0.0,1,0.0,0.0,0.01,0.12886473696786538
2018-11-02T02:00:00.0,2018-11-02T07:00:00.0,7,0.0,1,0.0,0.0,0.01,0.12886473696786538
2018-11-02T03:00:00.0,2018-11-02T08:00:00.0,8,0.0,1,0.0,0.0,0.01,0.12886473696786538
2018-11-02T04:00:00.0,2018-11-02T09:00:00.0,9,0.0,1,0.0,0.0,0.01,0.12886473696786538
2018-11-02T05:00:00.0,2018-11-02T10:00:00.0,10,0.0,1,0.0,0.0,0.01,0.12886473696786538
2018-11-02T06:00:00.0,2018-11-02T11:00:00.0,11,0.0,1,0.0,0.0,0.01,0.12886473696786538
2018-11-02T07:00:00.0,2018-11-02T12:00:00.0,12,103.4738638,0,0.0,0.0,0.99,0.12886473696786538
2018-11-02T08:00:00.0,2018-11-02T13:00:00.0,13,9314.593387,0,6714.207139,7592.293628,1.0,19283.73623369634
2018-11-02T09:00:00.0,2018-11-02T14:00:00.0,14,28281.7343,1,24605.06407,32559.58906,0.812785794,3.4403010378260612e6
2018-11-02T10:00:00.0,2018-11-02T15:00:00.0,15,34190.16548,1,31852.22759,40005.54669,0.32171819,4.880218216021538e6
2018-11-02T11:00:00.0,2018-11-02T16:00:00.0,16,33981.21328,1,32459.60702,39323.59542,0.242191136,3.981798924612999e6
2018-11-02T12:00:00.0,2018-11-02T17:00:00.0,17,33076.75651,1,28277.22391,34420.25329,0.770810332,3.174625991648078e6
2018-11-02T13:00:00.0,2018-11-02T18:00:00.0,18,32705.10639,1,27401.07791,39600.38832,0.460846531,1.2225283699661255e7
2018-11-02T14:00:00.0,2018-11-02T19:00:00.0,19,33487.00822,1,30669.48375,38220.00864,0.493407427,5.503954474410772e6
2018-11-02T15:00:00.0,2018-11-02T20:00:00.0,20,34487.26507,1,27456.44561,38667.50444,0.511300579,1.1557210703797817e7
2018-11-02T16:00:00.0,2018-11-02T21:00:00.0,21,33383.58589,1,31940.19174,35381.59279,0.314864281,895065.0203669071
2018-11-02T17:00:00.0,2018-11-02T22:00:00.0,22,24107.8089,1,18568.5933,31917.1829,0.219358328,1.2409210728250146e7
2018-11-02T18:00:00.0,2018-11-02T23:00:00.0,23,5563.759381,1,2565.436702,16317.26608,0.085685413,1.3687827794078052e7
2018-11-02T19:00:00.0,2018-11-03T00:00:00.0,0,1.1101575,0,0.0,0.0,0.99,0.12886473696786538
2018-11-02T20:00:00.0,2018-11-03T01:00:00.0,1,0.0,1,0.0,0.0,0.01,0.12886473696786538
2018-11-02T21:00:00.0,2018-11-03T02:00:00.0,2,0.0,1,0.0,0.0,0.01,0.12886473696786538
2018-11-02T22:00:00.0,2018-11-03T03:00:00.0,3,0.0,1,0.0,0.0,0.01,0.12886473696786538
2018-11-02T23:00:00.0,2018-11-03T04:00:00.0,4,0.0,1,0.0,0.0,0.01,0.12886473696786538
2018-11-03T00:00:00.0,2018-11-03T05:00:00.0,5,0.0,1,0.0,0.0,0.01,0.12886473696786538
2018-11-03T01:00:00.0,2018-11-03T06:00:00.0,6,0.0,1,0.0,0.0,0.01,0.12886473696786538
2018-11-03T02:00:00.0,2018-11-03T07:00:00.0,7,0.0,1,0.0,0.0,0.01,0.12886473696786538
2018-11-03T03:00:00.0,2018-11-03T08:00:00.0,8,0.0,1,0.0,0.0,0.01,0.12886473696786538
2018-11-03T04:00:00.0,2018-11-03T09:00:00.0,9,0.0,1,0.0,0.0,0.01,0.12886473696786538
2018-11-03T05:00:00.0,2018-11-03T10:00:00.0,10,0.0,1,0.0,0.0,0.01,0.12886473696786538
2018-11-03T06:00:00.0,2018-11-03T11:00:00.0,11,0.0,1,0.0,0.0,0.01,0.12886473696786538
2018-11-03T07:00:00.0,2018-11-03T12:00:00.0,12,83.07080154,0,0.0,0.0,0.99,0.12886473696786538
2018-11-03T08:00:00.0,2018-11-03T13:00:00.0,13,7086.244642,0,0.0,0.0,0.99,0.12886473696786538
2018-11-03T09:00:00.0,2018-11-03T14:00:00.0,14,21105.6357,0,25471.2903,26931.85401,0.0,109681.08112037182
2018-11-03T10:00:00.0,2018-11-03T15:00:00.0,15,26061.30639,1,22247.329,34628.47065,0.442696871,1.3946199763641238e7
2018-11-03T11:00:00.0,2018-11-03T16:00:00.0,16,26402.07246,1,24237.0497,35583.30105,0.22699102,9.310730070153713e6
2018-11-03T12:00:00.0,2018-11-03T17:00:00.0,17,26345.64092,1,24478.00194,32615.76861,0.428085386,5.310993502579093e6
2018-11-03T13:00:00.0,2018-11-03T18:00:00.0,18,26418.08741,1,21827.7496,33568.54247,0.401826377,1.0605895361523509e7
2018-11-03T14:00:00.0,2018-11-03T19:00:00.0,19,27564.01519,1,24249.78564,35075.64073,0.329261844,9.991756734676838e6
2018-11-03T15:00:00.0,2018-11-03T20:00:00.0,20,27680.14917,1,23206.57398,33560.65554,0.457808062,9.2258352288723e6
2018-11-03T16:00:00.0,2018-11-03T21:00:00.0,21,25229.62059,1,21554.18143,36462.89073,0.23480748,1.6756809198706388e7
2018-11-03T17:00:00.0,2018-11-03T22:00:00.0,22,17850.51733,1,14634.71999,26529.90148,0.166062164,1.2104693204220057e7
2018-11-03T18:00:00.0,2018-11-03T23:00:00.0,23,4043.799655,1,1921.371932,10248.12541,0.065075624,4.329106204636291e6
2018-11-03T19:00:00.0,2018-11-04T00:00:00.0,0,0.10755,0,0.0,0.0,0.99,0.12886473696786538
2018-11-03T20:00:00.0,2018-11-04T01:00:00.0,1,0.0,1,0.0,0.0,0.01,0.12886473696786538
2018-11-03T21:00:00.0,2018-11-04T02:00:00.0,2,0.0,1,0.0,0.0,0.01,0.12886473696786538
2018-11-03T22:00:00.0,2018-11-04T03:00:00.0,3,0.0,1,0.0,0.0,0.01,0.12886473696786538
2018-11-03T23:00:00.0,2018-11-04T04:00:00.0,4,0.0,1,0.0,0.0,0.01,0.12886473696786538
2018-11-04T00:00:00.0,2018-11-04T05:00:00.0,5,0.0,1,0.0,0.0,0.01,0.12886473696786538
2018-11-04T01:00:00.0,2018-11-04T06:00:00.0,6,0.0,1,0.0,0.0,0.01,0.12886473696786538
2018-11-04T01:00:00.0,2018-11-04T07:00:00.0,7,0.0,1,0.0,0.0,0.01,0.12886473696786538
2018-11-04T02:00:00.0,2018-11-04T08:00:00.0,8,0.0,1,0.0,0.0,0.01,0.12886473696786538
2018-11-04T03:00:00.0,2018-11-04T09:00:00.0,9,0.0,1,0.0,0.0,0.01,0.12886473696786538
2018-11-04T04:00:00.0,2018-11-04T10:00:00.0,10,0.0,1,0.0,0.0,0.01,0.12886473696786538
2018-11-04T05:00:00.0,2018-11-04T11:00:00.0,11,0.0,1,0.0,0.0,0.01,0.12886473696786538
2018-11-04T06:00:00.0,2018-11-04T12:00:00.0,12,19.92406746,0,0.0,0.0,0.99,0.12886473696786538
2018-11-04T07:00:00.0,2018-11-04T13:00:00.0,13,4922.553357,0,0.0,0.0,0.99,0.12886473696786538
2018-11-04T08:00:00.0,2018-11-04T14:00:00.0,14,17594.96164,0,21934.25374,26693.10822,0.0,915351.5590133071
2018-11-04T09:00:00.0,2018-11-04T15:00:00.0,15,25582.73468,1,23887.20193,29864.94175,0.395439859,2.7673453746938705e6
2018-11-04T10:00:00.0,2018-11-04T16:00:00.0,16,28163.18424,1,23682.09588,34262.1993,0.476613483,1.0656432175430894e7
2018-11-04T11:00:00.0,2018-11-04T17:00:00.0,17,28490.88324,1,23067.59956,35460.82796,0.465459826,1.5525319479808807e7
2018-11-04T12:00:00.0,2018-11-04T18:00:00.0,18,28767.18556,1,22282.03586,35308.11389,0.532360965,1.3500092286094546e7
2018-11-04T13:00:00.0,2018-11-04T19:00:00.0,19,29614.09729,1,23837.8577,37052.07703,0.543660633,1.5746955205993056e7
2018-11-04T14:00:00.0,2018-11-04T20:00:00.0,20,30068.10729,1,22780.05964,33705.93962,0.585824988,1.1844841258865833e7
2018-11-04T15:00:00.0,2018-11-04T21:00:00.0,21,28526.9739,1,23148.36226,33393.42917,0.49992338,9.187079624711275e6
2018-11-04T16:00:00.0,2018-11-04T22:00:00.0,22,19649.39517,1,16797.45518,27055.20251,0.082844009,7.232519135230422e6
2018-11-04T17:00:00.0,2018-11-04T23:00:00.0,23,4119.609224,1,1857.987965,11071.95851,0.133030618,6.188590096412763e6
2018-11-04T18:00:00.0,2018-11-05T00:00:00.0,0,0.012375,0,0.0,0.0,0.99,0.12886473696786538
2018-11-04T19:00:00.0,2018-11-05T01:00:00.0,1,0.0,1,0.0,0.0,0.01,0.12886473696786538
2018-11-04T20:00:00.0,2018-11-05T02:00:00.0,2,0.0,1,0.0,0.0,0.01,0.12886473696786538
2018-11-04T21:00:00.0,2018-11-05T03:00:00.0,3,0.0,1,0.0,0.0,0.01,0.12886473696786538
2018-11-04T22:00:00.0,2018-11-05T04:00:00.0,4,0.0,1,0.0,0.0,0.01,0.12886473696786538
2018-11-04T23:00:00.0,2018-11-05T05:00:00.0,5,0.0,1,0.0,0.0,0.01,0.12886473696786538
2018-11-05T00:00:00.0,2018-11-05T06:00:00.0,6,0.0,1,0.0,0.0,0.01,0.12886473696786538
2018-11-05T01:00:00.0,2018-11-05T07:00:00.0,7,0.0,1,0.0,0.0,0.01,0.12886473696786538
2018-11-05T02:00:00.0,2018-11-05T08:00:00.0,8,0.0,1,0.0,0.0,0.01,0.12886473696786538
2018-11-05T03:00:00.0,2018-11-05T09:00:00.0,9,0.0,1,0.0,0.0,0.01,0.12886473696786538
2018-11-05T04:00:00.0,2018-11-05T10:00:00.0,10,0.0,1,0.0,0.0,0.01,0.12886473696786538
2018-11-05T05:00:00.0,2018-11-05T11:00:00.0,11,0.0,1,0.0,0.0,0.01,0.12886473696786538
2018-11-05T06:00:00.0,2018-11-05T12:00:00.0,12,22.43515733,0,0.0,0.0,0.99,0.12886473696786538
2018-11-05T07:00:00.0,2018-11-05T13:00:00.0,13,5225.52057,0,0.0,0.0,0.99,0.12886473696786538
2018-11-05T08:00:00.0,2018-11-05T14:00:00.0,14,14945.22053,0,17045.23735,26832.43732,0.0,5.45972739168793e6
2018-11-05T09:00:00.0,2018-11-05T15:00:00.0,15,22394.37309,0,23274.38425,27834.81222,0.0,1.4268686668394804e6
2018-11-05T10:00:00.0,2018-11-05T16:00:00.0,16,25706.29997,1,24374.7055,31097.16191,0.327088252,3.631132003131509e6
2018-11-05T11:00:00.0,2018-11-05T17:00:00.0,17,26922.24532,1,21933.5531,31094.52168,0.552955211,7.474335553488374e6
2018-11-05T12:00:00.0,2018-11-05T18:00:00.0,18,25815.32417,1,25031.34214,32454.23159,0.10418899,4.0589586671578884e6
2018-11-05T13:00:00.0,2018-11-05T19:00:00.0,19,27032.84803,1,24126.04999,30491.6104,0.518068892,2.8358049801585674e6
2018-11-05T14:00:00.0,2018-11-05T20:00:00.0,20,29004.4045,1,23162.69644,32937.67235,0.604252933,7.573384596175671e6
2018-11-05T15:00:00.0,2018-11-05T21:00:00.0,21,29423.4558,1,23033.87979,36068.47599,0.478876134,1.531689756005776e7
2018-11-05T16:00:00.0,2018-11-05T22:00:00.0,22,21331.12573,1,14005.87889,29737.14792,0.30726328,1.8958803116576195e7
2018-11-05T17:00:00.0,2018-11-05T23:00:00.0,23,4653.434872,1,2381.294735,13574.36226,0.107320391,1.0643383833603725e7
2018-11-05T18:00:00.0,2018-11-06T00:00:00.0,0,0.01125,0,0.0,0.0,0.99,0.12886473696786538
2018-11-05T19:00:00.0,2018-11-06T01:00:00.0,1,0.0,1,0.0,0.0,0.01,0.12886473696786538
2018-11-05T20:00:00.0,2018-11-06T02:00:00.0,2,0.0,1,0.0,0.0,0.01,0.12886473696786538
2018-11-05T21:00:00.0,2018-11-06T03:00:00.0,3,0.0,1,0.0,0.0,0.01,0.12886473696786538
2018-11-05T22:00:00.0,2018-11-06T04:00:00.0,4,0.0,1,0.0,0.0,0.01,0.12886473696786538
2018-11-05T23:00:00.0,2018-11-06T05:00:00.0,5,0.0,1,0.0,0.0,0.01,0.12886473696786538
2018-11-06T00:00:00.0,2018-11-06T06:00:00.0,6,0.0,1,0.0,0.0,0.01,0.12886473696786538
2018-11-06T01:00:00.0,2018-11-06T07:00:00.0,7,0.0,1,0.0,0.0,0.01,0.12886473696786538
2018-11-06T02:00:00.0,2018-11-06T08:00:00.0,8,0.0,1,0.0,0.0,0.01,0.12886473696786538
2018-11-06T03:00:00.0,2018-11-06T09:00:00.0,9,0.0,1,0.0,0.0,0.01,0.12886473696786538
2018-11-06T04:00:00.0,2018-11-06T10:00:00.0,10,0.0,1,0.0,0.0,0.01,0.12886473696786538
2018-11-06T05:00:00.0,2018-11-06T11:00:00.0,11,0.0,1,0.0,0.0,0.01,0.12886473696786538
2018-11-06T06:00:00.0,2018-11-06T12:00:00.0,12,34.22112075,0,0.0,0.0,0.99,0.12886473696786538
2018-11-06T07:00:00.0,2018-11-06T13:00:00.0,13,7356.270712,0,0.0,0.0,0.99,0.12886473696786538
2018-11-06T08:00:00.0,2018-11-06T14:00:00.0,14,22664.07796,1,18557.60747,25838.1653,0.83525857,3.6190019480251074e6
2018-11-06T09:00:00.0,2018-11-06T15:00:00.0,15,29105.8989,1,25045.42702,29964.62188,0.891005793,2.218838778300643e6
2018-11-06T10:00:00.0,2018-11-06T16:00:00.0,16,30142.93217,1,22555.4824,33831.57635,0.587676411,1.0799808258546352e7
2018-11-06T11:00:00.0,2018-11-06T17:00:00.0,17,29047.41501,1,23940.62044,34436.6265,0.519709626,8.915018629667163e6
2018-11-06T12:00:00.0,2018-11-06T18:00:00.0,18,28088.98003,1,25539.38533,35110.21611,0.276438758,8.0165692574687e6
2018-11-06T13:00:00.0,2018-11-06T19:00:00.0,19,28426.65467,1,24595.72401,33756.08049,0.460627871,6.68623454502964e6
2018-11-06T14:00:00.0,2018-11-06T20:00:00.0,20,28770.98605,1,25518.93871,32757.69986,0.454812072,5.127106757368684e6
2018-11-06T15:00:00.0,2018-11-06T21:00:00.0,21,28385.55736,1,22855.41241,33536.41115,0.408876986,1.053834019217956e7
2018-11-06T16:00:00.0,2018-11-06T22:00:00.0,22,20790.16118,1,13950.34228,27926.51676,0.246727941,1.4157486522442162e7
2018-11-06T17:00:00.0,2018-11-06T23:00:00.0,23,4385.140374,1,1642.349337,12249.40763,0.163538694,8.944595196809009e6
2018-11-06T18:00:00.0,2018-11-07T00:00:00.0,0,0.0,1,0.0,0.0,0.01,0.12886473696786538
2018-11-06T19:00:00.0,2018-11-07T01:00:00.0,1,0.0,1,0.0,0.0,0.01,0.12886473696786538
2018-11-06T20:00:00.0,2018-11-07T02:00:00.0,2,0.0,1,0.0,0.0,0.01,0.12886473696786538
2018-11-06T21:00:00.0,2018-11-07T03:00:00.0,3,0.0,1,0.0,0.0,0.01,0.12886473696786538
2018-11-06T22:00:00.0,2018-11-07T04:00:00.0,4,0.0,1,0.0,0.0,0.01,0.12886473696786538
2018-11-06T23:00:00.0,2018-11-07T05:00:00.0,5,0.0,1,0.0,0.0,0.01,0.12886473696786538
2018-11-07T00:00:00.0,2018-11-07T06:00:00.0,6,0.0,1,0.0,0.0,0.01,0.12886473696786538
2018-11-07T01:00:00.0,2018-11-07T07:00:00.0,7,0.0,1,0.0,0.0,0.01,0.12886473696786538
2018-11-07T02:00:00.0,2018-11-07T08:00:00.0,8,0.0,1,0.0,0.0,0.01,0.12886473696786538
2018-11-07T03:00:00.0,2018-11-07T09:00:00.0,9,0.0,1,0.0,0.0,0.01,0.12886473696786538
2018-11-07T04:00:00.0,2018-11-07T10:00:00.0,10,0.0,1,0.0,0.0,0.01,0.12886473696786538
2018-11-07T05:00:00.0,2018-11-07T11:00:00.0,11,0.0,1,0.0,0.0,0.01,0.12886473696786538
2018-11-07T06:00:00.0,2018-11-07T12:00:00.0,12,18.32799108,0,0.0,0.0,0.99,0.12886473696786538
2018-11-07T07:00:00.0,2018-11-07T13:00:00.0,13,6124.599555,0,0.0,0.0,0.99,0.12886473696786538
2018-11-07T08:00:00.0,2018-11-07T14:00:00.0,14,13235.70675,1,10845.66291,18953.64924,0.295655814,6.461573914859861e6
2018-11-07T09:00:00.0,2018-11-07T15:00:00.0,15,12264.84501,1,11232.13054,22765.93383,0.117707081,1.2660907491489887e7
2018-11-07T10:00:00.0,2018-11-07T16:00:00.0,16,13939.98602,1,13464.65901,27153.27699,0.06734643,1.3243275337270439e7
2018-11-07T11:00:00.0,2018-11-07T17:00:00.0,17,15222.914,0,15229.00798,24851.57918,0.0,6.243115832264364e6
2018-11-07T12:00:00.0,2018-11-07T18:00:00.0,18,16472.66636,0,17476.96463,26734.66909,0.0,7.578644630353034e6
2018-11-07T13:00:00.0,2018-11-07T19:00:00.0,19,16396.89782,1,16111.86875,25546.35161,0.072510659,7.403115268647134e6
2018-11-07T14:00:00.0,2018-11-07T20:00:00.0,20,15609.28506,1,15368.65793,27072.59266,0.055190128,1.079864537118572e7
2018-11-07T15:00:00.0,2018-11-07T21:00:00.0,21,14712.69807,0,15966.29843,26926.59793,0.0,8.187418219693124e6
2018-11-07T16:00:00.0,2018-11-07T22:00:00.0,22,15889.79069,0,9030.433181,15137.83292,1.0,2.2522944840786457e6
2018-11-07T17:00:00.0,2018-11-07T23:00:00.0,23,3776.162771,1,1324.225621,10265.33189,0.133766557,5.505859434878938e6
2018-11-07T18:00:00.0,2018-11-08T00:00:00.0,0,0.0,1,0.0,0.0,0.01,0.12886473696786538
2018-11-07T19:00:00.0,2018-11-08T01:00:00.0,1,0.0,1,0.0,0.0,0.01,0.12886473696786538
2018-11-07T20:00:00.0,2018-11-08T02:00:00.0,2,0.0,1,0.0,0.0,0.01,0.12886473696786538
2018-11-07T21:00:00.0,2018-11-08T03:00:00.0,3,0.0,1,0.0,0.0,0.01,0.12886473696786538
2018-11-07T22:00:00.0,2018-11-08T04:00:00.0,4,0.0,1,0.0,0.0,0.01,0.12886473696786538
2018-11-07T23:00:00.0,2018-11-08T05:00:00.0,5,0.0,1,0.0,0.0,0.01,0.12886473696786538
2018-11-08T00:00:00.0,2018-11-08T06:00:00.0,6,0.0,1,0.0,0.0,0.01,0.12886473696786538
2018-11-08T01:00:00.0,2018-11-08T07:00:00.0,7,0.0,1,0.0,0.0,0.01,0.12886473696786538
2018-11-08T02:00:00.0,2018-11-08T08:00:00.0,8,0.0,1,0.0,0.0,0.01,0.12886473696786538
2018-11-08T03:00:00.0,2018-11-08T09:00:00.0,9,0.0,1,0.0,0.0,0.01,0.12886473696786538
2018-11-08T04:00:00.0,2018-11-08T10:00:00.0,10,0.0,1,0.0,0.0,0.01,0.12886473696786538
2018-11-08T05:00:00.0,2018-11-08T11:00:00.0,11,0.0,1,0.0,0.0,0.01,0.12886473696786538
2018-11-08T06:00:00.0,2018-11-08T12:00:00.0,12,16.32588667,0,0.0,0.0,0.99,0.12886473696786538
2018-11-08T07:00:00.0,2018-11-08T13:00:00.0,13,5968.37086,0,0.0,0.0,0.99,0.12886473696786538
2018-11-08T08:00:00.0,2018-11-08T14:00:00.0,14,7712.111028,1,4198.396731,14079.20407,0.294128123,9.644510722322598e6
2018-11-08T09:00:00.0,2018-11-08T15:00:00.0,15,4295.561845,0,6450.931786,12900.09793,0.0,2.2883131072930098e6
2018-11-08T10:00:00.0,2018-11-08T16:00:00.0,16,6495.64654,0,8872.626862,13055.98069,0.0,888316.8309095651
2018-11-08T11:00:00.0,2018-11-08T17:00:00.0,17,8382.035302,0,10715.67871,15630.79095,0.0,1.2122627129859924e6
2018-11-08T12:00:00.0,2018-11-08T18:00:00.0,18,10083.94715,0,11105.47477,18927.99184,0.0,5.410202110489994e6
2018-11-08T13:00:00.0,2018-11-08T19:00:00.0,19,9499.056442,0,11296.14822,16926.31161,0.0,2.580512071576655e6
2018-11-08T14:00:00.0,2018-11-08T20:00:00.0,20,7419.435341,0,8165.960133,16285.51927,0.0,4.59478915636754e6
2018-11-08T15:00:00.0,2018-11-08T21:00:00.0,21,5440.623743,0,6747.123178,17272.42524,0.0,9.41458708650814e6
2018-11-08T16:00:00.0,2018-11-08T22:00:00.0,22,13484.13134,0,3761.246953,10093.32209,1.0,2.959726185270563e6
2018-11-08T17:00:00.0,2018-11-08T23:00:00.0,23,3205.674862,1,426.8062943,9696.366425,0.16769717,6.98663391315271e6
2018-11-08T18:00:00.0,2018-11-09T00:00:00.0,0,0.0,1,0.0,0.0,0.01,0.12886473696786538
2018-11-08T19:00:00.0,2018-11-09T01:00:00.0,1,0.0,1,0.0,0.0,0.01,0.12886473696786538
2018-11-08T20:00:00.0,2018-11-09T02:00:00.0,2,0.0,1,0.0,0.0,0.01,0.12886473696786538
2018-11-08T21:00:00.0,2018-11-09T03:00:00.0,3,0.0,1,0.0,0.0,0.01,0.12886473696786538
2018-11-08T22:00:00.0,2018-11-09T04:00:00.0,4,0.0,1,0.0,0.0,0.01,0.12886473696786538
2018-11-08T23:00:00.0,2018-11-09T05:00:00.0,5,0.0,1,0.0,0.0,0.01,0.12886473696786538
2018-11-09T00:00:00.0,2018-11-09T06:00:00.0,6,0.0,1,0.0,0.0,0.01,0.12886473696786538
2018-11-09T01:00:00.0,2018-11-09T07:00:00.0,7,0.0,1,0.0,0.0,0.01,0.12886473696786538
2018-11-09T02:00:00.0,2018-11-09T08:00:00.0,8,0.0,1,0.0,0.0,0.01,0.12886473696786538
2018-11-09T03:00:00.0,2018-11-09T09:00:00.0,9,0.0,1,0.0,0.0,0.01,0.12886473696786538
2018-11-09T04:00:00.0,2018-11-09T10:00:00.0,10,0.0,1,0.0,0.0,0.01,0.12886473696786538
2018-11-09T05:00:00.0,2018-11-09T11:00:00.0,11,0.0,1,0.0,0.0,0.01,0.12886473696786538
2018-11-09T06:00:00.0,2018-11-09T12:00:00.0,12,3.727805417,0,0.0,0.0,0.99,0.12886473696786538
2018-11-09T07:00:00.0,2018-11-09T13:00:00.0,13,2789.996833,0,0.0,0.0,0.99,0.12886473696786538
2018-11-09T08:00:00.0,2018-11-09T14:00:00.0,14,5845.927815,0,6714.184424,13857.11018,0.0,4.566211008293062e6
2018-11-09T09:00:00.0,2018-11-09T15:00:00.0,15,9277.660637,0,10589.56544,22210.36892,0.0,9.36524698016271e6
2018-11-09T10:00:00.0,2018-11-09T16:00:00.0,16,16022.87772,1,12976.12538,23638.65657,0.48144579,7.743961772803307e6
2018-11-09T11:00:00.0,2018-11-09T17:00:00.0,17,20827.79736,1,14071.32402,24358.95665,0.632971262,1.0040493033814847e7
2018-11-09T12:00:00.0,2018-11-09T18:00:00.0,18,23063.9263,1,19290.95904,26492.30415,0.459551612,3.7229887375662327e6
2018-11-09T13:00:00.0,2018-11-09T19:00:00.0,19,25024.2159,1,16290.36001,30210.90322,0.57202111,1.7797477522540092e7
2018-11-09T14:00:00.0,2018-11-09T20:00:00.0,20,25841.41005,1,16743.19151,26689.45029,0.805009356,7.944164872804165e6
2018-11-09T15:00:00.0,2018-11-09T21:00:00.0,21,25495.86135,1,17945.92987,31043.37162,0.512811776,1.3600173054767966e7
2018-11-09T16:00:00.0,2018-11-09T22:00:00.0,22,18491.89688,1,9020.783832,26161.44258,0.438114047,2.4670824019450486e7
2018-11-09T17:00:00.0,2018-11-09T23:00:00.0,23,3569.115363,1,478.6790883,10297.57414,0.101003822,7.045576497941442e6
2018-11-09T18:00:00.0,2018-11-10T00:00:00.0,0,0.0,1,0.0,0.0,0.01,0.12886473696786538
2018-11-09T19:00:00.0,2018-11-10T01:00:00.0,1,0.0,1,0.0,0.0,0.01,0.12886473696786538
2018-11-09T20:00:00.0,2018-11-10T02:00:00.0,2,0.0,1,0.0,0.0,0.01,0.12886473696786538
2018-11-09T21:00:00.0,2018-11-10T03:00:00.0,3,0.0,1,0.0,0.0,0.01,0.12886473696786538
2018-11-09T22:00:00.0,2018-11-10T04:00:00.0,4,0.0,1,0.0,0.0,0.01,0.12886473696786538
2018-11-09T23:00:00.0,2018-11-10T05:00:00.0,5,0.0,1,0.0,0.0,0.01,0.12886473696786538
2018-11-10T00:00:00.0,2018-11-10T06:00:00.0,6,0.0,1,0.0,0.0,0.01,0.12886473696786538
2018-11-10T01:00:00.0,2018-11-10T07:00:00.0,7,0.0,1,0.0,0.0,0.01,0.12886473696786538
2018-11-10T02:00:00.0,2018-11-10T08:00:00.0,8,0.0,1,0.0,0.0,0.01,0.12886473696786538
2018-11-10T03:00:00.0,2018-11-10T09:00:00.0,9,0.0,1,0.0,0.0,0.01,0.12886473696786538
2018-11-10T04:00:00.0,2018-11-10T10:00:00.0,10,0.0,1,0.0,0.0,0.01,0.12886473696786538
2018-11-10T05:00:00.0,2018-11-10T11:00:00.0,11,0.0,1,0.0,0.0,0.01,0.12886473696786538
2018-11-10T06:00:00.0,2018-11-10T12:00:00.0,12,10.24701992,0,0.0,0.0,0.99,0.12886473696786538
2018-11-10T07:00:00.0,2018-11-10T13:00:00.0,13,4549.813639,0,0.0,0.0,0.99,0.12886473696786538
2018-11-10T08:00:00.0,2018-11-10T14:00:00.0,14,13098.05378,0,15403.23223,22457.93077,0.0,3.2448976947082877e6
2018-11-10T09:00:00.0,2018-11-10T15:00:00.0,15,14650.93106,0,16957.06645,30903.50506,0.0,1.4562857451747e7
2018-11-10T10:00:00.0,2018-11-10T16:00:00.0,16,16025.56114,0,19529.64085,29637.89029,0.0,5.622530593964636e6
2018-11-10T11:00:00.0,2018-11-10T17:00:00.0,17,17926.11973,0,18955.95093,27940.53093,0.0,6.747714415188193e6
2018-11-10T12:00:00.0,2018-11-10T18:00:00.0,18,19442.24104,1,16845.0812,28426.75469,0.32237199,1.1001892920078158e7
2018-11-10T13:00:00.0,2018-11-10T19:00:00.0,19,19753.33172,1,17079.84922,29326.94582,0.263676854,1.1715463245964825e7
2018-11-10T14:00:00.0,2018-11-10T20:00:00.0,20,20188.63763,1,15400.59411,27193.88196,0.494668566,1.311076229157716e7
2018-11-10T15:00:00.0,2018-11-10T21:00:00.0,21,19737.98284,1,16500.68536,32132.90564,0.216383972,1.970382041938126e7
2018-11-10T16:00:00.0,2018-11-10T22:00:00.0,22,17381.96173,1,9992.878735,20526.75277,0.629405309,8.814510643800676e6
2018-11-10T17:00:00.0,2018-11-10T23:00:00.0,23,3710.13861,1,563.6237869,11499.08675,0.077389471,5.974536365349293e6
2018-11-10T18:00:00.0,2018-11-11T00:00:00.0,0,0.0,1,0.0,0.0,0.01,0.12886473696786538
2018-11-10T19:00:00.0,2018-11-11T01:00:00.0,1,0.0,1,0.0,0.0,0.01,0.12886473696786538
2018-11-10T20:00:00.0,2018-11-11T02:00:00.0,2,0.0,1,0.0,0.0,0.01,0.12886473696786538
2018-11-10T21:00:00.0,2018-11-11T03:00:00.0,3,0.0,1,0.0,0.0,0.01,0.12886473696786538
2018-11-10T22:00:00.0,2018-11-11T04:00:00.0,4,0.0,1,0.0,0.0,0.01,0.12886473696786538
2018-11-10T23:00:00.0,2018-11-11T05:00:00.0,5,0.0,1,0.0,0.0,0.01,0.12886473696786538
2018-11-11T00:00:00.0,2018-11-11T06:00:00.0,6,0.0,1,0.0,0.0,0.01,0.12886473696786538
2018-11-11T01:00:00.0,2018-11-11T07:00:00.0,7,0.0,1,0.0,0.0,0.01,0.12886473696786538
2018-11-11T02:00:00.0,2018-11-11T08:00:00.0,8,0.0,1,0.0,0.0,0.01,0.12886473696786538
2018-11-11T03:00:00.0,2018-11-11T09:00:00.0,9,0.0,1,0.0,0.0,0.01,0.12886473696786538
2018-11-11T04:00:00.0,2018-11-11T10:00:00.0,10,0.0,1,0.0,0.0,0.01,0.12886473696786538
2018-11-11T05:00:00.0,2018-11-11T11:00:00.0,11,0.0,1,0.0,0.0,0.01,0.12886473696786538
2018-11-11T06:00:00.0,2018-11-11T12:00:00.0,12,7.114666833,0,0.0,0.0,0.99,0.12886473696786538
2018-11-11T07:00:00.0,2018-11-11T13:00:00.0,13,5251.370252,0,0.0,0.0,0.99,0.12886473696786538
2018-11-11T08:00:00.0,2018-11-11T14:00:00.0,14,12724.12042,0,14537.06165,23699.41728,0.0,6.101106780454993e6
2018-11-11T09:00:00.0,2018-11-11T15:00:00.0,15,18284.62131,0,18284.66934,31088.23784,0.0,9.776747757560134e6
2018-11-11T10:00:00.0,2018-11-11T16:00:00.0,16,19447.19465,0,21555.80896,31876.41559,0.0,9.308694867187738e6
2018-11-11T11:00:00.0,2018-11-11T17:00:00.0,17,19562.08409,0,22368.51056,28945.47703,0.0,2.8589941032993793e6
2018-11-11T12:00:00.0,2018-11-11T18:00:00.0,18,19560.33858,0,21080.04796,27944.83966,0.0,3.978663304615259e6
2018-11-11T13:00:00.0,2018-11-11T19:00:00.0,19,19200.83586,1,18330.80414,29900.96286,0.143215357,1.0140685272166848e7
2018-11-11T14:00:00.0,2018-11-11T20:00:00.0,20,18780.57675,0,19706.88594,29058.53617,0.0,5.051535247275591e6
2018-11-11T15:00:00.0,2018-11-11T21:00:00.0,21,17436.3284,1,11702.79085,25069.91173,0.485897079,1.4451610794252455e7
2018-11-11T16:00:00.0,2018-11-11T22:00:00.0,22,14174.04053,1,6778.484534,16332.9282,0.651313615,7.78297915635249e6
2018-11-11T17:00:00.0,2018-11-11T23:00:00.0,23,2731.056728,1,556.1919187,8075.849186,0.18530165,4.682143008643739e6
2018-11-11T18:00:00.0,2018-11-12T00:00:00.0,0,0.0,1,0.0,0.0,0.01,0.12886473696786538
2018-11-11T19:00:00.0,2018-11-12T01:00:00.0,1,0.0,1,0.0,0.0,0.01,0.12886473696786538
2018-11-11T20:00:00.0,2018-11-12T02:00:00.0,2,0.0,1,0.0,0.0,0.01,0.12886473696786538
2018-11-11T21:00:00.0,2018-11-12T03:00:00.0,3,0.0,1,0.0,0.0,0.01,0.12886473696786538
2018-11-11T22:00:00.0,2018-11-12T04:00:00.0,4,0.0,1,0.0,0.0,0.01,0.12886473696786538
2018-11-11T23:00:00.0,2018-11-12T05:00:00.0,5,0.0,1,0.0,0.0,0.01,0.12886473696786538
2018-11-12T00:00:00.0,2018-11-12T06:00:00.0,6,0.0,1,0.0,0.0,0.01,0.12886473696786538
2018-11-12T01:00:00.0,2018-11-12T07:00:00.0,7,0.0,1,0.0,0.0,0.01,0.12886473696786538
2018-11-12T02:00:00.0,2018-11-12T08:00:00.0,8,0.0,1,0.0,0.0,0.01,0.12886473696786538
2018-11-12T03:00:00.0,2018-11-12T09:00:00.0,9,0.0,1,0.0,0.0,0.01,0.12886473696786538
2018-11-12T04:00:00.0,2018-11-12T10:00:00.0,10,0.0,1,0.0,0.0,0.01,0.12886473696786538
2018-11-12T05:00:00.0,2018-11-12T11:00:00.0,11,0.0,1,0.0,0.0,0.01,0.12886473696786538
2018-11-12T06:00:00.0,2018-11-12T12:00:00.0,12,4.32337475,0,0.0,0.0,0.99,0.12886473696786538
2018-11-12T07:00:00.0,2018-11-12T13:00:00.0,13,1514.313047,0,0.0,0.0,0.99,0.12886473696786538
2018-11-12T08:00:00.0,2018-11-12T14:00:00.0,14,4160.7253,1,3018.18305,8911.896945,0.255290279,2.9609499578522667e6
2018-11-12T09:00:00.0,2018-11-12T15:00:00.0,15,2822.54564,0,4435.247866,10246.48526,0.0,2.099751581481196e6
2018-11-12T10:00:00.0,2018-11-12T16:00:00.0,16,4246.100787,0,7066.847222,11060.39664,0.0,712493.957732819
2018-11-12T11:00:00.0,2018-11-12T17:00:00.0,17,6142.369809,0,8328.244797,14541.59626,0.0,2.474695363080144e6
2018-11-12T12:00:00.0,2018-11-12T18:00:00.0,18,7594.999003,0,9354.601194,16967.86844,0.0,3.119223963605553e6
2018-11-12T13:00:00.0,2018-11-12T19:00:00.0,19,6844.3153,0,8839.233844,16298.5237,0.0,4.325149690373167e6
2018-11-12T14:00:00.0,2018-11-12T20:00:00.0,20,5395.441281,0,5876.383732,16698.73843,0.0,8.456780901625201e6
2018-11-12T15:00:00.0,2018-11-12T21:00:00.0,21,4151.534997,0,5522.773169,18821.21831,0.0,1.3297636498691693e7
2018-11-12T16:00:00.0,2018-11-12T22:00:00.0,22,2530.951082,1,2279.486283,9191.39799,0.106044994,4.492635521794885e6
2018-11-12T17:00:00.0,2018-11-12T23:00:00.0,23,466.70521,1,73.55564122,1441.545609,0.117252139,128026.94974768686
2018-11-12T18:00:00.0,2018-11-13T00:00:00.0,0,0.0,1,0.0,0.0,0.01,0.12886473696786538
2018-11-12T19:00:00.0,2018-11-13T01:00:00.0,1,0.0,1,0.0,0.0,0.01,0.12886473696786538
2018-11-12T20:00:00.0,2018-11-13T02:00:00.0,2,0.0,1,0.0,0.0,0.01,0.12886473696786538
2018-11-12T21:00:00.0,2018-11-13T03:00:00.0,3,0.0,1,0.0,0.0,0.01,0.12886473696786538
2018-11-12T22:00:00.0,2018-11-13T04:00:00.0,4,0.0,1,0.0,0.0,0.01,0.12886473696786538
2018-11-12T23:00:00.0,2018-11-13T05:00:00.0,5,0.0,1,0.0,0.0,0.01,0.12886473696786538
2018-11-13T00:00:00.0,2018-11-13T06:00:00.0,6,0.0,1,0.0,0.0,0.01,0.12886473696786538
2018-11-13T01:00:00.0,2018-11-13T07:00:00.0,7,0.0,1,0.0,0.0,0.01,0.12886473696786538
2018-11-13T02:00:00.0,2018-11-13T08:00:00.0,8,0.0,1,0.0,0.0,0.01,0.12886473696786538
2018-11-13T03:00:00.0,2018-11-13T09:00:00.0,9,0.0,1,0.0,0.0,0.01,0.12886473696786538
2018-11-13T04:00:00.0,2018-11-13T10:00:00.0,10,0.0,1,0.0,0.0,0.01,0.12886473696786538
2018-11-13T05:00:00.0,2018-11-13T11:00:00.0,11,0.0,1,0.0,0.0,0.01,0.12886473696786538
2018-11-13T06:00:00.0,2018-11-13T12:00:00.0,12,3.920930583,0,0.0,0.0,0.99,0.12886473696786538
2018-11-13T07:00:00.0,2018-11-13T13:00:00.0,13,2529.912396,0,0.0,0.0,0.99,0.12886473696786538
2018-11-13T08:00:00.0,2018-11-13T14:00:00.0,14,15081.67732,1,14758.21285,24586.27699,0.09292623,7.42796904069984e6
2018-11-13T09:00:00.0,2018-11-13T15:00:00.0,15,24764.42378,1,22379.21821,31637.61983,0.336240955,7.839684589354634e6
2018-11-13T10:00:00.0,2018-11-13T16:00:00.0,16,26321.10527,1,22641.16048,38534.22192,0.303865755,2.2877223061982393e7
2018-11-13T11:00:00.0,2018-11-13T17:00:00.0,17,27496.27206,1,23561.26007,35281.66756,0.374076319,1.0358478108338594e7
2018-11-13T12:00:00.0,2018-11-13T18:00:00.0,18,28274.82652,1,22340.24714,38736.59514,0.254500003,2.043379919406247e7
2018-11-13T13:00:00.0,2018-11-13T19:00:00.0,19,29452.45854,1,25070.44256,40394.00225,0.373030353,2.054291195476353e7
2018-11-13T14:00:00.0,2018-11-13T20:00:00.0,20,30646.42467,1,23016.36737,38065.06097,0.589484415,2.0120412913165092e7
2018-11-13T15:00:00.0,2018-11-13T21:00:00.0,21,30032.23947,1,25282.11251,40370.31007,0.330437317,1.8867039473749757e7
2018-11-13T16:00:00.0,2018-11-13T22:00:00.0,22,19903.20308,1,16866.34928,29565.32506,0.12846828,1.3927251978684068e7
2018-11-13T17:00:00.0,2018-11-13T23:00:00.0,23,3744.483731,1,1014.007487,11160.2442,0.063781047,6.169257488712005e6
2018-11-13T18:00:00.0,2018-11-14T00:00:00.0,0,0.0,1,0.0,0.0,0.01,0.12886473696786538
2018-11-13T19:00:00.0,2018-11-14T01:00:00.0,1,0.0,1,0.0,0.0,0.01,0.12886473696786538
2018-11-13T20:00:00.0,2018-11-14T02:00:00.0,2,0.0,1,0.0,0.0,0.01,0.12886473696786538
2018-11-13T21:00:00.0,2018-11-14T03:00:00.0,3,0.0,1,0.0,0.0,0.01,0.12886473696786538
2018-11-13T22:00:00.0,2018-11-14T04:00:00.0,4,0.0,1,0.0,0.0,0.01,0.12886473696786538
2018-11-13T23:00:00.0,2018-11-14T05:00:00.0,5,0.0,1,0.0,0.0,0.01,0.12886473696786538
2018-11-14T00:00:00.0,2018-11-14T06:00:00.0,6,0.0,1,0.0,0.0,0.01,0.12886473696786538
2018-11-14T01:00:00.0,2018-11-14T07:00:00.0,7,0.0,1,0.0,0.0,0.01,0.12886473696786538
2018-11-14T02:00:00.0,2018-11-14T08:00:00.0,8,0.0,1,0.0,0.0,0.01,0.12886473696786538
2018-11-14T03:00:00.0,2018-11-14T09:00:00.0,9,0.0,1,0.0,0.0,0.01,0.12886473696786538
2018-11-14T04:00:00.0,2018-11-14T10:00:00.0,10,0.0,1,0.0,0.0,0.01,0.12886473696786538
2018-11-14T05:00:00.0,2018-11-14T11:00:00.0,11,0.0,1,0.0,0.0,0.01,0.12886473696786538
2018-11-14T06:00:00.0,2018-11-14T12:00:00.0,12,7.462752333,0,0.0,0.0,0.99,0.12886473696786538
2018-11-14T07:00:00.0,2018-11-14T13:00:00.0,13,5873.63766,0,0.0,0.0,0.99,0.12886473696786538
2018-11-14T08:00:00.0,2018-11-14T14:00:00.0,14,25873.70672,1,20217.9617,31032.81844,0.836114418,7.11993234495002e6
2018-11-14T09:00:00.0,2018-11-14T15:00:00.0,15,35317.98889,1,25689.70848,37713.57418,0.780896016,1.291293774633801e7
2018-11-14T10:00:00.0,2018-11-14T16:00:00.0,16,35441.11663,1,28796.50344,37869.50051,0.690034398,6.7321839990234375e6
2018-11-14T11:00:00.0,2018-11-14T17:00:00.0,17,33897.43739,1,27313.56925,35705.45225,0.665472995,6.23143475086081e6
2018-11-14T12:00:00.0,2018-11-14T18:00:00.0,18,32976.77254,1,27456.91859,38262.84515,0.586777631,8.573102987521052e6
2018-11-14T13:00:00.0,2018-11-14T19:00:00.0,19,33650.86153,1,31164.4671,35869.73521,0.502640023,2.083555489602089e6
2018-11-14T14:00:00.0,2018-11-14T20:00:00.0,20,34837.05605,1,27428.7857,37206.47329,0.727043566,7.246706311272383e6
2018-11-14T15:00:00.0,2018-11-14T21:00:00.0,21,33861.99923,1,32231.72552,39988.2546,0.271935076,5.738897992307186e6
2018-11-14T16:00:00.0,2018-11-14T22:00:00.0,22,22230.13276,1,17278.59165,33322.88823,0.183578458,1.8957409305284142e7
2018-11-14T17:00:00.0,2018-11-14T23:00:00.0,23,3804.904673,1,1383.128149,12749.97728,0.156034557,1.15896742672688e7
2018-11-14T18:00:00.0,2018-11-15T00:00:00.0,0,0.0,1,0.0,0.0,0.01,0.12886473696786538
2018-11-14T19:00:00.0,2018-11-15T01:00:00.0,1,0.0,1,0.0,0.0,0.01,0.12886473696786538
2018-11-14T20:00:00.0,2018-11-15T02:00:00.0,2,0.0,1,0.0,0.0,0.01,0.12886473696786538
2018-11-14T21:00:00.0,2018-11-15T03:00:00.0,3,0.0,1,0.0,0.0,0.01,0.12886473696786538
2018-11-14T22:00:00.0,2018-11-15T04:00:00.0,4,0.0,1,0.0,0.0,0.01,0.12886473696786538
2018-11-14T23:00:00.0,2018-11-15T05:00:00.0,5,0.0,1,0.0,0.0,0.01,0.12886473696786538
2018-11-15T00:00:00.0,2018-11-15T06:00:00.0,6,0.0,1,0.0,0.0,0.01,0.12886473696786538
2018-11-15T01:00:00.0,2018-11-15T07:00:00.0,7,0.0,1,0.0,0.0,0.01,0.12886473696786538
2018-11-15T02:00:00.0,2018-11-15T08:00:00.0,8,0.0,1,0.0,0.0,0.01,0.12886473696786538
2018-11-15T03:00:00.0,2018-11-15T09:00:00.0,9,0.0,1,0.0,0.0,0.01,0.12886473696786538
2018-11-15T04:00:00.0,2018-11-15T10:00:00.0,10,0.0,1,0.0,0.0,0.01,0.12886473696786538
2018-11-15T05:00:00.0,2018-11-15T11:00:00.0,11,0.0,1,0.0,0.0,0.01,0.12886473696786538
2018-11-15T06:00:00.0,2018-11-15T12:00:00.0,12,4.6740525,0,0.0,0.0,0.99,0.12886473696786538
2018-11-15T07:00:00.0,2018-11-15T13:00:00.0,13,5748.033743,0,0.0,0.0,0.99,0.12886473696786538
2018-11-15T08:00:00.0,2018-11-15T14:00:00.0,14,23325.3558,1,20019.49266,28108.83401,0.811084109,2.420000674503982e6
2018-11-15T09:00:00.0,2018-11-15T15:00:00.0,15,31707.84808,1,29676.72767,32229.15589,0.894862326,536334.8083199263
2018-11-15T10:00:00.0,2018-11-15T16:00:00.0,16,32723.99545,1,26872.52715,37874.20032,0.52042853,1.0924611300506115e7
2018-11-15T11:00:00.0,2018-11-15T17:00:00.0,17,31520.58052,1,26546.84354,32510.50619,0.761623589,3.24454295924747e6
2018-11-15T12:00:00.0,2018-11-15T18:00:00.0,18,30549.50519,1,27500.22931,36046.93726,0.418227473,4.666909826187611e6
2018-11-15T13:00:00.0,2018-11-15T19:00:00.0,19,30776.50795,1,27924.39645,32808.43914,0.513754837,1.885113745094061e6
2018-11-15T14:00:00.0,2018-11-15T20:00:00.0,20,31045.20478,1,25590.17885,32462.18088,0.730523695,3.552882152846098e6
2018-11-15T15:00:00.0,2018-11-15T21:00:00.0,21,30220.3968,1,24547.14244,31190.50482,0.648824997,3.10321878785336e6
2018-11-15T16:00:00.0,2018-11-15T22:00:00.0,22,19568.41416,1,12367.51246,27877.11254,0.261434854,1.9592656893992186e7
2018-11-15T17:00:00.0,2018-11-15T23:00:00.0,23,3274.560022,1,414.7524519,11145.6868,0.190064092,9.999857177178428e6
2018-11-15T18:00:00.0,2018-11-16T00:00:00.0,0,0.0,1,0.0,0.0,0.01,0.12886473696786538
2018-11-15T19:00:00.0,2018-11-16T01:00:00.0,1,0.0,1,0.0,0.0,0.01,0.12886473696786538
2018-11-15T20:00:00.0,2018-11-16T02:00:00.0,2,0.0,1,0.0,0.0,0.01,0.12886473696786538
2018-11-15T21:00:00.0,2018-11-16T03:00:00.0,3,0.0,1,0.0,0.0,0.01,0.12886473696786538
2018-11-15T22:00:00.0,2018-11-16T04:00:00.0,4,0.0,1,0.0,0.0,0.01,0.12886473696786538
2018-11-15T23:00:00.0,2018-11-16T05:00:00.0,5,0.0,1,0.0,0.0,0.01,0.12886473696786538
2018-11-16T00:00:00.0,2018-11-16T06:00:00.0,6,0.0,1,0.0,0.0,0.01,0.12886473696786538
2018-11-16T01:00:00.0,2018-11-16T07:00:00.0,7,0.0,1,0.0,0.0,0.01,0.12886473696786538
2018-11-16T02:00:00.0,2018-11-16T08:00:00.0,8,0.0,1,0.0,0.0,0.01,0.12886473696786538
2018-11-16T03:00:00.0,2018-11-16T09:00:00.0,9,0.0,1,0.0,0.0,0.01,0.12886473696786538
2018-11-16T04:00:00.0,2018-11-16T10:00:00.0,10,0.0,1,0.0,0.0,0.01,0.12886473696786538
2018-11-16T05:00:00.0,2018-11-16T11:00:00.0,11,0.0,1,0.0,0.0,0.01,0.12886473696786538
2018-11-16T06:00:00.0,2018-11-16T12:00:00.0,12,2.352957083,0,0.0,0.0,0.99,0.12886473696786538
2018-11-16T07:00:00.0,2018-11-16T13:00:00.0,13,5475.113974,0,0.0,0.0,0.99,0.12886473696786538
2018-11-16T08:00:00.0,2018-11-16T14:00:00.0,14,24491.02274,1,23344.14326,27389.84422,0.700880764,798719.0027979612
2018-11-16T09:00:00.0,2018-11-16T15:00:00.0,15,33899.07573,0,29266.37571,33022.4886,1.0,1.136238588160038e6
2018-11-16T10:00:00.0,2018-11-16T16:00:00.0,16,33717.6404,1,27138.32802,34395.69458,0.829826298,4.369304698907733e6
2018-11-16T11:00:00.0,2018-11-16T17:00:00.0,17,32156.40842,1,30624.79528,38463.97268,0.231654635,5.165430543810844e6
2018-11-16T12:00:00.0,2018-11-16T18:00:00.0,18,31319.90467,1,25469.82047,36137.32357,0.515852875,9.848144626692295e6
2018-11-16T13:00:00.0,2018-11-16T19:00:00.0,19,31935.74705,1,26517.94852,34629.76075,0.56897101,5.720251697856545e6
2018-11-16T14:00:00.0,2018-11-16T20:00:00.0,20,32958.52353,1,29603.71146,35779.08014,0.657693381,2.7738732928396463e6
2018-11-16T15:00:00.0,2018-11-16T21:00:00.0,21,31901.56175,1,27333.64671,34905.68649,0.561150113,4.647238468910456e6
2018-11-16T16:00:00.0,2018-11-16T22:00:00.0,22,20576.00944,1,14568.7051,29201.54813,0.288828455,1.8740246041866183e7
2018-11-16T17:00:00.0,2018-11-16T23:00:00.0,23,3153.954266,1,1034.480492,10293.35575,0.120618864,6.662529389507197e6
2018-11-16T18:00:00.0,2018-11-17T00:00:00.0,0,0.0,1,0.0,0.0,0.01,0.12886473696786538
2018-11-16T19:00:00.0,2018-11-17T01:00:00.0,1,0.0,1,0.0,0.0,0.01,0.12886473696786538
2018-11-16T20:00:00.0,2018-11-17T02:00:00.0,2,0.0,1,0.0,0.0,0.01,0.12886473696786538
2018-11-16T21:00:00.0,2018-11-17T03:00:00.0,3,0.0,1,0.0,0.0,0.01,0.12886473696786538
2018-11-16T22:00:00.0,2018-11-17T04:00:00.0,4,0.0,1,0.0,0.0,0.01,0.12886473696786538
2018-11-16T23:00:00.0,2018-11-17T05:00:00.0,5,0.0,1,0.0,0.0,0.01,0.12886473696786538
2018-11-17T00:00:00.0,2018-11-17T06:00:00.0,6,0.0,1,0.0,0.0,0.01,0.12886473696786538
2018-11-17T01:00:00.0,2018-11-17T07:00:00.0,7,0.0,1,0.0,0.0,0.01,0.12886473696786538
2018-11-17T02:00:00.0,2018-11-17T08:00:00.0,8,0.0,1,0.0,0.0,0.01,0.12886473696786538
2018-11-17T03:00:00.0,2018-11-17T09:00:00.0,9,0.0,1,0.0,0.0,0.01,0.12886473696786538
2018-11-17T04:00:00.0,2018-11-17T10:00:00.0,10,0.0,1,0.0,0.0,0.01,0.12886473696786538
2018-11-17T05:00:00.0,2018-11-17T11:00:00.0,11,0.0,1,0.0,0.0,0.01,0.12886473696786538
2018-11-17T06:00:00.0,2018-11-17T12:00:00.0,12,0.903346667,0,0.0,0.0,0.99,0.12886473696786538
2018-11-17T07:00:00.0,2018-11-17T13:00:00.0,13,3373.597842,0,0.0,0.0,0.99,0.12886473696786538
2018-11-17T08:00:00.0,2018-11-17T14:00:00.0,14,18169.14723,0,19733.92368,23208.6656,0.0,517313.75042134523
2018-11-17T09:00:00.0,2018-11-17T15:00:00.0,15,27525.86631,1,22865.67545,32387.7002,0.641516572,7.466530701100349e6
2018-11-17T10:00:00.0,2018-11-17T16:00:00.0,16,29418.23538,1,28419.2873,36251.94642,0.111289019,4.416825944812894e6
2018-11-17T11:00:00.0,2018-11-17T17:00:00.0,17,28358.47002,1,24169.30356,30810.76711,0.577859398,3.882524416309595e6
2018-11-17T12:00:00.0,2018-11-17T18:00:00.0,18,26893.22096,1,22713.16728,30293.37476,0.574216729,5.22028712503171e6
2018-11-17T13:00:00.0,2018-11-17T19:00:00.0,19,26542.64883,1,23531.32997,32385.16218,0.381091816,7.666146912185311e6
2018-11-17T14:00:00.0,2018-11-17T20:00:00.0,20,26134.14474,0,26155.75839,35282.16267,0.0,6.223267443426609e6
2018-11-17T15:00:00.0,2018-11-17T21:00:00.0,21,22021.05109,1,19117.41202,34243.24179,0.170842768,1.64558380286206e7
2018-11-17T16:00:00.0,2018-11-17T22:00:00.0,22,12996.88195,1,11364.38482,21682.4802,0.098536386,8.595058841036618e6
2018-11-17T17:00:00.0,2018-11-17T23:00:00.0,23,1679.998511,1,1038.923561,6224.860862,0.059105172,2.416059601527879e6
2018-11-17T18:00:00.0,2018-11-18T00:00:00.0,0,0.0,1,0.0,0.0,0.01,0.12886473696786538
2018-11-17T19:00:00.0,2018-11-18T01:00:00.0,1,0.0,1,0.0,0.0,0.01,0.12886473696786538
2018-11-17T20:00:00.0,2018-11-18T02:00:00.0,2,0.0,1,0.0,0.0,0.01,0.12886473696786538
2018-11-17T21:00:00.0,2018-11-18T03:00:00.0,3,0.0,1,0.0,0.0,0.01,0.12886473696786538
2018-11-17T22:00:00.0,2018-11-18T04:00:00.0,4,0.0,1,0.0,0.0,0.01,0.12886473696786538
2018-11-17T23:00:00.0,2018-11-18T05:00:00.0,5,0.0,1,0.0,0.0,0.01,0.12886473696786538
2018-11-18T00:00:00.0,2018-11-18T06:00:00.0,6,0.0,1,0.0,0.0,0.01,0.12886473696786538
2018-11-18T01:00:00.0,2018-11-18T07:00:00.0,7,0.0,1,0.0,0.0,0.01,0.12886473696786538
2018-11-18T02:00:00.0,2018-11-18T08:00:00.0,8,0.0,1,0.0,0.0,0.01,0.12886473696786538
2018-11-18T03:00:00.0,2018-11-18T09:00:00.0,9,0.0,1,0.0,0.0,0.01,0.12886473696786538
2018-11-18T04:00:00.0,2018-11-18T10:00:00.0,10,0.0,1,0.0,0.0,0.01,0.12886473696786538
2018-11-18T05:00:00.0,2018-11-18T11:00:00.0,11,0.0,1,0.0,0.0,0.01,0.12886473696786538
2018-11-18T06:00:00.0,2018-11-18T12:00:00.0,12,0.217997333,0,0.0,0.0,0.99,0.12886473696786538
2018-11-18T07:00:00.0,2018-11-18T13:00:00.0,13,2812.68463,0,0.0,0.0,0.99,0.12886473696786538
2018-11-18T08:00:00.0,2018-11-18T14:00:00.0,14,5326.092722,0,9165.139811,17814.75351,0.0,5.416216900821209e6
2018-11-18T09:00:00.0,2018-11-18T15:00:00.0,15,5759.93821,0,12469.20307,17197.02573,0.0,1.3004555049785376e6
2018-11-18T10:00:00.0,2018-11-18T16:00:00.0,16,9106.987837,0,13195.10211,25032.7893,0.0,9.380152475570083e6
2018-11-18T11:00:00.0,2018-11-18T17:00:00.0,17,12990.84536,0,14776.18759,22015.29999,0.0,3.659069969058633e6
2018-11-18T12:00:00.0,2018-11-18T18:00:00.0,18,14871.36222,1,13645.59061,26938.83803,0.122990028,1.4465872006694734e7
2018-11-18T13:00:00.0,2018-11-18T19:00:00.0,19,15407.8194,1,13452.58092,22647.05463,0.259922315,7.350883610703528e6
2018-11-18T14:00:00.0,2018-11-18T20:00:00.0,20,14585.99844,1,13793.83866,22826.06379,0.136944848,6.900142914123893e6
2018-11-18T15:00:00.0,2018-11-18T21:00:00.0,21,12211.11054,0,12276.15272,22189.56604,0.0,9.099926775709629e6
2018-11-18T16:00:00.0,2018-11-18T22:00:00.0,22,8806.280851,1,5079.738425,11736.82318,0.485373825,4.331107492324263e6
2018-11-18T17:00:00.0,2018-11-18T23:00:00.0,23,1653.501501,1,81.85509119,5293.766278,0.179638616,2.1811250931743477e6
2018-11-18T18:00:00.0,2018-11-19T00:00:00.0,0,0.0,1,0.0,0.0,0.01,0.12886473696786538
2018-11-18T19:00:00.0,2018-11-19T01:00:00.0,1,0.0,1,0.0,0.0,0.01,0.12886473696786538
2018-11-18T20:00:00.0,2018-11-19T02:00:00.0,2,0.0,1,0.0,0.0,0.01,0.12886473696786538
2018-11-18T21:00:00.0,2018-11-19T03:00:00.0,3,0.0,1,0.0,0.0,0.01,0.12886473696786538
2018-11-18T22:00:00.0,2018-11-19T04:00:00.0,4,0.0,1,0.0,0.0,0.01,0.12886473696786538
2018-11-18T23:00:00.0,2018-11-19T05:00:00.0,5,0.0,1,0.0,0.0,0.01,0.12886473696786538
2018-11-19T00:00:00.0,2018-11-19T06:00:00.0,6,0.0,1,0.0,0.0,0.01,0.12886473696786538
2018-11-19T01:00:00.0,2018-11-19T07:00:00.0,7,0.0,1,0.0,0.0,0.01,0.12886473696786538
2018-11-19T02:00:00.0,2018-11-19T08:00:00.0,8,0.0,1,0.0,0.0,0.01,0.12886473696786538
2018-11-19T03:00:00.0,2018-11-19T09:00:00.0,9,0.0,1,0.0,0.0,0.01,0.12886473696786538
2018-11-19T04:00:00.0,2018-11-19T10:00:00.0,10,0.0,1,0.0,0.0,0.01,0.12886473696786538
2018-11-19T05:00:00.0,2018-11-19T11:00:00.0,11,0.0,1,0.0,0.0,0.01,0.12886473696786538
2018-11-19T06:00:00.0,2018-11-19T12:00:00.0,12,0.0,1,0.0,0.0,0.01,0.12886473696786538
2018-11-19T07:00:00.0,2018-11-19T13:00:00.0,13,2817.054484,0,0.0,0.0,0.99,0.12886473696786538
2018-11-19T08:00:00.0,2018-11-19T14:00:00.0,14,14244.22659,1,10938.59796,17421.39267,0.777892898,2.302153825455785e6
2018-11-19T09:00:00.0,2018-11-19T15:00:00.0,15,21000.01824,1,18426.98502,27251.6156,0.436967191,6.01912612144655e6
2018-11-19T10:00:00.0,2018-11-19T16:00:00.0,16,22388.19152,1,19335.219,27802.27997,0.493445722,6.050914003597617e6
2018-11-19T11:00:00.0,2018-11-19T17:00:00.0,17,22652.47441,1,18961.4682,30801.017,0.347421815,1.3296282933541775e7
2018-11-19T12:00:00.0,2018-11-19T18:00:00.0,18,22873.34227,1,21660.54043,27840.13817,0.331111348,3.097675393148184e6
2018-11-19T13:00:00.0,2018-11-19T19:00:00.0,19,23621.64405,1,22765.92276,30213.93131,0.172760736,3.9466426617022753e6
2018-11-19T14:00:00.0,2018-11-19T20:00:00.0,20,24404.33527,1,20491.25684,30210.98143,0.45811548,7.483534663619757e6
2018-11-19T15:00:00.0,2018-11-19T21:00:00.0,21,23728.17176,1,18114.3959,31088.56545,0.498925478,1.3823706620506763e7
2018-11-19T16:00:00.0,2018-11-19T22:00:00.0,22,15317.1478,1,11833.75448,25103.10678,0.171890843,1.4214380718228102e7
2018-11-19T17:00:00.0,2018-11-19T23:00:00.0,23,2538.251448,1,308.858038,7601.235496,0.124453171,3.5617363901242167e6
2018-11-19T18:00:00.0,2018-11-20T00:00:00.0,0,0.0,1,0.0,0.0,0.01,0.12886473696786538
2018-11-19T19:00:00.0,2018-11-20T01:00:00.0,1,0.0,1,0.0,0.0,0.01,0.12886473696786538
2018-11-19T20:00:00.0,2018-11-20T02:00:00.0,2,0.0,1,0.0,0.0,0.01,0.12886473696786538
2018-11-19T21:00:00.0,2018-11-20T03:00:00.0,3,0.0,1,0.0,0.0,0.01,0.12886473696786538
2018-11-19T22:00:00.0,2018-11-20T04:00:00.0,4,0.0,1,0.0,0.0,0.01,0.12886473696786538
2018-11-19T23:00:00.0,2018-11-20T05:00:00.0,5,0.0,1,0.0,0.0,0.01,0.12886473696786538
2018-11-20T00:00:00.0,2018-11-20T06:00:00.0,6,0.0,1,0.0,0.0,0.01,0.12886473696786538
2018-11-20T01:00:00.0,2018-11-20T07:00:00.0,7,0.0,1,0.0,0.0,0.01,0.12886473696786538
2018-11-20T02:00:00.0,2018-11-20T08:00:00.0,8,0.0,1,0.0,0.0,0.01,0.12886473696786538
2018-11-20T03:00:00.0,2018-11-20T09:00:00.0,9,0.0,1,0.0,0.0,0.01,0.12886473696786538
2018-11-20T04:00:00.0,2018-11-20T10:00:00.0,10,0.0,1,0.0,0.0,0.01,0.12886473696786538
2018-11-20T05:00:00.0,2018-11-20T11:00:00.0,11,0.0,1,0.0,0.0,0.01,0.12886473696786538
2018-11-20T06:00:00.0,2018-11-20T12:00:00.0,12,0.0,1,0.0,0.0,0.01,0.12886473696786538
2018-11-20T07:00:00.0,2018-11-20T13:00:00.0,13,4067.575441,0,0.0,0.0,0.99,0.12886473696786538
2018-11-20T08:00:00.0,2018-11-20T14:00:00.0,14,20826.20367,1,19140.66717,23655.23281,0.779314159,1.0427694423933029e6
2018-11-20T09:00:00.0,2018-11-20T15:00:00.0,15,31298.07383,1,24744.35884,32397.1716,0.837788441,5.304069954016447e6
2018-11-20T10:00:00.0,2018-11-20T16:00:00.0,16,31645.02164,1,24739.50876,37318.60579,0.459060129,1.488093662278676e7
2018-11-20T11:00:00.0,2018-11-20T17:00:00.0,17,29871.24236,1,24712.89671,32022.89282,0.616542633,4.3209382946846485e6
2018-11-20T12:00:00.0,2018-11-20T18:00:00.0,18,29156.06221,1,28358.60183,33044.28957,0.251605829,1.9924695699727535e6
2018-11-20T13:00:00.0,2018-11-20T19:00:00.0,19,30077.31775,1,28247.14265,34147.95229,0.327662835,2.8473559658145905e6
2018-11-20T14:00:00.0,2018-11-20T20:00:00.0,20,30981.83912,1,27380.62358,37998.49977,0.308202103,8.217065099258184e6
2018-11-20T15:00:00.0,2018-11-20T21:00:00.0,21,29653.31539,1,28693.28694,37836.34708,0.140041064,7.539870237654686e6
2018-11-20T16:00:00.0,2018-11-20T22:00:00.0,22,18816.34911,1,14196.48496,30578.9882,0.208274332,2.363161207373488e7
2018-11-20T17:00:00.0,2018-11-20T23:00:00.0,23,2880.987526,1,505.8711667,10266.5657,0.131962838,7.552346615937069e6
2018-11-20T18:00:00.0,2018-11-21T00:00:00.0,0,0.0,1,0.0,0.0,0.01,0.12886473696786538
2018-11-20T19:00:00.0,2018-11-21T01:00:00.0,1,0.0,1,0.0,0.0,0.01,0.12886473696786538
2018-11-20T20:00:00.0,2018-11-21T02:00:00.0,2,0.0,1,0.0,0.0,0.01,0.12886473696786538
2018-11-20T21:00:00.0,2018-11-21T03:00:00.0,3,0.0,1,0.0,0.0,0.01,0.12886473696786538
2018-11-20T22:00:00.0,2018-11-21T04:00:00.0,4,0.0,1,0.0,0.0,0.01,0.12886473696786538
2018-11-20T23:00:00.0,2018-11-21T05:00:00.0,5,0.0,1,0.0,0.0,0.01,0.12886473696786538
2018-11-21T00:00:00.0,2018-11-21T06:00:00.0,6,0.0,1,0.0,0.0,0.01,0.12886473696786538
2018-11-21T01:00:00.0,2018-11-21T07:00:00.0,7,0.0,1,0.0,0.0,0.01,0.12886473696786538
2018-11-21T02:00:00.0,2018-11-21T08:00:00.0,8,0.0,1,0.0,0.0,0.01,0.12886473696786538
2018-11-21T03:00:00.0,2018-11-21T09:00:00.0,9,0.0,1,0.0,0.0,0.01,0.12886473696786538
2018-11-21T04:00:00.0,2018-11-21T10:00:00.0,10,0.0,1,0.0,0.0,0.01,0.12886473696786538
2018-11-21T05:00:00.0,2018-11-21T11:00:00.0,11,0.0,1,0.0,0.0,0.01,0.12886473696786538
2018-11-21T06:00:00.0,2018-11-21T12:00:00.0,12,0.0,1,0.0,0.0,0.01,0.12886473696786538
2018-11-21T07:00:00.0,2018-11-21T13:00:00.0,13,3424.155649,0,0.0,0.0,0.99,0.12886473696786538
2018-11-21T08:00:00.0,2018-11-21T14:00:00.0,14,16155.85525,1,12663.85398,21425.07506,0.683009542,4.407775241825163e6
2018-11-21T09:00:00.0,2018-11-21T15:00:00.0,15,19548.03944,1,16284.68185,28445.92021,0.376545681,1.2850063176900148e7
2018-11-21T10:00:00.0,2018-11-21T16:00:00.0,16,19337.46308,1,18466.0588,29996.27183,0.076904583,7.571290886727631e6
2018-11-21T11:00:00.0,2018-11-21T17:00:00.0,17,19454.32341,1,16876.28295,26990.98522,0.360296354,7.222115481491506e6
2018-11-21T12:00:00.0,2018-11-21T18:00:00.0,18,20400.62669,1,16818.24998,28141.72858,0.392184184,1.090542925396353e7
2018-11-21T13:00:00.0,2018-11-21T19:00:00.0,19,19188.89517,1,16938.17055,29062.91053,0.221224051,1.2735325694694936e7
2018-11-21T14:00:00.0,2018-11-21T20:00:00.0,20,19139.37476,1,13534.99554,28319.75537,0.462752652,1.8246029554884076e7
2018-11-21T15:00:00.0,2018-11-21T21:00:00.0,21,18144.83597,1,12119.27773,28501.11578,0.344678332,2.118006567681086e7
2018-11-21T16:00:00.0,2018-11-21T22:00:00.0,22,13042.36889,1,5532.667591,16880.1657,0.590540829,9.247710882980287e6
2018-11-21T17:00:00.0,2018-11-21T23:00:00.0,23,2263.512281,1,163.9766242,7104.552484,0.217352012,4.1007534274148904e6
2018-11-21T18:00:00.0,2018-11-22T00:00:00.0,0,0.0,1,0.0,0.0,0.01,0.12886473696786538
2018-11-21T19:00:00.0,2018-11-22T01:00:00.0,1,0.0,1,0.0,0.0,0.01,0.12886473696786538
2018-11-21T20:00:00.0,2018-11-22T02:00:00.0,2,0.0,1,0.0,0.0,0.01,0.12886473696786538
2018-11-21T21:00:00.0,2018-11-22T03:00:00.0,3,0.0,1,0.0,0.0,0.01,0.12886473696786538
2018-11-21T22:00:00.0,2018-11-22T04:00:00.0,4,0.0,1,0.0,0.0,0.01,0.12886473696786538
2018-11-21T23:00:00.0,2018-11-22T05:00:00.0,5,0.0,1,0.0,0.0,0.01,0.12886473696786538
2018-11-22T00:00:00.0,2018-11-22T06:00:00.0,6,0.0,1,0.0,0.0,0.01,0.12886473696786538
2018-11-22T01:00:00.0,2018-11-22T07:00:00.0,7,0.0,1,0.0,0.0,0.01,0.12886473696786538
2018-11-22T02:00:00.0,2018-11-22T08:00:00.0,8,0.0,1,0.0,0.0,0.01,0.12886473696786538
2018-11-22T03:00:00.0,2018-11-22T09:00:00.0,9,0.0,1,0.0,0.0,0.01,0.12886473696786538
2018-11-22T04:00:00.0,2018-11-22T10:00:00.0,10,0.0,1,0.0,0.0,0.01,0.12886473696786538
2018-11-22T05:00:00.0,2018-11-22T11:00:00.0,11,0.0,1,0.0,0.0,0.01,0.12886473696786538
2018-11-22T06:00:00.0,2018-11-22T12:00:00.0,12,0.0,1,0.0,0.0,0.01,0.12886473696786538
2018-11-22T07:00:00.0,2018-11-22T13:00:00.0,13,2908.073757,0,0.0,0.0,0.99,0.12886473696786538
2018-11-22T08:00:00.0,2018-11-22T14:00:00.0,14,11538.02787,0,13756.18736,19350.47939,0.0,2.16454415974468e6
2018-11-22T09:00:00.0,2018-11-22T15:00:00.0,15,16776.20371,0,18260.55814,27852.36577,0.0,7.020161555243969e6
2018-11-22T10:00:00.0,2018-11-22T16:00:00.0,16,21053.7341,1,20652.88151,33212.66813,0.064501939,1.3557944050145864e7
2018-11-22T11:00:00.0,2018-11-22T17:00:00.0,17,22182.43902,0,24087.08426,31683.28065,0.0,3.1647811510574818e6
2018-11-22T12:00:00.0,2018-11-22T18:00:00.0,18,22416.41982,0,22828.35179,28613.4779,0.0,1.9933180623066425e6
2018-11-22T13:00:00.0,2018-11-22T19:00:00.0,19,21235.67766,1,20749.52619,30742.35482,0.055538311,9.157543838621736e6
2018-11-22T14:00:00.0,2018-11-22T20:00:00.0,20,18445.26426,0,20546.10633,29951.93306,0.0,6.281919446090817e6
2018-11-22T15:00:00.0,2018-11-22T21:00:00.0,21,12999.25184,0,17797.35082,31307.17421,0.0,9.642013052586973e6
2018-11-22T16:00:00.0,2018-11-22T22:00:00.0,22,7209.008195,0,9264.426317,17706.80491,0.0,5.248017379207104e6
2018-11-22T17:00:00.0,2018-11-22T23:00:00.0,23,833.63533,1,115.4679539,3308.490541,0.097415541,752151.6763681611
2018-11-22T18:00:00.0,2018-11-23T00:00:00.0,0,0.0,1,0.0,0.0,0.01,0.12886473696786538
2018-11-22T19:00:00.0,2018-11-23T01:00:00.0,1,0.0,1,0.0,0.0,0.01,0.12886473696786538
2018-11-22T20:00:00.0,2018-11-23T02:00:00.0,2,0.0,1,0.0,0.0,0.01,0.12886473696786538
2018-11-22T21:00:00.0,2018-11-23T03:00:00.0,3,0.0,1,0.0,0.0,0.01,0.12886473696786538
2018-11-22T22:00:00.0,2018-11-23T04:00:00.0,4,0.0,1,0.0,0.0,0.01,0.12886473696786538
2018-11-22T23:00:00.0,2018-11-23T05:00:00.0,5,0.0,1,0.0,0.0,0.01,0.12886473696786538
2018-11-23T00:00:00.0,2018-11-23T06:00:00.0,6,0.0,1,0.0,0.0,0.01,0.12886473696786538
2018-11-23T01:00:00.0,2018-11-23T07:00:00.0,7,0.0,1,0.0,0.0,0.01,0.12886473696786538
2018-11-23T02:00:00.0,2018-11-23T08:00:00.0,8,0.0,1,0.0,0.0,0.01,0.12886473696786538
2018-11-23T03:00:00.0,2018-11-23T09:00:00.0,9,0.0,1,0.0,0.0,0.01,0.12886473696786538
2018-11-23T04:00:00.0,2018-11-23T10:00:00.0,10,0.0,1,0.0,0.0,0.01,0.12886473696786538
2018-11-23T05:00:00.0,2018-11-23T11:00:00.0,11,0.0,1,0.0,0.0,0.01,0.12886473696786538
2018-11-23T06:00:00.0,2018-11-23T12:00:00.0,12,0.0,1,0.0,0.0,0.01,0.12886473696786538
2018-11-23T07:00:00.0,2018-11-23T13:00:00.0,13,1794.464184,0,0.0,0.0,0.99,0.12886473696786538
2018-11-23T08:00:00.0,2018-11-23T14:00:00.0,14,11673.92461,1,7743.298929,16264.98715,0.695933607,5.058576168764532e6
2018-11-23T09:00:00.0,2018-11-23T15:00:00.0,15,21152.88984,1,17061.56482,26493.17932,0.648404488,6.908974263798356e6
2018-11-23T10:00:00.0,2018-11-23T16:00:00.0,16,25065.51822,1,18295.37535,26195.11875,0.862277307,5.23772280515033e6
2018-11-23T11:00:00.0,2018-11-23T17:00:00.0,17,25821.6036,1,18198.71225,27740.93141,0.793740808,7.180562529511929e6
2018-11-23T12:00:00.0,2018-11-23T18:00:00.0,18,27510.97731,1,22928.92214,29422.6383,0.679486532,3.775248897164345e6
2018-11-23T13:00:00.0,2018-11-23T19:00:00.0,19,28375.11908,1,19726.18025,31048.5262,0.706053851,1.052241767115426e7
2018-11-23T14:00:00.0,2018-11-23T20:00:00.0,20,29455.91625,1,19423.43908,30321.61316,0.810797841,9.71682987583816e6
2018-11-23T15:00:00.0,2018-11-23T21:00:00.0,21,29152.58912,1,24933.68317,33624.13664,0.48229866,6.736847822407007e6
2018-11-23T16:00:00.0,2018-11-23T22:00:00.0,22,17265.62014,1,13207.16675,26470.15431,0.121303023,1.26974071554448e7
2018-11-23T17:00:00.0,2018-11-23T23:00:00.0,23,2285.028712,1,673.6982151,8796.348387,0.06526009,4.78145183204915e6
2018-11-23T18:00:00.0,2018-11-24T00:00:00.0,0,0.0,1,0.0,0.0,0.01,0.12886473696786538
2018-11-23T19:00:00.0,2018-11-24T01:00:00.0,1,0.0,1,0.0,0.0,0.01,0.12886473696786538
2018-11-23T20:00:00.0,2018-11-24T02:00:00.0,2,0.0,1,0.0,0.0,0.01,0.12886473696786538
2018-11-23T21:00:00.0,2018-11-24T03:00:00.0,3,0.0,1,0.0,0.0,0.01,0.12886473696786538
2018-11-23T22:00:00.0,2018-11-24T04:00:00.0,4,0.0,1,0.0,0.0,0.01,0.12886473696786538
2018-11-23T23:00:00.0,2018-11-24T05:00:00.0,5,0.0,1,0.0,0.0,0.01,0.12886473696786538
2018-11-24T00:00:00.0,2018-11-24T06:00:00.0,6,0.0,1,0.0,0.0,0.01,0.12886473696786538
2018-11-24T01:00:00.0,2018-11-24T07:00:00.0,7,0.0,1,0.0,0.0,0.01,0.12886473696786538
2018-11-24T02:00:00.0,2018-11-24T08:00:00.0,8,0.0,1,0.0,0.0,0.01,0.12886473696786538
2018-11-24T03:00:00.0,2018-11-24T09:00:00.0,9,0.0,1,0.0,0.0,0.01,0.12886473696786538
2018-11-24T04:00:00.0,2018-11-24T10:00:00.0,10,0.0,1,0.0,0.0,0.01,0.12886473696786538
2018-11-24T05:00:00.0,2018-11-24T11:00:00.0,11,0.0,1,0.0,0.0,0.01,0.12886473696786538
2018-11-24T06:00:00.0,2018-11-24T12:00:00.0,12,0.0,1,0.0,0.0,0.01,0.12886473696786538
2018-11-24T07:00:00.0,2018-11-24T13:00:00.0,13,1646.431363,0,0.0,0.0,0.99,0.12886473696786538
2018-11-24T08:00:00.0,2018-11-24T14:00:00.0,14,8726.018454,0,10463.12958,18114.04357,0.0,2.139122835332662e6
2018-11-24T09:00:00.0,2018-11-24T15:00:00.0,15,15400.33263,0,16964.54453,25909.69248,0.0,5.872378537074566e6
2018-11-24T10:00:00.0,2018-11-24T16:00:00.0,16,19063.71201,0,19073.76111,28844.61453,0.0,9.213374540514648e6
2018-11-24T11:00:00.0,2018-11-24T17:00:00.0,17,21315.50371,1,21026.42054,29001.2566,0.073314815,4.519921140603185e6
2018-11-24T12:00:00.0,2018-11-24T18:00:00.0,18,21065.09962,1,20601.09791,29226.26345,0.158280069,5.76118557857883e6
2018-11-24T13:00:00.0,2018-11-24T19:00:00.0,19,21159.9602,1,19483.116,29475.87534,0.264745884,8.424588980136156e6
2018-11-24T14:00:00.0,2018-11-24T20:00:00.0,20,20977.64057,0,21490.2467,29901.18204,0.0,5.4039176793859005e6
2018-11-24T15:00:00.0,2018-11-24T21:00:00.0,21,17871.71086,1,14146.66808,29223.81915,0.273503467,1.8892737357186615e7
2018-11-24T16:00:00.0,2018-11-24T22:00:00.0,22,10657.2248,1,7667.651746,15745.94797,0.326662602,6.395817557885975e6
2018-11-24T17:00:00.0,2018-11-24T23:00:00.0,23,1617.847185,1,69.13715346,5650.437903,0.180492948,2.4307431689884067e6
2018-11-24T18:00:00.0,2018-11-25T00:00:00.0,0,0.0,1,0.0,0.0,0.01,0.12886473696786538
2018-11-24T19:00:00.0,2018-11-25T01:00:00.0,1,0.0,1,0.0,0.0,0.01,0.12886473696786538
2018-11-24T20:00:00.0,2018-11-25T02:00:00.0,2,0.0,1,0.0,0.0,0.01,0.12886473696786538
2018-11-24T21:00:00.0,2018-11-25T03:00:00.0,3,0.0,1,0.0,0.0,0.01,0.12886473696786538
2018-11-24T22:00:00.0,2018-11-25T04:00:00.0,4,0.0,1,0.0,0.0,0.01,0.12886473696786538
2018-11-24T23:00:00.0,2018-11-25T05:00:00.0,5,0.0,1,0.0,0.0,0.01,0.12886473696786538
2018-11-25T00:00:00.0,2018-11-25T06:00:00.0,6,0.0,1,0.0,0.0,0.01,0.12886473696786538
2018-11-25T01:00:00.0,2018-11-25T07:00:00.0,7,0.0,1,0.0,0.0,0.01,0.12886473696786538
2018-11-25T02:00:00.0,2018-11-25T08:00:00.0,8,0.0,1,0.0,0.0,0.01,0.12886473696786538
2018-11-25T03:00:00.0,2018-11-25T09:00:00.0,9,0.0,1,0.0,0.0,0.01,0.12886473696786538
2018-11-25T04:00:00.0,2018-11-25T10:00:00.0,10,0.0,1,0.0,0.0,0.01,0.12886473696786538
2018-11-25T05:00:00.0,2018-11-25T11:00:00.0,11,0.0,1,0.0,0.0,0.01,0.12886473696786538
2018-11-25T06:00:00.0,2018-11-25T12:00:00.0,12,0.0,1,0.0,0.0,0.01,0.12886473696786538
2018-11-25T07:00:00.0,2018-11-25T13:00:00.0,13,902.4395527,0,0.0,0.0,0.99,0.12886473696786538
2018-11-25T08:00:00.0,2018-11-25T14:00:00.0,14,6874.68046,0,8563.64993,15026.58033,0.0,2.0854179591814578e6
2018-11-25T09:00:00.0,2018-11-25T15:00:00.0,15,13092.62015,0,13381.90023,21624.23599,0.0,4.0285053714648485e6
2018-11-25T10:00:00.0,2018-11-25T16:00:00.0,16,19449.18743,1,16686.54205,24796.60779,0.507555473,5.382020194489121e6
2018-11-25T11:00:00.0,2018-11-25T17:00:00.0,17,24050.37973,1,20626.1596,28343.21438,0.54926598,5.818053076982975e6
2018-11-25T12:00:00.0,2018-11-25T18:00:00.0,18,25559.20986,1,21945.02024,28195.61851,0.530303983,3.3731909635511637e6
2018-11-25T13:00:00.0,2018-11-25T19:00:00.0,19,26037.56382,1,19043.11997,32039.92897,0.449970078,1.497191101983869e7
2018-11-25T14:00:00.0,2018-11-25T20:00:00.0,20,25586.22749,1,17089.26665,31927.85556,0.583822736,1.8832865196780086e7
2018-11-25T15:00:00.0,2018-11-25T21:00:00.0,21,22815.80349,1,15917.29306,26895.17462,0.591607305,8.475390196843207e6
2018-11-25T16:00:00.0,2018-11-25T22:00:00.0,22,14421.41009,1,7685.06206,20538.08164,0.416040102,1.3461304332405e7
2018-11-25T17:00:00.0,2018-11-25T23:00:00.0,23,2101.733807,1,229.0893155,7565.962346,0.136391985,4.305713838581655e6
2018-11-25T18:00:00.0,2018-11-26T00:00:00.0,0,0.0,1,0.0,0.0,0.01,0.12886473696786538
2018-11-25T19:00:00.0,2018-11-26T01:00:00.0,1,0.0,1,0.0,0.0,0.01,0.12886473696786538
2018-11-25T20:00:00.0,2018-11-26T02:00:00.0,2,0.0,1,0.0,0.0,0.01,0.12886473696786538
2018-11-25T21:00:00.0,2018-11-26T03:00:00.0,3,0.0,1,0.0,0.0,0.01,0.12886473696786538
2018-11-25T22:00:00.0,2018-11-26T04:00:00.0,4,0.0,1,0.0,0.0,0.01,0.12886473696786538
2018-11-25T23:00:00.0,2018-11-26T05:00:00.0,5,0.0,1,0.0,0.0,0.01,0.12886473696786538
2018-11-26T00:00:00.0,2018-11-26T06:00:00.0,6,0.0,1,0.0,0.0,0.01,0.12886473696786538
2018-11-26T01:00:00.0,2018-11-26T07:00:00.0,7,0.0,1,0.0,0.0,0.01,0.12886473696786538
2018-11-26T02:00:00.0,2018-11-26T08:00:00.0,8,0.0,1,0.0,0.0,0.01,0.12886473696786538
2018-11-26T03:00:00.0,2018-11-26T09:00:00.0,9,0.0,1,0.0,0.0,0.01,0.12886473696786538
2018-11-26T04:00:00.0,2018-11-26T10:00:00.0,10,0.0,1,0.0,0.0,0.01,0.12886473696786538
2018-11-26T05:00:00.0,2018-11-26T11:00:00.0,11,0.0,1,0.0,0.0,0.01,0.12886473696786538
2018-11-26T06:00:00.0,2018-11-26T12:00:00.0,12,0.0,1,0.0,0.0,0.01,0.12886473696786538
2018-11-26T07:00:00.0,2018-11-26T13:00:00.0,13,3007.419388,0,0.0,0.0,0.99,0.12886473696786538
2018-11-26T08:00:00.0,2018-11-26T14:00:00.0,14,19898.43725,1,14898.61659,22975.10975,0.815938765,5.426140771036327e6
2018-11-26T09:00:00.0,2018-11-26T15:00:00.0,15,32193.25221,1,25497.1623,33579.6816,0.808569297,5.5995457315449715e6
2018-11-26T10:00:00.0,2018-11-26T16:00:00.0,16,33294.14185,1,25131.43615,38172.78606,0.582312672,1.270770018183744e7
2018-11-26T11:00:00.0,2018-11-26T17:00:00.0,17,31800.2665,1,23594.23026,32743.57183,0.898440659,5.503535800120473e6
2018-11-26T12:00:00.0,2018-11-26T18:00:00.0,18,30830.49308,1,27573.55848,35068.37187,0.498504275,5.216648766197443e6
2018-11-26T13:00:00.0,2018-11-26T19:00:00.0,19,31505.04344,1,27335.56619,34371.56928,0.579906904,3.754611850088477e6
2018-11-26T14:00:00.0,2018-11-26T20:00:00.0,20,32786.00499,1,26160.25977,35342.98366,0.739859182,7.346067552767158e6
2018-11-26T15:00:00.0,2018-11-26T21:00:00.0,21,31632.318,1,28293.8417,37985.80969,0.340972432,7.818082249814272e6
2018-11-26T16:00:00.0,2018-11-26T22:00:00.0,22,19648.68219,1,13452.98707,32625.60512,0.184268978,2.824880646232438e7
2018-11-26T17:00:00.0,2018-11-26T23:00:00.0,23,2623.163746,1,350.3868384,9599.218326,0.088335157,6.3336707145843655e6
2018-11-26T18:00:00.0,2018-11-27T00:00:00.0,0,0.0,1,0.0,0.0,0.01,0.12886473696786538
2018-11-26T19:00:00.0,2018-11-27T01:00:00.0,1,0.0,1,0.0,0.0,0.01,0.12886473696786538
2018-11-26T20:00:00.0,2018-11-27T02:00:00.0,2,0.0,1,0.0,0.0,0.01,0.12886473696786538
2018-11-26T21:00:00.0,2018-11-27T03:00:00.0,3,0.0,1,0.0,0.0,0.01,0.12886473696786538
2018-11-26T22:00:00.0,2018-11-27T04:00:00.0,4,0.0,1,0.0,0.0,0.01,0.12886473696786538
2018-11-26T23:00:00.0,2018-11-27T05:00:00.0,5,0.0,1,0.0,0.0,0.01,0.12886473696786538
2018-11-27T00:00:00.0,2018-11-27T06:00:00.0,6,0.0,1,0.0,0.0,0.01,0.12886473696786538
2018-11-27T01:00:00.0,2018-11-27T07:00:00.0,7,0.0,1,0.0,0.0,0.01,0.12886473696786538
2018-11-27T02:00:00.0,2018-11-27T08:00:00.0,8,0.0,1,0.0,0.0,0.01,0.12886473696786538
2018-11-27T03:00:00.0,2018-11-27T09:00:00.0,9,0.0,1,0.0,0.0,0.01,0.12886473696786538
2018-11-27T04:00:00.0,2018-11-27T10:00:00.0,10,0.0,1,0.0,0.0,0.01,0.12886473696786538
2018-11-27T05:00:00.0,2018-11-27T11:00:00.0,11,0.0,1,0.0,0.0,0.01,0.12886473696786538
2018-11-27T06:00:00.0,2018-11-27T12:00:00.0,12,0.0,1,0.0,0.0,0.01,0.12886473696786538
2018-11-27T07:00:00.0,2018-11-27T13:00:00.0,13,3338.984091,0,0.0,0.0,0.99,0.12886473696786538
2018-11-27T08:00:00.0,2018-11-27T14:00:00.0,14,20745.13083,0,17358.91071,20637.36433,1.0,521308.5244218111
2018-11-27T09:00:00.0,2018-11-27T15:00:00.0,15,32395.70622,1,28549.02422,37921.31175,0.546114116,7.224914525868416e6
2018-11-27T10:00:00.0,2018-11-27T16:00:00.0,16,32553.37443,1,31069.85241,33984.01061,0.403826273,731267.1650061607
2018-11-27T11:00:00.0,2018-11-27T17:00:00.0,17,30386.99573,1,29548.75203,31395.86654,0.302635499,253114.13665759563
2018-11-27T12:00:00.0,2018-11-27T18:00:00.0,18,29095.85484,1,28912.95756,33786.02088,0.13487542,1.809778362778306e6
2018-11-27T13:00:00.0,2018-11-27T19:00:00.0,19,29912.08141,1,28624.81451,32001.65244,0.530648858,918334.950786233
2018-11-27T14:00:00.0,2018-11-27T20:00:00.0,20,30888.9046,0,30952.25804,37092.5784,0.0,3.1597868546426296e6
2018-11-27T15:00:00.0,2018-11-27T21:00:00.0,21,29144.19929,0,30194.99748,34268.4892,0.0,1.3640251703374386e6
2018-11-27T16:00:00.0,2018-11-27T22:00:00.0,22,17268.28324,1,14896.27665,26673.40475,0.148348146,1.2539065843386114e7
2018-11-27T17:00:00.0,2018-11-27T23:00:00.0,23,2481.160992,1,287.2053803,8890.616826,0.190501669,7.049642537631609e6
2018-11-27T18:00:00.0,2018-11-28T00:00:00.0,0,0.0,1,0.0,0.0,0.01,0.12886473696786538
2018-11-27T19:00:00.0,2018-11-28T01:00:00.0,1,0.0,1,0.0,0.0,0.01,0.12886473696786538
2018-11-27T20:00:00.0,2018-11-28T02:00:00.0,2,0.0,1,0.0,0.0,0.01,0.12886473696786538
2018-11-27T21:00:00.0,2018-11-28T03:00:00.0,3,0.0,1,0.0,0.0,0.01,0.12886473696786538
2018-11-27T22:00:00.0,2018-11-28T04:00:00.0,4,0.0,1,0.0,0.0,0.01,0.12886473696786538
2018-11-27T23:00:00.0,2018-11-28T05:00:00.0,5,0.0,1,0.0,0.0,0.01,0.12886473696786538
2018-11-28T00:00:00.0,2018-11-28T06:00:00.0,6,0.0,1,0.0,0.0,0.01,0.12886473696786538
2018-11-28T01:00:00.0,2018-11-28T07:00:00.0,7,0.0,1,0.0,0.0,0.01,0.12886473696786538
2018-11-28T02:00:00.0,2018-11-28T08:00:00.0,8,0.0,1,0.0,0.0,0.01,0.12886473696786538
2018-11-28T03:00:00.0,2018-11-28T09:00:00.0,9,0.0,1,0.0,0.0,0.01,0.12886473696786538
2018-11-28T04:00:00.0,2018-11-28T10:00:00.0,10,0.0,1,0.0,0.0,0.01,0.12886473696786538
2018-11-28T05:00:00.0,2018-11-28T11:00:00.0,11,0.0,1,0.0,0.0,0.01,0.12886473696786538
2018-11-28T06:00:00.0,2018-11-28T12:00:00.0,12,0.0,1,0.0,0.0,0.01,0.12886473696786538
2018-11-28T07:00:00.0,2018-11-28T13:00:00.0,13,1870.855759,0,0.0,0.0,0.99,0.12886473696786538
2018-11-28T08:00:00.0,2018-11-28T14:00:00.0,14,15158.44353,0,15736.26164,18384.13717,0.0,483665.1325420737
2018-11-28T09:00:00.0,2018-11-28T15:00:00.0,15,26276.03545,1,23411.62785,28462.20331,0.794588438,1.8377473783968687e6
2018-11-28T10:00:00.0,2018-11-28T16:00:00.0,16,27747.36485,1,25523.03758,30940.25551,0.482474529,2.4979824416252375e6
2018-11-28T11:00:00.0,2018-11-28T17:00:00.0,17,26742.39159,1,23761.32871,29392.40237,0.49276662,2.5323756556079388e6
2018-11-28T12:00:00.0,2018-11-28T18:00:00.0,18,25969.56512,1,24906.8152,29880.58286,0.242960976,2.180797902879715e6
2018-11-28T13:00:00.0,2018-11-28T19:00:00.0,19,26159.69904,1,24689.11784,30977.05414,0.426704017,3.389892115665674e6
2018-11-28T14:00:00.0,2018-11-28T20:00:00.0,20,26612.65237,1,24731.93945,30158.03034,0.358558842,2.732095493762374e6
2018-11-28T15:00:00.0,2018-11-28T21:00:00.0,21,25228.8164,1,24093.03795,30228.53649,0.172456676,3.250931371961117e6
2018-11-28T16:00:00.0,2018-11-28T22:00:00.0,22,15902.1722,1,13714.89317,24849.60306,0.125059869,1.1409360624177575e7
2018-11-28T17:00:00.0,2018-11-28T23:00:00.0,23,2390.649965,1,198.0603021,7922.892035,0.099684501,4.053271181506224e6
2018-11-28T18:00:00.0,2018-11-29T00:00:00.0,0,0.0,1,0.0,0.0,0.01,0.12886473696786538
2018-11-28T19:00:00.0,2018-11-29T01:00:00.0,1,0.0,1,0.0,0.0,0.01,0.12886473696786538
2018-11-28T20:00:00.0,2018-11-29T02:00:00.0,2,0.0,1,0.0,0.0,0.01,0.12886473696786538
2018-11-28T21:00:00.0,2018-11-29T03:00:00.0,3,0.0,1,0.0,0.0,0.01,0.12886473696786538
2018-11-28T22:00:00.0,2018-11-29T04:00:00.0,4,0.0,1,0.0,0.0,0.01,0.12886473696786538
2018-11-28T23:00:00.0,2018-11-29T05:00:00.0,5,0.0,1,0.0,0.0,0.01,0.12886473696786538
2018-11-29T00:00:00.0,2018-11-29T06:00:00.0,6,0.0,1,0.0,0.0,0.01,0.12886473696786538
2018-11-29T01:00:00.0,2018-11-29T07:00:00.0,7,0.0,1,0.0,0.0,0.01,0.12886473696786538
2018-11-29T02:00:00.0,2018-11-29T08:00:00.0,8,0.0,1,0.0,0.0,0.01,0.12886473696786538
2018-11-29T03:00:00.0,2018-11-29T09:00:00.0,9,0.0,1,0.0,0.0,0.01,0.12886473696786538
2018-11-29T04:00:00.0,2018-11-29T10:00:00.0,10,0.0,1,0.0,0.0,0.01,0.12886473696786538
2018-11-29T05:00:00.0,2018-11-29T11:00:00.0,11,0.0,1,0.0,0.0,0.01,0.12886473696786538
2018-11-29T06:00:00.0,2018-11-29T12:00:00.0,12,0.0,1,0.0,0.0,0.01,0.12886473696786538
2018-11-29T07:00:00.0,2018-11-29T13:00:00.0,13,1678.189946,0,0.0,0.0,0.99,0.12886473696786538
2018-11-29T08:00:00.0,2018-11-29T14:00:00.0,14,13769.28957,1,10777.67766,19328.11817,0.627233071,4.892038849627405e6
2018-11-29T09:00:00.0,2018-11-29T15:00:00.0,15,25167.50536,1,20483.42378,28982.58756,0.74496108,5.975373587735176e6
2018-11-29T10:00:00.0,2018-11-29T16:00:00.0,16,26494.40105,1,19804.86049,31375.42321,0.548734786,9.497764619926095e6
2018-11-29T11:00:00.0,2018-11-29T17:00:00.0,17,24983.1754,1,21678.25199,30496.70997,0.401899528,6.784230532203436e6
2018-11-29T12:00:00.0,2018-11-29T18:00:00.0,18,24003.07407,1,21295.48375,28228.36164,0.466968875,4.077465232848525e6
2018-11-29T13:00:00.0,2018-11-29T19:00:00.0,19,24414.30888,1,20556.13658,31389.45041,0.41138986,1.1275247045552373e7
2018-11-29T14:00:00.0,2018-11-29T20:00:00.0,20,24833.01372,1,18234.75499,27637.54742,0.597234908,6.707258018311143e6
2018-11-29T15:00:00.0,2018-11-29T21:00:00.0,21,23686.41331,1,23025.35137,31786.31745,0.084754446,5.818986623658776e6
2018-11-29T16:00:00.0,2018-11-29T22:00:00.0,22,14820.19287,1,12036.35838,23801.13942,0.176823815,1.213348593144095e7
2018-11-29T17:00:00.0,2018-11-29T23:00:00.0,23,2109.546668,1,192.8659567,7783.126052,0.100042191,4.265567791273601e6
2018-11-29T18:00:00.0,2018-11-30T00:00:00.0,0,0.0,1,0.0,0.0,0.01,0.12886473696786538
2018-11-29T19:00:00.0,2018-11-30T01:00:00.0,1,0.0,1,0.0,0.0,0.01,0.12886473696786538
2018-11-29T20:00:00.0,2018-11-30T02:00:00.0,2,0.0,1,0.0,0.0,0.01,0.12886473696786538
2018-11-29T21:00:00.0,2018-11-30T03:00:00.0,3,0.0,1,0.0,0.0,0.01,0.12886473696786538
2018-11-29T22:00:00.0,2018-11-30T04:00:00.0,4,0.0,1,0.0,0.0,0.01,0.12886473696786538
2018-11-29T23:00:00.0,2018-11-30T05:00:00.0,5,0.0,1,0.0,0.0,0.01,0.12886473696786538
2018-11-30T00:00:00.0,2018-11-30T06:00:00.0,6,0.0,1,0.0,0.0,0.01,0.12886473696786538
2018-11-30T01:00:00.0,2018-11-30T07:00:00.0,7,0.0,1,0.0,0.0,0.01,0.12886473696786538
2018-11-30T02:00:00.0,2018-11-30T08:00:00.0,8,0.0,1,0.0,0.0,0.01,0.12886473696786538
2018-11-30T03:00:00.0,2018-11-30T09:00:00.0,9,0.0,1,0.0,0.0,0.01,0.12886473696786538
2018-11-30T04:00:00.0,2018-11-30T10:00:00.0,10,0.0,1,0.0,0.0,0.01,0.12886473696786538
2018-11-30T05:00:00.0,2018-11-30T11:00:00.0,11,0.0,1,0.0,0.0,0.01,0.12886473696786538
2018-11-30T06:00:00.0,2018-11-30T12:00:00.0,12,0.0,1,0.0,0.0,0.01,0.12886473696786538
2018-11-30T07:00:00.0,2018-11-30T13:00:00.0,13,1596.285227,0,0.0,0.0,0.99,0.12886473696786538
2018-11-30T08:00:00.0,2018-11-30T14:00:00.0,14,9227.885834,1,8125.015783,13105.7213,0.503223829,1.6628398581550717e6
2018-11-30T09:00:00.0,2018-11-30T15:00:00.0,15,15496.27999,1,10063.15792,20643.88207,0.665768264,8.869233210828573e6
2018-11-30T10:00:00.0,2018-11-30T16:00:00.0,16,17170.30328,1,12878.79013,21626.30176,0.512395341,7.770756196184039e6
2018-11-30T11:00:00.0,2018-11-30T17:00:00.0,17,19001.00586,1,13444.65604,21474.48002,0.681294741,6.530007329947531e6
2018-11-30T12:00:00.0,2018-11-30T18:00:00.0,18,20952.38351,1,17556.05092,27889.15219,0.370739027,7.629572230979443e6
2018-11-30T13:00:00.0,2018-11-30T19:00:00.0,19,21568.88947,1,17273.6141,23545.5218,0.625163714,3.1562745294187665e6
2018-11-30T14:00:00.0,2018-11-30T20:00:00.0,20,21742.46982,1,15910.03944,26027.23398,0.609142838,8.408465992936015e6
2018-11-30T15:00:00.0,2018-11-30T21:00:00.0,21,21156.07271,1,18481.36082,28496.26815,0.326362325,7.612369021948397e6
2018-11-30T16:00:00.0,2018-11-30T22:00:00.0,22,15602.14987,1,9952.873849,23411.84983,0.229448477,1.3833181259118676e7
2018-11-30T17:00:00.0,2018-11-30T23:00:00.0,23,2244.760293,1,694.5527796,8444.203251,0.08343197,4.35636580015412e6
2018-11-30T18:00:00.0,2018-12-01T00:00:00.0,0,0.0,1,0.0,0.0,0.01,0.12886473696786538
2018-11-30T19:00:00.0,2018-12-01T01:00:00.0,1,0.0,1,0.0,0.0,0.01,0.12886473696786538
2018-11-30T20:00:00.0,2018-12-01T02:00:00.0,2,0.0,1,0.0,0.0,0.01,0.12886473696786538
2018-11-30T21:00:00.0,2018-12-01T03:00:00.0,3,0.0,1,0.0,0.0,0.01,0.12886473696786538
2018-11-30T22:00:00.0,2018-12-01T04:00:00.0,4,0.0,1,0.0,0.0,0.01,0.12886473696786538
2018-11-30T23:00:00.0,2018-12-01T05:00:00.0,5,0.0,1,0.0,0.0,0.01,0.12886473696786538
2018-12-01T00:00:00.0,2018-12-01T06:00:00.0,6,0.0,1,0.0,0.0,0.01,0.12886473696786538
2018-12-01T01:00:00.0,2018-12-01T07:00:00.0,7,0.0,1,0.0,0.0,0.01,0.12886473696786538
2018-12-01T02:00:00.0,2018-12-01T08:00:00.0,8,0.0,1,0.0,0.0,0.01,0.12886473696786538
2018-12-01T03:00:00.0,2018-12-01T09:00:00.0,9,0.0,1,0.0,0.0,0.01,0.12886473696786538
2018-12-01T04:00:00.0,2018-12-01T10:00:00.0,10,0.0,1,0.0,0.0,0.01,0.12886473696786538
2018-12-01T05:00:00.0,2018-12-01T11:00:00.0,11,0.0,1,0.0,0.0,0.01,0.12886473696786538
2018-12-01T06:00:00.0,2018-12-01T12:00:00.0,12,0.0,1,0.0,0.0,0.01,0.12886473696786538
2018-12-01T07:00:00.0,2018-12-01T13:00:00.0,13,2416.47341,0,0.0,0.0,0.99,0.12886473696786538
2018-12-01T08:00:00.0,2018-12-01T14:00:00.0,14,17077.44104,1,16006.31446,20470.0688,0.540379258,1.100242805373907e6
2018-12-01T09:00:00.0,2018-12-01T15:00:00.0,15,29476.35435,1,25845.00601,30635.66168,0.867620137,1.869542303421855e6
2018-12-01T10:00:00.0,2018-12-01T16:00:00.0,16,32006.44154,1,27374.39889,32992.60589,0.708743755,2.939755234336853e6
2018-12-01T11:00:00.0,2018-12-01T17:00:00.0,17,30042.28376,1,24669.47255,31929.35269,0.612822557,4.4827673710900545e6
2018-12-01T12:00:00.0,2018-12-01T18:00:00.0,18,28851.91634,1,27001.42513,35073.48933,0.263323206,4.811276194563746e6
2018-12-01T13:00:00.0,2018-12-01T19:00:00.0,19,29617.57883,1,29411.39826,31782.38142,0.132790027,389586.9318435192
2018-12-01T14:00:00.0,2018-12-01T20:00:00.0,20,31082.7076,1,27366.93151,34780.61385,0.474450866,4.743289711365461e6
2018-12-01T15:00:00.0,2018-12-01T21:00:00.0,21,29863.30082,1,27844.18362,36696.24967,0.242655451,7.9768011913974285e6
2018-12-01T16:00:00.0,2018-12-01T22:00:00.0,22,18923.7896,1,16045.64418,31674.73878,0.138108626,2.156000675832951e7
2018-12-01T17:00:00.0,2018-12-01T23:00:00.0,23,2646.3532,1,234.1711193,10325.85832,0.137624196,8.41847734239278e6
2018-12-01T18:00:00.0,2018-12-02T00:00:00.0,0,0.0,1,0.0,0.0,0.01,0.12886473696786538
2018-12-01T19:00:00.0,2018-12-02T01:00:00.0,1,0.0,1,0.0,0.0,0.01,0.12886473696786538
2018-12-01T20:00:00.0,2018-12-02T02:00:00.0,2,0.0,1,0.0,0.0,0.01,0.12886473696786538
2018-12-01T21:00:00.0,2018-12-02T03:00:00.0,3,0.0,1,0.0,0.0,0.01,0.12886473696786538
2018-12-01T22:00:00.0,2018-12-02T04:00:00.0,4,0.0,1,0.0,0.0,0.01,0.12886473696786538
2018-12-01T23:00:00.0,2018-12-02T05:00:00.0,5,0.0,1,0.0,0.0,0.01,0.12886473696786538
2018-12-02T00:00:00.0,2018-12-02T06:00:00.0,6,0.0,1,0.0,0.0,0.01,0.12886473696786538
2018-12-02T01:00:00.0,2018-12-02T07:00:00.0,7,0.0,1,0.0,0.0,0.01,0.12886473696786538
2018-12-02T02:00:00.0,2018-12-02T08:00:00.0,8,0.0,1,0.0,0.0,0.01,0.12886473696786538
2018-12-02T03:00:00.0,2018-12-02T09:00:00.0,9,0.0,1,0.0,0.0,0.01,0.12886473696786538
2018-12-02T04:00:00.0,2018-12-02T10:00:00.0,10,0.0,1,0.0,0.0,0.01,0.12886473696786538
2018-12-02T05:00:00.0,2018-12-02T11:00:00.0,11,0.0,1,0.0,0.0,0.01,0.12886473696786538
2018-12-02T06:00:00.0,2018-12-02T12:00:00.0,12,0.0,1,0.0,0.0,0.01,0.12886473696786538
2018-12-02T07:00:00.0,2018-12-02T13:00:00.0,13,2514.277001,0,0.0,0.0,0.99,0.12886473696786538
2018-12-02T08:00:00.0,2018-12-02T14:00:00.0,14,16866.77322,0,17074.1414,19191.95287,0.0,356011.92633897066
2018-12-02T09:00:00.0,2018-12-02T15:00:00.0,15,27492.87559,1,22934.45412,34503.60435,0.559830541,1.2049805149672866e7
2018-12-02T10:00:00.0,2018-12-02T16:00:00.0,16,29345.31168,1,25859.84056,36459.13343,0.40616598,1.108350572604835e7
2018-12-02T11:00:00.0,2018-12-02T17:00:00.0,17,28469.53218,1,24931.51064,32267.1514,0.515196466,4.1916696016265154e6
2018-12-02T12:00:00.0,2018-12-02T18:00:00.0,18,27650.92502,1,26355.34431,34059.4172,0.235646315,4.936991951373577e6
2018-12-02T13:00:00.0,2018-12-02T19:00:00.0,19,27477.81724,1,23279.04537,31074.19681,0.541318373,4.872690273535609e6
2018-12-02T14:00:00.0,2018-12-02T20:00:00.0,20,27194.9512,1,23128.28809,34125.32847,0.39629967,8.864741095470667e6
2018-12-02T15:00:00.0,2018-12-02T21:00:00.0,21,24652.05466,1,20539.99906,33192.38156,0.313404774,1.2133166331377983e7
2018-12-02T16:00:00.0,2018-12-02T22:00:00.0,22,15447.86811,1,8936.087169,23062.65125,0.261667699,1.4235142092658877e7
2018-12-02T17:00:00.0,2018-12-02T23:00:00.0,23,2171.663132,1,126.0492256,7807.648689,0.166924728,5.594987751250818e6
2018-12-02T18:00:00.0,2018-12-03T00:00:00.0,0,0.0,1,0.0,0.0,0.01,0.12886473696786538
2018-12-02T19:00:00.0,2018-12-03T01:00:00.0,1,0.0,1,0.0,0.0,0.01,0.12886473696786538
2018-12-02T20:00:00.0,2018-12-03T02:00:00.0,2,0.0,1,0.0,0.0,0.01,0.12886473696786538
2018-12-02T21:00:00.0,2018-12-03T03:00:00.0,3,0.0,1,0.0,0.0,0.01,0.12886473696786538
2018-12-02T22:00:00.0,2018-12-03T04:00:00.0,4,0.0,1,0.0,0.0,0.01,0.12886473696786538
2018-12-02T23:00:00.0,2018-12-03T05:00:00.0,5,0.0,1,0.0,0.0,0.01,0.12886473696786538
2018-12-03T00:00:00.0,2018-12-03T06:00:00.0,6,0.0,1,0.0,0.0,0.01,0.12886473696786538
2018-12-03T01:00:00.0,2018-12-03T07:00:00.0,7,0.0,1,0.0,0.0,0.01,0.12886473696786538
2018-12-03T02:00:00.0,2018-12-03T08:00:00.0,8,0.0,1,0.0,0.0,0.01,0.12886473696786538
2018-12-03T03:00:00.0,2018-12-03T09:00:00.0,9,0.0,1,0.0,0.0,0.01,0.12886473696786538
2018-12-03T04:00:00.0,2018-12-03T10:00:00.0,10,0.0,1,0.0,0.0,0.01,0.12886473696786538
2018-12-03T05:00:00.0,2018-12-03T11:00:00.0,11,0.0,1,0.0,0.0,0.01,0.12886473696786538
2018-12-03T06:00:00.0,2018-12-03T12:00:00.0,12,0.0,1,0.0,0.0,0.01,0.12886473696786538
2018-12-03T07:00:00.0,2018-12-03T13:00:00.0,13,1680.299588,0,0.0,0.0,0.99,0.12886473696786538
2018-12-03T08:00:00.0,2018-12-03T14:00:00.0,14,12741.61873,0,14647.97759,17418.24813,0.0,233805.23661842942
2018-12-03T09:00:00.0,2018-12-03T15:00:00.0,15,22720.04148,0,23350.6999,31261.75928,0.0,3.9480630212066174e6
2018-12-03T10:00:00.0,2018-12-03T16:00:00.0,16,25892.66768,1,22931.43985,32056.30416,0.424170893,6.270061161610723e6
2018-12-03T11:00:00.0,2018-12-03T17:00:00.0,17,25904.90679,1,22302.336,30201.68162,0.486588476,6.444354970694423e6
2018-12-03T12:00:00.0,2018-12-03T18:00:00.0,18,25715.27505,1,23610.24515,30404.06551,0.34678574,3.808660809256315e6
2018-12-03T13:00:00.0,2018-12-03T19:00:00.0,19,26974.35622,1,24782.8332,29599.10456,0.508260044,2.1805443761672974e6
2018-12-03T14:00:00.0,2018-12-03T20:00:00.0,20,27863.50502,1,25713.45419,30181.15128,0.538674401,1.4431715820765495e6
2018-12-03T15:00:00.0,2018-12-03T21:00:00.0,21,26244.47642,1,24859.90909,34273.2004,0.221722337,6.853337077911258e6
2018-12-03T16:00:00.0,2018-12-03T22:00:00.0,22,17282.52657,1,13750.57406,25226.40573,0.222041952,1.1846481750778437e7
2018-12-03T17:00:00.0,2018-12-03T23:00:00.0,23,2500.278823,1,580.5673337,8321.778107,0.122975955,4.541974031381778e6
2018-12-03T18:00:00.0,2018-12-04T00:00:00.0,0,0.0,1,0.0,0.0,0.01,0.12886473696786538
2018-12-03T19:00:00.0,2018-12-04T01:00:00.0,1,0.0,1,0.0,0.0,0.01,0.12886473696786538
2018-12-03T20:00:00.0,2018-12-04T02:00:00.0,2,0.0,1,0.0,0.0,0.01,0.12886473696786538
2018-12-03T21:00:00.0,2018-12-04T03:00:00.0,3,0.0,1,0.0,0.0,0.01,0.12886473696786538
2018-12-03T22:00:00.0,2018-12-04T04:00:00.0,4,0.0,1,0.0,0.0,0.01,0.12886473696786538
2018-12-03T23:00:00.0,2018-12-04T05:00:00.0,5,0.0,1,0.0,0.0,0.01,0.12886473696786538
2018-12-04T00:00:00.0,2018-12-04T06:00:00.0,6,0.0,1,0.0,0.0,0.01,0.12886473696786538
2018-12-04T01:00:00.0,2018-12-04T07:00:00.0,7,0.0,1,0.0,0.0,0.01,0.12886473696786538
2018-12-04T02:00:00.0,2018-12-04T08:00:00.0,8,0.0,1,0.0,0.0,0.01,0.12886473696786538
2018-12-04T03:00:00.0,2018-12-04T09:00:00.0,9,0.0,1,0.0,0.0,0.01,0.12886473696786538
2018-12-04T04:00:00.0,2018-12-04T10:00:00.0,10,0.0,1,0.0,0.0,0.01,0.12886473696786538
2018-12-04T05:00:00.0,2018-12-04T11:00:00.0,11,0.0,1,0.0,0.0,0.01,0.12886473696786538
2018-12-04T06:00:00.0,2018-12-04T12:00:00.0,12,0.0,1,0.0,0.0,0.01,0.12886473696786538
2018-12-04T07:00:00.0,2018-12-04T13:00:00.0,13,2433.255598,0,0.0,0.0,0.99,0.12886473696786538
2018-12-04T08:00:00.0,2018-12-04T14:00:00.0,14,17747.0507,1,15903.74041,18873.39115,0.914403839,480264.7891780734
2018-12-04T09:00:00.0,2018-12-04T15:00:00.0,15,29013.55425,1,21450.92579,35200.37482,0.634363655,1.5153641392518282e7
2018-12-04T10:00:00.0,2018-12-04T16:00:00.0,16,30593.4408,1,28592.49902,32772.50953,0.519439116,1.6259552923594713e6
2018-12-04T11:00:00.0,2018-12-04T17:00:00.0,17,29409.81896,1,25486.31651,33600.77376,0.424393418,5.822777209185004e6
2018-12-04T12:00:00.0,2018-12-04T18:00:00.0,18,28521.26255,1,23377.04374,31299.80533,0.714008528,5.870542390939236e6
2018-12-04T13:00:00.0,2018-12-04T19:00:00.0,19,28938.65664,1,26228.57931,30580.88429,0.622478175,1.6988861688184738e6
2018-12-04T14:00:00.0,2018-12-04T20:00:00.0,20,29508.47317,1,22885.2722,34983.6301,0.420509852,1.2899361278709054e7
2018-12-04T15:00:00.0,2018-12-04T21:00:00.0,21,28033.17283,1,26007.2941,33021.27223,0.290662842,4.60298075746727e6
2018-12-04T16:00:00.0,2018-12-04T22:00:00.0,22,16585.55598,1,11857.18668,26516.23822,0.141237892,1.3381310052303731e7
2018-12-04T17:00:00.0,2018-12-04T23:00:00.0,23,2221.115722,1,393.7227108,7536.490864,0.066193682,3.151677608327765e6
2018-12-04T18:00:00.0,2018-12-05T00:00:00.0,0,0.0,1,0.0,0.0,0.01,0.12886473696786538
2018-12-04T19:00:00.0,2018-12-05T01:00:00.0,1,0.0,1,0.0,0.0,0.01,0.12886473696786538
2018-12-04T20:00:00.0,2018-12-05T02:00:00.0,2,0.0,1,0.0,0.0,0.01,0.12886473696786538
2018-12-04T21:00:00.0,2018-12-05T03:00:00.0,3,0.0,1,0.0,0.0,0.01,0.12886473696786538
2018-12-04T22:00:00.0,2018-12-05T04:00:00.0,4,0.0,1,0.0,0.0,0.01,0.12886473696786538
2018-12-04T23:00:00.0,2018-12-05T05:00:00.0,5,0.0,1,0.0,0.0,0.01,0.12886473696786538
2018-12-05T00:00:00.0,2018-12-05T06:00:00.0,6,0.0,1,0.0,0.0,0.01,0.12886473696786538
2018-12-05T01:00:00.0,2018-12-05T07:00:00.0,7,0.0,1,0.0,0.0,0.01,0.12886473696786538
2018-12-05T02:00:00.0,2018-12-05T08:00:00.0,8,0.0,1,0.0,0.0,0.01,0.12886473696786538
2018-12-05T03:00:00.0,2018-12-05T09:00:00.0,9,0.0,1,0.0,0.0,0.01,0.12886473696786538
2018-12-05T04:00:00.0,2018-12-05T10:00:00.0,10,0.0,1,0.0,0.0,0.01,0.12886473696786538
2018-12-05T05:00:00.0,2018-12-05T11:00:00.0,11,0.0,1,0.0,0.0,0.01,0.12886473696786538
2018-12-05T06:00:00.0,2018-12-05T12:00:00.0,12,0.0,1,0.0,0.0,0.01,0.12886473696786538
2018-12-05T07:00:00.0,2018-12-05T13:00:00.0,13,1690.143092,0,0.0,0.0,0.99,0.12886473696786538
2018-12-05T08:00:00.0,2018-12-05T14:00:00.0,14,13407.41101,1,13325.89442,15805.32018,0.113077166,372307.48852816224
2018-12-05T09:00:00.0,2018-12-05T15:00:00.0,15,23014.56084,1,22291.68072,27014.27282,0.440447106,1.076383425503254e6
2018-12-05T10:00:00.0,2018-12-05T16:00:00.0,16,23988.51838,0,24689.52036,29332.52778,0.0,1.8516079301575422e6
2018-12-05T11:00:00.0,2018-12-05T17:00:00.0,17,24176.62811,1,24050.48996,32050.44501,0.037745573,4.826616937113762e6
2018-12-05T12:00:00.0,2018-12-05T18:00:00.0,18,23426.66361,1,19065.5126,27268.29375,0.469564125,6.277269698224187e6
2018-12-05T13:00:00.0,2018-12-05T19:00:00.0,19,23062.13514,1,19014.87681,28834.33523,0.431797728,9.624470745746374e6
2018-12-05T14:00:00.0,2018-12-05T20:00:00.0,20,22040.99412,1,19412.52006,27203.28926,0.333324545,5.575713241894245e6
2018-12-05T15:00:00.0,2018-12-05T21:00:00.0,21,19217.007,1,15272.29051,24521.75094,0.341511572,7.823138916889131e6
2018-12-05T16:00:00.0,2018-12-05T22:00:00.0,22,9440.278343,1,6900.972471,16365.88278,0.178432096,8.07233665074411e6
2018-12-05T17:00:00.0,2018-12-05T23:00:00.0,23,919.9900073,1,234.3736724,3507.347871,0.141130195,944310.3879738767
2018-12-05T18:00:00.0,2018-12-06T00:00:00.0,0,0.0,1,0.0,0.0,0.01,0.12886473696786538
2018-12-05T19:00:00.0,2018-12-06T01:00:00.0,1,0.0,1,0.0,0.0,0.01,0.12886473696786538
2018-12-05T20:00:00.0,2018-12-06T02:00:00.0,2,0.0,1,0.0,0.0,0.01,0.12886473696786538
2018-12-05T21:00:00.0,2018-12-06T03:00:00.0,3,0.0,1,0.0,0.0,0.01,0.12886473696786538
2018-12-05T22:00:00.0,2018-12-06T04:00:00.0,4,0.0,1,0.0,0.0,0.01,0.12886473696786538
2018-12-05T23:00:00.0,2018-12-06T05:00:00.0,5,0.0,1,0.0,0.0,0.01,0.12886473696786538
2018-12-06T00:00:00.0,2018-12-06T06:00:00.0,6,0.0,1,0.0,0.0,0.01,0.12886473696786538
2018-12-06T01:00:00.0,2018-12-06T07:00:00.0,7,0.0,1,0.0,0.0,0.01,0.12886473696786538
2018-12-06T02:00:00.0,2018-12-06T08:00:00.0,8,0.0,1,0.0,0.0,0.01,0.12886473696786538
2018-12-06T03:00:00.0,2018-12-06T09:00:00.0,9,0.0,1,0.0,0.0,0.01,0.12886473696786538
2018-12-06T04:00:00.0,2018-12-06T10:00:00.0,10,0.0,1,0.0,0.0,0.01,0.12886473696786538
2018-12-06T05:00:00.0,2018-12-06T11:00:00.0,11,0.0,1,0.0,0.0,0.01,0.12886473696786538
2018-12-06T06:00:00.0,2018-12-06T12:00:00.0,12,0.0,1,0.0,0.0,0.01,0.12886473696786538
2018-12-06T07:00:00.0,2018-12-06T13:00:00.0,13,65.10989813,0,0.0,0.0,0.99,0.12886473696786538
2018-12-06T08:00:00.0,2018-12-06T14:00:00.0,14,1244.86458,0,3125.401819,6854.409064,0.0,573597.4481890276
2018-12-06T09:00:00.0,2018-12-06T15:00:00.0,15,4014.970755,0,6262.31149,9909.578641,0.0,1.021628584493354e6
2018-12-06T10:00:00.0,2018-12-06T16:00:00.0,16,6096.23156,0,8052.5655,14929.25848,0.0,2.9156059955386817e6
2018-12-06T11:00:00.0,2018-12-06T17:00:00.0,17,8118.33563,0,10473.6227,17593.08828,0.0,2.886121205819756e6
2018-12-06T12:00:00.0,2018-12-06T18:00:00.0,18,9952.846229,1,9499.250095,17167.85161,0.16899905,5.026417803270966e6
2018-12-06T13:00:00.0,2018-12-06T19:00:00.0,19,9968.354086,1,7996.953986,15839.64257,0.278661667,4.838929032384455e6
2018-12-06T14:00:00.0,2018-12-06T20:00:00.0,20,8350.476201,1,6238.342863,12501.96593,0.243021246,3.09503781033203e6
2018-12-06T15:00:00.0,2018-12-06T21:00:00.0,21,5970.187658,1,4131.954425,10743.57254,0.316443656,3.6692102166013494e6
2018-12-06T16:00:00.0,2018-12-06T22:00:00.0,22,3474.698519,1,1709.260294,5758.715485,0.193808903,1.2490296432266422e6
2018-12-06T17:00:00.0,2018-12-06T23:00:00.0,23,583.7938158,1,145.6091721,1911.07341,0.094085546,241095.9675224109
2018-12-06T18:00:00.0,2018-12-07T00:00:00.0,0,0.0,1,0.0,0.0,0.01,0.12886473696786538
2018-12-06T19:00:00.0,2018-12-07T01:00:00.0,1,0.0,1,0.0,0.0,0.01,0.12886473696786538
2018-12-06T20:00:00.0,2018-12-07T02:00:00.0,2,0.0,1,0.0,0.0,0.01,0.12886473696786538
2018-12-06T21:00:00.0,2018-12-07T03:00:00.0,3,0.0,1,0.0,0.0,0.01,0.12886473696786538
2018-12-06T22:00:00.0,2018-12-07T04:00:00.0,4,0.0,1,0.0,0.0,0.01,0.12886473696786538
2018-12-06T23:00:00.0,2018-12-07T05:00:00.0,5,0.0,1,0.0,0.0,0.01,0.12886473696786538
2018-12-07T00:00:00.0,2018-12-07T06:00:00.0,6,0.0,1,0.0,0.0,0.01,0.12886473696786538
2018-12-07T01:00:00.0,2018-12-07T07:00:00.0,7,0.0,1,0.0,0.0,0.01,0.12886473696786538
2018-12-07T02:00:00.0,2018-12-07T08:00:00.0,8,0.0,1,0.0,0.0,0.01,0.12886473696786538
2018-12-07T03:00:00.0,2018-12-07T09:00:00.0,9,0.0,1,0.0,0.0,0.01,0.12886473696786538
2018-12-07T04:00:00.0,2018-12-07T10:00:00.0,10,0.0,1,0.0,0.0,0.01,0.12886473696786538
2018-12-07T05:00:00.0,2018-12-07T11:00:00.0,11,0.0,1,0.0,0.0,0.01,0.12886473696786538
2018-12-07T06:00:00.0,2018-12-07T12:00:00.0,12,0.0,1,0.0,0.0,0.01,0.12886473696786538
2018-12-07T07:00:00.0,2018-12-07T13:00:00.0,13,224.9654371,0,0.0,0.0,0.99,0.12886473696786538
2018-12-07T08:00:00.0,2018-12-07T14:00:00.0,14,1720.818202,1,1191.825751,4390.763928,0.356202836,726240.8932404034
2018-12-07T09:00:00.0,2018-12-07T15:00:00.0,15,2362.86173,0,2596.550393,6114.431595,0.0,829305.8967638854
2018-12-07T10:00:00.0,2018-12-07T16:00:00.0,16,3412.118079,1,3244.359831,8213.034534,0.072728579,1.430170322067976e6
2018-12-07T11:00:00.0,2018-12-07T17:00:00.0,17,4038.065464,0,4154.60771,9008.603416,0.0,1.7884851302609444e6
2018-12-07T12:00:00.0,2018-12-07T18:00:00.0,18,4264.061146,0,4878.150022,8958.513143,0.0,1.133853549755551e6
2018-12-07T13:00:00.0,2018-12-07T19:00:00.0,19,3753.812858,0,4376.244184,8470.203583,0.0,1.1516542329826504e6
2018-12-07T14:00:00.0,2018-12-07T20:00:00.0,20,2436.007811,0,3075.589655,6316.65376,0.0,821329.2837381288
2018-12-07T15:00:00.0,2018-12-07T21:00:00.0,21,1712.023133,0,1900.913651,4075.021958,0.0,361223.2453822531
2018-12-07T16:00:00.0,2018-12-07T22:00:00.0,22,828.5338024,1,723.8692738,1684.957299,0.077001679,84798.67881661351
2018-12-07T17:00:00.0,2018-12-07T23:00:00.0,23,92.10196088,1,6.62993849,316.5665306,0.14455669,8204.171296083026
2018-12-07T18:00:00.0,2018-12-08T00:00:00.0,0,0.0,1,0.0,0.0,0.01,0.12886473696786538
2018-12-07T19:00:00.0,2018-12-08T01:00:00.0,1,0.0,1,0.0,0.0,0.01,0.12886473696786538
2018-12-07T20:00:00.0,2018-12-08T02:00:00.0,2,0.0,1,0.0,0.0,0.01,0.12886473696786538
2018-12-07T21:00:00.0,2018-12-08T03:00:00.0,3,0.0,1,0.0,0.0,0.01,0.12886473696786538
2018-12-07T22:00:00.0,2018-12-08T04:00:00.0,4,0.0,1,0.0,0.0,0.01,0.12886473696786538
2018-12-07T23:00:00.0,2018-12-08T05:00:00.0,5,0.0,1,0.0,0.0,0.01,0.12886473696786538
2018-12-08T00:00:00.0,2018-12-08T06:00:00.0,6,0.0,1,0.0,0.0,0.01,0.12886473696786538
2018-12-08T01:00:00.0,2018-12-08T07:00:00.0,7,0.0,1,0.0,0.0,0.01,0.12886473696786538
2018-12-08T02:00:00.0,2018-12-08T08:00:00.0,8,0.0,1,0.0,0.0,0.01,0.12886473696786538
2018-12-08T03:00:00.0,2018-12-08T09:00:00.0,9,0.0,1,0.0,0.0,0.01,0.12886473696786538
2018-12-08T04:00:00.0,2018-12-08T10:00:00.0,10,0.0,1,0.0,0.0,0.01,0.12886473696786538
2018-12-08T05:00:00.0,2018-12-08T11:00:00.0,11,0.0,1,0.0,0.0,0.01,0.12886473696786538
2018-12-08T06:00:00.0,2018-12-08T12:00:00.0,12,0.0,1,0.0,0.0,0.01,0.12886473696786538
2018-12-08T07:00:00.0,2018-12-08T13:00:00.0,13,268.185435,0,0.0,0.0,0.99,0.12886473696786538
2018-12-08T08:00:00.0,2018-12-08T14:00:00.0,14,3514.758134,0,1066.346735,2949.989196,1.0,278920.64593665116
2018-12-08T09:00:00.0,2018-12-08T15:00:00.0,15,3048.241693,1,2370.079583,6938.912637,0.173423707,1.7738368306643292e6
2018-12-08T10:00:00.0,2018-12-08T16:00:00.0,16,5229.190247,1,3438.345364,8737.94146,0.493832327,2.55995334733041e6
2018-12-08T11:00:00.0,2018-12-08T17:00:00.0,17,7365.064159,1,4014.185023,11997.37769,0.44569275,5.41814702923993e6
2018-12-08T12:00:00.0,2018-12-08T18:00:00.0,18,9154.191798,1,6629.865616,15572.19482,0.320250364,6.675937150302246e6
2018-12-08T13:00:00.0,2018-12-08T19:00:00.0,19,8803.040019,1,4834.484392,14937.7562,0.466527037,9.00486215494293e6
2018-12-08T14:00:00.0,2018-12-08T20:00:00.0,20,8276.68157,1,4764.560997,13322.15258,0.378139354,6.313610378027469e6
2018-12-08T15:00:00.0,2018-12-08T21:00:00.0,21,7224.40646,1,6932.707737,19241.31673,0.042402409,1.2629632355067238e7
2018-12-08T16:00:00.0,2018-12-08T22:00:00.0,22,10147.55676,0,2603.754013,9304.867162,1.0,4.138625395509064e6
2018-12-08T17:00:00.0,2018-12-08T23:00:00.0,23,2019.150252,1,215.3011615,7229.509794,0.143463653,4.102177216553077e6
2018-12-08T18:00:00.0,2018-12-09T00:00:00.0,0,0.0,1,0.0,0.0,0.01,0.12886473696786538
2018-12-08T19:00:00.0,2018-12-09T01:00:00.0,1,0.0,1,0.0,0.0,0.01,0.12886473696786538
2018-12-08T20:00:00.0,2018-12-09T02:00:00.0,2,0.0,1,0.0,0.0,0.01,0.12886473696786538
2018-12-08T21:00:00.0,2018-12-09T03:00:00.0,3,0.0,1,0.0,0.0,0.01,0.12886473696786538
2018-12-08T22:00:00.0,2018-12-09T04:00:00.0,4,0.0,1,0.0,0.0,0.01,0.12886473696786538
2018-12-08T23:00:00.0,2018-12-09T05:00:00.0,5,0.0,1,0.0,0.0,0.01,0.12886473696786538
2018-12-09T00:00:00.0,2018-12-09T06:00:00.0,6,0.0,1,0.0,0.0,0.01,0.12886473696786538
2018-12-09T01:00:00.0,2018-12-09T07:00:00.0,7,0.0,1,0.0,0.0,0.01,0.12886473696786538
2018-12-09T02:00:00.0,2018-12-09T08:00:00.0,8,0.0,1,0.0,0.0,0.01,0.12886473696786538
2018-12-09T03:00:00.0,2018-12-09T09:00:00.0,9,0.0,1,0.0,0.0,0.01,0.12886473696786538
2018-12-09T04:00:00.0,2018-12-09T10:00:00.0,10,0.0,1,0.0,0.0,0.01,0.12886473696786538
2018-12-09T05:00:00.0,2018-12-09T11:00:00.0,11,0.0,1,0.0,0.0,0.01,0.12886473696786538
2018-12-09T06:00:00.0,2018-12-09T12:00:00.0,12,0.0,1,0.0,0.0,0.01,0.12886473696786538
2018-12-09T07:00:00.0,2018-12-09T13:00:00.0,13,951.470611,0,0.0,0.0,0.99,0.12886473696786538
2018-12-09T08:00:00.0,2018-12-09T14:00:00.0,14,11333.21917,1,9450.240597,14932.36543,0.713325689,2.007205488940373e6
2018-12-09T09:00:00.0,2018-12-09T15:00:00.0,15,22969.32311,1,18215.17029,31969.47467,0.5632807,1.4600220303530753e7
2018-12-09T10:00:00.0,2018-12-09T16:00:00.0,16,25704.97449,1,19384.70772,32885.5103,0.431806061,1.5038945808210492e7
2018-12-09T11:00:00.0,2018-12-09T17:00:00.0,17,24824.93933,1,19834.97013,28896.02153,0.59746756,7.405439532738566e6
2018-12-09T12:00:00.0,2018-12-09T18:00:00.0,18,24503.8537,1,21059.45329,29107.5034,0.527619111,6.525325436257958e6
2018-12-09T13:00:00.0,2018-12-09T19:00:00.0,19,25420.07282,1,19778.44443,34002.11203,0.388732208,1.4504753844992995e7
2018-12-09T14:00:00.0,2018-12-09T20:00:00.0,20,27032.3703,1,22359.34212,31857.90333,0.560164232,7.084589920217276e6
2018-12-09T15:00:00.0,2018-12-09T21:00:00.0,21,26254.19788,1,21285.43608,35789.19583,0.282315029,1.445155259335947e7
2018-12-09T16:00:00.0,2018-12-09T22:00:00.0,22,16346.80286,1,12973.61639,26118.9792,0.117781898,1.3214363428700924e7
2018-12-09T17:00:00.0,2018-12-09T23:00:00.0,23,2333.296463,1,436.1348315,7413.694564,0.086512319,3.078261028625563e6
2018-12-09T18:00:00.0,2018-12-10T00:00:00.0,0,0.0,1,0.0,0.0,0.01,0.12886473696786538
2018-12-09T19:00:00.0,2018-12-10T01:00:00.0,1,0.0,1,0.0,0.0,0.01,0.12886473696786538
2018-12-09T20:00:00.0,2018-12-10T02:00:00.0,2,0.0,1,0.0,0.0,0.01,0.12886473696786538
2018-12-09T21:00:00.0,2018-12-10T03:00:00.0,3,0.0,1,0.0,0.0,0.01,0.12886473696786538
2018-12-09T22:00:00.0,2018-12-10T04:00:00.0,4,0.0,1,0.0,0.0,0.01,0.12886473696786538
2018-12-09T23:00:00.0,2018-12-10T05:00:00.0,5,0.0,1,0.0,0.0,0.01,0.12886473696786538
2018-12-10T00:00:00.0,2018-12-10T06:00:00.0,6,0.0,1,0.0,0.0,0.01,0.12886473696786538
2018-12-10T01:00:00.0,2018-12-10T07:00:00.0,7,0.0,1,0.0,0.0,0.01,0.12886473696786538
2018-12-10T02:00:00.0,2018-12-10T08:00:00.0,8,0.0,1,0.0,0.0,0.01,0.12886473696786538
2018-12-10T03:00:00.0,2018-12-10T09:00:00.0,9,0.0,1,0.0,0.0,0.01,0.12886473696786538
2018-12-10T04:00:00.0,2018-12-10T10:00:00.0,10,0.0,1,0.0,0.0,0.01,0.12886473696786538
2018-12-10T05:00:00.0,2018-12-10T11:00:00.0,11,0.0,1,0.0,0.0,0.01,0.12886473696786538
2018-12-10T06:00:00.0,2018-12-10T12:00:00.0,12,0.0,1,0.0,0.0,0.01,0.12886473696786538
2018-12-10T07:00:00.0,2018-12-10T13:00:00.0,13,1772.826285,0,0.0,0.0,0.99,0.12886473696786538
2018-12-10T08:00:00.0,2018-12-10T14:00:00.0,14,17214.33737,1,15354.53982,17951.70471,0.985470117,110014.18984684348
2018-12-10T09:00:00.0,2018-12-10T15:00:00.0,15,28545.39152,1,24651.43524,34695.12937,0.486510304,8.233109760657549e6
2018-12-10T10:00:00.0,2018-12-10T16:00:00.0,16,29225.3916,1,28308.35582,31876.34773,0.208739868,1.1903060855356455e6
2018-12-10T11:00:00.0,2018-12-10T17:00:00.0,17,27741.51905,0,28237.14695,32087.80827,0.0,1.0085593361393213e6
2018-12-10T12:00:00.0,2018-12-10T18:00:00.0,18,26940.64033,1,24396.59788,34697.76718,0.264770679,8.0579646703567505e6
2018-12-10T13:00:00.0,2018-12-10T19:00:00.0,19,27473.329,0,28516.62404,34514.47431,0.0,2.3764869738122225e6
2018-12-10T14:00:00.0,2018-12-10T20:00:00.0,20,28847.55914,1,27708.0797,35881.71748,0.242967315,5.23595790093267e6
2018-12-10T15:00:00.0,2018-12-10T21:00:00.0,21,28057.34687,1,25344.81968,37262.3893,0.270928965,1.2822342450236678e7
2018-12-10T16:00:00.0,2018-12-10T22:00:00.0,22,16834.21147,1,16032.83583,27672.42353,0.036782608,1.2016325220391631e7
2018-12-10T17:00:00.0,2018-12-10T23:00:00.0,23,2035.943914,1,152.2438295,6823.156827,0.117651764,3.5780132887136526e6
2018-12-10T18:00:00.0,2018-12-11T00:00:00.0,0,0.0,1,0.0,0.0,0.01,0.12886473696786538
2018-12-10T19:00:00.0,2018-12-11T01:00:00.0,1,0.0,1,0.0,0.0,0.01,0.12886473696786538
2018-12-10T20:00:00.0,2018-12-11T02:00:00.0,2,0.0,1,0.0,0.0,0.01,0.12886473696786538
2018-12-10T21:00:00.0,2018-12-11T03:00:00.0,3,0.0,1,0.0,0.0,0.01,0.12886473696786538
2018-12-10T22:00:00.0,2018-12-11T04:00:00.0,4,0.0,1,0.0,0.0,0.01,0.12886473696786538
2018-12-10T23:00:00.0,2018-12-11T05:00:00.0,5,0.0,1,0.0,0.0,0.01,0.12886473696786538
2018-12-11T00:00:00.0,2018-12-11T06:00:00.0,6,0.0,1,0.0,0.0,0.01,0.12886473696786538
2018-12-11T01:00:00.0,2018-12-11T07:00:00.0,7,0.0,1,0.0,0.0,0.01,0.12886473696786538
2018-12-11T02:00:00.0,2018-12-11T08:00:00.0,8,0.0,1,0.0,0.0,0.01,0.12886473696786538
2018-12-11T03:00:00.0,2018-12-11T09:00:00.0,9,0.0,1,0.0,0.0,0.01,0.12886473696786538
2018-12-11T04:00:00.0,2018-12-11T10:00:00.0,10,0.0,1,0.0,0.0,0.01,0.12886473696786538
2018-12-11T05:00:00.0,2018-12-11T11:00:00.0,11,0.0,1,0.0,0.0,0.01,0.12886473696786538
2018-12-11T06:00:00.0,2018-12-11T12:00:00.0,12,0.0,1,0.0,0.0,0.01,0.12886473696786538
2018-12-11T07:00:00.0,2018-12-11T13:00:00.0,13,1246.788493,0,0.0,0.0,0.99,0.12886473696786538
2018-12-11T08:00:00.0,2018-12-11T14:00:00.0,14,10488.2118,0,11111.15156,18281.3711,0.0,2.974409903826833e6
2018-12-11T09:00:00.0,2018-12-11T15:00:00.0,15,18332.48667,1,16934.33227,25334.28397,0.300157021,4.943489435321808e6
2018-12-11T10:00:00.0,2018-12-11T16:00:00.0,16,21118.96999,1,19669.84315,31534.67461,0.200751776,1.1574503117409945e7
2018-12-11T11:00:00.0,2018-12-11T17:00:00.0,17,22493.50314,1,20281.02681,31728.27319,0.240444057,1.1106182274475813e7
2018-12-11T12:00:00.0,2018-12-11T18:00:00.0,18,21716.47774,1,20044.92346,27175.9864,0.267209015,4.447031008539319e6
2018-12-11T13:00:00.0,2018-12-11T19:00:00.0,19,21007.68036,1,20113.6959,26699.30117,0.174286758,3.3568608183553815e6
2018-12-11T14:00:00.0,2018-12-11T20:00:00.0,20,19374.75174,1,18398.48826,29728.55771,0.110385446,1.0708222935895443e7
2018-12-11T15:00:00.0,2018-12-11T21:00:00.0,21,15496.93822,1,13330.76157,24571.74891,0.204341853,1.2030013073460996e7
2018-12-11T16:00:00.0,2018-12-11T22:00:00.0,22,6900.814942,1,6027.415234,12161.6282,0.134416196,3.658248146776125e6
2018-12-11T17:00:00.0,2018-12-11T23:00:00.0,23,756.4428862,1,218.5169054,3069.762327,0.078764532,577266.6395570086
2018-12-11T18:00:00.0,2018-12-12T00:00:00.0,0,0.0,1,0.0,0.0,0.01,0.12886473696786538
2018-12-11T19:00:00.0,2018-12-12T01:00:00.0,1,0.0,1,0.0,0.0,0.01,0.12886473696786538
2018-12-11T20:00:00.0,2018-12-12T02:00:00.0,2,0.0,1,0.0,0.0,0.01,0.12886473696786538
2018-12-11T21:00:00.0,2018-12-12T03:00:00.0,3,0.0,1,0.0,0.0,0.01,0.12886473696786538
2018-12-11T22:00:00.0,2018-12-12T04:00:00.0,4,0.0,1,0.0,0.0,0.01,0.12886473696786538
2018-12-11T23:00:00.0,2018-12-12T05:00:00.0,5,0.0,1,0.0,0.0,0.01,0.12886473696786538
2018-12-12T00:00:00.0,2018-12-12T06:00:00.0,6,0.0,1,0.0,0.0,0.01,0.12886473696786538
2018-12-12T01:00:00.0,2018-12-12T07:00:00.0,7,0.0,1,0.0,0.0,0.01,0.12886473696786538
2018-12-12T02:00:00.0,2018-12-12T08:00:00.0,8,0.0,1,0.0,0.0,0.01,0.12886473696786538
2018-12-12T03:00:00.0,2018-12-12T09:00:00.0,9,0.0,1,0.0,0.0,0.01,0.12886473696786538
2018-12-12T04:00:00.0,2018-12-12T10:00:00.0,10,0.0,1,0.0,0.0,0.01,0.12886473696786538
2018-12-12T05:00:00.0,2018-12-12T11:00:00.0,11,0.0,1,0.0,0.0,0.01,0.12886473696786538
2018-12-12T06:00:00.0,2018-12-12T12:00:00.0,12,0.0,1,0.0,0.0,0.01,0.12886473696786538
2018-12-12T07:00:00.0,2018-12-12T13:00:00.0,13,154.6267942,0,0.0,0.0,0.99,0.12886473696786538
2018-12-12T08:00:00.0,2018-12-12T14:00:00.0,14,2799.68944,0,4324.798589,7103.233185,0.0,468940.2716020569
2018-12-12T09:00:00.0,2018-12-12T15:00:00.0,15,7100.408301,0,7367.669534,15640.48399,0.0,3.6883375864353925e6
2018-12-12T10:00:00.0,2018-12-12T16:00:00.0,16,11388.95807,1,10065.01982,18165.32553,0.278090568,4.772165489337325e6
2018-12-12T11:00:00.0,2018-12-12T17:00:00.0,17,14370.27081,1,11780.46334,20785.3299,0.474155289,6.136739441460282e6
2018-12-12T12:00:00.0,2018-12-12T18:00:00.0,18,14538.27021,1,14436.0459,20238.12337,0.098622101,2.330009736320585e6
2018-12-12T13:00:00.0,2018-12-12T19:00:00.0,19,14536.65665,1,12478.75474,22685.84398,0.181478443,7.795160668942571e6
2018-12-12T14:00:00.0,2018-12-12T20:00:00.0,20,13260.27639,1,12862.242,19042.3898,0.139119314,3.174703662433088e6
2018-12-12T15:00:00.0,2018-12-12T21:00:00.0,21,12872.56905,1,9369.604112,22488.34293,0.295639502,1.5554012239530563e7
2018-12-12T16:00:00.0,2018-12-12T22:00:00.0,22,7267.31597,1,4870.565271,12926.18189,0.174927603,4.7131421663573235e6
2018-12-12T17:00:00.0,2018-12-12T23:00:00.0,23,1341.547343,1,64.73458831,3804.487605,0.262955696,1.3613641480641253e6
2018-12-12T18:00:00.0,2018-12-13T00:00:00.0,0,0.0,1,0.0,0.0,0.01,0.12886473696786538
2018-12-12T19:00:00.0,2018-12-13T01:00:00.0,1,0.0,1,0.0,0.0,0.01,0.12886473696786538
2018-12-12T20:00:00.0,2018-12-13T02:00:00.0,2,0.0,1,0.0,0.0,0.01,0.12886473696786538
2018-12-12T21:00:00.0,2018-12-13T03:00:00.0,3,0.0,1,0.0,0.0,0.01,0.12886473696786538
2018-12-12T22:00:00.0,2018-12-13T04:00:00.0,4,0.0,1,0.0,0.0,0.01,0.12886473696786538
2018-12-12T23:00:00.0,2018-12-13T05:00:00.0,5,0.0,1,0.0,0.0,0.01,0.12886473696786538
2018-12-13T00:00:00.0,2018-12-13T06:00:00.0,6,0.0,1,0.0,0.0,0.01,0.12886473696786538
2018-12-13T01:00:00.0,2018-12-13T07:00:00.0,7,0.0,1,0.0,0.0,0.01,0.12886473696786538
2018-12-13T02:00:00.0,2018-12-13T08:00:00.0,8,0.0,1,0.0,0.0,0.01,0.12886473696786538
2018-12-13T03:00:00.0,2018-12-13T09:00:00.0,9,0.0,1,0.0,0.0,0.01,0.12886473696786538
2018-12-13T04:00:00.0,2018-12-13T10:00:00.0,10,0.0,1,0.0,0.0,0.01,0.12886473696786538
2018-12-13T05:00:00.0,2018-12-13T11:00:00.0,11,0.0,1,0.0,0.0,0.01,0.12886473696786538
2018-12-13T06:00:00.0,2018-12-13T12:00:00.0,12,0.0,1,0.0,0.0,0.01,0.12886473696786538
2018-12-13T07:00:00.0,2018-12-13T13:00:00.0,13,739.830175,0,0.0,0.0,0.99,0.12886473696786538
2018-12-13T08:00:00.0,2018-12-13T14:00:00.0,14,7561.542552,0,7856.450497,11850.78033,0.0,532046.3119781017
2018-12-13T09:00:00.0,2018-12-13T15:00:00.0,15,12036.11239,1,11521.1204,19766.07266,0.138899441,4.928320987825692e6
2018-12-13T10:00:00.0,2018-12-13T16:00:00.0,16,12141.19854,0,14237.38448,27066.68245,0.0,1.109559661834246e7
2018-12-13T11:00:00.0,2018-12-13T17:00:00.0,17,12265.97804,0,13947.55724,23021.64227,0.0,5.373438553548038e6
2018-12-13T12:00:00.0,2018-12-13T18:00:00.0,18,13206.00237,1,12943.57256,19876.82838,0.121474228,4.1178674226202667e6
2018-12-13T13:00:00.0,2018-12-13T19:00:00.0,19,15152.44169,1,12935.25474,22443.24953,0.338417918,6.53401458746022e6
2018-12-13T14:00:00.0,2018-12-13T20:00:00.0,20,16105.36972,1,11720.36469,20567.89348,0.425949585,6.895815637106955e6
2018-12-13T15:00:00.0,2018-12-13T21:00:00.0,21,17109.58357,1,11416.98509,23436.34095,0.517586838,1.369865473637563e7
2018-12-13T16:00:00.0,2018-12-13T22:00:00.0,22,11153.6125,1,6089.147364,17283.93365,0.263891246,8.405994371349871e6
2018-12-13T17:00:00.0,2018-12-13T23:00:00.0,23,1763.090742,1,147.0439572,5570.905014,0.121606398,1.7391371083930116e6
2018-12-13T18:00:00.0,2018-12-14T00:00:00.0,0,0.0,1,0.0,0.0,0.01,0.12886473696786538
2018-12-13T19:00:00.0,2018-12-14T01:00:00.0,1,0.0,1,0.0,0.0,0.01,0.12886473696786538
2018-12-13T20:00:00.0,2018-12-14T02:00:00.0,2,0.0,1,0.0,0.0,0.01,0.12886473696786538
2018-12-13T21:00:00.0,2018-12-14T03:00:00.0,3,0.0,1,0.0,0.0,0.01,0.12886473696786538
2018-12-13T22:00:00.0,2018-12-14T04:00:00.0,4,0.0,1,0.0,0.0,0.01,0.12886473696786538
2018-12-13T23:00:00.0,2018-12-14T05:00:00.0,5,0.0,1,0.0,0.0,0.01,0.12886473696786538
2018-12-14T00:00:00.0,2018-12-14T06:00:00.0,6,0.0,1,0.0,0.0,0.01,0.12886473696786538
2018-12-14T01:00:00.0,2018-12-14T07:00:00.0,7,0.0,1,0.0,0.0,0.01,0.12886473696786538
2018-12-14T02:00:00.0,2018-12-14T08:00:00.0,8,0.0,1,0.0,0.0,0.01,0.12886473696786538
2018-12-14T03:00:00.0,2018-12-14T09:00:00.0,9,0.0,1,0.0,0.0,0.01,0.12886473696786538
2018-12-14T04:00:00.0,2018-12-14T10:00:00.0,10,0.0,1,0.0,0.0,0.01,0.12886473696786538
2018-12-14T05:00:00.0,2018-12-14T11:00:00.0,11,0.0,1,0.0,0.0,0.01,0.12886473696786538
2018-12-14T06:00:00.0,2018-12-14T12:00:00.0,12,0.0,1,0.0,0.0,0.01,0.12886473696786538
2018-12-14T07:00:00.0,2018-12-14T13:00:00.0,13,667.9547752,0,0.0,0.0,0.99,0.12886473696786538
2018-12-14T08:00:00.0,2018-12-14T14:00:00.0,14,10461.26565,1,6654.377361,11539.19761,0.929413588,1.5284141159688234e6
2018-12-14T09:00:00.0,2018-12-14T15:00:00.0,15,21765.66515,1,15441.79912,25726.9759,0.781415979,7.41530253772676e6
2018-12-14T10:00:00.0,2018-12-14T16:00:00.0,16,23409.35179,1,17829.11979,29502.45509,0.426149075,1.3009709870779991e7
2018-12-14T11:00:00.0,2018-12-14T17:00:00.0,17,22588.77418,1,18715.21692,25285.77609,0.543369252,3.6234369277123213e6
2018-12-14T12:00:00.0,2018-12-14T18:00:00.0,18,21652.27453,1,17739.54085,25876.54704,0.483039761,5.813538212012172e6
2018-12-14T13:00:00.0,2018-12-14T19:00:00.0,19,21657.49524,1,20326.73366,29889.38213,0.204828975,7.409468408574462e6
2018-12-14T14:00:00.0,2018-12-14T20:00:00.0,20,23211.22152,1,20828.21137,26975.42441,0.580174132,3.4819858168799877e6
2018-12-14T15:00:00.0,2018-12-14T21:00:00.0,21,22309.80847,1,19096.42131,28787.05408,0.407526037,8.551290478978872e6
2018-12-14T16:00:00.0,2018-12-14T22:00:00.0,22,16358.7322,1,12060.24614,22050.8067,0.194290069,8.860021925783217e6
2018-12-14T17:00:00.0,2018-12-14T23:00:00.0,23,2931.195759,1,183.4895085,8700.582661,0.154284859,5.359043718780175e6
2018-12-14T18:00:00.0,2018-12-15T00:00:00.0,0,0.0,1,0.0,0.0,0.01,0.12886473696786538
2018-12-14T19:00:00.0,2018-12-15T01:00:00.0,1,0.0,1,0.0,0.0,0.01,0.12886473696786538
2018-12-14T20:00:00.0,2018-12-15T02:00:00.0,2,0.0,1,0.0,0.0,0.01,0.12886473696786538
2018-12-14T21:00:00.0,2018-12-15T03:00:00.0,3,0.0,1,0.0,0.0,0.01,0.12886473696786538
2018-12-14T22:00:00.0,2018-12-15T04:00:00.0,4,0.0,1,0.0,0.0,0.01,0.12886473696786538
2018-12-14T23:00:00.0,2018-12-15T05:00:00.0,5,0.0,1,0.0,0.0,0.01,0.12886473696786538
2018-12-15T00:00:00.0,2018-12-15T06:00:00.0,6,0.0,1,0.0,0.0,0.01,0.12886473696786538
2018-12-15T01:00:00.0,2018-12-15T07:00:00.0,7,0.0,1,0.0,0.0,0.01,0.12886473696786538
2018-12-15T02:00:00.0,2018-12-15T08:00:00.0,8,0.0,1,0.0,0.0,0.01,0.12886473696786538
2018-12-15T03:00:00.0,2018-12-15T09:00:00.0,9,0.0,1,0.0,0.0,0.01,0.12886473696786538
2018-12-15T04:00:00.0,2018-12-15T10:00:00.0,10,0.0,1,0.0,0.0,0.01,0.12886473696786538
2018-12-15T05:00:00.0,2018-12-15T11:00:00.0,11,0.0,1,0.0,0.0,0.01,0.12886473696786538
2018-12-15T06:00:00.0,2018-12-15T12:00:00.0,12,0.0,1,0.0,0.0,0.01,0.12886473696786538
2018-12-15T07:00:00.0,2018-12-15T13:00:00.0,13,1488.745509,0,0.0,0.0,0.99,0.12886473696786538
2018-12-15T08:00:00.0,2018-12-15T14:00:00.0,14,16550.35903,0,13098.47259,16456.91636,1.0,405532.72507718205
2018-12-15T09:00:00.0,2018-12-15T15:00:00.0,15,31343.62549,1,22402.39805,31929.29547,0.92813892,8.052186758522749e6
2018-12-15T10:00:00.0,2018-12-15T16:00:00.0,16,32206.68651,1,25860.23114,35681.12422,0.562397939,9.247349920169115e6
2018-12-15T11:00:00.0,2018-12-15T17:00:00.0,17,30257.72952,1,27445.69008,31233.11934,0.536254049,1.0122628857038021e6
2018-12-15T12:00:00.0,2018-12-15T18:00:00.0,18,29009.21034,1,27586.41911,31159.22899,0.374445337,1.2479488515917063e6
2018-12-15T13:00:00.0,2018-12-15T19:00:00.0,19,29599.55537,1,26663.8498,33207.91452,0.526916591,3.5977969214485884e6
2018-12-15T14:00:00.0,2018-12-15T20:00:00.0,20,30923.55433,1,28652.10516,37149.42073,0.331676105,6.7387614791247845e6
2018-12-15T15:00:00.0,2018-12-15T21:00:00.0,21,29618.46588,1,24830.67151,31509.61542,0.491365881,2.3892679197428226e6
2018-12-15T16:00:00.0,2018-12-15T22:00:00.0,22,17881.7075,1,14871.38733,28777.37646,0.102591547,1.4383848694016218e7
2018-12-15T17:00:00.0,2018-12-15T23:00:00.0,23,2518.883652,1,204.1314992,9274.952763,0.191719123,7.377232356130861e6
2018-12-15T18:00:00.0,2018-12-16T00:00:00.0,0,0.0,1,0.0,0.0,0.01,0.12886473696786538
2018-12-15T19:00:00.0,2018-12-16T01:00:00.0,1,0.0,1,0.0,0.0,0.01,0.12886473696786538
2018-12-15T20:00:00.0,2018-12-16T02:00:00.0,2,0.0,1,0.0,0.0,0.01,0.12886473696786538
2018-12-15T21:00:00.0,2018-12-16T03:00:00.0,3,0.0,1,0.0,0.0,0.01,0.12886473696786538
2018-12-15T22:00:00.0,2018-12-16T04:00:00.0,4,0.0,1,0.0,0.0,0.01,0.12886473696786538
2018-12-15T23:00:00.0,2018-12-16T05:00:00.0,5,0.0,1,0.0,0.0,0.01,0.12886473696786538
2018-12-16T00:00:00.0,2018-12-16T06:00:00.0,6,0.0,1,0.0,0.0,0.01,0.12886473696786538
2018-12-16T01:00:00.0,2018-12-16T07:00:00.0,7,0.0,1,0.0,0.0,0.01,0.12886473696786538
2018-12-16T02:00:00.0,2018-12-16T08:00:00.0,8,0.0,1,0.0,0.0,0.01,0.12886473696786538
2018-12-16T03:00:00.0,2018-12-16T09:00:00.0,9,0.0,1,0.0,0.0,0.01,0.12886473696786538
2018-12-16T04:00:00.0,2018-12-16T10:00:00.0,10,0.0,1,0.0,0.0,0.01,0.12886473696786538
2018-12-16T05:00:00.0,2018-12-16T11:00:00.0,11,0.0,1,0.0,0.0,0.01,0.12886473696786538
2018-12-16T06:00:00.0,2018-12-16T12:00:00.0,12,0.0,1,0.0,0.0,0.01,0.12886473696786538
2018-12-16T07:00:00.0,2018-12-16T13:00:00.0,13,785.5966206,0,0.0,0.0,0.99,0.12886473696786538
2018-12-16T08:00:00.0,2018-12-16T14:00:00.0,14,6905.028908,0,6998.529841,14235.79576,0.0,2.057140164678976e6
2018-12-16T09:00:00.0,2018-12-16T15:00:00.0,15,13530.53902,1,11212.98497,22296.86806,0.320913992,1.0811126543972611e7
2018-12-16T10:00:00.0,2018-12-16T16:00:00.0,16,16069.3303,0,16355.07593,25850.11422,0.0,7.606595643758893e6
2018-12-16T11:00:00.0,2018-12-16T17:00:00.0,17,16552.7219,0,16965.28974,24994.11226,0.0,5.282792536796927e6
2018-12-16T12:00:00.0,2018-12-16T18:00:00.0,18,16158.49378,1,13505.04409,26354.46215,0.321211553,1.458201797521329e7
2018-12-16T13:00:00.0,2018-12-16T19:00:00.0,19,15526.00427,1,14969.76009,23571.00999,0.051790945,5.27411826534605e6
2018-12-16T14:00:00.0,2018-12-16T20:00:00.0,20,13533.71874,1,12309.52693,23147.22497,0.142603849,1.0001043810545743e7
2018-12-16T15:00:00.0,2018-12-16T21:00:00.0,21,11201.34514,1,9368.583506,16092.54749,0.197451788,3.5149089997740984e6
2018-12-16T16:00:00.0,2018-12-16T22:00:00.0,22,5855.674636,1,4184.962979,10135.32983,0.149887249,3.0985272421449795e6
2018-12-16T17:00:00.0,2018-12-16T23:00:00.0,23,659.550266,1,32.26593813,2540.145283,0.161437057,549439.1027413653
2018-12-16T18:00:00.0,2018-12-17T00:00:00.0,0,0.0,1,0.0,0.0,0.01,0.12886473696786538
2018-12-16T19:00:00.0,2018-12-17T01:00:00.0,1,0.0,1,0.0,0.0,0.01,0.12886473696786538
2018-12-16T20:00:00.0,2018-12-17T02:00:00.0,2,0.0,1,0.0,0.0,0.01,0.12886473696786538
2018-12-16T21:00:00.0,2018-12-17T03:00:00.0,3,0.0,1,0.0,0.0,0.01,0.12886473696786538
2018-12-16T22:00:00.0,2018-12-17T04:00:00.0,4,0.0,1,0.0,0.0,0.01,0.12886473696786538
2018-12-16T23:00:00.0,2018-12-17T05:00:00.0,5,0.0,1,0.0,0.0,0.01,0.12886473696786538
2018-12-17T00:00:00.0,2018-12-17T06:00:00.0,6,0.0,1,0.0,0.0,0.01,0.12886473696786538
2018-12-17T01:00:00.0,2018-12-17T07:00:00.0,7,0.0,1,0.0,0.0,0.01,0.12886473696786538
2018-12-17T02:00:00.0,2018-12-17T08:00:00.0,8,0.0,1,0.0,0.0,0.01,0.12886473696786538
2018-12-17T03:00:00.0,2018-12-17T09:00:00.0,9,0.0,1,0.0,0.0,0.01,0.12886473696786538
2018-12-17T04:00:00.0,2018-12-17T10:00:00.0,10,0.0,1,0.0,0.0,0.01,0.12886473696786538
2018-12-17T05:00:00.0,2018-12-17T11:00:00.0,11,0.0,1,0.0,0.0,0.01,0.12886473696786538
2018-12-17T06:00:00.0,2018-12-17T12:00:00.0,12,0.0,1,0.0,0.0,0.01,0.12886473696786538
2018-12-17T07:00:00.0,2018-12-17T13:00:00.0,13,274.8905464,0,0.0,0.0,0.99,0.12886473696786538
2018-12-17T08:00:00.0,2018-12-17T14:00:00.0,14,2615.489424,0,2793.240081,9342.087502,0.0,3.530950037328247e6
2018-12-17T09:00:00.0,2018-12-17T15:00:00.0,15,6712.46271,1,6087.436562,14738.3769,0.182931186,6.21368702282393e6
2018-12-17T10:00:00.0,2018-12-17T16:00:00.0,16,10639.30264,1,7507.904306,17852.22535,0.366407769,8.994282735021055e6
2018-12-17T11:00:00.0,2018-12-17T17:00:00.0,17,14108.18219,1,11112.70605,20354.53489,0.399067401,7.446462521340728e6
2018-12-17T12:00:00.0,2018-12-17T18:00:00.0,18,16367.77614,1,10739.6758,20519.3468,0.636427531,7.318220965117812e6
2018-12-17T13:00:00.0,2018-12-17T19:00:00.0,19,17054.72244,1,11871.73682,18771.20325,0.744328367,3.5162151165347993e6
2018-12-17T14:00:00.0,2018-12-17T20:00:00.0,20,16570.19529,1,9322.336097,20347.81683,0.540591114,1.0611661074404746e7
2018-12-17T15:00:00.0,2018-12-17T21:00:00.0,21,15735.43884,1,12074.37221,22696.0135,0.422823756,1.2352172769284248e7
2018-12-17T16:00:00.0,2018-12-17T22:00:00.0,22,10332.98435,1,5597.677429,14655.26868,0.428579786,7.016326539524004e6
2018-12-17T17:00:00.0,2018-12-17T23:00:00.0,23,1738.821638,1,354.2115159,5587.574747,0.144194241,2.363163614116557e6
2018-12-17T18:00:00.0,2018-12-18T00:00:00.0,0,0.0,1,0.0,0.0,0.01,0.12886473696786538
2018-12-17T19:00:00.0,2018-12-18T01:00:00.0,1,0.0,1,0.0,0.0,0.01,0.12886473696786538
2018-12-17T20:00:00.0,2018-12-18T02:00:00.0,2,0.0,1,0.0,0.0,0.01,0.12886473696786538
2018-12-17T21:00:00.0,2018-12-18T03:00:00.0,3,0.0,1,0.0,0.0,0.01,0.12886473696786538
2018-12-17T22:00:00.0,2018-12-18T04:00:00.0,4,0.0,1,0.0,0.0,0.01,0.12886473696786538
2018-12-17T23:00:00.0,2018-12-18T05:00:00.0,5,0.0,1,0.0,0.0,0.01,0.12886473696786538
2018-12-18T00:00:00.0,2018-12-18T06:00:00.0,6,0.0,1,0.0,0.0,0.01,0.12886473696786538
2018-12-18T01:00:00.0,2018-12-18T07:00:00.0,7,0.0,1,0.0,0.0,0.01,0.12886473696786538
2018-12-18T02:00:00.0,2018-12-18T08:00:00.0,8,0.0,1,0.0,0.0,0.01,0.12886473696786538
2018-12-18T03:00:00.0,2018-12-18T09:00:00.0,9,0.0,1,0.0,0.0,0.01,0.12886473696786538
2018-12-18T04:00:00.0,2018-12-18T10:00:00.0,10,0.0,1,0.0,0.0,0.01,0.12886473696786538
2018-12-18T05:00:00.0,2018-12-18T11:00:00.0,11,0.0,1,0.0,0.0,0.01,0.12886473696786538
2018-12-18T06:00:00.0,2018-12-18T12:00:00.0,12,0.0,1,0.0,0.0,0.01,0.12886473696786538
2018-12-18T07:00:00.0,2018-12-18T13:00:00.0,13,627.4779848,0,0.0,0.0,0.99,0.12886473696786538
2018-12-18T08:00:00.0,2018-12-18T14:00:00.0,14,5602.005653,0,7694.963473,10064.64315,0.0,318644.6811414659
2018-12-18T09:00:00.0,2018-12-18T15:00:00.0,15,10511.63667,1,9494.518331,16244.76207,0.183694272,3.296818831440568e6
2018-12-18T10:00:00.0,2018-12-18T16:00:00.0,16,12214.93997,0,14623.22279,20829.89093,0.0,1.6406285212458968e6
2018-12-18T11:00:00.0,2018-12-18T17:00:00.0,17,14161.84733,0,14735.77595,22273.40496,0.0,3.9321779474875927e6
2018-12-18T12:00:00.0,2018-12-18T18:00:00.0,18,15348.335,1,15340.55033,20554.57522,0.011357421,2.0778313827214837e6
2018-12-18T13:00:00.0,2018-12-18T19:00:00.0,19,17795.88417,1,16868.71906,23366.45465,0.213014203,2.546078058593333e6
2018-12-18T14:00:00.0,2018-12-18T20:00:00.0,20,17161.46068,1,13259.93861,22794.97401,0.373388439,8.733466197884679e6
2018-12-18T15:00:00.0,2018-12-18T21:00:00.0,21,14948.64516,1,12515.77351,25394.49049,0.167805933,1.5876355029286504e7
2018-12-18T16:00:00.0,2018-12-18T22:00:00.0,22,7948.780538,1,5535.976787,12013.71545,0.21446005,3.2791520207715034e6
2018-12-18T17:00:00.0,2018-12-18T23:00:00.0,23,1031.516727,1,120.4662185,3987.223912,0.097151429,1.1727779161521243e6
2018-12-18T18:00:00.0,2018-12-19T00:00:00.0,0,0.0,1,0.0,0.0,0.01,0.12886473696786538
2018-12-18T19:00:00.0,2018-12-19T01:00:00.0,1,0.0,1,0.0,0.0,0.01,0.12886473696786538
2018-12-18T20:00:00.0,2018-12-19T02:00:00.0,2,0.0,1,0.0,0.0,0.01,0.12886473696786538
2018-12-18T21:00:00.0,2018-12-19T03:00:00.0,3,0.0,1,0.0,0.0,0.01,0.12886473696786538
2018-12-18T22:00:00.0,2018-12-19T04:00:00.0,4,0.0,1,0.0,0.0,0.01,0.12886473696786538
2018-12-18T23:00:00.0,2018-12-19T05:00:00.0,5,0.0,1,0.0,0.0,0.01,0.12886473696786538
2018-12-19T00:00:00.0,2018-12-19T06:00:00.0,6,0.0,1,0.0,0.0,0.01,0.12886473696786538
2018-12-19T01:00:00.0,2018-12-19T07:00:00.0,7,0.0,1,0.0,0.0,0.01,0.12886473696786538
2018-12-19T02:00:00.0,2018-12-19T08:00:00.0,8,0.0,1,0.0,0.0,0.01,0.12886473696786538
2018-12-19T03:00:00.0,2018-12-19T09:00:00.0,9,0.0,1,0.0,0.0,0.01,0.12886473696786538
2018-12-19T04:00:00.0,2018-12-19T10:00:00.0,10,0.0,1,0.0,0.0,0.01,0.12886473696786538
2018-12-19T05:00:00.0,2018-12-19T11:00:00.0,11,0.0,1,0.0,0.0,0.01,0.12886473696786538
2018-12-19T06:00:00.0,2018-12-19T12:00:00.0,12,0.0,1,0.0,0.0,0.01,0.12886473696786538
2018-12-19T07:00:00.0,2018-12-19T13:00:00.0,13,379.3149653,0,0.0,0.0,0.99,0.12886473696786538
2018-12-19T08:00:00.0,2018-12-19T14:00:00.0,14,8266.944365,1,5343.373129,10515.30939,0.843418621,1.5397148221838549e6
2018-12-19T09:00:00.0,2018-12-19T15:00:00.0,15,16989.48544,1,11665.3204,23163.16986,0.571161518,1.1474299776190817e7
2018-12-19T10:00:00.0,2018-12-19T16:00:00.0,16,20358.82915,1,15521.25496,28345.5985,0.442562643,1.2200089142878592e7
2018-12-19T11:00:00.0,2018-12-19T17:00:00.0,17,21293.9405,1,17908.54962,26165.14837,0.421804938,5.679663091465473e6
2018-12-19T12:00:00.0,2018-12-19T18:00:00.0,18,21143.4157,1,18505.40032,26419.20262,0.315295828,5.164337012471139e6
2018-12-19T13:00:00.0,2018-12-19T19:00:00.0,19,21322.78745,1,19385.59753,25799.43602,0.341404082,3.2053773165442348e6
2018-12-19T14:00:00.0,2018-12-19T20:00:00.0,20,21238.89713,1,17041.57311,25615.89145,0.492120176,5.698351990763962e6
2018-12-19T15:00:00.0,2018-12-19T21:00:00.0,21,21228.16142,1,17936.49084,26115.23222,0.479827875,6.919806589587152e6
2018-12-19T16:00:00.0,2018-12-19T22:00:00.0,22,15166.33018,1,12137.68571,20784.94928,0.264633822,6.6500592073152065e6
2018-12-19T17:00:00.0,2018-12-19T23:00:00.0,23,2667.773188,1,783.1567894,7701.139623,0.161432399,3.9781551046882793e6
2018-12-19T18:00:00.0,2018-12-20T00:00:00.0,0,0.0,1,0.0,0.0,0.01,0.12886473696786538
2018-12-19T19:00:00.0,2018-12-20T01:00:00.0,1,0.0,1,0.0,0.0,0.01,0.12886473696786538
2018-12-19T20:00:00.0,2018-12-20T02:00:00.0,2,0.0,1,0.0,0.0,0.01,0.12886473696786538
2018-12-19T21:00:00.0,2018-12-20T03:00:00.0,3,0.0,1,0.0,0.0,0.01,0.12886473696786538
2018-12-19T22:00:00.0,2018-12-20T04:00:00.0,4,0.0,1,0.0,0.0,0.01,0.12886473696786538
2018-12-19T23:00:00.0,2018-12-20T05:00:00.0,5,0.0,1,0.0,0.0,0.01,0.12886473696786538
2018-12-20T00:00:00.0,2018-12-20T06:00:00.0,6,0.0,1,0.0,0.0,0.01,0.12886473696786538
2018-12-20T01:00:00.0,2018-12-20T07:00:00.0,7,0.0,1,0.0,0.0,0.01,0.12886473696786538
2018-12-20T02:00:00.0,2018-12-20T08:00:00.0,8,0.0,1,0.0,0.0,0.01,0.12886473696786538
2018-12-20T03:00:00.0,2018-12-20T09:00:00.0,9,0.0,1,0.0,0.0,0.01,0.12886473696786538
2018-12-20T04:00:00.0,2018-12-20T10:00:00.0,10,0.0,1,0.0,0.0,0.01,0.12886473696786538
2018-12-20T05:00:00.0,2018-12-20T11:00:00.0,11,0.0,1,0.0,0.0,0.01,0.12886473696786538
2018-12-20T06:00:00.0,2018-12-20T12:00:00.0,12,0.0,1,0.0,0.0,0.01,0.12886473696786538
2018-12-20T07:00:00.0,2018-12-20T13:00:00.0,13,948.166505,0,0.0,0.0,0.99,0.12886473696786538
2018-12-20T08:00:00.0,2018-12-20T14:00:00.0,14,13883.79115,1,11199.12743,15589.4763,0.966487929,791619.7655020952
2018-12-20T09:00:00.0,2018-12-20T15:00:00.0,15,30086.51162,0,23252.66497,29722.92743,1.0,3.5593686864504814e6
2018-12-20T10:00:00.0,2018-12-20T16:00:00.0,16,32395.65481,1,28892.34139,32924.83235,0.816955593,1.324434411014557e6
2018-12-20T11:00:00.0,2018-12-20T17:00:00.0,17,30659.08488,1,28695.01801,37144.51544,0.310776086,6.097600504036903e6
2018-12-20T12:00:00.0,2018-12-20T18:00:00.0,18,29339.94463,1,27210.96076,34070.89884,0.338652918,3.5960788941676617e6
2018-12-20T13:00:00.0,2018-12-20T19:00:00.0,19,29968.73027,1,24045.65221,32725.63477,0.648989979,6.494536793974161e6
2018-12-20T14:00:00.0,2018-12-20T20:00:00.0,20,31682.1543,1,24500.57607,37381.30515,0.585074182,1.4827562253210902e7
2018-12-20T15:00:00.0,2018-12-20T21:00:00.0,21,31516.78843,1,28063.63751,33658.84011,0.574044466,2.5367964667294025e6
2018-12-20T16:00:00.0,2018-12-20T22:00:00.0,22,21005.73175,1,17154.44142,29470.12884,0.109678028,9.863114159429431e6
2018-12-20T17:00:00.0,2018-12-20T23:00:00.0,23,3470.490601,1,757.8879979,10855.5416,0.176533769,8.67125307665059e6
2018-12-20T18:00:00.0,2018-12-21T00:00:00.0,0,0.0,1,0.0,0.0,0.01,0.12886473696786538
2018-12-20T19:00:00.0,2018-12-21T01:00:00.0,1,0.0,1,0.0,0.0,0.01,0.12886473696786538
2018-12-20T20:00:00.0,2018-12-21T02:00:00.0,2,0.0,1,0.0,0.0,0.01,0.12886473696786538
2018-12-20T21:00:00.0,2018-12-21T03:00:00.0,3,0.0,1,0.0,0.0,0.01,0.12886473696786538
2018-12-20T22:00:00.0,2018-12-21T04:00:00.0,4,0.0,1,0.0,0.0,0.01,0.12886473696786538
2018-12-20T23:00:00.0,2018-12-21T05:00:00.0,5,0.0,1,0.0,0.0,0.01,0.12886473696786538
2018-12-21T00:00:00.0,2018-12-21T06:00:00.0,6,0.0,1,0.0,0.0,0.01,0.12886473696786538
2018-12-21T01:00:00.0,2018-12-21T07:00:00.0,7,0.0,1,0.0,0.0,0.01,0.12886473696786538
2018-12-21T02:00:00.0,2018-12-21T08:00:00.0,8,0.0,1,0.0,0.0,0.01,0.12886473696786538
2018-12-21T03:00:00.0,2018-12-21T09:00:00.0,9,0.0,1,0.0,0.0,0.01,0.12886473696786538
2018-12-21T04:00:00.0,2018-12-21T10:00:00.0,10,0.0,1,0.0,0.0,0.01,0.12886473696786538
2018-12-21T05:00:00.0,2018-12-21T11:00:00.0,11,0.0,1,0.0,0.0,0.01,0.12886473696786538
2018-12-21T06:00:00.0,2018-12-21T12:00:00.0,12,0.0,1,0.0,0.0,0.01,0.12886473696786538
2018-12-21T07:00:00.0,2018-12-21T13:00:00.0,13,1071.54822,0,0.0,0.0,0.99,0.12886473696786538
2018-12-21T08:00:00.0,2018-12-21T14:00:00.0,14,15088.15014,1,13548.03586,15874.90035,0.926465039,308512.6070908308
2018-12-21T09:00:00.0,2018-12-21T15:00:00.0,15,29720.9153,1,24648.93359,30759.71785,0.929786178,2.9901646910750866e6
2018-12-21T10:00:00.0,2018-12-21T16:00:00.0,16,29504.37842,1,25623.77471,33450.72006,0.408228793,5.075743117610335e6
2018-12-21T11:00:00.0,2018-12-21T17:00:00.0,17,29040.45733,1,24768.70486,31143.44738,0.69576456,2.912972479356289e6
2018-12-21T12:00:00.0,2018-12-21T18:00:00.0,18,28190.1171,1,24600.60052,31446.26063,0.489768576,3.931686588054538e6
2018-12-21T13:00:00.0,2018-12-21T19:00:00.0,19,28479.286,1,24317.28566,30989.87069,0.656942186,3.7276754069964886e6
2018-12-21T14:00:00.0,2018-12-21T20:00:00.0,20,29693.27816,1,25014.90684,31605.87851,0.662981499,3.9818291623860598e6
2018-12-21T15:00:00.0,2018-12-21T21:00:00.0,21,28329.74254,1,26732.91349,35891.07076,0.218614825,6.572169274863124e6
2018-12-21T16:00:00.0,2018-12-21T22:00:00.0,22,18596.9388,1,15458.9536,27133.36134,0.127010925,1.1014588263811767e7
2018-12-21T17:00:00.0,2018-12-21T23:00:00.0,23,3209.063818,1,551.98761,9825.296042,0.107541387,6.250774979341373e6
2018-12-21T18:00:00.0,2018-12-22T00:00:00.0,0,0.0,1,0.0,0.0,0.01,0.12886473696786538
2018-12-21T19:00:00.0,2018-12-22T01:00:00.0,1,0.0,1,0.0,0.0,0.01,0.12886473696786538
2018-12-21T20:00:00.0,2018-12-22T02:00:00.0,2,0.0,1,0.0,0.0,0.01,0.12886473696786538
2018-12-21T21:00:00.0,2018-12-22T03:00:00.0,3,0.0,1,0.0,0.0,0.01,0.12886473696786538
2018-12-21T22:00:00.0,2018-12-22T04:00:00.0,4,0.0,1,0.0,0.0,0.01,0.12886473696786538
2018-12-21T23:00:00.0,2018-12-22T05:00:00.0,5,0.0,1,0.0,0.0,0.01,0.12886473696786538
2018-12-22T00:00:00.0,2018-12-22T06:00:00.0,6,0.0,1,0.0,0.0,0.01,0.12886473696786538
2018-12-22T01:00:00.0,2018-12-22T07:00:00.0,7,0.0,1,0.0,0.0,0.01,0.12886473696786538
2018-12-22T02:00:00.0,2018-12-22T08:00:00.0,8,0.0,1,0.0,0.0,0.01,0.12886473696786538
2018-12-22T03:00:00.0,2018-12-22T09:00:00.0,9,0.0,1,0.0,0.0,0.01,0.12886473696786538
2018-12-22T04:00:00.0,2018-12-22T10:00:00.0,10,0.0,1,0.0,0.0,0.01,0.12886473696786538
2018-12-22T05:00:00.0,2018-12-22T11:00:00.0,11,0.0,1,0.0,0.0,0.01,0.12886473696786538
2018-12-22T06:00:00.0,2018-12-22T12:00:00.0,12,0.0,1,0.0,0.0,0.01,0.12886473696786538
2018-12-22T07:00:00.0,2018-12-22T13:00:00.0,13,897.7825991,0,0.0,0.0,0.99,0.12886473696786538
2018-12-22T08:00:00.0,2018-12-22T14:00:00.0,14,10415.27753,0,11840.30557,14513.10586,0.0,425743.7901622653
2018-12-22T09:00:00.0,2018-12-22T15:00:00.0,15,20869.68309,1,19156.32456,30041.65772,0.256726942,8.761197712510586e6
2018-12-22T10:00:00.0,2018-12-22T16:00:00.0,16,22706.20186,1,22610.15022,33766.89065,0.025208989,9.812254898946524e6
2018-12-22T11:00:00.0,2018-12-22T17:00:00.0,17,23759.57055,0,25842.41728,30524.95514,0.0,1.2589616540839672e6
2018-12-22T12:00:00.0,2018-12-22T18:00:00.0,18,24511.44243,1,23501.88553,32310.80343,0.124700372,4.94322792555356e6
2018-12-22T13:00:00.0,2018-12-22T19:00:00.0,19,25660.04594,1,24909.34491,32020.30512,0.236604159,4.184498274360776e6
2018-12-22T14:00:00.0,2018-12-22T20:00:00.0,20,27572.44134,1,22650.30313,31765.17377,0.470770562,6.798433748823643e6
2018-12-22T15:00:00.0,2018-12-22T21:00:00.0,21,27762.17874,1,21284.3252,29917.95179,0.617012055,5.838080385782361e6
2018-12-22T16:00:00.0,2018-12-22T22:00:00.0,22,18775.10035,1,13225.48905,30683.25016,0.267525671,3.095623675890845e7
2018-12-22T17:00:00.0,2018-12-22T23:00:00.0,23,3132.109025,1,304.3059559,9654.300342,0.139494402,6.93406727156502e6
2018-12-22T18:00:00.0,2018-12-23T00:00:00.0,0,0.0,1,0.0,0.0,0.01,0.12886473696786538
2018-12-22T19:00:00.0,2018-12-23T01:00:00.0,1,0.0,1,0.0,0.0,0.01,0.12886473696786538
2018-12-22T20:00:00.0,2018-12-23T02:00:00.0,2,0.0,1,0.0,0.0,0.01,0.12886473696786538
2018-12-22T21:00:00.0,2018-12-23T03:00:00.0,3,0.0,1,0.0,0.0,0.01,0.12886473696786538
2018-12-22T22:00:00.0,2018-12-23T04:00:00.0,4,0.0,1,0.0,0.0,0.01,0.12886473696786538
2018-12-22T23:00:00.0,2018-12-23T05:00:00.0,5,0.0,1,0.0,0.0,0.01,0.12886473696786538
2018-12-23T00:00:00.0,2018-12-23T06:00:00.0,6,0.0,1,0.0,0.0,0.01,0.12886473696786538
2018-12-23T01:00:00.0,2018-12-23T07:00:00.0,7,0.0,1,0.0,0.0,0.01,0.12886473696786538
2018-12-23T02:00:00.0,2018-12-23T08:00:00.0,8,0.0,1,0.0,0.0,0.01,0.12886473696786538
2018-12-23T03:00:00.0,2018-12-23T09:00:00.0,9,0.0,1,0.0,0.0,0.01,0.12886473696786538
2018-12-23T04:00:00.0,2018-12-23T10:00:00.0,10,0.0,1,0.0,0.0,0.01,0.12886473696786538
2018-12-23T05:00:00.0,2018-12-23T11:00:00.0,11,0.0,1,0.0,0.0,0.01,0.12886473696786538
2018-12-23T06:00:00.0,2018-12-23T12:00:00.0,12,0.0,1,0.0,0.0,0.01,0.12886473696786538
2018-12-23T07:00:00.0,2018-12-23T13:00:00.0,13,474.5047155,0,0.0,0.0,0.99,0.12886473696786538
2018-12-23T08:00:00.0,2018-12-23T14:00:00.0,14,11023.89696,0,12238.50883,13026.08909,0.0,33165.34623834491
2018-12-23T09:00:00.0,2018-12-23T15:00:00.0,15,26641.43774,1,23114.10538,30851.40947,0.746063514,3.6557747352930307e6
2018-12-23T10:00:00.0,2018-12-23T16:00:00.0,16,29824.08349,1,23862.67579,36009.99116,0.491930572,1.2316051421340823e7
2018-12-23T11:00:00.0,2018-12-23T17:00:00.0,17,29234.36484,1,23254.31248,34469.35177,0.503926251,1.0754387117401361e7
2018-12-23T12:00:00.0,2018-12-23T18:00:00.0,18,27946.55504,1,22719.87487,29637.68536,0.711834826,3.97162760519588e6
2018-12-23T13:00:00.0,2018-12-23T19:00:00.0,19,28288.78928,1,24765.0561,33989.41492,0.362506673,6.602113360859513e6
2018-12-23T14:00:00.0,2018-12-23T20:00:00.0,20,29421.71623,1,26226.98746,30896.55925,0.661071396,1.7878819512000084e6
2018-12-23T15:00:00.0,2018-12-23T21:00:00.0,21,28819.86407,1,25449.69037,31734.7798,0.446193753,3.2322807304489613e6
2018-12-23T16:00:00.0,2018-12-23T22:00:00.0,22,19054.03185,1,12145.36387,29887.36288,0.282987243,2.9539203805440545e7
2018-12-23T17:00:00.0,2018-12-23T23:00:00.0,23,3376.531036,1,603.9572813,11720.56875,0.165031673,1.2033770986516759e7
2018-12-23T18:00:00.0,2018-12-24T00:00:00.0,0,0.0,1,0.0,0.0,0.01,0.12886473696786538
2018-12-23T19:00:00.0,2018-12-24T01:00:00.0,1,0.0,1,0.0,0.0,0.01,0.12886473696786538
2018-12-23T20:00:00.0,2018-12-24T02:00:00.0,2,0.0,1,0.0,0.0,0.01,0.12886473696786538
2018-12-23T21:00:00.0,2018-12-24T03:00:00.0,3,0.0,1,0.0,0.0,0.01,0.12886473696786538
2018-12-23T22:00:00.0,2018-12-24T04:00:00.0,4,0.0,1,0.0,0.0,0.01,0.12886473696786538
2018-12-23T23:00:00.0,2018-12-24T05:00:00.0,5,0.0,1,0.0,0.0,0.01,0.12886473696786538
2018-12-24T00:00:00.0,2018-12-24T06:00:00.0,6,0.0,1,0.0,0.0,0.01,0.12886473696786538
2018-12-24T01:00:00.0,2018-12-24T07:00:00.0,7,0.0,1,0.0,0.0,0.01,0.12886473696786538
2018-12-24T02:00:00.0,2018-12-24T08:00:00.0,8,0.0,1,0.0,0.0,0.01,0.12886473696786538
2018-12-24T03:00:00.0,2018-12-24T09:00:00.0,9,0.0,1,0.0,0.0,0.01,0.12886473696786538
2018-12-24T04:00:00.0,2018-12-24T10:00:00.0,10,0.0,1,0.0,0.0,0.01,0.12886473696786538
2018-12-24T05:00:00.0,2018-12-24T11:00:00.0,11,0.0,1,0.0,0.0,0.01,0.12886473696786538
2018-12-24T06:00:00.0,2018-12-24T12:00:00.0,12,0.0,1,0.0,0.0,0.01,0.12886473696786538
2018-12-24T07:00:00.0,2018-12-24T13:00:00.0,13,805.7709764,0,0.0,0.0,0.99,0.12886473696786538
2018-12-24T08:00:00.0,2018-12-24T14:00:00.0,14,12252.00179,1,10711.65917,15326.02631,0.957970303,412042.13461510837
2018-12-24T09:00:00.0,2018-12-24T15:00:00.0,15,26104.51917,0,19384.60169,25962.1984,1.0,3.9450146144400835e6
2018-12-24T10:00:00.0,2018-12-24T16:00:00.0,16,28073.6479,1,21937.75953,33489.33039,0.484283111,1.245454604728043e7
2018-12-24T11:00:00.0,2018-12-24T17:00:00.0,17,26752.59645,1,23263.68172,28177.26911,0.595384266,1.9478196380244493e6
2018-12-24T12:00:00.0,2018-12-24T18:00:00.0,18,24947.41728,1,20475.29927,26538.61197,0.642191676,2.8204115166921616e6
2018-12-24T13:00:00.0,2018-12-24T19:00:00.0,19,24809.59677,1,18319.75994,31803.96067,0.449356686,1.3954968687241554e7
2018-12-24T14:00:00.0,2018-12-24T20:00:00.0,20,24807.29353,1,19612.50475,28623.02975,0.519514932,6.796570470863819e6
2018-12-24T15:00:00.0,2018-12-24T21:00:00.0,21,23058.6417,1,20945.48791,27905.50516,0.284255581,3.8376768070749044e6
2018-12-24T16:00:00.0,2018-12-24T22:00:00.0,22,17250.12542,1,13190.00552,25343.07921,0.244326509,1.3454732359301746e7
2018-12-24T17:00:00.0,2018-12-24T23:00:00.0,23,3257.187961,1,935.3863972,9269.222894,0.14143239,5.204918008145787e6
2018-12-24T18:00:00.0,2018-12-25T00:00:00.0,0,0.0,1,0.0,0.0,0.01,0.12886473696786538
2018-12-24T19:00:00.0,2018-12-25T01:00:00.0,1,0.0,1,0.0,0.0,0.01,0.12886473696786538
2018-12-24T20:00:00.0,2018-12-25T02:00:00.0,2,0.0,1,0.0,0.0,0.01,0.12886473696786538
2018-12-24T21:00:00.0,2018-12-25T03:00:00.0,3,0.0,1,0.0,0.0,0.01,0.12886473696786538
2018-12-24T22:00:00.0,2018-12-25T04:00:00.0,4,0.0,1,0.0,0.0,0.01,0.12886473696786538
2018-12-24T23:00:00.0,2018-12-25T05:00:00.0,5,0.0,1,0.0,0.0,0.01,0.12886473696786538
2018-12-25T00:00:00.0,2018-12-25T06:00:00.0,6,0.0,1,0.0,0.0,0.01,0.12886473696786538
2018-12-25T01:00:00.0,2018-12-25T07:00:00.0,7,0.0,1,0.0,0.0,0.01,0.12886473696786538
2018-12-25T02:00:00.0,2018-12-25T08:00:00.0,8,0.0,1,0.0,0.0,0.01,0.12886473696786538
2018-12-25T03:00:00.0,2018-12-25T09:00:00.0,9,0.0,1,0.0,0.0,0.01,0.12886473696786538
2018-12-25T04:00:00.0,2018-12-25T10:00:00.0,10,0.0,1,0.0,0.0,0.01,0.12886473696786538
2018-12-25T05:00:00.0,2018-12-25T11:00:00.0,11,0.0,1,0.0,0.0,0.01,0.12886473696786538
2018-12-25T06:00:00.0,2018-12-25T12:00:00.0,12,0.0,1,0.0,0.0,0.01,0.12886473696786538
2018-12-25T07:00:00.0,2018-12-25T13:00:00.0,13,401.4319155,0,0.0,0.0,0.99,0.12886473696786538
2018-12-25T08:00:00.0,2018-12-25T14:00:00.0,14,8143.147916,1,7578.38508,10264.68942,0.396797275,548947.5603557676
2018-12-25T09:00:00.0,2018-12-25T15:00:00.0,15,11180.8839,1,9332.022597,23685.63443,0.214254019,1.5030698958371311e7
2018-12-25T10:00:00.0,2018-12-25T16:00:00.0,16,12154.88021,1,12097.55014,28148.74932,0.013996576,2.2546484960020423e7
2018-12-25T11:00:00.0,2018-12-25T17:00:00.0,17,14411.17838,0,15308.54726,25888.94074,0.0,7.4413534086511135e6
2018-12-25T12:00:00.0,2018-12-25T18:00:00.0,18,16326.17349,1,14061.34851,24602.52721,0.284006886,7.822609383099198e6
2018-12-25T13:00:00.0,2018-12-25T19:00:00.0,19,16636.83634,1,12149.99097,25082.65233,0.332693627,1.4525264267285943e7
2018-12-25T14:00:00.0,2018-12-25T20:00:00.0,20,16653.94315,1,11421.39024,23211.66229,0.37373551,1.0207808244048357e7
2018-12-25T15:00:00.0,2018-12-25T21:00:00.0,21,16092.65942,1,13860.69667,25802.3737,0.249301116,1.372001262756896e7
2018-12-25T16:00:00.0,2018-12-25T22:00:00.0,22,12442.21908,1,8138.875349,16618.81866,0.400099213,6.029445097108662e6
2018-12-25T17:00:00.0,2018-12-25T23:00:00.0,23,2596.481404,1,774.8309178,6921.913888,0.133823261,2.617836831495978e6
2018-12-25T18:00:00.0,2018-12-26T00:00:00.0,0,0.0,1,0.0,0.0,0.01,0.12886473696786538
2018-12-25T19:00:00.0,2018-12-26T01:00:00.0,1,0.0,1,0.0,0.0,0.01,0.12886473696786538
2018-12-25T20:00:00.0,2018-12-26T02:00:00.0,2,0.0,1,0.0,0.0,0.01,0.12886473696786538
2018-12-25T21:00:00.0,2018-12-26T03:00:00.0,3,0.0,1,0.0,0.0,0.01,0.12886473696786538
2018-12-25T22:00:00.0,2018-12-26T04:00:00.0,4,0.0,1,0.0,0.0,0.01,0.12886473696786538
2018-12-25T23:00:00.0,2018-12-26T05:00:00.0,5,0.0,1,0.0,0.0,0.01,0.12886473696786538
2018-12-26T00:00:00.0,2018-12-26T06:00:00.0,6,0.0,1,0.0,0.0,0.01,0.12886473696786538
2018-12-26T01:00:00.0,2018-12-26T07:00:00.0,7,0.0,1,0.0,0.0,0.01,0.12886473696786538
2018-12-26T02:00:00.0,2018-12-26T08:00:00.0,8,0.0,1,0.0,0.0,0.01,0.12886473696786538
2018-12-26T03:00:00.0,2018-12-26T09:00:00.0,9,0.0,1,0.0,0.0,0.01,0.12886473696786538
2018-12-26T04:00:00.0,2018-12-26T10:00:00.0,10,0.0,1,0.0,0.0,0.01,0.12886473696786538
2018-12-26T05:00:00.0,2018-12-26T11:00:00.0,11,0.0,1,0.0,0.0,0.01,0.12886473696786538
2018-12-26T06:00:00.0,2018-12-26T12:00:00.0,12,0.0,1,0.0,0.0,0.01,0.12886473696786538
2018-12-26T07:00:00.0,2018-12-26T13:00:00.0,13,78.52325346,0,0.0,0.0,0.99,0.12886473696786538
2018-12-26T08:00:00.0,2018-12-26T14:00:00.0,14,4015.24534,1,1500.364392,4027.514278,0.987898067,421564.1664185161
2018-12-26T09:00:00.0,2018-12-26T15:00:00.0,15,10534.74192,1,4701.884054,12466.8502,0.820522871,5.3566847026215345e6
2018-12-26T10:00:00.0,2018-12-26T16:00:00.0,16,12144.29924,1,7901.132399,17008.4797,0.416165729,6.701134260604709e6
2018-12-26T11:00:00.0,2018-12-26T17:00:00.0,17,12086.31139,1,9506.086035,17810.94325,0.351296845,5.782610497940838e6
2018-12-26T12:00:00.0,2018-12-26T18:00:00.0,18,10047.4141,0,10594.9765,16925.97271,0.0,3.255563315274507e6
2018-12-26T13:00:00.0,2018-12-26T19:00:00.0,19,8316.994219,0,10577.03624,16500.38115,0.0,2.471991790746182e6
2018-12-26T14:00:00.0,2018-12-26T20:00:00.0,20,7693.223467,0,8346.856144,16782.11553,0.0,4.86037049500598e6
2018-12-26T15:00:00.0,2018-12-26T21:00:00.0,21,9607.238608,0,10399.58047,18945.69251,0.0,5.052396886374146e6
2018-12-26T16:00:00.0,2018-12-26T22:00:00.0,22,8449.131069,1,4733.954823,12849.96494,0.441443605,6.052469472885266e6
2018-12-26T17:00:00.0,2018-12-26T23:00:00.0,23,2192.209589,1,643.9305009,6268.140565,0.177745421,2.6163853087913543e6
2018-12-26T18:00:00.0,2018-12-27T00:00:00.0,0,0.0,1,0.0,0.0,0.01,0.12886473696786538
2018-12-26T19:00:00.0,2018-12-27T01:00:00.0,1,0.0,1,0.0,0.0,0.01,0.12886473696786538
2018-12-26T20:00:00.0,2018-12-27T02:00:00.0,2,0.0,1,0.0,0.0,0.01,0.12886473696786538
2018-12-26T21:00:00.0,2018-12-27T03:00:00.0,3,0.0,1,0.0,0.0,0.01,0.12886473696786538
2018-12-26T22:00:00.0,2018-12-27T04:00:00.0,4,0.0,1,0.0,0.0,0.01,0.12886473696786538
2018-12-26T23:00:00.0,2018-12-27T05:00:00.0,5,0.0,1,0.0,0.0,0.01,0.12886473696786538
2018-12-27T00:00:00.0,2018-12-27T06:00:00.0,6,0.0,1,0.0,0.0,0.01,0.12886473696786538
2018-12-27T01:00:00.0,2018-12-27T07:00:00.0,7,0.0,1,0.0,0.0,0.01,0.12886473696786538
2018-12-27T02:00:00.0,2018-12-27T08:00:00.0,8,0.0,1,0.0,0.0,0.01,0.12886473696786538
2018-12-27T03:00:00.0,2018-12-27T09:00:00.0,9,0.0,1,0.0,0.0,0.01,0.12886473696786538
2018-12-27T04:00:00.0,2018-12-27T10:00:00.0,10,0.0,1,0.0,0.0,0.01,0.12886473696786538
2018-12-27T05:00:00.0,2018-12-27T11:00:00.0,11,0.0,1,0.0,0.0,0.01,0.12886473696786538
2018-12-27T06:00:00.0,2018-12-27T12:00:00.0,12,0.0,1,0.0,0.0,0.01,0.12886473696786538
2018-12-27T07:00:00.0,2018-12-27T13:00:00.0,13,452.7501295,0,0.0,0.0,0.99,0.12886473696786538
2018-12-27T08:00:00.0,2018-12-27T14:00:00.0,14,10061.21329,1,7158.542018,11427.3076,0.960753672,935630.9972457439
2018-12-27T09:00:00.0,2018-12-27T15:00:00.0,15,23506.65606,1,20895.02925,31218.87205,0.535549527,7.143434367432237e6
2018-12-27T10:00:00.0,2018-12-27T16:00:00.0,16,28962.37646,1,27158.10175,33830.69137,0.412720882,2.716108952179432e6
2018-12-27T11:00:00.0,2018-12-27T17:00:00.0,17,29253.81231,1,22793.00374,33271.08281,0.545965943,1.0286601385748386e7
2018-12-27T12:00:00.0,2018-12-27T18:00:00.0,18,28242.257,1,23119.20484,33847.82883,0.418102114,9.334708631645441e6
2018-12-27T13:00:00.0,2018-12-27T19:00:00.0,19,28788.01328,1,24562.9607,34298.88435,0.503850093,9.334906364299297e6
2018-12-27T14:00:00.0,2018-12-27T20:00:00.0,20,29361.85858,1,23988.7077,35607.09312,0.444633094,1.3810692225820422e7
2018-12-27T15:00:00.0,2018-12-27T21:00:00.0,21,28801.9942,1,21325.99034,34211.74183,0.522597634,1.4147180481029391e7
2018-12-27T16:00:00.0,2018-12-27T22:00:00.0,22,19958.89408,1,11583.96064,27127.28538,0.362834946,2.289241043129599e7
2018-12-27T17:00:00.0,2018-12-27T23:00:00.0,23,3883.251265,1,781.573343,11877.38483,0.151652837,1.1434335620587535e7
2018-12-27T18:00:00.0,2018-12-28T00:00:00.0,0,0.0,1,0.0,0.0,0.01,0.12886473696786538
2018-12-27T19:00:00.0,2018-12-28T01:00:00.0,1,0.0,1,0.0,0.0,0.01,0.12886473696786538
2018-12-27T20:00:00.0,2018-12-28T02:00:00.0,2,0.0,1,0.0,0.0,0.01,0.12886473696786538
2018-12-27T21:00:00.0,2018-12-28T03:00:00.0,3,0.0,1,0.0,0.0,0.01,0.12886473696786538
2018-12-27T22:00:00.0,2018-12-28T04:00:00.0,4,0.0,1,0.0,0.0,0.01,0.12886473696786538
2018-12-27T23:00:00.0,2018-12-28T05:00:00.0,5,0.0,1,0.0,0.0,0.01,0.12886473696786538
2018-12-28T00:00:00.0,2018-12-28T06:00:00.0,6,0.0,1,0.0,0.0,0.01,0.12886473696786538
2018-12-28T01:00:00.0,2018-12-28T07:00:00.0,7,0.0,1,0.0,0.0,0.01,0.12886473696786538
2018-12-28T02:00:00.0,2018-12-28T08:00:00.0,8,0.0,1,0.0,0.0,0.01,0.12886473696786538
2018-12-28T03:00:00.0,2018-12-28T09:00:00.0,9,0.0,1,0.0,0.0,0.01,0.12886473696786538
2018-12-28T04:00:00.0,2018-12-28T10:00:00.0,10,0.0,1,0.0,0.0,0.01,0.12886473696786538
2018-12-28T05:00:00.0,2018-12-28T11:00:00.0,11,0.0,1,0.0,0.0,0.01,0.12886473696786538
2018-12-28T06:00:00.0,2018-12-28T12:00:00.0,12,0.0,1,0.0,0.0,0.01,0.12886473696786538
2018-12-28T07:00:00.0,2018-12-28T13:00:00.0,13,864.1263682,0,0.0,0.0,0.99,0.12886473696786538
2018-12-28T08:00:00.0,2018-12-28T14:00:00.0,14,12199.6158,1,11246.55644,14359.12488,0.806058095,335865.7295601666
2018-12-28T09:00:00.0,2018-12-28T15:00:00.0,15,20060.5841,0,24537.85514,30997.19987,0.0,2.491449993939042e6
2018-12-28T10:00:00.0,2018-12-28T16:00:00.0,16,18955.81791,0,24878.73179,35321.4207,0.0,6.35609840828836e6
2018-12-28T11:00:00.0,2018-12-28T17:00:00.0,17,17648.57267,0,27362.8063,29955.33711,0.0,353252.5522789955
2018-12-28T12:00:00.0,2018-12-28T18:00:00.0,18,17880.12114,0,21904.54672,33636.15329,0.0,1.1073573768322349e7
2018-12-28T13:00:00.0,2018-12-28T19:00:00.0,19,16980.78435,0,22729.36455,32833.15479,0.0,6.879184486658096e6
2018-12-28T14:00:00.0,2018-12-28T20:00:00.0,20,14903.21305,0,22799.04599,35447.99677,0.0,7.307326778188229e6
2018-12-28T15:00:00.0,2018-12-28T21:00:00.0,21,12455.60413,0,24074.97049,31169.61519,0.0,3.4905097825984955e6
2018-12-28T16:00:00.0,2018-12-28T22:00:00.0,22,12204.41298,1,12048.1384,21592.83681,0.0734329,7.087190340481043e6
2018-12-28T17:00:00.0,2018-12-28T23:00:00.0,23,2719.095892,1,1012.34551,8328.552073,0.186305788,4.995929503344346e6
2018-12-28T18:00:00.0,2018-12-29T00:00:00.0,0,0.0,1,0.0,0.0,0.01,0.12886473696786538
2018-12-28T19:00:00.0,2018-12-29T01:00:00.0,1,0.0,1,0.0,0.0,0.01,0.12886473696786538
2018-12-28T20:00:00.0,2018-12-29T02:00:00.0,2,0.0,1,0.0,0.0,0.01,0.12886473696786538
2018-12-28T21:00:00.0,2018-12-29T03:00:00.0,3,0.0,1,0.0,0.0,0.01,0.12886473696786538
2018-12-28T22:00:00.0,2018-12-29T04:00:00.0,4,0.0,1,0.0,0.0,0.01,0.12886473696786538
2018-12-28T23:00:00.0,2018-12-29T05:00:00.0,5,0.0,1,0.0,0.0,0.01,0.12886473696786538
2018-12-29T00:00:00.0,2018-12-29T06:00:00.0,6,0.0,1,0.0,0.0,0.01,0.12886473696786538
2018-12-29T01:00:00.0,2018-12-29T07:00:00.0,7,0.0,1,0.0,0.0,0.01,0.12886473696786538
2018-12-29T02:00:00.0,2018-12-29T08:00:00.0,8,0.0,1,0.0,0.0,0.01,0.12886473696786538
2018-12-29T03:00:00.0,2018-12-29T09:00:00.0,9,0.0,1,0.0,0.0,0.01,0.12886473696786538
2018-12-29T04:00:00.0,2018-12-29T10:00:00.0,10,0.0,1,0.0,0.0,0.01,0.12886473696786538
2018-12-29T05:00:00.0,2018-12-29T11:00:00.0,11,0.0,1,0.0,0.0,0.01,0.12886473696786538
2018-12-29T06:00:00.0,2018-12-29T12:00:00.0,12,0.0,1,0.0,0.0,0.01,0.12886473696786538
2018-12-29T07:00:00.0,2018-12-29T13:00:00.0,13,57.34146038,0,0.0,0.0,0.99,0.12886473696786538
2018-12-29T08:00:00.0,2018-12-29T14:00:00.0,14,3052.221036,1,1710.311105,5826.102703,0.53042646,1.1838977313312292e6
2018-12-29T09:00:00.0,2018-12-29T15:00:00.0,15,5048.807102,1,3064.787122,8387.55452,0.350970646,2.485523099868007e6
2018-12-29T10:00:00.0,2018-12-29T16:00:00.0,16,5809.52627,1,4810.013469,11340.4281,0.250037834,3.3786115077302977e6
2018-12-29T11:00:00.0,2018-12-29T17:00:00.0,17,8316.47557,1,7043.40204,13762.81926,0.281708725,2.886752610557601e6
2018-12-29T12:00:00.0,2018-12-29T18:00:00.0,18,10573.22233,1,7949.046035,19773.58116,0.282460486,1.1038675365405172e7
2018-12-29T13:00:00.0,2018-12-29T19:00:00.0,19,10464.10554,1,7448.94999,16712.53422,0.335184521,6.712925862628162e6
2018-12-29T14:00:00.0,2018-12-29T20:00:00.0,20,10192.55317,1,5728.202881,18222.19419,0.366969284,1.2777650992874593e7
2018-12-29T15:00:00.0,2018-12-29T21:00:00.0,21,8032.73946,1,4156.888249,19147.24228,0.279530436,1.832926572312899e7
2018-12-29T16:00:00.0,2018-12-29T22:00:00.0,22,5495.830613,1,1965.859346,11655.71065,0.412003977,7.846508952459484e6
2018-12-29T17:00:00.0,2018-12-29T23:00:00.0,23,1512.329031,1,46.83781395,3617.812428,0.238058354,1.2472951484884638e6
2018-12-29T18:00:00.0,2018-12-30T00:00:00.0,0,0.0,1,0.0,0.0,0.01,0.12886473696786538
2018-12-29T19:00:00.0,2018-12-30T01:00:00.0,1,0.0,1,0.0,0.0,0.01,0.12886473696786538
2018-12-29T20:00:00.0,2018-12-30T02:00:00.0,2,0.0,1,0.0,0.0,0.01,0.12886473696786538
2018-12-29T21:00:00.0,2018-12-30T03:00:00.0,3,0.0,1,0.0,0.0,0.01,0.12886473696786538
2018-12-29T22:00:00.0,2018-12-30T04:00:00.0,4,0.0,1,0.0,0.0,0.01,0.12886473696786538
2018-12-29T23:00:00.0,2018-12-30T05:00:00.0,5,0.0,1,0.0,0.0,0.01,0.12886473696786538
2018-12-30T00:00:00.0,2018-12-30T06:00:00.0,6,0.0,1,0.0,0.0,0.01,0.12886473696786538
2018-12-30T01:00:00.0,2018-12-30T07:00:00.0,7,0.0,1,0.0,0.0,0.01,0.12886473696786538
2018-12-30T02:00:00.0,2018-12-30T08:00:00.0,8,0.0,1,0.0,0.0,0.01,0.12886473696786538
2018-12-30T03:00:00.0,2018-12-30T09:00:00.0,9,0.0,1,0.0,0.0,0.01,0.12886473696786538
2018-12-30T04:00:00.0,2018-12-30T10:00:00.0,10,0.0,1,0.0,0.0,0.01,0.12886473696786538
2018-12-30T05:00:00.0,2018-12-30T11:00:00.0,11,0.0,1,0.0,0.0,0.01,0.12886473696786538
2018-12-30T06:00:00.0,2018-12-30T12:00:00.0,12,0.0,1,0.0,0.0,0.01,0.12886473696786538
2018-12-30T07:00:00.0,2018-12-30T13:00:00.0,13,41.07452683,0,0.0,0.0,0.99,0.12886473696786538
2018-12-30T08:00:00.0,2018-12-30T14:00:00.0,14,2038.533501,0,2302.935582,4963.825195,0.0,457156.70498484746
2018-12-30T09:00:00.0,2018-12-30T15:00:00.0,15,4650.116275,0,5064.796176,11751.02616,0.0,3.2381204220484123e6
2018-12-30T10:00:00.0,2018-12-30T16:00:00.0,16,6087.161593,0,7292.019069,17382.02736,0.0,7.221939313565373e6
2018-12-30T11:00:00.0,2018-12-30T17:00:00.0,17,7978.876461,0,8405.750724,17853.86882,0.0,6.944775143984646e6
2018-12-30T12:00:00.0,2018-12-30T18:00:00.0,18,9809.238215,0,10055.47767,17556.4479,0.0,4.1602879084492624e6
2018-12-30T13:00:00.0,2018-12-30T19:00:00.0,19,10380.76833,1,8401.336859,18189.79362,0.308227017,7.673135683174908e6
2018-12-30T14:00:00.0,2018-12-30T20:00:00.0,20,10851.54895,1,6558.745043,16280.2327,0.485950832,7.938331794026166e6
2018-12-30T15:00:00.0,2018-12-30T21:00:00.0,21,10608.21712,1,4660.229941,14924.70936,0.645328703,9.360240730678871e6
2018-12-30T16:00:00.0,2018-12-30T22:00:00.0,22,8709.860226,1,2859.366525,12490.66574,0.549033158,8.085218845161289e6
2018-12-30T17:00:00.0,2018-12-30T23:00:00.0,23,1839.804607,1,299.4251296,5200.383521,0.244394227,2.0500156784627736e6
2018-12-30T18:00:00.0,2018-12-31T00:00:00.0,0,0.001125,0,0.0,0.0,0.99,0.12886473696786538
2018-12-30T19:00:00.0,2018-12-31T01:00:00.0,1,0.0,1,0.0,0.0,0.01,0.12886473696786538
2018-12-30T20:00:00.0,2018-12-31T02:00:00.0,2,0.0,1,0.0,0.0,0.01,0.12886473696786538
2018-12-30T21:00:00.0,2018-12-31T03:00:00.0,3,0.0,1,0.0,0.0,0.01,0.12886473696786538
2018-12-30T22:00:00.0,2018-12-31T04:00:00.0,4,0.0,1,0.0,0.0,0.01,0.12886473696786538
2018-12-30T23:00:00.0,2018-12-31T05:00:00.0,5,0.0,1,0.0,0.0,0.01,0.12886473696786538
2018-12-31T00:00:00.0,2018-12-31T06:00:00.0,6,0.0,1,0.0,0.0,0.01,0.12886473696786538
2018-12-31T01:00:00.0,2018-12-31T07:00:00.0,7,0.0,1,0.0,0.0,0.01,0.12886473696786538
2018-12-31T02:00:00.0,2018-12-31T08:00:00.0,8,0.0,1,0.0,0.0,0.01,0.12886473696786538
2018-12-31T03:00:00.0,2018-12-31T09:00:00.0,9,0.0,1,0.0,0.0,0.01,0.12886473696786538
2018-12-31T04:00:00.0,2018-12-31T10:00:00.0,10,0.0,1,0.0,0.0,0.01,0.12886473696786538
2018-12-31T05:00:00.0,2018-12-31T11:00:00.0,11,0.0,1,0.0,0.0,0.01,0.12886473696786538
2018-12-31T06:00:00.0,2018-12-31T12:00:00.0,12,0.0,1,0.0,0.0,0.01,0.12886473696786538
2018-12-31T07:00:00.0,2018-12-31T13:00:00.0,13,181.6142576,0,0.0,0.0,0.99,0.12886473696786538
2018-12-31T08:00:00.0,2018-12-31T14:00:00.0,14,8236.182912,0,7135.030916,8042.389415,1.0,41232.066033415496
2018-12-31T09:00:00.0,2018-12-31T15:00:00.0,15,20924.20985,1,19049.36928,29185.60136,0.483458378,6.526247180405617e6
2018-12-31T10:00:00.0,2018-12-31T16:00:00.0,16,25785.38661,1,23648.41634,31655.00378,0.313136005,5.103142830307722e6
2018-12-31T11:00:00.0,2018-12-31T17:00:00.0,17,25512.28802,1,23773.1613,31965.47954,0.215319722,5.443209471264005e6
2018-12-31T12:00:00.0,2018-12-31T18:00:00.0,18,25227.20648,1,23508.21382,31924.65076,0.339649768,5.602537675831437e6
2018-12-31T13:00:00.0,2018-12-31T19:00:00.0,19,24990.99036,1,24108.19649,31569.18979,0.079960945,5.1203267446786165e6
2018-12-31T14:00:00.0,2018-12-31T20:00:00.0,20,25464.12889,1,22789.9983,32950.75964,0.288226063,8.612275556787133e6
2018-12-31T15:00:00.0,2018-12-31T21:00:00.0,21,25416.72089,1,21746.08852,30726.91355,0.433361871,8.115858388653517e6
2018-12-31T16:00:00.0,2018-12-31T22:00:00.0,22,18209.2527,1,12489.83316,24193.29971,0.326687633,1.1615896182432652e7
2018-12-31T17:00:00.0,2018-12-31T23:00:00.0,23,4004.239499,1,1692.176778,10806.3248,0.115555211,6.238110419311538e6
